ItemType,ItemName,BrushID,Icon,IconSrc,DisplayName,Value,Rarity,Capacity,MaxStackSize,LootGenMin,LootGenMax
InventoryDefinition_Map,ID_Map_M03_Cave03a,Map.Epic,T_UI_Map_Epic,Smart Brush,Third Cave Location,142,Rarity.Uncommon,,,,
InventoryDefinition_Map,ID_Map_M03_Cave02a,Map.Epic,T_UI_Map_Epic,Smart Brush,Second Cave Location,142,Rarity.Uncommon,,,,
InventoryDefinition_Map,ID_Map_M03_Cave01a,Map.Epic,T_UI_Map_Epic,Smart Brush,First Cave Location,142,Rarity.Uncommon,,,,
InventoryDefinition_Map,ID_Map_Epic_M03_01a_U,Map.Epic,T_UI_Map_Epic,Smart Brush,Sombre Forest Map,142,Rarity.Uncommon,,,,
InventoryDefinition_Map,ID_Map_Epic_M02_01a,Map.Epic,T_UI_Map_Epic,Smart Brush,Jacques Bridge Map,117,Rarity.Uncommon,,,,
InventoryDefinition_Map,ID_Map_Epic_M01_01a_U,Map.Epic,T_UI_Map_Epic,Smart Brush,Sarlat Farm Map,88,Rarity.Uncommon,,,,
InventoryDefinition_Map,ID_Def_Map_Test,Recipe.Epic,T_UI_Item_Recipe_Epic,Smart Brush,Test Map,,,,,,
InventoryDefinition_LoreItem,ID_Lore_Uncommon_Note15,Lore.Epic,T_UI_Lore_Epic,Smart Brush,Easy Slags in Sarlat,58,Rarity.Uncommon,,,,
InventoryDefinition_LoreItem,ID_Lore_Uncommon_Note14,Lore.Epic,T_UI_Lore_Epic,Smart Brush,Handfuls of Buds,58,Rarity.Uncommon,,,,
InventoryDefinition_LoreItem,ID_Lore_Uncommon_Note13,Lore.Epic,T_UI_Lore_Epic,Smart Brush,Apprentice Materials,60,Rarity.Uncommon,,,,
InventoryDefinition_LoreItem,ID_Lore_Uncommon_Note12,Lore.Epic,T_UI_Lore_Epic,Smart Brush,Cloves For Oil,57,Rarity.Uncommon,,,,
InventoryDefinition_LoreItem,ID_Lore_Uncommon_Note11,Lore.Epic,T_UI_Lore_Epic,Smart Brush,And Rosemary Too,56,Rarity.Uncommon,,,,
InventoryDefinition_LoreItem,ID_Lore_Uncommon_Note10,Lore.Epic,T_UI_Lore_Epic,Smart Brush,Flax Along the Rivers,53,Rarity.Uncommon,,,,
InventoryDefinition_LoreItem,ID_Lore_Uncommon_Note09,Lore.Epic,T_UI_Lore_Epic,Smart Brush,Copper Deposits near Jacques Bridge,55,Rarity.Uncommon,,,,
InventoryDefinition_LoreItem,ID_Lore_Uncommon_Note08,Lore.Epic,T_UI_Lore_Epic,Smart Brush,Grotesquerie - Cherub,55,Rarity.Uncommon,,,,
InventoryDefinition_LoreItem,ID_Lore_Uncommon_Note07,Lore.Epic,T_UI_Lore_Epic,Smart Brush,Grotesquerie - Dreg,55,Rarity.Uncommon,,,,
InventoryDefinition_LoreItem,ID_Lore_Uncommon_Note06,Lore.Epic,T_UI_Lore_Epic,Smart Brush,Grotesquerie - Waif,55,Rarity.Uncommon,,,,
InventoryDefinition_LoreItem,ID_Lore_Uncommon_Note05,Lore.Epic,T_UI_Lore_Epic,Smart Brush,Accursed Clout,55,Rarity.Uncommon,,,,
InventoryDefinition_LoreItem,ID_Lore_Uncommon_Note04,Lore.Epic,T_UI_Lore_Epic,Smart Brush,Poor Grandpapa,44,Rarity.Uncommon,,,,
InventoryDefinition_LoreItem,ID_Lore_Uncommon_Note03_U,Lore.Epic,T_UI_Lore_Epic,Smart Brush,The Stone Shield,72,Rarity.Uncommon,,,,
InventoryDefinition_LoreItem,ID_Lore_Uncommon_Note02,Lore.Epic,T_UI_Lore_Epic,Smart Brush,The Torturer's Apology,59,Rarity.Uncommon,,,,
InventoryDefinition_LoreItem,ID_Lore_Uncommon_Note01,Lore.Epic,T_UI_Lore_Epic,Smart Brush,"Verily, Shake It",67,Rarity.Uncommon,,,,
InventoryDefinition_LoreItem,ID_Lore_Rare_Note13,Lore.Epic,T_UI_Lore_Epic,Smart Brush,Annette's Letter,8,Rarity.Rare,,,,
InventoryDefinition_LoreItem,ID_Lore_Rare_Note12,Lore.Epic,T_UI_Lore_Epic,Smart Brush,Sarlat's Whale,161,Rarity.Rare,,,,
InventoryDefinition_LoreItem,ID_Lore_Rare_Note11,Lore.Epic,T_UI_Lore_Epic,Smart Brush,The Company of One Dutchman,255,Rarity.Rare,,,,
InventoryDefinition_LoreItem,ID_Lore_Rare_Note10,Lore.Epic,T_UI_Lore_Epic,Smart Brush,Crises of Faith,159,Rarity.Rare,,,,
InventoryDefinition_LoreItem,ID_Lore_Rare_Note09,Lore.Epic,T_UI_Lore_Epic,Smart Brush,Reflections on Riflemen,162,Rarity.Rare,,,,
InventoryDefinition_LoreItem,ID_Lore_Rare_Note08,Lore.Epic,T_UI_Lore_Epic,Smart Brush,Grotesquerie - Bloat,188,Rarity.Rare,,,,
InventoryDefinition_LoreItem,ID_Lore_Rare_Note07,Lore.Epic,T_UI_Lore_Epic,Smart Brush,Waterlogged Note,151,Rarity.Rare,,,,
InventoryDefinition_LoreItem,ID_Lore_Rare_Note06_U,Lore.Epic,T_UI_Lore_Epic,Smart Brush,The Musings Of A Weaponsmith,111,Rarity.Rare,,,,
InventoryDefinition_LoreItem,ID_Lore_Rare_Note05_U,Lore.Epic,T_UI_Lore_Epic,Smart Brush,Examinations of the Shambler,191,Rarity.Rare,,,,
InventoryDefinition_LoreItem,ID_Lore_Rare_Note04_U,Lore.Epic,T_UI_Lore_Epic,Smart Brush,Concerning Father Marais,144,Rarity.Rare,,,,
InventoryDefinition_LoreItem,ID_Lore_Rare_Note03_U,Lore.Epic,T_UI_Lore_Epic,Smart Brush,A Piece of Paris,183,Rarity.Rare,,,,
InventoryDefinition_LoreItem,ID_Lore_Rare_Note02_U,Lore.Epic,T_UI_Lore_Epic,Smart Brush,A Soldier's Goodbye,154,Rarity.Rare,,,,
InventoryDefinition_LoreItem,ID_Lore_Rare_Note01,Lore.Epic,T_UI_Lore_Epic,Smart Brush,A Successful Defence,124,Rarity.Rare,,,,
InventoryDefinition_LoreItem,ID_Lore_Rare_FrancoisDiary,Lore.Epic,T_UI_Lore_Epic,Smart Brush,Filthy François' Secret Diary,111,Rarity.Rare,,,,
InventoryDefinition_LoreItem,ID_Lore_Legendary_Note02,Lore.Epic,T_UI_Lore_Epic,Smart Brush,The Erosion of Conscience,2111,Rarity.Legendary,,,,
InventoryDefinition_LoreItem,ID_Lore_Legendary_Note01,Lore.Epic,T_UI_Lore_Epic,Smart Brush,An Almanac of the World After the End,2111,Rarity.Legendary,,,,
InventoryDefinition_LoreItem,ID_Lore_Epic_Note15,Lore.Epic,T_UI_Lore_Epic,Smart Brush,Valon Marsh,512,Rarity.Epic,,,,
InventoryDefinition_LoreItem,ID_Lore_Epic_Note14,Lore.Epic,T_UI_Lore_Epic,Smart Brush,The Treaty,512,Rarity.Epic,,,,
InventoryDefinition_LoreItem,ID_Lore_Epic_Note13,Lore.Epic,T_UI_Lore_Epic,Smart Brush,Fargot's Hiding Place,4185,Rarity.Epic,,,,
InventoryDefinition_LoreItem,ID_Lore_Epic_Note12,Lore.Epic,T_UI_Lore_Epic,Smart Brush,The Bacterium Takes Hold,7412,Rarity.Epic,,,,
InventoryDefinition_LoreItem,ID_Lore_Epic_Note11,Lore.Epic,T_UI_Lore_Epic,Smart Brush,Origins and Spread of the Bacterium,5955,Rarity.Epic,,,,
InventoryDefinition_LoreItem,ID_Lore_Epic_Note10,Lore.Epic,T_UI_Lore_Epic,Smart Brush,The Green Ghost,9151,Rarity.Epic,,,,
InventoryDefinition_LoreItem,ID_Lore_Epic_Note09_JacquesBridgeTowerArmoury,Lore.Epic,T_UI_Lore_Epic,Smart Brush,Recovered Note - Jacques Bridge Tower Armoury,8884,Rarity.Epic,,,,
InventoryDefinition_LoreItem,ID_Lore_Epic_Note08_U,Lore.Epic,T_UI_Lore_Epic,Smart Brush,My Dearest Marion,3184,Rarity.Epic,,,,
InventoryDefinition_LoreItem,ID_Lore_Epic_Note07_U,Lore.Epic,T_UI_Lore_Epic,Smart Brush,Marion's Final Note,6495,Rarity.Epic,,,,
InventoryDefinition_LoreItem,ID_Lore_Epic_Note06_U,Lore.Epic,T_UI_Lore_Epic,Smart Brush,Pitchskin,7439,Rarity.Epic,,,,
InventoryDefinition_LoreItem,ID_Lore_Epic_Note05_U,Lore.Epic,T_UI_Lore_Epic,Smart Brush,Experiment Eighteen,5781,Rarity.Epic,,,,
InventoryDefinition_LoreItem,ID_Lore_Epic_Note04,Lore.Epic,T_UI_Lore_Epic,Smart Brush,The Erosion of Conscience,6233,Rarity.Epic,,,,
InventoryDefinition_LoreItem,ID_Lore_Epic_Note03,Lore.Epic,T_UI_Lore_Epic,Smart Brush,Rider's Dispatch Number 46,5128,Rarity.Epic,,,,
InventoryDefinition_LoreItem,ID_Lore_Epic_Note02,Lore.Epic,T_UI_Lore_Epic,Smart Brush,The Bergerac Letter,4444,Rarity.Epic,,,,
InventoryDefinition_LoreItem,ID_Lore_Epic_Note01,Lore.Epic,T_UI_Lore_Epic,Smart Brush,The Lefèvre Findings,6751,Rarity.Epic,,,,
InventoryDefinition_LoreItem,ID_Lore_Common_ReynauldBP07EtienneLogbook_Note1,Lore.Epic,T_UI_Lore_Epic,Smart Brush,Etienne's Logbook,26,,,,,
InventoryDefinition_LoreItem,ID_Lore_Common_ReynauldBP06Decree_Note1,Lore.Epic,T_UI_Lore_Epic,Smart Brush,Decree of Condemnation and Confiscation,26,,,,,
InventoryDefinition_LoreItem,ID_Lore_Common_ReynauldBP06AmbroseDiary_Note2,Lore.Epic,T_UI_Lore_Epic,Smart Brush,Ambrose's Diary,35,,,,,
InventoryDefinition_LoreItem,ID_Lore_Common_ReynauldBP04EtiennesLastNote_Note1,Lore.Epic,T_UI_Lore_Epic,Smart Brush,Etienne’s Last Words,26,,,,,
InventoryDefinition_LoreItem,ID_Lore_Common_ReynauldBP03DispatchRider_Note1,Lore.Epic,T_UI_Lore_Epic,Smart Brush,Report of the Voltigeur,26,,,,,
InventoryDefinition_LoreItem,ID_Lore_Common_Note15,Lore.Epic,T_UI_Lore_Epic,Smart Brush,Dear Mr Prosper,31,Rarity.Uncommon,,,,
InventoryDefinition_LoreItem,ID_Lore_Common_Note14,Lore.Epic,T_UI_Lore_Epic,Smart Brush,Fondling Bulbs,25,Rarity.Uncommon,,,,
InventoryDefinition_LoreItem,ID_Lore_Common_Note13,Lore.Epic,T_UI_Lore_Epic,Smart Brush,Gathering Garlic,23,Rarity.Uncommon,,,,
InventoryDefinition_LoreItem,ID_Lore_Common_Note12,Lore.Epic,T_UI_Lore_Epic,Smart Brush,Lavender For Elodie,18,Rarity.Uncommon,,,,
InventoryDefinition_LoreItem,ID_Lore_Common_Note11,Lore.Epic,T_UI_Lore_Epic,Smart Brush,Growth of Burlap on the Marette River,28,Rarity.Uncommon,,,,
InventoryDefinition_LoreItem,ID_Lore_Common_Note10,Lore.Epic,T_UI_Lore_Epic,Smart Brush,Lead Discovered Near Jacques Bridge,26,Rarity.Uncommon,,,,
InventoryDefinition_LoreItem,ID_Lore_Common_Note09,Lore.Epic,T_UI_Lore_Epic,Smart Brush,Copper in the Sombre Forest Region,27,Rarity.Uncommon,,,,
InventoryDefinition_LoreItem,ID_Lore_Common_Note08,Lore.Epic,T_UI_Lore_Epic,Smart Brush,A Miner’s Guide to Lead: Sombre Forest,25,,,,,
InventoryDefinition_LoreItem,ID_Lore_Common_Note07,Lore.Epic,T_UI_Lore_Epic,Smart Brush,Ducrocq’s Folly,32,,,,,
InventoryDefinition_LoreItem,ID_Lore_Common_Note06,Lore.Epic,T_UI_Lore_Epic,Smart Brush,Packing List,8,,,,,
InventoryDefinition_LoreItem,ID_Lore_Common_Note05,Lore.Epic,T_UI_Lore_Epic,Smart Brush,Farmhands Wanted,9,,,,,
InventoryDefinition_LoreItem,ID_Lore_Common_Note04,Lore.Epic,T_UI_Lore_Epic,Smart Brush,Cutter's Note,13,,,,,
InventoryDefinition_LoreItem,ID_Lore_Common_Note03,Lore.Epic,T_UI_Lore_Epic,Smart Brush,Ode to Broussard,17,,,,,
InventoryDefinition_LoreItem,ID_Lore_Common_Note02,Lore.Epic,T_UI_Lore_Epic,Smart Brush,Recipe for Cider,28,,,,,
InventoryDefinition_LoreItem,ID_Lore_Common_Note01,Lore.Epic,T_UI_Lore_Epic,Smart Brush,Recipe for Sweetbreads,22,,,,,
InventoryDefinition_LoreItem,ID_Lore_Common_Marion_Note2,Lore.Epic,T_UI_Lore_Epic,Smart Brush,Going For Help,22,,,,,
InventoryDefinition_LoreItem,ID_Lore_Common_Marion_Note1,Lore.Epic,T_UI_Lore_Epic,Smart Brush,For Louis,15,,,,,
InventoryDefinition_Key,ID_Key_U_Undercroft,Key.Unique.Gold,T_UI_Item_Key_Unique_Gold,Smart Brush,Undercroft Key,8335,Rarity.Epic,,,,
InventoryDefinition_Key,ID_Key_U_ThePit,Key.Unique.Gold,T_UI_Item_Key_Unique_Gold,Smart Brush,The Pit Key,8152,Rarity.Epic,,,,
InventoryDefinition_Key,ID_Key_U_JacquesKey,Key.Unique.Gold,T_UI_Item_Key_Unique_Gold,Smart Brush,Bloodroom Key,10199,Rarity.Legendary,,,,
InventoryDefinition_Key,ID_Key_U_JacquesFolly,Key.Unique.Gold,T_UI_Item_Key_Unique_Gold,Smart Brush,Jacques Folly Key,8212,Rarity.Epic,,,,
InventoryDefinition_Key,ID_Key_U_FerrousKey,Key.Unique.Gold,T_UI_Item_Key_Unique_Gold,Smart Brush,Fury’s Gate Key,10208,Rarity.Legendary,,,,
InventoryDefinition_Key,ID_Key_U_CellarChevalierRemise,Key.Unique.Bronze,T_UI_Item_Key_Unique_Bronze,Smart Brush,Cellar Key of Chevalier's Remise,18,Rarity.Uncommon,,,,
InventoryDefinition_Key,ID_Key_U_Bloodbox,Key.Bloodbox,T_UI_Item_Key_Unique_Bloodbox,Smart Brush,Bloodbox Key,8335,Rarity.Legendary,,,,
InventoryDefinition_Key,ID_Key_U_BishopsCrypt,Key.BishopsCrypt,T_UI_Item_Key_Unique_BishopsCrypt,Smart Brush,Bishop's Crypt Key,8335,Rarity.Legendary,,,,
InventoryDefinition_Key,ID_Key_U_AmbrosesTithe,Key.AmbrosesTithe,T_UI_Item_Key_Unique_AmbrosesTithe,Smart Brush,Ambrose’s Tithe Key,8335,Rarity.Legendary,,,,
InventoryDefinition_Key,ID_Key_U_AbbottKey,Key.Unique.Gold,T_UI_Item_Key_Unique_Gold,Smart Brush,Abbot's Cloister Key,10251,Rarity.Legendary,,,,
InventoryDefinition_Key,ID_Key_Silver,Key.Silver,T_UI_Item_Key_Silver,Smart Brush,Silver Key,1260,Rarity.Rare,,5,,
InventoryDefinition_Key,ID_Key_Gold,Key.Gold,T_UI_Item_Key_Gold,Smart Brush,Gold Key,2560,Rarity.Epic,,5,,
InventoryDefinition_Key,ID_Key_Bronze,Key.Bronze,T_UI_Item_Key_Bronze,Smart Brush,Bronze Key,460,Rarity.Uncommon,,5,,
InventoryDefinition_Equipment,ID_Weapon_Shield02,,,,Dagger,,,,,,
InventoryDefinition_Equipment,ID_Weapon_Shield01,,,,Dagger,,,,,,
InventoryDefinition_Equipment,ID_Weapon_Grenade_Smoke,Weapon.Name.Throw.Grenade.Smoke,T_UI_Item_GrenadeSmoke,Smart Brush,Smoke Grenade,,,,,,
InventoryDefinition_Equipment,ID_Weapon_Grenade_Poison,Weapon.Name.Throw.Grenade.Poison,T_UI_Item_GrenadePoison,Smart Brush,Noxious Grenade,,,,,,
InventoryDefinition_Equipment,ID_Weapon_Grenade_Magnesium,Weapon.Name.Throw.Grenade.HE,T_UI_Item_GrenadeCeramic,Smart Brush,Magnesium Grenade,,,,,,
InventoryDefinition_Equipment,ID_Weapon_Grenade_HE,Weapon.Name.Throw.Grenade.HE,T_UI_Item_GrenadeCeramic,Smart Brush,Ceramic Grenade,,,,,,
InventoryDefinition_Equipment,ID_Weapon_Grenade_Glass,Weapon.Name.Throw.Grenade.Glass,T_UI_Item_GrenadeGlass,Smart Brush,Glass Grenade,,,,,,
InventoryDefinition_Equipment,ID_Weapon_Grenade_Fire,Weapon.Name.Throw.Grenade.Fire,T_UI_Item_GrenadeFire,Smart Brush,Incendie Grenade,,,,,,
InventoryDefinition_Equipment,ID_Weap_2HMelee_Uncommon01,Weapon.Name.Melee.Longsword,T_UI_Item_Longsword,Smart Brush,Longsword,525,Rarity.Uncommon,,,,
InventoryDefinition_Equipment,ID_Weap_2HMelee_Rare02,Weapon.Name.Melee.WarAxe,T_UI_Item_WarAxe,Smart Brush,War Axe,1000,Rarity.Rare,,,,
InventoryDefinition_Equipment,ID_Weap_2HMelee_Rare01,Weapon.Name.Melee.Spear,T_UI_Item_Spear,Smart Brush,Spear,920,Rarity.Rare,,,,
InventoryDefinition_Equipment,ID_Weap_2HMelee_Legendary02,Weapon.Name.Melee.Zweihaender,T_UI_Item_Zweihaender,Smart Brush,Zweihander,38000,Rarity.Legendary,,,,
InventoryDefinition_Equipment,ID_Weap_2HMelee_Legendary01,,,,Duelling Katars,,Rarity.Legendary,,,,
InventoryDefinition_Equipment,ID_Weap_2HMelee_Epic02,Weapon.Name.Melee.Halberd,T_UI_Item_Halberd,Smart Brush,Halberd,4800,Rarity.Epic,,,,
InventoryDefinition_Equipment,ID_Weap_2HMelee_Epic01,,,,Kapitel,,Rarity.Epic,,,,
InventoryDefinition_Equipment,ID_Weap_2HMelee_Common01,Weapon.Name.Melee.Club,T_UI_Item_Club,Smart Brush,Club,248,,,,,
InventoryDefinition_Equipment,ID_Weap_1HMelee_Uncommon02,Weapon.Name.Melee.Mace,T_UI_Item_Mace,Smart Brush,Mace,324,Rarity.Uncommon,,,,
InventoryDefinition_Equipment,ID_Weap_1HMelee_Uncommon01,Weapon.Name.Melee.Shortsword,T_UI_Item_ShortSword,Smart Brush,Short Sword,296,Rarity.Uncommon,,,,
InventoryDefinition_Equipment,ID_Weap_1HMelee_Rare04,,,,Flintlock Mace,,Rarity.Rare,,,,
InventoryDefinition_Equipment,ID_Weap_1HMelee_Rare03,,,,Morning Star,685,Rarity.Rare,,,,
InventoryDefinition_Equipment,ID_Weap_1HMelee_Rare02,Weapon.Name.Melee.Axe,T_UI_Item_Axe,Smart Brush,Axe,650,Rarity.Rare,,,,
InventoryDefinition_Equipment,ID_Weap_1HMelee_Rare01,Weapon.Name.Melee.Rapier,T_UI_Item_Rapier,Smart Brush,Rapier,600,Rarity.Rare,,,,
InventoryDefinition_Equipment,ID_Weap_1HMelee_Legendary02,,,,Katar,24000,Rarity.Legendary,,,,
InventoryDefinition_Equipment,ID_Weap_1HMelee_Legendary01,Weapon.Name.Melee.BarkingIron,T_UI_Item_BarkingIron,Smart Brush,Barking Iron,33250,Rarity.Legendary,,,,
InventoryDefinition_Equipment,ID_Weap_1HMelee_Epic03,,,,Sceptre,,Rarity.Epic,,,,
InventoryDefinition_Equipment,ID_Weap_1HMelee_Epic02,,,,Flintlock Axe,,Rarity.Epic,,,,
InventoryDefinition_Equipment,ID_Weap_1HMelee_Epic01,Weapon.Name.Melee.Saber,T_UI_Item_Saber,Smart Brush,Sabre,3800,Rarity.Epic,,,,
InventoryDefinition_Equipment,ID_Weap_1HMelee_Common02,Weapon.Name.Melee.Pricker,T_UI_Item_Pricker,Smart Brush,Pricker,1,,,,,
InventoryDefinition_Equipment,ID_Weap_1HMelee_Common01,Weapon.Name.Melee.Dagger,T_UI_Item_Dagger,Smart Brush,Dagger,94,,,,,
InventoryDefinition_Equipment,ID_Med_Antidote_Medium,Antidote.Medium,T_UI_Item_MediumAntidote,Smart Brush,Robust Antidote,690,Rarity.Rare,,5,,
InventoryDefinition_Equipment,ID_Med_Antidote_Light,Antidote.Light,T_UI_Item_WeakAntidote,Smart Brush,Weak Antidote,178,Rarity.Uncommon,,5,,
InventoryDefinition_Equipment,ID_Med_Antidote_Heavy,Antidote.Heavy,T_UI_Item_HeavyAntidote,Smart Brush,Mother’s Blood,4100,Rarity.Epic,,5,,
InventoryDefinition_DataItem,ID_Uncommon_WalnutHusk,Resource.WalnutHusk,T_UI_Item_WalnutHusk,Smart Brush,Walnut Husk,57,Rarity.Uncommon,,10,,7
InventoryDefinition_DataItem,ID_Uncommon_VotiveCandle,Resource.VotiveCandle,T_UI_Item_VotiveCandle,Smart Brush,Votive Candle,1,Rarity.Uncommon,,1,,
InventoryDefinition_DataItem,ID_Uncommon_ToyDoll,Resource.ToyDoll,T_UI_Item_ToyDoll,Smart Brush,Toy Doll,172,Rarity.Uncommon,,5,,
InventoryDefinition_DataItem,ID_Uncommon_TitheLedgerofProvisions,Resource.TitheLedger,T_UI_Item_TitheLedger,Smart Brush,"Natural History, General and Particular - Buffon",1,Rarity.Uncommon,,1,,
InventoryDefinition_DataItem,ID_Uncommon_TentPeg,Resource.TentPeg,T_UI_Item_TentPeg,Smart Brush,Tent Peg,38,Rarity.Uncommon,,5,,
InventoryDefinition_DataItem,ID_Uncommon_TarnishedSpoon,Resource.TarnishedSpoon,T_UI_Item_TarnishedSpoon,Smart Brush,Tarnished Spoon,33,Rarity.Uncommon,,5,,
InventoryDefinition_DataItem,ID_Uncommon_TannedHide,Resource.TannedHide,T_UI_Item_TannedHide,Smart Brush,Tanned Hide,26,Rarity.Uncommon,,5,,5
InventoryDefinition_DataItem,ID_Uncommon_SturdyAxeHandle,Resource.SturdyAxeHandle,T_UI_Item_SturdyAxeHandle,Smart Brush,Sturdy Axe Handle,48,Rarity.Rare,,5,,3
InventoryDefinition_DataItem,ID_Uncommon_SilverCandleHolder,Resource.CandleHandle,T_UI_Item_CandleHandle,Smart Brush,Silver Candleholder,30,Rarity.Uncommon,,5,,
InventoryDefinition_DataItem,ID_Uncommon_SawmillReport,Resource.SawmillReport,T_UI_Item_SawmillReport,Smart Brush,Course in Civil Architecture - Rondelet,1,Rarity.Uncommon,,1,,
InventoryDefinition_DataItem,ID_Uncommon_RustySear,Resource.RustySear,T_UI_Item_RustySear,Smart Brush,Rusty Sear,213,Rarity.Uncommon,,20,,
InventoryDefinition_DataItem,ID_Uncommon_Rottenstone,Resource.Rottenstone,T_UI_Item_Rottenstone,Smart Brush,Rottenstone,49,Rarity.Uncommon,,10,,5
InventoryDefinition_DataItem,ID_Uncommon_ReinforcedGarter,Resource.ReinforcedGarter,T_UI_Item_ReinforcedGarter,Smart Brush,Reinforced Garter,16,Rarity.Uncommon,,5,,
InventoryDefinition_DataItem,ID_Uncommon_RedRibbon,Resource.RedRibbon,T_UI_Item_RedRibbon,Smart Brush,Red Ribbon,1,Rarity.Uncommon,,1,,
InventoryDefinition_DataItem,ID_Uncommon_RedOchre,Resource.RedOchre,T_UI_Item_RedOchre,Smart Brush,Red Ochre,110,Rarity.Uncommon,,20,,3
InventoryDefinition_DataItem,ID_Uncommon_RamsHorn,Resource.RamsHorn,T_UI_Item_RamsHorn,Smart Brush,Ram’s Horn,71,Rarity.Uncommon,,10,,2
InventoryDefinition_DataItem,ID_Uncommon_QuarantineDiary,Resource.MortuaryRecord,T_UI_Item_MortuaryRecord,Smart Brush,Codex Medicamentarius,1,Rarity.Uncommon,,1,,
InventoryDefinition_DataItem,ID_Uncommon_PreservedHand,Resource.PreservedHand,T_UI_Item_PreservedHand,Smart Brush,Preserved Hand,1,Rarity.Uncommon,,1,,
InventoryDefinition_DataItem,ID_Uncommon_PreciousBox,Resource.PreciousBox,T_UI_Item_PreciousBox,Smart Brush,Precious Box,141,Rarity.Uncommon,,3,,
InventoryDefinition_DataItem,ID_Uncommon_PowderTin,Resource.PowderTin,T_UI_Item_PowderTin,Smart Brush,Powder Tin,42,Rarity.Uncommon,,5,,
InventoryDefinition_DataItem,ID_Uncommon_Pitch,Resource.Pitch,T_UI_Item_Pitch,Smart Brush,Pitch,60,Rarity.Uncommon,,10,,7
InventoryDefinition_DataItem,ID_Uncommon_PirosLens,Resource.PirosLens,T_UI_Item_PirosLens,Smart Brush,Piro's Lens,1,Rarity.Uncommon,,1,,
InventoryDefinition_DataItem,ID_Uncommon_PineRosin,Resource.PineRosin,T_UI_Item_PineRosin,Smart Brush,Pine Rosin,53,Rarity.Uncommon,,20,,5
InventoryDefinition_DataItem,ID_Uncommon_Pewterhead,Resource.Pewterhead,T_UI_Item_Pewterhead,Smart Brush,Pewterhead,58,Rarity.Uncommon,,5,,3
InventoryDefinition_DataItem,ID_Uncommon_PewterBowl,Resource.Pewter.Bowl,T_UI_Item_PewterBowl,Smart Brush,Pewter Bowl,22,Rarity.Uncommon,,5,,
InventoryDefinition_DataItem,ID_Uncommon_MothersLocket,Resource.LouisMothersLocket,T_UI_Item_LouisMothersLocket,Smart Brush,Louis' Mother's Locket,1,Rarity.Uncommon,,1,,
InventoryDefinition_DataItem,ID_Uncommon_MortuaryRecord,Resource.MortuaryRecord,T_UI_Item_MortuaryRecord,Smart Brush,Codex Medicamentarius,1,Rarity.Uncommon,,1,,
InventoryDefinition_DataItem,ID_Uncommon_MadderRoot,Resource.MadderRoot,T_UI_Item_MadderRoot,Smart Brush,Madder Root,71,Rarity.Uncommon,,10,,4
InventoryDefinition_DataItem,ID_Uncommon_M03WaterSample,Resource.M03WaterSample,T_UI_Item_PiroWaterSample,Smart Brush,Sombre Forest Spring Sample,1,Rarity.Uncommon,,1,,
InventoryDefinition_DataItem,ID_Uncommon_M02WaterSample,Resource.M02WaterSample,T_UI_Item_PiroWaterSample,Smart Brush,Jacques Bridge Spring Sample,1,Rarity.Uncommon,,1,,
InventoryDefinition_DataItem,ID_Uncommon_M01WaterSample,Resource.M01WaterSample,T_UI_Item_PiroWaterSample,Smart Brush,Sarlat Farm Spring Sample,1,Rarity.Uncommon,,1,,
InventoryDefinition_DataItem,ID_Uncommon_LyeCrumble,Resource.LyeCrumble,T_UI_Item_LyeCrumble,Smart Brush,Lye Crumble,67,Rarity.Uncommon,,10,,6
InventoryDefinition_DataItem,ID_Uncommon_LouisFathersRing,Resource.LouisFathersRing,T_UI_Item_LouisFathersRing,Smart Brush,Family Ring,1,Rarity.Uncommon,,1,,
InventoryDefinition_DataItem,ID_Uncommon_LodestoneSlag,Resource.LodestoneSlag,T_UI_Item_LodestoneSlag,Smart Brush,Lodestone Slag,38,Rarity.Uncommon,,10,,7
InventoryDefinition_DataItem,ID_Uncommon_LinseedOil,Resource.LinseedOil,T_UI_Item_LinseedOil,Smart Brush,Linseed Oil,33,Rarity.Uncommon,,10,,7
InventoryDefinition_DataItem,ID_Uncommon_Linen,Resource.Linen,T_UI_Item_Linen,Smart Brush,Linen,14,Rarity.Uncommon,,10,2,7
InventoryDefinition_DataItem,ID_Uncommon_LimeSlag,Resource.LimeSlag,T_UI_Item_LimeSlag,Smart Brush,Lime Slag,72,Rarity.Uncommon,,10,,5
InventoryDefinition_DataItem,ID_Uncommon_LeatherBoots,Inventory.Leather.Boots,T_UI_Item_LeatherBoots,Smart Brush,Marching Boots,22,Rarity.Uncommon,,3,,
InventoryDefinition_DataItem,ID_Uncommon_Lambgut,Resource.Lambgut,T_UI_Item_Lambgut,Smart Brush,Lambgut,63,Rarity.Uncommon,,20,,4
InventoryDefinition_DataItem,ID_Uncommon_IronFile,Resource.IronFile,T_UI_Item_IronFile,Smart Brush,Iron File,61,Rarity.Uncommon,,5,,
InventoryDefinition_DataItem,ID_Uncommon_IntactLeatherGasket,Resource.IntactLeatherGasket,T_UI_Item_IntactLeatherGasket,Smart Brush,Intact Leather Gasket,48,Rarity.Uncommon,,5,,5
InventoryDefinition_DataItem,ID_Uncommon_IndigoFlakes,Resource.IndigoFlake,T_UI_Item_IndigoFlakes,Smart Brush,Indigo Flakes,59,Rarity.Uncommon,,20,,6
InventoryDefinition_DataItem,ID_Uncommon_GristleWax,Resource.GristleWax,T_UI_Item_GristleWax,Smart Brush,Gristle Wax,37,Rarity.Uncommon,,10,,5
InventoryDefinition_DataItem,ID_Uncommon_GrapeMust,Resource.GrapeMust,T_UI_Item_GrapeMust,Smart Brush,Grape Must,77,Rarity.Uncommon,,20,,6
InventoryDefinition_DataItem,ID_Uncommon_GrainRecord,Resource.GrainRecord,T_UI_Item_GrainRecord,Smart Brush,Course in Agriculture - Rozier,1,Rarity.Uncommon,,1,,
InventoryDefinition_DataItem,ID_Uncommon_FortificationBlueprint,Resource.FortificationBlueprint,T_UI_Item_FortificationBlueprint,Smart Brush,The Spirit of the Laws - Montesquieu,1,Rarity.Uncommon,,1,,
InventoryDefinition_DataItem,ID_Uncommon_ForgedTriggerArm,Resource.ForgedTriggerArm,T_UI_Item_ForgedTriggerArm,Smart Brush,Tempered Trigger Arm,213,Rarity.Uncommon,,20,,
InventoryDefinition_DataItem,ID_Uncommon_FineSand,Resource.FineSand,T_UI_Item_CoarseSand2,Smart Brush,Fine Sand,14,Rarity.Uncommon,,20,,7
InventoryDefinition_DataItem,ID_Uncommon_Feverfew,Resource.Feverfew,T_UI_Item_Feverfew,Smart Brush,Feverfew,55,Rarity.Uncommon,,20,,5
InventoryDefinition_DataItem,ID_Uncommon_Ferrite,Resource.Ferrite,T_UI_Item_Ferrite,Smart Brush,Ferrite,84,Rarity.Uncommon,,20,,4
InventoryDefinition_DataItem,ID_Uncommon_FantinesHandkerchief,Resource.LouisHandkerchief,T_UI_Item_FantinesHandkerchief,Smart Brush,Fantine's Handkerchief,1,Rarity.Uncommon,,1,,
InventoryDefinition_DataItem,ID_Uncommon_FamilyRegister,Resource.FamilyRegister,T_UI_Item_FamilyRegister,Smart Brush,Census of 1806,1,Rarity.Uncommon,,1,,
InventoryDefinition_DataItem,ID_Uncommon_DistilledWater,Resource.DistilledWater,T_UI_Item_DistilledWater,Smart Brush,Distilled Water,8,Rarity.Uncommon,,20,,10
InventoryDefinition_DataItem,ID_Uncommon_DeMolayDiary,Resource.QuarantineDiaryPiro,T_UI_Item_TitheLedger,Smart Brush,De Molay’s Diary,1,Rarity.Uncommon,,1,,
InventoryDefinition_DataItem,ID_Uncommon_DankTobacco,Resource.DankTobacco,T_UI_Item_DankTobacco,Smart Brush,Dank Tobacco,18,Rarity.Uncommon,,20,,4
InventoryDefinition_DataItem,ID_Uncommon_CrispCarrot,Resource.CrispCarrot,T_UI_Item_CrispCarrot,Smart Brush,Crisp Carrot,19,Rarity.Uncommon,,10,,5
InventoryDefinition_DataItem,ID_Uncommon_CopperOre,Resource.Copper.Ore,T_UI_Item_CopperOre,Smart Brush,Copper Ore,15,Rarity.Uncommon,,10,2,7
InventoryDefinition_DataItem,ID_Uncommon_CopperBar,Resource.Copper.Bar,T_UI_Item_CopperBar,Smart Brush,Copper Bar,32,Rarity.Uncommon,,20,,4
InventoryDefinition_DataItem,ID_Uncommon_CoatToggle,Resource.CoatToggle,T_UI_Item_CoatToggle,Smart Brush,Coat Toggle,27,Rarity.Uncommon,,5,,
InventoryDefinition_DataItem,ID_Uncommon_ChristianDoctrine,Resource.ChristianDoctrine,T_UI_Item_ChristianDoctrine,Smart Brush,"Catechisme of Christian Doctrine, 1567",1,Rarity.Uncommon,,1,,
InventoryDefinition_DataItem,ID_Uncommon_Charcoal,Resource.Charcoal,T_UI_Item_Charcoal,Smart Brush,Charcoal,23,Rarity.Uncommon,,20,,8
InventoryDefinition_DataItem,ID_Uncommon_BrinedFlesh,Resource.BrinedFlesh,T_UI_Item_BrinedFlesh,Smart Brush,Brined Flesh,15,Rarity.Uncommon,,20,,5
InventoryDefinition_DataItem,ID_Uncommon_BoltOfLinenCloth,Resource.BoltOfLinenCloth,T_UI_Item_BoltOfLinenCloth,Smart Brush,Bolt Of Linen Cloth,30,Rarity.Uncommon,,20,,4
InventoryDefinition_DataItem,ID_Uncommon_BloodSample06,Resource.BloodSample01,T_UI_Item_BloodSample,Smart Brush,Blood Sample Six,1,Rarity.Uncommon,,1,,
InventoryDefinition_DataItem,ID_Uncommon_BloodSample05,Resource.BloodSample01,T_UI_Item_BloodSample,Smart Brush,Blood Sample Five,1,Rarity.Uncommon,,1,,
InventoryDefinition_DataItem,ID_Uncommon_BloodSample04,Resource.BloodSample01,T_UI_Item_BloodSample,Smart Brush,Blood Sample Four,1,Rarity.Uncommon,,1,,
InventoryDefinition_DataItem,ID_Uncommon_BloodSample03,Resource.BloodSample01,T_UI_Item_BloodSample,Smart Brush,Blood Sample Three,1,Rarity.Uncommon,,1,,
InventoryDefinition_DataItem,ID_Uncommon_BloodSample02,Resource.BloodSample01,T_UI_Item_BloodSample,Smart Brush,Blood Sample Two,1,Rarity.Uncommon,,1,,
InventoryDefinition_DataItem,ID_Uncommon_BloodSample01,Resource.BloodSample01,T_UI_Item_BloodSample,Smart Brush,Blood Sample One,1,Rarity.Uncommon,,1,,
InventoryDefinition_DataItem,ID_Uncommon_Bezoar,Resource.Bezoar,T_UI_Item_Bezoar,Smart Brush,Bezoar,105,Rarity.Uncommon,,10,,2
InventoryDefinition_DataItem,ID_Uncommon_BeltStrap,Resource.BeltStrap,T_UI_Item_BeltStrap,Smart Brush,Belt Strap,19,Rarity.Uncommon,,5,,
InventoryDefinition_DataItem,ID_Uncommon_Beeswax,Resource.Beeswax,T_UI_Item_Beeswax,Smart Brush,Beeswax,25,Rarity.Uncommon,,10,,7
InventoryDefinition_DataItem,ID_Uncommon_Amber,Resource.Amber,T_UI_Item_Amber,Smart Brush,Amber,62,Rarity.Uncommon,,10,,5
InventoryDefinition_DataItem,ID_Trophy_Womb,Trophy.WombSlop,T_UI_Trophy_WombSlop,Smart Brush,Womb Slop,50,Rarity.Rare,,5,,
InventoryDefinition_DataItem,ID_Trophy_Waif,Trophy.WaifHead,T_UI_Trophy_WaifHead,Smart Brush,Waif Head,14,Rarity.Uncommon,,5,,
InventoryDefinition_DataItem,ID_Trophy_Shambler,Trophy.ShamblerHand,T_UI_Trophy_ShamblerHand,Smart Brush,Shambler Hand,50,Rarity.Rare,,5,,
InventoryDefinition_DataItem,ID_Trophy_Human,,,,Severed Ear,,,,1,,
InventoryDefinition_DataItem,ID_Trophy_Howler,Trophy.HowlerLung,T_UI_Trophy_HowlerLung,Smart Brush,Howler Lung,50,Rarity.Rare,,5,,
InventoryDefinition_DataItem,ID_Trophy_Dreg,Trophy.DregHead,T_UI_Trophy_DregHead,Smart Brush,Dreg Head,25,Rarity.Uncommon,,5,,
InventoryDefinition_DataItem,ID_Trophy_Cherub,Trophy.CherubCheeks,T_UI_Trophy_CherubCheeks,Smart Brush,Cherub Umbilical,25,Rarity.Uncommon,,5,,
InventoryDefinition_DataItem,ID_Trophy_Brute_Elite,Trophy.BruteElite,T_UI_Trophy_BruteElite,Smart Brush,Pitchskin Foot,10000,Rarity.Epic,,5,,
InventoryDefinition_DataItem,ID_Trophy_Brute,Trophy.BruteFoot,T_UI_Trophy_BruteFoot,Smart Brush,Brute Foot,100,Rarity.Epic,,5,,
InventoryDefinition_DataItem,ID_Trophy_Bloat,Trophy.BloatSpine,T_UI_Trophy_BloatSpine,Smart Brush,Bloat Spine,50,Rarity.Rare,,5,,
InventoryDefinition_DataItem,ID_Trophy_Biter_Elite,Trophy.BiterElite,T_UI_Trophy_BiterElite,Smart Brush,Pale Lady Eye,10000,Rarity.Epic,,5,,
InventoryDefinition_DataItem,ID_Trophy_Biter,Trophy.BiterJaw,T_UI_Trophy_BiterJaw,Smart Brush,Drooler Jaw,100,Rarity.Epic,,5,,
InventoryDefinition_DataItem,ID_Trophy_Ash,Trophy.AshHeart,T_UI_Trophy_AshHeart,Smart Brush,Ash Heart,25,Rarity.Uncommon,,5,,
InventoryDefinition_DataItem,ID_Trinket_Legendary07,,,,Powder of the Old Guard,,Rarity.Legendary,,1,,
InventoryDefinition_DataItem,ID_Trinket_Legendary06,,,,Powder of the Old Guard,,Rarity.Legendary,,1,,
InventoryDefinition_DataItem,ID_Trinket_Legendary05,,,,Vodou Baby,,Rarity.Legendary,,1,,
InventoryDefinition_DataItem,ID_Trinket_Legendary04,,,,The Duke's Dancing Legs,,Rarity.Legendary,,1,,
InventoryDefinition_DataItem,ID_Trinket_Legendary03,,,,Whip of the Flagelanti,,Rarity.Legendary,,1,,
InventoryDefinition_DataItem,ID_Trinket_Legendary02,,,,Apollo's Sands,,Rarity.Legendary,,1,,
InventoryDefinition_DataItem,ID_Trinket_Legendary01,,,,Hand of Glory,,Rarity.Legendary,,1,,
InventoryDefinition_DataItem,ID_Trinket_Common05,,,,Lambskin Treads,,,,1,,
InventoryDefinition_DataItem,ID_Trinket_Common04,,,,Ma,,,,1,,
InventoryDefinition_DataItem,ID_Trinket_Common03,,,,M,,,,1,,
InventoryDefinition_DataItem,ID_Trinket_Common02,,,,Ocular Glass,,,,1,,
InventoryDefinition_DataItem,ID_Trinket_Common01,,,,Marching Canteen,,,,1,,
InventoryDefinition_DataItem,ID_Tools_Rare_Light01,,,,Whale Oil Lantern,,Rarity.Rare,,1,,
InventoryDefinition_DataItem,ID_Tools_Epic_Light01,,,,Mother's Panopticon,,Rarity.Epic,,1,,
InventoryDefinition_DataItem,ID_Tools_Common_Light01,,,,Hanging Candle,,,,1,,
InventoryDefinition_DataItem,ID_Spice_05_Peppercorn,Resource.RawPeppercorn,T_UI_Item_RawPeppercorn,Smart Brush,Raw Peppercorn,321,Rarity.Legendary,,15,5,12
InventoryDefinition_DataItem,ID_Spice_05_MalabarPepper,Resource.MalabarPepper,T_UI_Item_MalabarPepper,Smart Brush,Malabar Pepper,3531,Rarity.Legendary,,30,,6
InventoryDefinition_DataItem,ID_Spice_04_SaffronThreads,Resource.SaffronThreads,T_UI_Item_SaffronThreads,Smart Brush,Saffron Threads,814,Rarity.Epic,,30,,4
InventoryDefinition_DataItem,ID_Spice_04_SaffronFlower,Resource.SaffronFlower,T_UI_Item_SaffronFlower,Smart Brush,Saffron Flower,74,Rarity.Epic,,15,4,10
InventoryDefinition_DataItem,ID_Spice_03_FineCinnamon,Resource.FineCinnamon,T_UI_Item_FineCinnamon,Smart Brush,Fine Cinnamon,194,Rarity.Rare,,30,,4
InventoryDefinition_DataItem,ID_Spice_03_CinnamonBark,Resource.CinnamonBark,T_UI_Item_CinnamonBark,Smart Brush,Cinnamon Bark,18,Rarity.Rare,,15,4,8
InventoryDefinition_DataItem,ID_Spice_02_OilOfClove,Resource.OilOfClove,T_UI_Item_OilOfClove,Smart Brush,Oil of Clove,40,Rarity.Uncommon,,30,,4
InventoryDefinition_DataItem,ID_Spice_02_CloveBud,Resource.CloveBud,T_UI_Item_CloveBud,Smart Brush,Clove Bud,4,Rarity.Uncommon,,15,2,8
InventoryDefinition_DataItem,ID_Spice_01_SourGarlic,Resource.SourGarlic,T_UI_Item_SourGarlic,Smart Brush,Sour Garlic,22,,,30,,3
InventoryDefinition_DataItem,ID_Spice_01_PreservedGinger,Resource.PreservedGinger,T_UI_Item_PreservedGinger,Smart Brush,Preserved Ginger,22,,,30,,3
InventoryDefinition_DataItem,ID_Spice_01_GingerRoot,Resource.GingerRoot,T_UI_Item_GingerRoot,Smart Brush,Root Of Ginger,2,,,15,2,6
InventoryDefinition_DataItem,ID_Spice_01_GarlicBulb,Resource.GarlicBulb,T_UI_Item_GarlicBulb,Smart Brush,Garlic Bulb,2,,,15,2,6
InventoryDefinition_DataItem,ID_Rec_Trinket_Uncommon01,Recipe.Uncommon,T_UI_Item_Recipe_Uncommon,Smart Brush,Marching Canteen,,Rarity.Uncommon,,1,,
InventoryDefinition_DataItem,ID_Rare_Windfall,Resource.Windfall,T_UI_Item_Windfall,Smart Brush,Windfall,72,Rarity.Rare,,20,,8
InventoryDefinition_DataItem,ID_Rare_WillowBark,Resource.WillowBark,T_UI_Item_WillowBark,Smart Brush,Willow Bark,155,Rarity.Rare,,10,,4
InventoryDefinition_DataItem,ID_Rare_WhaleOil,Resource.WhaleOil,T_UI_Item_WhaleOil,Smart Brush,Whale Oil,85,Rarity.Rare,,10,2,7
InventoryDefinition_DataItem,ID_Rare_TornDamask,Resource.TornDamask,T_UI_Item_TornDamask,Smart Brush,Torn Damask,88,Rarity.Rare,,20,,2
InventoryDefinition_DataItem,ID_Rare_SunRipenedHaunch,Resource.SunRipenedHaunch,T_UI_Item_SunRipenedHaunch,Smart Brush,Sun Ripened Haunch,133,Rarity.Rare,,5,,
InventoryDefinition_DataItem,ID_Rare_Steelband,Resource.Steelband,T_UI_Item_Steelband,Smart Brush,Steelband,133,Rarity.Rare,,10,,7
InventoryDefinition_DataItem,ID_Rare_Smokesilver,Resource.Smokesilver,T_UI_Item_Smokesilver,Smart Brush,Smokesilver,192,Rarity.Rare,,5,,2
InventoryDefinition_DataItem,ID_Rare_SinewString,Resource.SinewString,T_UI_Item_SinewString,Smart Brush,Sinew String,176,Rarity.Rare,,10,,2
InventoryDefinition_DataItem,ID_Rare_SilverDish,Resource.Silver.Dish,T_UI_Item_SilverDish,Smart Brush,Silver Dish,138,Rarity.Rare,,5,,
InventoryDefinition_DataItem,ID_Rare_SilverCandlestickLarge,Resource.Candle.Holder,T_UI_Item_CandleHolder,Smart Brush,Large Silver Candlestick,624,Rarity.Epic,,1,,
InventoryDefinition_DataItem,ID_Rare_SilverCandlestick,Resource.Candle.Stick,T_UI_Item_CandleStick,Smart Brush,Silver Candlestick,142,Rarity.Rare,,1,,
InventoryDefinition_DataItem,ID_Rare_ShinyBuckle,Resource.ShinyBuckle,T_UI_Item_ShinyBuckle,Smart Brush,Shiny Buckle,155,Rarity.Rare,,20,,
InventoryDefinition_DataItem,ID_Rare_Shellac,Resource.Shellac,T_UI_Item_Shellac,Smart Brush,Shellac,188,Rarity.Rare,,20,,3
InventoryDefinition_DataItem,ID_Rare_RefinedTobacco,Resource.RefinedTobacco,T_UI_Item_RefinedTobacco,Smart Brush,Refined Tobacco,66,Rarity.Rare,,20,,8
InventoryDefinition_DataItem,ID_Rare_PumiceStone,Resource.PumiceStone,T_UI_Item_PumiceStone,Smart Brush,Pumice Stone,163,Rarity.Rare,,10,,3
InventoryDefinition_DataItem,ID_Rare_PolishedRod,Resource.PolishedRod,T_UI_Item_PolishedRod,Smart Brush,Polished Rod,512,Rarity.Epic,,5,,
InventoryDefinition_DataItem,ID_Rare_PolishedHandle,Resource.PolishedHandle,T_UI_Item_PolishedHandle,Smart Brush,Polished Handle,167,Rarity.Rare,,5,,
InventoryDefinition_DataItem,ID_Rare_PolishedFiringPin,Resource.PolishedFiringPin,T_UI_Item_PolishedFiringPin,Smart Brush,Polished Firing Pin,584,Rarity.Rare,,20,,
InventoryDefinition_DataItem,ID_Rare_Pickaxe,Inventory.Pickaxe,T_UI_Item_Pickaxe,Smart Brush,Pickaxe,112,Rarity.Rare,,1,,
InventoryDefinition_DataItem,ID_Rare_Pestle,Inventory.Pestle.Mortar,T_UI_Item_PestleMortar,Smart Brush,Pestle,85,Rarity.Rare,,1,,
InventoryDefinition_DataItem,ID_Rare_OxliverOil,Resource.OxliverOil,T_UI_Item_OxliverOil,Smart Brush,Oxliver Oil,182,Rarity.Rare,,10,,3
InventoryDefinition_DataItem,ID_Rare_OrnateCushion,Resource.OrnateCushion,T_UI_Item_OrnateCushion,Smart Brush,Ornate Cushion,187,Rarity.Rare,,10,,
InventoryDefinition_DataItem,ID_Rare_Opium,Resource.Opium,T_UI_Item_Opium,Smart Brush,Opium,141,Rarity.Rare,,20,,5
InventoryDefinition_DataItem,ID_Rare_NacreButton,Resource.NacreButton,T_UI_Item_NacreButton,Smart Brush,Nacre Button,182,Rarity.Rare,,20,,2
InventoryDefinition_DataItem,ID_Rare_Mortar,Resource.Pestle.Mortar.2,T_UI_Item_PestleMortar_2,Smart Brush,Mortar,95,Rarity.Rare,,1,,
InventoryDefinition_DataItem,ID_Rare_MarchingDrum,Resource.MarchingDrum,T_UI_Item_MarchingDrum,Smart Brush,Marching Drum,202,Rarity.Rare,,1,,
InventoryDefinition_DataItem,ID_Rare_LeatherTrimmings,Resource.LeatherTrimmings,T_UI_Item_LeatherTrimmings,Smart Brush,Leather Trimmings,88,Rarity.Rare,,20,,8
InventoryDefinition_DataItem,ID_Rare_JewelleryBox_Bronze,Chest.Box.Bronze.Jewellery,T_UI_Item_JewelleryBox_Bronze,Smart Brush,Sealed Bronze Reliquary,206,Rarity.Rare,,1,,
InventoryDefinition_DataItem,ID_Rare_IronOre,Resource.Iron.Ore,T_UI_Item_IronOre,Smart Brush,Iron Ore,43,Rarity.Rare,,10,3,7
InventoryDefinition_DataItem,ID_Rare_IronHoldfast,Resource.IronHoldfast,T_UI_Item_IronHoldfast,Smart Brush,Iron Holdfast,103,Rarity.Rare,,5,,
InventoryDefinition_DataItem,ID_Rare_IronBar,Resource.Iron.Bar,T_UI_Item_IronBar,Smart Brush,Iron Bar,94,Rarity.Rare,,20,,4
InventoryDefinition_DataItem,ID_Rare_Hornbeam,Resource.Hornbeam,T_UI_Item_Hornbeam,Smart Brush,Hornbeam,88,Rarity.Rare,,10,,5
InventoryDefinition_DataItem,ID_Rare_Hartshorn,Resource.Hartshorn,T_UI_Item_Hartshorn,Smart Brush,Hartshorn,110,Rarity.Rare,,20,,8
InventoryDefinition_DataItem,ID_Rare_GoldenLeafTobacco,Resource.GoldenLeafTobacco,T_UI_Item_GoldenLeafTobacco,Smart Brush,Golden Leaf Tobacco,1,Rarity.Rare,,1,,
InventoryDefinition_DataItem,ID_Rare_GildedTassels,Resource.GildedTassels,T_UI_Item_GildedTassels,Smart Brush,Gilded Tassels,81,Rarity.Rare,,20,,2
InventoryDefinition_DataItem,ID_Rare_EtienneShako,Resource.EtienneShako,T_UI_Item_EtienneShako,Smart Brush,Spanish Shako,155,Rarity.Rare,,1,,
InventoryDefinition_DataItem,ID_Rare_DelicateChain,Resource.DelicateChain,T_UI_Item_DelicateChain,Smart Brush,Delicate Chain,120,Rarity.Rare,,20,,
InventoryDefinition_DataItem,ID_Rare_CottonBedSheets,Resource.CottonBedSheet,T_UI_Item_CottonBedSheet,Smart Brush,Cotton Bed Sheets,121,Rarity.Rare,,10,,3
InventoryDefinition_DataItem,ID_Rare_Cotton,Resource.Cotton,T_UI_Item_Cotton,Smart Brush,Cotton,41,Rarity.Rare,,10,3,7
InventoryDefinition_DataItem,ID_Rare_ColdIron,Resource.ColdIron,T_UI_Item_ColdIron,Smart Brush,Cold Iron,91,Rarity.Rare,,5,,
InventoryDefinition_DataItem,ID_Rare_Cochineal,Resource.Cochineal,T_UI_Item_Cochineal,Smart Brush,Cochineal,173,Rarity.Rare,,20,,7
InventoryDefinition_DataItem,ID_Rare_CalfskinBoots,Inventory.CalfskinBoots,T_UI_Item_CalfskinBoots,Smart Brush,Calfskin Boots,78,Rarity.Rare,,3,,
InventoryDefinition_DataItem,ID_Rare_BurrWalnut,Resource.BurrWalnut,T_UI_Item_BurrWalnut,Smart Brush,Burr Walnut,117,Rarity.Rare,,10,,5
InventoryDefinition_DataItem,ID_Rare_BrownOnion,Resource.BrownOnion,T_UI_Item_BrownOnion,Smart Brush,Brown Onion,52,Rarity.Rare,,10,,3
InventoryDefinition_DataItem,ID_Rare_BoltOfCottonCloth,Resource.BoltOfCottonCloth,T_UI_Item_BoltOfCottonCloth,Smart Brush,Bolt of Cotton Cloth,90,Rarity.Rare,,20,,4
InventoryDefinition_DataItem,ID_Rare_BlacksmithsTongs,Resource.BlacksmithsTongs,T_UI_Item_BlacksmithsTongs,Smart Brush,Blacksmith's Tongs,134,Rarity.Rare,,5,,
InventoryDefinition_DataItem,ID_Rare_Blacksand,Resource.Blacksand,T_UI_Item_Blacksand,Smart Brush,Blacksand,20,Rarity.Rare,,20,,5
InventoryDefinition_DataItem,ID_Rare_BlackenedStriker,Resource.BlackenedStriker,T_UI_Item_BlackenedStriker,Smart Brush,Blackened Striker,530,Rarity.Rare,,10,,
InventoryDefinition_DataItem,ID_Rare_Ambergris,Resource.Ambergris,T_UI_Item_Ambergris,Smart Brush,Ambergris,186,Rarity.Rare,,20,,4
InventoryDefinition_DataItem,ID_Rare_AgarwoodNecklace,Resource.AgarwoodNecklace,T_UI_Item_AgarwoodNecklace,Smart Brush,Agarwood Necklace,155,Rarity.Rare,,1,,
InventoryDefinition_DataItem,ID_Money_Silver,Money.Silver,T_UI_Icon_Currency_SilverCoin,Smart Brush,Silver Coin,1,Rarity.Rare,,99,,5
InventoryDefinition_DataItem,ID_Money_Gold,Money.Gold,T_UI_Icon_Currency_GoldCoin,Smart Brush,Gold Coin,1,Rarity.Epic,,99,,2
InventoryDefinition_DataItem,ID_Money_Copper,Money.Copper,T_UI_Icon_Currency_CopperCoin,Smart Brush,Copper Coin,1,Rarity.Uncommon,,99,10,30
InventoryDefinition_DataItem,ID_Med_Uncommon01,Resource.SturdySplint,T_UI_Item_SturdySplint,Smart Brush,Sturdy Splint,86,Rarity.Uncommon,,5,,
InventoryDefinition_DataItem,ID_Med_Rare03,Resource.WoodenBrace,T_UI_Item_WoodenBrace,Smart Brush,Wooden Brace,172,Rarity.Rare,,5,,
InventoryDefinition_DataItem,ID_Med_Rare02,,,,Thin Bandage,158,Rarity.Rare,,5,,
InventoryDefinition_DataItem,ID_Med_Legendary05,Resource.BottleOfLaudanum,T_UI_Item_BottleOfLaudanum,Smart Brush,Bottle of Laudanum,5682,Rarity.Legendary,,5,,
InventoryDefinition_DataItem,ID_Med_Legendary04,Resource.SilverBrace,T_UI_Item_SilverBrace,Smart Brush,Silver Brace,5474,Rarity.Legendary,,5,,
InventoryDefinition_DataItem,ID_Med_Legendary03,Resource.SurgeonsCase,T_UI_Item_SurgeonsCase,Smart Brush,Surgeon's Case,6034,Rarity.Legendary,,5,,
InventoryDefinition_DataItem,ID_Med_Legendary02,,,,Sterile Bandage,4981,Rarity.Legendary,,5,,
InventoryDefinition_DataItem,ID_Med_Epic06,,,,Tourniquet,1124,Rarity.Epic,,5,,
InventoryDefinition_DataItem,ID_Med_Epic05,Resource.SterileDressing,T_UI_Item_SterileDressing,Smart Brush,Sterile Dressing,1020,Rarity.Epic,,5,,
InventoryDefinition_DataItem,ID_Med_Epic03,Resource.DoctorsSatchel,T_UI_Item_DoctorsSatchel,Smart Brush,Doctor's Satchel,1231,Rarity.Epic,,5,,
InventoryDefinition_DataItem,ID_Med_Epic02,,,,Opium,1172,Rarity.Epic,,5,,
InventoryDefinition_DataItem,ID_Med_Epic01,Resource.ProstheticBrace,T_UI_Item_ProstheticBrace,Smart Brush,Prosthetic Brace,1207,Rarity.Epic,,1,,
InventoryDefinition_DataItem,ID_Med_Common02,Resource.CrudeSplint,T_UI_Item_CrudeSplint,Smart Brush,Crude Splint,12,,,1,,
InventoryDefinition_DataItem,ID_Mech_03_BlackenedStriker,Resource.SaffronFlower,T_UI_Item_SaffronFlower,Smart Brush,Blackened Striker,74,Rarity.Rare,,15,,
InventoryDefinition_DataItem,ID_Mech_02_LeverArm,Resource.LeverArm,T_UI_Item_LeverArm,Smart Brush,Lever Arm,194,Rarity.Uncommon,,10,,
InventoryDefinition_DataItem,ID_Legendary_Vicuna,Resource.Vicuna,T_UI_Item_Vicuna,Smart Brush,Vicuna,1094,Rarity.Legendary,,5,,3
InventoryDefinition_DataItem,ID_Legendary_Topaz,Resource.Topaz,T_UI_Item_Topaz,Smart Brush,Topaz,920,Rarity.Legendary,,10,,
InventoryDefinition_DataItem,ID_Legendary_TarnishedQuicksilver,Resource.TarnishedQuicksilver,T_UI_Item_TarnishedQuicksilver,Smart Brush,Tarnished Quicksilver,1653,Rarity.Legendary,,10,3,10
InventoryDefinition_DataItem,ID_Legendary_SwordHiltOfMolay,Resource.SwordHiltOfMolay,T_UI_Item_SwordHiltOfMolay,Smart Brush,Sword Hilt Of Molay,3134,Rarity.Legendary,,1,,
InventoryDefinition_DataItem,ID_Legendary_SmoothBoreBarrel,Resource.SmoothBoreBarrel,T_UI_Item_SmoothBoreBarrel,Smart Brush,Smooth Bore Barrel,9099,Rarity.Legendary,,10,,
InventoryDefinition_DataItem,ID_Legendary_SilkScarf,Resource.SilkScarf,T_UI_Item_SilkScarf,Smart Brush,Silk Scarf,1482,Rarity.Legendary,,10,,
InventoryDefinition_DataItem,ID_Legendary_Silk,Resource.Silk,T_UI_Item_Silk,Smart Brush,Silk,775,Rarity.Legendary,,10,6,9
InventoryDefinition_DataItem,ID_Legendary_Shagreen,Resource.Shagreen,T_UI_Item_Shagreen,Smart Brush,Shagreen,803,Rarity.Legendary,,5,,2
InventoryDefinition_DataItem,ID_Legendary_RoyalJelly,Resource.RoyalJelly,T_UI_Item_RoyalJelly,Smart Brush,Royal Jelly,777,Rarity.Legendary,,5,,
InventoryDefinition_DataItem,ID_Legendary_PolluxCameo,Resource.CameoOfPollux,T_UI_Item_CameoOfPollux,Smart Brush,Cameo Of Pollux,1551,Rarity.Legendary,,1,,
InventoryDefinition_DataItem,ID_Legendary_OreGold,Resource.Gold.Ore,T_UI_Item_GoldOre,Smart Brush,Gold Ore,743,Rarity.Legendary,,10,6,9
InventoryDefinition_DataItem,ID_Legendary_MarksmansSpine,Resource.MarksmansSpine,T_UI_Item_MarksmansSpine,Smart Brush,Marksman's Spine,10009,Rarity.Legendary,,20,,
InventoryDefinition_DataItem,ID_Legendary_LiquidMercury,Resource.LiquidMercury,T_UI_Item_LiquidMercury,Smart Brush,Distilled Mercury,3637,Rarity.Legendary,,20,,6
InventoryDefinition_DataItem,ID_Legendary_JewelleryBox_Gold,Chest.Box.Gold.Jewellery,T_UI_Item_JewelleryBox_Gold,Smart Brush,Sealed Gold Reliquary,830,Rarity.Legendary,,1,,
InventoryDefinition_DataItem,ID_Legendary_JacobinCipher,Resource.JacobinCipher,T_UI_Item_JacobinCipher,Smart Brush,Jacobin Cipher,920,Rarity.Legendary,,5,,
InventoryDefinition_DataItem,ID_Legendary_Isinglass,Resource.Isinglass,T_UI_Item_Isinglass,Smart Brush,Isinglass,2100,Rarity.Legendary,,5,,
InventoryDefinition_DataItem,ID_Legendary_ImperialEagle,Resource.ImperialEagle,T_UI_Item_ImperialEagle,Smart Brush,Imperial Eagle,755,Rarity.Legendary,,1,,
InventoryDefinition_DataItem,ID_Legendary_GoldLeaf,Resource.GoldLeaf,T_UI_Item_GoldLeaf,Smart Brush,Gold Leaf,821,Rarity.Legendary,,5,,2
InventoryDefinition_DataItem,ID_Legendary_GoldBar,Resource.Gold.Bar,T_UI_Item_GoldBar,Smart Brush,Gold Bar,1635,Rarity.Legendary,,20,,5
InventoryDefinition_DataItem,ID_Legendary_FoieGras,Resource.FoieGras,T_UI_Item_FoieGras,Smart Brush,Foie Gras,1999,Rarity.Legendary,,5,,
InventoryDefinition_DataItem,ID_Legendary_FlawlessDiamond,Resource.FlawlessDiamond,T_UI_Item_FlawlessDiamond,Smart Brush,Flawless Diamond,2555,Rarity.Legendary,,10,,
InventoryDefinition_DataItem,ID_Legendary_DamascusSteel,Resource.DamascusSteel,T_UI_Item_DamascusSteel,Smart Brush,Damascus Steel,1738,Rarity.Legendary,,5,,
InventoryDefinition_DataItem,ID_Legendary_CastorCameo,Resource.CameoOfCastor,T_UI_Item_CameoOfCastor,Smart Brush,Cameo Of Castor,1551,Rarity.Legendary,,1,,
InventoryDefinition_DataItem,ID_Legendary_BoltOfSilkCloth,Resource.BoltOfSilkCloth,T_UI_Item_BoltOfSilkCloth,Smart Brush,Bolt of Silk Cloth,1705,Rarity.Legendary,,20,,5
InventoryDefinition_DataItem,ID_Legendary_Bloodwood,Resource.Bloodwood,T_UI_Item_Bloodwood,Smart Brush,Bloodwood,1243,Rarity.Legendary,,5,,
InventoryDefinition_DataItem,ID_Legendary_BloodOfThePenitent,Resource.BloodOfThePenitent,T_UI_Item_BloodOfThePenitent,Smart Brush,Blood Of The Penitent,2001,Rarity.Legendary,,1,,
InventoryDefinition_DataItem,ID_Herb_Thyme,Resource.Herb.Thyme,T_UI_Item_Thyme,Smart Brush,Thyme,3,,,20,,
InventoryDefinition_DataItem,ID_Herb_Tarragon,Resource.Herb.Tarragon,T_UI_Item_Tarragon,Smart Brush,Tarragon,7,Rarity.Uncommon,,20,,
InventoryDefinition_DataItem,ID_Herb_PallusWart,,,,Pallus Wart,41,Rarity.Rare,,20,,
InventoryDefinition_DataItem,ID_Herb_Nymphaea,,,,Nymphaea,38,Rarity.Rare,,20,,
InventoryDefinition_DataItem,ID_Herb_Marjoram,Resource.Herb.Marjoram,T_UI_Item_Marjoram,Smart Brush,Marjoram,31,Rarity.Rare,,20,,
InventoryDefinition_DataItem,ID_Herb_Chives,Resource.Herb.Chives,T_UI_Item_Chives,Smart Brush,Chives,29,Rarity.Rare,,20,,
InventoryDefinition_DataItem,ID_Herb_Chervil,Resource.Herb.Chervil,T_UI_Item_Chervil,Smart Brush,Chervil,4,,,20,,
InventoryDefinition_DataItem,ID_Herb_Basil,Resource.Herb.Basil,T_UI_Item_Basil,Smart Brush,Basil,9,Rarity.Uncommon,,20,,
InventoryDefinition_DataItem,ID_Herb_BarrowVein,Resource.BarrowVein,T_UI_Item_BarrowVein,Smart Brush,Barrow Vein,974,Rarity.Epic,,20,,
InventoryDefinition_DataItem,ID_Herb_05_Poppy,Resource.Poppy,T_UI_Item_Poppy,Smart Brush,Poppy,457,Rarity.Legendary,,15,5,12
InventoryDefinition_DataItem,ID_Herb_05_MilkofPoppy,Resource.MilkofPoppy,T_UI_Item_MilkOfPoppy,Smart Brush,Milk of Poppy,2512,Rarity.Legendary,,30,,6
InventoryDefinition_DataItem,ID_Herb_04_Fungi,Resource.MedicinalFungi,T_UI_Item_MedicinalFungi,Smart Brush,Medicinal Fungi,101,Rarity.Epic,,15,3,10
InventoryDefinition_DataItem,ID_Herb_04_FungalUnguent,Resource.Herb.FungalUnguent,T_UI_Item_FungalUnguent,Smart Brush,Fungal Unguent,555,Rarity.Epic,,30,,5
InventoryDefinition_DataItem,ID_Herb_03_PinkYarrowDust,Resource.Herb.PowderofYarrow,T_UI_Item_PowderofYarrow,Smart Brush,Yarrow Dust,133,Rarity.Rare,,30,,4
InventoryDefinition_DataItem,ID_Herb_03_PinkYarrow,Resource.PinkYarrow,T_UI_Item_PinkYarrow,Smart Brush,Yarrow,24,Rarity.Rare,,15,3,8
InventoryDefinition_DataItem,ID_Herb_02_Rosemary,Resource.Herb.Rosemary,T_UI_Item_Rosemary,Smart Brush,Rosemary,5,Rarity.Uncommon,,15,3,6
InventoryDefinition_DataItem,ID_Herb_02_DriedRosemary,Resource.Herb.DriedRosemary,T_UI_Item_DriedRosemary,Smart Brush,Dried Rosemary,28,Rarity.Uncommon,,30,,3
InventoryDefinition_DataItem,ID_Herb_01_LavenderOil,Resource.Herb.LavenderOil,T_UI_Item_LavenderOil,Smart Brush,Lavender Oil,16,,,30,,3
InventoryDefinition_DataItem,ID_Herb_01_Lavender,Resource.Herb.Lavender,T_UI_Item_Lavender,Smart Brush,Lavender,3,,,15,2,5
InventoryDefinition_DataItem,ID_Fargoth,Money.Gold,T_UI_Icon_Currency_GoldCoin,Smart Brush,Gold Coin,1,Rarity.Epic,,99,30,30
InventoryDefinition_DataItem,ID_Epic_WoolBlanket,Resource.WoolBlanket,T_UI_Item_WoolBlanket,Smart Brush,Wool Blanket,342,Rarity.Epic,,10,,
InventoryDefinition_DataItem,ID_Epic_Wool,Resource.Wool,T_UI_Item_Wool,Smart Brush,Wool,159,Rarity.Epic,,10,4,8
InventoryDefinition_DataItem,ID_Epic_WhitePearl,Resource.WhitePearl,T_UI_Item_WhitePearl,Smart Brush,White Pearl,423,Rarity.Epic,,20,,
InventoryDefinition_DataItem,ID_Epic_UncutGems,Resource.UncutGems,T_UI_Item_UncutGems,Smart Brush,Uncut Gems,281,Rarity.Epic,,20,,3
InventoryDefinition_DataItem,ID_Epic_UncutDiamonds,Resource.UncutDiamonds,T_UI_Item_UncutDiamonds,Smart Brush,Uncut Diamonds,356,Rarity.Epic,,20,,3
InventoryDefinition_DataItem,ID_Epic_UCGold03,Valuable.GoldFigurine,T_UI_Item_GoldFigurine,Smart Brush,Effigy of the Nobleman,3000,Rarity.Epic,,1,,
InventoryDefinition_DataItem,ID_Epic_UCGold02,Valuable.GoldFigurine,T_UI_Item_GoldFigurine,Smart Brush,Effigy of the Merchant,3000,Rarity.Epic,,1,,
InventoryDefinition_DataItem,ID_Epic_UCGold01,Valuable.GoldFigurine,T_UI_Item_GoldFigurine,Smart Brush,Effigy of the Peasant,3000,Rarity.Epic,,1,,
InventoryDefinition_DataItem,ID_Epic_Tortoiseshell,Resource.TortoiseShell,T_UI_Item_TortoiseShell,Smart Brush,Tortoise Shell,620,Rarity.Epic,,5,,3
InventoryDefinition_DataItem,ID_Epic_TailHair,Resource.TailHair,T_UI_Item_TailHair,Smart Brush,Tail Hair,637,Rarity.Epic,,10,,
InventoryDefinition_DataItem,ID_Epic_SilverBar,Resource.Silver.Bar,T_UI_Item_SilverBar,Smart Brush,Silver Bar,380,Rarity.Epic,,20,,4
InventoryDefinition_DataItem,ID_Epic_Serpentstone,Resource.Serpentstone,T_UI_Item_Serpentstone,Smart Brush,Serpentstone,330,Rarity.Epic,,5,,
InventoryDefinition_DataItem,ID_Epic_RoueDeCantal,Resource.RoueDeCantal,T_UI_Item_RoueDeCantal,Smart Brush,Roue De Cantal,683,Rarity.Epic,,5,,
InventoryDefinition_DataItem,ID_Epic_RosaryBeads,Resource.RosaryBeads,T_UI_Item_RosaryBeads,Smart Brush,Rosary Beads,472,Rarity.Epic,,5,,
InventoryDefinition_DataItem,ID_Epic_RomaniTreads,Inventory.Shoes,T_UI_Item_Shoes,Smart Brush,Romani Treads,618,Rarity.Epic,,1,,
InventoryDefinition_DataItem,ID_Epic_PureHoney,Resource.PureHoney,T_UI_Item_PureHoney,Smart Brush,Pure Honey,201,Rarity.Epic,,20,,4
InventoryDefinition_DataItem,ID_Epic_PowderCake,Resource.PowderCake,T_UI_Item_PowderCake,Smart Brush,Powder Cake,500,Rarity.Epic,,20,,5
InventoryDefinition_DataItem,ID_Epic_Poison,Resource.Poison,T_UI_Item_Poison,Smart Brush,Arsenic,420,Rarity.Epic,,10,,
InventoryDefinition_DataItem,ID_Epic_Pinchbeck,Resource.Pinchbeck,T_UI_Item_Pinchbeck,Smart Brush,Pinchbeck,637,Rarity.Epic,,5,,3
InventoryDefinition_DataItem,ID_Epic_Painting06,,,,Moaning Peasants,,Rarity.Epic,,1,,
InventoryDefinition_DataItem,ID_Epic_Painting05,,,,Cannibal Banquet,,Rarity.Epic,,1,,
InventoryDefinition_DataItem,ID_Epic_Painting04,,,,Banquet of the Cannibals,,Rarity.Epic,,1,,
InventoryDefinition_DataItem,ID_Epic_Painting03,,,,Ugly Weeping Mary ,,Rarity.Epic,,1,,
InventoryDefinition_DataItem,ID_Epic_Painting02,,,,The Exile of the Pervert of Ronstad,,Rarity.Epic,,1,,
InventoryDefinition_DataItem,ID_Epic_Painting01,,,,The Brigand's Sidetable,,Rarity.Epic,,1,,
InventoryDefinition_DataItem,ID_Epic_OreSilver,Resource.Silver.Ore,T_UI_Item_SilverOre,Smart Brush,Silver Ore,172,Rarity.Epic,,10,4,8
InventoryDefinition_DataItem,ID_Epic_OpiumPipe,Resource.OpiumPipe,T_UI_Item_OpiumPipe,Smart Brush,Opium Pipe,736,Rarity.Epic,,5,,
InventoryDefinition_DataItem,ID_Epic_OiledSpring,Resource.OiledSpring,T_UI_Item_OiledSpring,Smart Brush,Oiled Spring,2078,Rarity.Epic,,10,,
InventoryDefinition_DataItem,ID_Epic_OakGall,Resource.OakGall,T_UI_Item_OakGall,Smart Brush,Oak Gall,364,Rarity.Epic,,20,,3
InventoryDefinition_DataItem,ID_Epic_MammothGrain,Resource.MammothGrain,T_UI_Item_MammothGrain,Smart Brush,Mammoth Grain,1000,Rarity.Epic,,20,,3
InventoryDefinition_DataItem,ID_Epic_LadiesGirdle,Resource.LadiesGirdle,T_UI_Item_LadiesGirdle,Smart Brush,Ladies Girdle,269,Rarity.Epic,,5,,
InventoryDefinition_DataItem,ID_Epic_JewelleryBox_Silver,Chest.Box.Silver.Jewellery,T_UI_Item_JewelleryBox_Silver,Smart Brush,Sealed Silver Reliquary,530,Rarity.Epic,,1,,
InventoryDefinition_DataItem,ID_Epic_IvoryTusk,Resource.IvoryTusk,T_UI_Item_IvoryTusk,Smart Brush,Ivory Tusk,696,Rarity.Epic,,5,,
InventoryDefinition_DataItem,ID_Epic_IntactFemur,Resource.IntactFemur,T_UI_Item_IntactFemur,Smart Brush,Intact Femur,582,Rarity.Epic,,5,,
InventoryDefinition_DataItem,ID_Epic_HollandThread,Resource.HollandThread,T_UI_Item_HollandThread,Smart Brush,Holland Thread,418,Rarity.Epic,,5,,
InventoryDefinition_DataItem,ID_Epic_Hartwood,Resource.Hartwood,T_UI_Item_Hartwood,Smart Brush,Hartwood,670,Rarity.Epic,,5,,3
InventoryDefinition_DataItem,ID_Epic_Gunblue,Resource.Gunblue,T_UI_Item_Gunblue,Smart Brush,Gunblue,702,Rarity.Epic,,5,,3
InventoryDefinition_DataItem,ID_Epic_GlassVial,Resource.Glass.Vial,T_UI_Item_GlassVial,Smart Brush,Glass Vial,455,Rarity.Epic,,5,,
InventoryDefinition_DataItem,ID_Epic_FrayingTaffetaWaistcoat,Resource.FrayingTaffetaWaistcoat,T_UI_Item_FrayingTaffetaWaistcoat,Smart Brush,Fraying Taffeta Waistcoat,423,Rarity.Epic,,10,,
InventoryDefinition_DataItem,ID_Epic_FineFile,Resource.FineFile,T_UI_Item_FineFile,Smart Brush,Fine File,641,Rarity.Epic,,5,,
InventoryDefinition_DataItem,ID_Epic_FancySilverPlaque,Resource.FancySilverPlaque,T_UI_Item_FancySilverPlaque,Smart Brush,Fancy Silver Plaque,333,Rarity.Epic,,5,,
InventoryDefinition_DataItem,ID_Epic_Ebony,Resource.Ebony,T_UI_Item_Ebony,Smart Brush,Ebony,225,Rarity.Epic,,5,,
InventoryDefinition_DataItem,ID_Epic_DriedGrapes,Resource.DriedGrapes,T_UI_Item_DriedGrapes,Smart Brush,Dried Grapes,381,Rarity.Epic,,20,,5
InventoryDefinition_DataItem,ID_Epic_DirtyBrocadeDress,Resource.DirtyBrocadeDress,T_UI_Item_DirtyBrocadeDress,Smart Brush,Dirty Brocade Dress,551,Rarity.Epic,,10,,
InventoryDefinition_DataItem,ID_Epic_ConvexGlass,Resource.ConvexGlass,T_UI_Item_ConvexGlass,Smart Brush,Convex Glass,188,Rarity.Epic,,10,,5
InventoryDefinition_DataItem,ID_Epic_ChromaticLens,Resource.ChromaticLens,T_UI_Item_ChromaticLens,Smart Brush,Chromatic Lens,376,Rarity.Epic,,10,,3
InventoryDefinition_DataItem,ID_Epic_ChinaGravyboat,Resource.Gravy.Boat,T_UI_Item_GravyBoat,Smart Brush,Tianlong Gravy Boat,257,Rarity.Epic,,1,,
InventoryDefinition_DataItem,ID_Epic_ChinaBowl,Resource.Bowl,T_UI_Item_Bowl,Smart Brush,China Bowl,310,Rarity.Epic,,3,,
InventoryDefinition_DataItem,ID_Epic_CashmereShawl,Resource.CashmereShawl,T_UI_Item_CashmereShawl,Smart Brush,Cashmere Shawl,678,Rarity.Epic,,10,,
InventoryDefinition_DataItem,ID_Epic_BoltOfFineWool,Resource.BoltOfFineWool,T_UI_Item_BoltOfFineWool,Smart Brush,Bolt of Fine Wool,350,Rarity.Epic,,10,,4
InventoryDefinition_DataItem,ID_Epic_Bloodstone,Resource.Bloodstone,T_UI_Item_Bloodstone,Smart Brush,Bloodstone,282,Rarity.Epic,,5,,3
InventoryDefinition_DataItem,ID_Epic_Baleen,Resource.Baleen,T_UI_Item_Baleen,Smart Brush,Baleen,748,Rarity.Epic,,1,,
InventoryDefinition_DataItem,ID_Epic_AmberPearl,Resource.AmberPearl,T_UI_Item_AmberPearl,Smart Brush,Amber Pearl,410,Rarity.Epic,,5,,
InventoryDefinition_DataItem,ID_Common_WoodenFork,Resource.WoodenFork,T_UI_Item_WoodenFork,Smart Brush,Wooden Fork,11,,,5,,3
InventoryDefinition_DataItem,ID_Common_Woodchips,Resource.WoodChips,T_UI_Item_WoodChip,Smart Brush,Woodchips,2,,,20,,20
InventoryDefinition_DataItem,ID_Common_Whetstone,Resource.Whetstone,T_UI_Item_Whetstone,Smart Brush,Whetstone,15,,,5,,5
InventoryDefinition_DataItem,ID_Common_WetCabbage,Resource.WetCabbage,T_UI_Item_WetCabbage,Smart Brush,Wet Cabbage,6,,,5,,
InventoryDefinition_DataItem,ID_Common_TwineBall,Resource.TwineBall,T_UI_Item_TwineBall,Smart Brush,Twine Ball,4,,,5,,2
InventoryDefinition_DataItem,ID_Common_ThickBranch,Resource.SolidBranch,T_UI_Item_SolidBranch,Smart Brush,Thick Branch,18,,,5,,
InventoryDefinition_DataItem,ID_Common_TallowBalm,Resource.TallowBalm,T_UI_Item_TallowBalm,Smart Brush,Tallow Balm,6,,,10,,7
InventoryDefinition_DataItem,ID_Common_StalePiss,Resource.StalePiss,T_UI_Item_StalePiss,Smart Brush,Stale Piss,5,,,20,,10
InventoryDefinition_DataItem,ID_Common_SproutingTuber,Resource.SproutingTuber,T_UI_Item_SproutingTuber,Smart Brush,Sprouting Tuber,5,,,10,,5
InventoryDefinition_DataItem,ID_Common_SpindlePulley,Resource.SpindlePulley,T_UI_Item_SpindlePulley,Smart Brush,Spindle Pulley,25,,,5,,3
InventoryDefinition_DataItem,ID_Common_Sootblack,Resource.Sootblack,T_UI_Item_Sootblack,Smart Brush,Sootblack,20,,,20,,5
InventoryDefinition_DataItem,ID_Common_SharpScrews,Resource.SharpScrew,T_UI_Item_SharpScrew,Smart Brush,Sharp Screws,85,,,20,,
InventoryDefinition_DataItem,ID_Common_SeamstressNeedle,Resource.SeamstressNeedle,T_UI_Item_SeamstressNeedle,Smart Brush,Seamstress Needle,15,,,10,,
InventoryDefinition_DataItem,ID_Common_SeaSalt,Resource.SeaSalt,T_UI_Item_Salt,Smart Brush,Sea Salt,1,,,20,,20
InventoryDefinition_DataItem,ID_Common_Saltpetre,Resource.SaltPetre,T_UI_Item_SaltPetre,Smart Brush,Saltpetre,3,,,20,,20
InventoryDefinition_DataItem,ID_Common_Rye,Resource.Rye,T_UI_Item_Rye,Smart Brush,Rye,3,,,20,,20
InventoryDefinition_DataItem,ID_Common_RustedKeyring,Resource.RustedKeyring,T_UI_Item_RustedKeyring,Smart Brush,Rusted Keyring,23,,,10,,3
InventoryDefinition_DataItem,ID_Common_RottenEgg,Resource.RottenEgg,T_UI_Item_RottenEgg,Smart Brush,Rotten Egg,1,,,20,,4
InventoryDefinition_DataItem,ID_Common_PineOil,Resource.PineOil,T_UI_Item_PineOil,Smart Brush,Pine Oil,42,,,10,,5
InventoryDefinition_DataItem,ID_Common_OrangeClay,Resource.OrangeClay,T_UI_Item_OrangeClay,Smart Brush,Orange Clay,15,,,20,,7
InventoryDefinition_DataItem,ID_Common_OldRidingGlove,Resource.OldRidingGlove,T_UI_Item_OldRidingGlove,Smart Brush,Old Riding Glove,27,,,6,,2
InventoryDefinition_DataItem,ID_Common_OldHorseshoe,Resource.OldHorseshoe,T_UI_Item_OldHorseshoe,Smart Brush,Old Horseshoe,9,,,10,,2
InventoryDefinition_DataItem,ID_Common_OldHorsehairBrush,Resource.OldHorsehairBrush,T_UI_Item_OldHorsehairBrush,Smart Brush,Old Horsehair Brush,43,,,5,,
InventoryDefinition_DataItem,ID_Common_OldGunpowder,Resource.OldGunpowder,T_UI_Item_OldGunpowder,Smart Brush,Old Gunpowder,1,,,30,5,25
InventoryDefinition_DataItem,ID_Common_Nettlecloth,Resource.Nettlecloth,T_UI_Item_Nettlecloth,Smart Brush,Nettlecloth,8,,,20,,5
InventoryDefinition_DataItem,ID_Common_MilkyGlass,Resource.MilkyGlass,T_UI_Item_MilkyGlass,Smart Brush,Milky Glass,2,,,20,,8
InventoryDefinition_DataItem,ID_Common_MilkingPail,Resource.MilkingPail,T_UI_Item_MilkingPail,Smart Brush,Milking Pail,15,,,1,,
InventoryDefinition_DataItem,ID_Common_LockspringSteel,Resource.LockspringSteel,T_UI_Item_LockspringSteel,Smart Brush,Lockspring Steel,2286,Rarity.Epic,,20,,
InventoryDefinition_DataItem,ID_Common_LemonPeel,Resource.Lemon.Peel,T_UI_Item_LemonPeel,Smart Brush,Lemon Peel,6,,,20,,10
InventoryDefinition_DataItem,ID_Common_LeadOre,Resource.Lead.Ore,T_UI_Item_LeadOre,Smart Brush,Lead Ore,5,,,10,2,5
InventoryDefinition_DataItem,ID_Common_LeadBar,Resource.Lead.Bar,T_UI_Item_LeadBar,Smart Brush,Lead Bar,12,,,20,,3
InventoryDefinition_DataItem,ID_Common_LatchHook,Resource.LatchHook,T_UI_Item_LatchHook,Smart Brush,Latch Hook,14,,,5,,3
InventoryDefinition_DataItem,ID_Common_Lard,Resource.Lard,T_UI_Item_Lard,Smart Brush,Lard,15,,,5,,4
InventoryDefinition_DataItem,ID_Common_JuteHat,Resource.JuteHat,T_UI_Item_JuteHat,Smart Brush,Jute Hat,11,,,5,,
InventoryDefinition_DataItem,ID_Common_IronPot,Resource.IronPot,T_UI_Item_IronPot,Smart Brush,Iron Pot,8,,,10,,
InventoryDefinition_DataItem,ID_Common_IronNails,Resource.IronNails,T_UI_Item_IronNails,Smart Brush,Iron Nails,5,,,20,,15
InventoryDefinition_DataItem,ID_Common_IronJug,Resource.Iron.Jug,T_UI_Item_Iron_Jug,Smart Brush,Iron Jug,4,,,5,,
InventoryDefinition_DataItem,ID_Common_ImpeccableTwine,Resource.ImpeccableTwine,T_UI_Item_ImpeccableTwine,Smart Brush,Impeccable Twine,12,,,5,,3
InventoryDefinition_DataItem,ID_Common_FreshGunpowder,Resource.FreshGunpowder,T_UI_Item_FreshGunpowder,Smart Brush,Fresh Gunpowder,2,,,30,5,15
InventoryDefinition_DataItem,ID_Common_FreshEgg,Resource.FreshEgg,T_UI_Item_FreshEgg,Smart Brush,Fresh Egg,16,Rarity.Uncommon,,10,,3
InventoryDefinition_DataItem,ID_Common_Flour,Resource.Flour,T_UI_Item_CoarseFlour,Smart Brush,Flour,3,,,20,,20
InventoryDefinition_DataItem,ID_Common_FilthyBritches,Resource.FilthyBritches,T_UI_Item_FilthyBritches,Smart Brush,Filthy Britches,4,,,5,,
InventoryDefinition_DataItem,ID_Common_DampRag,Resource.DampRag,T_UI_Item_DampRag,Smart Brush,Damp Rag,4,,,5,,
InventoryDefinition_DataItem,ID_Common_DamagedScrew,Resource.DamagedScrews,T_UI_Item_DamagedScrews,Smart Brush,Damaged Screws,77,,,10,,
InventoryDefinition_DataItem,ID_Common_CrustyFeces,Resource.CrustyFeces,T_UI_Item_CrustyFeces,Smart Brush,Crusty Faeces,5,,,20,,10
InventoryDefinition_DataItem,ID_Common_CrudePreservingJar,Resource.CrudePreservingJar,T_UI_Item_PreservingJar,Smart Brush,Crude Preserving Jar,8,,,5,,
InventoryDefinition_DataItem,ID_Common_CorkStopper,Resource.CorkStopper,T_UI_Item_CorkStopper,Smart Brush,Cork Stopper,6,,,20,,3
InventoryDefinition_DataItem,ID_Common_CopperTwine,Resource.CopperTwine,T_UI_Item_CopperTwine,Smart Brush,Copper Twine,16,,,10,,5
InventoryDefinition_DataItem,ID_Common_CopperFilament,Resource.CopperFilament,T_UI_Item_CopperFilament,Smart Brush,Copper Filament,36,,,20,,3
InventoryDefinition_DataItem,ID_Common_CoarseSand,Resource.CoarseSand,T_UI_Item_CoarseSand,Smart Brush,Coarse Sand,3,,,20,,20
InventoryDefinition_DataItem,ID_Common_CoalTar,Resource.CoalTar,T_UI_Item_CoalTar,Smart Brush,Coal Tar,35,,,10,,10
InventoryDefinition_DataItem,ID_Common_ChippedFlint,Resource.ChippedFlint,T_UI_Item_ChippedFlint,Smart Brush,Chipped Flint,20,,,5,,
InventoryDefinition_DataItem,ID_Common_Chalkstone,Resource.Chalkstone,T_UI_Item_Chalkstone,Smart Brush,Chalkstone,10,,,10,,8
InventoryDefinition_DataItem,ID_Common_CarrionShank,Resource.CarrionShank,T_UI_Item_CarrionShank,Smart Brush,Carrion Shank,4,,,20,,5
InventoryDefinition_DataItem,ID_Common_CanvasPatch,Resource.CanvasPatch,T_UI_Item_CanvasPatch,Smart Brush,Canvas Patch,7,,,20,,10
InventoryDefinition_DataItem,ID_Common_CabinetHandle,Resource.CabinetHandle,T_UI_Item_CabinetHandle,Smart Brush,Cabinet Handle,9,,,5,,
InventoryDefinition_DataItem,ID_Common_Burlap,Resource.Burlap,T_UI_Item_Burlap,Smart Brush,Burlap,4,,,20,2,5
InventoryDefinition_DataItem,ID_Common_Brassplate,Resource.Brassplate,T_UI_Item_Brassplate,Smart Brush,Brass Plate,49,,,5,,3
InventoryDefinition_DataItem,ID_Common_BoneChar,Resource.BoneChar,T_UI_Item_BoneChar,Smart Brush,Bone Char,7,,,20,,20
InventoryDefinition_DataItem,ID_Common_BoltOfBurlapCloth,Resource.BoltOfBurlapCloth,T_UI_Item_BoltOfBurlapCloth,Smart Brush,Bolt Of Burlap Cloth,10,,,20,,3
InventoryDefinition_DataItem,ID_Common_BoiledLeather,Resource.BoiledLeather,T_UI_Item_BoiledLeather,Smart Brush,Boiled Leather,41,,,10,,5
InventoryDefinition_DataItem,ID_Common_BogIron,Resource.BogIron,T_UI_Item_BogIron,Smart Brush,Bog Iron,15,,,5,,4
InventoryDefinition_DataItem,ID_Common_BerryPaste,Resource.BerryPaste,T_UI_Item_BerryPaste,Smart Brush,Berry Paste,8,,,20,,10
InventoryDefinition_DataItem,ID_Common_AshSolution,Resource.AshSolution,T_UI_Item_AshSolution,Smart Brush,Ash Solution,12,,,20,,10
InventoryDefinition_DataItem,ID_Common_Apple,Resource.Apple,T_UI_Item_Apple,Smart Brush,Fresh Apple,15,,,10,,5
InventoryDefinition_CraftingRecipe,ID_Rec_Weap_Zweihander,Recipe.Artifact,T_UI_Item_Recipe_Artifact,Smart Brush,Metallurgist Recipe - Zweihander,380000,Rarity.Artifact,,,,
InventoryDefinition_CraftingRecipe,ID_Rec_Weap_Waraxe,Recipe.Epic,T_UI_Item_Recipe_Epic,Smart Brush,Metallurgist Recipe - WarAxe,10000,Rarity.Epic,,,,
InventoryDefinition_CraftingRecipe,ID_Rec_Weap_Volcan,Recipe.Artifact,T_UI_Item_Recipe_Artifact,Smart Brush,Gunsmith Recipe - Volcan,280000,Rarity.Artifact,,,,
InventoryDefinition_CraftingRecipe,ID_Rec_Weap_Volant,Recipe.Rare,T_UI_Item_Recipe_Rare,Smart Brush,Gunsmith Recipe - Volant,6500,Rarity.Rare,,,,
InventoryDefinition_CraftingRecipe,ID_Rec_Weap_Voir_FS,Recipe.Legendary,T_UI_Item_Recipe_Legendary,Smart Brush,Gunsmith Recipe - Farsight Voir,100,Rarity.Legendary,,,,
InventoryDefinition_CraftingRecipe,ID_Rec_Weap_Voir,Recipe.Legendary,T_UI_Item_Recipe_Legendary,Smart Brush,Gunsmith Recipe - Voir,84000,Rarity.Legendary,,,,
InventoryDefinition_CraftingRecipe,ID_Rec_Weap_Vepr,Recipe.Epic,T_UI_Item_Recipe_Epic,Smart Brush,Gunsmith Recipe - Vepr,10300,Rarity.Epic,,,,
InventoryDefinition_CraftingRecipe,ID_Rec_Weap_Swan_FS,Recipe.Legendary,T_UI_Item_Recipe_Legendary,Smart Brush,Gunsmith Recipe - Farsight Swan,100,Rarity.Legendary,,,,
InventoryDefinition_CraftingRecipe,ID_Rec_Weap_Swan,Recipe.Legendary,T_UI_Item_Recipe_Legendary,Smart Brush,Gunsmith Recipe - Swan,92000,Rarity.Legendary,,,,
InventoryDefinition_CraftingRecipe,ID_Rec_Weap_Spear,Recipe.Epic,T_UI_Item_Recipe_Epic,Smart Brush,Metallurgist Recipe - Spear,9200,Rarity.Epic,,,,
InventoryDefinition_CraftingRecipe,ID_Rec_Weap_Snub,Recipe.Uncommon,T_UI_Item_Recipe_Uncommon,Smart Brush,Gunsmith Recipe - Snub,1120,Rarity.Uncommon,,,,
InventoryDefinition_CraftingRecipe,ID_Rec_Weap_ShortSword,Recipe.Rare,T_UI_Item_Recipe_Rare,Smart Brush,Metallurgist Recipe - Short Sword,2960,Rarity.Rare,,,,
InventoryDefinition_CraftingRecipe,ID_Rec_Weap_Sabre,Recipe.Legendary,T_UI_Item_Recipe_Legendary,Smart Brush,Metallurgist Recipe - Sabre,38000,Rarity.Legendary,,,,
InventoryDefinition_CraftingRecipe,ID_Rec_Weap_Rapier,Recipe.Epic,T_UI_Item_Recipe_Epic,Smart Brush,Metallurgist Recipe - Rapier,6000,Rarity.Epic,,,,
InventoryDefinition_CraftingRecipe,ID_Rec_Weap_Morgan,Recipe.Legendary,T_UI_Item_Recipe_Legendary,Smart Brush,Gunsmith Recipe - Morgan,45000,Rarity.Legendary,,,,
InventoryDefinition_CraftingRecipe,ID_Rec_Weap_Marengo,Recipe.Legendary,T_UI_Item_Recipe_Legendary,Smart Brush,Gunsmith Recipe - Marengo,42000,Rarity.Legendary,,,,
InventoryDefinition_CraftingRecipe,ID_Rec_Weap_Mace,Recipe.Rare,T_UI_Item_Recipe_Rare,Smart Brush,Metallurgist Recipe - Mace,3240,Rarity.Rare,,,,
InventoryDefinition_CraftingRecipe,ID_Rec_Weap_Louisville,Recipe.Rare,T_UI_Item_Recipe_Rare,Smart Brush,Gunsmith Recipe - Louisville,5600,Rarity.Rare,,,,
InventoryDefinition_CraftingRecipe,ID_Rec_Weap_Longsword,Recipe.Rare,T_UI_Item_Recipe_Rare,Smart Brush,Metallurgist Recipe - Longsword,5250,Rarity.Rare,,,,
InventoryDefinition_CraftingRecipe,ID_Rec_Weap_Longboy,Recipe.Uncommon,T_UI_Item_Recipe_Uncommon,Smart Brush,Gunsmith Recipe - Longboy,1510,Rarity.Uncommon,,,,
InventoryDefinition_CraftingRecipe,ID_Rec_Weap_Lionne,Recipe.Legendary,T_UI_Item_Recipe_Legendary,Smart Brush,Gunsmith Recipe - Lionne,70000,Rarity.Legendary,,,,
InventoryDefinition_CraftingRecipe,ID_Rec_Weap_Lasher,Recipe.Legendary,T_UI_Item_Recipe_Legendary,Smart Brush,Gunsmith Recipe - Lasher,86000,Rarity.Legendary,,,,
InventoryDefinition_CraftingRecipe,ID_Rec_Weap_Kompas,Recipe.Epic,T_UI_Item_Recipe_Epic,Smart Brush,Gunsmith Recipe - Kompas,12100,Rarity.Epic,,,,
InventoryDefinition_CraftingRecipe,ID_Rec_Weap_Jager,Recipe.Artifact,T_UI_Item_Recipe_Artifact,Smart Brush,Gunsmith Recipe - Jager,350000,Rarity.Artifact,,,,
InventoryDefinition_CraftingRecipe,ID_Rec_Weap_Halberd,Recipe.Legendary,T_UI_Item_Recipe_Legendary,Smart Brush,Metallurgist Recipe - Halberd,48000,Rarity.Legendary,,,,
InventoryDefinition_CraftingRecipe,ID_Rec_Weap_Drak_FS,Recipe.Artifact,T_UI_Item_Recipe_Artifact,Smart Brush,Gunsmith Recipe - Farsight Drak,100,Rarity.Artifact,,,,
InventoryDefinition_CraftingRecipe,ID_Rec_Weap_Drak,Recipe.Artifact,T_UI_Item_Recipe_Artifact,Smart Brush,Gunsmith Recipe - Drak,425000,Rarity.Artifact,,,,
InventoryDefinition_CraftingRecipe,ID_Rec_Weap_Deux,Recipe.Epic,T_UI_Item_Recipe_Epic,Smart Brush,Gunsmith Recipe - Deux,8810,Rarity.Epic,,,,
InventoryDefinition_CraftingRecipe,ID_Rec_Weap_Dagger,Recipe.Uncommon,T_UI_Item_Recipe_Uncommon,Smart Brush,Metallurgist Recipe - Dagger,940,Rarity.Uncommon,,,,
InventoryDefinition_CraftingRecipe,ID_Rec_Weap_Club,Recipe.Uncommon,T_UI_Item_Recipe_Uncommon,Smart Brush,Metallurgist Recipe - Club,2480,Rarity.Uncommon,,,,
InventoryDefinition_CraftingRecipe,ID_Rec_Weap_Cavalier,Recipe.Epic,T_UI_Item_Recipe_Epic,Smart Brush,Gunsmith Recipe - Cavalier,9180,Rarity.Epic,,,,
InventoryDefinition_CraftingRecipe,ID_Rec_Weap_BrownBetty,Recipe.Uncommon,T_UI_Item_Recipe_Uncommon,Smart Brush,Gunsmith Recipe - Brown Betty,730,Rarity.Uncommon,,,,
InventoryDefinition_CraftingRecipe,ID_Rec_Weap_Borodino,Recipe.Legendary,T_UI_Item_Recipe_Legendary,Smart Brush,Gunsmith Recipe - Borodino,52000,Rarity.Legendary,,,,
InventoryDefinition_CraftingRecipe,ID_Rec_Weap_Belier,Recipe.Artifact,T_UI_Item_Recipe_Artifact,Smart Brush,Gunsmith Recipe - Belier,400000,Rarity.Artifact,,,,
InventoryDefinition_CraftingRecipe,ID_Rec_Weap_Axe,Recipe.Epic,T_UI_Item_Recipe_Epic,Smart Brush,Metallurgist Recipe - Axe,6500,Rarity.Epic,,,,
InventoryDefinition_CraftingRecipe,ID_Rec_Weap_Auster,Recipe.Rare,T_UI_Item_Recipe_Rare,Smart Brush,Gunsmith Recipe - Auster,3500,Rarity.Rare,,,,
InventoryDefinition_CraftingRecipe,ID_Rec_Water_Uncommon01,Recipe.Rare,T_UI_Item_Recipe_Rare,Smart Brush,Cook Recipe - Boiled Water,550,Rarity.Rare,,,,
InventoryDefinition_CraftingRecipe,ID_Rec_Water_Rare01,Recipe.Epic,T_UI_Item_Recipe_Epic,Smart Brush,Cook Recipe - Purified Water,880,Rarity.Epic,,,,
InventoryDefinition_CraftingRecipe,ID_Rec_Water_Legendary01,Recipe.Artifact,T_UI_Item_Recipe_Artifact,Smart Brush,Cook Recipe - Évian Spring Water,43400,Rarity.Artifact,,,,
InventoryDefinition_CraftingRecipe,ID_Rec_Water_Epic01,Recipe.Legendary,T_UI_Item_Recipe_Legendary,Smart Brush,Cook Recipe - Regimental Reserve,880,Rarity.Epic,,,,
InventoryDefinition_CraftingRecipe,ID_Rec_Water_Common01,Recipe.Uncommon,T_UI_Item_Recipe_Uncommon,Smart Brush,Cook Recipe - Tepid Water,180,Rarity.Uncommon,,,,
InventoryDefinition_CraftingRecipe,ID_Rec_Soup_Uncommon01,Recipe.Rare,T_UI_Item_Recipe_Rare,Smart Brush,Cook Recipe - Cabbage Soup,600,Rarity.Rare,,,,
InventoryDefinition_CraftingRecipe,ID_Rec_Soup_Rare01,Recipe.Epic,T_UI_Item_Recipe_Epic,Smart Brush,Cook Recipe - Kedgeree,1550,Rarity.Epic,,,,
InventoryDefinition_CraftingRecipe,ID_Rec_Soup_Legendary01,Recipe.Artifact,T_UI_Item_Recipe_Artifact,Smart Brush,Cook Recipe - Imperial Pot-au-Feu,38700,Rarity.Artifact,,,,
InventoryDefinition_CraftingRecipe,ID_Rec_Soup_Epic01,Recipe.Legendary,T_UI_Item_Recipe_Legendary,Smart Brush,Cook Recipe - Burgundy Ragout,12240,Rarity.Legendary,,,,
InventoryDefinition_CraftingRecipe,ID_Rec_Soup_Common01,Recipe.Uncommon,T_UI_Item_Recipe_Uncommon,Smart Brush,Cook Recipe - Thin Gruel,190,Rarity.Uncommon,,,,
InventoryDefinition_CraftingRecipe,ID_Rec_Scavenger_Textile_Uncommon02,Recipe.Rare,T_UI_Item_Recipe_Rare,Smart Brush,Scavenger Recipe - Bolt of Linen Cloth,5310,Rarity.Rare,,,,
InventoryDefinition_CraftingRecipe,ID_Rec_Scavenger_Textile_Rare02,Recipe.Epic,T_UI_Item_Recipe_Epic,Smart Brush,Scavenger Recipe - Bolt of Cotton Cloth,19660,Rarity.Epic,,,,
InventoryDefinition_CraftingRecipe,ID_Rec_Scavenger_Textile_Legendary02,Recipe.Artifact,T_UI_Item_Recipe_Artifact,Smart Brush,Scavenger Recipe - Bolt of Silk Cloth,735300,Rarity.Artifact,,,,
InventoryDefinition_CraftingRecipe,ID_Rec_Scavenger_Textile_Epic02,Recipe.Legendary,T_UI_Item_Recipe_Legendary,Smart Brush,Scavenger Recipe - Bolt of Fine Wool,116830,Rarity.Legendary,,,,
InventoryDefinition_CraftingRecipe,ID_Rec_Scavenger_Textile_Common02,Recipe.Uncommon,T_UI_Item_Recipe_Uncommon,Smart Brush,Scavenger Recipe - Bolt of Burlap Cloth,120,Rarity.Uncommon,,,,
InventoryDefinition_CraftingRecipe,ID_Rec_Scavenger_Metal_Uncommon01,Recipe.Rare,T_UI_Item_Recipe_Rare,Smart Brush,Scavenger Recipe - Copper Bar,5310,Rarity.Rare,,,,
InventoryDefinition_CraftingRecipe,ID_Rec_Scavenger_Metal_Rare01,Recipe.Epic,T_UI_Item_Recipe_Epic,Smart Brush,Scavenger Recipe - Iron Bar,19660,Rarity.Epic,,,,
InventoryDefinition_CraftingRecipe,ID_Rec_Scavenger_Metal_Legendary01,Recipe.Artifact,T_UI_Item_Recipe_Artifact,Smart Brush,Scavenger Recipe - Gold Bar,735300,Rarity.Artifact,,,,
InventoryDefinition_CraftingRecipe,ID_Rec_Scavenger_Metal_Epic01,Recipe.Legendary,T_UI_Item_Recipe_Legendary,Smart Brush,Scavenger Recipe - Silver Bar,116830,Rarity.Legendary,,,,
InventoryDefinition_CraftingRecipe,ID_Rec_Scavenger_Metal_Common01,Recipe.Uncommon,T_UI_Item_Recipe_Uncommon,Smart Brush,Scavenger Recipe - Lead Bar,120,Rarity.Uncommon,,,,
InventoryDefinition_CraftingRecipe,ID_Rec_Rum_Uncommon01,Recipe.Rare,T_UI_Item_Recipe_Rare,Smart Brush,Cook Recipe - Sweet Rum,1750,Rarity.Rare,,,,
InventoryDefinition_CraftingRecipe,ID_Rec_Rum_Rare01,Recipe.Epic,T_UI_Item_Recipe_Epic,Smart Brush,Cook Recipe - Rum of the Indies,6850,Rarity.Epic,,,,
InventoryDefinition_CraftingRecipe,ID_Rec_Rum_Legendary01,Recipe.Artifact,T_UI_Item_Recipe_Artifact,Smart Brush,Cook Recipe - Remy of Barbadoes Rum,87000,Rarity.Artifact,,,,
InventoryDefinition_CraftingRecipe,ID_Rec_Rum_Epic01,Recipe.Legendary,T_UI_Item_Recipe_Legendary,Smart Brush,Cook Recipe - Naval Rum,42000,Rarity.Epic,,,,
InventoryDefinition_CraftingRecipe,ID_Rec_Rum_Common01,Recipe.Uncommon,T_UI_Item_Recipe_Uncommon,Smart Brush,Cook Recipe - Spoiled Rum,240,Rarity.Uncommon,,,,
InventoryDefinition_CraftingRecipe,ID_Rec_RepairTong_Uncommon01,Recipe.Rare,T_UI_Item_Recipe_Rare,Smart Brush,Artificer Recipe - Journeyman Tongs,4770,Rarity.Rare,,,,
InventoryDefinition_CraftingRecipe,ID_Rec_RepairTong_Rare01,Recipe.Epic,T_UI_Item_Recipe_Epic,Smart Brush,Artificer Recipe - Machinist Tongs,17690,Rarity.Epic,,,,
InventoryDefinition_CraftingRecipe,ID_Rec_RepairTong_Legendary01,Recipe.Artifact,T_UI_Item_Recipe_Artifact,Smart Brush,Artificer Recipe - Clockwork Tongs,661770,Rarity.Artifact,,,,
InventoryDefinition_CraftingRecipe,ID_Rec_RepairTong_Epic01,Recipe.Legendary,T_UI_Item_Recipe_Legendary,Smart Brush,Artificer Recipe - Delicate Tongs,105140,Rarity.Legendary,,,,
InventoryDefinition_CraftingRecipe,ID_Rec_RepairTong_Common01,Recipe.Uncommon,T_UI_Item_Recipe_Uncommon,Smart Brush,Artificer Recipe - Rusty Tongs,750,Rarity.Uncommon,,,,
InventoryDefinition_CraftingRecipe,ID_Rec_Naturalist_Spice_Uncommon01,Recipe.Rare,T_UI_Item_Recipe_Rare,Smart Brush,Naturalist Recipe - Oil Of Clove,5310,Rarity.Rare,,,,
InventoryDefinition_CraftingRecipe,ID_Rec_Naturalist_Spice_Rare01,Recipe.Epic,T_UI_Item_Recipe_Epic,Smart Brush,Naturalist Recipe - Fine Cinnamon,19660,Rarity.Epic,,,,
InventoryDefinition_CraftingRecipe,ID_Rec_Naturalist_Spice_Legendary01,Recipe.Artifact,T_UI_Item_Recipe_Artifact,Smart Brush,Naturalist Recipe - Malabar Pepper,735300,Rarity.Artifact,,,,
InventoryDefinition_CraftingRecipe,ID_Rec_Naturalist_Spice_Epic01,Recipe.Legendary,T_UI_Item_Recipe_Legendary,Smart Brush,Naturalist Recipe - Saffron Threads,116830,Rarity.Legendary,,,,
InventoryDefinition_CraftingRecipe,ID_Rec_Naturalist_Spice_Common01,Recipe.Uncommon,T_UI_Item_Recipe_Uncommon,Smart Brush,Naturalist Recipe - Sour Garlic,120,Rarity.Uncommon,,,,
InventoryDefinition_CraftingRecipe,ID_Rec_Naturalist_Herb_Uncommon01,Recipe.Rare,T_UI_Item_Recipe_Rare,Smart Brush,Naturalist Recipe - Dried Rosemary,5310,Rarity.Rare,,,,
InventoryDefinition_CraftingRecipe,ID_Rec_Naturalist_Herb_Rare01,Recipe.Epic,T_UI_Item_Recipe_Epic,Smart Brush,Naturalist Recipe - Pink Yarrow Dust,19660,Rarity.Epic,,,,
InventoryDefinition_CraftingRecipe,ID_Rec_Naturalist_Herb_Legendary01,Recipe.Artifact,T_UI_Item_Recipe_Artifact,Smart Brush,Naturalist Recipe - Milk Of Poppy,735300,Rarity.Artifact,,,,
InventoryDefinition_CraftingRecipe,ID_Rec_Naturalist_Herb_Epic01,Recipe.Legendary,T_UI_Item_Recipe_Legendary,Smart Brush,Naturalist Recipe - Fungal Unguent,116830,Rarity.Legendary,,,,
InventoryDefinition_CraftingRecipe,ID_Rec_Naturalist_Herb_Common01,Recipe.Uncommon,T_UI_Item_Recipe_Uncommon,Smart Brush,Naturalist Recipe - Lavender Oil,120,Rarity.Uncommon,,,,
InventoryDefinition_CraftingRecipe,ID_Rec_Conservator_Mech_Uncommon01,Recipe.Rare,T_UI_Item_Recipe_Rare,Smart Brush,Conservator Recipe - Trigger Arm,5310,Rarity.Rare,,,,
InventoryDefinition_CraftingRecipe,ID_Rec_Conservator_Mech_Rare01,Recipe.Epic,T_UI_Item_Recipe_Epic,Smart Brush,Conservator Recipe - Polished Firing Pin,19660,Rarity.Epic,,,,
InventoryDefinition_CraftingRecipe,ID_Rec_Conservator_Mech_Legendary01,Recipe.Artifact,T_UI_Item_Recipe_Artifact,Smart Brush,Conservator Recipe - Marksman's Spine,735300,Rarity.Artifact,,,,
InventoryDefinition_CraftingRecipe,ID_Rec_Conservator_Mech_Epic01,Recipe.Legendary,T_UI_Item_Recipe_Legendary,Smart Brush,Conservator Recipe - Lockspring Steel,116830,Rarity.Legendary,,,,
InventoryDefinition_CraftingRecipe,ID_Rec_Conservator_Mech_Common02,Recipe.Uncommon,T_UI_Item_Recipe_Uncommon,Smart Brush,Conservator Recipe - Fresh Gunpowder,100,Rarity.Uncommon,,,,
InventoryDefinition_CraftingRecipe,ID_Rec_Conservator_Mech_Common01,Recipe.Uncommon,T_UI_Item_Recipe_Uncommon,Smart Brush,Conservator Recipe - Sharp Screws,120,Rarity.Uncommon,,,,
InventoryDefinition_CraftingRecipe,ID_Rec_Conservator_Curio_Uncommon01,Recipe.Rare,T_UI_Item_Recipe_Rare,Smart Brush,Artificer Recipe - Ferrite,5310,Rarity.Rare,,,,
InventoryDefinition_CraftingRecipe,ID_Rec_Conservator_Curio_Rare01,Recipe.Epic,T_UI_Item_Recipe_Epic,Smart Brush,Artificer Recipe - Ambergris,19660,Rarity.Epic,,,,
InventoryDefinition_CraftingRecipe,ID_Rec_Conservator_Curio_Legendary01,Recipe.Artifact,T_UI_Item_Recipe_Artifact,Smart Brush,Artificer Recipe - Distilled Mercury,735300,Rarity.Artifact,,,,
InventoryDefinition_CraftingRecipe,ID_Rec_Conservator_Curio_Epic01,Recipe.Legendary,T_UI_Item_Recipe_Legendary,Smart Brush,Artificer Recipe - Chromatic Lens,116830,Rarity.Legendary,,,,
InventoryDefinition_CraftingRecipe,ID_Rec_Conservator_Curio_Common01,Recipe.Uncommon,T_UI_Item_Recipe_Uncommon,Smart Brush,Artificer Recipe - Copper Twine,120,Rarity.Uncommon,,,,
InventoryDefinition_CraftingRecipe,ID_Rec_Bread_Uncommon01,Recipe.Rare,T_UI_Item_Recipe_Rare,Smart Brush,Cook Recipe - Fresh Baguette,600,Rarity.Rare,,,,
InventoryDefinition_CraftingRecipe,ID_Rec_Bread_Rare01,Recipe.Epic,T_UI_Item_Recipe_Epic,Smart Brush,Cook Recipe - Fougasse Bread,1250,Rarity.Epic,,,,
InventoryDefinition_CraftingRecipe,ID_Rec_Bread_Legendary01,Recipe.Artifact,T_UI_Item_Recipe_Artifact,Smart Brush,Cook Recipe - Brioche,428550,Rarity.Artifact,,,,
InventoryDefinition_CraftingRecipe,ID_Rec_Bread_Epic01,Recipe.Legendary,T_UI_Item_Recipe_Legendary,Smart Brush,Cook Recipe - Spiced Bread,12240,Rarity.Legendary,,,,
InventoryDefinition_CraftingRecipe,ID_Rec_Bread_Common01,Recipe.Uncommon,T_UI_Item_Recipe_Uncommon,Smart Brush,Cook Recipe - Mouldy Baguette,280,Rarity.Uncommon,,,,
InventoryDefinition_CraftingRecipe,ID_Rec_Bloodbag_Uncommon01,Recipe.Rare,T_UI_Item_Recipe_Rare,Smart Brush,Physician Recipe - Sealed Bloodbag,5310,Rarity.Rare,,,,
InventoryDefinition_CraftingRecipe,ID_Rec_Bloodbag_Rare01,Recipe.Epic,T_UI_Item_Recipe_Epic,Smart Brush,Physician Recipe - Pressurised Bloodbag,19660,Rarity.Epic,,,,
InventoryDefinition_CraftingRecipe,ID_Rec_Bloodbag_Legendary01,Recipe.Artifact,T_UI_Item_Recipe_Artifact,Smart Brush,Physician Recipe - The Psychopomp,735300,Rarity.Artifact,,,,
InventoryDefinition_CraftingRecipe,ID_Rec_Bloodbag_Epic01,Recipe.Legendary,T_UI_Item_Recipe_Legendary,Smart Brush,Physician Recipe - Scarlet Return,116830,Rarity.Legendary,,,,
InventoryDefinition_CraftingRecipe,ID_Rec_Bloodbag_Common01,Recipe.Uncommon,T_UI_Item_Recipe_Uncommon,Smart Brush,Physician Recipe - Crude Bloodbag,1300,Rarity.Uncommon,,,,
InventoryDefinition_CraftingRecipe,ID_Rec_Bag_Weapon_Rare01,Recipe.Epic,T_UI_Item_Recipe_Epic,Smart Brush,Outfitter Recipe - Hunting Sling,17500,Rarity.Epic,,,,
InventoryDefinition_CraftingRecipe,ID_Rec_Bag_Weapon_Legendary01,Recipe.Artifact,T_UI_Item_Recipe_Artifact,Smart Brush,Outfitter Recipe - Apollo Holster,440000,Rarity.Artifact,,,,
InventoryDefinition_CraftingRecipe,ID_Rec_Bag_Weapon_Epic01,Recipe.Legendary,T_UI_Item_Recipe_Legendary,Smart Brush,Outfitter Recipe - Boutet's Riflecase,68000,Rarity.Legendary,,,,
InventoryDefinition_CraftingRecipe,ID_Rec_Bag_Lockbox_Legendary01,Recipe.Artifact,T_UI_Item_Recipe_Artifact,Smart Brush,Outfitter Recipe - Charon's Oyster,4500000,Rarity.Artifact,,,,
InventoryDefinition_CraftingRecipe,ID_Rec_Bag_Lockbox_Epic01,Recipe.Artifact,T_UI_Item_Recipe_Artifact,Smart Brush,Outfitter Recipe - Silver Pocket,620000,Rarity.Legendary,,,,
InventoryDefinition_CraftingRecipe,ID_Rec_Bag_Hip_Uncommon03,Recipe.Rare,T_UI_Item_Recipe_Rare,Smart Brush,Outfitter Recipe - Old Satchel,2520,Rarity.Rare,,,,
InventoryDefinition_CraftingRecipe,ID_Rec_Bag_Hip_Uncommon02,Recipe.Rare,T_UI_Item_Recipe_Rare,Smart Brush,Outfitter Recipe - Threshing Basket,2200,Rarity.Rare,,,,
InventoryDefinition_CraftingRecipe,ID_Rec_Bag_Hip_Uncommon01,Recipe.Rare,T_UI_Item_Recipe_Rare,Smart Brush,Outfitter Recipe - Ragged Sack,1500,Rarity.Rare,,,,
InventoryDefinition_CraftingRecipe,ID_Rec_Bag_Hip_Rare02,Recipe.Epic,T_UI_Item_Recipe_Epic,Smart Brush,Outfitter Recipe - Attachés Fold,10520,Rarity.Epic,,,,
InventoryDefinition_CraftingRecipe,ID_Rec_Bag_Hip_Rare01,Recipe.Epic,T_UI_Item_Recipe_Epic,Smart Brush,Outfitter Recipe - Grubber's Purse,9380,Rarity.Epic,,,,
InventoryDefinition_CraftingRecipe,ID_Rec_Bag_Hip_Legendary02,Recipe.Artifact,T_UI_Item_Recipe_Artifact,Smart Brush,Outfitter Recipe - Pegasus,250000,Rarity.Artifact,,,,
InventoryDefinition_CraftingRecipe,ID_Rec_Bag_Hip_Legendary01,Recipe.Artifact,T_UI_Item_Recipe_Artifact,Smart Brush,Outfitter Recipe - Zazel's Carry,185000,Rarity.Artifact,,,,
InventoryDefinition_CraftingRecipe,ID_Rec_Bag_Hip_Epic03,Recipe.Legendary,T_UI_Item_Recipe_Legendary,Smart Brush,Outfitter Recipe - Miser's Purse,52000,Rarity.Legendary,,,,
InventoryDefinition_CraftingRecipe,ID_Rec_Bag_Hip_Epic02,Recipe.Legendary,T_UI_Item_Recipe_Legendary,Smart Brush,Outfitter Recipe - Butterfly Cannister,45000,Rarity.Legendary,,,,
InventoryDefinition_CraftingRecipe,ID_Rec_Bag_Hip_Epic01,Recipe.Legendary,T_UI_Item_Recipe_Legendary,Smart Brush,Outfitter Recipe - Case of the Old Guard,38000,Rarity.Legendary,,,,
InventoryDefinition_CraftingRecipe,ID_Rec_Bag_Hip_Common02,Recipe.Uncommon,T_UI_Item_Recipe_Uncommon,Smart Brush,Outfitter Recipe - Rusty Bucket,440,Rarity.Uncommon,,,,
InventoryDefinition_CraftingRecipe,ID_Rec_Bag_Hip_Common01,Recipe.Uncommon,T_UI_Item_Recipe_Uncommon,Smart Brush,Outfitter Recipe - Moist Pouch,380,Rarity.Uncommon,,,,
InventoryDefinition_CraftingRecipe,ID_Rec_Bag_Back_Uncommon03,Recipe.Rare,T_UI_Item_Recipe_Rare,Smart Brush,Outfitter Recipe - Leather Barrel Bag,3230,Rarity.Rare,,,,
InventoryDefinition_CraftingRecipe,ID_Rec_Bag_Back_Uncommon02,Recipe.Rare,T_UI_Item_Recipe_Rare,Smart Brush,Outfitter Recipe - Muriel's Box,3110,Rarity.Rare,,,,
InventoryDefinition_CraftingRecipe,ID_Rec_Bag_Back_Uncommon01,Recipe.Rare,T_UI_Item_Recipe_Rare,Smart Brush,Outfitter Recipe - Burlap Haversack,2730,Rarity.Rare,,,,
InventoryDefinition_CraftingRecipe,ID_Rec_Bag_Back_Rare02,Recipe.Epic,T_UI_Item_Recipe_Epic,Smart Brush,Outfitter Recipe - Grenadier's Battlepack,14920,Rarity.Epic,,,,
InventoryDefinition_CraftingRecipe,ID_Rec_Bag_Back_Rare01,Recipe.Epic,T_UI_Item_Recipe_Epic,Smart Brush,Outfitter Recipe - Ludwig's Drumcase,12650,Rarity.Epic,,,,
InventoryDefinition_CraftingRecipe,ID_Rec_Bag_Back_Legendary03,Recipe.Artifact,T_UI_Item_Recipe_Artifact,Smart Brush,Outfitter Recipe - Sheath of the Four Winds,420000,Rarity.Artifact,,,,
InventoryDefinition_CraftingRecipe,ID_Rec_Bag_Back_Legendary02,Recipe.Artifact,T_UI_Item_Recipe_Artifact,Smart Brush,Outfitter Recipe - Zealot's Tower,370000,Rarity.Artifact,,,,
InventoryDefinition_CraftingRecipe,ID_Rec_Bag_Back_Legendary01,Recipe.Artifact,T_UI_Item_Recipe_Artifact,Smart Brush,Outfitter Recipe - Coldstream Pack,280000,Rarity.Artifact,,,,
InventoryDefinition_CraftingRecipe,ID_Rec_Bag_Back_Epic02,Recipe.Legendary,T_UI_Item_Recipe_Legendary,Smart Brush,Outfitter Recipe - Bag of Maratha,64000,Rarity.Legendary,,,,
InventoryDefinition_CraftingRecipe,ID_Rec_Bag_Back_Epic01,Recipe.Legendary,T_UI_Item_Recipe_Legendary,Smart Brush,Outfitter Recipe - Trevallion's Valise,58000,Rarity.Legendary,,,,
InventoryDefinition_CraftingRecipe,ID_Rec_Bag_Back_Common02,Recipe.Uncommon,T_UI_Item_Recipe_Uncommon,Smart Brush,Outfitter Recipe - Foraging Basket,900,Rarity.Uncommon,,,,
InventoryDefinition_CraftingRecipe,ID_Rec_Bag_Back_Common01,Recipe.Uncommon,T_UI_Item_Recipe_Uncommon,Smart Brush,Outfitter Recipe - Damp Knapsack,780,Rarity.Uncommon,,,,
InventoryDefinition_CraftingRecipe,ID_Rec_Armour_Leg_Uncommon01,Recipe.Rare,T_UI_Item_Recipe_Rare,Smart Brush,Outfitter Recipe - Leather Greaves,1780,Rarity.Rare,,,,
InventoryDefinition_CraftingRecipe,ID_Rec_Armour_Leg_Rare01,Recipe.Epic,T_UI_Item_Recipe_Epic,Smart Brush,Outfitter Recipe - Sapper's Greaves,6800,Rarity.Epic,,,,
InventoryDefinition_CraftingRecipe,ID_Rec_Armour_Leg_Legendary01,Recipe.Artifact,T_UI_Item_Recipe_Artifact,Smart Brush,Outfitter Recipe - Old Guard Greaves,278000,Rarity.Artifact,,,,
InventoryDefinition_CraftingRecipe,ID_Rec_Armour_Leg_Epic01,Recipe.Legendary,T_UI_Item_Recipe_Legendary,Smart Brush,Outfitter Recipe - Black Dragoon Greaves,42000,Rarity.Legendary,,,,
InventoryDefinition_CraftingRecipe,ID_Rec_Armour_Head_Uncommon01,Recipe.Rare,T_UI_Item_Recipe_Rare,Smart Brush,Outfitter Recipe - Leather Helmet,1700,Rarity.Rare,,,,
InventoryDefinition_CraftingRecipe,ID_Rec_Armour_Head_Rare01,Recipe.Epic,T_UI_Item_Recipe_Epic,Smart Brush,Outfitter Recipe - Sapper's Helmet,7180,Rarity.Epic,,,,
InventoryDefinition_CraftingRecipe,ID_Rec_Armour_Head_Legendary01,Recipe.Artifact,T_UI_Item_Recipe_Artifact,Smart Brush,Outfitter Recipe - Old Guard Helmet,216000,Rarity.Artifact,,,,
InventoryDefinition_CraftingRecipe,ID_Rec_Armour_Head_Epic01,Recipe.Legendary,T_UI_Item_Recipe_Legendary,Smart Brush,Outfitter Recipe - Black Dragoon Helmet,36320,Rarity.Legendary,,,,
InventoryDefinition_CraftingRecipe,ID_Rec_Armour_Chest_Uncommon01,Recipe.Rare,T_UI_Item_Recipe_Rare,Smart Brush,Outfitter Recipe - Leather Cuirass,2430,Rarity.Rare,,,,
InventoryDefinition_CraftingRecipe,ID_Rec_Armour_Chest_Rare01,Recipe.Epic,T_UI_Item_Recipe_Epic,Smart Brush,Outfitter Recipe - Sapper's Cuirass,7870,Rarity.Epic,,,,
InventoryDefinition_CraftingRecipe,ID_Rec_Armour_Chest_Legendary01,Recipe.Artifact,T_UI_Item_Recipe_Artifact,Smart Brush,Outfitter Recipe - Old Guard Cuirass,323000,Rarity.Artifact,,,,
InventoryDefinition_CraftingRecipe,ID_Rec_Armour_Chest_Epic01,Recipe.Legendary,T_UI_Item_Recipe_Legendary,Smart Brush,Outfitter Recipe - Black Dragoon Cuirass,51500,Rarity.Legendary,,,,
InventoryDefinition_CraftingRecipe,ID_Rec_Armour_Chest_Common01,Recipe.Uncommon,T_UI_Item_Recipe_Uncommon,Smart Brush,Outfitter Recipe - Quilted Cuirass,940,Rarity.Uncommon,,,,
InventoryDefinition_CraftingRecipe,ID_Rec_ArmourPlate_Uncommon01,Recipe.Rare,T_UI_Item_Recipe_Rare,Smart Brush,Artificer Recipe - Leather Armour Plate,2720,Rarity.Rare,,,,
InventoryDefinition_CraftingRecipe,ID_Rec_ArmourPlate_Rare01,Recipe.Epic,T_UI_Item_Recipe_Epic,Smart Brush,Artificer Recipe - Ceramic Armour Plate,10730,Rarity.Epic,,,,
InventoryDefinition_CraftingRecipe,ID_Rec_ArmourPlate_Legendary01,Recipe.Artifact,T_UI_Item_Recipe_Artifact,Smart Brush,Artificer Recipe - Damascus Armour Plate,135480,Rarity.Artifact,,,,
InventoryDefinition_CraftingRecipe,ID_Rec_ArmourPlate_Epic01,Recipe.Legendary,T_UI_Item_Recipe_Legendary,Smart Brush,Artificer Recipe - Steel Armour Plate,65570,Rarity.Legendary,,,,
InventoryDefinition_CraftingRecipe,ID_Rec_ArmourPlate_Common01,Recipe.Uncommon,T_UI_Item_Recipe_Uncommon,Smart Brush,Artificer Recipe - Cloth Armour Plate,550,Rarity.Uncommon,,,,
InventoryDefinition_CraftingRecipe,ID_Rec_Apple_Uncommon01,Recipe.Rare,T_UI_Item_Recipe_Rare,Smart Brush,Cook Recipe - Jellied Apple,600,Rarity.Rare,,,,
InventoryDefinition_CraftingRecipe,ID_Rec_Apple_Rare01,Recipe.Epic,T_UI_Item_Recipe_Epic,Smart Brush,Cook Recipe - Apple Pie,880,Rarity.Epic,,,,
InventoryDefinition_CraftingRecipe,ID_Rec_Apple_Legendary01,Recipe.Artifact,T_UI_Item_Recipe_Artifact,Smart Brush,Cook Recipe - Tarte Tatin,43400,Rarity.Artifact,,,,
InventoryDefinition_CraftingRecipe,ID_Rec_Apple_Epic01,Recipe.Legendary,T_UI_Item_Recipe_Legendary,Smart Brush,Cook Recipe - Candied Apple,880,Rarity.Legendary,,,,
InventoryDefinition_CraftingRecipe,ID_Rec_Apple_Common01,Recipe.Uncommon,T_UI_Item_Recipe_Uncommon,Smart Brush,Cook Recipe - Stewed Apple,120,Rarity.Uncommon,,,,
InventoryDefinition_CraftingRecipe,ID_Rec_Antidote_Uncommon01,Recipe.Rare,T_UI_Item_Recipe_Rare,Smart Brush,Physician Recipe - Weak Antidote,1780,Rarity.Rare,,,,
InventoryDefinition_CraftingRecipe,ID_Rec_Antidote_Rare01,Recipe.Epic,T_UI_Item_Recipe_Epic,Smart Brush,Physician Recipe - Robust Antidote,6900,Rarity.Epic,,,,
InventoryDefinition_CraftingRecipe,ID_Rec_Antidote_Epic01,Recipe.Legendary,T_UI_Item_Recipe_Legendary,Smart Brush,Physician Recipe - Empusa's Tonic,4081,Rarity.Legendary,,,,
InventoryDefinition_CraftingRecipe,ID_Rec_Ampoule_Uncommon01,Recipe.Rare,T_UI_Item_Recipe_Rare,Smart Brush,Physician Recipe - Basic Ampoule,1580,Rarity.Rare,,,,
InventoryDefinition_CraftingRecipe,ID_Rec_Ampoule_Rare01,Recipe.Epic,T_UI_Item_Recipe_Epic,Smart Brush,Physician Recipe - Robust Ampoule,6230,Rarity.Epic,,,,
InventoryDefinition_CraftingRecipe,ID_Rec_Ampoule_Legendary01,Recipe.Artifact,T_UI_Item_Recipe_Artifact,Smart Brush,Physician Recipe - Ambrosia,78660,Rarity.Artifact,,,,
InventoryDefinition_CraftingRecipe,ID_Rec_Ampoule_Epic01,Recipe.Legendary,T_UI_Item_Recipe_Legendary,Smart Brush,Physician Recipe - Empusa's Tonic,38070,Rarity.Legendary,,,,
InventoryDefinition_CraftingRecipe,ID_Rec_Ampoule_Common01,Recipe.Uncommon,T_UI_Item_Recipe_Uncommon,Smart Brush,Physician Recipe - Crude Ampoule ,320,Rarity.Uncommon,,,,
InventoryDefinition_CraftingRecipe,ID_Rec_Ammo_Refined,Recipe.Epic,T_UI_Item_Recipe_Epic,Smart Brush,Gunsmith Recipe - Refined Ammunition,250000,Rarity.Legendary,,,,
InventoryDefinition_CraftingRecipe,ID_Rec_Ammo_Medium,Recipe.Rare,T_UI_Item_Recipe_Rare,Smart Brush,Gunsmith Recipe - Medium Ammunition,2000,Rarity.Rare,,,,
InventoryDefinition_CraftingRecipe,ID_Rec_Ammo_Heavy,Recipe.Epic,T_UI_Item_Recipe_Epic,Smart Brush,Gunsmith Recipe - Heavy Ammunition,40000,Rarity.Epic,,,,
InventoryDefinition_CraftingRecipe,ID_Rec_Ammo_Exotic,Recipe.Legendary,T_UI_Item_Recipe_Legendary,Smart Brush,Gunsmith Recipe - Exotic Ammunition,1200000,Rarity.Legendary,,,,
InventoryDefinition_CraftingRecipe,ID_Rec_Ammo_Crude,Recipe.Uncommon,T_UI_Item_Recipe_Uncommon,Smart Brush,Gunsmith Recipe - Crude Ammunition,900,Rarity.Uncommon,,,,
InventoryDefinition_CosmeticRecipe,ID_Rec_C_Zweihander_Uncommon01,Recipe.Cosmetic.Uncommon,T_UI_Rec_Cos_Uncommon,Smart Brush,Friedrich - Zweihander,723,Rarity.Uncommon,,,,
InventoryDefinition_CosmeticRecipe,ID_Rec_C_Zweihander_Rare01,Recipe.Cosmetic.Rare,T_UI_Rec_Cos_Rare,Smart Brush,Corollium - Zweihander,1320,Rarity.Rare,,,,
InventoryDefinition_CosmeticRecipe,ID_Rec_C_WarAxe_Rare01,Recipe.Cosmetic.Rare,T_UI_Rec_Cos_Rare,Smart Brush,Frey - War Axe,717,Rarity.Rare,,,,
InventoryDefinition_CosmeticRecipe,ID_Rec_C_WarAxe_Epic01_U,Recipe.Cosmetic.Epic,T_UI_Rec_Cos_Epic,Smart Brush,Sacrament - War Axe,3727,Rarity.Epic,,,,
InventoryDefinition_CosmeticRecipe,ID_Rec_C_Vepr_Epic01,Recipe.Cosmetic.Epic,T_UI_Rec_Cos_Epic,Smart Brush,Solstice - Vepr,2161,Rarity.Epic,,,,
InventoryDefinition_CosmeticRecipe,ID_Rec_C_Spear_Rare01,Recipe.Cosmetic.Rare,T_UI_Rec_Cos_Rare,Smart Brush,Partisan - Spear,550000,Rarity.Rare,,,,
InventoryDefinition_CosmeticRecipe,ID_Rec_C_Spear_Legendary01,Recipe.Cosmetic.Legendary,T_UI_Rec_Cos_Legendary,Smart Brush,Exhortation - Spear,3955,Rarity.Legendary,,,,
InventoryDefinition_CosmeticRecipe,ID_Rec_C_Spear_Epic02,Recipe.Cosmetic.Epic,T_UI_Rec_Cos_Epic,Smart Brush,Peasant's Burden - Spear,18,Rarity.Epic,,,,
InventoryDefinition_CosmeticRecipe,ID_Rec_C_Spear_Epic01,Recipe.Cosmetic.Epic,T_UI_Rec_Cos_Epic,Smart Brush,Hybernia - Spear,2573,Rarity.Epic,,,,
InventoryDefinition_CosmeticRecipe,ID_Rec_C_Snub_Epic01,Recipe.Cosmetic.Epic,T_UI_Rec_Cos_Epic,Smart Brush,Danse Macabre - Snub,210,Rarity.Epic,,,,
InventoryDefinition_CosmeticRecipe,ID_Rec_C_ShortSword_Uncommon01,Recipe.Cosmetic.Uncommon,T_UI_Rec_Cos_Uncommon,Smart Brush,Schlag - Short Sword,348,Rarity.Uncommon,,,,
InventoryDefinition_CosmeticRecipe,ID_Rec_C_ShortSword_Rare01,Recipe.Cosmetic.Rare,T_UI_Rec_Cos_Rare,Smart Brush,Katzbalger - Short Sword,1781,Rarity.Rare,,,,
InventoryDefinition_CosmeticRecipe,ID_Rec_C_Sabre_Rare01,Recipe.Cosmetic.Rare,T_UI_Rec_Cos_Rare,Smart Brush,Shashka - Sabre,621,Rarity.Rare,,,,
InventoryDefinition_CosmeticRecipe,ID_Rec_C_Sabre_Epic01,Recipe.Cosmetic.Epic,T_UI_Rec_Cos_Epic,Smart Brush,Tarsus - Sabre,1229,Rarity.Epic,,,,
InventoryDefinition_CosmeticRecipe,ID_Rec_C_Rapier_Rare01,Recipe.Cosmetic.Rare,T_UI_Rec_Cos_Rare,Smart Brush,Loup - Rapier,600,Rarity.Rare,,,,
InventoryDefinition_CosmeticRecipe,ID_Rec_C_Rapier_Epic01,Recipe.Cosmetic.Epic,T_UI_Rec_Cos_Epic,Smart Brush,Basilisk - Rapier,2585,Rarity.Epic,,,,
InventoryDefinition_CosmeticRecipe,ID_Rec_C_Marie_Epic01,Recipe.Cosmetic.Epic,T_UI_Rec_Cos_Epic,Smart Brush,Sister of the Seventh Depth - Marie,750000,Rarity.Epic,,,,
InventoryDefinition_CosmeticRecipe,ID_Rec_C_Mace_Uncommon01,Recipe.Cosmetic.Uncommon,T_UI_Rec_Cos_Uncommon,Smart Brush,Baton - Mace,245,Rarity.Uncommon,,,,
InventoryDefinition_CosmeticRecipe,ID_Rec_C_Mace_Legendary02,Recipe.Cosmetic.Legendary,T_UI_Rec_Cos_Legendary,Smart Brush,The Silent Choir - Mace,6941,Rarity.Legendary,,,,
InventoryDefinition_CosmeticRecipe,ID_Rec_C_Mace_Legendary01,Recipe.Cosmetic.Legendary,T_UI_Rec_Cos_Legendary,Smart Brush,Austerlitz - Mace,375000,Rarity.Legendary,,,,
InventoryDefinition_CosmeticRecipe,ID_Rec_C_Mace_Epic01,Recipe.Cosmetic.Epic,T_UI_Rec_Cos_Epic,Smart Brush,Venatore - Mace,1142,Rarity.Epic,,,,
InventoryDefinition_CosmeticRecipe,ID_Rec_C_Louisville_Uncommon09,Recipe.Cosmetic.Uncommon,T_UI_Rec_Cos_Uncommon,Smart Brush,Bavarian Standard - Louisville,285,Rarity.Uncommon,,,,
InventoryDefinition_CosmeticRecipe,ID_Rec_C_Louisville_Uncommon08,Recipe.Cosmetic.Uncommon,T_UI_Rec_Cos_Uncommon,Smart Brush,Italian Standard - Louisville,202,Rarity.Uncommon,,,,
InventoryDefinition_CosmeticRecipe,ID_Rec_C_Louisville_Uncommon07,Recipe.Cosmetic.Uncommon,T_UI_Rec_Cos_Uncommon,Smart Brush,Prussian Standard - Louisville,247,Rarity.Uncommon,,,,
InventoryDefinition_CosmeticRecipe,ID_Rec_C_Louisville_Uncommon06,Recipe.Cosmetic.Uncommon,T_UI_Rec_Cos_Uncommon,Smart Brush,Blenheim Standard - Louisville,217,Rarity.Uncommon,,,,
InventoryDefinition_CosmeticRecipe,ID_Rec_C_Louisville_Uncommon05,Recipe.Cosmetic.Uncommon,T_UI_Rec_Cos_Uncommon,Smart Brush,Peninsular Campaign Banner - Louisville,233,Rarity.Uncommon,,,,
InventoryDefinition_CosmeticRecipe,ID_Rec_C_Louisville_Uncommon04,Recipe.Cosmetic.Uncommon,T_UI_Rec_Cos_Uncommon,Smart Brush,Wrapped St George's Standard - Louisville,216,Rarity.Uncommon,,,,
InventoryDefinition_CosmeticRecipe,ID_Rec_C_Louisville_Uncommon03,Recipe.Cosmetic.Uncommon,T_UI_Rec_Cos_Uncommon,Smart Brush,Wrapped Prussian Standard - Louisville,247,Rarity.Uncommon,,,,
InventoryDefinition_CosmeticRecipe,ID_Rec_C_Louisville_Uncommon02,Recipe.Cosmetic.Uncommon,T_UI_Rec_Cos_Uncommon,Smart Brush,Wrapped Union Jack - Louisville,176,Rarity.Uncommon,,,,
InventoryDefinition_CosmeticRecipe,ID_Rec_C_Louisville_Uncommon01,Recipe.Cosmetic.Uncommon,T_UI_Rec_Cos_Uncommon,Smart Brush,Wrapped Tricolour - Louisville,280,Rarity.Uncommon,,,,
InventoryDefinition_CosmeticRecipe,ID_Rec_C_Longsword_Uncommon01,Recipe.Cosmetic.Uncommon,T_UI_Rec_Cos_Uncommon,Smart Brush,Highlander - Longsword,208,Rarity.Uncommon,,,,
InventoryDefinition_CosmeticRecipe,ID_Rec_C_Longsword_Rare01,Recipe.Cosmetic.Rare,T_UI_Rec_Cos_Rare,Smart Brush,Ascensio - Longsword,1453,Rarity.Rare,,,,
InventoryDefinition_CosmeticRecipe,ID_Rec_C_Longsword_Legendary01,Recipe.Cosmetic.Legendary,T_UI_Rec_Cos_Legendary,Smart Brush,Absolution - Longsword,1,Rarity.Legendary,,,,
InventoryDefinition_CosmeticRecipe,ID_Rec_C_Longsword_Epic02,Recipe.Cosmetic.Epic,T_UI_Rec_Cos_Epic,Smart Brush,Old Iron - Longsword,1877,Rarity.Epic,,,,
InventoryDefinition_CosmeticRecipe,ID_Rec_C_Longsword_Epic01,Recipe.Cosmetic.Epic,T_UI_Rec_Cos_Epic,Smart Brush,Emperor's Kiss - Longsword,1,Rarity.Epic,,,,
InventoryDefinition_CosmeticRecipe,ID_Rec_C_Longboy_Epic01,Recipe.Cosmetic.Epic,T_UI_Rec_Cos_Epic,Smart Brush,Bacchus' Wand - Longboy,210,Rarity.Epic,,,,
InventoryDefinition_CosmeticRecipe,ID_Rec_C_HipBag_Rare01_Rare01,Recipe.Cosmetic.Rare,T_UI_Rec_Cos_Rare,Smart Brush,Argent Purse - Grubber's Purse,1812,Rarity.Rare,,,,
InventoryDefinition_CosmeticRecipe,ID_Rec_C_HipBag_Epic01_Rare01,Recipe.Cosmetic.Rare,T_UI_Rec_Cos_Rare,Smart Brush,Iron Rosette - Case of the Old Guard,1350,Rarity.Rare,,,,
InventoryDefinition_CosmeticRecipe,ID_Rec_C_HipBag03_Uncommon01,Recipe.Cosmetic.Uncommon,T_UI_Rec_Cos_Uncommon,Smart Brush,Bosun's Clasp - Old Satchel,244,Rarity.Uncommon,,,,
InventoryDefinition_CosmeticRecipe,ID_Rec_C_HipBag01_Uncommon01,Recipe.Cosmetic.Uncommon,T_UI_Rec_Cos_Uncommon,Smart Brush,Angler's Sack - Ragged Sack,30000,Rarity.Uncommon,,,,
InventoryDefinition_CosmeticRecipe,ID_Rec_C_Halberd_Rare01,Recipe.Cosmetic.Rare,T_UI_Rec_Cos_Rare,Smart Brush,Hermit - Halberd,887,Rarity.Rare,,,,
InventoryDefinition_CosmeticRecipe,ID_Rec_C_Halberd_Epic01,Recipe.Cosmetic.Epic,T_UI_Rec_Cos_Epic,Smart Brush,Noble - Halberd,275000,Rarity.Epic,,,,
InventoryDefinition_CosmeticRecipe,ID_Rec_C_Dagger_Uncommon02,Recipe.Cosmetic.Uncommon,T_UI_Rec_Cos_Uncommon,Smart Brush,Tenebris - Dagger,231,Rarity.Uncommon,,,,
InventoryDefinition_CosmeticRecipe,ID_Rec_C_Dagger_Uncommon01,Recipe.Cosmetic.Uncommon,T_UI_Rec_Cos_Uncommon,Smart Brush,Sindle - Dagger,101,Rarity.Uncommon,,,,
InventoryDefinition_CosmeticRecipe,ID_Rec_C_Dagger_Rare01,Recipe.Cosmetic.Rare,T_UI_Rec_Cos_Rare,Smart Brush,Stag - Dagger,95000,Rarity.Rare,,,,
InventoryDefinition_CosmeticRecipe,ID_Rec_C_Dagger_Legendary02,Recipe.Cosmetic.Legendary,T_UI_Rec_Cos_Legendary,Smart Brush,Azrael's Lockpick - Dagger,3336,Rarity.Legendary,,,,
InventoryDefinition_CosmeticRecipe,ID_Rec_C_Dagger_Legendary01,Recipe.Cosmetic.Legendary,T_UI_Rec_Cos_Legendary,Smart Brush,Misericorde - Dagger,3638,Rarity.Legendary,,,,
InventoryDefinition_CosmeticRecipe,ID_Rec_C_Dagger_Epic04,Recipe.Cosmetic.Epic,T_UI_Rec_Cos_Epic,Smart Brush,Trident - Dagger,903,Rarity.Epic,,,,
InventoryDefinition_CosmeticRecipe,ID_Rec_C_Dagger_Epic03,Recipe.Cosmetic.Epic,T_UI_Rec_Cos_Epic,Smart Brush,Golgotha - Dagger,1792,Rarity.Epic,,,,
InventoryDefinition_CosmeticRecipe,ID_Rec_C_Dagger_Epic02,Recipe.Cosmetic.Epic,T_UI_Rec_Cos_Epic,Smart Brush,Emperor's Talon - Dagger,3242,Rarity.Epic,,,,
InventoryDefinition_CosmeticRecipe,ID_Rec_C_Dagger_Epic01_U,Recipe.Cosmetic.Epic,T_UI_Rec_Cos_Epic,Smart Brush,Harrow - Dagger,803,Rarity.Epic,,,,
InventoryDefinition_CosmeticRecipe,ID_Rec_C_Club_Rare01,Recipe.Cosmetic.Rare,T_UI_Rec_Cos_Rare,Smart Brush,Brute Femur - Club,852,Rarity.Rare,,,,
InventoryDefinition_CosmeticRecipe,ID_Rec_C_Club_Legendary01,Recipe.Cosmetic.Legendary,T_UI_Rec_Cos_Legendary,Smart Brush,Femoral Sanctus - Club,3955,Rarity.Legendary,,,,
InventoryDefinition_CosmeticRecipe,ID_Rec_C_Club_Epic01,Recipe.Cosmetic.Epic,T_UI_Rec_Cos_Epic,Smart Brush,Crus Sacrilege - Club,2573,Rarity.Epic,,,,
InventoryDefinition_CosmeticRecipe,ID_Rec_C_BrownBetty_Uncommon09,Recipe.Cosmetic.Uncommon,T_UI_Rec_Cos_Uncommon,Smart Brush,Veenstra's Swine - Brown Betty,715,Rarity.Uncommon,,,,
InventoryDefinition_CosmeticRecipe,ID_Rec_C_BrownBetty_Uncommon08,Recipe.Cosmetic.Uncommon,T_UI_Rec_Cos_Uncommon,Smart Brush,Lion of Rotterdam - Brown Betty,125,Rarity.Uncommon,,,,
InventoryDefinition_CosmeticRecipe,ID_Rec_C_BrownBetty_Uncommon07,Recipe.Cosmetic.Uncommon,T_UI_Rec_Cos_Uncommon,Smart Brush,Treaty Workhorse - Brown Betty,170,Rarity.Uncommon,,,,
InventoryDefinition_CosmeticRecipe,ID_Rec_C_BrownBetty_Uncommon06,Recipe.Cosmetic.Uncommon,T_UI_Rec_Cos_Uncommon,Smart Brush,Prussian Eagle - Brown Betty,45,Rarity.Uncommon,,,,
InventoryDefinition_CosmeticRecipe,ID_Rec_C_BrownBetty_Uncommon05,Recipe.Cosmetic.Uncommon,T_UI_Rec_Cos_Uncommon,Smart Brush,Frederick's Revenge - Brown Betty,159,Rarity.Uncommon,,,,
InventoryDefinition_CosmeticRecipe,ID_Rec_C_BrownBetty_Uncommon04,Recipe.Cosmetic.Uncommon,T_UI_Rec_Cos_Uncommon,Smart Brush,House of Medici - Brown Betty,150,Rarity.Uncommon,,,,
InventoryDefinition_CosmeticRecipe,ID_Rec_C_BrownBetty_Uncommon03,Recipe.Cosmetic.Uncommon,T_UI_Rec_Cos_Uncommon,Smart Brush,Hohenzollern Reborn - Brown Betty,204,Rarity.Uncommon,,,,
InventoryDefinition_CosmeticRecipe,ID_Rec_C_BrownBetty_Uncommon02,Recipe.Cosmetic.Uncommon,T_UI_Rec_Cos_Uncommon,Smart Brush,Sable and Gules - Brown Betty,164,Rarity.Uncommon,,,,
InventoryDefinition_CosmeticRecipe,ID_Rec_C_BrownBetty_Uncommon01,Recipe.Cosmetic.Uncommon,T_UI_Rec_Cos_Uncommon,Smart Brush,Argent and Vert - Brown Betty,150,Rarity.Uncommon,,,,
InventoryDefinition_CosmeticRecipe,ID_Rec_C_BrownBetty_Rare01,Recipe.Cosmetic.Rare,T_UI_Rec_Cos_Rare,Smart Brush,Honoured Agreement - Brown Betty,137500,Rarity.Rare,,,,
InventoryDefinition_CosmeticRecipe,ID_Rec_C_BrownBetty_Epic01,Recipe.Cosmetic.Epic,T_UI_Rec_Cos_Epic,Smart Brush,Eastern Promise - Brown Betty,1715,Rarity.Epic,,,,
InventoryDefinition_CosmeticRecipe,ID_Rec_C_BackBag_Uncommon03_Uncommon01,Recipe.Cosmetic.Uncommon,T_UI_Rec_Cos_Uncommon,Smart Brush,Road Cask - Leather Barrel Bag,37500,Rarity.Uncommon,,,,
InventoryDefinition_CosmeticRecipe,ID_Rec_C_BackBag_Uncommon03_Rare01,Recipe.Cosmetic.Rare,T_UI_Rec_Cos_Rare,Smart Brush,Marcher's Roll - Leather Barrel Bag,395,Rarity.Rare,,,,
InventoryDefinition_CosmeticRecipe,ID_Rec_C_BackBag_Uncommon03_Legendary01,Recipe.Cosmetic.Legendary,T_UI_Rec_Cos_Legendary,Smart Brush,Aesir's Tube - Leather Barrel Bag,2375,Rarity.Legendary,,,,
InventoryDefinition_CosmeticRecipe,ID_Rec_C_BackBag_Uncommon03_Epic02,Recipe.Cosmetic.Epic,T_UI_Rec_Cos_Epic,Smart Brush,Sack of Bones - Leather Barrel Bag,1385,Rarity.Epic,,,,
InventoryDefinition_CosmeticRecipe,ID_Rec_C_BackBag_Uncommon03_Epic01,Recipe.Cosmetic.Epic,T_UI_Rec_Cos_Epic,Smart Brush,Voltigeur's Barrel - Leather Barrel Bag,1385,Rarity.Epic,,,,
InventoryDefinition_CosmeticRecipe,ID_Rec_C_BackBag_Rare01_Uncommon01,Recipe.Cosmetic.Uncommon,T_UI_Rec_Cos_Uncommon,Smart Brush,Travelling Family - Ludwig's Drumcase,287,Rarity.Uncommon,,,,
InventoryDefinition_CosmeticRecipe,ID_Rec_C_BackBag_Rare01_Rare01,Recipe.Cosmetic.Rare,T_UI_Rec_Cos_Rare,Smart Brush,Wandering Prayer - Ludwig's Drumcase,492,Rarity.Rare,,,,
InventoryDefinition_CosmeticRecipe,ID_Rec_C_BackBag_Rare01_Legendary01,Recipe.Cosmetic.Legendary,T_UI_Rec_Cos_Legendary,Smart Brush,Red Devil - Ludwig's Drumcase,7036,Rarity.Legendary,,,,
InventoryDefinition_CosmeticRecipe,ID_Rec_C_BackBag_Rare01_Epic01,Recipe.Cosmetic.Epic,T_UI_Rec_Cos_Epic,Smart Brush,Pilgrim’s Vigil - Ludwig's Drumcase,2198,Rarity.Epic,,,,
InventoryDefinition_CosmeticRecipe,ID_Rec_C_BackBag_Legendary03_Epic01,Recipe.Cosmetic.Epic,T_UI_Rec_Cos_Epic,Smart Brush,Sarmatian War Wings - Sheath of the Four Winds,3142,Rarity.Epic,,,,
InventoryDefinition_CosmeticRecipe,ID_Rec_C_BackBag_Legendary02_Legendary02,Recipe.Cosmetic.Legendary,T_UI_Rec_Cos_Legendary,Smart Brush,Death's Shrine - Ossuary Halo,7440,Rarity.Legendary,,,,
InventoryDefinition_CosmeticRecipe,ID_Rec_C_BackBag_Legendary02_Legendary01,Recipe.Cosmetic.Legendary,T_UI_Rec_Cos_Legendary,Smart Brush,Death's Shrine - Zealot's Tower,6496,Rarity.Legendary,,,,
InventoryDefinition_CosmeticRecipe,ID_Rec_C_BackBag_Legendary02_Epic01,Recipe.Cosmetic.Epic,T_UI_Rec_Cos_Epic,Smart Brush,Hussar's Wings - Zealot's Tower,4322,Rarity.Epic,,,,
InventoryDefinition_CosmeticRecipe,ID_Rec_C_BackBag_Epic02_Epic01,Recipe.Cosmetic.Epic,T_UI_Rec_Cos_Epic,Smart Brush,Bathory's Angel - Bag of Maratha,3370,Rarity.Epic,,,,
InventoryDefinition_CosmeticRecipe,ID_Rec_C_BackBag_Common02_Rare01,Recipe.Cosmetic.Rare,T_UI_Rec_Cos_Rare,Smart Brush,Bishop’s Rebuke - Foraging Basket,1201,Rarity.Rare,,,,
InventoryDefinition_CosmeticRecipe,ID_Rec_C_BackBag_Common02_Legendary01,Recipe.Cosmetic.Legendary,T_UI_Rec_Cos_Legendary,Smart Brush,Midas Rebuke - Foraging Basket,2052,Rarity.Legendary,,,,
InventoryDefinition_CosmeticRecipe,ID_Rec_C_BackBag_Common02_Epic01,Recipe.Cosmetic.Epic,T_UI_Rec_Cos_Epic,Smart Brush,Sterling Rebuke - Foraging Basket,1592,Rarity.Epic,,,,
InventoryDefinition_CosmeticRecipe,ID_Rec_C_BackBag01_Uncommon11,Recipe.Cosmetic.Uncommon,T_UI_Rec_Cos_Uncommon,Smart Brush,Union Jack - Damp Knapsack,10000,Rarity.Uncommon,,,,
InventoryDefinition_CosmeticRecipe,ID_Rec_C_BackBag01_Uncommon10,Recipe.Cosmetic.Uncommon,T_UI_Rec_Cos_Uncommon,Smart Brush,Blucher's Banner - Damp Knapsack,10000,Rarity.Uncommon,,,,
InventoryDefinition_CosmeticRecipe,ID_Rec_C_BackBag01_Uncommon09,Recipe.Cosmetic.Uncommon,T_UI_Rec_Cos_Uncommon,Smart Brush,Tricolour - Damp Knapsack,10000,Rarity.Uncommon,,,,
InventoryDefinition_CosmeticRecipe,ID_Rec_C_BackBag01_Uncommon08,Recipe.Cosmetic.Uncommon,T_UI_Rec_Cos_Uncommon,Smart Brush,George's Cross - Damp Knapsack,10000,Rarity.Uncommon,,,,
InventoryDefinition_CosmeticRecipe,ID_Rec_C_BackBag01_Uncommon07,Recipe.Cosmetic.Uncommon,T_UI_Rec_Cos_Uncommon,Smart Brush,William's Banner - Damp Knapsack,10000,Rarity.Uncommon,,,,
InventoryDefinition_CosmeticRecipe,ID_Rec_C_BackBag01_Uncommon06,Recipe.Cosmetic.Uncommon,T_UI_Rec_Cos_Uncommon,Smart Brush,Tsar's Banner - Damp Knapsack,10000,Rarity.Uncommon,,,,
InventoryDefinition_CosmeticRecipe,ID_Rec_C_BackBag01_Uncommon05,Recipe.Cosmetic.Uncommon,T_UI_Rec_Cos_Uncommon,Smart Brush,Jefferson's Banner - Damp Knapsack,10000,Rarity.Uncommon,,,,
InventoryDefinition_CosmeticRecipe,ID_Rec_C_BackBag01_Uncommon04,Recipe.Cosmetic.Uncommon,T_UI_Rec_Cos_Uncommon,Smart Brush,Austrian Banner - Damp Knapsack,10000,Rarity.Uncommon,,,,
InventoryDefinition_CosmeticRecipe,ID_Rec_C_BackBag01_Uncommon03,Recipe.Cosmetic.Uncommon,T_UI_Rec_Cos_Uncommon,Smart Brush,Jozef's Banner - Damp Knapsack,10000,Rarity.Uncommon,,,,
InventoryDefinition_CosmeticRecipe,ID_Rec_C_BackBag01_Uncommon02,Recipe.Cosmetic.Uncommon,T_UI_Rec_Cos_Uncommon,Smart Brush,Ferdinand's Banner - Damp Knapsack,10000,Rarity.Uncommon,,,,
InventoryDefinition_CosmeticRecipe,ID_Rec_C_Axe_Uncommon01,Recipe.Cosmetic.Uncommon,T_UI_Rec_Cos_Uncommon,Smart Brush,Doorsplitter - Axe,266,Rarity.Uncommon,,,,
InventoryDefinition_CosmeticRecipe,ID_Rec_C_Axe_Rare02,Recipe.Cosmetic.Rare,T_UI_Rec_Cos_Rare,Smart Brush,Cleave - Axe,1820,Rarity.Epic,,,,
InventoryDefinition_CosmeticRecipe,ID_Rec_C_Axe_Rare01,Recipe.Cosmetic.Rare,T_UI_Rec_Cos_Rare,Smart Brush,Recluse - Axe,717,Rarity.Rare,,,,
InventoryDefinition_CosmeticRecipe,ID_Rec_C_Axe_Epic01,Recipe.Cosmetic.Epic,T_UI_Rec_Cos_Epic,Smart Brush,Padre's Reply - Axe,908,Rarity.Rare,,,,
InventoryDefinition_Common,ID_Armor_Leg_Uncommon01,Armour.Legs.Uncommon,T_UI_Item_ArmorLegs_Uncommon,Smart Brush,Leather Greaves,178,Rarity.Uncommon,,,,
InventoryDefinition_Common,ID_Armor_Leg_Rare01,Armour.Legs.Rare,T_UI_Item_ArmorLegs_Rare,Smart Brush,Sapper's Greaves,680,Rarity.Rare,,,,
InventoryDefinition_Common,ID_Armor_Leg_Legendary01,Armour.Legs.Legendary,T_UI_Item_ArmorLegs_Legendary,Smart Brush,Old Guard Greaves,27800,Rarity.Legendary,,,,
InventoryDefinition_Common,ID_Armor_Leg_Epic01,Armour.Legs.Epic,T_UI_Item_ArmorLegs_Epic,Smart Brush,Black Dragoon Greaves,4200,Rarity.Epic,,,,
InventoryDefinition_Common,ID_Armor_Head_Uncommon01,Armour.Head.Uncommon,T_UI_Item_ArmorHead_Uncommon,Smart Brush,Leather Helmet,170,Rarity.Uncommon,,,,
InventoryDefinition_Common,ID_Armor_Head_Rare01,Armour.Head.Rare,T_UI_Item_ArmorHead_Rare,Smart Brush,Sapper's Helmet,718,Rarity.Rare,,,,
InventoryDefinition_Common,ID_Armor_Head_Legendary01,Armour.Head.Legendary,T_UI_Item_ArmorHead_Legendary,Smart Brush,Old Guard Helmet,21600,Rarity.Legendary,,,,
InventoryDefinition_Common,ID_Armor_Head_Epic01,Armour.Head.Epic,T_UI_Item_ArmorHead_Epic,Smart Brush,Black Dragoon Helmet,3632,Rarity.Epic,,,,
InventoryDefinition_Common,ID_Armor_Chest_Uncommon01,Armour.Chest.Uncommon,T_UI_Item_ArmorChest_Uncommon,Smart Brush,Leather Cuirass,243,Rarity.Uncommon,,,,
InventoryDefinition_Common,ID_Armor_Chest_Rare01,Armour.Chest.Rare,T_UI_Item_ArmorChest_Rare,Smart Brush,Sapper's Cuirass,787,Rarity.Rare,,,,
InventoryDefinition_Common,ID_Armor_Chest_Legendary01,Armour.Chest.Legendary,T_UI_Item_ArmorChest_Legendary,Smart Brush,Old Guard Cuirass,32300,Rarity.Legendary,,,,
InventoryDefinition_Common,ID_Armor_Chest_Epic01,Armour.Chest.Epic,T_UI_Item_ArmorChest_Epic,Smart Brush,Black Dragoon Cuirass,5150,Rarity.Epic,,,,
InventoryDefinition_Common,ID_Armor_Chest_Common01,Armour.Chest.Common,T_UI_Item_ArmorChest_Common,Smart Brush,Quilted Cuirass,94,,,,,
InventoryDefinition_Bag,ID_WeaponBag_Rare01,Bag.Weapon.Rare01,T_UI_Item_HuntingSling,Smart Brush,Hunting Sling,1750,Rarity.Rare,,,,
InventoryDefinition_Bag,ID_WeaponBag_Legendary01,Bag.Weapon.Legendary01,T_UI_Item_ApolloHolster,Smart Brush,Apollo Holster,44000,Rarity.Legendary,3,,,
InventoryDefinition_Bag,ID_WeaponBag_Epic01,Bag.Weapon.Epic01,T_UI_Item_WeaponBag01,Smart Brush,Boutet's Riflecase,6800,Rarity.Epic,2,,,
InventoryDefinition_Bag,ID_Lockbox_Weapon,,,,Weapon Lockbox,1000000,Rarity.Artifact,,,,
InventoryDefinition_Bag,ID_Lockbox_Legendary01,Bag.Lockbox.Legendary01,T_UI_Item_CharonsOyster,Smart Brush,Charon's Oyster,450000,Rarity.Legendary,2,,,
InventoryDefinition_Bag,ID_Lockbox_Epic01,Bag.Lockbox.Epic01,T_UI_Item_SilverPocket,Smart Brush,Silver Pocket,62000,Rarity.Epic,,,,
InventoryDefinition_Bag,ID_HipBag_Uncommon03,Bag.Hip.Uncommon03,T_UI_Item_HipBag03,Smart Brush,Old Satchel,252,Rarity.Uncommon,5,,,
InventoryDefinition_Bag,ID_HipBag_Uncommon02,Bag.Hip.Uncommon02,T_UI_Item_ThreshingBasket,Smart Brush,Threshing Basket,220,Rarity.Uncommon,4,,,
InventoryDefinition_Bag,ID_HipBag_Uncommon01,Bag.Hip.Uncommon01,T_UI_Item_HipBag02,Smart Brush,Ragged Sack,150,Rarity.Uncommon,3,,,
InventoryDefinition_Bag,ID_HipBag_Rare02,Bag.Hip.Rare02,T_UI_Item_HipBag05,Smart Brush,Attachés Fold,1052,Rarity.Rare,7,,,
InventoryDefinition_Bag,ID_HipBag_Rare01,Bag.Hip.Rare01,T_UI_Item_HipBag04,Smart Brush,Grubber's Purse,938,Rarity.Rare,6,,,
InventoryDefinition_Bag,ID_HipBag_Legendary02,Bag.Hip.Legendary02,T_UI_Item_Pegasus,Smart Brush,Pegasus,25000,Rarity.Legendary,12,,,
InventoryDefinition_Bag,ID_HipBag_Legendary01,Bag.Hip.Legendary01,T_UI_Item_ZazelsCarry,Smart Brush,Zazel's Carry,18500,Rarity.Legendary,11,,,
InventoryDefinition_Bag,ID_HipBag_Epic03,Bag.Hip.Epic03,T_UI_Item_MisersPurse,Smart Brush,Miser's Purse,5200,Rarity.Epic,10,,,
InventoryDefinition_Bag,ID_HipBag_Epic02,Bag.Hip.Epic02,T_UI_Item_ButterflyCannister,Smart Brush,Butterfly Cannister,4500,Rarity.Epic,9,,,
InventoryDefinition_Bag,ID_HipBag_Epic01,Bag.Hip.Epic01,T_UI_Item_CaseOfTheOldGuard,Smart Brush,Case of the Old Guard,3800,Rarity.Epic,8,,,
InventoryDefinition_Bag,ID_HipBag_Common02,Bag.Hip.Common02,T_UI_Item_RustyBucket,Smart Brush,Rusty Bucket,44,,2,,,
InventoryDefinition_Bag,ID_HipBag_Common01,Bag.Hip.Common01,T_UI_Item_MoistPouch,Smart Brush,Moist Pouch,38,,,,,
InventoryDefinition_Bag,ID_BackBag_Uncommon03,Bag.Back.Uncommon03,T_UI_Item_BackBag02,Smart Brush,Leather Barrel Bag,323,Rarity.Uncommon,10,,,
InventoryDefinition_Bag,ID_BackBag_Uncommon02,Bag.Back.Uncommon02,T_UI_Item_MurielsBox,Smart Brush,Muriel's Box,311,Rarity.Uncommon,8,,,
InventoryDefinition_Bag,ID_BackBag_Uncommon01,Bag.Back.Uncommon01,T_UI_Item_BurlapHaversack,Smart Brush,Burlap Haversack,273,Rarity.Uncommon,6,,,
InventoryDefinition_Bag,ID_BackBag_Rare02,Bag.Back.Rare02,T_UI_Item_GrenadiersBattlepack,Smart Brush,Grenadier's Battlepack,1492,Rarity.Rare,14,,,
InventoryDefinition_Bag,ID_BackBag_Rare01,Bag.Back.Rare01,T_UI_Item_LudwigsDrumcase,Smart Brush,Ludwig's Drumcase,1265,Rarity.Rare,12,,,
InventoryDefinition_Bag,ID_BackBag_Legendary03,Bag.Back.Legendary03,T_UI_Item_SheathOfTheFourWinds,Smart Brush,Sheath of the Four Winds,42000,Rarity.Legendary,25,,,
InventoryDefinition_Bag,ID_BackBag_Legendary02,Bag.Back.Legendary02,T_UI_Item_ZealotsTower,Smart Brush,Zealot's Tower,37000,Rarity.Legendary,23,,,
InventoryDefinition_Bag,ID_BackBag_Legendary01,Bag.Back.Legendary01,T_UI_Item_ColdstreamPack,Smart Brush,Coldstream Pack,28000,Rarity.Legendary,22,,,
InventoryDefinition_Bag,ID_BackBag_Epic02,Bag.Back.Epic02,T_UI_Item_BagOfMaratha,Smart Brush,Bag of Maratha,6400,Rarity.Epic,18,,,
InventoryDefinition_Bag,ID_BackBag_Epic01,Bag.Back.Epic01,T_UI_Item_TrevallionsValise,Smart Brush,Trevallion's Valise,5800,Rarity.Epic,16,,,
InventoryDefinition_Bag,ID_BackBag_Common02,Bag.Back.Common02,T_UI_Item_ForagingBasket,Smart Brush,Foraging Basket,90,,5,,,
InventoryDefinition_Bag,ID_BackBag_Common01,Bag.Back.Common01,T_UI_Item_DampKnapsack,Smart Brush,Damp Knapsack,78,,4,,,
InventoryDef_Firearms,ID_Weap_Rifle_Uncommon02,Weapon.Name.Rifle.Uncommon02,T_UI_Item_Volant,Smart Brush,Volant,650,Rarity.Uncommon,,,,
InventoryDef_Firearms,ID_Weap_Rifle_Uncommon01,Weapon.Name.Rifle.Uncommon01,T_UI_Item_Louiseville,Smart Brush,Louisville,560,Rarity.Uncommon,,,,
InventoryDef_Firearms,ID_Weap_Rifle_Scope_Legendary04,Weapon.Name.Rifle.Scoped.Drak,T_UI_Item_Drak,Smart Brush,Farsight Drak,,Rarity.Legendary,,,,
InventoryDef_Firearms,ID_Weap_Rifle_Scope_Epic05,Weapon.Name.Rifle.Epic02,T_UI_Item_Lasher,Smart Brush,Default,,Rarity.Epic,,,,
InventoryDef_Firearms,ID_Weap_Rifle_Scope_Epic04,Weapon.Name.Rifle.Scoped.Swan,T_UI_Item_Swan,Smart Brush,Farsight Swan,,Rarity.Epic,,,,
InventoryDef_Firearms,ID_Weap_Rifle_Scope_Epic03,Weapon.Name.Rifle.Scoped.Voir,T_UI_Item_Voir,Smart Brush,Farsight Voir,,Rarity.Epic,,,,
InventoryDef_Firearms,ID_Weap_Rifle_Rare03,Weapon.Name.Rifle.Rare03,T_UI_Item_Kompas,Smart Brush,Default,,Rarity.Rare,,,,
InventoryDef_Firearms,ID_Weap_Rifle_Rare02,Weapon.Name.Rifle.Rare02,T_UI_Item_Kompas,Smart Brush,Kompas,1253,Rarity.Rare,,,,
InventoryDef_Firearms,ID_Weap_Rifle_Rare01,Weapon.Name.Rifle.Rare01,T_UI_Item_Vepr,Smart Brush,Vepr,1030,Rarity.Rare,,,,
InventoryDef_Firearms,ID_Weap_Rifle_Legendary03,Weapon.Name.Rifle.Legendary03,T_UI_Item_Belier,Smart Brush,Belier,40000,Rarity.Legendary,,,,
InventoryDef_Firearms,ID_Weap_Rifle_Legendary02,Weapon.Name.Rifle.Legendary02,T_UI_Item_DrakUnscoped,Smart Brush,Drak,42500,Rarity.Legendary,,,,
InventoryDef_Firearms,ID_Weap_Rifle_Legendary01,Weapon.Name.Rifle.Legendary01,T_UI_Item_Jager,Smart Brush,Jager,35000,Rarity.Legendary,,,,
InventoryDef_Firearms,ID_Weap_Rifle_Epic04,Weapon.Name.Rifle.Epic04,T_UI_Item_SwanUnscoped,Smart Brush,Swan,9200,Rarity.Epic,,,,
InventoryDef_Firearms,ID_Weap_Rifle_Epic03,Weapon.Name.Rifle.Epic03,T_UI_Item_VoirUnscoped,Smart Brush,Voir,8400,Rarity.Epic,,,,
InventoryDef_Firearms,ID_Weap_Rifle_Epic02,Weapon.Name.Rifle.Epic02,T_UI_Item_Lasher,Smart Brush,Lasher,8600,Rarity.Epic,,,,
InventoryDef_Firearms,ID_Weap_Rifle_Epic01,Weapon.Name.Rifle.Epic01,T_UI_Item_Lionne,Smart Brush,Lionne,7000,Rarity.Epic,,,,
InventoryDef_Firearms,ID_Weap_Rifle_Common01,Weapon.Name.Rifle.Common01,T_UI_Item_BrownBetty,Smart Brush,Brown Betty,151,,,,,
InventoryDef_Firearms,ID_Weap_Pistol_Uncommon01,Weapon.Name.Pistol.Uncommon01,T_UI_Item_Auster,Smart Brush,Auster,350,Rarity.Uncommon,,,,
InventoryDef_Firearms,ID_Weap_Pistol_Rare02,Weapon.Name.Pistol.Cavalier,T_UI_Item_Cavalier,Smart Brush,Cavalier,918,Rarity.Rare,,,,
InventoryDef_Firearms,ID_Weap_Pistol_Rare01,Weapon.Name.Pistol.Rare01,T_UI_Item_Deux,Smart Brush,Deux,881,Rarity.Rare,,,,
InventoryDef_Firearms,ID_Weap_Pistol_Legendary01,Weapon.Name.Pistol.Legendary01,T_UI_Item_Volcan,Smart Brush,Volcan,28000,Rarity.Legendary,,,,
InventoryDef_Firearms,ID_Weap_Pistol_Epic03,Weapon.Name.Pistol.Epic03,T_UI_Item_Marengo,Smart Brush,Marengo,4200,Rarity.Epic,,,,
InventoryDef_Firearms,ID_Weap_Pistol_Epic02,Weapon.Name.Pistol.Epic02,T_UI_Item_Borodino,Smart Brush,Borodino,5200,Rarity.Epic,,,,
InventoryDef_Firearms,ID_Weap_Pistol_Epic01,Weapon.Name.Pistol.Epic01,T_UI_Item_Morgan,Smart Brush,Morgan,4500,Rarity.Epic,,,,
InventoryDef_Firearms,ID_Weap_Pistol_Common02,Weapon.Name.Pistol.Common02,T_UI_Item_LongBoy,Smart Brush,Longboy,131,,,,,
InventoryDef_Firearms,ID_Weap_Pistol_Common01,Weapon.Name.Pistol.Common01,T_UI_Item_Snub,Smart Brush,Snub,112,,,,,
InventoryDef_Firearms,ID_Weap_Launcher_Legendary01,Weapon.Name.Launcher.Legendary01,T_UI_Item_HellbranderIV,Smart Brush,Wallbreaker,,Rarity.Legendary,,,,
InventoryDef_Firearms,ID_Weap_Launcher_Epic02,Weapon.Name.Launcher.Epic02,T_UI_Item_HellbranderIV,Smart Brush,Hellbrander IV,,Rarity.Epic,,,,
InventoryDef_Firearms,ID_Weap_Launcher_Epic01,Weapon.Name.Launcher.Epic01,T_UI_Item_HellbranderIV,Smart Brush,Verlancer,,Rarity.Epic,,,,
InventoryDef_EffectTool,ID_Food_Uncommon04,Resource.FreshBaguette,T_UI_Item_FreshBaguette,Smart Brush,Fresh Baguette,188,Rarity.Uncommon,,5,,
InventoryDef_EffectTool,ID_Food_Uncommon03,Resource.CabbageSoup,T_UI_Item_CabbageSoup,Smart Brush,Cabbage Soup,163,Rarity.Uncommon,,5,,
InventoryDef_EffectTool,ID_Food_Uncommon02,Resource.SmokedHam,T_UI_Item_SmokedHam,Smart Brush,Smoked Ham,72,Rarity.Uncommon,,5,,
InventoryDef_EffectTool,ID_Food_Uncommon01,Resource.JelliedApple,T_UI_Item_JelliedApple,Smart Brush,Jellied Apple,208,Rarity.Uncommon,,5,,
InventoryDef_EffectTool,ID_Food_Rare05,Resource.FougasseBread,T_UI_Item_FougasseBread,Smart Brush,Fougasse Bread,741,Rarity.Rare,,5,,
InventoryDef_EffectTool,ID_Food_Rare04,Resource.Kedgerie,T_UI_Item_Kedgerie,Smart Brush,Kedgeree,643,Rarity.Rare,,5,,
InventoryDef_EffectTool,ID_Food_Rare03,Resource.SmokedEel,T_UI_Item_SmokedEel,Smart Brush,Smoked Eel,102,Rarity.Rare,,5,,
InventoryDef_EffectTool,ID_Food_Rare02,Resource.Sweetmeats,T_UI_Item_Sweetmeats,Smart Brush,Sweetmeats,96,Rarity.Rare,,5,,
InventoryDef_EffectTool,ID_Food_Rare01,Resource.ApplePie,T_UI_Item_ApplePie,Smart Brush,Apple Pie,819,Rarity.Rare,,5,,
InventoryDef_EffectTool,ID_Food_Legendary03,Food.ImperialPotauFeu,T_UI_Item_ImperialPotauFeu,Smart Brush,Imperial Pot-au-Feu,8126,Rarity.Legendary,,5,,
InventoryDef_EffectTool,ID_Food_Legendary02,Resource.Brioche,T_UI_Item_Brioche,Smart Brush,Brioche,9358,Rarity.Legendary,,5,,
InventoryDef_EffectTool,ID_Food_Legendary01,Resource.TarteTatin,T_UI_Item_TarteTatin,Smart Brush,Tarte Tatin,10329,Rarity.Legendary,,5,,
InventoryDef_EffectTool,ID_Food_Epic03,Food.BurgundyRagout,T_UI_Item_BurgundyRagout,Smart Brush,Burgundy Ragout,3933,Rarity.Epic,,5,,
InventoryDef_EffectTool,ID_Food_Epic02,Resource.SpicedBread,T_UI_Item_SpicedBread,Smart Brush,Spiced Bread,4529,Rarity.Epic,,5,,
InventoryDef_EffectTool,ID_Food_Epic01,Resource.CandiedApple,T_UI_Item_CandiedApple,Smart Brush,Candied Apple,4998,Rarity.Epic,,5,,
InventoryDef_EffectTool,ID_Food_Common05,Consumable.MouldyBaguette,T_UI_Item_MouldyBaguette,Smart Brush,Mouldy Baguette,38,,,5,,
InventoryDef_EffectTool,ID_Food_Common04,Consumable.ThinGruel,T_UI_Item_ThinGruel,Smart Brush,Thin Gruel,33,,,5,,
InventoryDef_EffectTool,ID_Food_Common03,Consumable.GreyHam,T_UI_Item_GreyHam,Smart Brush,Grey Ham,26,,,5,,
InventoryDef_EffectTool,ID_Food_Common02,Resource.ColdMeatPottage,T_UI_Item_ColdMeatPottage,Smart Brush,Cold Meat Pottage,6,,,5,,
InventoryDef_EffectTool,ID_Food_Common01,Resource.StewedApple,T_UI_Item_StewedApple,Smart Brush,Stewed Apple,42,,,5,,
InventoryDef_EffectTool,ID_Drink_Uncommon02,Drink.SpringWater,T_UI_Item_SpringWater,Smart Brush,Boiled Water,168,Rarity.Uncommon,,5,,
InventoryDef_EffectTool,ID_Drink_Uncommon01,Drink.SweetRum,T_UI_Item_SweetRum,Smart Brush,Sweet Rum,175,Rarity.Uncommon,,5,,
InventoryDef_EffectTool,ID_Drink_Rare02,Drink.PurifiedWater,T_UI_Item_PurifiedWater,Smart Brush,Purified Water,665,Rarity.Rare,,5,,
InventoryDef_EffectTool,ID_Drink_Rare01,Drink.RumIndies,T_UI_Item_RumIndies,Smart Brush,Rum of the Indies,685,Rarity.Rare,,5,,
InventoryDef_EffectTool,ID_Drink_Legendary02,Drink.EvianWater,T_UI_Item_LegendaryWater,Smart Brush,Évian Spring Water,8550,Rarity.Legendary,,5,,
InventoryDef_EffectTool,ID_Drink_Legendary01,Drink.RemyRum,T_UI_Item_RemyRum,Smart Brush,Remy of Barbados,8700,Rarity.Legendary,,5,,
InventoryDef_EffectTool,ID_Drink_Epic02,Drink.RegimentalWater,T_UI_Item_RegimentalWater,Smart Brush,Regimental Reserve,4100,Rarity.Epic,,5,,
InventoryDef_EffectTool,ID_Drink_Epic01,Drink.NavalRum,T_UI_Item_NavalRum,Smart Brush,Naval Rum,4200,Rarity.Epic,,5,,
InventoryDef_EffectTool,ID_Drink_Common04,Drink.SpoiledRum,T_UI_Item_SpoiledRum,Smart Brush,Spoiled Rum,24,,,5,,
InventoryDef_EffectTool,ID_Drink_Common03,Resource.ThinMead,T_UI_Item_ThinMead,Smart Brush,Thin Mead,11,,,5,,
InventoryDef_EffectTool,ID_Drink_Common02,Resource.TavernWine,T_UI_Item_TavernWine,Smart Brush,Tavern Wine,18,,,5,,
InventoryDef_EffectTool,ID_Drink_Common01,Drink.TepidWater,T_UI_Item_TepidWater,Smart Brush,Tepid Water,22,,,5,,
InventoryDef_Bloodbag,ID_Med_Uncommon03,Tool.BloodBag.Uncommon,T_UI_Item_Uncommon_BloodBag_02,Smart Brush,Sealed Bloodbag,531,Rarity.Uncommon,,,,
InventoryDef_Bloodbag,ID_Med_Rare04,Tool.BloodBag.Rare,T_UI_Item_Rare_BloodBag_03,Smart Brush,Pressurised Bloodbag,1966,Rarity.Rare,,,,
InventoryDef_Bloodbag,ID_Med_Legendary07,Tool.BloodBag.Legendary,T_UI_Item_Legendary_BloodBag_05,Smart Brush,Ampoule,14706,Rarity.Legendary,,5,,
InventoryDef_Bloodbag,ID_Med_Legendary06,Tool.BloodBag.Legendary,T_UI_Item_Legendary_BloodBag_05,Smart Brush,The Psychopomp,73530,Rarity.Legendary,,,,
InventoryDef_Bloodbag,ID_Med_Epic07,Tool.BloodBag.Epic,T_UI_Item_Epic_BloodBag_04,Smart Brush,Scarlet Return,11683,Rarity.Epic,,,,
InventoryDef_Bloodbag,ID_Med_Common03,Tool.BloodBag.Common,T_UI_Item_Common_BloodBag_01,Smart Brush,Crude Bloodbag,130,,,,,
InventoryDef_ArmorRepairTool,ID_Tools_Uncommon_Repair01,Tool.Repair.Uncommon,T_UI_Item_Uncommon_ArmorRepairKit_02,Smart Brush,Journeyman Tongs,477,Rarity.Uncommon,,,,
InventoryDef_ArmorRepairTool,ID_Tools_Rare_Repair01,Tool.Repair.Rare,T_UI_Item_Rare_ArmorRepairKit_03,Smart Brush,Machinist Tongs,1769,Rarity.Rare,,,,
InventoryDef_ArmorRepairTool,ID_Tools_Legendary_Repair01,Tool.Repair.Legendary,T_UI_Item_Legendary_ArmorRepairKit_05,Smart Brush,Clockwork Tongs,66177,Rarity.Legendary,,,,
InventoryDef_ArmorRepairTool,ID_Tools_Epic_Repair01,Tool.Repair.Epic,T_UI_Item_Epic_ArmorRepairKit_04,Smart Brush,Delicate Tongs,10514,Rarity.Epic,,,,
InventoryDef_ArmorRepairTool,ID_Tools_Common_Repair01,Tool.Repair.Common,T_UI_Item_Common_ArmorRepairKit_01,Smart Brush,Rusty Tongs,75,,,,,
InventoryDef_ArmorPatch,ID_ArmorPatch_Uncommon,Armour.Patch.02,T_UI_Item_ArmorPatch02,Smart Brush,Leather Armour Plate,79,Rarity.Uncommon,,,,3
InventoryDef_ArmorPatch,ID_ArmorPatch_Rare,Armour.Patch.03,T_UI_Item_ArmorPatch03,Smart Brush,Ceramic Armour Plate,79,Rarity.Rare,,,,3
InventoryDef_ArmorPatch,ID_ArmorPatch_Legendary,Armour.Patch.05,T_UI_Item_ArmorPatch05,Smart Brush,Damascus Armour Plate,79,Rarity.Legendary,,,,3
InventoryDef_ArmorPatch,ID_ArmorPatch_Epic,Armour.Patch.04,T_UI_Item_ArmorPatch04,Smart Brush,Steel Armour Plate,79,Rarity.Epic,,,,3
InventoryDef_ArmorPatch,ID_ArmorPatch_Common,Armour.Patch.01,T_UI_Item_ArmorPatch01,Smart Brush,Cloth Armour Plate,79,,,,,3
InventoryDef_Ampoule,ID_Med_Ampoule_Uncommon,Ampoule.02,T_UI_Item_Ampoule02,Smart Brush,Basic Ampoule,158,Rarity.Uncommon,,,,3
InventoryDef_Ampoule,ID_Med_Ampoule_Rare,Ampoule.04,T_UI_Item_Ampoule04,Smart Brush,Robust Ampoule,623,Rarity.Rare,,,,3
InventoryDef_Ampoule,ID_Med_Ampoule_Legendary,Ampoule.05,T_UI_Item_Ampoule05,Smart Brush,Ambrosia,7866,Rarity.Legendary,,,,3
InventoryDef_Ampoule,ID_Med_Ampoule_Epic,Ampoule.03,T_UI_Item_Ampoule03,Smart Brush,Empusa's Tonic,3807,Rarity.Epic,,,,3
InventoryDef_Ampoule,ID_Med_Ampoule_Common,Ampoule.01,T_UI_Item_Ampoule01,Smart Brush,Crude Ampoule ,32,,,,,3
InventoryDef_Ammo,Tutorial_ID_Ammunition_03_Heavy,Inventory.Type.Ammo.Heavy,T_UI_Item_Ammo_Heavy,Smart Brush,Heavy Ammunition,200,Rarity.Rare,,20,15,20
InventoryDef_Ammo,ID_Ammunition_05_Exotic,Inventory.Type.Ammo.Exotic,T_UI_Item_Ammo_Exotic,Smart Brush,Exotic Ammunition,8000,Rarity.Epic,,10,,3
InventoryDef_Ammo,ID_Ammunition_04_Refined,Inventory.Type.Ammo.Refined,T_UI_Item_Ammo_Refined,Smart Brush,Refined Ammunition,2500,Rarity.Epic,,15,,5
InventoryDef_Ammo,ID_Ammunition_03_Heavy,Inventory.Type.Ammo.Heavy,T_UI_Item_Ammo_Heavy,Smart Brush,Heavy Ammunition,200,Rarity.Rare,,20,,10
InventoryDef_Ammo,ID_Ammunition_02_Medium,Inventory.Type.Ammo.Medium,T_UI_Item_Ammo_Medium,Smart Brush,Medium Ammunition,8,Rarity.Uncommon,,25,,10
InventoryDef_Ammo,ID_Ammunition_01_Crude,Inventory.Type.Ammo.Crude,T_UI_Item_Ammo_Crude,Smart Brush,Crude Ammunition,3,,,30,,15
EquipmentCosmeticVariation,Skin_Zweihander_Default,,,,,,,,,,
EquipmentCosmeticVariation,Skin_Zweihander_02a,,,,,,,,,,
EquipmentCosmeticVariation,Skin_Zweihander_01a,,,,,,,,,,
EquipmentCosmeticVariation,Skin_WarAxe_Default,,,,,,,,,,
EquipmentCosmeticVariation,Skin_WarAxe_02a,,,,,,,,,,
EquipmentCosmeticVariation,Skin_WarAxe_01a,,,,,,,,,,
EquipmentCosmeticVariation,Skin_Volcan_Default,,,,,,,,,,
EquipmentCosmeticVariation,Skin_Volant_Default,,,,,,,,,,
EquipmentCosmeticVariation,Skin_Voir_Default,,,,,,,,,,
EquipmentCosmeticVariation,Skin_Vepr_Default,,,,,,,,,,
EquipmentCosmeticVariation,Skin_Vepr_01,,,,,,,,,,
EquipmentCosmeticVariation,Skin_Swan_Default,,,,,,,,,,
EquipmentCosmeticVariation,Skin_Spear_Default,,,,,,,,,,
EquipmentCosmeticVariation,Skin_Spear_04a,,,,,,,,,,
EquipmentCosmeticVariation,Skin_Spear_03a,,,,,,,,,,
EquipmentCosmeticVariation,Skin_Spear_02a,,,,,,,,,,
EquipmentCosmeticVariation,Skin_Spear_01a,,,,,,,,,,
EquipmentCosmeticVariation,Skin_Snub_Default,,,,,,,,,,
EquipmentCosmeticVariation,Skin_Snub_01a,,,,,,,,,,
EquipmentCosmeticVariation,Skin_ShortSword_Default,,,,,,,,,,
EquipmentCosmeticVariation,Skin_ShortSword_02a,,,,,,,,,,
EquipmentCosmeticVariation,Skin_ShortSword_01a,,,,,,,,,,
EquipmentCosmeticVariation,Skin_Shiv_Default,,,,,,,,,,
EquipmentCosmeticVariation,Skin_Saber_Default,,,,,,,,,,
EquipmentCosmeticVariation,Skin_Saber_02a,,,,,,,,,,
EquipmentCosmeticVariation,Skin_Saber_01a,,,,,,,,,,
EquipmentCosmeticVariation,Skin_Rapier_Default,,,,,,,,,,
EquipmentCosmeticVariation,Skin_Rapier_02a,,,,,,,,,,
EquipmentCosmeticVariation,Skin_Rapier_01a,,,,,,,,,,
EquipmentCosmeticVariation,Skin_Morgan_Default,,,,,,,,,,
EquipmentCosmeticVariation,Skin_Marengo_Default,,,,,,,,,,
EquipmentCosmeticVariation,Skin_Mace_Default,,,,,,,,,,
EquipmentCosmeticVariation,Skin_Mace_04a,,,,,,,,,,
EquipmentCosmeticVariation,Skin_Mace_03a,,,,,,,,,,
EquipmentCosmeticVariation,Skin_Mace_02a,,,,,,,,,,
EquipmentCosmeticVariation,Skin_Mace_01a,,,,,,,,,,
EquipmentCosmeticVariation,Skin_Louisville_Default,,,,,,,,,,
EquipmentCosmeticVariation,Skin_Louisville_01i,,,,,,,,,,
EquipmentCosmeticVariation,Skin_Louisville_01h,,,,,,,,,,
EquipmentCosmeticVariation,Skin_Louisville_01g,,,,,,,,,,
EquipmentCosmeticVariation,Skin_Louisville_01f,,,,,,,,,,
EquipmentCosmeticVariation,Skin_Louisville_01e,,,,,,,,,,
EquipmentCosmeticVariation,Skin_Louisville_01d,,,,,,,,,,
EquipmentCosmeticVariation,Skin_Louisville_01c,,,,,,,,,,
EquipmentCosmeticVariation,Skin_Louisville_01b,,,,,,,,,,
EquipmentCosmeticVariation,Skin_Louisville_01a,,,,,,,,,,
EquipmentCosmeticVariation,Skin_Longsword_Default,,,,,,,,,,
EquipmentCosmeticVariation,Skin_Longsword_05a,,,,,,,,,,
EquipmentCosmeticVariation,Skin_Longsword_04a,,,,,,,,,,
EquipmentCosmeticVariation,Skin_Longsword_03a,,,,,,,,,,
EquipmentCosmeticVariation,Skin_Longsword_02a,,,,,,,,,,
EquipmentCosmeticVariation,Skin_Longsword_01a,,,,,,,,,,
EquipmentCosmeticVariation,Skin_Longboy_Default,,,,,,,,,,
EquipmentCosmeticVariation,Skin_Longboy_01a,,,,,,,,,,
EquipmentCosmeticVariation,Skin_Lionne_Default,,,,,,,,,,
EquipmentCosmeticVariation,Skin_Lasher_Default,,,,,,,,,,
EquipmentCosmeticVariation,Skin_Kompas_Default,,,,,,,,,,
EquipmentCosmeticVariation,Skin_Jager_Default,,,,,,,,,,
EquipmentCosmeticVariation,Skin_Halberd_Default,,,,,,,,,,
EquipmentCosmeticVariation,Skin_Halberd_02a,,,,,,,,,,
EquipmentCosmeticVariation,Skin_Halberd_01a,,,,,,,,,,
EquipmentCosmeticVariation,Skin_FarsightVoir_Default,,,,,,,,,,
EquipmentCosmeticVariation,Skin_FarsightSwan_Default,,,,,,,,,,
EquipmentCosmeticVariation,Skin_FarsightDrak_Default,,,,,,,,,,
EquipmentCosmeticVariation,Skin_Drak_Default,,,,,,,,,,
EquipmentCosmeticVariation,Skin_Deux_Default,,,,,,,,,,
EquipmentCosmeticVariation,Skin_Dagger_Default,,,,,,,,,,
EquipmentCosmeticVariation,Skin_Dagger_09a,,,,,,,,,,
EquipmentCosmeticVariation,Skin_Dagger_08a,,,,,,,,,,
EquipmentCosmeticVariation,Skin_Dagger_07a,,,,,,,,,,
EquipmentCosmeticVariation,Skin_Dagger_06a,,,,,,,,,,
EquipmentCosmeticVariation,Skin_Dagger_05a,,,,,,,,,,
EquipmentCosmeticVariation,Skin_Dagger_04a,,,,,,,,,,
EquipmentCosmeticVariation,Skin_Dagger_03a,,,,,,,,,,
EquipmentCosmeticVariation,Skin_Dagger_02a,,,,,,,,,,
EquipmentCosmeticVariation,Skin_Dagger_01a,,,,,,,,,,
EquipmentCosmeticVariation,Skin_Club_Default,,,,,,,,,,
EquipmentCosmeticVariation,Skin_Club_03a,,,,,,,,,,
EquipmentCosmeticVariation,Skin_Club_02a,,,,,,,,,,
EquipmentCosmeticVariation,Skin_Club_01a,,,,,,,,,,
EquipmentCosmeticVariation,Skin_Cavalier_Default,,,,,,,,,,
EquipmentCosmeticVariation,Skin_BrownBetty_Default,,,,,,,,,,
EquipmentCosmeticVariation,Skin_BrownBetty_11a,,,,,,,,,,
EquipmentCosmeticVariation,Skin_BrownBetty_10a,,,,,,,,,,
EquipmentCosmeticVariation,Skin_BrownBetty_09a,,,,,,,,,,
EquipmentCosmeticVariation,Skin_BrownBetty_08a,,,,,,,,,,
EquipmentCosmeticVariation,Skin_BrownBetty_07a,,,,,,,,,,
EquipmentCosmeticVariation,Skin_BrownBetty_06a,,,,,,,,,,
EquipmentCosmeticVariation,Skin_BrownBetty_05a,,,,,,,,,,
EquipmentCosmeticVariation,Skin_BrownBetty_04a,,,,,,,,,,
EquipmentCosmeticVariation,Skin_BrownBetty_03a,,,,,,,,,,
EquipmentCosmeticVariation,Skin_BrownBetty_02a,,,,,,,,,,
EquipmentCosmeticVariation,Skin_BrownBetty_01a,,,,,,,,,,
EquipmentCosmeticVariation,Skin_Borodino_Default,,,,,,,,,,
EquipmentCosmeticVariation,Skin_Belier_Default,,,,,,,,,,
EquipmentCosmeticVariation,Skin_Axe_Default,,,,,,,,,,
EquipmentCosmeticVariation,Skin_Axe_04a,,,,,,,,,,
EquipmentCosmeticVariation,Skin_Axe_03a,,,,,,,,,,
EquipmentCosmeticVariation,Skin_Axe_02a,,,,,,,,,,
EquipmentCosmeticVariation,Skin_Axe_01a,,,,,,,,,,
EquipmentCosmeticVariation,Skin_Auster_Default,,,,,,,,,,
BagCosmeticVariation,Skin_WeaponBag_Rare01_01a,,,,,,,,,,
BagCosmeticVariation,Skin_WeaponBag_Legendary01_01a,,,,,,,,,,
BagCosmeticVariation,Skin_WeaponBag_Epic01_01a,,,,,,,,,,
BagCosmeticVariation,Skin_HipBag_Uncommon03_Default,,,,,,,,,,
BagCosmeticVariation,Skin_HipBag_Uncommon03_01a,,,,,,,,,,
BagCosmeticVariation,Skin_HipBag_Uncommon02_01a,,,,,,,,,,
BagCosmeticVariation,Skin_HipBag_Uncommon01_Default,,,,,,,,,,
BagCosmeticVariation,Skin_HipBag_Uncommon01_01a,,,,,,,,,,
BagCosmeticVariation,Skin_HipBag_Rare02_01a,,,,,,,,,,
BagCosmeticVariation,Skin_HipBag_Rare01_02a,,,,,,,,,,
BagCosmeticVariation,Skin_HipBag_Rare01_01a,,,,,,,,,,
BagCosmeticVariation,Skin_HipBag_Legendary02_01a,,,,,,,,,,
BagCosmeticVariation,Skin_HipBag_Legendary01_01a,,,,,,,,,,
BagCosmeticVariation,Skin_HipBag_Epic03_01a,,,,,,,,,,
BagCosmeticVariation,Skin_HipBag_Epic02_01a,,,,,,,,,,
BagCosmeticVariation,Skin_HipBag_Epic01_02a,,,,,,,,,,
BagCosmeticVariation,Skin_HipBag_Epic01_01a,,,,,,,,,,
BagCosmeticVariation,Skin_HipBag_Common02_01a,,,,,,,,,,
BagCosmeticVariation,Skin_HipBag_Common01_01a,,,,,,,,,,
BagCosmeticVariation,Skin_BackBag_Uncommon03_Default,,,,,,,,,,
BagCosmeticVariation,Skin_BackBag_Uncommon03_05a,,,,,,,,,,
BagCosmeticVariation,Skin_BackBag_Uncommon03_04a,,,,,,,,,,
BagCosmeticVariation,Skin_BackBag_Uncommon03_03a,,,,,,,,,,
BagCosmeticVariation,Skin_BackBag_Uncommon03_02a,,,,,,,,,,
BagCosmeticVariation,Skin_BackBag_Uncommon03_01a,,,,,,,,,,
BagCosmeticVariation,Skin_BackBag_Uncommon02_06a,,,,,,,,,,
BagCosmeticVariation,Skin_BackBag_Uncommon02_05a,,,,,,,,,,
BagCosmeticVariation,Skin_BackBag_Uncommon02_04a,,,,,,,,,,
BagCosmeticVariation,Skin_BackBag_Uncommon02_03a,,,,,,,,,,
BagCosmeticVariation,Skin_BackBag_Uncommon02_02a,,,,,,,,,,
BagCosmeticVariation,Skin_BackBag_Uncommon02_01a,,,,,,,,,,
BagCosmeticVariation,Skin_BackBag_Uncommon01_Default,,,,,,,,,,
BagCosmeticVariation,Skin_BackBag_Rare02_01a,,,,,,,,,,
BagCosmeticVariation,Skin_BackBag_Rare01_05a,,,,,,,,,,
BagCosmeticVariation,Skin_BackBag_Rare01_04a,,,,,,,,,,
BagCosmeticVariation,Skin_BackBag_Rare01_03a,,,,,,,,,,
BagCosmeticVariation,Skin_BackBag_Rare01_02a,,,,,,,,,,
BagCosmeticVariation,Skin_BackBag_Rare01_01a,,,,,,,,,,
BagCosmeticVariation,Skin_BackBag_Legendary03_02a,,,,,,,,,,
BagCosmeticVariation,Skin_BackBag_Legendary03_01a,,,,,,,,,,
BagCosmeticVariation,Skin_BackBag_Legendary02_05a,,,,,,,,,,
BagCosmeticVariation,Skin_BackBag_Legendary02_04a,,,,,,,,,,
BagCosmeticVariation,Skin_BackBag_Legendary02_03a,,,,,,,,,,
BagCosmeticVariation,Skin_BackBag_Legendary02_02a,,,,,,,,,,
BagCosmeticVariation,Skin_BackBag_Legendary02_01a,,,,,,,,,,
BagCosmeticVariation,Skin_BackBag_Legendary01_01a,,,,,,,,,,
BagCosmeticVariation,Skin_BackBag_Epic02_02a,,,,,,,,,,
BagCosmeticVariation,Skin_BackBag_Epic02_01a,,,,,,,,,,
BagCosmeticVariation,Skin_BackBag_Epic01_01a,,,,,,,,,,
BagCosmeticVariation,Skin_BackBag_Common02_04a,,,,,,,,,,
BagCosmeticVariation,Skin_BackBag_Common02_03a,,,,,,,,,,
BagCosmeticVariation,Skin_BackBag_Common02_02a,,,,,,,,,,
BagCosmeticVariation,Skin_BackBag_Common02_01a,,,,,,,,,,
BagCosmeticVariation,Skin_BackBag_Common01_Default,,,,,,,,,,
BagCosmeticVariation,Skin_BackBag_Common01_01k,,,,,,,,,,
BagCosmeticVariation,Skin_BackBag_Common01_01j,,,,,,,,,,
BagCosmeticVariation,Skin_BackBag_Common01_01i,,,,,,,,,,
BagCosmeticVariation,Skin_BackBag_Common01_01h,,,,,,,,,,
BagCosmeticVariation,Skin_BackBag_Common01_01g,,,,,,,,,,
BagCosmeticVariation,Skin_BackBag_Common01_01f,,,,,,,,,,
BagCosmeticVariation,Skin_BackBag_Common01_01e,,,,,,,,,,
BagCosmeticVariation,Skin_BackBag_Common01_01d,,,,,,,,,,
BagCosmeticVariation,Skin_BackBag_Common01_01c,,,,,,,,,,
BagCosmeticVariation,Skin_BackBag_Common01_01b,,,,,,,,,,
