TableName,Weight,WeightSum,WeightPercent,ObjectName,DisplayName,Rarity
LIT_Workbench,100.0,1702.2500000037253,5.8746,ID_Common_Whetstone,Whetstone,
LIT_Workbench,100.0,1702.2500000037253,5.8746,ID_Common_SpindlePulley,Spindle Pulley,
LIT_Workbench,100.0,1702.2500000037253,5.8746,ID_Common_Saltpetre,Saltpetre,
LIT_Workbench,100.0,1702.2500000037253,5.8746,ID_Common_RustedKeyring,Rusted Keyring,
LIT_Workbench,100.0,1702.2500000037253,5.8746,ID_Common_PineOil,Pine Oil,
LIT_Workbench,100.0,1702.2500000037253,5.8746,ID_Common_OldHorseshoe,Old Horseshoe,
LIT_Workbench,100.0,1702.2500000037253,5.8746,ID_Common_OldGunpowder,Old Gunpowder,
LIT_Workbench,100.0,1702.2500000037253,5.8746,ID_Common_LeadOre,Lead Ore,
LIT_Workbench,100.0,1702.2500000037253,5.8746,ID_Common_LatchHook,Latch Hook,
LIT_Workbench,100.0,1702.2500000037253,5.8746,ID_Common_IronNails,Iron Nails,
LIT_Workbench,100.0,1702.2500000037253,5.8746,ID_Common_ChippedFlint,Chipped Flint,
LIT_Workbench,100.0,1702.2500000037253,5.8746,ID_Common_Chalkstone,Chalkstone,
LIT_Workbench,100.0,1702.2500000037253,5.8746,ID_Common_Brassplate,Brass Plate,
LIT_Workbench,100.0,1702.2500000037253,5.8746,ID_Common_BoiledLeather,Boiled Leather,
LIT_Workbench,50.0,1702.2500000037253,2.9373,ID_Common_SharpScrews,Sharp Screws,
LIT_Workbench,50.0,1702.2500000037253,2.9373,ID_Common_LeadBar,Lead Bar,
LIT_Workbench,25.0,1702.2500000037253,1.4686,ID_Uncommon_TentPeg,Tent Peg,Rarity.Uncommon
LIT_Workbench,25.0,1702.2500000037253,1.4686,ID_Uncommon_TannedHide,Tanned Hide,Rarity.Uncommon
LIT_Workbench,25.0,1702.2500000037253,1.4686,ID_Uncommon_IronFile,Iron File,Rarity.Uncommon
LIT_Workbench,25.0,1702.2500000037253,1.4686,ID_Uncommon_IntactLeatherGasket,Intact Leather Gasket,Rarity.Uncommon
LIT_Workbench,25.0,1702.2500000037253,1.4686,ID_Uncommon_CopperOre,Copper Ore,Rarity.Uncommon
LIT_Workbench,25.0,1702.2500000037253,1.4686,ID_Uncommon_BeltStrap,Belt Strap,Rarity.Uncommon
LIT_Workbench,12.5,1702.2500000037253,0.7343,ID_Uncommon_CopperBar,Copper Bar,Rarity.Uncommon
LIT_Workbench,5.0,1702.2500000037253,0.2937,ID_Rare_WhaleOil,Whale Oil,Rarity.Rare
LIT_Workbench,5.0,1702.2500000037253,0.2937,ID_Rare_Steelband,Steelband,Rarity.Rare
LIT_Workbench,5.0,1702.2500000037253,0.2937,ID_Rare_LeatherTrimmings,Leather Trimmings,Rarity.Rare
LIT_Workbench,5.0,1702.2500000037253,0.2937,ID_Rare_ColdIron,Cold Iron,Rarity.Rare
LIT_Workbench,5.0,1702.2500000037253,0.2937,ID_Rare_BlacksmithsTongs,Blacksmith's Tongs,Rarity.Rare
LIT_Workbench,5.0,1702.2500000037253,0.2937,ID_Rare_BlackenedStriker,Blackened Striker,Rarity.Rare
LIT_Workbench,2.5,1702.2500000037253,0.1469,ID_Rare_PolishedFiringPin,Polished Firing Pin,Rarity.Rare
LIT_Workbench,1.0,1702.2500000037253,0.0587,ID_Epic_OreSilver,Silver Ore,Rarity.Epic
LIT_Workbench,1.0,1702.2500000037253,0.0587,ID_Epic_OiledSpring,Oiled Spring,Rarity.Epic
LIT_Workbench,1.0,1702.2500000037253,0.0587,ID_Epic_OiledSpring,Oiled Spring,Rarity.Epic
LIT_Workbench,1.0,1702.2500000037253,0.0587,ID_Epic_FineFile,Fine File,Rarity.Epic
LIT_Workbench,1.0,1702.2500000037253,0.0587,ID_Epic_Ebony,Ebony,Rarity.Epic
LIT_Workbench,1.0,1702.2500000037253,0.0587,ID_Epic_ConvexGlass,Convex Glass,Rarity.Epic
LIT_Workbench,0.5,1702.2500000037253,0.0294,ID_Epic_SilverBar,Silver Bar,Rarity.Epic
LIT_Workbench,0.5,1702.2500000037253,0.0294,ID_Common_LockspringSteel,Lockspring Steel,Rarity.Epic
LIT_Workbench,0.1,1702.2500000037253,0.0059,ID_Legendary_OreGold,Gold Ore,Rarity.Legendary
LIT_Workbench,0.1,1702.2500000037253,0.0059,ID_Legendary_DamascusSteel,Damascus Steel,Rarity.Legendary
LIT_Workbench,0.05,1702.2500000037253,0.0029,ID_Legendary_GoldBar,Gold Bar,Rarity.Legendary
LIT_Womb_01,50.0,100.0,50.0000,ID_Trophy_Womb,Womb Slop,Rarity.Rare
LIT_Womb_01,50.0,100.0,50.0000,ID_Trophy_Cherub,Cherub Umbilical,Rarity.Uncommon
LIT_WarAxeRecipe_Rare_Loose,75.0,100.0,75.0000,ID_Money_Copper,Copper Coin,Rarity.Uncommon
LIT_WarAxeRecipe_Rare_Loose,15.0,100.0,15.0000,ID_Money_Silver,Silver Coin,Rarity.Rare
LIT_WarAxeRecipe_Rare_Loose,10.0,100.0,10.0000,ID_Rec_Weap_Waraxe,Metallurgist Recipe - WarAxe,Rarity.Epic
LIT_Waif_01,100.0,100.0,100.0000,ID_Trophy_Waif,Waif Head,Rarity.Uncommon
LIT_VoltigeursBarrel_Loose,79.0,100.0,79.0000,ID_Money_Copper,Copper Coin,Rarity.Uncommon
LIT_VoltigeursBarrel_Loose,15.0,100.0,15.0000,ID_Money_Silver,Silver Coin,Rarity.Rare
LIT_VoltigeursBarrel_Loose,5.0,100.0,5.0000,ID_Rec_C_BackBag_Uncommon03_Epic01,Voltigeur's Barrel - Leather Barrel Bag,Rarity.Epic
LIT_VoltigeursBarrel_Loose,1.0,100.0,1.0000,ID_Money_Gold,Gold Coin,Rarity.Epic
LIT_VolantRecipe_Uncommon_Loose,70.0,100.0,70.0000,ID_Money_Copper,Copper Coin,Rarity.Uncommon
LIT_VolantRecipe_Uncommon_Loose,15.0,100.0,15.0000,ID_Rec_Weap_Volant,Gunsmith Recipe - Volant,Rarity.Rare
LIT_VolantRecipe_Uncommon_Loose,15.0,100.0,15.0000,ID_Money_Silver,Silver Coin,Rarity.Rare
LIT_Valuables_01,40.0,140.0,28.5714,ID_Money_Copper,Copper Coin,Rarity.Uncommon
LIT_Valuables_01,40.0,140.0,28.5714,ID_Key_Bronze,Bronze Key,Rarity.Uncommon
LIT_Valuables_01,20.0,140.0,14.2857,ID_Money_Silver,Silver Coin,Rarity.Rare
LIT_Valuables_01,20.0,140.0,14.2857,ID_Key_Silver,Silver Key,Rarity.Rare
LIT_Valuables_01,10.0,140.0,7.1429,ID_Money_Gold,Gold Coin,Rarity.Epic
LIT_Valuables_01,10.0,140.0,7.1429,ID_Key_Gold,Gold Key,Rarity.Epic
LIT_ValuablesBox_01a,25.0,161.7000000104308,15.4607,ID_Uncommon_TarnishedSpoon,Tarnished Spoon,Rarity.Uncommon
LIT_ValuablesBox_01a,25.0,161.7000000104308,15.4607,ID_Uncommon_RedOchre,Red Ochre,Rarity.Uncommon
LIT_ValuablesBox_01a,25.0,161.7000000104308,15.4607,ID_Uncommon_PreciousBox,Precious Box,Rarity.Uncommon
LIT_ValuablesBox_01a,25.0,161.7000000104308,15.4607,ID_Uncommon_PowderTin,Powder Tin,Rarity.Uncommon
LIT_ValuablesBox_01a,25.0,161.7000000104308,15.4607,ID_Uncommon_DankTobacco,Dank Tobacco,Rarity.Uncommon
LIT_ValuablesBox_01a,5.0,161.7000000104308,3.0921,ID_Rare_Smokesilver,Smokesilver,Rarity.Rare
LIT_ValuablesBox_01a,5.0,161.7000000104308,3.0921,ID_Rare_ShinyBuckle,Shiny Buckle,Rarity.Rare
LIT_ValuablesBox_01a,5.0,161.7000000104308,3.0921,ID_Rare_RefinedTobacco,Refined Tobacco,Rarity.Rare
LIT_ValuablesBox_01a,5.0,161.7000000104308,3.0921,ID_Rare_NacreButton,Nacre Button,Rarity.Rare
LIT_ValuablesBox_01a,5.0,161.7000000104308,3.0921,ID_Rare_DelicateChain,Delicate Chain,Rarity.Rare
LIT_ValuablesBox_01a,1.0,161.7000000104308,0.6184,ID_Epic_WhitePearl,White Pearl,Rarity.Epic
LIT_ValuablesBox_01a,1.0,161.7000000104308,0.6184,ID_Epic_UncutGems,Uncut Gems,Rarity.Epic
LIT_ValuablesBox_01a,1.0,161.7000000104308,0.6184,ID_Epic_UncutDiamonds,Uncut Diamonds,Rarity.Epic
LIT_ValuablesBox_01a,1.0,161.7000000104308,0.6184,ID_Epic_Tortoiseshell,Tortoise Shell,Rarity.Epic
LIT_ValuablesBox_01a,1.0,161.7000000104308,0.6184,ID_Epic_Serpentstone,Serpentstone,Rarity.Epic
LIT_ValuablesBox_01a,1.0,161.7000000104308,0.6184,ID_Epic_RosaryBeads,Rosary Beads,Rarity.Epic
LIT_ValuablesBox_01a,1.0,161.7000000104308,0.6184,ID_Epic_Pinchbeck,Pinchbeck,Rarity.Epic
LIT_ValuablesBox_01a,1.0,161.7000000104308,0.6184,ID_Epic_Gunblue,Gunblue,Rarity.Epic
LIT_ValuablesBox_01a,1.0,161.7000000104308,0.6184,ID_Epic_Bloodstone,Bloodstone,Rarity.Epic
LIT_ValuablesBox_01a,1.0,161.7000000104308,0.6184,ID_Epic_Baleen,Baleen,Rarity.Epic
LIT_ValuablesBox_01a,1.0,161.7000000104308,0.6184,ID_Epic_AmberPearl,Amber Pearl,Rarity.Epic
LIT_ValuablesBox_01a,0.1,161.7000000104308,0.0618,ID_Legendary_Topaz,Topaz,Rarity.Legendary
LIT_ValuablesBox_01a,0.1,161.7000000104308,0.0618,ID_Legendary_PolluxCameo,Cameo Of Pollux,Rarity.Legendary
LIT_ValuablesBox_01a,0.1,161.7000000104308,0.0618,ID_Legendary_Isinglass,Isinglass,Rarity.Legendary
LIT_ValuablesBox_01a,0.1,161.7000000104308,0.0618,ID_Legendary_GoldLeaf,Gold Leaf,Rarity.Legendary
LIT_ValuablesBox_01a,0.1,161.7000000104308,0.0618,ID_Legendary_FlawlessDiamond,Flawless Diamond,Rarity.Legendary
LIT_ValuablesBox_01a,0.1,161.7000000104308,0.0618,ID_Legendary_CastorCameo,Cameo Of Castor,Rarity.Legendary
LIT_ValuablesBox_01a,0.1,161.7000000104308,0.0618,ID_Legendary_BloodOfThePenitent,Blood Of The Penitent,Rarity.Legendary
LIT_Uncommon_Weap_Rifles,100.0,200.0,50.0000,ID_Weap_Rifle_Uncommon02,Volant,Rarity.Uncommon
LIT_Uncommon_Weap_Rifles,100.0,200.0,50.0000,ID_Weap_Rifle_Uncommon01,Louisville,Rarity.Uncommon
LIT_Uncommon_Weap_Pistols,100.0,100.0,100.0000,ID_Weap_Pistol_Uncommon01,Auster,Rarity.Uncommon
LIT_TricolourStandard_Loose,70.0,100.0,70.0000,ID_Money_Copper,Copper Coin,Rarity.Uncommon
LIT_TricolourStandard_Loose,20.0,100.0,20.0000,ID_Rec_C_Louisville_Uncommon01,Wrapped Tricolour - Louisville,Rarity.Uncommon
LIT_TricolourStandard_Loose,10.0,100.0,10.0000,ID_Money_Silver,Silver Coin,Rarity.Rare
LIT_TreatyWorkhorse_Loose,70.0,100.0,70.0000,ID_Money_Copper,Copper Coin,Rarity.Uncommon
LIT_TreatyWorkhorse_Loose,15.0,100.0,15.0000,ID_Rec_C_BrownBetty_Uncommon07,Treaty Workhorse - Brown Betty,Rarity.Uncommon
LIT_TreatyWorkhorse_Loose,15.0,100.0,15.0000,ID_Money_Silver,Silver Coin,Rarity.Rare
LIT_Tools_Uncommon,100.0,150.0,66.6667,ID_ArmorPatch_Uncommon,Leather Armour Plate,Rarity.Uncommon
LIT_Tools_Uncommon,50.0,150.0,33.3333,ID_Tools_Uncommon_Repair01,Journeyman Tongs,Rarity.Uncommon
LIT_Tools_Rare,100.0,150.0,66.6667,ID_ArmorPatch_Rare,Ceramic Armour Plate,Rarity.Rare
LIT_Tools_Rare,50.0,150.0,33.3333,ID_Tools_Rare_Repair01,Machinist Tongs,Rarity.Rare
LIT_Tools_Legendary,100.0,150.0,66.6667,ID_ArmorPatch_Legendary,Damascus Armour Plate,Rarity.Legendary
LIT_Tools_Legendary,50.0,150.0,33.3333,ID_Tools_Legendary_Repair01,Clockwork Tongs,Rarity.Legendary
LIT_Tools_Epic,100.0,150.0,66.6667,ID_ArmorPatch_Epic,Steel Armour Plate,Rarity.Epic
LIT_Tools_Epic,50.0,150.0,33.3333,ID_Tools_Epic_Repair01,Delicate Tongs,Rarity.Epic
LIT_Tools_Common,100.0,150.0,66.6667,ID_ArmorPatch_Common,Cloth Armour Plate,
LIT_Tools_Common,50.0,150.0,33.3333,ID_Tools_Common_Repair01,Rusty Tongs,
LIT_Tools_All,40.0,75.20000000298023,53.1915,ID_Tools_Common_Repair01,Rusty Tongs,
LIT_Tools_All,20.0,75.20000000298023,26.5957,ID_Tools_Uncommon_Repair01,Journeyman Tongs,Rarity.Uncommon
LIT_Tools_All,10.0,75.20000000298023,13.2979,ID_Tools_Rare_Repair01,Machinist Tongs,Rarity.Rare
LIT_Tools_All,5.0,75.20000000298023,6.6489,ID_Tools_Epic_Repair01,Delicate Tongs,Rarity.Epic
LIT_Tools_All,0.2,75.20000000298023,0.2660,ID_Tools_Legendary_Repair01,Clockwork Tongs,Rarity.Legendary
LIT_ToolingBin,100.0,895.5,11.1669,ID_Rare_SinewString,Sinew String,Rarity.Rare
LIT_ToolingBin,100.0,895.5,11.1669,ID_Common_Whetstone,Whetstone,
LIT_ToolingBin,100.0,895.5,11.1669,ID_Common_SpindlePulley,Spindle Pulley,
LIT_ToolingBin,100.0,895.5,11.1669,ID_Common_Saltpetre,Saltpetre,
LIT_ToolingBin,100.0,895.5,11.1669,ID_Common_PineOil,Pine Oil,
LIT_ToolingBin,100.0,895.5,11.1669,ID_Common_OldHorsehairBrush,Old Horsehair Brush,
LIT_ToolingBin,100.0,895.5,11.1669,ID_Common_CoalTar,Coal Tar,
LIT_ToolingBin,100.0,895.5,11.1669,ID_Common_ChippedFlint,Chipped Flint,
LIT_ToolingBin,25.0,895.5,2.7917,ID_Uncommon_Pitch,Pitch,Rarity.Uncommon
LIT_ToolingBin,25.0,895.5,2.7917,ID_Uncommon_Pewterhead,Pewterhead,Rarity.Uncommon
LIT_ToolingBin,25.0,895.5,2.7917,ID_Uncommon_IntactLeatherGasket,Intact Leather Gasket,Rarity.Uncommon
LIT_ToolingBin,5.0,895.5,0.5583,ID_Rare_PumiceStone,Pumice Stone,Rarity.Rare
LIT_ToolingBin,5.0,895.5,0.5583,ID_Rare_Pickaxe,Pickaxe,Rarity.Rare
LIT_ToolingBin,5.0,895.5,0.5583,ID_Rare_IronHoldfast,Iron Holdfast,Rarity.Rare
LIT_ToolingBin,1.0,895.5,0.1117,ID_Epic_OreSilver,Silver Ore,Rarity.Epic
LIT_ToolingBin,1.0,895.5,0.1117,ID_Epic_HollandThread,Holland Thread,Rarity.Epic
LIT_ToolingBin,1.0,895.5,0.1117,ID_Epic_Gunblue,Gunblue,Rarity.Epic
LIT_ToolingBin,1.0,895.5,0.1117,ID_Epic_FineFile,Fine File,Rarity.Epic
LIT_ToolingBin,1.0,895.5,0.1117,ID_Epic_Ebony,Ebony,Rarity.Epic
LIT_ToolingBin,0.5,895.5,0.0558,ID_Epic_SilverBar,Silver Bar,Rarity.Epic
LIT_TongsRecipe_Common_Loose,80.0,100.0,80.0000,ID_Money_Copper,Copper Coin,Rarity.Uncommon
LIT_TongsRecipe_Common_Loose,20.0,100.0,20.0000,ID_Rec_RepairTong_Common01,Artificer Recipe - Rusty Tongs,Rarity.Uncommon
LIT_Tenebris_Loose,70.0,100.0,70.0000,ID_Money_Copper,Copper Coin,Rarity.Uncommon
LIT_Tenebris_Loose,15.0,100.0,15.0000,ID_Rec_C_Dagger_Uncommon02,Tenebris - Dagger,Rarity.Uncommon
LIT_Tenebris_Loose,15.0,100.0,15.0000,ID_Money_Silver,Silver Coin,Rarity.Rare
LIT_TEST,100.0,540.0,18.5185,ID_Rare_Mortar,Mortar,Rarity.Rare
LIT_TEST,100.0,540.0,18.5185,ID_Armor_Head_Legendary01,Old Guard Helmet,Rarity.Legendary
LIT_TEST,100.0,540.0,18.5185,ID_Armor_Chest_Uncommon01,Leather Cuirass,Rarity.Uncommon
LIT_TEST,100.0,540.0,18.5185,ID_Armor_Chest_Epic01,Black Dragoon Cuirass,Rarity.Epic
LIT_TEST,100.0,540.0,18.5185,ID_Ammunition_01_Crude,Crude Ammunition,
LIT_TEST,40.0,540.0,7.4074,ID_Rec_Weap_Lasher,Gunsmith Recipe - Lasher,Rarity.Legendary
LIT_SweetRumRecipe_Uncommon_Loose,70.0,100.0,70.0000,ID_Money_Copper,Copper Coin,Rarity.Uncommon
LIT_SweetRumRecipe_Uncommon_Loose,15.0,100.0,15.0000,ID_Rec_Rum_Uncommon01,Cook Recipe - Sweet Rum,Rarity.Rare
LIT_SweetRumRecipe_Uncommon_Loose,15.0,100.0,15.0000,ID_Money_Silver,Silver Coin,Rarity.Rare
LIT_Stove,200.0,581.0,34.4234,ID_Uncommon_Charcoal,Charcoal,Rarity.Uncommon
LIT_Stove,100.0,581.0,17.2117,ID_Uncommon_Rottenstone,Rottenstone,Rarity.Uncommon
LIT_Stove,100.0,581.0,17.2117,ID_Common_AshSolution,Ash Solution,
LIT_Stove,75.0,581.0,12.9088,ID_Common_Sootblack,Sootblack,
LIT_Stove,75.0,581.0,12.9088,ID_Common_BoneChar,Bone Char,
LIT_Stove,25.0,581.0,4.3029,ID_Uncommon_GristleWax,Gristle Wax,Rarity.Uncommon
LIT_Stove,5.0,581.0,0.8606,ID_Common_IronPot,Iron Pot,
LIT_Stove,1.0,581.0,0.1721,ID_Epic_IntactFemur,Intact Femur,Rarity.Epic
LIT_SpicedBreadRecipe_Epic_Loose,70.0,100.0,70.0000,ID_Money_Copper,Copper Coin,Rarity.Uncommon
LIT_SpicedBreadRecipe_Epic_Loose,25.0,100.0,25.0000,ID_Money_Silver,Silver Coin,Rarity.Rare
LIT_SpicedBreadRecipe_Epic_Loose,5.0,100.0,5.0000,ID_Rec_Bread_Uncommon01,Cook Recipe - Fresh Baguette,Rarity.Rare
LIT_SpearRecipe_Rare_Loose,70.0,100.0,70.0000,ID_Money_Copper,Copper Coin,Rarity.Uncommon
LIT_SpearRecipe_Rare_Loose,15.0,100.0,15.0000,ID_Rec_Weap_Spear,Metallurgist Recipe - Spear,Rarity.Epic
LIT_SpearRecipe_Rare_Loose,15.0,100.0,15.0000,ID_Money_Silver,Silver Coin,Rarity.Rare
LIT_Sindle_Loose,50.0,100.0,50.0000,ID_Rec_C_Dagger_Uncommon01,Sindle - Dagger,Rarity.Uncommon
LIT_Sindle_Loose,49.0,100.0,49.0000,ID_Money_Copper,Copper Coin,Rarity.Uncommon
LIT_Sindle_Loose,1.0,100.0,1.0000,ID_Key_U_Undercroft,Undercroft Key,Rarity.Epic
LIT_Shashka_Loose,45.0,100.0,45.0000,ID_Money_Copper,Copper Coin,Rarity.Uncommon
LIT_Shashka_Loose,20.0,100.0,20.0000,ID_Rec_C_Sabre_Rare01,Shashka - Sabre,Rarity.Rare
LIT_Shashka_Loose,20.0,100.0,20.0000,ID_Money_Silver,Silver Coin,Rarity.Rare
LIT_Shashka_Loose,15.0,100.0,15.0000,ID_Money_Gold,Gold Coin,Rarity.Epic
LIT_Shambler_01,100.0,100.1100000012666,99.8901,ID_Trophy_Shambler,Shambler Hand,Rarity.Rare
LIT_Shambler_01,0.1,100.1100000012666,0.0999,ID_Lore_Rare_Note05_U,Examinations of the Shambler,Rarity.Rare
LIT_Shambler_01,0.01,100.1100000012666,0.0100,ID_Rec_C_Dagger_Uncommon02,Tenebris - Dagger,Rarity.Uncommon
LIT_Schlag_Loose,67.5,100.0,67.5000,ID_Money_Copper,Copper Coin,Rarity.Uncommon
LIT_Schlag_Loose,22.5,100.0,22.5000,ID_Rec_C_ShortSword_Uncommon01,Schlag - Short Sword,Rarity.Uncommon
LIT_Schlag_Loose,10.0,100.0,10.0000,ID_Money_Silver,Silver Coin,Rarity.Rare
LIT_RumRecipe_Rare_Loose,75.0,100.0,75.0000,ID_Money_Copper,Copper Coin,Rarity.Uncommon
LIT_RumRecipe_Rare_Loose,15.0,100.0,15.0000,ID_Money_Silver,Silver Coin,Rarity.Rare
LIT_RumRecipe_Rare_Loose,10.0,100.0,10.0000,ID_Rec_Rum_Rare01,Cook Recipe - Rum of the Indies,Rarity.Epic
LIT_Rifles_All,100.0,164.30000000447035,60.8643,ID_Weap_Rifle_Common01,Brown Betty,
LIT_Rifles_All,25.0,164.30000000447035,15.2161,ID_Weap_Rifle_Uncommon02,Volant,Rarity.Uncommon
LIT_Rifles_All,25.0,164.30000000447035,15.2161,ID_Weap_Rifle_Uncommon01,Louisville,Rarity.Uncommon
LIT_Rifles_All,5.0,164.30000000447035,3.0432,ID_Weap_Rifle_Rare02,Kompas,Rarity.Rare
LIT_Rifles_All,5.0,164.30000000447035,3.0432,ID_Weap_Rifle_Rare01,Vepr,Rarity.Rare
LIT_Rifles_All,1.0,164.30000000447035,0.6086,ID_Weap_Rifle_Epic04,Swan,Rarity.Epic
LIT_Rifles_All,1.0,164.30000000447035,0.6086,ID_Weap_Rifle_Epic03,Voir,Rarity.Epic
LIT_Rifles_All,1.0,164.30000000447035,0.6086,ID_Weap_Rifle_Epic02,Lasher,Rarity.Epic
LIT_Rifles_All,1.0,164.30000000447035,0.6086,ID_Weap_Rifle_Epic01,Lionne,Rarity.Epic
LIT_Rifles_All,0.1,164.30000000447035,0.0609,ID_Weap_Rifle_Legendary03,Belier,Rarity.Legendary
LIT_Rifles_All,0.1,164.30000000447035,0.0609,ID_Weap_Rifle_Legendary02,Drak,Rarity.Legendary
LIT_Rifles_All,0.1,164.30000000447035,0.0609,ID_Weap_Rifle_Legendary01,Jager,Rarity.Legendary
LIT_Recipes_WeaponsAmmo,100.0,444.5000000074506,22.4972,ID_Rec_Weap_Longboy,Gunsmith Recipe - Longboy,Rarity.Uncommon
LIT_Recipes_WeaponsAmmo,100.0,444.5000000074506,22.4972,ID_Rec_Weap_Club,Metallurgist Recipe - Club,Rarity.Uncommon
LIT_Recipes_WeaponsAmmo,100.0,444.5000000074506,22.4972,ID_Rec_Weap_BrownBetty,Gunsmith Recipe - Brown Betty,Rarity.Uncommon
LIT_Recipes_WeaponsAmmo,25.0,444.5000000074506,5.6243,ID_Rec_Weap_Volant,Gunsmith Recipe - Volant,Rarity.Rare
LIT_Recipes_WeaponsAmmo,25.0,444.5000000074506,5.6243,ID_Rec_Weap_Mace,Metallurgist Recipe - Mace,Rarity.Rare
LIT_Recipes_WeaponsAmmo,25.0,444.5000000074506,5.6243,ID_Rec_Weap_Louisville,Gunsmith Recipe - Louisville,Rarity.Rare
LIT_Recipes_WeaponsAmmo,25.0,444.5000000074506,5.6243,ID_Rec_Weap_Longsword,Metallurgist Recipe - Longsword,Rarity.Rare
LIT_Recipes_WeaponsAmmo,5.0,444.5000000074506,1.1249,ID_Rec_Weap_Vepr,Gunsmith Recipe - Vepr,Rarity.Epic
LIT_Recipes_WeaponsAmmo,5.0,444.5000000074506,1.1249,ID_Rec_Weap_Spear,Metallurgist Recipe - Spear,Rarity.Epic
LIT_Recipes_WeaponsAmmo,5.0,444.5000000074506,1.1249,ID_Rec_Weap_Kompas,Gunsmith Recipe - Kompas,Rarity.Epic
LIT_Recipes_WeaponsAmmo,5.0,444.5000000074506,1.1249,ID_Rec_Weap_Cavalier,Gunsmith Recipe - Cavalier,Rarity.Epic
LIT_Recipes_WeaponsAmmo,5.0,444.5000000074506,1.1249,ID_Rec_Weap_Axe,Metallurgist Recipe - Axe,Rarity.Epic
LIT_Recipes_WeaponsAmmo,5.0,444.5000000074506,1.1249,ID_Rec_Ammo_Refined,Gunsmith Recipe - Refined Ammunition,Rarity.Legendary
LIT_Recipes_WeaponsAmmo,5.0,444.5000000074506,1.1249,ID_Rec_Ammo_Heavy,Gunsmith Recipe - Heavy Ammunition,Rarity.Epic
LIT_Recipes_WeaponsAmmo,1.0,444.5000000074506,0.2250,ID_Rec_Weap_Waraxe,Metallurgist Recipe - WarAxe,Rarity.Epic
LIT_Recipes_WeaponsAmmo,1.0,444.5000000074506,0.2250,ID_Rec_Weap_Voir,Gunsmith Recipe - Voir,Rarity.Legendary
LIT_Recipes_WeaponsAmmo,1.0,444.5000000074506,0.2250,ID_Rec_Weap_Swan,Gunsmith Recipe - Swan,Rarity.Legendary
LIT_Recipes_WeaponsAmmo,1.0,444.5000000074506,0.2250,ID_Rec_Weap_Morgan,Gunsmith Recipe - Morgan,Rarity.Legendary
LIT_Recipes_WeaponsAmmo,1.0,444.5000000074506,0.2250,ID_Rec_Weap_Lionne,Gunsmith Recipe - Lionne,Rarity.Legendary
LIT_Recipes_WeaponsAmmo,1.0,444.5000000074506,0.2250,ID_Rec_Weap_Lasher,Gunsmith Recipe - Lasher,Rarity.Legendary
LIT_Recipes_WeaponsAmmo,1.0,444.5000000074506,0.2250,ID_Rec_Weap_Halberd,Metallurgist Recipe - Halberd,Rarity.Legendary
LIT_Recipes_WeaponsAmmo,1.0,444.5000000074506,0.2250,ID_Rec_Weap_Borodino,Gunsmith Recipe - Borodino,Rarity.Legendary
LIT_Recipes_WeaponsAmmo,1.0,444.5000000074506,0.2250,ID_Rec_Ammo_Exotic,Gunsmith Recipe - Exotic Ammunition,Rarity.Legendary
LIT_Recipes_WeaponsAmmo,0.1,444.5000000074506,0.0225,ID_Rec_Weap_Volcan,Gunsmith Recipe - Volcan,Rarity.Artifact
LIT_Recipes_WeaponsAmmo,0.1,444.5000000074506,0.0225,ID_Rec_Weap_Volcan,Gunsmith Recipe - Volcan,Rarity.Artifact
LIT_Recipes_WeaponsAmmo,0.1,444.5000000074506,0.0225,ID_Rec_Weap_Jager,Gunsmith Recipe - Jager,Rarity.Artifact
LIT_Recipes_WeaponsAmmo,0.1,444.5000000074506,0.0225,ID_Rec_Weap_Drak,Gunsmith Recipe - Drak,Rarity.Artifact
LIT_Recipes_WeaponsAmmo,0.1,444.5000000074506,0.0225,ID_Rec_Weap_Belier,Gunsmith Recipe - Belier,Rarity.Artifact
LIT_Recipes_ToolsAll,100.0,131.20000000298023,76.2195,ID_Rec_RepairTong_Common01,Artificer Recipe - Rusty Tongs,Rarity.Uncommon
LIT_Recipes_ToolsAll,25.0,131.20000000298023,19.0549,ID_Rec_RepairTong_Uncommon01,Artificer Recipe - Journeyman Tongs,Rarity.Rare
LIT_Recipes_ToolsAll,5.0,131.20000000298023,3.8110,ID_Rec_RepairTong_Rare01,Artificer Recipe - Machinist Tongs,Rarity.Epic
LIT_Recipes_ToolsAll,1.0,131.20000000298023,0.7622,ID_Rec_RepairTong_Epic01,Artificer Recipe - Delicate Tongs,Rarity.Legendary
LIT_Recipes_ToolsAll,0.1,131.20000000298023,0.0762,ID_Rec_RepairTong_Legendary01,Artificer Recipe - Clockwork Tongs,Rarity.Artifact
LIT_Recipes_ToolsAll,0.1,131.20000000298023,0.0762,ID_Rec_ArmourPlate_Legendary01,Artificer Recipe - Damascus Armour Plate,Rarity.Artifact
LIT_Recipes_MedsAll,100.0,131.20000000298023,76.2195,ID_Rec_Bloodbag_Common01,Physician Recipe - Crude Bloodbag,Rarity.Uncommon
LIT_Recipes_MedsAll,25.0,131.20000000298023,19.0549,ID_Rec_Bloodbag_Uncommon01,Physician Recipe - Sealed Bloodbag,Rarity.Rare
LIT_Recipes_MedsAll,5.0,131.20000000298023,3.8110,ID_Rec_Bloodbag_Rare01,Physician Recipe - Pressurised Bloodbag,Rarity.Epic
LIT_Recipes_MedsAll,1.0,131.20000000298023,0.7622,ID_Rec_Bloodbag_Epic01,Physician Recipe - Scarlet Return,Rarity.Legendary
LIT_Recipes_MedsAll,0.1,131.20000000298023,0.0762,ID_Rec_Bloodbag_Legendary01,Physician Recipe - The Psychopomp,Rarity.Artifact
LIT_Recipes_MedsAll,0.1,131.20000000298023,0.0762,ID_Rec_Ampoule_Legendary01,Physician Recipe - Ambrosia,Rarity.Artifact
LIT_Recipes_BagsAll,100.0,450.6000000089407,22.1926,ID_Rec_Bag_Hip_Common02,Outfitter Recipe - Rusty Bucket,Rarity.Uncommon
LIT_Recipes_BagsAll,100.0,450.6000000089407,22.1926,ID_Rec_Bag_Back_Common02,Outfitter Recipe - Foraging Basket,Rarity.Uncommon
LIT_Recipes_BagsAll,100.0,450.6000000089407,22.1926,ID_Rec_Bag_Back_Common01,Outfitter Recipe - Damp Knapsack,Rarity.Uncommon
LIT_Recipes_BagsAll,25.0,450.6000000089407,5.5482,ID_Rec_Bag_Hip_Uncommon03,Outfitter Recipe - Old Satchel,Rarity.Rare
LIT_Recipes_BagsAll,25.0,450.6000000089407,5.5482,ID_Rec_Bag_Hip_Uncommon02,Outfitter Recipe - Threshing Basket,Rarity.Rare
LIT_Recipes_BagsAll,25.0,450.6000000089407,5.5482,ID_Rec_Bag_Back_Uncommon03,Outfitter Recipe - Leather Barrel Bag,Rarity.Rare
LIT_Recipes_BagsAll,25.0,450.6000000089407,5.5482,ID_Rec_Bag_Back_Uncommon02,Outfitter Recipe - Muriel's Box,Rarity.Rare
LIT_Recipes_BagsAll,25.0,450.6000000089407,5.5482,ID_Rec_Bag_Back_Uncommon01,Outfitter Recipe - Burlap Haversack,Rarity.Rare
LIT_Recipes_BagsAll,5.0,450.6000000089407,1.1096,ID_Rec_Bag_Weapon_Rare01,Outfitter Recipe - Hunting Sling,Rarity.Epic
LIT_Recipes_BagsAll,5.0,450.6000000089407,1.1096,ID_Rec_Bag_Hip_Rare02,Outfitter Recipe - Attachés Fold,Rarity.Epic
LIT_Recipes_BagsAll,5.0,450.6000000089407,1.1096,ID_Rec_Bag_Back_Rare02,Outfitter Recipe - Grenadier's Battlepack,Rarity.Epic
LIT_Recipes_BagsAll,5.0,450.6000000089407,1.1096,ID_Rec_Bag_Back_Rare01,Outfitter Recipe - Ludwig's Drumcase,Rarity.Epic
LIT_Recipes_BagsAll,1.0,450.6000000089407,0.2219,ID_Rec_Bag_Weapon_Epic01,Outfitter Recipe - Boutet's Riflecase,Rarity.Legendary
LIT_Recipes_BagsAll,1.0,450.6000000089407,0.2219,ID_Rec_Bag_Hip_Epic03,Outfitter Recipe - Miser's Purse,Rarity.Legendary
LIT_Recipes_BagsAll,1.0,450.6000000089407,0.2219,ID_Rec_Bag_Hip_Epic02,Outfitter Recipe - Butterfly Cannister,Rarity.Legendary
LIT_Recipes_BagsAll,1.0,450.6000000089407,0.2219,ID_Rec_Bag_Back_Epic02,Outfitter Recipe - Bag of Maratha,Rarity.Legendary
LIT_Recipes_BagsAll,1.0,450.6000000089407,0.2219,ID_Rec_Bag_Back_Epic01,Outfitter Recipe - Trevallion's Valise,Rarity.Legendary
LIT_Recipes_BagsAll,0.1,450.6000000089407,0.0222,ID_Rec_Bag_Weapon_Legendary01,Outfitter Recipe - Apollo Holster,Rarity.Artifact
LIT_Recipes_BagsAll,0.1,450.6000000089407,0.0222,ID_Rec_Bag_Hip_Legendary02,Outfitter Recipe - Pegasus,Rarity.Artifact
LIT_Recipes_BagsAll,0.1,450.6000000089407,0.0222,ID_Rec_Bag_Hip_Legendary01,Outfitter Recipe - Zazel's Carry,Rarity.Artifact
LIT_Recipes_BagsAll,0.1,450.6000000089407,0.0222,ID_Rec_Bag_Back_Legendary03,Outfitter Recipe - Sheath of the Four Winds,Rarity.Artifact
LIT_Recipes_BagsAll,0.1,450.6000000089407,0.0222,ID_Rec_Bag_Back_Legendary02,Outfitter Recipe - Zealot's Tower,Rarity.Artifact
LIT_Recipes_BagsAll,0.1,450.6000000089407,0.0222,ID_Rec_Bag_Back_Legendary01,Outfitter Recipe - Coldstream Pack,Rarity.Artifact
LIT_Recipes_ArmourAll,100.0,193.30000000447035,51.7331,ID_Rec_Armour_Chest_Common01,Outfitter Recipe - Quilted Cuirass,Rarity.Uncommon
LIT_Recipes_ArmourAll,25.0,193.30000000447035,12.9333,ID_Rec_Armour_Leg_Uncommon01,Outfitter Recipe - Leather Greaves,Rarity.Rare
LIT_Recipes_ArmourAll,25.0,193.30000000447035,12.9333,ID_Rec_Armour_Head_Uncommon01,Outfitter Recipe - Leather Helmet,Rarity.Rare
LIT_Recipes_ArmourAll,25.0,193.30000000447035,12.9333,ID_Rec_Armour_Chest_Uncommon01,Outfitter Recipe - Leather Cuirass,Rarity.Rare
LIT_Recipes_ArmourAll,5.0,193.30000000447035,2.5867,ID_Rec_Armour_Leg_Rare01,Outfitter Recipe - Sapper's Greaves,Rarity.Epic
LIT_Recipes_ArmourAll,5.0,193.30000000447035,2.5867,ID_Rec_Armour_Head_Rare01,Outfitter Recipe - Sapper's Helmet,Rarity.Epic
LIT_Recipes_ArmourAll,5.0,193.30000000447035,2.5867,ID_Rec_Armour_Chest_Rare01,Outfitter Recipe - Sapper's Cuirass,Rarity.Epic
LIT_Recipes_ArmourAll,1.0,193.30000000447035,0.5173,ID_Rec_Armour_Leg_Epic01,Outfitter Recipe - Black Dragoon Greaves,Rarity.Legendary
LIT_Recipes_ArmourAll,1.0,193.30000000447035,0.5173,ID_Rec_Armour_Head_Epic01,Outfitter Recipe - Black Dragoon Helmet,Rarity.Legendary
LIT_Recipes_ArmourAll,1.0,193.30000000447035,0.5173,ID_Rec_Armour_Chest_Epic01,Outfitter Recipe - Black Dragoon Cuirass,Rarity.Legendary
LIT_Recipes_ArmourAll,0.1,193.30000000447035,0.0517,ID_Rec_Armour_Leg_Legendary01,Outfitter Recipe - Old Guard Greaves,Rarity.Artifact
LIT_Recipes_ArmourAll,0.1,193.30000000447035,0.0517,ID_Rec_Armour_Head_Legendary01,Outfitter Recipe - Old Guard Helmet,Rarity.Artifact
LIT_Recipes_ArmourAll,0.1,193.30000000447035,0.0517,ID_Rec_Armour_Chest_Legendary01,Outfitter Recipe - Old Guard Cuirass,Rarity.Artifact
LIT_RecipesLootable_All,100.0,1611.7100000251085,6.2046,ID_Rec_Weap_Longboy,Gunsmith Recipe - Longboy,Rarity.Uncommon
LIT_RecipesLootable_All,100.0,1611.7100000251085,6.2046,ID_Rec_Weap_Club,Metallurgist Recipe - Club,Rarity.Uncommon
LIT_RecipesLootable_All,100.0,1611.7100000251085,6.2046,ID_Rec_Weap_BrownBetty,Gunsmith Recipe - Brown Betty,Rarity.Uncommon
LIT_RecipesLootable_All,100.0,1611.7100000251085,6.2046,ID_Rec_Soup_Common01,Cook Recipe - Thin Gruel,Rarity.Uncommon
LIT_RecipesLootable_All,100.0,1611.7100000251085,6.2046,ID_Rec_RepairTong_Common01,Artificer Recipe - Rusty Tongs,Rarity.Uncommon
LIT_RecipesLootable_All,100.0,1611.7100000251085,6.2046,ID_Rec_Bread_Common01,Cook Recipe - Mouldy Baguette,Rarity.Uncommon
LIT_RecipesLootable_All,100.0,1611.7100000251085,6.2046,ID_Rec_Bloodbag_Common01,Physician Recipe - Crude Bloodbag,Rarity.Uncommon
LIT_RecipesLootable_All,100.0,1611.7100000251085,6.2046,ID_Rec_Bag_Hip_Common02,Outfitter Recipe - Rusty Bucket,Rarity.Uncommon
LIT_RecipesLootable_All,100.0,1611.7100000251085,6.2046,ID_Rec_Bag_Back_Common02,Outfitter Recipe - Foraging Basket,Rarity.Uncommon
LIT_RecipesLootable_All,100.0,1611.7100000251085,6.2046,ID_Rec_Bag_Back_Common01,Outfitter Recipe - Damp Knapsack,Rarity.Uncommon
LIT_RecipesLootable_All,100.0,1611.7100000251085,6.2046,ID_Rec_Armour_Chest_Common01,Outfitter Recipe - Quilted Cuirass,Rarity.Uncommon
LIT_RecipesLootable_All,25.0,1611.7100000251085,1.5511,ID_Rec_Weap_Volant,Gunsmith Recipe - Volant,Rarity.Rare
LIT_RecipesLootable_All,25.0,1611.7100000251085,1.5511,ID_Rec_Weap_Mace,Metallurgist Recipe - Mace,Rarity.Rare
LIT_RecipesLootable_All,25.0,1611.7100000251085,1.5511,ID_Rec_Weap_Louisville,Gunsmith Recipe - Louisville,Rarity.Rare
LIT_RecipesLootable_All,25.0,1611.7100000251085,1.5511,ID_Rec_Weap_Longsword,Metallurgist Recipe - Longsword,Rarity.Rare
LIT_RecipesLootable_All,25.0,1611.7100000251085,1.5511,ID_Rec_Soup_Uncommon01,Cook Recipe - Cabbage Soup,Rarity.Rare
LIT_RecipesLootable_All,25.0,1611.7100000251085,1.5511,ID_Rec_RepairTong_Uncommon01,Artificer Recipe - Journeyman Tongs,Rarity.Rare
LIT_RecipesLootable_All,25.0,1611.7100000251085,1.5511,ID_Rec_Bread_Uncommon01,Cook Recipe - Fresh Baguette,Rarity.Rare
LIT_RecipesLootable_All,25.0,1611.7100000251085,1.5511,ID_Rec_Bloodbag_Uncommon01,Physician Recipe - Sealed Bloodbag,Rarity.Rare
LIT_RecipesLootable_All,25.0,1611.7100000251085,1.5511,ID_Rec_Bag_Hip_Uncommon03,Outfitter Recipe - Old Satchel,Rarity.Rare
LIT_RecipesLootable_All,25.0,1611.7100000251085,1.5511,ID_Rec_Bag_Hip_Uncommon02,Outfitter Recipe - Threshing Basket,Rarity.Rare
LIT_RecipesLootable_All,25.0,1611.7100000251085,1.5511,ID_Rec_Bag_Back_Uncommon03,Outfitter Recipe - Leather Barrel Bag,Rarity.Rare
LIT_RecipesLootable_All,25.0,1611.7100000251085,1.5511,ID_Rec_Bag_Back_Uncommon02,Outfitter Recipe - Muriel's Box,Rarity.Rare
LIT_RecipesLootable_All,25.0,1611.7100000251085,1.5511,ID_Rec_Bag_Back_Uncommon01,Outfitter Recipe - Burlap Haversack,Rarity.Rare
LIT_RecipesLootable_All,25.0,1611.7100000251085,1.5511,ID_Rec_Armour_Leg_Uncommon01,Outfitter Recipe - Leather Greaves,Rarity.Rare
LIT_RecipesLootable_All,25.0,1611.7100000251085,1.5511,ID_Rec_Armour_Head_Uncommon01,Outfitter Recipe - Leather Helmet,Rarity.Rare
LIT_RecipesLootable_All,25.0,1611.7100000251085,1.5511,ID_Rec_Armour_Chest_Uncommon01,Outfitter Recipe - Leather Cuirass,Rarity.Rare
LIT_RecipesLootable_All,5.0,1611.7100000251085,0.3102,ID_Rec_Weap_Waraxe,Metallurgist Recipe - WarAxe,Rarity.Epic
LIT_RecipesLootable_All,5.0,1611.7100000251085,0.3102,ID_Rec_Weap_Vepr,Gunsmith Recipe - Vepr,Rarity.Epic
LIT_RecipesLootable_All,5.0,1611.7100000251085,0.3102,ID_Rec_Weap_Spear,Metallurgist Recipe - Spear,Rarity.Epic
LIT_RecipesLootable_All,5.0,1611.7100000251085,0.3102,ID_Rec_Weap_Kompas,Gunsmith Recipe - Kompas,Rarity.Epic
LIT_RecipesLootable_All,5.0,1611.7100000251085,0.3102,ID_Rec_Weap_Cavalier,Gunsmith Recipe - Cavalier,Rarity.Epic
LIT_RecipesLootable_All,5.0,1611.7100000251085,0.3102,ID_Rec_Weap_Axe,Metallurgist Recipe - Axe,Rarity.Epic
LIT_RecipesLootable_All,5.0,1611.7100000251085,0.3102,ID_Rec_Soup_Rare01,Cook Recipe - Kedgeree,Rarity.Epic
LIT_RecipesLootable_All,5.0,1611.7100000251085,0.3102,ID_Rec_RepairTong_Rare01,Artificer Recipe - Machinist Tongs,Rarity.Epic
LIT_RecipesLootable_All,5.0,1611.7100000251085,0.3102,ID_Rec_Bread_Rare01,Cook Recipe - Fougasse Bread,Rarity.Epic
LIT_RecipesLootable_All,5.0,1611.7100000251085,0.3102,ID_Rec_Bloodbag_Rare01,Physician Recipe - Pressurised Bloodbag,Rarity.Epic
LIT_RecipesLootable_All,5.0,1611.7100000251085,0.3102,ID_Rec_Bag_Weapon_Rare01,Outfitter Recipe - Hunting Sling,Rarity.Epic
LIT_RecipesLootable_All,5.0,1611.7100000251085,0.3102,ID_Rec_Bag_Hip_Rare02,Outfitter Recipe - Attachés Fold,Rarity.Epic
LIT_RecipesLootable_All,5.0,1611.7100000251085,0.3102,ID_Rec_Bag_Back_Rare02,Outfitter Recipe - Grenadier's Battlepack,Rarity.Epic
LIT_RecipesLootable_All,5.0,1611.7100000251085,0.3102,ID_Rec_Bag_Back_Rare01,Outfitter Recipe - Ludwig's Drumcase,Rarity.Epic
LIT_RecipesLootable_All,5.0,1611.7100000251085,0.3102,ID_Rec_Armour_Leg_Rare01,Outfitter Recipe - Sapper's Greaves,Rarity.Epic
LIT_RecipesLootable_All,5.0,1611.7100000251085,0.3102,ID_Rec_Armour_Head_Rare01,Outfitter Recipe - Sapper's Helmet,Rarity.Epic
LIT_RecipesLootable_All,5.0,1611.7100000251085,0.3102,ID_Rec_Armour_Chest_Rare01,Outfitter Recipe - Sapper's Cuirass,Rarity.Epic
LIT_RecipesLootable_All,5.0,1611.7100000251085,0.3102,ID_Rec_Ammo_Refined,Gunsmith Recipe - Refined Ammunition,Rarity.Legendary
LIT_RecipesLootable_All,1.0,1611.7100000251085,0.0620,ID_Rec_Weap_Waraxe,Metallurgist Recipe - WarAxe,Rarity.Epic
LIT_RecipesLootable_All,1.0,1611.7100000251085,0.0620,ID_Rec_Weap_Voir,Gunsmith Recipe - Voir,Rarity.Legendary
LIT_RecipesLootable_All,1.0,1611.7100000251085,0.0620,ID_Rec_Weap_Swan,Gunsmith Recipe - Swan,Rarity.Legendary
LIT_RecipesLootable_All,1.0,1611.7100000251085,0.0620,ID_Rec_Weap_Morgan,Gunsmith Recipe - Morgan,Rarity.Legendary
LIT_RecipesLootable_All,1.0,1611.7100000251085,0.0620,ID_Rec_Weap_Lionne,Gunsmith Recipe - Lionne,Rarity.Legendary
LIT_RecipesLootable_All,1.0,1611.7100000251085,0.0620,ID_Rec_Weap_Lasher,Gunsmith Recipe - Lasher,Rarity.Legendary
LIT_RecipesLootable_All,1.0,1611.7100000251085,0.0620,ID_Rec_Weap_Halberd,Metallurgist Recipe - Halberd,Rarity.Legendary
LIT_RecipesLootable_All,1.0,1611.7100000251085,0.0620,ID_Rec_Weap_Borodino,Gunsmith Recipe - Borodino,Rarity.Legendary
LIT_RecipesLootable_All,1.0,1611.7100000251085,0.0620,ID_Rec_Soup_Epic01,Cook Recipe - Burgundy Ragout,Rarity.Legendary
LIT_RecipesLootable_All,1.0,1611.7100000251085,0.0620,ID_Rec_RepairTong_Epic01,Artificer Recipe - Delicate Tongs,Rarity.Legendary
LIT_RecipesLootable_All,1.0,1611.7100000251085,0.0620,ID_Rec_Bread_Epic01,Cook Recipe - Spiced Bread,Rarity.Legendary
LIT_RecipesLootable_All,1.0,1611.7100000251085,0.0620,ID_Rec_Bloodbag_Epic01,Physician Recipe - Scarlet Return,Rarity.Legendary
LIT_RecipesLootable_All,1.0,1611.7100000251085,0.0620,ID_Rec_Bag_Weapon_Epic01,Outfitter Recipe - Boutet's Riflecase,Rarity.Legendary
LIT_RecipesLootable_All,1.0,1611.7100000251085,0.0620,ID_Rec_Bag_Hip_Epic03,Outfitter Recipe - Miser's Purse,Rarity.Legendary
LIT_RecipesLootable_All,1.0,1611.7100000251085,0.0620,ID_Rec_Bag_Hip_Epic02,Outfitter Recipe - Butterfly Cannister,Rarity.Legendary
LIT_RecipesLootable_All,1.0,1611.7100000251085,0.0620,ID_Rec_Bag_Back_Epic02,Outfitter Recipe - Bag of Maratha,Rarity.Legendary
LIT_RecipesLootable_All,1.0,1611.7100000251085,0.0620,ID_Rec_Bag_Back_Epic01,Outfitter Recipe - Trevallion's Valise,Rarity.Legendary
LIT_RecipesLootable_All,1.0,1611.7100000251085,0.0620,ID_Rec_Armour_Leg_Epic01,Outfitter Recipe - Black Dragoon Greaves,Rarity.Legendary
LIT_RecipesLootable_All,1.0,1611.7100000251085,0.0620,ID_Rec_Armour_Head_Epic01,Outfitter Recipe - Black Dragoon Helmet,Rarity.Legendary
LIT_RecipesLootable_All,1.0,1611.7100000251085,0.0620,ID_Rec_Armour_Chest_Epic01,Outfitter Recipe - Black Dragoon Cuirass,Rarity.Legendary
LIT_RecipesLootable_All,0.1,1611.7100000251085,0.0062,ID_Rec_Weap_Volcan,Gunsmith Recipe - Volcan,Rarity.Artifact
LIT_RecipesLootable_All,0.1,1611.7100000251085,0.0062,ID_Rec_Weap_Volcan,Gunsmith Recipe - Volcan,Rarity.Artifact
LIT_RecipesLootable_All,0.1,1611.7100000251085,0.0062,ID_Rec_Weap_Jager,Gunsmith Recipe - Jager,Rarity.Artifact
LIT_RecipesLootable_All,0.1,1611.7100000251085,0.0062,ID_Rec_Weap_Drak,Gunsmith Recipe - Drak,Rarity.Artifact
LIT_RecipesLootable_All,0.1,1611.7100000251085,0.0062,ID_Rec_Weap_Belier,Gunsmith Recipe - Belier,Rarity.Artifact
LIT_RecipesLootable_All,0.1,1611.7100000251085,0.0062,ID_Rec_Soup_Legendary01,Cook Recipe - Imperial Pot-au-Feu,Rarity.Artifact
LIT_RecipesLootable_All,0.1,1611.7100000251085,0.0062,ID_Rec_RepairTong_Legendary01,Artificer Recipe - Clockwork Tongs,Rarity.Artifact
LIT_RecipesLootable_All,0.1,1611.7100000251085,0.0062,ID_Rec_Bread_Legendary01,Cook Recipe - Brioche,Rarity.Artifact
LIT_RecipesLootable_All,0.1,1611.7100000251085,0.0062,ID_Rec_Bloodbag_Legendary01,Physician Recipe - The Psychopomp,Rarity.Artifact
LIT_RecipesLootable_All,0.1,1611.7100000251085,0.0062,ID_Rec_Bag_Weapon_Legendary01,Outfitter Recipe - Apollo Holster,Rarity.Artifact
LIT_RecipesLootable_All,0.1,1611.7100000251085,0.0062,ID_Rec_Bag_Hip_Legendary02,Outfitter Recipe - Pegasus,Rarity.Artifact
LIT_RecipesLootable_All,0.1,1611.7100000251085,0.0062,ID_Rec_Bag_Back_Legendary03,Outfitter Recipe - Sheath of the Four Winds,Rarity.Artifact
LIT_RecipesLootable_All,0.1,1611.7100000251085,0.0062,ID_Rec_Bag_Back_Legendary02,Outfitter Recipe - Zealot's Tower,Rarity.Artifact
LIT_RecipesLootable_All,0.1,1611.7100000251085,0.0062,ID_Rec_Bag_Back_Legendary01,Outfitter Recipe - Coldstream Pack,Rarity.Artifact
LIT_RecipesLootable_All,0.1,1611.7100000251085,0.0062,ID_Rec_Armour_Leg_Legendary01,Outfitter Recipe - Old Guard Greaves,Rarity.Artifact
LIT_RecipesLootable_All,0.1,1611.7100000251085,0.0062,ID_Rec_Armour_Head_Legendary01,Outfitter Recipe - Old Guard Helmet,Rarity.Artifact
LIT_RecipesLootable_All,0.1,1611.7100000251085,0.0062,ID_Rec_Armour_Chest_Legendary01,Outfitter Recipe - Old Guard Cuirass,Rarity.Artifact
LIT_RecipesLootable_All,0.01,1611.7100000251085,0.0006,ID_Rec_Bag_Lockbox_Legendary01,Outfitter Recipe - Charon's Oyster,Rarity.Artifact
LIT_Rare_Weap_Rifles,100.0,200.0,50.0000,ID_Weap_Rifle_Rare02,Kompas,Rarity.Rare
LIT_Rare_Weap_Rifles,100.0,200.0,50.0000,ID_Weap_Rifle_Rare01,Vepr,Rarity.Rare
LIT_Rare_Weap_Pistols,100.0,200.0,50.0000,ID_Weap_Pistol_Rare02,Cavalier,Rarity.Rare
LIT_Rare_Weap_Pistols,100.0,200.0,50.0000,ID_Weap_Pistol_Rare01,Deux,Rarity.Rare
LIT_PrussianStandard_Loose,70.0,100.0,70.0000,ID_Money_Copper,Copper Coin,Rarity.Uncommon
LIT_PrussianStandard_Loose,15.0,100.0,15.0000,ID_Rec_C_Louisville_Uncommon07,Prussian Standard - Louisville,Rarity.Uncommon
LIT_PrussianStandard_Loose,15.0,100.0,15.0000,ID_Money_Silver,Silver Coin,Rarity.Rare
LIT_PrussianEagle_Loose,70.0,100.0,70.0000,ID_Money_Copper,Copper Coin,Rarity.Uncommon
LIT_PrussianEagle_Loose,15.0,100.0,15.0000,ID_Rec_C_BrownBetty_Uncommon06,Prussian Eagle - Brown Betty,Rarity.Uncommon
LIT_PrussianEagle_Loose,15.0,100.0,15.0000,ID_Money_Silver,Silver Coin,Rarity.Rare
LIT_Pistols_All,100.0,238.10000000149012,41.9992,ID_Weap_Pistol_Common02,Longboy,
LIT_Pistols_All,100.0,238.10000000149012,41.9992,ID_Weap_Pistol_Common01,Snub,
LIT_Pistols_All,25.0,238.10000000149012,10.4998,ID_Weap_Pistol_Uncommon01,Auster,Rarity.Uncommon
LIT_Pistols_All,5.0,238.10000000149012,2.1000,ID_Weap_Pistol_Rare02,Cavalier,Rarity.Rare
LIT_Pistols_All,5.0,238.10000000149012,2.1000,ID_Weap_Pistol_Rare01,Deux,Rarity.Rare
LIT_Pistols_All,1.0,238.10000000149012,0.4200,ID_Weap_Pistol_Epic03,Marengo,Rarity.Epic
LIT_Pistols_All,1.0,238.10000000149012,0.4200,ID_Weap_Pistol_Epic02,Borodino,Rarity.Epic
LIT_Pistols_All,1.0,238.10000000149012,0.4200,ID_Weap_Pistol_Epic01,Morgan,Rarity.Epic
LIT_Pistols_All,0.1,238.10000000149012,0.0420,ID_Weap_Pistol_Legendary01,Volcan,Rarity.Legendary
LIT_PeninsularCampaignBanner_Loose,70.0,100.0,70.0000,ID_Money_Copper,Copper Coin,Rarity.Uncommon
LIT_PeninsularCampaignBanner_Loose,15.0,100.0,15.0000,ID_Rec_C_Louisville_Uncommon05,Peninsular Campaign Banner - Louisville,Rarity.Uncommon
LIT_PeninsularCampaignBanner_Loose,15.0,100.0,15.0000,ID_Money_Silver,Silver Coin,Rarity.Rare
LIT_PadresReply_Loose,70.0,90.0,77.7778,ID_Money_Copper,Copper Coin,Rarity.Uncommon
LIT_PadresReply_Loose,15.0,90.0,16.6667,ID_Money_Silver,Silver Coin,Rarity.Rare
LIT_PadresReply_Loose,5.0,90.0,5.5556,ID_Rec_C_Axe_Epic01,Padre's Reply - Axe,Rarity.Rare
LIT_OpiumBox,5.0,5.200000002980232,96.1538,ID_Rare_Opium,Opium,Rarity.Rare
LIT_OpiumBox,0.1,5.200000002980232,1.9231,ID_Epic_OpiumPipe,Opium Pipe,Rarity.Epic
LIT_OpiumBox,0.1,5.200000002980232,1.9231,ID_Epic_ChinaBowl,China Bowl,Rarity.Epic
LIT_OldSatchelRecipe_Uncommon_Loose,70.0,100.0,70.0000,ID_Money_Copper,Copper Coin,Rarity.Uncommon
LIT_OldSatchelRecipe_Uncommon_Loose,15.0,100.0,15.0000,ID_Rec_Bag_Back_Uncommon03,Outfitter Recipe - Leather Barrel Bag,Rarity.Rare
LIT_OldSatchelRecipe_Uncommon_Loose,15.0,100.0,15.0000,ID_Money_Silver,Silver Coin,Rarity.Rare
LIT_OldBucket,100.0,305.0099999997765,32.7858,ID_Drink_Common01,Tepid Water,
LIT_OldBucket,100.0,305.0099999997765,32.7858,ID_Common_StalePiss,Stale Piss,
LIT_OldBucket,50.0,305.0099999997765,16.3929,ID_Common_DampRag,Damp Rag,
LIT_OldBucket,25.0,305.0099999997765,8.1965,ID_Uncommon_DistilledWater,Distilled Water,Rarity.Uncommon
LIT_OldBucket,25.0,305.0099999997765,8.1965,ID_Common_CrustyFeces,Crusty Faeces,
LIT_OldBucket,5.0,305.0099999997765,1.6393,ID_Lore_Rare_Note07,Waterlogged Note,Rarity.Rare
LIT_OldBucket,0.01,305.0099999997765,0.0033,ID_Legendary_FlawlessDiamond,Flawless Diamond,Rarity.Legendary
LIT_OakBarrel_01,100.0,915.2000000029802,10.9266,ID_Common_Woodchips,Woodchips,
LIT_OakBarrel_01,100.0,915.2000000029802,10.9266,ID_Common_Rye,Rye,
LIT_OakBarrel_01,100.0,915.2000000029802,10.9266,ID_Common_Nettlecloth,Nettlecloth,
LIT_OakBarrel_01,100.0,915.2000000029802,10.9266,ID_Common_LemonPeel,Lemon Peel,
LIT_OakBarrel_01,100.0,915.2000000029802,10.9266,ID_Common_Flour,Flour,
LIT_OakBarrel_01,100.0,915.2000000029802,10.9266,ID_Common_Flour,Flour,
LIT_OakBarrel_01,50.0,915.2000000029802,5.4633,ID_Common_OrangeClay,Orange Clay,
LIT_OakBarrel_01,50.0,915.2000000029802,5.4633,ID_Common_MilkingPail,Milking Pail,
LIT_OakBarrel_01,50.0,915.2000000029802,5.4633,ID_Common_Apple,Fresh Apple,
LIT_OakBarrel_01,25.0,915.2000000029802,2.7316,ID_Uncommon_RamsHorn,Ram’s Horn,Rarity.Uncommon
LIT_OakBarrel_01,25.0,915.2000000029802,2.7316,ID_Uncommon_MadderRoot,Madder Root,Rarity.Uncommon
LIT_OakBarrel_01,25.0,915.2000000029802,2.7316,ID_Uncommon_LyeCrumble,Lye Crumble,Rarity.Uncommon
LIT_OakBarrel_01,25.0,915.2000000029802,2.7316,ID_Uncommon_LimeSlag,Lime Slag,Rarity.Uncommon
LIT_OakBarrel_01,25.0,915.2000000029802,2.7316,ID_Uncommon_IndigoFlakes,Indigo Flakes,Rarity.Uncommon
LIT_OakBarrel_01,25.0,915.2000000029802,2.7316,ID_Uncommon_GrapeMust,Grape Must,Rarity.Uncommon
LIT_OakBarrel_01,5.0,915.2000000029802,0.5463,ID_Uncommon_MadderRoot,Madder Root,Rarity.Uncommon
LIT_OakBarrel_01,5.0,915.2000000029802,0.5463,ID_Rare_Pickaxe,Pickaxe,Rarity.Rare
LIT_OakBarrel_01,3.0,915.2000000029802,0.3278,ID_Money_Copper,Copper Coin,Rarity.Uncommon
LIT_OakBarrel_01,1.0,915.2000000029802,0.1093,ID_Money_Silver,Silver Coin,Rarity.Rare
LIT_OakBarrel_01,1.0,915.2000000029802,0.1093,ID_Lore_Common_Note05,Farmhands Wanted,
LIT_OakBarrel_01,0.1,915.2000000029802,0.0109,ID_Money_Gold,Gold Coin,Rarity.Epic
LIT_OakBarrel_01,0.1,915.2000000029802,0.0109,ID_Legendary_Vicuna,Vicuna,Rarity.Legendary
LIT_MurielsBoxRecipe_Uncommon_Loose,70.0,100.0,70.0000,ID_Money_Copper,Copper Coin,Rarity.Uncommon
LIT_MurielsBoxRecipe_Uncommon_Loose,15.0,100.0,15.0000,ID_Rec_Bag_Back_Uncommon02,Outfitter Recipe - Muriel's Box,Rarity.Rare
LIT_MurielsBoxRecipe_Uncommon_Loose,15.0,100.0,15.0000,ID_Money_Silver,Silver Coin,Rarity.Rare
LIT_Military_01,100.0,1500.0,6.6667,ID_Weap_Rifle_Common01,Brown Betty,
LIT_Military_01,100.0,1500.0,6.6667,ID_Weap_Pistol_Common02,Longboy,
LIT_Military_01,100.0,1500.0,6.6667,ID_Weap_Pistol_Common01,Snub,
LIT_Military_01,100.0,1500.0,6.6667,ID_Money_Copper,Copper Coin,Rarity.Uncommon
LIT_Military_01,100.0,1500.0,6.6667,ID_Med_Ampoule_Common,Crude Ampoule ,
LIT_Military_01,100.0,1500.0,6.6667,ID_Food_Common05,Mouldy Baguette,
LIT_Military_01,100.0,1500.0,6.6667,ID_Food_Common04,Thin Gruel,
LIT_Military_01,100.0,1500.0,6.6667,ID_Food_Common03,Grey Ham,
LIT_Military_01,100.0,1500.0,6.6667,ID_Food_Common02,Cold Meat Pottage,
LIT_Military_01,100.0,1500.0,6.6667,ID_Food_Common01,Stewed Apple,
LIT_Military_01,100.0,1500.0,6.6667,ID_Drink_Common04,Spoiled Rum,
LIT_Military_01,100.0,1500.0,6.6667,ID_Drink_Common03,Thin Mead,
LIT_Military_01,100.0,1500.0,6.6667,ID_Drink_Common02,Tavern Wine,
LIT_Military_01,100.0,1500.0,6.6667,ID_Drink_Common01,Tepid Water,
LIT_Military_01,100.0,1500.0,6.6667,ID_Ammunition_01_Crude,Crude Ammunition,
LIT_Medicine_Uncommon,40.0,60.0,66.6667,ID_Med_Ampoule_Uncommon,Basic Ampoule,Rarity.Uncommon
LIT_Medicine_Uncommon,20.0,60.0,33.3333,ID_Med_Uncommon03,Sealed Bloodbag,Rarity.Uncommon
LIT_Medicine_Rare,200.0,400.0,50.0000,ID_Med_Ampoule_Rare,Robust Ampoule,Rarity.Rare
LIT_Medicine_Rare,100.0,400.0,25.0000,ID_Med_Rare04,Pressurised Bloodbag,Rarity.Rare
LIT_Medicine_Rare,100.0,400.0,25.0000,ID_Med_Antidote_Medium,Robust Antidote,Rarity.Rare
LIT_Medicine_Loose,100.0,196.65000000223517,50.8518,ID_Med_Ampoule_Common,Crude Ampoule ,
LIT_Medicine_Loose,50.0,196.65000000223517,25.4259,ID_Med_Common03,Crude Bloodbag,
LIT_Medicine_Loose,25.0,196.65000000223517,12.7129,ID_Med_Ampoule_Uncommon,Basic Ampoule,Rarity.Uncommon
LIT_Medicine_Loose,12.5,196.65000000223517,6.3565,ID_Med_Uncommon03,Sealed Bloodbag,Rarity.Uncommon
LIT_Medicine_Loose,5.0,196.65000000223517,2.5426,ID_Med_Ampoule_Rare,Robust Ampoule,Rarity.Rare
LIT_Medicine_Loose,2.5,196.65000000223517,1.2713,ID_Med_Rare04,Pressurised Bloodbag,Rarity.Rare
LIT_Medicine_Loose,1.0,196.65000000223517,0.5085,ID_Med_Ampoule_Epic,Empusa's Tonic,Rarity.Epic
LIT_Medicine_Loose,0.5,196.65000000223517,0.2543,ID_Med_Epic07,Scarlet Return,Rarity.Epic
LIT_Medicine_Loose,0.1,196.65000000223517,0.0509,ID_Med_Ampoule_Legendary,Ambrosia,Rarity.Legendary
LIT_Medicine_Loose,0.05,196.65000000223517,0.0254,ID_Med_Legendary06,The Psychopomp,Rarity.Legendary
LIT_Medicine_Legendary,200.0,300.0,66.6667,ID_Med_Ampoule_Legendary,Ambrosia,Rarity.Legendary
LIT_Medicine_Legendary,100.0,300.0,33.3333,ID_Med_Legendary06,The Psychopomp,Rarity.Legendary
LIT_Medicine_Epic,200.0,400.0,50.0000,ID_Med_Ampoule_Epic,Empusa's Tonic,Rarity.Epic
LIT_Medicine_Epic,100.0,400.0,25.0000,ID_Med_Epic07,Scarlet Return,Rarity.Epic
LIT_Medicine_Epic,100.0,400.0,25.0000,ID_Med_Antidote_Heavy,Mother’s Blood,Rarity.Epic
LIT_Medicine_Crafting,100.0,811.7500000037253,12.3191,ID_Uncommon_Lambgut,Lambgut,Rarity.Uncommon
LIT_Medicine_Crafting,100.0,811.7500000037253,12.3191,ID_Common_TallowBalm,Tallow Balm,
LIT_Medicine_Crafting,100.0,811.7500000037253,12.3191,ID_Common_Saltpetre,Saltpetre,
LIT_Medicine_Crafting,100.0,811.7500000037253,12.3191,ID_Common_DampRag,Damp Rag,
LIT_Medicine_Crafting,100.0,811.7500000037253,12.3191,ID_Common_CorkStopper,Cork Stopper,
LIT_Medicine_Crafting,100.0,811.7500000037253,12.3191,ID_Common_CoalTar,Coal Tar,
LIT_Medicine_Crafting,100.0,811.7500000037253,12.3191,ID_Common_BoneChar,Bone Char,
LIT_Medicine_Crafting,25.0,811.7500000037253,3.0798,ID_Uncommon_Feverfew,Feverfew,Rarity.Uncommon
LIT_Medicine_Crafting,25.0,811.7500000037253,3.0798,ID_Uncommon_Charcoal,Charcoal,Rarity.Uncommon
LIT_Medicine_Crafting,25.0,811.7500000037253,3.0798,ID_Uncommon_Bezoar,Bezoar,Rarity.Uncommon
LIT_Medicine_Crafting,5.0,811.7500000037253,0.6160,ID_Rare_WillowBark,Willow Bark,Rarity.Rare
LIT_Medicine_Crafting,5.0,811.7500000037253,0.6160,ID_Rare_PumiceStone,Pumice Stone,Rarity.Rare
LIT_Medicine_Crafting,5.0,811.7500000037253,0.6160,ID_Rare_Pestle,Pestle,Rarity.Rare
LIT_Medicine_Crafting,5.0,811.7500000037253,0.6160,ID_Rare_Opium,Opium,Rarity.Rare
LIT_Medicine_Crafting,5.0,811.7500000037253,0.6160,ID_Rare_Mortar,Mortar,Rarity.Rare
LIT_Medicine_Crafting,5.0,811.7500000037253,0.6160,ID_Rare_Hartshorn,Hartshorn,Rarity.Rare
LIT_Medicine_Crafting,1.0,811.7500000037253,0.1232,ID_Herb_BarrowVein,Barrow Vein,Rarity.Epic
LIT_Medicine_Crafting,1.0,811.7500000037253,0.1232,ID_Herb_04_Fungi,Medicinal Fungi,Rarity.Epic
LIT_Medicine_Crafting,1.0,811.7500000037253,0.1232,ID_Epic_PureHoney,Pure Honey,Rarity.Epic
LIT_Medicine_Crafting,1.0,811.7500000037253,0.1232,ID_Epic_Poison,Arsenic,Rarity.Epic
LIT_Medicine_Crafting,1.0,811.7500000037253,0.1232,ID_Epic_GlassVial,Glass Vial,Rarity.Epic
LIT_Medicine_Crafting,1.0,811.7500000037253,0.1232,ID_Epic_Bloodstone,Bloodstone,Rarity.Epic
LIT_Medicine_Crafting,0.5,811.7500000037253,0.0616,ID_Herb_04_FungalUnguent,Fungal Unguent,Rarity.Epic
LIT_Medicine_Crafting,0.1,811.7500000037253,0.0123,ID_Legendary_Isinglass,Isinglass,Rarity.Legendary
LIT_Medicine_Crafting,0.1,811.7500000037253,0.0123,ID_Herb_05_Poppy,Poppy,Rarity.Legendary
LIT_Medicine_Crafting,0.05,811.7500000037253,0.0062,ID_Herb_05_MilkofPoppy,Milk of Poppy,Rarity.Legendary
LIT_Medicine_Common,200.0,300.0,66.6667,ID_Med_Ampoule_Common,Crude Ampoule ,
LIT_Medicine_Common,100.0,300.0,33.3333,ID_Med_Common03,Crude Bloodbag,
LIT_MarchersRoll_Loose,60.0,100.0,60.0000,ID_Money_Copper,Copper Coin,Rarity.Uncommon
LIT_MarchersRoll_Loose,15.0,100.0,15.0000,ID_Rec_C_BackBag_Uncommon03_Rare01,Marcher's Roll - Leather Barrel Bag,Rarity.Rare
LIT_MarchersRoll_Loose,10.0,100.0,10.0000,ID_Rare_JewelleryBox_Bronze,Sealed Bronze Reliquary,Rarity.Rare
LIT_MarchersRoll_Loose,10.0,100.0,10.0000,ID_Money_Silver,Silver Coin,Rarity.Rare
LIT_MarchersRoll_Loose,4.0,100.0,4.0000,ID_Epic_JewelleryBox_Silver,Sealed Silver Reliquary,Rarity.Epic
LIT_MarchersRoll_Loose,0.5,100.0,0.5000,ID_Money_Gold,Gold Coin,Rarity.Epic
LIT_MarchersRoll_Loose,0.5,100.0,0.5000,ID_Legendary_JewelleryBox_Gold,Sealed Gold Reliquary,Rarity.Legendary
LIT_MaceRecipe_Uncommon_Loose,70.0,100.0,70.0000,ID_Money_Copper,Copper Coin,Rarity.Uncommon
LIT_MaceRecipe_Uncommon_Loose,15.0,100.0,15.0000,ID_Rec_Weap_Mace,Metallurgist Recipe - Mace,Rarity.Rare
LIT_MaceRecipe_Uncommon_Loose,15.0,100.0,15.0000,ID_Money_Silver,Silver Coin,Rarity.Rare
LIT_M03_01a,90.0,100.0,90.0000,ID_Money_Copper,Copper Coin,Rarity.Uncommon
LIT_M03_01a,10.0,100.0,10.0000,ID_Rec_C_BrownBetty_Uncommon02,Sable and Gules - Brown Betty,Rarity.Uncommon
LIT_M01_Dungeon_Figurine_03,40.0,100.0,40.0000,ID_Money_Silver,Silver Coin,Rarity.Rare
LIT_M01_Dungeon_Figurine_03,40.0,100.0,40.0000,ID_Money_Copper,Copper Coin,Rarity.Uncommon
LIT_M01_Dungeon_Figurine_03,20.0,100.0,20.0000,ID_Epic_UCGold03,Effigy of the Nobleman,Rarity.Epic
LIT_M01_Dungeon_Figurine_01,40.0,100.0,40.0000,ID_Money_Silver,Silver Coin,Rarity.Rare
LIT_M01_Dungeon_Figurine_01,40.0,100.0,40.0000,ID_Money_Copper,Copper Coin,Rarity.Uncommon
LIT_M01_Dungeon_Figurine_01,20.0,100.0,20.0000,ID_Epic_UCGold01,Effigy of the Peasant,Rarity.Epic
LIT_LudwigsDrumcaseRecipe_Rare_Loose,70.0,100.0,70.0000,ID_Money_Copper,Copper Coin,Rarity.Uncommon
LIT_LudwigsDrumcaseRecipe_Rare_Loose,20.0,100.0,20.0000,ID_Money_Silver,Silver Coin,Rarity.Rare
LIT_LudwigsDrumcaseRecipe_Rare_Loose,10.0,100.0,10.0000,ID_Rec_Bag_Back_Rare01,Outfitter Recipe - Ludwig's Drumcase,Rarity.Epic
LIT_Louisville_Recipe_Uncommon_Loose,70.0,100.0,70.0000,ID_Money_Copper,Copper Coin,Rarity.Uncommon
LIT_Louisville_Recipe_Uncommon_Loose,15.0,100.0,15.0000,ID_Rec_Weap_Louisville,Gunsmith Recipe - Louisville,Rarity.Rare
LIT_Louisville_Recipe_Uncommon_Loose,15.0,100.0,15.0000,ID_Money_Silver,Silver Coin,Rarity.Rare
LIT_Lore_Note07,100.0,100.0,100.0000,ID_Lore_Common_Note07,Ducrocq’s Folly,
LIT_Loose_Zweihander,75.0,100.0,75.0000,ID_Money_Copper,Copper Coin,Rarity.Uncommon
LIT_Loose_Zweihander,25.0,100.0,25.0000,ID_Weap_2HMelee_Legendary02,Zweihander,Rarity.Legendary
LIT_Loose_WarAxe,90.0,100.0,90.0000,ID_Money_Copper,Copper Coin,Rarity.Uncommon
LIT_Loose_WarAxe,10.0,100.0,10.0000,ID_Weap_2HMelee_Rare02,War Axe,Rarity.Rare
LIT_Loose_Volcan,90.0,100.0,90.0000,ID_Money_Copper,Copper Coin,Rarity.Uncommon
LIT_Loose_Volcan,10.0,100.0,10.0000,ID_Weap_Pistol_Legendary01,Volcan,Rarity.Legendary
LIT_Loose_Volant,50.0,100.0,50.0000,ID_Uncommon_LeatherBoots,Marching Boots,Rarity.Uncommon
LIT_Loose_Volant,25.0,100.0,25.0000,ID_Weap_Rifle_Uncommon02,Volant,Rarity.Uncommon
LIT_Loose_Volant,25.0,100.0,25.0000,ID_Money_Copper,Copper Coin,Rarity.Uncommon
LIT_Loose_VeenstrasSwine,60.0,100.0,60.0000,ID_Money_Copper,Copper Coin,Rarity.Uncommon
LIT_Loose_VeenstrasSwine,30.0,100.0,30.0000,ID_Key_U_Undercroft,Undercroft Key,Rarity.Epic
LIT_Loose_VeenstrasSwine,10.0,100.0,10.0000,ID_Rec_C_BrownBetty_Uncommon09,Veenstra's Swine - Brown Betty,Rarity.Uncommon
LIT_Loose_Valuables,100.0,163.10000000149012,61.3121,ID_Money_Copper,Copper Coin,Rarity.Uncommon
LIT_Loose_Valuables,50.0,163.10000000149012,30.6560,ID_Med_Ampoule_Common,Crude Ampoule ,
LIT_Loose_Valuables,10.0,163.10000000149012,6.1312,ID_Rare_JewelleryBox_Bronze,Sealed Bronze Reliquary,Rarity.Rare
LIT_Loose_Valuables,2.0,163.10000000149012,1.2262,ID_Epic_JewelleryBox_Silver,Sealed Silver Reliquary,Rarity.Epic
LIT_Loose_Valuables,1.0,163.10000000149012,0.6131,ID_Legendary_JewelleryBox_Gold,Sealed Gold Reliquary,Rarity.Legendary
LIT_Loose_Valuables,0.1,163.10000000149012,0.0613,ID_Money_Silver,Silver Coin,Rarity.Rare
LIT_Loose_Tavern,30.0,90.0,33.3333,ID_Drink_Common03,Thin Mead,
LIT_Loose_Tavern,30.0,90.0,33.3333,ID_Drink_Common02,Tavern Wine,
LIT_Loose_Tavern,10.0,90.0,11.1111,ID_Rare_SilverDish,Silver Dish,Rarity.Rare
LIT_Loose_Tavern,10.0,90.0,11.1111,ID_Money_Copper,Copper Coin,Rarity.Uncommon
LIT_Loose_Tavern,10.0,90.0,11.1111,ID_Key_Bronze,Bronze Key,Rarity.Uncommon
LIT_Loose_Table,100.0,344.20000000298023,29.0529,ID_Money_Copper,Copper Coin,Rarity.Uncommon
LIT_Loose_Table,100.0,344.20000000298023,29.0529,ID_Med_Ampoule_Common,Crude Ampoule ,
LIT_Loose_Table,100.0,344.20000000298023,29.0529,ID_Common_Apple,Fresh Apple,
LIT_Loose_Table,25.0,344.20000000298023,7.2632,ID_Med_Ampoule_Uncommon,Basic Ampoule,Rarity.Uncommon
LIT_Loose_Table,5.0,344.20000000298023,1.4526,ID_Rare_Mortar,Mortar,Rarity.Rare
LIT_Loose_Table,5.0,344.20000000298023,1.4526,ID_Rare_JewelleryBox_Bronze,Sealed Bronze Reliquary,Rarity.Rare
LIT_Loose_Table,5.0,344.20000000298023,1.4526,ID_Med_Ampoule_Rare,Robust Ampoule,Rarity.Rare
LIT_Loose_Table,1.0,344.20000000298023,0.2905,ID_Med_Ampoule_Epic,Empusa's Tonic,Rarity.Epic
LIT_Loose_Table,1.0,344.20000000298023,0.2905,ID_Epic_JewelleryBox_Silver,Sealed Silver Reliquary,Rarity.Epic
LIT_Loose_Table,1.0,344.20000000298023,0.2905,ID_Epic_ChinaGravyboat,Tianlong Gravy Boat,Rarity.Epic
LIT_Loose_Table,1.0,344.20000000298023,0.2905,ID_Epic_ChinaBowl,China Bowl,Rarity.Epic
LIT_Loose_Table,0.1,344.20000000298023,0.0291,ID_Med_Ampoule_Legendary,Ambrosia,Rarity.Legendary
LIT_Loose_Table,0.1,344.20000000298023,0.0291,ID_Legendary_JewelleryBox_Gold,Sealed Gold Reliquary,Rarity.Legendary
LIT_Loose_SmallItems,100.0,262.3600000049919,38.1156,ID_Money_Copper,Copper Coin,Rarity.Uncommon
LIT_Loose_SmallItems,100.0,262.3600000049919,38.1156,ID_Med_Ampoule_Common,Crude Ampoule ,
LIT_Loose_SmallItems,25.0,262.3600000049919,9.5289,ID_Med_Ampoule_Uncommon,Basic Ampoule,Rarity.Uncommon
LIT_Loose_SmallItems,25.0,262.3600000049919,9.5289,ID_Key_Bronze,Bronze Key,Rarity.Uncommon
LIT_Loose_SmallItems,5.0,262.3600000049919,1.9058,ID_Med_Ampoule_Rare,Robust Ampoule,Rarity.Rare
LIT_Loose_SmallItems,5.0,262.3600000049919,1.9058,ID_Key_Silver,Silver Key,Rarity.Rare
LIT_Loose_SmallItems,1.0,262.3600000049919,0.3812,ID_Med_Ampoule_Epic,Empusa's Tonic,Rarity.Epic
LIT_Loose_SmallItems,1.0,262.3600000049919,0.3812,ID_Key_Gold,Gold Key,Rarity.Epic
LIT_Loose_SmallItems,0.1,262.3600000049919,0.0381,ID_Money_Silver,Silver Coin,Rarity.Rare
LIT_Loose_SmallItems,0.1,262.3600000049919,0.0381,ID_Med_Ampoule_Legendary,Ambrosia,Rarity.Legendary
LIT_Loose_SmallItems,0.05,262.3600000049919,0.0191,ID_Key_U_Undercroft,Undercroft Key,Rarity.Epic
LIT_Loose_SmallItems,0.05,262.3600000049919,0.0191,ID_Key_U_ThePit,The Pit Key,Rarity.Epic
LIT_Loose_SmallItems,0.05,262.3600000049919,0.0191,ID_Key_U_JacquesFolly,Jacques Folly Key,Rarity.Epic
LIT_Loose_SmallItems,0.01,262.3600000049919,0.0038,ID_Money_Gold,Gold Coin,Rarity.Epic
LIT_Loose_ShortSword,50.0,50.0,100.0000,ID_Weap_1HMelee_Uncommon01,Short Sword,Rarity.Uncommon
LIT_Loose_Schlag,85.0,100.0,85.0000,ID_Money_Copper,Copper Coin,Rarity.Uncommon
LIT_Loose_Schlag,15.0,100.0,15.0000,ID_Rec_C_ShortSword_Uncommon01,Schlag - Short Sword,Rarity.Uncommon
LIT_Loose_Sabre,50.0,50.0,100.0000,ID_Weap_1HMelee_Epic01,Sabre,Rarity.Epic
LIT_Loose_RepairTongs_Tutorial,100.0,150.0,66.6667,ID_Tools_Uncommon_Repair01,Journeyman Tongs,Rarity.Uncommon
LIT_Loose_RepairTongs_Tutorial,50.0,150.0,33.3333,ID_Tools_Rare_Repair01,Machinist Tongs,Rarity.Rare
LIT_Loose_Money,100.0,111.0,90.0901,ID_Money_Copper,Copper Coin,Rarity.Uncommon
LIT_Loose_Money,10.0,111.0,9.0090,ID_Money_Silver,Silver Coin,Rarity.Rare
LIT_Loose_Money,1.0,111.0,0.9009,ID_Money_Gold,Gold Coin,Rarity.Epic
LIT_Loose_MediumItems,100.0,530.6600000094622,18.8445,ID_Money_Copper,Copper Coin,Rarity.Uncommon
LIT_Loose_MediumItems,100.0,530.6600000094622,18.8445,ID_Med_Ampoule_Common,Crude Ampoule ,
LIT_Loose_MediumItems,100.0,530.6600000094622,18.8445,ID_ArmorPatch_Common,Cloth Armour Plate,
LIT_Loose_MediumItems,50.0,530.6600000094622,9.4222,ID_Tools_Common_Repair01,Rusty Tongs,
LIT_Loose_MediumItems,50.0,530.6600000094622,9.4222,ID_Med_Common03,Crude Bloodbag,
LIT_Loose_MediumItems,25.0,530.6600000094622,4.7111,ID_Med_Ampoule_Uncommon,Basic Ampoule,Rarity.Uncommon
LIT_Loose_MediumItems,25.0,530.6600000094622,4.7111,ID_Key_Bronze,Bronze Key,Rarity.Uncommon
LIT_Loose_MediumItems,25.0,530.6600000094622,4.7111,ID_ArmorPatch_Uncommon,Leather Armour Plate,Rarity.Uncommon
LIT_Loose_MediumItems,12.5,530.6600000094622,2.3556,ID_Tools_Uncommon_Repair01,Journeyman Tongs,Rarity.Uncommon
LIT_Loose_MediumItems,12.5,530.6600000094622,2.3556,ID_Med_Uncommon03,Sealed Bloodbag,Rarity.Uncommon
LIT_Loose_MediumItems,5.0,530.6600000094622,0.9422,ID_Med_Ampoule_Rare,Robust Ampoule,Rarity.Rare
LIT_Loose_MediumItems,5.0,530.6600000094622,0.9422,ID_Key_Silver,Silver Key,Rarity.Rare
LIT_Loose_MediumItems,5.0,530.6600000094622,0.9422,ID_ArmorPatch_Rare,Ceramic Armour Plate,Rarity.Rare
LIT_Loose_MediumItems,5.0,530.6600000094622,0.9422,ID_Ammunition_03_Heavy,Heavy Ammunition,Rarity.Rare
LIT_Loose_MediumItems,2.5,530.6600000094622,0.4711,ID_Tools_Rare_Repair01,Machinist Tongs,Rarity.Rare
LIT_Loose_MediumItems,2.5,530.6600000094622,0.4711,ID_Med_Rare04,Pressurised Bloodbag,Rarity.Rare
LIT_Loose_MediumItems,1.0,530.6600000094622,0.1884,ID_Med_Ampoule_Epic,Empusa's Tonic,Rarity.Epic
LIT_Loose_MediumItems,1.0,530.6600000094622,0.1884,ID_Key_Gold,Gold Key,Rarity.Epic
LIT_Loose_MediumItems,1.0,530.6600000094622,0.1884,ID_ArmorPatch_Epic,Steel Armour Plate,Rarity.Epic
LIT_Loose_MediumItems,1.0,530.6600000094622,0.1884,ID_Ammunition_04_Refined,Refined Ammunition,Rarity.Epic
LIT_Loose_MediumItems,0.5,530.6600000094622,0.0942,ID_Tools_Epic_Repair01,Delicate Tongs,Rarity.Epic
LIT_Loose_MediumItems,0.5,530.6600000094622,0.0942,ID_Med_Epic07,Scarlet Return,Rarity.Epic
LIT_Loose_MediumItems,0.1,530.6600000094622,0.0188,ID_Money_Silver,Silver Coin,Rarity.Rare
LIT_Loose_MediumItems,0.1,530.6600000094622,0.0188,ID_Med_Ampoule_Legendary,Ambrosia,Rarity.Legendary
LIT_Loose_MediumItems,0.1,530.6600000094622,0.0188,ID_ArmorPatch_Legendary,Damascus Armour Plate,Rarity.Legendary
LIT_Loose_MediumItems,0.1,530.6600000094622,0.0188,ID_Ammunition_05_Exotic,Exotic Ammunition,Rarity.Epic
LIT_Loose_MediumItems,0.05,530.6600000094622,0.0094,ID_Tools_Legendary_Repair01,Clockwork Tongs,Rarity.Legendary
LIT_Loose_MediumItems,0.05,530.6600000094622,0.0094,ID_Med_Legendary06,The Psychopomp,Rarity.Legendary
LIT_Loose_MediumItems,0.05,530.6600000094622,0.0094,ID_Key_U_Undercroft,Undercroft Key,Rarity.Epic
LIT_Loose_MediumItems,0.05,530.6600000094622,0.0094,ID_Key_U_ThePit,The Pit Key,Rarity.Epic
LIT_Loose_MediumItems,0.05,530.6600000094622,0.0094,ID_Key_U_JacquesFolly,Jacques Folly Key,Rarity.Epic
LIT_Loose_MediumItems,0.01,530.6600000094622,0.0019,ID_Money_Gold,Gold Coin,Rarity.Epic
LIT_Loose_Medicine_Tutorial02,100.0,150.0,66.6667,ID_Med_Uncommon03,Sealed Bloodbag,Rarity.Uncommon
LIT_Loose_Medicine_Tutorial02,50.0,150.0,33.3333,ID_Med_Rare04,Pressurised Bloodbag,Rarity.Rare
LIT_Loose_Medicine_Tutorial,100.0,150.0,66.6667,ID_Med_Ampoule_Uncommon,Basic Ampoule,Rarity.Uncommon
LIT_Loose_Medicine_Tutorial,50.0,150.0,33.3333,ID_Med_Ampoule_Rare,Robust Ampoule,Rarity.Rare
LIT_Loose_Medicine,100.0,231.21000000275671,43.2507,ID_Money_Copper,Copper Coin,Rarity.Uncommon
LIT_Loose_Medicine,100.0,231.21000000275671,43.2507,ID_Med_Ampoule_Common,Crude Ampoule ,
LIT_Loose_Medicine,25.0,231.21000000275671,10.8127,ID_Med_Ampoule_Uncommon,Basic Ampoule,Rarity.Uncommon
LIT_Loose_Medicine,5.0,231.21000000275671,2.1625,ID_Med_Ampoule_Rare,Robust Ampoule,Rarity.Rare
LIT_Loose_Medicine,1.0,231.21000000275671,0.4325,ID_Med_Ampoule_Epic,Empusa's Tonic,Rarity.Epic
LIT_Loose_Medicine,0.1,231.21000000275671,0.0433,ID_Money_Silver,Silver Coin,Rarity.Rare
LIT_Loose_Medicine,0.1,231.21000000275671,0.0433,ID_Med_Ampoule_Legendary,Ambrosia,Rarity.Legendary
LIT_Loose_Medicine,0.01,231.21000000275671,0.0043,ID_Money_Gold,Gold Coin,Rarity.Epic
LIT_Loose_M03StarFort_01a,70.0,100.0,70.0000,ID_Money_Copper,Copper Coin,Rarity.Uncommon
LIT_Loose_M03StarFort_01a,30.0,100.0,30.0000,ID_Lore_Rare_Note03_U,A Piece of Paris,Rarity.Rare
LIT_Loose_M02MilitaryCheckpoint_01a,70.0,100.0,70.0000,ID_Money_Copper,Copper Coin,Rarity.Uncommon
LIT_Loose_M02MilitaryCheckpoint_01a,30.0,100.0,30.0000,ID_Lore_Rare_Note02_U,A Soldier's Goodbye,Rarity.Rare
LIT_Loose_M01SarlatHamlet_01a,70.0,100.0,70.0000,ID_Money_Copper,Copper Coin,Rarity.Uncommon
LIT_Loose_M01SarlatHamlet_01a,30.0,100.0,30.0000,ID_Lore_Rare_Note04_U,Concerning Father Marais,Rarity.Rare
LIT_Loose_Louiseville,25.0,100.0,25.0000,ID_Weap_Rifle_Uncommon01,Louisville,Rarity.Uncommon
LIT_Loose_Louiseville,25.0,100.0,25.0000,ID_Drink_Common03,Thin Mead,
LIT_Loose_Louiseville,25.0,100.0,25.0000,ID_Drink_Common02,Tavern Wine,
LIT_Loose_Louiseville,24.0,100.0,24.0000,ID_Money_Copper,Copper Coin,Rarity.Uncommon
LIT_Loose_Louiseville,1.0,100.0,1.0000,ID_Money_Silver,Silver Coin,Rarity.Rare
LIT_Loose_Longsword,68.0,100.0,68.0000,ID_Money_Copper,Copper Coin,Rarity.Uncommon
LIT_Loose_Longsword,25.0,100.0,25.0000,ID_Weap_2HMelee_Uncommon01,Longsword,Rarity.Uncommon
LIT_Loose_Longsword,5.0,100.0,5.0000,ID_Rare_JewelleryBox_Bronze,Sealed Bronze Reliquary,Rarity.Rare
LIT_Loose_Longsword,2.0,100.0,2.0000,ID_Money_Silver,Silver Coin,Rarity.Rare
LIT_Loose_Kompas,100.0,100.0,100.0000,ID_Weap_Rifle_Rare02,Kompas,Rarity.Rare
LIT_Loose_Jager,75.0,100.0,75.0000,ID_Weap_Rifle_Rare02,Kompas,Rarity.Rare
LIT_Loose_Jager,25.0,100.0,25.0000,ID_Weap_Rifle_Legendary01,Jager,Rarity.Legendary
LIT_Loose_HeadArmour_All,25.0,31.100000001490116,80.3859,ID_Armor_Head_Uncommon01,Leather Helmet,Rarity.Uncommon
LIT_Loose_HeadArmour_All,5.0,31.100000001490116,16.0772,ID_Armor_Head_Rare01,Sapper's Helmet,Rarity.Rare
LIT_Loose_HeadArmour_All,1.0,31.100000001490116,3.2154,ID_Armor_Head_Epic01,Black Dragoon Helmet,Rarity.Epic
LIT_Loose_HeadArmour_All,0.1,31.100000001490116,0.3215,ID_Armor_Head_Legendary01,Old Guard Helmet,Rarity.Legendary
LIT_Loose_ChestArmour_All,100.0,131.10000000149012,76.2777,ID_Armor_Chest_Common01,Quilted Cuirass,
LIT_Loose_ChestArmour_All,25.0,131.10000000149012,19.0694,ID_Armor_Chest_Uncommon01,Leather Cuirass,Rarity.Uncommon
LIT_Loose_ChestArmour_All,5.0,131.10000000149012,3.8139,ID_Armor_Chest_Rare01,Sapper's Cuirass,Rarity.Rare
LIT_Loose_ChestArmour_All,1.0,131.10000000149012,0.7628,ID_Armor_Chest_Epic01,Black Dragoon Cuirass,Rarity.Epic
LIT_Loose_ChestArmour_All,0.1,131.10000000149012,0.0763,ID_Armor_Chest_Legendary01,Old Guard Cuirass,Rarity.Legendary
LIT_Loose_BronzeKey_Tutorial,100.0,100.0,100.0000,ID_Key_Bronze,Bronze Key,Rarity.Uncommon
LIT_Loose_BackBag_Tutorial,100.0,100.0,100.0000,ID_BackBag_Epic01,Trevallion's Valise,Rarity.Epic
LIT_Loose_Axe,90.0,100.0,90.0000,ID_Money_Copper,Copper Coin,Rarity.Uncommon
LIT_Loose_Axe,10.0,100.0,10.0000,ID_Weap_1HMelee_Rare02,Axe,Rarity.Rare
LIT_Loose_Auster100,100.0,100.0,100.0000,ID_Weap_Pistol_Uncommon01,Auster,Rarity.Uncommon
LIT_Loose_Auster,75.0,100.0,75.0000,ID_Money_Copper,Copper Coin,Rarity.Uncommon
LIT_Loose_Auster,25.0,100.0,25.0000,ID_Weap_Pistol_Uncommon01,Auster,Rarity.Uncommon
LIT_Loose_Armour_Tutorial,100.0,100.0,100.0000,ID_Armor_Chest_Uncommon01,Leather Cuirass,Rarity.Uncommon
LIT_Loose_Ammo,25.0,31.100000001490116,80.3859,ID_Money_Copper,Copper Coin,Rarity.Uncommon
LIT_Loose_Ammo,5.0,31.100000001490116,16.0772,ID_Ammunition_03_Heavy,Heavy Ammunition,Rarity.Rare
LIT_Loose_Ammo,1.0,31.100000001490116,3.2154,ID_Ammunition_04_Refined,Refined Ammunition,Rarity.Epic
LIT_Loose_Ammo,0.1,31.100000001490116,0.3215,ID_Ammunition_05_Exotic,Exotic Ammunition,Rarity.Epic
LIT_LongswordRecipe_Uncommon_Loose1,70.0,100.0,70.0000,ID_Money_Copper,Copper Coin,Rarity.Uncommon
LIT_LongswordRecipe_Uncommon_Loose1,15.0,100.0,15.0000,ID_Rec_Weap_Longsword,Metallurgist Recipe - Longsword,Rarity.Rare
LIT_LongswordRecipe_Uncommon_Loose1,15.0,100.0,15.0000,ID_Money_Silver,Silver Coin,Rarity.Rare
LIT_Liquids,100.0,140.0,71.4286,ID_Common_PineOil,Pine Oil,
LIT_Liquids,25.0,140.0,17.8571,ID_Uncommon_LinseedOil,Linseed Oil,Rarity.Uncommon
LIT_Liquids,5.0,140.0,3.5714,ID_Rare_WhaleOil,Whale Oil,Rarity.Rare
LIT_Liquids,5.0,140.0,3.5714,ID_Rare_OxliverOil,Oxliver Oil,Rarity.Rare
LIT_Liquids,5.0,140.0,3.5714,ID_Common_StalePiss,Stale Piss,
LIT_LionneRecipe_Epic_Loose,70.0,100.0,70.0000,ID_Money_Copper,Copper Coin,Rarity.Uncommon
LIT_LionneRecipe_Epic_Loose,22.5,100.0,22.5000,ID_Money_Silver,Silver Coin,Rarity.Rare
LIT_LionneRecipe_Epic_Loose,7.5,100.0,7.5000,ID_Rec_Weap_Lionne,Gunsmith Recipe - Lionne,Rarity.Legendary
LIT_LionOfRotterdam_Loose,70.0,100.0,70.0000,ID_Money_Copper,Copper Coin,Rarity.Uncommon
LIT_LionOfRotterdam_Loose,15.0,100.0,15.0000,ID_Rec_C_BrownBetty_Uncommon08,Lion of Rotterdam - Brown Betty,Rarity.Uncommon
LIT_LionOfRotterdam_Loose,15.0,100.0,15.0000,ID_Money_Silver,Silver Coin,Rarity.Rare
LIT_Legendary_Weap_Rifles,100.0,300.0,33.3333,ID_Weap_Rifle_Legendary03,Belier,Rarity.Legendary
LIT_Legendary_Weap_Rifles,100.0,300.0,33.3333,ID_Weap_Rifle_Legendary02,Drak,Rarity.Legendary
LIT_Legendary_Weap_Rifles,100.0,300.0,33.3333,ID_Weap_Rifle_Legendary01,Jager,Rarity.Legendary
LIT_Legendary_Weap_Rifles,0.0,300.0,0.0000,ID_Weap_Rifle_Scope_Legendary04,Farsight Drak,Rarity.Legendary
LIT_Legendary_Weap_Pistols,100.0,100.0,100.0000,ID_Weap_Pistol_Legendary01,Volcan,Rarity.Legendary
LIT_Ledger_01,25.0,389.7000000104308,6.4152,ID_Uncommon_RedOchre,Red Ochre,Rarity.Uncommon
LIT_Ledger_01,25.0,389.7000000104308,6.4152,ID_Uncommon_PreciousBox,Precious Box,Rarity.Uncommon
LIT_Ledger_01,25.0,389.7000000104308,6.4152,ID_Uncommon_PineRosin,Pine Rosin,Rarity.Uncommon
LIT_Ledger_01,25.0,389.7000000104308,6.4152,ID_Uncommon_IronFile,Iron File,Rarity.Uncommon
LIT_Ledger_01,25.0,389.7000000104308,6.4152,ID_Uncommon_DankTobacco,Dank Tobacco,Rarity.Uncommon
LIT_Ledger_01,25.0,389.7000000104308,6.4152,ID_Uncommon_CoatToggle,Coat Toggle,Rarity.Uncommon
LIT_Ledger_01,25.0,389.7000000104308,6.4152,ID_Uncommon_Amber,Amber,Rarity.Uncommon
LIT_Ledger_01,25.0,389.7000000104308,6.4152,ID_Lore_Common_Note13,Gathering Garlic,Rarity.Uncommon
LIT_Ledger_01,25.0,389.7000000104308,6.4152,ID_Lore_Common_Note12,Lavender For Elodie,Rarity.Uncommon
LIT_Ledger_01,25.0,389.7000000104308,6.4152,ID_Lore_Common_Note11,Growth of Burlap on the Marette River,Rarity.Uncommon
LIT_Ledger_01,25.0,389.7000000104308,6.4152,ID_Lore_Common_Note10,Lead Discovered Near Jacques Bridge,Rarity.Uncommon
LIT_Ledger_01,25.0,389.7000000104308,6.4152,ID_Lore_Common_Note09,Copper in the Sombre Forest Region,Rarity.Uncommon
LIT_Ledger_01,5.0,389.7000000104308,1.2830,ID_Rare_Smokesilver,Smokesilver,Rarity.Rare
LIT_Ledger_01,5.0,389.7000000104308,1.2830,ID_Rare_SinewString,Sinew String,Rarity.Rare
LIT_Ledger_01,5.0,389.7000000104308,1.2830,ID_Rare_RefinedTobacco,Refined Tobacco,Rarity.Rare
LIT_Ledger_01,5.0,389.7000000104308,1.2830,ID_Rare_Opium,Opium,Rarity.Rare
LIT_Ledger_01,5.0,389.7000000104308,1.2830,ID_Rare_DelicateChain,Delicate Chain,Rarity.Rare
LIT_Ledger_01,5.0,389.7000000104308,1.2830,ID_Lore_Uncommon_Note12,Cloves For Oil,Rarity.Uncommon
LIT_Ledger_01,5.0,389.7000000104308,1.2830,ID_Lore_Uncommon_Note11,And Rosemary Too,Rarity.Uncommon
LIT_Ledger_01,5.0,389.7000000104308,1.2830,ID_Lore_Uncommon_Note10,Flax Along the Rivers,Rarity.Uncommon
LIT_Ledger_01,5.0,389.7000000104308,1.2830,ID_Lore_Uncommon_Note09,Copper Deposits near Jacques Bridge,Rarity.Uncommon
LIT_Ledger_01,5.0,389.7000000104308,1.2830,ID_Lore_Uncommon_Note08,Grotesquerie - Cherub,Rarity.Uncommon
LIT_Ledger_01,5.0,389.7000000104308,1.2830,ID_Lore_Uncommon_Note07,Grotesquerie - Dreg,Rarity.Uncommon
LIT_Ledger_01,5.0,389.7000000104308,1.2830,ID_Lore_Uncommon_Note06,Grotesquerie - Waif,Rarity.Uncommon
LIT_Ledger_01,5.0,389.7000000104308,1.2830,ID_Lore_Rare_Note11,The Company of One Dutchman,Rarity.Rare
LIT_Ledger_01,5.0,389.7000000104308,1.2830,ID_Lore_Rare_Note10,Crises of Faith,Rarity.Rare
LIT_Ledger_01,5.0,389.7000000104308,1.2830,ID_Lore_Rare_Note09,Reflections on Riflemen,Rarity.Rare
LIT_Ledger_01,1.0,389.7000000104308,0.2566,ID_Lore_Epic_Note12,The Bacterium Takes Hold,Rarity.Epic
LIT_Ledger_01,1.0,389.7000000104308,0.2566,ID_Lore_Epic_Note11,Origins and Spread of the Bacterium,Rarity.Epic
LIT_Ledger_01,1.0,389.7000000104308,0.2566,ID_Lore_Epic_Note10,The Green Ghost,Rarity.Epic
LIT_Ledger_01,1.0,389.7000000104308,0.2566,ID_Epic_WhitePearl,White Pearl,Rarity.Epic
LIT_Ledger_01,1.0,389.7000000104308,0.2566,ID_Epic_Tortoiseshell,Tortoise Shell,Rarity.Epic
LIT_Ledger_01,1.0,389.7000000104308,0.2566,ID_Epic_TailHair,Tail Hair,Rarity.Epic
LIT_Ledger_01,1.0,389.7000000104308,0.2566,ID_Epic_Serpentstone,Serpentstone,Rarity.Epic
LIT_Ledger_01,1.0,389.7000000104308,0.2566,ID_Epic_Pinchbeck,Pinchbeck,Rarity.Epic
LIT_Ledger_01,1.0,389.7000000104308,0.2566,ID_Epic_OpiumPipe,Opium Pipe,Rarity.Epic
LIT_Ledger_01,1.0,389.7000000104308,0.2566,ID_Epic_IvoryTusk,Ivory Tusk,Rarity.Epic
LIT_Ledger_01,1.0,389.7000000104308,0.2566,ID_Epic_HollandThread,Holland Thread,Rarity.Epic
LIT_Ledger_01,1.0,389.7000000104308,0.2566,ID_Epic_GlassVial,Glass Vial,Rarity.Epic
LIT_Ledger_01,1.0,389.7000000104308,0.2566,ID_Epic_FancySilverPlaque,Fancy Silver Plaque,Rarity.Epic
LIT_Ledger_01,1.0,389.7000000104308,0.2566,ID_Epic_AmberPearl,Amber Pearl,Rarity.Epic
LIT_Ledger_01,0.1,389.7000000104308,0.0257,ID_Lore_Legendary_Note02,The Erosion of Conscience,Rarity.Legendary
LIT_Ledger_01,0.1,389.7000000104308,0.0257,ID_Legendary_Topaz,Topaz,Rarity.Legendary
LIT_Ledger_01,0.1,389.7000000104308,0.0257,ID_Legendary_PolluxCameo,Cameo Of Pollux,Rarity.Legendary
LIT_Ledger_01,0.1,389.7000000104308,0.0257,ID_Legendary_JacobinCipher,Jacobin Cipher,Rarity.Legendary
LIT_Ledger_01,0.1,389.7000000104308,0.0257,ID_Legendary_GoldLeaf,Gold Leaf,Rarity.Legendary
LIT_Ledger_01,0.1,389.7000000104308,0.0257,ID_Legendary_FlawlessDiamond,Flawless Diamond,Rarity.Legendary
LIT_Ledger_01,0.1,389.7000000104308,0.0257,ID_Legendary_CastorCameo,Cameo Of Castor,Rarity.Legendary
LIT_Launchers_All,100.0,300.0,33.3333,ID_Weap_Launcher_Legendary01,Wallbreaker,Rarity.Legendary
LIT_Launchers_All,100.0,300.0,33.3333,ID_Weap_Launcher_Epic02,Hellbrander IV,Rarity.Epic
LIT_Launchers_All,100.0,300.0,33.3333,ID_Weap_Launcher_Epic01,Verlancer,Rarity.Epic
LIT_Latrine,700.0,1744.2000000029802,40.1330,ID_Common_CrustyFeces,Crusty Faeces,
LIT_Latrine,200.0,1744.2000000029802,11.4666,ID_Common_StalePiss,Stale Piss,
LIT_Latrine,100.0,1744.2000000029802,5.7333,ID_Food_Common03,Grey Ham,
LIT_Latrine,100.0,1744.2000000029802,5.7333,ID_Drink_Common01,Tepid Water,
LIT_Latrine,100.0,1744.2000000029802,5.7333,ID_Common_ThickBranch,Thick Branch,
LIT_Latrine,100.0,1744.2000000029802,5.7333,ID_Common_Lard,Lard,
LIT_Latrine,100.0,1744.2000000029802,5.7333,ID_Common_FilthyBritches,Filthy Britches,
LIT_Latrine,100.0,1744.2000000029802,5.7333,ID_Common_CarrionShank,Carrion Shank,
LIT_Latrine,100.0,1744.2000000029802,5.7333,ID_Common_BogIron,Bog Iron,
LIT_Latrine,25.0,1744.2000000029802,1.4333,ID_Uncommon_Lambgut,Lambgut,Rarity.Uncommon
LIT_Latrine,25.0,1744.2000000029802,1.4333,ID_Uncommon_GristleWax,Gristle Wax,Rarity.Uncommon
LIT_Latrine,25.0,1744.2000000029802,1.4333,ID_Uncommon_BrinedFlesh,Brined Flesh,Rarity.Uncommon
LIT_Latrine,25.0,1744.2000000029802,1.4333,ID_Uncommon_Bezoar,Bezoar,Rarity.Uncommon
LIT_Latrine,25.0,1744.2000000029802,1.4333,ID_Key_Bronze,Bronze Key,Rarity.Uncommon
LIT_Latrine,5.0,1744.2000000029802,0.2867,ID_Rare_Windfall,Windfall,Rarity.Rare
LIT_Latrine,5.0,1744.2000000029802,0.2867,ID_Rare_Ambergris,Ambergris,Rarity.Rare
LIT_Latrine,5.0,1744.2000000029802,0.2867,ID_Key_Silver,Silver Key,Rarity.Rare
LIT_Latrine,1.0,1744.2000000029802,0.0573,ID_Key_Gold,Gold Key,Rarity.Epic
LIT_Latrine,1.0,1744.2000000029802,0.0573,ID_Herb_04_Fungi,Medicinal Fungi,Rarity.Epic
LIT_Latrine,1.0,1744.2000000029802,0.0573,ID_Epic_LadiesGirdle,Ladies Girdle,Rarity.Epic
LIT_Latrine,1.0,1744.2000000029802,0.0573,ID_Epic_Bloodstone,Bloodstone,Rarity.Epic
LIT_Latrine,0.1,1744.2000000029802,0.0057,ID_Legendary_FoieGras,Foie Gras,Rarity.Legendary
LIT_Latrine,0.1,1744.2000000029802,0.0057,ID_Legendary_FlawlessDiamond,Flawless Diamond,Rarity.Legendary
LIT_KompasRecipe_Rare_Loose,70.0,100.0,70.0000,ID_Money_Copper,Copper Coin,Rarity.Uncommon
LIT_KompasRecipe_Rare_Loose,20.0,100.0,20.0000,ID_Money_Silver,Silver Coin,Rarity.Rare
LIT_KompasRecipe_Rare_Loose,10.0,100.0,10.0000,ID_Rec_Weap_Kompas,Gunsmith Recipe - Kompas,Rarity.Epic
LIT_KindlingPile,200.0,429.1000000014901,46.6092,ID_Common_ThickBranch,Thick Branch,
LIT_KindlingPile,100.0,429.1000000014901,23.3046,ID_Common_Woodchips,Woodchips,
LIT_KindlingPile,25.0,429.1000000014901,5.8261,ID_Uncommon_WalnutHusk,Walnut Husk,Rarity.Uncommon
LIT_KindlingPile,25.0,429.1000000014901,5.8261,ID_Uncommon_SturdyAxeHandle,Sturdy Axe Handle,Rarity.Rare
LIT_KindlingPile,25.0,429.1000000014901,5.8261,ID_Uncommon_PineRosin,Pine Rosin,Rarity.Uncommon
LIT_KindlingPile,25.0,429.1000000014901,5.8261,ID_Lore_Common_Note04,Cutter's Note,
LIT_KindlingPile,5.0,429.1000000014901,1.1652,ID_Rare_WillowBark,Willow Bark,Rarity.Rare
LIT_KindlingPile,5.0,429.1000000014901,1.1652,ID_Rare_PolishedHandle,Polished Handle,Rarity.Rare
LIT_KindlingPile,5.0,429.1000000014901,1.1652,ID_Rare_Hornbeam,Hornbeam,Rarity.Rare
LIT_KindlingPile,5.0,429.1000000014901,1.1652,ID_Rare_Cochineal,Cochineal,Rarity.Rare
LIT_KindlingPile,5.0,429.1000000014901,1.1652,ID_Rare_BurrWalnut,Burr Walnut,Rarity.Rare
LIT_KindlingPile,1.0,429.1000000014901,0.2330,ID_Rare_PolishedRod,Polished Rod,Rarity.Epic
LIT_KindlingPile,1.0,429.1000000014901,0.2330,ID_Lore_Epic_Note07_U,Marion's Final Note,Rarity.Epic
LIT_KindlingPile,1.0,429.1000000014901,0.2330,ID_Epic_OakGall,Oak Gall,Rarity.Epic
LIT_KindlingPile,1.0,429.1000000014901,0.2330,ID_Epic_Hartwood,Hartwood,Rarity.Epic
LIT_KindlingPile,0.1,429.1000000014901,0.0233,ID_Legendary_Bloodwood,Bloodwood,Rarity.Legendary
LIT_Keys_Uncommon,100.0,100.0,100.0000,ID_Key_Bronze,Bronze Key,Rarity.Uncommon
LIT_Keys_Rare,100.0,100.0,100.0000,ID_Key_Silver,Silver Key,Rarity.Rare
LIT_Keys_M03_BossRoom,50.0,100.0,50.0000,ID_Key_Silver,Silver Key,Rarity.Rare
LIT_Keys_M03_BossRoom,20.0,100.0,20.0000,ID_Key_U_AmbrosesTithe,Ambrose’s Tithe Key,Rarity.Legendary
LIT_Keys_M03_BossRoom,10.0,100.0,10.0000,ID_Money_Silver,Silver Coin,Rarity.Rare
LIT_Keys_M03_BossRoom,10.0,100.0,10.0000,ID_Key_U_FerrousKey,Fury’s Gate Key,Rarity.Legendary
LIT_Keys_M03_BossRoom,10.0,100.0,10.0000,ID_Key_Gold,Gold Key,Rarity.Epic
LIT_Keys_M02_Dungeon,50.0,100.0,50.0000,ID_Key_Silver,Silver Key,Rarity.Rare
LIT_Keys_M02_Dungeon,20.0,100.0,20.0000,ID_Key_U_Bloodbox,Bloodbox Key,Rarity.Legendary
LIT_Keys_M02_Dungeon,10.0,100.0,10.0000,ID_Money_Silver,Silver Coin,Rarity.Rare
LIT_Keys_M02_Dungeon,10.0,100.0,10.0000,ID_Key_U_JacquesKey,Bloodroom Key,Rarity.Legendary
LIT_Keys_M02_Dungeon,10.0,100.0,10.0000,ID_Key_Gold,Gold Key,Rarity.Epic
LIT_Keys_M01_Dungeon,50.0,100.0,50.0000,ID_Key_Silver,Silver Key,Rarity.Rare
LIT_Keys_M01_Dungeon,20.0,100.0,20.0000,ID_Key_U_BishopsCrypt,Bishop's Crypt Key,Rarity.Legendary
LIT_Keys_M01_Dungeon,10.0,100.0,10.0000,ID_Money_Silver,Silver Coin,Rarity.Rare
LIT_Keys_M01_Dungeon,10.0,100.0,10.0000,ID_Key_U_AbbottKey,Abbot's Cloister Key,Rarity.Legendary
LIT_Keys_M01_Dungeon,10.0,100.0,10.0000,ID_Key_Gold,Gold Key,Rarity.Epic
LIT_Keys_Epic,100.0,103.0,97.0874,ID_Key_Gold,Gold Key,Rarity.Epic
LIT_Keys_Epic,1.0,103.0,0.9709,ID_Key_U_Undercroft,Undercroft Key,Rarity.Epic
LIT_Keys_Epic,1.0,103.0,0.9709,ID_Key_U_ThePit,The Pit Key,Rarity.Epic
LIT_Keys_Epic,1.0,103.0,0.9709,ID_Key_U_JacquesFolly,Jacques Folly Key,Rarity.Epic
LIT_Keys_All,100.0,133.30000000447035,75.0188,ID_Key_Bronze,Bronze Key,Rarity.Uncommon
LIT_Keys_All,25.0,133.30000000447035,18.7547,ID_Key_Silver,Silver Key,Rarity.Rare
LIT_Keys_All,5.0,133.30000000447035,3.7509,ID_Key_Gold,Gold Key,Rarity.Epic
LIT_Keys_All,1.0,133.30000000447035,0.7502,ID_Key_U_Undercroft,Undercroft Key,Rarity.Epic
LIT_Keys_All,1.0,133.30000000447035,0.7502,ID_Key_U_ThePit,The Pit Key,Rarity.Epic
LIT_Keys_All,1.0,133.30000000447035,0.7502,ID_Key_U_JacquesFolly,Jacques Folly Key,Rarity.Epic
LIT_Keys_All,0.1,133.30000000447035,0.0750,ID_Key_U_JacquesKey,Bloodroom Key,Rarity.Legendary
LIT_Keys_All,0.1,133.30000000447035,0.0750,ID_Key_U_FerrousKey,Fury’s Gate Key,Rarity.Legendary
LIT_Keys_All,0.1,133.30000000447035,0.0750,ID_Key_U_AbbottKey,Abbot's Cloister Key,Rarity.Legendary
LIT_Key_Gavroche,100.0,100.0,100.0000,ID_Key_U_CellarChevalierRemise,Cellar Key of Chevalier's Remise,Rarity.Uncommon
LIT_Junk,100.0,200.0,50.0000,ID_Common_Woodchips,Woodchips,
LIT_Junk,100.0,200.0,50.0000,ID_Common_Flour,Flour,
LIT_Item_Valuables_Small,25.0,89.0,28.0899,ID_Uncommon_SilverCandleHolder,Silver Candleholder,Rarity.Uncommon
LIT_Item_Valuables_Small,25.0,89.0,28.0899,ID_Money_Copper,Copper Coin,Rarity.Uncommon
LIT_Item_Valuables_Small,25.0,89.0,28.0899,ID_Key_Bronze,Bronze Key,Rarity.Uncommon
LIT_Item_Valuables_Small,5.0,89.0,5.6180,ID_Rare_SilverDish,Silver Dish,Rarity.Rare
LIT_Item_Valuables_Small,5.0,89.0,5.6180,ID_Rare_SilverCandlestick,Silver Candlestick,Rarity.Rare
LIT_Item_Valuables_Small,1.0,89.0,1.1236,ID_Rare_SilverCandlestickLarge,Large Silver Candlestick,Rarity.Epic
LIT_Item_Valuables_Small,1.0,89.0,1.1236,ID_Money_Silver,Silver Coin,Rarity.Rare
LIT_Item_Valuables_Small,1.0,89.0,1.1236,ID_Epic_ChinaGravyboat,Tianlong Gravy Boat,Rarity.Epic
LIT_Item_Valuables_Small,1.0,89.0,1.1236,ID_Epic_ChinaBowl,China Bowl,Rarity.Epic
LIT_Item_Valuables,100.0,145.0,68.9655,ID_Money_Copper,Copper Coin,Rarity.Uncommon
LIT_Item_Valuables,10.0,145.0,6.8966,ID_Rare_JewelleryBox_Bronze,Sealed Bronze Reliquary,Rarity.Rare
LIT_Item_Valuables,10.0,145.0,6.8966,ID_Rare_CalfskinBoots,Calfskin Boots,Rarity.Rare
LIT_Item_Valuables,10.0,145.0,6.8966,ID_Epic_ChinaGravyboat,Tianlong Gravy Boat,Rarity.Epic
LIT_Item_Valuables,10.0,145.0,6.8966,ID_Epic_ChinaBowl,China Bowl,Rarity.Epic
LIT_Item_Valuables,2.0,145.0,1.3793,ID_Epic_RomaniTreads,Romani Treads,Rarity.Epic
LIT_Item_Valuables,2.0,145.0,1.3793,ID_Epic_JewelleryBox_Silver,Sealed Silver Reliquary,Rarity.Epic
LIT_Item_Valuables,1.0,145.0,0.6897,ID_Legendary_JewelleryBox_Gold,Sealed Gold Reliquary,Rarity.Legendary
LIT_Item_Table_Mill,100.0,100.0,100.0000,ID_Money_Copper,Copper Coin,Rarity.Uncommon
LIT_Item_Table_Chapel,100.0,160.0,62.5000,ID_Money_Copper,Copper Coin,Rarity.Uncommon
LIT_Item_Table_Chapel,10.0,160.0,6.2500,ID_Uncommon_LeatherBoots,Marching Boots,Rarity.Uncommon
LIT_Item_Table_Chapel,10.0,160.0,6.2500,ID_Rare_Mortar,Mortar,Rarity.Rare
LIT_Item_Table_Chapel,10.0,160.0,6.2500,ID_Rare_CalfskinBoots,Calfskin Boots,Rarity.Rare
LIT_Item_Table_Chapel,10.0,160.0,6.2500,ID_Epic_RomaniTreads,Romani Treads,Rarity.Epic
LIT_Item_Table_Chapel,10.0,160.0,6.2500,ID_Epic_ChinaGravyboat,Tianlong Gravy Boat,Rarity.Epic
LIT_Item_Table_Chapel,10.0,160.0,6.2500,ID_Epic_ChinaBowl,China Bowl,Rarity.Epic
LIT_Item_Global_Small,100.0,500.0,20.0000,ID_Uncommon_LeatherBoots,Marching Boots,Rarity.Uncommon
LIT_Item_Global_Small,100.0,500.0,20.0000,ID_Rare_CalfskinBoots,Calfskin Boots,Rarity.Rare
LIT_Item_Global_Small,100.0,500.0,20.0000,ID_Epic_RomaniTreads,Romani Treads,Rarity.Epic
LIT_Item_Global_Small,100.0,500.0,20.0000,ID_Epic_ChinaGravyboat,Tianlong Gravy Boat,Rarity.Epic
LIT_Item_Global_Small,100.0,500.0,20.0000,ID_Epic_ChinaBowl,China Bowl,Rarity.Epic
LIT_Item_Currency,100.0,175.0,57.1429,ID_Money_Copper,Copper Coin,Rarity.Uncommon
LIT_Item_Currency,50.0,175.0,28.5714,ID_Money_Silver,Silver Coin,Rarity.Rare
LIT_Item_Currency,25.0,175.0,14.2857,ID_Money_Gold,Gold Coin,Rarity.Epic
LIT_Item_Civilian_Shelf,100.0,307.0,32.5733,ID_Money_Copper,Copper Coin,Rarity.Uncommon
LIT_Item_Civilian_Shelf,100.0,307.0,32.5733,ID_Common_IronJug,Iron Jug,
LIT_Item_Civilian_Shelf,100.0,307.0,32.5733,ID_Common_Apple,Fresh Apple,
LIT_Item_Civilian_Shelf,5.0,307.0,1.6287,ID_Rare_SilverCandlestick,Silver Candlestick,Rarity.Rare
LIT_Item_Civilian_Shelf,1.0,307.0,0.3257,ID_Money_Silver,Silver Coin,Rarity.Rare
LIT_Item_Civilian_Shelf,1.0,307.0,0.3257,ID_Lore_Uncommon_Note04,Poor Grandpapa,Rarity.Uncommon
LIT_Item_Civilian_Generic,20.0,65.0,30.7692,ID_Uncommon_LeatherBoots,Marching Boots,Rarity.Uncommon
LIT_Item_Civilian_Generic,10.0,65.0,15.3846,ID_Rare_JewelleryBox_Bronze,Sealed Bronze Reliquary,Rarity.Rare
LIT_Item_Civilian_Generic,10.0,65.0,15.3846,ID_Rare_CalfskinBoots,Calfskin Boots,Rarity.Rare
LIT_Item_Civilian_Generic,10.0,65.0,15.3846,ID_Epic_ChinaGravyboat,Tianlong Gravy Boat,Rarity.Epic
LIT_Item_Civilian_Generic,10.0,65.0,15.3846,ID_Epic_ChinaBowl,China Bowl,Rarity.Epic
LIT_Item_Civilian_Generic,2.0,65.0,3.0769,ID_Epic_RomaniTreads,Romani Treads,Rarity.Epic
LIT_Item_Civilian_Generic,2.0,65.0,3.0769,ID_Epic_JewelleryBox_Silver,Sealed Silver Reliquary,Rarity.Epic
LIT_Item_Civilian_Generic,1.0,65.0,1.5385,ID_Legendary_JewelleryBox_Gold,Sealed Gold Reliquary,Rarity.Legendary
LIT_ItalianStandard_Loose,70.0,100.0,70.0000,ID_Money_Copper,Copper Coin,Rarity.Uncommon
LIT_ItalianStandard_Loose,15.0,100.0,15.0000,ID_Rec_C_Louisville_Uncommon08,Italian Standard - Louisville,Rarity.Uncommon
LIT_ItalianStandard_Loose,15.0,100.0,15.0000,ID_Money_Silver,Silver Coin,Rarity.Rare
LIT_Hybernia_Loose,59.0,100.0,59.0000,ID_Money_Copper,Copper Coin,Rarity.Uncommon
LIT_Hybernia_Loose,15.0,100.0,15.0000,ID_Rare_JewelleryBox_Bronze,Sealed Bronze Reliquary,Rarity.Rare
LIT_Hybernia_Loose,15.0,100.0,15.0000,ID_Money_Silver,Silver Coin,Rarity.Rare
LIT_Hybernia_Loose,5.0,100.0,5.0000,ID_Rec_C_Spear_Epic01,Hybernia - Spear,Rarity.Epic
LIT_Hybernia_Loose,5.0,100.0,5.0000,ID_Epic_JewelleryBox_Silver,Sealed Silver Reliquary,Rarity.Epic
LIT_Hybernia_Loose,0.5,100.0,0.5000,ID_Money_Gold,Gold Coin,Rarity.Epic
LIT_Hybernia_Loose,0.5,100.0,0.5000,ID_Legendary_JewelleryBox_Gold,Sealed Gold Reliquary,Rarity.Legendary
LIT_Howler_01,100.0,100.0,100.0000,ID_Trophy_Howler,Howler Lung,Rarity.Rare
LIT_HouseOfMedici_Loose,70.0,100.0,70.0000,ID_Money_Copper,Copper Coin,Rarity.Uncommon
LIT_HouseOfMedici_Loose,15.0,100.0,15.0000,ID_Rec_C_BrownBetty_Uncommon04,House of Medici - Brown Betty,Rarity.Uncommon
LIT_HouseOfMedici_Loose,15.0,100.0,15.0000,ID_Money_Silver,Silver Coin,Rarity.Rare
LIT_HohenzollernReborn_Loose,70.0,100.0,70.0000,ID_Money_Copper,Copper Coin,Rarity.Uncommon
LIT_HohenzollernReborn_Loose,15.0,100.0,15.0000,ID_Rec_C_BrownBetty_Uncommon03,Hohenzollern Reborn - Brown Betty,Rarity.Uncommon
LIT_HohenzollernReborn_Loose,15.0,100.0,15.0000,ID_Money_Silver,Silver Coin,Rarity.Rare
LIT_Highlander_Loose,70.0,100.0,70.0000,ID_Money_Copper,Copper Coin,Rarity.Uncommon
LIT_Highlander_Loose,15.0,100.0,15.0000,ID_Rec_C_Longsword_Uncommon01,Highlander - Longsword,Rarity.Uncommon
LIT_Highlander_Loose,15.0,100.0,15.0000,ID_Money_Silver,Silver Coin,Rarity.Rare
LIT_HighClassCiv,40.0,578.7500000111759,6.9114,ID_Uncommon_SilverCandleHolder,Silver Candleholder,Rarity.Uncommon
LIT_HighClassCiv,40.0,578.7500000111759,6.9114,ID_Uncommon_ReinforcedGarter,Reinforced Garter,Rarity.Uncommon
LIT_HighClassCiv,40.0,578.7500000111759,6.9114,ID_Uncommon_PreciousBox,Precious Box,Rarity.Uncommon
LIT_HighClassCiv,40.0,578.7500000111759,6.9114,ID_Uncommon_PowderTin,Powder Tin,Rarity.Uncommon
LIT_HighClassCiv,40.0,578.7500000111759,6.9114,ID_Uncommon_LeatherBoots,Marching Boots,Rarity.Uncommon
LIT_HighClassCiv,40.0,578.7500000111759,6.9114,ID_Uncommon_DankTobacco,Dank Tobacco,Rarity.Uncommon
LIT_HighClassCiv,40.0,578.7500000111759,6.9114,ID_Uncommon_DankTobacco,Dank Tobacco,Rarity.Uncommon
LIT_HighClassCiv,40.0,578.7500000111759,6.9114,ID_Uncommon_CoatToggle,Coat Toggle,Rarity.Uncommon
LIT_HighClassCiv,40.0,578.7500000111759,6.9114,ID_Money_Copper,Copper Coin,Rarity.Uncommon
LIT_HighClassCiv,40.0,578.7500000111759,6.9114,ID_Med_Ampoule_Common,Crude Ampoule ,
LIT_HighClassCiv,40.0,578.7500000111759,6.9114,ID_Common_OldRidingGlove,Old Riding Glove,
LIT_HighClassCiv,25.0,578.7500000111759,4.3197,ID_Med_Ampoule_Uncommon,Basic Ampoule,Rarity.Uncommon
LIT_HighClassCiv,12.5,578.7500000111759,2.1598,ID_HipBag_Uncommon03,Old Satchel,Rarity.Uncommon
LIT_HighClassCiv,12.5,578.7500000111759,2.1598,ID_BackBag_Uncommon03,Leather Barrel Bag,Rarity.Uncommon
LIT_HighClassCiv,5.0,578.7500000111759,0.8639,ID_Rare_TornDamask,Torn Damask,Rarity.Rare
LIT_HighClassCiv,5.0,578.7500000111759,0.8639,ID_Rare_SilverCandlestickLarge,Large Silver Candlestick,Rarity.Epic
LIT_HighClassCiv,5.0,578.7500000111759,0.8639,ID_Rare_SilverCandlestick,Silver Candlestick,Rarity.Rare
LIT_HighClassCiv,5.0,578.7500000111759,0.8639,ID_Rare_SilverCandlestick,Silver Candlestick,Rarity.Rare
LIT_HighClassCiv,5.0,578.7500000111759,0.8639,ID_Rare_ShinyBuckle,Shiny Buckle,Rarity.Rare
LIT_HighClassCiv,5.0,578.7500000111759,0.8639,ID_Rare_RefinedTobacco,Refined Tobacco,Rarity.Rare
LIT_HighClassCiv,5.0,578.7500000111759,0.8639,ID_Rare_OrnateCushion,Ornate Cushion,Rarity.Rare
LIT_HighClassCiv,5.0,578.7500000111759,0.8639,ID_Rare_Opium,Opium,Rarity.Rare
LIT_HighClassCiv,5.0,578.7500000111759,0.8639,ID_Rare_NacreButton,Nacre Button,Rarity.Rare
LIT_HighClassCiv,5.0,578.7500000111759,0.8639,ID_Rare_JewelleryBox_Bronze,Sealed Bronze Reliquary,Rarity.Rare
LIT_HighClassCiv,5.0,578.7500000111759,0.8639,ID_Rare_GildedTassels,Gilded Tassels,Rarity.Rare
LIT_HighClassCiv,5.0,578.7500000111759,0.8639,ID_Rare_CottonBedSheets,Cotton Bed Sheets,Rarity.Rare
LIT_HighClassCiv,5.0,578.7500000111759,0.8639,ID_Rare_CalfskinBoots,Calfskin Boots,Rarity.Rare
LIT_HighClassCiv,5.0,578.7500000111759,0.8639,ID_Med_Ampoule_Rare,Robust Ampoule,Rarity.Rare
LIT_HighClassCiv,4.0,578.7500000111759,0.6911,ID_Money_Silver,Silver Coin,Rarity.Rare
LIT_HighClassCiv,2.5,578.7500000111759,0.4320,ID_HipBag_Rare01,Grubber's Purse,Rarity.Rare
LIT_HighClassCiv,1.0,578.7500000111759,0.1728,ID_Med_Ampoule_Epic,Empusa's Tonic,Rarity.Epic
LIT_HighClassCiv,1.0,578.7500000111759,0.1728,ID_Epic_WoolBlanket,Wool Blanket,Rarity.Epic
LIT_HighClassCiv,1.0,578.7500000111759,0.1728,ID_Epic_Tortoiseshell,Tortoise Shell,Rarity.Epic
LIT_HighClassCiv,1.0,578.7500000111759,0.1728,ID_Epic_RomaniTreads,Romani Treads,Rarity.Epic
LIT_HighClassCiv,1.0,578.7500000111759,0.1728,ID_Epic_LadiesGirdle,Ladies Girdle,Rarity.Epic
LIT_HighClassCiv,1.0,578.7500000111759,0.1728,ID_Epic_FrayingTaffetaWaistcoat,Fraying Taffeta Waistcoat,Rarity.Epic
LIT_HighClassCiv,1.0,578.7500000111759,0.1728,ID_Epic_DirtyBrocadeDress,Dirty Brocade Dress,Rarity.Epic
LIT_HighClassCiv,1.0,578.7500000111759,0.1728,ID_Epic_ChinaGravyboat,Tianlong Gravy Boat,Rarity.Epic
LIT_HighClassCiv,1.0,578.7500000111759,0.1728,ID_Epic_ChinaBowl,China Bowl,Rarity.Epic
LIT_HighClassCiv,1.0,578.7500000111759,0.1728,ID_Epic_CashmereShawl,Cashmere Shawl,Rarity.Epic
LIT_HighClassCiv,0.5,578.7500000111759,0.0864,ID_HipBag_Epic03,Miser's Purse,Rarity.Epic
LIT_HighClassCiv,0.5,578.7500000111759,0.0864,ID_BackBag_Epic02,Bag of Maratha,Rarity.Epic
LIT_HighClassCiv,0.5,578.7500000111759,0.0864,ID_BackBag_Epic01,Trevallion's Valise,Rarity.Epic
LIT_HighClassCiv,0.1,578.7500000111759,0.0173,ID_Med_Ampoule_Legendary,Ambrosia,Rarity.Legendary
LIT_HighClassCiv,0.1,578.7500000111759,0.0173,ID_Legendary_Vicuna,Vicuna,Rarity.Legendary
LIT_HighClassCiv,0.1,578.7500000111759,0.0173,ID_Legendary_SilkScarf,Silk Scarf,Rarity.Legendary
LIT_HighClassCiv,0.1,578.7500000111759,0.0173,ID_Legendary_PolluxCameo,Cameo Of Pollux,Rarity.Legendary
LIT_HighClassCiv,0.1,578.7500000111759,0.0173,ID_Legendary_CastorCameo,Cameo Of Castor,Rarity.Legendary
LIT_HighClassCiv,0.05,578.7500000111759,0.0086,ID_Money_Gold,Gold Coin,Rarity.Epic
LIT_HighClassCiv,0.05,578.7500000111759,0.0086,ID_HipBag_Legendary02,Pegasus,Rarity.Legendary
LIT_HighClassCiv,0.05,578.7500000111759,0.0086,ID_HipBag_Legendary01,Zazel's Carry,Rarity.Legendary
LIT_HighClassCiv,0.05,578.7500000111759,0.0086,ID_BackBag_Legendary02,Zealot's Tower,Rarity.Legendary
LIT_HighClassCiv,0.05,578.7500000111759,0.0086,ID_BackBag_Legendary01,Coldstream Pack,Rarity.Legendary
LIT_Hermit_Loose,35.0,100.0,35.0000,ID_Rec_C_Halberd_Rare01,Hermit - Halberd,Rarity.Rare
LIT_Hermit_Loose,35.0,100.0,35.0000,ID_Money_Copper,Copper Coin,Rarity.Uncommon
LIT_Hermit_Loose,12.5,100.0,12.5000,ID_Money_Silver,Silver Coin,Rarity.Rare
LIT_Hermit_Loose,12.0,100.0,12.0000,ID_Rare_JewelleryBox_Bronze,Sealed Bronze Reliquary,Rarity.Rare
LIT_Hermit_Loose,4.5,100.0,4.5000,ID_Epic_JewelleryBox_Silver,Sealed Silver Reliquary,Rarity.Epic
LIT_Hermit_Loose,0.5,100.0,0.5000,ID_Money_Gold,Gold Coin,Rarity.Epic
LIT_Hermit_Loose,0.5,100.0,0.5000,ID_Legendary_JewelleryBox_Gold,Sealed Gold Reliquary,Rarity.Legendary
LIT_HeadArmourRecipe_Rare_Loose,70.0,100.0,70.0000,ID_Money_Copper,Copper Coin,Rarity.Uncommon
LIT_HeadArmourRecipe_Rare_Loose,20.0,100.0,20.0000,ID_Money_Silver,Silver Coin,Rarity.Rare
LIT_HeadArmourRecipe_Rare_Loose,10.0,100.0,10.0000,ID_Rec_Armour_Head_Rare01,Outfitter Recipe - Sapper's Helmet,Rarity.Epic
LIT_GrenadiersBattlepack_Recipe_Rare_Loose,70.0,100.0,70.0000,ID_Money_Copper,Copper Coin,Rarity.Uncommon
LIT_GrenadiersBattlepack_Recipe_Rare_Loose,20.0,100.0,20.0000,ID_Money_Silver,Silver Coin,Rarity.Rare
LIT_GrenadiersBattlepack_Recipe_Rare_Loose,10.0,100.0,10.0000,ID_Rec_Bag_Back_Rare02,Outfitter Recipe - Grenadier's Battlepack,Rarity.Epic
LIT_Grave,100.0,1035.5500000081956,9.6567,ID_Common_Sootblack,Sootblack,
LIT_Grave,100.0,1035.5500000081956,9.6567,ID_Common_Nettlecloth,Nettlecloth,
LIT_Grave,100.0,1035.5500000081956,9.6567,ID_Common_DampRag,Damp Rag,
LIT_Grave,100.0,1035.5500000081956,9.6567,ID_Common_CoarseSand,Coarse Sand,
LIT_Grave,100.0,1035.5500000081956,9.6567,ID_Common_CarrionShank,Carrion Shank,
LIT_Grave,100.0,1035.5500000081956,9.6567,ID_Common_BoneChar,Bone Char,
LIT_Grave,100.0,1035.5500000081956,9.6567,ID_Common_BogIron,Bog Iron,
LIT_Grave,25.0,1035.5500000081956,2.4142,ID_Uncommon_SilverCandleHolder,Silver Candleholder,Rarity.Uncommon
LIT_Grave,25.0,1035.5500000081956,2.4142,ID_Uncommon_ReinforcedGarter,Reinforced Garter,Rarity.Uncommon
LIT_Grave,25.0,1035.5500000081956,2.4142,ID_Uncommon_RamsHorn,Ram’s Horn,Rarity.Uncommon
LIT_Grave,25.0,1035.5500000081956,2.4142,ID_Uncommon_PineRosin,Pine Rosin,Rarity.Uncommon
LIT_Grave,25.0,1035.5500000081956,2.4142,ID_Uncommon_Pewterhead,Pewterhead,Rarity.Uncommon
LIT_Grave,25.0,1035.5500000081956,2.4142,ID_Uncommon_PewterBowl,Pewter Bowl,Rarity.Uncommon
LIT_Grave,25.0,1035.5500000081956,2.4142,ID_Uncommon_FineSand,Fine Sand,Rarity.Uncommon
LIT_Grave,25.0,1035.5500000081956,2.4142,ID_Uncommon_Feverfew,Feverfew,Rarity.Uncommon
LIT_Grave,25.0,1035.5500000081956,2.4142,ID_Uncommon_Beeswax,Beeswax,Rarity.Uncommon
LIT_Grave,25.0,1035.5500000081956,2.4142,ID_Key_Bronze,Bronze Key,Rarity.Uncommon
LIT_Grave,5.0,1035.5500000081956,0.4828,ID_Rare_TornDamask,Torn Damask,Rarity.Rare
LIT_Grave,5.0,1035.5500000081956,0.4828,ID_Rare_SilverDish,Silver Dish,Rarity.Rare
LIT_Grave,5.0,1035.5500000081956,0.4828,ID_Rare_SilverCandlestickLarge,Large Silver Candlestick,Rarity.Epic
LIT_Grave,5.0,1035.5500000081956,0.4828,ID_Rare_ShinyBuckle,Shiny Buckle,Rarity.Rare
LIT_Grave,5.0,1035.5500000081956,0.4828,ID_Rare_Shellac,Shellac,Rarity.Rare
LIT_Grave,5.0,1035.5500000081956,0.4828,ID_Rare_OrnateCushion,Ornate Cushion,Rarity.Rare
LIT_Grave,5.0,1035.5500000081956,0.4828,ID_Rare_JewelleryBox_Bronze,Sealed Bronze Reliquary,Rarity.Rare
LIT_Grave,5.0,1035.5500000081956,0.4828,ID_Rare_GildedTassels,Gilded Tassels,Rarity.Rare
LIT_Grave,5.0,1035.5500000081956,0.4828,ID_Rare_DelicateChain,Delicate Chain,Rarity.Rare
LIT_Grave,5.0,1035.5500000081956,0.4828,ID_Rare_Cochineal,Cochineal,Rarity.Rare
LIT_Grave,5.0,1035.5500000081956,0.4828,ID_Rare_CalfskinBoots,Calfskin Boots,Rarity.Rare
LIT_Grave,5.0,1035.5500000081956,0.4828,ID_Money_Silver,Silver Coin,Rarity.Rare
LIT_Grave,5.0,1035.5500000081956,0.4828,ID_Money_Copper,Copper Coin,Rarity.Uncommon
LIT_Grave,5.0,1035.5500000081956,0.4828,ID_Key_Silver,Silver Key,Rarity.Rare
LIT_Grave,1.0,1035.5500000081956,0.0966,ID_Key_Gold,Gold Key,Rarity.Epic
LIT_Grave,1.0,1035.5500000081956,0.0966,ID_Herb_BarrowVein,Barrow Vein,Rarity.Epic
LIT_Grave,1.0,1035.5500000081956,0.0966,ID_Epic_WoolBlanket,Wool Blanket,Rarity.Epic
LIT_Grave,1.0,1035.5500000081956,0.0966,ID_Epic_UncutGems,Uncut Gems,Rarity.Epic
LIT_Grave,1.0,1035.5500000081956,0.0966,ID_Epic_UncutDiamonds,Uncut Diamonds,Rarity.Epic
LIT_Grave,1.0,1035.5500000081956,0.0966,ID_Epic_Tortoiseshell,Tortoise Shell,Rarity.Epic
LIT_Grave,1.0,1035.5500000081956,0.0966,ID_Epic_Serpentstone,Serpentstone,Rarity.Epic
LIT_Grave,1.0,1035.5500000081956,0.0966,ID_Epic_JewelleryBox_Silver,Sealed Silver Reliquary,Rarity.Epic
LIT_Grave,1.0,1035.5500000081956,0.0966,ID_Epic_IntactFemur,Intact Femur,Rarity.Epic
LIT_Grave,1.0,1035.5500000081956,0.0966,ID_Epic_FrayingTaffetaWaistcoat,Fraying Taffeta Waistcoat,Rarity.Epic
LIT_Grave,1.0,1035.5500000081956,0.0966,ID_Epic_FancySilverPlaque,Fancy Silver Plaque,Rarity.Epic
LIT_Grave,1.0,1035.5500000081956,0.0966,ID_Epic_DirtyBrocadeDress,Dirty Brocade Dress,Rarity.Epic
LIT_Grave,1.0,1035.5500000081956,0.0966,ID_Epic_CashmereShawl,Cashmere Shawl,Rarity.Epic
LIT_Grave,1.0,1035.5500000081956,0.0966,ID_Epic_Bloodstone,Bloodstone,Rarity.Epic
LIT_Grave,1.0,1035.5500000081956,0.0966,ID_Epic_AmberPearl,Amber Pearl,Rarity.Epic
LIT_Grave,0.1,1035.5500000081956,0.0097,ID_Legendary_Topaz,Topaz,Rarity.Legendary
LIT_Grave,0.1,1035.5500000081956,0.0097,ID_Legendary_SilkScarf,Silk Scarf,Rarity.Legendary
LIT_Grave,0.1,1035.5500000081956,0.0097,ID_Legendary_JewelleryBox_Gold,Sealed Gold Reliquary,Rarity.Legendary
LIT_Grave,0.1,1035.5500000081956,0.0097,ID_Legendary_FlawlessDiamond,Flawless Diamond,Rarity.Legendary
LIT_Grave,0.1,1035.5500000081956,0.0097,ID_Legendary_CastorCameo,Cameo Of Castor,Rarity.Legendary
LIT_Grave,0.05,1035.5500000081956,0.0048,ID_Money_Gold,Gold Coin,Rarity.Epic
LIT_Global_Map07,100.0,1000.0,10.0000,ID_Herb_Thyme,Thyme,
LIT_Global_Map07,100.0,1000.0,10.0000,ID_Herb_Tarragon,Tarragon,Rarity.Uncommon
LIT_Global_Map07,100.0,1000.0,10.0000,ID_Herb_PallusWart,Pallus Wart,Rarity.Rare
LIT_Global_Map07,100.0,1000.0,10.0000,ID_Herb_Marjoram,Marjoram,Rarity.Rare
LIT_Global_Map07,100.0,1000.0,10.0000,ID_Herb_Chives,Chives,Rarity.Rare
LIT_Global_Map07,100.0,1000.0,10.0000,ID_Herb_Chervil,Chervil,
LIT_Global_Map07,100.0,1000.0,10.0000,ID_Herb_Basil,Basil,Rarity.Uncommon
LIT_Global_Map07,100.0,1000.0,10.0000,ID_Herb_BarrowVein,Barrow Vein,Rarity.Epic
LIT_Global_Map07,100.0,1000.0,10.0000,ID_Herb_02_Rosemary,Rosemary,Rarity.Uncommon
LIT_Global_Map07,100.0,1000.0,10.0000,ID_Herb_01_Lavender,Lavender,
LIT_GlobalItems_05_Legendary,100.0,3312.0,3.0193,ID_Spice_05_Peppercorn,Raw Peppercorn,Rarity.Legendary
LIT_GlobalItems_05_Legendary,100.0,3312.0,3.0193,ID_Med_Ampoule_Legendary,Ambrosia,Rarity.Legendary
LIT_GlobalItems_05_Legendary,100.0,3312.0,3.0193,ID_Legendary_Vicuna,Vicuna,Rarity.Legendary
LIT_GlobalItems_05_Legendary,100.0,3312.0,3.0193,ID_Legendary_Topaz,Topaz,Rarity.Legendary
LIT_GlobalItems_05_Legendary,100.0,3312.0,3.0193,ID_Legendary_SwordHiltOfMolay,Sword Hilt Of Molay,Rarity.Legendary
LIT_GlobalItems_05_Legendary,100.0,3312.0,3.0193,ID_Legendary_SmoothBoreBarrel,Smooth Bore Barrel,Rarity.Legendary
LIT_GlobalItems_05_Legendary,100.0,3312.0,3.0193,ID_Legendary_SilkScarf,Silk Scarf,Rarity.Legendary
LIT_GlobalItems_05_Legendary,100.0,3312.0,3.0193,ID_Legendary_Silk,Silk,Rarity.Legendary
LIT_GlobalItems_05_Legendary,100.0,3312.0,3.0193,ID_Legendary_Shagreen,Shagreen,Rarity.Legendary
LIT_GlobalItems_05_Legendary,100.0,3312.0,3.0193,ID_Legendary_RoyalJelly,Royal Jelly,Rarity.Legendary
LIT_GlobalItems_05_Legendary,100.0,3312.0,3.0193,ID_Legendary_PolluxCameo,Cameo Of Pollux,Rarity.Legendary
LIT_GlobalItems_05_Legendary,100.0,3312.0,3.0193,ID_Legendary_OreGold,Gold Ore,Rarity.Legendary
LIT_GlobalItems_05_Legendary,100.0,3312.0,3.0193,ID_Legendary_JacobinCipher,Jacobin Cipher,Rarity.Legendary
LIT_GlobalItems_05_Legendary,100.0,3312.0,3.0193,ID_Legendary_Isinglass,Isinglass,Rarity.Legendary
LIT_GlobalItems_05_Legendary,100.0,3312.0,3.0193,ID_Legendary_ImperialEagle,Imperial Eagle,Rarity.Legendary
LIT_GlobalItems_05_Legendary,100.0,3312.0,3.0193,ID_Legendary_GoldLeaf,Gold Leaf,Rarity.Legendary
LIT_GlobalItems_05_Legendary,100.0,3312.0,3.0193,ID_Legendary_FlawlessDiamond,Flawless Diamond,Rarity.Legendary
LIT_GlobalItems_05_Legendary,100.0,3312.0,3.0193,ID_Legendary_DamascusSteel,Damascus Steel,Rarity.Legendary
LIT_GlobalItems_05_Legendary,100.0,3312.0,3.0193,ID_Legendary_CastorCameo,Cameo Of Castor,Rarity.Legendary
LIT_GlobalItems_05_Legendary,100.0,3312.0,3.0193,ID_Legendary_Bloodwood,Bloodwood,Rarity.Legendary
LIT_GlobalItems_05_Legendary,100.0,3312.0,3.0193,ID_Legendary_BloodOfThePenitent,Blood Of The Penitent,Rarity.Legendary
LIT_GlobalItems_05_Legendary,100.0,3312.0,3.0193,ID_Key_U_JacquesKey,Bloodroom Key,Rarity.Legendary
LIT_GlobalItems_05_Legendary,100.0,3312.0,3.0193,ID_Key_U_FerrousKey,Fury’s Gate Key,Rarity.Legendary
LIT_GlobalItems_05_Legendary,100.0,3312.0,3.0193,ID_Key_U_AbbottKey,Abbot's Cloister Key,Rarity.Legendary
LIT_GlobalItems_05_Legendary,100.0,3312.0,3.0193,ID_Herb_05_Poppy,Poppy,Rarity.Legendary
LIT_GlobalItems_05_Legendary,100.0,3312.0,3.0193,ID_Food_Legendary01,Tarte Tatin,Rarity.Legendary
LIT_GlobalItems_05_Legendary,100.0,3312.0,3.0193,ID_ArmorPatch_Legendary,Damascus Armour Plate,Rarity.Legendary
LIT_GlobalItems_05_Legendary,50.0,3312.0,1.5097,ID_Spice_05_MalabarPepper,Malabar Pepper,Rarity.Legendary
LIT_GlobalItems_05_Legendary,50.0,3312.0,1.5097,ID_Legendary_MarksmansSpine,Marksman's Spine,Rarity.Legendary
LIT_GlobalItems_05_Legendary,50.0,3312.0,1.5097,ID_Legendary_LiquidMercury,Distilled Mercury,Rarity.Legendary
LIT_GlobalItems_05_Legendary,50.0,3312.0,1.5097,ID_Legendary_JewelleryBox_Gold,Sealed Gold Reliquary,Rarity.Legendary
LIT_GlobalItems_05_Legendary,50.0,3312.0,1.5097,ID_Legendary_GoldBar,Gold Bar,Rarity.Legendary
LIT_GlobalItems_05_Legendary,50.0,3312.0,1.5097,ID_Legendary_BoltOfSilkCloth,Bolt of Silk Cloth,Rarity.Legendary
LIT_GlobalItems_05_Legendary,50.0,3312.0,1.5097,ID_Herb_05_MilkofPoppy,Milk of Poppy,Rarity.Legendary
LIT_GlobalItems_05_Legendary,50.0,3312.0,1.5097,ID_Armor_Leg_Legendary01,Old Guard Greaves,Rarity.Legendary
LIT_GlobalItems_05_Legendary,50.0,3312.0,1.5097,ID_Armor_Head_Legendary01,Old Guard Helmet,Rarity.Legendary
LIT_GlobalItems_05_Legendary,50.0,3312.0,1.5097,ID_Armor_Chest_Legendary01,Old Guard Cuirass,Rarity.Legendary
LIT_GlobalItems_05_Legendary,25.0,3312.0,0.7548,ID_Tools_Legendary_Repair01,Clockwork Tongs,Rarity.Legendary
LIT_GlobalItems_05_Legendary,25.0,3312.0,0.7548,ID_Med_Legendary06,The Psychopomp,Rarity.Legendary
LIT_GlobalItems_05_Legendary,15.0,3312.0,0.4529,ID_HipBag_Legendary02,Pegasus,Rarity.Legendary
LIT_GlobalItems_05_Legendary,10.0,3312.0,0.3019,ID_BackBag_Legendary03,Sheath of the Four Winds,Rarity.Legendary
LIT_GlobalItems_05_Legendary,10.0,3312.0,0.3019,ID_BackBag_Legendary02,Zealot's Tower,Rarity.Legendary
LIT_GlobalItems_05_Legendary,10.0,3312.0,0.3019,ID_BackBag_Legendary01,Coldstream Pack,Rarity.Legendary
LIT_GlobalItems_05_Legendary,5.0,3312.0,0.1510,ID_WeaponBag_Legendary01,Apollo Holster,Rarity.Legendary
LIT_GlobalItems_05_Legendary,4.0,3312.0,0.1208,ID_Weap_Pistol_Legendary01,Volcan,Rarity.Legendary
LIT_GlobalItems_05_Legendary,2.0,3312.0,0.0604,ID_Weap_Rifle_Legendary03,Belier,Rarity.Legendary
LIT_GlobalItems_05_Legendary,2.0,3312.0,0.0604,ID_Weap_Rifle_Legendary01,Jager,Rarity.Legendary
LIT_GlobalItems_05_Legendary,2.0,3312.0,0.0604,ID_Weap_2HMelee_Legendary02,Zweihander,Rarity.Legendary
LIT_GlobalItems_05_Legendary,1.0,3312.0,0.0302,ID_Rec_Weap_Halberd,Metallurgist Recipe - Halberd,Rarity.Legendary
LIT_GlobalItems_05_Legendary,1.0,3312.0,0.0302,ID_Lockbox_Legendary01,Charon's Oyster,Rarity.Legendary
LIT_GlobalItems_04_Epic,100.0,5045.0,1.9822,ID_Spice_04_SaffronFlower,Saffron Flower,Rarity.Epic
LIT_GlobalItems_04_Epic,100.0,5045.0,1.9822,ID_Med_Antidote_Heavy,Mother’s Blood,Rarity.Epic
LIT_GlobalItems_04_Epic,100.0,5045.0,1.9822,ID_Med_Ampoule_Epic,Empusa's Tonic,Rarity.Epic
LIT_GlobalItems_04_Epic,100.0,5045.0,1.9822,ID_Key_U_Undercroft,Undercroft Key,Rarity.Epic
LIT_GlobalItems_04_Epic,100.0,5045.0,1.9822,ID_Key_U_ThePit,The Pit Key,Rarity.Epic
LIT_GlobalItems_04_Epic,100.0,5045.0,1.9822,ID_Key_U_JacquesFolly,Jacques Folly Key,Rarity.Epic
LIT_GlobalItems_04_Epic,100.0,5045.0,1.9822,ID_Herb_04_Fungi,Medicinal Fungi,Rarity.Epic
LIT_GlobalItems_04_Epic,100.0,5045.0,1.9822,ID_Epic_WoolBlanket,Wool Blanket,Rarity.Epic
LIT_GlobalItems_04_Epic,100.0,5045.0,1.9822,ID_Epic_Wool,Wool,Rarity.Epic
LIT_GlobalItems_04_Epic,100.0,5045.0,1.9822,ID_Epic_WhitePearl,White Pearl,Rarity.Epic
LIT_GlobalItems_04_Epic,100.0,5045.0,1.9822,ID_Epic_UncutGems,Uncut Gems,Rarity.Epic
LIT_GlobalItems_04_Epic,100.0,5045.0,1.9822,ID_Epic_UncutDiamonds,Uncut Diamonds,Rarity.Epic
LIT_GlobalItems_04_Epic,100.0,5045.0,1.9822,ID_Epic_Tortoiseshell,Tortoise Shell,Rarity.Epic
LIT_GlobalItems_04_Epic,100.0,5045.0,1.9822,ID_Epic_TailHair,Tail Hair,Rarity.Epic
LIT_GlobalItems_04_Epic,100.0,5045.0,1.9822,ID_Epic_Serpentstone,Serpentstone,Rarity.Epic
LIT_GlobalItems_04_Epic,100.0,5045.0,1.9822,ID_Epic_RosaryBeads,Rosary Beads,Rarity.Epic
LIT_GlobalItems_04_Epic,100.0,5045.0,1.9822,ID_Epic_RomaniTreads,Romani Treads,Rarity.Epic
LIT_GlobalItems_04_Epic,100.0,5045.0,1.9822,ID_Epic_PureHoney,Pure Honey,Rarity.Epic
LIT_GlobalItems_04_Epic,100.0,5045.0,1.9822,ID_Epic_Poison,Arsenic,Rarity.Epic
LIT_GlobalItems_04_Epic,100.0,5045.0,1.9822,ID_Epic_Pinchbeck,Pinchbeck,Rarity.Epic
LIT_GlobalItems_04_Epic,100.0,5045.0,1.9822,ID_Epic_OreSilver,Silver Ore,Rarity.Epic
LIT_GlobalItems_04_Epic,100.0,5045.0,1.9822,ID_Epic_OpiumPipe,Opium Pipe,Rarity.Epic
LIT_GlobalItems_04_Epic,100.0,5045.0,1.9822,ID_Epic_OiledSpring,Oiled Spring,Rarity.Epic
LIT_GlobalItems_04_Epic,100.0,5045.0,1.9822,ID_Epic_OakGall,Oak Gall,Rarity.Epic
LIT_GlobalItems_04_Epic,100.0,5045.0,1.9822,ID_Epic_LadiesGirdle,Ladies Girdle,Rarity.Epic
LIT_GlobalItems_04_Epic,100.0,5045.0,1.9822,ID_Epic_JewelleryBox_Silver,Sealed Silver Reliquary,Rarity.Epic
LIT_GlobalItems_04_Epic,100.0,5045.0,1.9822,ID_Epic_IvoryTusk,Ivory Tusk,Rarity.Epic
LIT_GlobalItems_04_Epic,100.0,5045.0,1.9822,ID_Epic_IntactFemur,Intact Femur,Rarity.Epic
LIT_GlobalItems_04_Epic,100.0,5045.0,1.9822,ID_Epic_Hartwood,Hartwood,Rarity.Epic
LIT_GlobalItems_04_Epic,100.0,5045.0,1.9822,ID_Epic_Gunblue,Gunblue,Rarity.Epic
LIT_GlobalItems_04_Epic,100.0,5045.0,1.9822,ID_Epic_GlassVial,Glass Vial,Rarity.Epic
LIT_GlobalItems_04_Epic,100.0,5045.0,1.9822,ID_Epic_FrayingTaffetaWaistcoat,Fraying Taffeta Waistcoat,Rarity.Epic
LIT_GlobalItems_04_Epic,100.0,5045.0,1.9822,ID_Epic_FineFile,Fine File,Rarity.Epic
LIT_GlobalItems_04_Epic,100.0,5045.0,1.9822,ID_Epic_FancySilverPlaque,Fancy Silver Plaque,Rarity.Epic
LIT_GlobalItems_04_Epic,100.0,5045.0,1.9822,ID_Epic_Ebony,Ebony,Rarity.Epic
LIT_GlobalItems_04_Epic,100.0,5045.0,1.9822,ID_Epic_DirtyBrocadeDress,Dirty Brocade Dress,Rarity.Epic
LIT_GlobalItems_04_Epic,100.0,5045.0,1.9822,ID_Epic_ConvexGlass,Convex Glass,Rarity.Epic
LIT_GlobalItems_04_Epic,100.0,5045.0,1.9822,ID_Epic_ChinaGravyboat,Tianlong Gravy Boat,Rarity.Epic
LIT_GlobalItems_04_Epic,100.0,5045.0,1.9822,ID_Epic_ChinaBowl,China Bowl,Rarity.Epic
LIT_GlobalItems_04_Epic,100.0,5045.0,1.9822,ID_Epic_CashmereShawl,Cashmere Shawl,Rarity.Epic
LIT_GlobalItems_04_Epic,100.0,5045.0,1.9822,ID_Epic_Bloodstone,Bloodstone,Rarity.Epic
LIT_GlobalItems_04_Epic,100.0,5045.0,1.9822,ID_Epic_Baleen,Baleen,Rarity.Epic
LIT_GlobalItems_04_Epic,100.0,5045.0,1.9822,ID_Epic_AmberPearl,Amber Pearl,Rarity.Epic
LIT_GlobalItems_04_Epic,100.0,5045.0,1.9822,ID_ArmorPatch_Epic,Steel Armour Plate,Rarity.Epic
LIT_GlobalItems_04_Epic,50.0,5045.0,0.9911,ID_Spice_04_SaffronThreads,Saffron Threads,Rarity.Epic
LIT_GlobalItems_04_Epic,50.0,5045.0,0.9911,ID_Key_Gold,Gold Key,Rarity.Epic
LIT_GlobalItems_04_Epic,50.0,5045.0,0.9911,ID_Herb_04_FungalUnguent,Fungal Unguent,Rarity.Epic
LIT_GlobalItems_04_Epic,50.0,5045.0,0.9911,ID_Epic_SilverBar,Silver Bar,Rarity.Epic
LIT_GlobalItems_04_Epic,50.0,5045.0,0.9911,ID_Epic_ChromaticLens,Chromatic Lens,Rarity.Epic
LIT_GlobalItems_04_Epic,50.0,5045.0,0.9911,ID_Epic_BoltOfFineWool,Bolt of Fine Wool,Rarity.Epic
LIT_GlobalItems_04_Epic,50.0,5045.0,0.9911,ID_Common_LockspringSteel,Lockspring Steel,Rarity.Epic
LIT_GlobalItems_04_Epic,50.0,5045.0,0.9911,ID_Armor_Leg_Epic01,Black Dragoon Greaves,Rarity.Epic
LIT_GlobalItems_04_Epic,50.0,5045.0,0.9911,ID_Armor_Head_Epic01,Black Dragoon Helmet,Rarity.Epic
LIT_GlobalItems_04_Epic,50.0,5045.0,0.9911,ID_Armor_Chest_Epic01,Black Dragoon Cuirass,Rarity.Epic
LIT_GlobalItems_04_Epic,25.0,5045.0,0.4955,ID_Tools_Epic_Repair01,Delicate Tongs,Rarity.Epic
LIT_GlobalItems_04_Epic,25.0,5045.0,0.4955,ID_Med_Epic07,Scarlet Return,Rarity.Epic
LIT_GlobalItems_04_Epic,15.0,5045.0,0.2973,ID_HipBag_Epic03,Miser's Purse,Rarity.Epic
LIT_GlobalItems_04_Epic,15.0,5045.0,0.2973,ID_HipBag_Epic02,Butterfly Cannister,Rarity.Epic
LIT_GlobalItems_04_Epic,15.0,5045.0,0.2973,ID_HipBag_Epic01,Case of the Old Guard,Rarity.Epic
LIT_GlobalItems_04_Epic,10.0,5045.0,0.1982,ID_BackBag_Epic02,Bag of Maratha,Rarity.Epic
LIT_GlobalItems_04_Epic,10.0,5045.0,0.1982,ID_BackBag_Epic01,Trevallion's Valise,Rarity.Epic
LIT_GlobalItems_04_Epic,5.0,5045.0,0.0991,ID_WeaponBag_Epic01,Boutet's Riflecase,Rarity.Epic
LIT_GlobalItems_04_Epic,4.0,5045.0,0.0793,ID_Weap_Pistol_Epic03,Marengo,Rarity.Epic
LIT_GlobalItems_04_Epic,4.0,5045.0,0.0793,ID_Weap_Pistol_Epic02,Borodino,Rarity.Epic
LIT_GlobalItems_04_Epic,4.0,5045.0,0.0793,ID_Weap_Pistol_Epic01,Morgan,Rarity.Epic
LIT_GlobalItems_04_Epic,4.0,5045.0,0.0793,ID_Weap_1HMelee_Epic01,Sabre,Rarity.Epic
LIT_GlobalItems_04_Epic,2.0,5045.0,0.0396,ID_Weap_Rifle_Epic02,Lasher,Rarity.Epic
LIT_GlobalItems_04_Epic,2.0,5045.0,0.0396,ID_Weap_Rifle_Epic01,Lionne,Rarity.Epic
LIT_GlobalItems_04_Epic,2.0,5045.0,0.0396,ID_Weap_2HMelee_Epic02,Halberd,Rarity.Epic
LIT_GlobalItems_04_Epic,1.0,5045.0,0.0198,ID_Rec_Weap_Spear,Metallurgist Recipe - Spear,Rarity.Epic
LIT_GlobalItems_04_Epic,1.0,5045.0,0.0198,ID_Money_Gold,Gold Coin,Rarity.Epic
LIT_GlobalItems_04_Epic,1.0,5045.0,0.0198,ID_Lockbox_Epic01,Silver Pocket,Rarity.Epic
LIT_GlobalItems_03_Rare,100.0,5737.0,1.7431,ID_Spice_03_CinnamonBark,Cinnamon Bark,Rarity.Rare
LIT_GlobalItems_03_Rare,100.0,5737.0,1.7431,ID_Rare_Windfall,Windfall,Rarity.Rare
LIT_GlobalItems_03_Rare,100.0,5737.0,1.7431,ID_Rare_WillowBark,Willow Bark,Rarity.Rare
LIT_GlobalItems_03_Rare,100.0,5737.0,1.7431,ID_Rare_WhaleOil,Whale Oil,Rarity.Rare
LIT_GlobalItems_03_Rare,100.0,5737.0,1.7431,ID_Rare_TornDamask,Torn Damask,Rarity.Rare
LIT_GlobalItems_03_Rare,100.0,5737.0,1.7431,ID_Rare_Steelband,Steelband,Rarity.Rare
LIT_GlobalItems_03_Rare,100.0,5737.0,1.7431,ID_Rare_Smokesilver,Smokesilver,Rarity.Rare
LIT_GlobalItems_03_Rare,100.0,5737.0,1.7431,ID_Rare_SinewString,Sinew String,Rarity.Rare
LIT_GlobalItems_03_Rare,100.0,5737.0,1.7431,ID_Rare_SilverDish,Silver Dish,Rarity.Rare
LIT_GlobalItems_03_Rare,100.0,5737.0,1.7431,ID_Rare_SilverCandlestickLarge,Large Silver Candlestick,Rarity.Epic
LIT_GlobalItems_03_Rare,100.0,5737.0,1.7431,ID_Rare_SilverCandlestick,Silver Candlestick,Rarity.Rare
LIT_GlobalItems_03_Rare,100.0,5737.0,1.7431,ID_Rare_ShinyBuckle,Shiny Buckle,Rarity.Rare
LIT_GlobalItems_03_Rare,100.0,5737.0,1.7431,ID_Rare_Shellac,Shellac,Rarity.Rare
LIT_GlobalItems_03_Rare,100.0,5737.0,1.7431,ID_Rare_RefinedTobacco,Refined Tobacco,Rarity.Rare
LIT_GlobalItems_03_Rare,100.0,5737.0,1.7431,ID_Rare_PumiceStone,Pumice Stone,Rarity.Rare
LIT_GlobalItems_03_Rare,100.0,5737.0,1.7431,ID_Rare_PolishedRod,Polished Rod,Rarity.Epic
LIT_GlobalItems_03_Rare,100.0,5737.0,1.7431,ID_Rare_PolishedHandle,Polished Handle,Rarity.Rare
LIT_GlobalItems_03_Rare,100.0,5737.0,1.7431,ID_Rare_Pickaxe,Pickaxe,Rarity.Rare
LIT_GlobalItems_03_Rare,100.0,5737.0,1.7431,ID_Rare_Pestle,Pestle,Rarity.Rare
LIT_GlobalItems_03_Rare,100.0,5737.0,1.7431,ID_Rare_OxliverOil,Oxliver Oil,Rarity.Rare
LIT_GlobalItems_03_Rare,100.0,5737.0,1.7431,ID_Rare_OrnateCushion,Ornate Cushion,Rarity.Rare
LIT_GlobalItems_03_Rare,100.0,5737.0,1.7431,ID_Rare_Opium,Opium,Rarity.Rare
LIT_GlobalItems_03_Rare,100.0,5737.0,1.7431,ID_Rare_NacreButton,Nacre Button,Rarity.Rare
LIT_GlobalItems_03_Rare,100.0,5737.0,1.7431,ID_Rare_Mortar,Mortar,Rarity.Rare
LIT_GlobalItems_03_Rare,100.0,5737.0,1.7431,ID_Rare_MarchingDrum,Marching Drum,Rarity.Rare
LIT_GlobalItems_03_Rare,100.0,5737.0,1.7431,ID_Rare_LeatherTrimmings,Leather Trimmings,Rarity.Rare
LIT_GlobalItems_03_Rare,100.0,5737.0,1.7431,ID_Rare_LeatherTrimmings,Leather Trimmings,Rarity.Rare
LIT_GlobalItems_03_Rare,100.0,5737.0,1.7431,ID_Rare_IronOre,Iron Ore,Rarity.Rare
LIT_GlobalItems_03_Rare,100.0,5737.0,1.7431,ID_Rare_IronHoldfast,Iron Holdfast,Rarity.Rare
LIT_GlobalItems_03_Rare,100.0,5737.0,1.7431,ID_Rare_IronBar,Iron Bar,Rarity.Rare
LIT_GlobalItems_03_Rare,100.0,5737.0,1.7431,ID_Rare_Hornbeam,Hornbeam,Rarity.Rare
LIT_GlobalItems_03_Rare,100.0,5737.0,1.7431,ID_Rare_Hartshorn,Hartshorn,Rarity.Rare
LIT_GlobalItems_03_Rare,100.0,5737.0,1.7431,ID_Rare_GildedTassels,Gilded Tassels,Rarity.Rare
LIT_GlobalItems_03_Rare,100.0,5737.0,1.7431,ID_Rare_DelicateChain,Delicate Chain,Rarity.Rare
LIT_GlobalItems_03_Rare,100.0,5737.0,1.7431,ID_Rare_CottonBedSheets,Cotton Bed Sheets,Rarity.Rare
LIT_GlobalItems_03_Rare,100.0,5737.0,1.7431,ID_Rare_Cotton,Cotton,Rarity.Rare
LIT_GlobalItems_03_Rare,100.0,5737.0,1.7431,ID_Rare_ColdIron,Cold Iron,Rarity.Rare
LIT_GlobalItems_03_Rare,100.0,5737.0,1.7431,ID_Rare_Cochineal,Cochineal,Rarity.Rare
LIT_GlobalItems_03_Rare,100.0,5737.0,1.7431,ID_Rare_CalfskinBoots,Calfskin Boots,Rarity.Rare
LIT_GlobalItems_03_Rare,100.0,5737.0,1.7431,ID_Rare_BurrWalnut,Burr Walnut,Rarity.Rare
LIT_GlobalItems_03_Rare,100.0,5737.0,1.7431,ID_Rare_BlacksmithsTongs,Blacksmith's Tongs,Rarity.Rare
LIT_GlobalItems_03_Rare,100.0,5737.0,1.7431,ID_Rare_Blacksand,Blacksand,Rarity.Rare
LIT_GlobalItems_03_Rare,100.0,5737.0,1.7431,ID_Rare_BlackenedStriker,Blackened Striker,Rarity.Rare
LIT_GlobalItems_03_Rare,100.0,5737.0,1.7431,ID_Med_Antidote_Medium,Robust Antidote,Rarity.Rare
LIT_GlobalItems_03_Rare,100.0,5737.0,1.7431,ID_Med_Ampoule_Rare,Robust Ampoule,Rarity.Rare
LIT_GlobalItems_03_Rare,100.0,5737.0,1.7431,ID_Herb_Marjoram,Marjoram,Rarity.Rare
LIT_GlobalItems_03_Rare,100.0,5737.0,1.7431,ID_Herb_Chives,Chives,Rarity.Rare
LIT_GlobalItems_03_Rare,100.0,5737.0,1.7431,ID_Herb_03_PinkYarrow,Yarrow,Rarity.Rare
LIT_GlobalItems_03_Rare,100.0,5737.0,1.7431,ID_ArmorPatch_Rare,Ceramic Armour Plate,Rarity.Rare
LIT_GlobalItems_03_Rare,100.0,5737.0,1.7431,ID_Ammunition_04_Refined,Refined Ammunition,Rarity.Epic
LIT_GlobalItems_03_Rare,100.0,5737.0,1.7431,ID_Ammunition_03_Heavy,Heavy Ammunition,Rarity.Rare
LIT_GlobalItems_03_Rare,75.0,5737.0,1.3073,ID_Key_Silver,Silver Key,Rarity.Rare
LIT_GlobalItems_03_Rare,50.0,5737.0,0.8715,ID_Spice_03_FineCinnamon,Fine Cinnamon,Rarity.Rare
LIT_GlobalItems_03_Rare,50.0,5737.0,0.8715,ID_Rare_PolishedFiringPin,Polished Firing Pin,Rarity.Rare
LIT_GlobalItems_03_Rare,50.0,5737.0,0.8715,ID_Rare_JewelleryBox_Bronze,Sealed Bronze Reliquary,Rarity.Rare
LIT_GlobalItems_03_Rare,50.0,5737.0,0.8715,ID_Rare_BoltOfCottonCloth,Bolt of Cotton Cloth,Rarity.Rare
LIT_GlobalItems_03_Rare,50.0,5737.0,0.8715,ID_Rare_Ambergris,Ambergris,Rarity.Rare
LIT_GlobalItems_03_Rare,50.0,5737.0,0.8715,ID_Herb_03_PinkYarrowDust,Yarrow Dust,Rarity.Rare
LIT_GlobalItems_03_Rare,50.0,5737.0,0.8715,ID_Armor_Leg_Rare01,Sapper's Greaves,Rarity.Rare
LIT_GlobalItems_03_Rare,50.0,5737.0,0.8715,ID_Armor_Head_Rare01,Sapper's Helmet,Rarity.Rare
LIT_GlobalItems_03_Rare,50.0,5737.0,0.8715,ID_Armor_Chest_Rare01,Sapper's Cuirass,Rarity.Rare
LIT_GlobalItems_03_Rare,25.0,5737.0,0.4358,ID_Tools_Rare_Repair01,Machinist Tongs,Rarity.Rare
LIT_GlobalItems_03_Rare,25.0,5737.0,0.4358,ID_Med_Rare04,Pressurised Bloodbag,Rarity.Rare
LIT_GlobalItems_03_Rare,15.0,5737.0,0.2615,ID_HipBag_Rare01,Grubber's Purse,Rarity.Rare
LIT_GlobalItems_03_Rare,10.0,5737.0,0.1743,ID_BackBag_Rare02,Grenadier's Battlepack,Rarity.Rare
LIT_GlobalItems_03_Rare,10.0,5737.0,0.1743,ID_BackBag_Rare01,Ludwig's Drumcase,Rarity.Rare
LIT_GlobalItems_03_Rare,5.0,5737.0,0.0872,ID_WeaponBag_Rare01,Hunting Sling,Rarity.Rare
LIT_GlobalItems_03_Rare,4.0,5737.0,0.0697,ID_Weap_Pistol_Rare02,Cavalier,Rarity.Rare
LIT_GlobalItems_03_Rare,4.0,5737.0,0.0697,ID_Weap_Pistol_Rare01,Deux,Rarity.Rare
LIT_GlobalItems_03_Rare,4.0,5737.0,0.0697,ID_Weap_1HMelee_Rare01,Rapier,Rarity.Rare
LIT_GlobalItems_03_Rare,2.0,5737.0,0.0349,ID_Weap_Rifle_Rare02,Kompas,Rarity.Rare
LIT_GlobalItems_03_Rare,2.0,5737.0,0.0349,ID_Weap_Rifle_Rare01,Vepr,Rarity.Rare
LIT_GlobalItems_03_Rare,2.0,5737.0,0.0349,ID_Weap_2HMelee_Rare01,Spear,Rarity.Rare
LIT_GlobalItems_03_Rare,1.0,5737.0,0.0174,ID_Rec_Weap_Louisville,Gunsmith Recipe - Louisville,Rarity.Rare
LIT_GlobalItems_03_Rare,1.0,5737.0,0.0174,ID_Rec_Weap_Longsword,Metallurgist Recipe - Longsword,Rarity.Rare
LIT_GlobalItems_03_Rare,1.0,5737.0,0.0174,ID_Rec_Weap_Longboy,Gunsmith Recipe - Longboy,Rarity.Uncommon
LIT_GlobalItems_03_Rare,1.0,5737.0,0.0174,ID_Money_Copper,Copper Coin,Rarity.Uncommon
LIT_GlobalItems_02_Uncommon,100.0,6374.0,1.5689,ID_Uncommon_WalnutHusk,Walnut Husk,Rarity.Uncommon
LIT_GlobalItems_02_Uncommon,100.0,6374.0,1.5689,ID_Uncommon_ToyDoll,Toy Doll,Rarity.Uncommon
LIT_GlobalItems_02_Uncommon,100.0,6374.0,1.5689,ID_Uncommon_TentPeg,Tent Peg,Rarity.Uncommon
LIT_GlobalItems_02_Uncommon,100.0,6374.0,1.5689,ID_Uncommon_TarnishedSpoon,Tarnished Spoon,Rarity.Uncommon
LIT_GlobalItems_02_Uncommon,100.0,6374.0,1.5689,ID_Uncommon_TannedHide,Tanned Hide,Rarity.Uncommon
LIT_GlobalItems_02_Uncommon,100.0,6374.0,1.5689,ID_Uncommon_SturdyAxeHandle,Sturdy Axe Handle,Rarity.Rare
LIT_GlobalItems_02_Uncommon,100.0,6374.0,1.5689,ID_Uncommon_SilverCandleHolder,Silver Candleholder,Rarity.Uncommon
LIT_GlobalItems_02_Uncommon,100.0,6374.0,1.5689,ID_Uncommon_SilverCandleHolder,Silver Candleholder,Rarity.Uncommon
LIT_GlobalItems_02_Uncommon,100.0,6374.0,1.5689,ID_Uncommon_Rottenstone,Rottenstone,Rarity.Uncommon
LIT_GlobalItems_02_Uncommon,100.0,6374.0,1.5689,ID_Uncommon_ReinforcedGarter,Reinforced Garter,Rarity.Uncommon
LIT_GlobalItems_02_Uncommon,100.0,6374.0,1.5689,ID_Uncommon_RedOchre,Red Ochre,Rarity.Uncommon
LIT_GlobalItems_02_Uncommon,100.0,6374.0,1.5689,ID_Uncommon_RamsHorn,Ram’s Horn,Rarity.Uncommon
LIT_GlobalItems_02_Uncommon,100.0,6374.0,1.5689,ID_Uncommon_PreciousBox,Precious Box,Rarity.Uncommon
LIT_GlobalItems_02_Uncommon,100.0,6374.0,1.5689,ID_Uncommon_PowderTin,Powder Tin,Rarity.Uncommon
LIT_GlobalItems_02_Uncommon,100.0,6374.0,1.5689,ID_Uncommon_Pitch,Pitch,Rarity.Uncommon
LIT_GlobalItems_02_Uncommon,100.0,6374.0,1.5689,ID_Uncommon_PineRosin,Pine Rosin,Rarity.Uncommon
LIT_GlobalItems_02_Uncommon,100.0,6374.0,1.5689,ID_Uncommon_Pewterhead,Pewterhead,Rarity.Uncommon
LIT_GlobalItems_02_Uncommon,100.0,6374.0,1.5689,ID_Uncommon_PewterBowl,Pewter Bowl,Rarity.Uncommon
LIT_GlobalItems_02_Uncommon,100.0,6374.0,1.5689,ID_Uncommon_MadderRoot,Madder Root,Rarity.Uncommon
LIT_GlobalItems_02_Uncommon,100.0,6374.0,1.5689,ID_Uncommon_LyeCrumble,Lye Crumble,Rarity.Uncommon
LIT_GlobalItems_02_Uncommon,100.0,6374.0,1.5689,ID_Uncommon_LodestoneSlag,Lodestone Slag,Rarity.Uncommon
LIT_GlobalItems_02_Uncommon,100.0,6374.0,1.5689,ID_Uncommon_LinseedOil,Linseed Oil,Rarity.Uncommon
LIT_GlobalItems_02_Uncommon,100.0,6374.0,1.5689,ID_Uncommon_Linen,Linen,Rarity.Uncommon
LIT_GlobalItems_02_Uncommon,100.0,6374.0,1.5689,ID_Uncommon_LimeSlag,Lime Slag,Rarity.Uncommon
LIT_GlobalItems_02_Uncommon,100.0,6374.0,1.5689,ID_Uncommon_LeatherBoots,Marching Boots,Rarity.Uncommon
LIT_GlobalItems_02_Uncommon,100.0,6374.0,1.5689,ID_Uncommon_Lambgut,Lambgut,Rarity.Uncommon
LIT_GlobalItems_02_Uncommon,100.0,6374.0,1.5689,ID_Uncommon_IronFile,Iron File,Rarity.Uncommon
LIT_GlobalItems_02_Uncommon,100.0,6374.0,1.5689,ID_Uncommon_IntactLeatherGasket,Intact Leather Gasket,Rarity.Uncommon
LIT_GlobalItems_02_Uncommon,100.0,6374.0,1.5689,ID_Uncommon_IndigoFlakes,Indigo Flakes,Rarity.Uncommon
LIT_GlobalItems_02_Uncommon,100.0,6374.0,1.5689,ID_Uncommon_GristleWax,Gristle Wax,Rarity.Uncommon
LIT_GlobalItems_02_Uncommon,100.0,6374.0,1.5689,ID_Uncommon_GrapeMust,Grape Must,Rarity.Uncommon
LIT_GlobalItems_02_Uncommon,100.0,6374.0,1.5689,ID_Uncommon_FineSand,Fine Sand,Rarity.Uncommon
LIT_GlobalItems_02_Uncommon,100.0,6374.0,1.5689,ID_Uncommon_Feverfew,Feverfew,Rarity.Uncommon
LIT_GlobalItems_02_Uncommon,100.0,6374.0,1.5689,ID_Uncommon_DistilledWater,Distilled Water,Rarity.Uncommon
LIT_GlobalItems_02_Uncommon,100.0,6374.0,1.5689,ID_Uncommon_DankTobacco,Dank Tobacco,Rarity.Uncommon
LIT_GlobalItems_02_Uncommon,100.0,6374.0,1.5689,ID_Uncommon_CopperOre,Copper Ore,Rarity.Uncommon
LIT_GlobalItems_02_Uncommon,100.0,6374.0,1.5689,ID_Uncommon_CoatToggle,Coat Toggle,Rarity.Uncommon
LIT_GlobalItems_02_Uncommon,100.0,6374.0,1.5689,ID_Uncommon_Charcoal,Charcoal,Rarity.Uncommon
LIT_GlobalItems_02_Uncommon,100.0,6374.0,1.5689,ID_Uncommon_BrinedFlesh,Brined Flesh,Rarity.Uncommon
LIT_GlobalItems_02_Uncommon,100.0,6374.0,1.5689,ID_Uncommon_Bezoar,Bezoar,Rarity.Uncommon
LIT_GlobalItems_02_Uncommon,100.0,6374.0,1.5689,ID_Uncommon_BeltStrap,Belt Strap,Rarity.Uncommon
LIT_GlobalItems_02_Uncommon,100.0,6374.0,1.5689,ID_Uncommon_Beeswax,Beeswax,Rarity.Uncommon
LIT_GlobalItems_02_Uncommon,100.0,6374.0,1.5689,ID_Uncommon_Amber,Amber,Rarity.Uncommon
LIT_GlobalItems_02_Uncommon,100.0,6374.0,1.5689,ID_Spice_02_CloveBud,Clove Bud,Rarity.Uncommon
LIT_GlobalItems_02_Uncommon,100.0,6374.0,1.5689,ID_Med_Ampoule_Uncommon,Basic Ampoule,Rarity.Uncommon
LIT_GlobalItems_02_Uncommon,100.0,6374.0,1.5689,ID_Mech_02_LeverArm,Lever Arm,Rarity.Uncommon
LIT_GlobalItems_02_Uncommon,100.0,6374.0,1.5689,ID_Lore_Uncommon_Note10,Flax Along the Rivers,Rarity.Uncommon
LIT_GlobalItems_02_Uncommon,100.0,6374.0,1.5689,ID_Lore_Uncommon_Note09,Copper Deposits near Jacques Bridge,Rarity.Uncommon
LIT_GlobalItems_02_Uncommon,100.0,6374.0,1.5689,ID_Lore_Uncommon_Note08,Grotesquerie - Cherub,Rarity.Uncommon
LIT_GlobalItems_02_Uncommon,100.0,6374.0,1.5689,ID_Lore_Uncommon_Note07,Grotesquerie - Dreg,Rarity.Uncommon
LIT_GlobalItems_02_Uncommon,100.0,6374.0,1.5689,ID_Lore_Uncommon_Note06,Grotesquerie - Waif,Rarity.Uncommon
LIT_GlobalItems_02_Uncommon,100.0,6374.0,1.5689,ID_Key_Bronze,Bronze Key,Rarity.Uncommon
LIT_GlobalItems_02_Uncommon,100.0,6374.0,1.5689,ID_Herb_Tarragon,Tarragon,Rarity.Uncommon
LIT_GlobalItems_02_Uncommon,100.0,6374.0,1.5689,ID_Herb_Basil,Basil,Rarity.Uncommon
LIT_GlobalItems_02_Uncommon,100.0,6374.0,1.5689,ID_Herb_02_Rosemary,Rosemary,Rarity.Uncommon
LIT_GlobalItems_02_Uncommon,100.0,6374.0,1.5689,ID_Common_FreshEgg,Fresh Egg,Rarity.Uncommon
LIT_GlobalItems_02_Uncommon,100.0,6374.0,1.5689,ID_ArmorPatch_Uncommon,Leather Armour Plate,Rarity.Uncommon
LIT_GlobalItems_02_Uncommon,100.0,6374.0,1.5689,ID_Ammunition_02_Medium,Medium Ammunition,Rarity.Uncommon
LIT_GlobalItems_02_Uncommon,50.0,6374.0,0.7844,ID_Uncommon_ForgedTriggerArm,Tempered Trigger Arm,Rarity.Uncommon
LIT_GlobalItems_02_Uncommon,50.0,6374.0,0.7844,ID_Uncommon_Ferrite,Ferrite,Rarity.Uncommon
LIT_GlobalItems_02_Uncommon,50.0,6374.0,0.7844,ID_Uncommon_CopperBar,Copper Bar,Rarity.Uncommon
LIT_GlobalItems_02_Uncommon,50.0,6374.0,0.7844,ID_Uncommon_BoltOfLinenCloth,Bolt Of Linen Cloth,Rarity.Uncommon
LIT_GlobalItems_02_Uncommon,50.0,6374.0,0.7844,ID_Spice_02_OilOfClove,Oil of Clove,Rarity.Uncommon
LIT_GlobalItems_02_Uncommon,50.0,6374.0,0.7844,ID_Herb_02_DriedRosemary,Dried Rosemary,Rarity.Uncommon
LIT_GlobalItems_02_Uncommon,50.0,6374.0,0.7844,ID_Armor_Leg_Uncommon01,Leather Greaves,Rarity.Uncommon
LIT_GlobalItems_02_Uncommon,50.0,6374.0,0.7844,ID_Armor_Head_Uncommon01,Leather Helmet,Rarity.Uncommon
LIT_GlobalItems_02_Uncommon,25.0,6374.0,0.3922,ID_Tools_Uncommon_Repair01,Journeyman Tongs,Rarity.Uncommon
LIT_GlobalItems_02_Uncommon,25.0,6374.0,0.3922,ID_Med_Uncommon03,Sealed Bloodbag,Rarity.Uncommon
LIT_GlobalItems_02_Uncommon,25.0,6374.0,0.3922,ID_Armor_Chest_Uncommon01,Leather Cuirass,Rarity.Uncommon
LIT_GlobalItems_02_Uncommon,15.0,6374.0,0.2353,ID_HipBag_Uncommon03,Old Satchel,Rarity.Uncommon
LIT_GlobalItems_02_Uncommon,15.0,6374.0,0.2353,ID_HipBag_Uncommon02,Threshing Basket,Rarity.Uncommon
LIT_GlobalItems_02_Uncommon,15.0,6374.0,0.2353,ID_HipBag_Uncommon01,Ragged Sack,Rarity.Uncommon
LIT_GlobalItems_02_Uncommon,10.0,6374.0,0.1569,ID_BackBag_Uncommon03,Leather Barrel Bag,Rarity.Uncommon
LIT_GlobalItems_02_Uncommon,10.0,6374.0,0.1569,ID_BackBag_Uncommon02,Muriel's Box,Rarity.Uncommon
LIT_GlobalItems_02_Uncommon,10.0,6374.0,0.1569,ID_BackBag_Uncommon01,Burlap Haversack,Rarity.Uncommon
LIT_GlobalItems_02_Uncommon,5.0,6374.0,0.0784,ID_Money_Copper,Copper Coin,Rarity.Uncommon
LIT_GlobalItems_02_Uncommon,4.0,6374.0,0.0628,ID_Weap_Pistol_Uncommon01,Auster,Rarity.Uncommon
LIT_GlobalItems_02_Uncommon,4.0,6374.0,0.0628,ID_Weap_1HMelee_Uncommon02,Mace,Rarity.Uncommon
LIT_GlobalItems_02_Uncommon,4.0,6374.0,0.0628,ID_Weap_1HMelee_Uncommon01,Short Sword,Rarity.Uncommon
LIT_GlobalItems_02_Uncommon,2.0,6374.0,0.0314,ID_Weap_Rifle_Uncommon02,Volant,Rarity.Uncommon
LIT_GlobalItems_02_Uncommon,2.0,6374.0,0.0314,ID_Weap_Rifle_Uncommon01,Louisville,Rarity.Uncommon
LIT_GlobalItems_02_Uncommon,2.0,6374.0,0.0314,ID_Weap_2HMelee_Uncommon01,Longsword,Rarity.Uncommon
LIT_GlobalItems_02_Uncommon,1.0,6374.0,0.0157,ID_Rec_Weap_Club,Metallurgist Recipe - Club,Rarity.Uncommon
LIT_GlobalItems_01_Common,100.0,7266.0,1.3763,ID_Spice_01_GarlicBulb,Garlic Bulb,
LIT_GlobalItems_01_Common,100.0,7266.0,1.3763,ID_Med_Ampoule_Common,Crude Ampoule ,
LIT_GlobalItems_01_Common,100.0,7266.0,1.3763,ID_Lore_Common_Note10,Lead Discovered Near Jacques Bridge,Rarity.Uncommon
LIT_GlobalItems_01_Common,100.0,7266.0,1.3763,ID_Lore_Common_Note09,Copper in the Sombre Forest Region,Rarity.Uncommon
LIT_GlobalItems_01_Common,100.0,7266.0,1.3763,ID_Herb_Chervil,Chervil,
LIT_GlobalItems_01_Common,100.0,7266.0,1.3763,ID_Herb_01_Lavender,Lavender,
LIT_GlobalItems_01_Common,100.0,7266.0,1.3763,ID_Drink_Common02,Tavern Wine,
LIT_GlobalItems_01_Common,100.0,7266.0,1.3763,ID_Common_WoodenFork,Wooden Fork,
LIT_GlobalItems_01_Common,100.0,7266.0,1.3763,ID_Common_Woodchips,Woodchips,
LIT_GlobalItems_01_Common,100.0,7266.0,1.3763,ID_Common_Whetstone,Whetstone,
LIT_GlobalItems_01_Common,100.0,7266.0,1.3763,ID_Common_TwineBall,Twine Ball,
LIT_GlobalItems_01_Common,100.0,7266.0,1.3763,ID_Common_ThickBranch,Thick Branch,
LIT_GlobalItems_01_Common,100.0,7266.0,1.3763,ID_Common_TallowBalm,Tallow Balm,
LIT_GlobalItems_01_Common,100.0,7266.0,1.3763,ID_Common_StalePiss,Stale Piss,
LIT_GlobalItems_01_Common,100.0,7266.0,1.3763,ID_Common_SpindlePulley,Spindle Pulley,
LIT_GlobalItems_01_Common,100.0,7266.0,1.3763,ID_Common_Sootblack,Sootblack,
LIT_GlobalItems_01_Common,100.0,7266.0,1.3763,ID_Common_SeamstressNeedle,Seamstress Needle,
LIT_GlobalItems_01_Common,100.0,7266.0,1.3763,ID_Common_SeaSalt,Sea Salt,
LIT_GlobalItems_01_Common,100.0,7266.0,1.3763,ID_Common_Saltpetre,Saltpetre,
LIT_GlobalItems_01_Common,100.0,7266.0,1.3763,ID_Common_Rye,Rye,
LIT_GlobalItems_01_Common,100.0,7266.0,1.3763,ID_Common_RustedKeyring,Rusted Keyring,
LIT_GlobalItems_01_Common,100.0,7266.0,1.3763,ID_Common_RottenEgg,Rotten Egg,
LIT_GlobalItems_01_Common,100.0,7266.0,1.3763,ID_Common_PineOil,Pine Oil,
LIT_GlobalItems_01_Common,100.0,7266.0,1.3763,ID_Common_OrangeClay,Orange Clay,
LIT_GlobalItems_01_Common,100.0,7266.0,1.3763,ID_Common_OldRidingGlove,Old Riding Glove,
LIT_GlobalItems_01_Common,100.0,7266.0,1.3763,ID_Common_OldRidingGlove,Old Riding Glove,
LIT_GlobalItems_01_Common,100.0,7266.0,1.3763,ID_Common_OldHorseshoe,Old Horseshoe,
LIT_GlobalItems_01_Common,100.0,7266.0,1.3763,ID_Common_OldHorsehairBrush,Old Horsehair Brush,
LIT_GlobalItems_01_Common,100.0,7266.0,1.3763,ID_Common_OldGunpowder,Old Gunpowder,
LIT_GlobalItems_01_Common,100.0,7266.0,1.3763,ID_Common_Nettlecloth,Nettlecloth,
LIT_GlobalItems_01_Common,100.0,7266.0,1.3763,ID_Common_MilkyGlass,Milky Glass,
LIT_GlobalItems_01_Common,100.0,7266.0,1.3763,ID_Common_MilkingPail,Milking Pail,
LIT_GlobalItems_01_Common,100.0,7266.0,1.3763,ID_Common_LemonPeel,Lemon Peel,
LIT_GlobalItems_01_Common,100.0,7266.0,1.3763,ID_Common_LeadOre,Lead Ore,
LIT_GlobalItems_01_Common,100.0,7266.0,1.3763,ID_Common_LatchHook,Latch Hook,
LIT_GlobalItems_01_Common,100.0,7266.0,1.3763,ID_Common_Lard,Lard,
LIT_GlobalItems_01_Common,100.0,7266.0,1.3763,ID_Common_JuteHat,Jute Hat,
LIT_GlobalItems_01_Common,100.0,7266.0,1.3763,ID_Common_IronPot,Iron Pot,
LIT_GlobalItems_01_Common,100.0,7266.0,1.3763,ID_Common_IronNails,Iron Nails,
LIT_GlobalItems_01_Common,100.0,7266.0,1.3763,ID_Common_IronJug,Iron Jug,
LIT_GlobalItems_01_Common,100.0,7266.0,1.3763,ID_Common_ImpeccableTwine,Impeccable Twine,
LIT_GlobalItems_01_Common,100.0,7266.0,1.3763,ID_Common_FreshGunpowder,Fresh Gunpowder,
LIT_GlobalItems_01_Common,100.0,7266.0,1.3763,ID_Common_Flour,Flour,
LIT_GlobalItems_01_Common,100.0,7266.0,1.3763,ID_Common_FilthyBritches,Filthy Britches,
LIT_GlobalItems_01_Common,100.0,7266.0,1.3763,ID_Common_DampRag,Damp Rag,
LIT_GlobalItems_01_Common,100.0,7266.0,1.3763,ID_Common_DamagedScrew,Damaged Screws,
LIT_GlobalItems_01_Common,100.0,7266.0,1.3763,ID_Common_CrustyFeces,Crusty Faeces,
LIT_GlobalItems_01_Common,100.0,7266.0,1.3763,ID_Common_CrudePreservingJar,Crude Preserving Jar,
LIT_GlobalItems_01_Common,100.0,7266.0,1.3763,ID_Common_CorkStopper,Cork Stopper,
LIT_GlobalItems_01_Common,100.0,7266.0,1.3763,ID_Common_CopperTwine,Copper Twine,
LIT_GlobalItems_01_Common,100.0,7266.0,1.3763,ID_Common_CoarseSand,Coarse Sand,
LIT_GlobalItems_01_Common,100.0,7266.0,1.3763,ID_Common_CoalTar,Coal Tar,
LIT_GlobalItems_01_Common,100.0,7266.0,1.3763,ID_Common_ChippedFlint,Chipped Flint,
LIT_GlobalItems_01_Common,100.0,7266.0,1.3763,ID_Common_Chalkstone,Chalkstone,
LIT_GlobalItems_01_Common,100.0,7266.0,1.3763,ID_Common_CarrionShank,Carrion Shank,
LIT_GlobalItems_01_Common,100.0,7266.0,1.3763,ID_Common_CanvasPatch,Canvas Patch,
LIT_GlobalItems_01_Common,100.0,7266.0,1.3763,ID_Common_CabinetHandle,Cabinet Handle,
LIT_GlobalItems_01_Common,100.0,7266.0,1.3763,ID_Common_Burlap,Burlap,
LIT_GlobalItems_01_Common,100.0,7266.0,1.3763,ID_Common_Brassplate,Brass Plate,
LIT_GlobalItems_01_Common,100.0,7266.0,1.3763,ID_Common_BoneChar,Bone Char,
LIT_GlobalItems_01_Common,100.0,7266.0,1.3763,ID_Common_BoiledLeather,Boiled Leather,
LIT_GlobalItems_01_Common,100.0,7266.0,1.3763,ID_Common_BogIron,Bog Iron,
LIT_GlobalItems_01_Common,100.0,7266.0,1.3763,ID_Common_BerryPaste,Berry Paste,
LIT_GlobalItems_01_Common,100.0,7266.0,1.3763,ID_Common_AshSolution,Ash Solution,
LIT_GlobalItems_01_Common,100.0,7266.0,1.3763,ID_Common_Apple,Fresh Apple,
LIT_GlobalItems_01_Common,100.0,7266.0,1.3763,ID_ArmorPatch_Common,Cloth Armour Plate,
LIT_GlobalItems_01_Common,100.0,7266.0,1.3763,ID_Ammunition_01_Crude,Crude Ammunition,
LIT_GlobalItems_01_Common,50.0,7266.0,0.6881,ID_Tools_Common_Repair01,Rusty Tongs,
LIT_GlobalItems_01_Common,50.0,7266.0,0.6881,ID_Spice_01_SourGarlic,Sour Garlic,
LIT_GlobalItems_01_Common,50.0,7266.0,0.6881,ID_Med_Common03,Crude Bloodbag,
LIT_GlobalItems_01_Common,50.0,7266.0,0.6881,ID_Herb_01_LavenderOil,Lavender Oil,
LIT_GlobalItems_01_Common,50.0,7266.0,0.6881,ID_Drink_Common02,Tavern Wine,
LIT_GlobalItems_01_Common,50.0,7266.0,0.6881,ID_Common_SharpScrews,Sharp Screws,
LIT_GlobalItems_01_Common,50.0,7266.0,0.6881,ID_Common_LeadBar,Lead Bar,
LIT_GlobalItems_01_Common,50.0,7266.0,0.6881,ID_Common_CopperFilament,Copper Filament,
LIT_GlobalItems_01_Common,50.0,7266.0,0.6881,ID_Common_BoltOfBurlapCloth,Bolt Of Burlap Cloth,
LIT_GlobalItems_01_Common,50.0,7266.0,0.6881,ID_Armor_Chest_Common01,Quilted Cuirass,
LIT_GlobalItems_01_Common,15.0,7266.0,0.2064,ID_HipBag_Common02,Rusty Bucket,
LIT_GlobalItems_01_Common,15.0,7266.0,0.2064,ID_HipBag_Common01,Moist Pouch,
LIT_GlobalItems_01_Common,10.0,7266.0,0.1376,ID_BackBag_Common02,Foraging Basket,
LIT_GlobalItems_01_Common,10.0,7266.0,0.1376,ID_BackBag_Common01,Damp Knapsack,
LIT_GlobalItems_01_Common,4.0,7266.0,0.0551,ID_Weap_Pistol_Common02,Longboy,
LIT_GlobalItems_01_Common,4.0,7266.0,0.0551,ID_Weap_Pistol_Common01,Snub,
LIT_GlobalItems_01_Common,4.0,7266.0,0.0551,ID_Weap_1HMelee_Common01,Dagger,
LIT_GlobalItems_01_Common,2.0,7266.0,0.0275,ID_Weap_Rifle_Common01,Brown Betty,
LIT_GlobalItems_01_Common,2.0,7266.0,0.0275,ID_Weap_2HMelee_Common01,Club,
LIT_Generic_01,100.0,568.0,17.6056,ID_Common_Woodchips,Woodchips,
LIT_Generic_01,100.0,568.0,17.6056,ID_Common_Flour,Flour,
LIT_Generic_01,100.0,568.0,17.6056,ID_Common_Apple,Fresh Apple,
LIT_Generic_01,20.0,568.0,3.5211,ID_Herb_01_LavenderOil,Lavender Oil,
LIT_Generic_01,20.0,568.0,3.5211,ID_Herb_01_Lavender,Lavender,
LIT_Generic_01,20.0,568.0,3.5211,ID_Food_Common05,Mouldy Baguette,
LIT_Generic_01,20.0,568.0,3.5211,ID_Food_Common04,Thin Gruel,
LIT_Generic_01,20.0,568.0,3.5211,ID_Food_Common03,Grey Ham,
LIT_Generic_01,20.0,568.0,3.5211,ID_Food_Common02,Cold Meat Pottage,
LIT_Generic_01,20.0,568.0,3.5211,ID_Food_Common01,Stewed Apple,
LIT_Generic_01,20.0,568.0,3.5211,ID_Drink_Common04,Spoiled Rum,
LIT_Generic_01,20.0,568.0,3.5211,ID_Drink_Common03,Thin Mead,
LIT_Generic_01,20.0,568.0,3.5211,ID_Drink_Common02,Tavern Wine,
LIT_Generic_01,20.0,568.0,3.5211,ID_Drink_Common01,Tepid Water,
LIT_Generic_01,10.0,568.0,1.7606,ID_Herb_02_Rosemary,Rosemary,Rarity.Uncommon
LIT_Generic_01,10.0,568.0,1.7606,ID_Herb_02_DriedRosemary,Dried Rosemary,Rarity.Uncommon
LIT_Generic_01,8.0,568.0,1.4085,ID_Herb_03_PinkYarrowDust,Yarrow Dust,Rarity.Rare
LIT_Generic_01,6.0,568.0,1.0563,ID_Herb_04_Fungi,Medicinal Fungi,Rarity.Epic
LIT_Generic_01,3.0,568.0,0.5282,ID_Money_Copper,Copper Coin,Rarity.Uncommon
LIT_Generic_01,3.0,568.0,0.5282,ID_Herb_04_FungalUnguent,Fungal Unguent,Rarity.Epic
LIT_Generic_01,2.0,568.0,0.3521,ID_Money_Silver,Silver Coin,Rarity.Rare
LIT_Generic_01,2.0,568.0,0.3521,ID_Herb_05_Poppy,Poppy,Rarity.Legendary
LIT_Generic_01,1.0,568.0,0.1761,ID_Money_Gold,Gold Coin,Rarity.Epic
LIT_Generic_01,1.0,568.0,0.1761,ID_HipBag_Common01,Moist Pouch,
LIT_Generic_01,1.0,568.0,0.1761,ID_Herb_05_MilkofPoppy,Milk of Poppy,Rarity.Legendary
LIT_Generic_01,1.0,568.0,0.1761,ID_BackBag_Common01,Damp Knapsack,
LIT_FreshBaguetteRecipe_Uncommon_Loose,70.0,100.0,70.0000,ID_Money_Copper,Copper Coin,Rarity.Uncommon
LIT_FreshBaguetteRecipe_Uncommon_Loose,15.0,100.0,15.0000,ID_Rec_Bread_Uncommon01,Cook Recipe - Fresh Baguette,Rarity.Rare
LIT_FreshBaguetteRecipe_Uncommon_Loose,15.0,100.0,15.0000,ID_Money_Silver,Silver Coin,Rarity.Rare
LIT_Food_All,100.0,393.30000000447035,25.4259,ID_Food_Common05,Mouldy Baguette,
LIT_Food_All,100.0,393.30000000447035,25.4259,ID_Food_Common04,Thin Gruel,
LIT_Food_All,100.0,393.30000000447035,25.4259,ID_Food_Common01,Stewed Apple,
LIT_Food_All,25.0,393.30000000447035,6.3565,ID_Food_Uncommon04,Fresh Baguette,Rarity.Uncommon
LIT_Food_All,25.0,393.30000000447035,6.3565,ID_Food_Uncommon03,Cabbage Soup,Rarity.Uncommon
LIT_Food_All,25.0,393.30000000447035,6.3565,ID_Food_Uncommon01,Jellied Apple,Rarity.Uncommon
LIT_Food_All,5.0,393.30000000447035,1.2713,ID_Food_Rare05,Fougasse Bread,Rarity.Rare
LIT_Food_All,5.0,393.30000000447035,1.2713,ID_Food_Rare04,Kedgeree,Rarity.Rare
LIT_Food_All,5.0,393.30000000447035,1.2713,ID_Food_Rare01,Apple Pie,Rarity.Rare
LIT_Food_All,1.0,393.30000000447035,0.2543,ID_Food_Epic03,Burgundy Ragout,Rarity.Epic
LIT_Food_All,1.0,393.30000000447035,0.2543,ID_Food_Epic02,Spiced Bread,Rarity.Epic
LIT_Food_All,1.0,393.30000000447035,0.2543,ID_Food_Epic01,Candied Apple,Rarity.Epic
LIT_Food_All,0.1,393.30000000447035,0.0254,ID_Food_Legendary03,Imperial Pot-au-Feu,Rarity.Legendary
LIT_Food_All,0.1,393.30000000447035,0.0254,ID_Food_Legendary02,Brioche,Rarity.Legendary
LIT_Food_All,0.1,393.30000000447035,0.0254,ID_Food_Legendary01,Tarte Tatin,Rarity.Legendary
LIT_Food,100.0,993.1000000014901,10.0695,ID_Common_WetCabbage,Wet Cabbage,
LIT_Food,100.0,993.1000000014901,10.0695,ID_Common_SproutingTuber,Sprouting Tuber,
LIT_Food,100.0,993.1000000014901,10.0695,ID_Common_SeaSalt,Sea Salt,
LIT_Food,100.0,993.1000000014901,10.0695,ID_Common_Lard,Lard,
LIT_Food,100.0,993.1000000014901,10.0695,ID_Common_CorkStopper,Cork Stopper,
LIT_Food,100.0,993.1000000014901,10.0695,ID_Common_CarrionShank,Carrion Shank,
LIT_Food,100.0,993.1000000014901,10.0695,ID_Common_BoneChar,Bone Char,
LIT_Food,100.0,993.1000000014901,10.0695,ID_Common_BoiledLeather,Boiled Leather,
LIT_Food,25.0,993.1000000014901,2.5174,ID_Uncommon_Lambgut,Lambgut,Rarity.Uncommon
LIT_Food,25.0,993.1000000014901,2.5174,ID_Uncommon_GristleWax,Gristle Wax,Rarity.Uncommon
LIT_Food,25.0,993.1000000014901,2.5174,ID_Uncommon_DistilledWater,Distilled Water,Rarity.Uncommon
LIT_Food,25.0,993.1000000014901,2.5174,ID_Uncommon_CrispCarrot,Crisp Carrot,Rarity.Uncommon
LIT_Food,25.0,993.1000000014901,2.5174,ID_Uncommon_Charcoal,Charcoal,Rarity.Uncommon
LIT_Food,25.0,993.1000000014901,2.5174,ID_Uncommon_BrinedFlesh,Brined Flesh,Rarity.Uncommon
LIT_Food,25.0,993.1000000014901,2.5174,ID_Herb_Basil,Basil,Rarity.Uncommon
LIT_Food,5.0,993.1000000014901,0.5035,ID_Rare_Windfall,Windfall,Rarity.Rare
LIT_Food,5.0,993.1000000014901,0.5035,ID_Rare_SunRipenedHaunch,Sun Ripened Haunch,Rarity.Rare
LIT_Food,5.0,993.1000000014901,0.5035,ID_Rare_BrownOnion,Brown Onion,Rarity.Rare
LIT_Food,1.0,993.1000000014901,0.1007,ID_Legendary_RoyalJelly,Royal Jelly,Rarity.Legendary
LIT_Food,1.0,993.1000000014901,0.1007,ID_Epic_RoueDeCantal,Roue De Cantal,Rarity.Epic
LIT_Food,1.0,993.1000000014901,0.1007,ID_Epic_DriedGrapes,Dried Grapes,Rarity.Epic
LIT_Food,0.1,993.1000000014901,0.0101,ID_Legendary_FoieGras,Foie Gras,Rarity.Legendary
LIT_FlourBag,200.0,525.0,38.0952,ID_Common_Flour,Flour,
LIT_FlourBag,100.0,525.0,19.0476,ID_Common_Woodchips,Woodchips,
LIT_FlourBag,100.0,525.0,19.0476,ID_Common_Rye,Rye,
LIT_FlourBag,100.0,525.0,19.0476,ID_Common_CoarseSand,Coarse Sand,
LIT_FlourBag,25.0,525.0,4.7619,ID_Uncommon_FineSand,Fine Sand,Rarity.Uncommon
LIT_FarmerDregUnique,100.0,100.0,100.0000,ID_Rec_C_Spear_Epic02,Peasant's Burden - Spear,Rarity.Epic
LIT_FargothStump,100.0,100.0,100.0000,ID_Fargoth,Gold Coin,Rarity.Epic
LIT_Epic_Weap_Rifles,100.0,400.0,25.0000,ID_Weap_Rifle_Epic04,Swan,Rarity.Epic
LIT_Epic_Weap_Rifles,100.0,400.0,25.0000,ID_Weap_Rifle_Epic03,Voir,Rarity.Epic
LIT_Epic_Weap_Rifles,100.0,400.0,25.0000,ID_Weap_Rifle_Epic02,Lasher,Rarity.Epic
LIT_Epic_Weap_Rifles,100.0,400.0,25.0000,ID_Weap_Rifle_Epic01,Lionne,Rarity.Epic
LIT_Epic_Weap_Pistols,100.0,300.0,33.3333,ID_Weap_Pistol_Epic03,Marengo,Rarity.Epic
LIT_Epic_Weap_Pistols,100.0,300.0,33.3333,ID_Weap_Pistol_Epic02,Borodino,Rarity.Epic
LIT_Epic_Weap_Pistols,100.0,300.0,33.3333,ID_Weap_Pistol_Epic01,Morgan,Rarity.Epic
LIT_EmperorsTalon_Loose,75.0,100.0,75.0000,ID_Money_Copper,Copper Coin,Rarity.Uncommon
LIT_EmperorsTalon_Loose,19.0,100.0,19.0000,ID_Money_Silver,Silver Coin,Rarity.Rare
LIT_EmperorsTalon_Loose,5.0,100.0,5.0000,ID_Rec_C_Dagger_Epic02,Emperor's Talon - Dagger,Rarity.Epic
LIT_EmperorsTalon_Loose,1.0,100.0,1.0000,ID_Money_Gold,Gold Coin,Rarity.Epic
LIT_EasternPromise_Loose,70.0,100.0,70.0000,ID_Money_Copper,Copper Coin,Rarity.Uncommon
LIT_EasternPromise_Loose,25.0,100.0,25.0000,ID_Money_Silver,Silver Coin,Rarity.Rare
LIT_EasternPromise_Loose,5.0,100.0,5.0000,ID_Rec_C_BrownBetty_Epic01,Eastern Promise - Brown Betty,Rarity.Epic
LIT_Dungeon_M03,5.0,42.0,11.9048,ID_WeaponBag_Legendary01,Apollo Holster,Rarity.Legendary
LIT_Dungeon_M03,5.0,42.0,11.9048,ID_Weap_Rifle_Legendary02,Drak,Rarity.Legendary
LIT_Dungeon_M03,5.0,42.0,11.9048,ID_Rec_C_WarAxe_Rare01,Frey - War Axe,Rarity.Rare
LIT_Dungeon_M03,5.0,42.0,11.9048,ID_Rec_C_Halberd_Rare01,Hermit - Halberd,Rarity.Rare
LIT_Dungeon_M03,5.0,42.0,11.9048,ID_Legendary_Shagreen,Shagreen,Rarity.Legendary
LIT_Dungeon_M03,5.0,42.0,11.9048,ID_Legendary_Isinglass,Isinglass,Rarity.Legendary
LIT_Dungeon_M03,5.0,42.0,11.9048,ID_Legendary_DamascusSteel,Damascus Steel,Rarity.Legendary
LIT_Dungeon_M03,5.0,42.0,11.9048,ID_Armor_Head_Legendary01,Old Guard Helmet,Rarity.Legendary
LIT_Dungeon_M03,1.0,42.0,2.3810,ID_Rec_C_Longsword_Epic02,Old Iron - Longsword,Rarity.Epic
LIT_Dungeon_M03,1.0,42.0,2.3810,ID_Rec_C_Axe_Epic01,Padre's Reply - Axe,Rarity.Rare
LIT_Dungeon_M02,10.0,67.0,14.9254,ID_Weap_1HMelee_Epic01,Sabre,Rarity.Epic
LIT_Dungeon_M02,10.0,67.0,14.9254,ID_Armor_Chest_Epic01,Black Dragoon Cuirass,Rarity.Epic
LIT_Dungeon_M02,5.0,67.0,7.4627,ID_Weap_2HMelee_Legendary02,Zweihander,Rarity.Legendary
LIT_Dungeon_M02,5.0,67.0,7.4627,ID_Legendary_SwordHiltOfMolay,Sword Hilt Of Molay,Rarity.Legendary
LIT_Dungeon_M02,5.0,67.0,7.4627,ID_Legendary_PolluxCameo,Cameo Of Pollux,Rarity.Legendary
LIT_Dungeon_M02,5.0,67.0,7.4627,ID_Legendary_ImperialEagle,Imperial Eagle,Rarity.Legendary
LIT_Dungeon_M02,5.0,67.0,7.4627,ID_Legendary_BloodOfThePenitent,Blood Of The Penitent,Rarity.Legendary
LIT_Dungeon_M02,5.0,67.0,7.4627,ID_BackBag_Legendary02,Zealot's Tower,Rarity.Legendary
LIT_Dungeon_M02,5.0,67.0,7.4627,ID_BackBag_Legendary02,Zealot's Tower,Rarity.Legendary
LIT_Dungeon_M02,5.0,67.0,7.4627,ID_Armor_Chest_Legendary01,Old Guard Cuirass,Rarity.Legendary
LIT_Dungeon_M02,5.0,67.0,7.4627,ID_ArmorPatch_Legendary,Damascus Armour Plate,Rarity.Legendary
LIT_Dungeon_M02,1.0,67.0,1.4925,ID_Rec_C_Halberd_Epic01,Noble - Halberd,Rarity.Epic
LIT_Dungeon_M02,1.0,67.0,1.4925,ID_Rec_C_Dagger_Epic04,Trident - Dagger,Rarity.Epic
LIT_Dungeon_M01,10.0,74.0,13.5135,ID_WeaponBag_Epic01,Boutet's Riflecase,Rarity.Epic
LIT_Dungeon_M01,10.0,74.0,13.5135,ID_Weap_Pistol_Epic02,Borodino,Rarity.Epic
LIT_Dungeon_M01,10.0,74.0,13.5135,ID_Weap_2HMelee_Epic02,Halberd,Rarity.Epic
LIT_Dungeon_M01,10.0,74.0,13.5135,ID_HipBag_Epic03,Miser's Purse,Rarity.Epic
LIT_Dungeon_M01,10.0,74.0,13.5135,ID_Armor_Chest_Epic01,Black Dragoon Cuirass,Rarity.Epic
LIT_Dungeon_M01,5.0,74.0,6.7568,ID_Legendary_RoyalJelly,Royal Jelly,Rarity.Legendary
LIT_Dungeon_M01,5.0,74.0,6.7568,ID_Legendary_JacobinCipher,Jacobin Cipher,Rarity.Legendary
LIT_Dungeon_M01,5.0,74.0,6.7568,ID_Legendary_CastorCameo,Cameo Of Castor,Rarity.Legendary
LIT_Dungeon_M01,5.0,74.0,6.7568,ID_Legendary_Bloodwood,Bloodwood,Rarity.Legendary
LIT_Dungeon_M01,1.0,74.0,1.3514,ID_Rec_C_WarAxe_Epic01_U,Sacrament - War Axe,Rarity.Epic
LIT_Dungeon_M01,1.0,74.0,1.3514,ID_Rec_C_Dagger_Epic03,Golgotha - Dagger,Rarity.Epic
LIT_Dungeon_M01,1.0,74.0,1.3514,ID_Rec_C_Club_Epic01,Crus Sacrilege - Club,Rarity.Epic
LIT_Dungeon_M01,1.0,74.0,1.3514,ID_Rec_Bag_Back_Epic01,Outfitter Recipe - Trevallion's Valise,Rarity.Legendary
LIT_Drinks_All,100.0,462.20000000298023,21.6357,ID_Drink_Common04,Spoiled Rum,
LIT_Drinks_All,100.0,462.20000000298023,21.6357,ID_Drink_Common03,Thin Mead,
LIT_Drinks_All,100.0,462.20000000298023,21.6357,ID_Drink_Common02,Tavern Wine,
LIT_Drinks_All,100.0,462.20000000298023,21.6357,ID_Drink_Common01,Tepid Water,
LIT_Drinks_All,25.0,462.20000000298023,5.4089,ID_Drink_Uncommon02,Boiled Water,Rarity.Uncommon
LIT_Drinks_All,25.0,462.20000000298023,5.4089,ID_Drink_Uncommon01,Sweet Rum,Rarity.Uncommon
LIT_Drinks_All,5.0,462.20000000298023,1.0818,ID_Drink_Rare02,Purified Water,Rarity.Rare
LIT_Drinks_All,5.0,462.20000000298023,1.0818,ID_Drink_Rare01,Rum of the Indies,Rarity.Rare
LIT_Drinks_All,1.0,462.20000000298023,0.2164,ID_Drink_Epic02,Regimental Reserve,Rarity.Epic
LIT_Drinks_All,1.0,462.20000000298023,0.2164,ID_Drink_Epic01,Naval Rum,Rarity.Epic
LIT_Drinks_All,0.1,462.20000000298023,0.0216,ID_Drink_Legendary02,Évian Spring Water,Rarity.Legendary
LIT_Drinks_All,0.1,462.20000000298023,0.0216,ID_Drink_Legendary01,Remy of Barbados,Rarity.Legendary
LIT_Dreg_01,100.0,100.00999999977648,99.9900,ID_Trophy_Dreg,Dreg Head,Rarity.Uncommon
LIT_Dreg_01,0.01,100.00999999977648,0.0100,ID_Rec_C_BrownBetty_Uncommon06,Prussian Eagle - Brown Betty,Rarity.Uncommon
LIT_Distillery_01,100.0,335.0,29.8507,ID_Uncommon_GrapeMust,Grape Must,Rarity.Uncommon
LIT_Distillery_01,100.0,335.0,29.8507,ID_Common_StalePiss,Stale Piss,
LIT_Distillery_01,100.0,335.0,29.8507,ID_Common_CorkStopper,Cork Stopper,
LIT_Distillery_01,25.0,335.0,7.4627,ID_Uncommon_DistilledWater,Distilled Water,Rarity.Uncommon
LIT_Distillery_01,5.0,335.0,1.4925,ID_Epic_Poison,Arsenic,Rarity.Epic
LIT_Distillery_01,5.0,335.0,1.4925,ID_Epic_GlassVial,Glass Vial,Rarity.Epic
LIT_Crafting_Gunsmith_PowderLocker,100.0,733.0,13.6426,ID_Common_Sootblack,Sootblack,
LIT_Crafting_Gunsmith_PowderLocker,100.0,733.0,13.6426,ID_Common_PineOil,Pine Oil,
LIT_Crafting_Gunsmith_PowderLocker,100.0,733.0,13.6426,ID_Common_IronNails,Iron Nails,
LIT_Crafting_Gunsmith_PowderLocker,100.0,733.0,13.6426,ID_Common_ChippedFlint,Chipped Flint,
LIT_Crafting_Gunsmith_PowderLocker,100.0,733.0,13.6426,ID_Common_Brassplate,Brass Plate,
LIT_Crafting_Gunsmith_PowderLocker,25.0,733.0,3.4106,ID_Uncommon_SturdyAxeHandle,Sturdy Axe Handle,Rarity.Rare
LIT_Crafting_Gunsmith_PowderLocker,25.0,733.0,3.4106,ID_Uncommon_Rottenstone,Rottenstone,Rarity.Uncommon
LIT_Crafting_Gunsmith_PowderLocker,25.0,733.0,3.4106,ID_Uncommon_RamsHorn,Ram’s Horn,Rarity.Uncommon
LIT_Crafting_Gunsmith_PowderLocker,25.0,733.0,3.4106,ID_Uncommon_Pitch,Pitch,Rarity.Uncommon
LIT_Crafting_Gunsmith_PowderLocker,25.0,733.0,3.4106,ID_Uncommon_PineRosin,Pine Rosin,Rarity.Uncommon
LIT_Crafting_Gunsmith_PowderLocker,25.0,733.0,3.4106,ID_Uncommon_LinseedOil,Linseed Oil,Rarity.Uncommon
LIT_Crafting_Gunsmith_PowderLocker,25.0,733.0,3.4106,ID_Uncommon_IntactLeatherGasket,Intact Leather Gasket,Rarity.Uncommon
LIT_Crafting_Gunsmith_PowderLocker,25.0,733.0,3.4106,ID_Uncommon_FineSand,Fine Sand,Rarity.Uncommon
LIT_Crafting_Gunsmith_PowderLocker,5.0,733.0,0.6821,ID_Rare_Steelband,Steelband,Rarity.Rare
LIT_Crafting_Gunsmith_PowderLocker,5.0,733.0,0.6821,ID_Rare_Smokesilver,Smokesilver,Rarity.Rare
LIT_Crafting_Gunsmith_PowderLocker,5.0,733.0,0.6821,ID_Rare_LeatherTrimmings,Leather Trimmings,Rarity.Rare
LIT_Crafting_Gunsmith_PowderLocker,5.0,733.0,0.6821,ID_Rare_Hornbeam,Hornbeam,Rarity.Rare
LIT_Crafting_Gunsmith_PowderLocker,5.0,733.0,0.6821,ID_Rare_ColdIron,Cold Iron,Rarity.Rare
LIT_Crafting_Gunsmith_PowderLocker,5.0,733.0,0.6821,ID_Rare_BlacksmithsTongs,Blacksmith's Tongs,Rarity.Rare
LIT_Crafting_Gunsmith_PowderLocker,1.0,733.0,0.1364,ID_Epic_Hartwood,Hartwood,Rarity.Epic
LIT_Crafting_Gunsmith_PowderLocker,1.0,733.0,0.1364,ID_Epic_Gunblue,Gunblue,Rarity.Epic
LIT_Crafting_Gunsmith_PowderLocker,1.0,733.0,0.1364,ID_Epic_FineFile,Fine File,Rarity.Epic
LIT_Crafting_Gunsmith,100.0,282.40000000596046,35.4108,ID_Rec_Weap_Longboy,Gunsmith Recipe - Longboy,Rarity.Uncommon
LIT_Crafting_Gunsmith,100.0,282.40000000596046,35.4108,ID_Rec_Weap_BrownBetty,Gunsmith Recipe - Brown Betty,Rarity.Uncommon
LIT_Crafting_Gunsmith,25.0,282.40000000596046,8.8527,ID_Rec_Weap_Volant,Gunsmith Recipe - Volant,Rarity.Rare
LIT_Crafting_Gunsmith,25.0,282.40000000596046,8.8527,ID_Rec_Weap_Louisville,Gunsmith Recipe - Louisville,Rarity.Rare
LIT_Crafting_Gunsmith,5.0,282.40000000596046,1.7705,ID_Rec_Weap_Vepr,Gunsmith Recipe - Vepr,Rarity.Epic
LIT_Crafting_Gunsmith,5.0,282.40000000596046,1.7705,ID_Rec_Weap_Kompas,Gunsmith Recipe - Kompas,Rarity.Epic
LIT_Crafting_Gunsmith,5.0,282.40000000596046,1.7705,ID_Rec_Weap_Cavalier,Gunsmith Recipe - Cavalier,Rarity.Epic
LIT_Crafting_Gunsmith,5.0,282.40000000596046,1.7705,ID_Rec_Ammo_Refined,Gunsmith Recipe - Refined Ammunition,Rarity.Legendary
LIT_Crafting_Gunsmith,5.0,282.40000000596046,1.7705,ID_Rec_Ammo_Heavy,Gunsmith Recipe - Heavy Ammunition,Rarity.Epic
LIT_Crafting_Gunsmith,1.0,282.40000000596046,0.3541,ID_Rec_Weap_Voir,Gunsmith Recipe - Voir,Rarity.Legendary
LIT_Crafting_Gunsmith,1.0,282.40000000596046,0.3541,ID_Rec_Weap_Swan,Gunsmith Recipe - Swan,Rarity.Legendary
LIT_Crafting_Gunsmith,1.0,282.40000000596046,0.3541,ID_Rec_Weap_Morgan,Gunsmith Recipe - Morgan,Rarity.Legendary
LIT_Crafting_Gunsmith,1.0,282.40000000596046,0.3541,ID_Rec_Weap_Lionne,Gunsmith Recipe - Lionne,Rarity.Legendary
LIT_Crafting_Gunsmith,1.0,282.40000000596046,0.3541,ID_Rec_Weap_Lasher,Gunsmith Recipe - Lasher,Rarity.Legendary
LIT_Crafting_Gunsmith,1.0,282.40000000596046,0.3541,ID_Rec_Weap_Borodino,Gunsmith Recipe - Borodino,Rarity.Legendary
LIT_Crafting_Gunsmith,1.0,282.40000000596046,0.3541,ID_Rec_Ammo_Exotic,Gunsmith Recipe - Exotic Ammunition,Rarity.Legendary
LIT_Crafting_Gunsmith,0.1,282.40000000596046,0.0354,ID_Rec_Weap_Volcan,Gunsmith Recipe - Volcan,Rarity.Artifact
LIT_Crafting_Gunsmith,0.1,282.40000000596046,0.0354,ID_Rec_Weap_Jager,Gunsmith Recipe - Jager,Rarity.Artifact
LIT_Crafting_Gunsmith,0.1,282.40000000596046,0.0354,ID_Rec_Weap_Drak,Gunsmith Recipe - Drak,Rarity.Artifact
LIT_Crafting_Gunsmith,0.1,282.40000000596046,0.0354,ID_Rec_Weap_Belier,Gunsmith Recipe - Belier,Rarity.Artifact
LIT_Crafting_Cook_SlopBin,100.0,761.1000000014901,13.1389,ID_Common_WetCabbage,Wet Cabbage,
LIT_Crafting_Cook_SlopBin,100.0,761.1000000014901,13.1389,ID_Common_SproutingTuber,Sprouting Tuber,
LIT_Crafting_Cook_SlopBin,100.0,761.1000000014901,13.1389,ID_Common_SeaSalt,Sea Salt,
LIT_Crafting_Cook_SlopBin,100.0,761.1000000014901,13.1389,ID_Common_Lard,Lard,
LIT_Crafting_Cook_SlopBin,100.0,761.1000000014901,13.1389,ID_Common_CrudePreservingJar,Crude Preserving Jar,
LIT_Crafting_Cook_SlopBin,100.0,761.1000000014901,13.1389,ID_Common_CorkStopper,Cork Stopper,
LIT_Crafting_Cook_SlopBin,100.0,761.1000000014901,13.1389,ID_Common_CarrionShank,Carrion Shank,
LIT_Crafting_Cook_SlopBin,25.0,761.1000000014901,3.2847,ID_Uncommon_CrispCarrot,Crisp Carrot,Rarity.Uncommon
LIT_Crafting_Cook_SlopBin,25.0,761.1000000014901,3.2847,ID_Uncommon_BrinedFlesh,Brined Flesh,Rarity.Uncommon
LIT_Crafting_Cook_SlopBin,5.0,761.1000000014901,0.6569,ID_Rare_SunRipenedHaunch,Sun Ripened Haunch,Rarity.Rare
LIT_Crafting_Cook_SlopBin,5.0,761.1000000014901,0.6569,ID_Rare_BrownOnion,Brown Onion,Rarity.Rare
LIT_Crafting_Cook_SlopBin,1.0,761.1000000014901,0.1314,ID_Epic_DriedGrapes,Dried Grapes,Rarity.Epic
LIT_Crafting_Cook_SlopBin,0.1,761.1000000014901,0.0131,ID_Legendary_FoieGras,Foie Gras,Rarity.Legendary
LIT_Crafting_Cook,100.0,655.5000000074506,15.2555,ID_Rec_Water_Common01,Cook Recipe - Tepid Water,Rarity.Uncommon
LIT_Crafting_Cook,100.0,655.5000000074506,15.2555,ID_Rec_Soup_Common01,Cook Recipe - Thin Gruel,Rarity.Uncommon
LIT_Crafting_Cook,100.0,655.5000000074506,15.2555,ID_Rec_Rum_Common01,Cook Recipe - Spoiled Rum,Rarity.Uncommon
LIT_Crafting_Cook,100.0,655.5000000074506,15.2555,ID_Rec_Bread_Common01,Cook Recipe - Mouldy Baguette,Rarity.Uncommon
LIT_Crafting_Cook,100.0,655.5000000074506,15.2555,ID_Rec_Apple_Common01,Cook Recipe - Stewed Apple,Rarity.Uncommon
LIT_Crafting_Cook,25.0,655.5000000074506,3.8139,ID_Rec_Water_Uncommon01,Cook Recipe - Boiled Water,Rarity.Rare
LIT_Crafting_Cook,25.0,655.5000000074506,3.8139,ID_Rec_Soup_Uncommon01,Cook Recipe - Cabbage Soup,Rarity.Rare
LIT_Crafting_Cook,25.0,655.5000000074506,3.8139,ID_Rec_Rum_Uncommon01,Cook Recipe - Sweet Rum,Rarity.Rare
LIT_Crafting_Cook,25.0,655.5000000074506,3.8139,ID_Rec_Bread_Uncommon01,Cook Recipe - Fresh Baguette,Rarity.Rare
LIT_Crafting_Cook,25.0,655.5000000074506,3.8139,ID_Rec_Apple_Uncommon01,Cook Recipe - Jellied Apple,Rarity.Rare
LIT_Crafting_Cook,5.0,655.5000000074506,0.7628,ID_Rec_Water_Rare01,Cook Recipe - Purified Water,Rarity.Epic
LIT_Crafting_Cook,5.0,655.5000000074506,0.7628,ID_Rec_Soup_Rare01,Cook Recipe - Kedgeree,Rarity.Epic
LIT_Crafting_Cook,5.0,655.5000000074506,0.7628,ID_Rec_Rum_Rare01,Cook Recipe - Rum of the Indies,Rarity.Epic
LIT_Crafting_Cook,5.0,655.5000000074506,0.7628,ID_Rec_Bread_Rare01,Cook Recipe - Fougasse Bread,Rarity.Epic
LIT_Crafting_Cook,5.0,655.5000000074506,0.7628,ID_Rec_Apple_Rare01,Cook Recipe - Apple Pie,Rarity.Epic
LIT_Crafting_Cook,1.0,655.5000000074506,0.1526,ID_Rec_Water_Epic01,Cook Recipe - Regimental Reserve,Rarity.Epic
LIT_Crafting_Cook,1.0,655.5000000074506,0.1526,ID_Rec_Soup_Epic01,Cook Recipe - Burgundy Ragout,Rarity.Legendary
LIT_Crafting_Cook,1.0,655.5000000074506,0.1526,ID_Rec_Rum_Epic01,Cook Recipe - Naval Rum,Rarity.Epic
LIT_Crafting_Cook,1.0,655.5000000074506,0.1526,ID_Rec_Bread_Epic01,Cook Recipe - Spiced Bread,Rarity.Legendary
LIT_Crafting_Cook,1.0,655.5000000074506,0.1526,ID_Rec_Apple_Epic01,Cook Recipe - Candied Apple,Rarity.Legendary
LIT_Crafting_Cook,0.1,655.5000000074506,0.0153,ID_Rec_Water_Legendary01,Cook Recipe - Évian Spring Water,Rarity.Artifact
LIT_Crafting_Cook,0.1,655.5000000074506,0.0153,ID_Rec_Soup_Legendary01,Cook Recipe - Imperial Pot-au-Feu,Rarity.Artifact
LIT_Crafting_Cook,0.1,655.5000000074506,0.0153,ID_Rec_Rum_Legendary01,Cook Recipe - Remy of Barbadoes Rum,Rarity.Artifact
LIT_Crafting_Cook,0.1,655.5000000074506,0.0153,ID_Rec_Bread_Legendary01,Cook Recipe - Brioche,Rarity.Artifact
LIT_Crafting_Cook,0.1,655.5000000074506,0.0153,ID_Rec_Apple_Legendary01,Cook Recipe - Tarte Tatin,Rarity.Artifact
LIT_Crafting_Artificer_TinkerCase,100.0,528.1000000014901,18.9358,ID_Common_SpindlePulley,Spindle Pulley,
LIT_Crafting_Artificer_TinkerCase,100.0,528.1000000014901,18.9358,ID_Common_LatchHook,Latch Hook,
LIT_Crafting_Artificer_TinkerCase,100.0,528.1000000014901,18.9358,ID_Common_CanvasPatch,Canvas Patch,
LIT_Crafting_Artificer_TinkerCase,100.0,528.1000000014901,18.9358,ID_Common_CabinetHandle,Cabinet Handle,
LIT_Crafting_Artificer_TinkerCase,25.0,528.1000000014901,4.7340,ID_Uncommon_TentPeg,Tent Peg,Rarity.Uncommon
LIT_Crafting_Artificer_TinkerCase,25.0,528.1000000014901,4.7340,ID_Uncommon_Pitch,Pitch,Rarity.Uncommon
LIT_Crafting_Artificer_TinkerCase,25.0,528.1000000014901,4.7340,ID_Uncommon_IronFile,Iron File,Rarity.Uncommon
LIT_Crafting_Artificer_TinkerCase,25.0,528.1000000014901,4.7340,ID_Uncommon_IntactLeatherGasket,Intact Leather Gasket,Rarity.Uncommon
LIT_Crafting_Artificer_TinkerCase,5.0,528.1000000014901,0.9468,ID_Rare_TornDamask,Torn Damask,Rarity.Rare
LIT_Crafting_Artificer_TinkerCase,5.0,528.1000000014901,0.9468,ID_Rare_SilverDish,Silver Dish,Rarity.Rare
LIT_Crafting_Artificer_TinkerCase,5.0,528.1000000014901,0.9468,ID_Rare_ShinyBuckle,Shiny Buckle,Rarity.Rare
LIT_Crafting_Artificer_TinkerCase,5.0,528.1000000014901,0.9468,ID_Rare_IronHoldfast,Iron Holdfast,Rarity.Rare
LIT_Crafting_Artificer_TinkerCase,5.0,528.1000000014901,0.9468,ID_Rare_GildedTassels,Gilded Tassels,Rarity.Rare
LIT_Crafting_Artificer_TinkerCase,1.0,528.1000000014901,0.1894,ID_Epic_Pinchbeck,Pinchbeck,Rarity.Epic
LIT_Crafting_Artificer_TinkerCase,1.0,528.1000000014901,0.1894,ID_Epic_FineFile,Fine File,Rarity.Epic
LIT_Crafting_Artificer_TinkerCase,1.0,528.1000000014901,0.1894,ID_Epic_FancySilverPlaque,Fancy Silver Plaque,Rarity.Epic
LIT_Crafting_Artificer_TinkerCase,0.1,528.1000000014901,0.0189,ID_Legendary_Shagreen,Shagreen,Rarity.Legendary
LIT_Crafting_Artificer,100.0,262.20000000298023,38.1388,ID_Rec_RepairTong_Common01,Artificer Recipe - Rusty Tongs,Rarity.Uncommon
LIT_Crafting_Artificer,100.0,262.20000000298023,38.1388,ID_Rec_ArmourPlate_Common01,Artificer Recipe - Cloth Armour Plate,Rarity.Uncommon
LIT_Crafting_Artificer,25.0,262.20000000298023,9.5347,ID_Rec_RepairTong_Uncommon01,Artificer Recipe - Journeyman Tongs,Rarity.Rare
LIT_Crafting_Artificer,25.0,262.20000000298023,9.5347,ID_Rec_ArmourPlate_Uncommon01,Artificer Recipe - Leather Armour Plate,Rarity.Rare
LIT_Crafting_Artificer,5.0,262.20000000298023,1.9069,ID_Rec_RepairTong_Rare01,Artificer Recipe - Machinist Tongs,Rarity.Epic
LIT_Crafting_Artificer,5.0,262.20000000298023,1.9069,ID_Rec_ArmourPlate_Rare01,Artificer Recipe - Ceramic Armour Plate,Rarity.Epic
LIT_Crafting_Artificer,1.0,262.20000000298023,0.3814,ID_Rec_RepairTong_Epic01,Artificer Recipe - Delicate Tongs,Rarity.Legendary
LIT_Crafting_Artificer,1.0,262.20000000298023,0.3814,ID_Rec_ArmourPlate_Epic01,Artificer Recipe - Steel Armour Plate,Rarity.Legendary
LIT_Crafting_Artificer,0.1,262.20000000298023,0.0381,ID_Rec_RepairTong_Legendary01,Artificer Recipe - Clockwork Tongs,Rarity.Artifact
LIT_Crafting_Artificer,0.1,262.20000000298023,0.0381,ID_Rec_ArmourPlate_Legendary01,Artificer Recipe - Damascus Armour Plate,Rarity.Artifact
LIT_Cosmetics_Weapon_Melee,25.0,74.20000000298023,33.6927,ID_Rec_C_Dagger_Uncommon02,Tenebris - Dagger,Rarity.Uncommon
LIT_Cosmetics_Weapon_Melee,25.0,74.20000000298023,33.6927,ID_Rec_C_Dagger_Uncommon01,Sindle - Dagger,Rarity.Uncommon
LIT_Cosmetics_Weapon_Melee,5.0,74.20000000298023,6.7385,ID_Rec_C_WarAxe_Rare01,Frey - War Axe,Rarity.Rare
LIT_Cosmetics_Weapon_Melee,5.0,74.20000000298023,6.7385,ID_Rec_C_Halberd_Rare01,Hermit - Halberd,Rarity.Rare
LIT_Cosmetics_Weapon_Melee,5.0,74.20000000298023,6.7385,ID_Rec_C_Club_Rare01,Brute Femur - Club,Rarity.Rare
LIT_Cosmetics_Weapon_Melee,5.0,74.20000000298023,6.7385,ID_Rec_C_Axe_Rare01,Recluse - Axe,Rarity.Rare
LIT_Cosmetics_Weapon_Melee,1.0,74.20000000298023,1.3477,ID_Rec_C_Dagger_Epic04,Trident - Dagger,Rarity.Epic
LIT_Cosmetics_Weapon_Melee,1.0,74.20000000298023,1.3477,ID_Rec_C_Dagger_Epic03,Golgotha - Dagger,Rarity.Epic
LIT_Cosmetics_Weapon_Melee,1.0,74.20000000298023,1.3477,ID_Rec_C_Dagger_Epic02,Emperor's Talon - Dagger,Rarity.Epic
LIT_Cosmetics_Weapon_Melee,1.0,74.20000000298023,1.3477,ID_Rec_C_Club_Epic01,Crus Sacrilege - Club,Rarity.Epic
LIT_Cosmetics_Weapon_Melee,0.1,74.20000000298023,0.1348,ID_Rec_C_Dagger_Legendary02,Azrael's Lockpick - Dagger,Rarity.Legendary
LIT_Cosmetics_Weapon_Melee,0.1,74.20000000298023,0.1348,ID_Rec_C_Dagger_Legendary01,Misericorde - Dagger,Rarity.Legendary
LIT_Cosmetics_Weapon_All,25.0,526.2000000029802,4.7510,ID_Rec_C_Louisville_Uncommon09,Bavarian Standard - Louisville,Rarity.Uncommon
LIT_Cosmetics_Weapon_All,25.0,526.2000000029802,4.7510,ID_Rec_C_Louisville_Uncommon08,Italian Standard - Louisville,Rarity.Uncommon
LIT_Cosmetics_Weapon_All,25.0,526.2000000029802,4.7510,ID_Rec_C_Louisville_Uncommon07,Prussian Standard - Louisville,Rarity.Uncommon
LIT_Cosmetics_Weapon_All,25.0,526.2000000029802,4.7510,ID_Rec_C_Louisville_Uncommon06,Blenheim Standard - Louisville,Rarity.Uncommon
LIT_Cosmetics_Weapon_All,25.0,526.2000000029802,4.7510,ID_Rec_C_Louisville_Uncommon05,Peninsular Campaign Banner - Louisville,Rarity.Uncommon
LIT_Cosmetics_Weapon_All,25.0,526.2000000029802,4.7510,ID_Rec_C_Louisville_Uncommon04,Wrapped St George's Standard - Louisville,Rarity.Uncommon
LIT_Cosmetics_Weapon_All,25.0,526.2000000029802,4.7510,ID_Rec_C_Louisville_Uncommon03,Wrapped Prussian Standard - Louisville,Rarity.Uncommon
LIT_Cosmetics_Weapon_All,25.0,526.2000000029802,4.7510,ID_Rec_C_Louisville_Uncommon02,Wrapped Union Jack - Louisville,Rarity.Uncommon
LIT_Cosmetics_Weapon_All,25.0,526.2000000029802,4.7510,ID_Rec_C_Louisville_Uncommon01,Wrapped Tricolour - Louisville,Rarity.Uncommon
LIT_Cosmetics_Weapon_All,25.0,526.2000000029802,4.7510,ID_Rec_C_Dagger_Uncommon02,Tenebris - Dagger,Rarity.Uncommon
LIT_Cosmetics_Weapon_All,25.0,526.2000000029802,4.7510,ID_Rec_C_Dagger_Uncommon01,Sindle - Dagger,Rarity.Uncommon
LIT_Cosmetics_Weapon_All,25.0,526.2000000029802,4.7510,ID_Rec_C_BrownBetty_Uncommon09,Veenstra's Swine - Brown Betty,Rarity.Uncommon
LIT_Cosmetics_Weapon_All,25.0,526.2000000029802,4.7510,ID_Rec_C_BrownBetty_Uncommon08,Lion of Rotterdam - Brown Betty,Rarity.Uncommon
LIT_Cosmetics_Weapon_All,25.0,526.2000000029802,4.7510,ID_Rec_C_BrownBetty_Uncommon07,Treaty Workhorse - Brown Betty,Rarity.Uncommon
LIT_Cosmetics_Weapon_All,25.0,526.2000000029802,4.7510,ID_Rec_C_BrownBetty_Uncommon06,Prussian Eagle - Brown Betty,Rarity.Uncommon
LIT_Cosmetics_Weapon_All,25.0,526.2000000029802,4.7510,ID_Rec_C_BrownBetty_Uncommon05,Frederick's Revenge - Brown Betty,Rarity.Uncommon
LIT_Cosmetics_Weapon_All,25.0,526.2000000029802,4.7510,ID_Rec_C_BrownBetty_Uncommon04,House of Medici - Brown Betty,Rarity.Uncommon
LIT_Cosmetics_Weapon_All,25.0,526.2000000029802,4.7510,ID_Rec_C_BrownBetty_Uncommon03,Hohenzollern Reborn - Brown Betty,Rarity.Uncommon
LIT_Cosmetics_Weapon_All,25.0,526.2000000029802,4.7510,ID_Rec_C_BrownBetty_Uncommon02,Sable and Gules - Brown Betty,Rarity.Uncommon
LIT_Cosmetics_Weapon_All,25.0,526.2000000029802,4.7510,ID_Rec_C_BrownBetty_Uncommon01,Argent and Vert - Brown Betty,Rarity.Uncommon
LIT_Cosmetics_Weapon_All,5.0,526.2000000029802,0.9502,ID_Rec_C_WarAxe_Rare01,Frey - War Axe,Rarity.Rare
LIT_Cosmetics_Weapon_All,5.0,526.2000000029802,0.9502,ID_Rec_C_Halberd_Rare01,Hermit - Halberd,Rarity.Rare
LIT_Cosmetics_Weapon_All,5.0,526.2000000029802,0.9502,ID_Rec_C_Club_Rare01,Brute Femur - Club,Rarity.Rare
LIT_Cosmetics_Weapon_All,5.0,526.2000000029802,0.9502,ID_Rec_C_Axe_Rare01,Recluse - Axe,Rarity.Rare
LIT_Cosmetics_Weapon_All,1.0,526.2000000029802,0.1900,ID_Rec_C_Snub_Epic01,Danse Macabre - Snub,Rarity.Epic
LIT_Cosmetics_Weapon_All,1.0,526.2000000029802,0.1900,ID_Rec_C_Dagger_Epic04,Trident - Dagger,Rarity.Epic
LIT_Cosmetics_Weapon_All,1.0,526.2000000029802,0.1900,ID_Rec_C_Dagger_Epic03,Golgotha - Dagger,Rarity.Epic
LIT_Cosmetics_Weapon_All,1.0,526.2000000029802,0.1900,ID_Rec_C_Dagger_Epic02,Emperor's Talon - Dagger,Rarity.Epic
LIT_Cosmetics_Weapon_All,1.0,526.2000000029802,0.1900,ID_Rec_C_Club_Epic01,Crus Sacrilege - Club,Rarity.Epic
LIT_Cosmetics_Weapon_All,1.0,526.2000000029802,0.1900,ID_Rec_C_BrownBetty_Epic01,Eastern Promise - Brown Betty,Rarity.Epic
LIT_Cosmetics_Weapon_All,0.1,526.2000000029802,0.0190,ID_Rec_C_Dagger_Legendary02,Azrael's Lockpick - Dagger,Rarity.Legendary
LIT_Cosmetics_Weapon_All,0.1,526.2000000029802,0.0190,ID_Rec_C_Dagger_Legendary01,Misericorde - Dagger,Rarity.Legendary
LIT_Cosmetics_Bags_All,25.0,275.0,9.0909,ID_Rec_C_HipBag03_Uncommon01,Bosun's Clasp - Old Satchel,Rarity.Uncommon
LIT_Cosmetics_Bags_All,25.0,275.0,9.0909,ID_Rec_C_BackBag01_Uncommon11,Union Jack - Damp Knapsack,Rarity.Uncommon
LIT_Cosmetics_Bags_All,25.0,275.0,9.0909,ID_Rec_C_BackBag01_Uncommon10,Blucher's Banner - Damp Knapsack,Rarity.Uncommon
LIT_Cosmetics_Bags_All,25.0,275.0,9.0909,ID_Rec_C_BackBag01_Uncommon09,Tricolour - Damp Knapsack,Rarity.Uncommon
LIT_Cosmetics_Bags_All,25.0,275.0,9.0909,ID_Rec_C_BackBag01_Uncommon08,George's Cross - Damp Knapsack,Rarity.Uncommon
LIT_Cosmetics_Bags_All,25.0,275.0,9.0909,ID_Rec_C_BackBag01_Uncommon07,William's Banner - Damp Knapsack,Rarity.Uncommon
LIT_Cosmetics_Bags_All,25.0,275.0,9.0909,ID_Rec_C_BackBag01_Uncommon06,Tsar's Banner - Damp Knapsack,Rarity.Uncommon
LIT_Cosmetics_Bags_All,25.0,275.0,9.0909,ID_Rec_C_BackBag01_Uncommon05,Jefferson's Banner - Damp Knapsack,Rarity.Uncommon
LIT_Cosmetics_Bags_All,25.0,275.0,9.0909,ID_Rec_C_BackBag01_Uncommon04,Austrian Banner - Damp Knapsack,Rarity.Uncommon
LIT_Cosmetics_Bags_All,25.0,275.0,9.0909,ID_Rec_C_BackBag01_Uncommon03,Jozef's Banner - Damp Knapsack,Rarity.Uncommon
LIT_Cosmetics_Bags_All,25.0,275.0,9.0909,ID_Rec_C_BackBag01_Uncommon02,Ferdinand's Banner - Damp Knapsack,Rarity.Uncommon
LIT_Cosmetics_All,25.0,551.2000000029802,4.5356,ID_Rec_C_Dagger_Uncommon02,Tenebris - Dagger,Rarity.Uncommon
LIT_Cosmetics_All,25.0,551.2000000029802,4.5356,ID_Rec_C_Dagger_Uncommon01,Sindle - Dagger,Rarity.Uncommon
LIT_Cosmetics_All,25.0,551.2000000029802,4.5356,ID_Rec_C_BrownBetty_Uncommon09,Veenstra's Swine - Brown Betty,Rarity.Uncommon
LIT_Cosmetics_All,25.0,551.2000000029802,4.5356,ID_Rec_C_BrownBetty_Uncommon08,Lion of Rotterdam - Brown Betty,Rarity.Uncommon
LIT_Cosmetics_All,25.0,551.2000000029802,4.5356,ID_Rec_C_BrownBetty_Uncommon07,Treaty Workhorse - Brown Betty,Rarity.Uncommon
LIT_Cosmetics_All,25.0,551.2000000029802,4.5356,ID_Rec_C_BrownBetty_Uncommon06,Prussian Eagle - Brown Betty,Rarity.Uncommon
LIT_Cosmetics_All,25.0,551.2000000029802,4.5356,ID_Rec_C_BrownBetty_Uncommon05,Frederick's Revenge - Brown Betty,Rarity.Uncommon
LIT_Cosmetics_All,25.0,551.2000000029802,4.5356,ID_Rec_C_BrownBetty_Uncommon04,House of Medici - Brown Betty,Rarity.Uncommon
LIT_Cosmetics_All,25.0,551.2000000029802,4.5356,ID_Rec_C_BrownBetty_Uncommon03,Hohenzollern Reborn - Brown Betty,Rarity.Uncommon
LIT_Cosmetics_All,25.0,551.2000000029802,4.5356,ID_Rec_C_BrownBetty_Uncommon02,Sable and Gules - Brown Betty,Rarity.Uncommon
LIT_Cosmetics_All,25.0,551.2000000029802,4.5356,ID_Rec_C_BrownBetty_Uncommon01,Argent and Vert - Brown Betty,Rarity.Uncommon
LIT_Cosmetics_All,25.0,551.2000000029802,4.5356,ID_Rec_C_BackBag01_Uncommon11,Union Jack - Damp Knapsack,Rarity.Uncommon
LIT_Cosmetics_All,25.0,551.2000000029802,4.5356,ID_Rec_C_BackBag01_Uncommon10,Blucher's Banner - Damp Knapsack,Rarity.Uncommon
LIT_Cosmetics_All,25.0,551.2000000029802,4.5356,ID_Rec_C_BackBag01_Uncommon09,Tricolour - Damp Knapsack,Rarity.Uncommon
LIT_Cosmetics_All,25.0,551.2000000029802,4.5356,ID_Rec_C_BackBag01_Uncommon08,George's Cross - Damp Knapsack,Rarity.Uncommon
LIT_Cosmetics_All,25.0,551.2000000029802,4.5356,ID_Rec_C_BackBag01_Uncommon07,William's Banner - Damp Knapsack,Rarity.Uncommon
LIT_Cosmetics_All,25.0,551.2000000029802,4.5356,ID_Rec_C_BackBag01_Uncommon06,Tsar's Banner - Damp Knapsack,Rarity.Uncommon
LIT_Cosmetics_All,25.0,551.2000000029802,4.5356,ID_Rec_C_BackBag01_Uncommon05,Jefferson's Banner - Damp Knapsack,Rarity.Uncommon
LIT_Cosmetics_All,25.0,551.2000000029802,4.5356,ID_Rec_C_BackBag01_Uncommon04,Austrian Banner - Damp Knapsack,Rarity.Uncommon
LIT_Cosmetics_All,25.0,551.2000000029802,4.5356,ID_Rec_C_BackBag01_Uncommon03,Jozef's Banner - Damp Knapsack,Rarity.Uncommon
LIT_Cosmetics_All,25.0,551.2000000029802,4.5356,ID_Rec_C_BackBag01_Uncommon02,Ferdinand's Banner - Damp Knapsack,Rarity.Uncommon
LIT_Cosmetics_All,5.0,551.2000000029802,0.9071,ID_Rec_C_WarAxe_Rare01,Frey - War Axe,Rarity.Rare
LIT_Cosmetics_All,5.0,551.2000000029802,0.9071,ID_Rec_C_Halberd_Rare01,Hermit - Halberd,Rarity.Rare
LIT_Cosmetics_All,5.0,551.2000000029802,0.9071,ID_Rec_C_Club_Rare01,Brute Femur - Club,Rarity.Rare
LIT_Cosmetics_All,5.0,551.2000000029802,0.9071,ID_Rec_C_Axe_Rare01,Recluse - Axe,Rarity.Rare
LIT_Cosmetics_All,1.0,551.2000000029802,0.1814,ID_Rec_C_Snub_Epic01,Danse Macabre - Snub,Rarity.Epic
LIT_Cosmetics_All,1.0,551.2000000029802,0.1814,ID_Rec_C_Dagger_Epic04,Trident - Dagger,Rarity.Epic
LIT_Cosmetics_All,1.0,551.2000000029802,0.1814,ID_Rec_C_Dagger_Epic03,Golgotha - Dagger,Rarity.Epic
LIT_Cosmetics_All,1.0,551.2000000029802,0.1814,ID_Rec_C_Dagger_Epic02,Emperor's Talon - Dagger,Rarity.Epic
LIT_Cosmetics_All,1.0,551.2000000029802,0.1814,ID_Rec_C_Club_Epic01,Crus Sacrilege - Club,Rarity.Epic
LIT_Cosmetics_All,1.0,551.2000000029802,0.1814,ID_Rec_C_BrownBetty_Epic01,Eastern Promise - Brown Betty,Rarity.Epic
LIT_Cosmetics_All,0.1,551.2000000029802,0.0181,ID_Rec_C_Dagger_Legendary02,Azrael's Lockpick - Dagger,Rarity.Legendary
LIT_Cosmetics_All,0.1,551.2000000029802,0.0181,ID_Rec_C_Dagger_Legendary01,Misericorde - Dagger,Rarity.Legendary
LIT_Compendium_All,100.0,1639.2000000029802,6.1005,ID_Lore_Common_Note13,Gathering Garlic,Rarity.Uncommon
LIT_Compendium_All,100.0,1639.2000000029802,6.1005,ID_Lore_Common_Note12,Lavender For Elodie,Rarity.Uncommon
LIT_Compendium_All,100.0,1639.2000000029802,6.1005,ID_Lore_Common_Note11,Growth of Burlap on the Marette River,Rarity.Uncommon
LIT_Compendium_All,100.0,1639.2000000029802,6.1005,ID_Lore_Common_Note10,Lead Discovered Near Jacques Bridge,Rarity.Uncommon
LIT_Compendium_All,100.0,1639.2000000029802,6.1005,ID_Lore_Common_Note09,Copper in the Sombre Forest Region,Rarity.Uncommon
LIT_Compendium_All,100.0,1639.2000000029802,6.1005,ID_Lore_Common_Note08,A Miner’s Guide to Lead: Sombre Forest,
LIT_Compendium_All,100.0,1639.2000000029802,6.1005,ID_Lore_Common_Note07,Ducrocq’s Folly,
LIT_Compendium_All,100.0,1639.2000000029802,6.1005,ID_Lore_Common_Note06,Packing List,
LIT_Compendium_All,100.0,1639.2000000029802,6.1005,ID_Lore_Common_Note05,Farmhands Wanted,
LIT_Compendium_All,100.0,1639.2000000029802,6.1005,ID_Lore_Common_Note04,Cutter's Note,
LIT_Compendium_All,100.0,1639.2000000029802,6.1005,ID_Lore_Common_Note03,Ode to Broussard,
LIT_Compendium_All,100.0,1639.2000000029802,6.1005,ID_Lore_Common_Note02,Recipe for Cider,
LIT_Compendium_All,100.0,1639.2000000029802,6.1005,ID_Lore_Common_Note01,Recipe for Sweetbreads,
LIT_Compendium_All,25.0,1639.2000000029802,1.5251,ID_Lore_Uncommon_Note12,Cloves For Oil,Rarity.Uncommon
LIT_Compendium_All,25.0,1639.2000000029802,1.5251,ID_Lore_Uncommon_Note11,And Rosemary Too,Rarity.Uncommon
LIT_Compendium_All,25.0,1639.2000000029802,1.5251,ID_Lore_Uncommon_Note10,Flax Along the Rivers,Rarity.Uncommon
LIT_Compendium_All,25.0,1639.2000000029802,1.5251,ID_Lore_Uncommon_Note09,Copper Deposits near Jacques Bridge,Rarity.Uncommon
LIT_Compendium_All,25.0,1639.2000000029802,1.5251,ID_Lore_Uncommon_Note08,Grotesquerie - Cherub,Rarity.Uncommon
LIT_Compendium_All,25.0,1639.2000000029802,1.5251,ID_Lore_Uncommon_Note07,Grotesquerie - Dreg,Rarity.Uncommon
LIT_Compendium_All,25.0,1639.2000000029802,1.5251,ID_Lore_Uncommon_Note06,Grotesquerie - Waif,Rarity.Uncommon
LIT_Compendium_All,25.0,1639.2000000029802,1.5251,ID_Lore_Uncommon_Note05,Accursed Clout,Rarity.Uncommon
LIT_Compendium_All,25.0,1639.2000000029802,1.5251,ID_Lore_Uncommon_Note05,Accursed Clout,Rarity.Uncommon
LIT_Compendium_All,25.0,1639.2000000029802,1.5251,ID_Lore_Uncommon_Note04,Poor Grandpapa,Rarity.Uncommon
LIT_Compendium_All,25.0,1639.2000000029802,1.5251,ID_Lore_Uncommon_Note02,The Torturer's Apology,Rarity.Uncommon
LIT_Compendium_All,25.0,1639.2000000029802,1.5251,ID_Lore_Uncommon_Note01,"Verily, Shake It",Rarity.Uncommon
LIT_Compendium_All,5.0,1639.2000000029802,0.3050,ID_Lore_Rare_Note11,The Company of One Dutchman,Rarity.Rare
LIT_Compendium_All,5.0,1639.2000000029802,0.3050,ID_Lore_Rare_Note10,Crises of Faith,Rarity.Rare
LIT_Compendium_All,5.0,1639.2000000029802,0.3050,ID_Lore_Rare_Note09,Reflections on Riflemen,Rarity.Rare
LIT_Compendium_All,5.0,1639.2000000029802,0.3050,ID_Lore_Rare_Note08,Grotesquerie - Bloat,Rarity.Rare
LIT_Compendium_All,5.0,1639.2000000029802,0.3050,ID_Lore_Rare_Note07,Waterlogged Note,Rarity.Rare
LIT_Compendium_All,5.0,1639.2000000029802,0.3050,ID_Lore_Rare_Note01,A Successful Defence,Rarity.Rare
LIT_Compendium_All,1.0,1639.2000000029802,0.0610,ID_Map_Epic_M02_01a,Jacques Bridge Map,Rarity.Uncommon
LIT_Compendium_All,1.0,1639.2000000029802,0.0610,ID_Lore_Epic_Note15,Valon Marsh,Rarity.Epic
LIT_Compendium_All,1.0,1639.2000000029802,0.0610,ID_Lore_Epic_Note14,The Treaty,Rarity.Epic
LIT_Compendium_All,1.0,1639.2000000029802,0.0610,ID_Lore_Epic_Note12,The Bacterium Takes Hold,Rarity.Epic
LIT_Compendium_All,1.0,1639.2000000029802,0.0610,ID_Lore_Epic_Note11,Origins and Spread of the Bacterium,Rarity.Epic
LIT_Compendium_All,1.0,1639.2000000029802,0.0610,ID_Lore_Epic_Note10,The Green Ghost,Rarity.Epic
LIT_Compendium_All,1.0,1639.2000000029802,0.0610,ID_Lore_Epic_Note03,Rider's Dispatch Number 46,Rarity.Epic
LIT_Compendium_All,1.0,1639.2000000029802,0.0610,ID_Lore_Epic_Note02,The Bergerac Letter,Rarity.Epic
LIT_Compendium_All,1.0,1639.2000000029802,0.0610,ID_Lore_Epic_Note01,The Lefèvre Findings,Rarity.Epic
LIT_Compendium_All,0.1,1639.2000000029802,0.0061,ID_Lore_Legendary_Note02,The Erosion of Conscience,Rarity.Legendary
LIT_Compendium_All,0.1,1639.2000000029802,0.0061,ID_Lore_Legendary_Note01,An Almanac of the World After the End,Rarity.Legendary
LIT_Common_Weap_Rifles,100.0,100.0,100.0000,ID_Weap_Rifle_Common01,Brown Betty,
LIT_Common_Weap_Pistols,100.0,200.0,50.0000,ID_Weap_Pistol_Common02,Longboy,
LIT_Common_Weap_Pistols,100.0,200.0,50.0000,ID_Weap_Pistol_Common01,Snub,
LIT_ClubRecipe_Common_Loose,70.0,100.0,70.0000,ID_Money_Copper,Copper Coin,Rarity.Uncommon
LIT_ClubRecipe_Common_Loose,20.0,100.0,20.0000,ID_Rec_Weap_Club,Metallurgist Recipe - Club,Rarity.Uncommon
LIT_ClubRecipe_Common_Loose,10.0,100.0,10.0000,ID_Money_Silver,Silver Coin,Rarity.Rare
LIT_Clothes_01,50.0,645.3000000044703,7.7483,ID_Common_WoodenFork,Wooden Fork,
LIT_Clothes_01,50.0,645.3000000044703,7.7483,ID_Common_TwineBall,Twine Ball,
LIT_Clothes_01,50.0,645.3000000044703,7.7483,ID_Common_SeamstressNeedle,Seamstress Needle,
LIT_Clothes_01,50.0,645.3000000044703,7.7483,ID_Common_OldRidingGlove,Old Riding Glove,
LIT_Clothes_01,50.0,645.3000000044703,7.7483,ID_Common_OldHorsehairBrush,Old Horsehair Brush,
LIT_Clothes_01,50.0,645.3000000044703,7.7483,ID_Common_JuteHat,Jute Hat,
LIT_Clothes_01,50.0,645.3000000044703,7.7483,ID_Common_FilthyBritches,Filthy Britches,
LIT_Clothes_01,50.0,645.3000000044703,7.7483,ID_Common_DampRag,Damp Rag,
LIT_Clothes_01,50.0,645.3000000044703,7.7483,ID_Common_CanvasPatch,Canvas Patch,
LIT_Clothes_01,25.0,645.3000000044703,3.8742,ID_Uncommon_ReinforcedGarter,Reinforced Garter,Rarity.Uncommon
LIT_Clothes_01,25.0,645.3000000044703,3.8742,ID_Uncommon_RedOchre,Red Ochre,Rarity.Uncommon
LIT_Clothes_01,25.0,645.3000000044703,3.8742,ID_Uncommon_DankTobacco,Dank Tobacco,Rarity.Uncommon
LIT_Clothes_01,25.0,645.3000000044703,3.8742,ID_Uncommon_BeltStrap,Belt Strap,Rarity.Uncommon
LIT_Clothes_01,25.0,645.3000000044703,3.8742,ID_Uncommon_Amber,Amber,Rarity.Uncommon
LIT_Clothes_01,25.0,645.3000000044703,3.8742,ID_Common_ImpeccableTwine,Impeccable Twine,
LIT_Clothes_01,5.0,645.3000000044703,0.7748,ID_Rare_TornDamask,Torn Damask,Rarity.Rare
LIT_Clothes_01,5.0,645.3000000044703,0.7748,ID_Rare_ShinyBuckle,Shiny Buckle,Rarity.Rare
LIT_Clothes_01,5.0,645.3000000044703,0.7748,ID_Rare_RefinedTobacco,Refined Tobacco,Rarity.Rare
LIT_Clothes_01,5.0,645.3000000044703,0.7748,ID_Rare_Opium,Opium,Rarity.Rare
LIT_Clothes_01,5.0,645.3000000044703,0.7748,ID_Rare_NacreButton,Nacre Button,Rarity.Rare
LIT_Clothes_01,5.0,645.3000000044703,0.7748,ID_Rare_CalfskinBoots,Calfskin Boots,Rarity.Rare
LIT_Clothes_01,1.0,645.3000000044703,0.1550,ID_Epic_WoolBlanket,Wool Blanket,Rarity.Epic
LIT_Clothes_01,1.0,645.3000000044703,0.1550,ID_Epic_WhitePearl,White Pearl,Rarity.Epic
LIT_Clothes_01,1.0,645.3000000044703,0.1550,ID_Epic_UncutGems,Uncut Gems,Rarity.Epic
LIT_Clothes_01,1.0,645.3000000044703,0.1550,ID_Epic_UncutDiamonds,Uncut Diamonds,Rarity.Epic
LIT_Clothes_01,1.0,645.3000000044703,0.1550,ID_Epic_TailHair,Tail Hair,Rarity.Epic
LIT_Clothes_01,1.0,645.3000000044703,0.1550,ID_Epic_RosaryBeads,Rosary Beads,Rarity.Epic
LIT_Clothes_01,1.0,645.3000000044703,0.1550,ID_Epic_RomaniTreads,Romani Treads,Rarity.Epic
LIT_Clothes_01,1.0,645.3000000044703,0.1550,ID_Epic_Poison,Arsenic,Rarity.Epic
LIT_Clothes_01,1.0,645.3000000044703,0.1550,ID_Epic_OpiumPipe,Opium Pipe,Rarity.Epic
LIT_Clothes_01,1.0,645.3000000044703,0.1550,ID_Epic_LadiesGirdle,Ladies Girdle,Rarity.Epic
LIT_Clothes_01,1.0,645.3000000044703,0.1550,ID_Epic_GlassVial,Glass Vial,Rarity.Epic
LIT_Clothes_01,1.0,645.3000000044703,0.1550,ID_Epic_FrayingTaffetaWaistcoat,Fraying Taffeta Waistcoat,Rarity.Epic
LIT_Clothes_01,1.0,645.3000000044703,0.1550,ID_Epic_FancySilverPlaque,Fancy Silver Plaque,Rarity.Epic
LIT_Clothes_01,1.0,645.3000000044703,0.1550,ID_Epic_DirtyBrocadeDress,Dirty Brocade Dress,Rarity.Epic
LIT_Clothes_01,1.0,645.3000000044703,0.1550,ID_Epic_CashmereShawl,Cashmere Shawl,Rarity.Epic
LIT_Clothes_01,0.1,645.3000000044703,0.0155,ID_Legendary_Topaz,Topaz,Rarity.Legendary
LIT_Clothes_01,0.1,645.3000000044703,0.0155,ID_Legendary_JacobinCipher,Jacobin Cipher,Rarity.Legendary
LIT_Clothes_01,0.1,645.3000000044703,0.0155,ID_Legendary_FlawlessDiamond,Flawless Diamond,Rarity.Legendary
LIT_Civilian_01,100.0,2650.0,3.7736,ID_Money_Copper,Copper Coin,Rarity.Uncommon
LIT_Civilian_01,100.0,2650.0,3.7736,ID_Key_Bronze,Bronze Key,Rarity.Uncommon
LIT_Civilian_01,100.0,2650.0,3.7736,ID_Common_Woodchips,Woodchips,
LIT_Civilian_01,100.0,2650.0,3.7736,ID_Common_IronJug,Iron Jug,
LIT_Civilian_01,100.0,2650.0,3.7736,ID_Common_Flour,Flour,
LIT_Civilian_01,100.0,2650.0,3.7736,ID_Common_Apple,Fresh Apple,
LIT_Civilian_01,80.0,2650.0,3.0189,ID_HipBag_Common02,Rusty Bucket,
LIT_Civilian_01,80.0,2650.0,3.0189,ID_HipBag_Common01,Moist Pouch,
LIT_Civilian_01,80.0,2650.0,3.0189,ID_Herb_01_LavenderOil,Lavender Oil,
LIT_Civilian_01,80.0,2650.0,3.0189,ID_Herb_01_Lavender,Lavender,
LIT_Civilian_01,80.0,2650.0,3.0189,ID_Food_Common05,Mouldy Baguette,
LIT_Civilian_01,80.0,2650.0,3.0189,ID_Food_Common04,Thin Gruel,
LIT_Civilian_01,80.0,2650.0,3.0189,ID_Food_Common03,Grey Ham,
LIT_Civilian_01,80.0,2650.0,3.0189,ID_Food_Common02,Cold Meat Pottage,
LIT_Civilian_01,80.0,2650.0,3.0189,ID_Food_Common01,Stewed Apple,
LIT_Civilian_01,80.0,2650.0,3.0189,ID_Drink_Common04,Spoiled Rum,
LIT_Civilian_01,80.0,2650.0,3.0189,ID_Drink_Common03,Thin Mead,
LIT_Civilian_01,80.0,2650.0,3.0189,ID_Drink_Common02,Tavern Wine,
LIT_Civilian_01,80.0,2650.0,3.0189,ID_Drink_Common01,Tepid Water,
LIT_Civilian_01,80.0,2650.0,3.0189,ID_BackBag_Common02,Foraging Basket,
LIT_Civilian_01,80.0,2650.0,3.0189,ID_BackBag_Common01,Damp Knapsack,
LIT_Civilian_01,40.0,2650.0,1.5094,ID_Uncommon_SilverCandleHolder,Silver Candleholder,Rarity.Uncommon
LIT_Civilian_01,40.0,2650.0,1.5094,ID_Uncommon_PewterBowl,Pewter Bowl,Rarity.Uncommon
LIT_Civilian_01,40.0,2650.0,1.5094,ID_Uncommon_LeatherBoots,Marching Boots,Rarity.Uncommon
LIT_Civilian_01,40.0,2650.0,1.5094,ID_Money_Silver,Silver Coin,Rarity.Rare
LIT_Civilian_01,40.0,2650.0,1.5094,ID_Key_Silver,Silver Key,Rarity.Rare
LIT_Civilian_01,40.0,2650.0,1.5094,ID_HipBag_Uncommon03,Old Satchel,Rarity.Uncommon
LIT_Civilian_01,40.0,2650.0,1.5094,ID_HipBag_Uncommon02,Threshing Basket,Rarity.Uncommon
LIT_Civilian_01,40.0,2650.0,1.5094,ID_HipBag_Uncommon01,Ragged Sack,Rarity.Uncommon
LIT_Civilian_01,40.0,2650.0,1.5094,ID_Herb_02_Rosemary,Rosemary,Rarity.Uncommon
LIT_Civilian_01,40.0,2650.0,1.5094,ID_BackBag_Uncommon03,Leather Barrel Bag,Rarity.Uncommon
LIT_Civilian_01,40.0,2650.0,1.5094,ID_BackBag_Uncommon02,Muriel's Box,Rarity.Uncommon
LIT_Civilian_01,40.0,2650.0,1.5094,ID_BackBag_Uncommon01,Burlap Haversack,Rarity.Uncommon
LIT_Civilian_01,30.0,2650.0,1.1321,ID_Herb_02_DriedRosemary,Dried Rosemary,Rarity.Uncommon
LIT_Civilian_01,20.0,2650.0,0.7547,ID_WeaponBag_Rare01,Hunting Sling,Rarity.Rare
LIT_Civilian_01,20.0,2650.0,0.7547,ID_Rare_SilverDish,Silver Dish,Rarity.Rare
LIT_Civilian_01,20.0,2650.0,0.7547,ID_Rare_SilverCandlestickLarge,Large Silver Candlestick,Rarity.Epic
LIT_Civilian_01,20.0,2650.0,0.7547,ID_Rare_SilverCandlestick,Silver Candlestick,Rarity.Rare
LIT_Civilian_01,20.0,2650.0,0.7547,ID_Rare_Pestle,Pestle,Rarity.Rare
LIT_Civilian_01,20.0,2650.0,0.7547,ID_Rare_Mortar,Mortar,Rarity.Rare
LIT_Civilian_01,20.0,2650.0,0.7547,ID_Rare_JewelleryBox_Bronze,Sealed Bronze Reliquary,Rarity.Rare
LIT_Civilian_01,20.0,2650.0,0.7547,ID_Rare_CalfskinBoots,Calfskin Boots,Rarity.Rare
LIT_Civilian_01,20.0,2650.0,0.7547,ID_Lore_Common_Note06,Packing List,
LIT_Civilian_01,20.0,2650.0,0.7547,ID_Lore_Common_Note03,Ode to Broussard,
LIT_Civilian_01,20.0,2650.0,0.7547,ID_Lore_Common_Note02,Recipe for Cider,
LIT_Civilian_01,20.0,2650.0,0.7547,ID_Lore_Common_Note01,Recipe for Sweetbreads,
LIT_Civilian_01,20.0,2650.0,0.7547,ID_Herb_03_PinkYarrow,Yarrow,Rarity.Rare
LIT_Civilian_01,12.0,2650.0,0.4528,ID_Herb_03_PinkYarrowDust,Yarrow Dust,Rarity.Rare
LIT_Civilian_01,10.0,2650.0,0.3774,ID_Lore_Uncommon_Note04,Poor Grandpapa,Rarity.Uncommon
LIT_Civilian_01,10.0,2650.0,0.3774,ID_Lore_Uncommon_Note01,"Verily, Shake It",Rarity.Uncommon
LIT_Civilian_01,8.0,2650.0,0.3019,ID_Money_Gold,Gold Coin,Rarity.Epic
LIT_Civilian_01,8.0,2650.0,0.3019,ID_Key_Gold,Gold Key,Rarity.Epic
LIT_Civilian_01,8.0,2650.0,0.3019,ID_Herb_04_Fungi,Medicinal Fungi,Rarity.Epic
LIT_Civilian_01,8.0,2650.0,0.3019,ID_Epic_RomaniTreads,Romani Treads,Rarity.Epic
LIT_Civilian_01,8.0,2650.0,0.3019,ID_Epic_JewelleryBox_Silver,Sealed Silver Reliquary,Rarity.Epic
LIT_Civilian_01,4.0,2650.0,0.1509,ID_Herb_04_FungalUnguent,Fungal Unguent,Rarity.Epic
LIT_Civilian_01,2.0,2650.0,0.0755,ID_Herb_05_Poppy,Poppy,Rarity.Legendary
LIT_Civilian_01,1.0,2650.0,0.0377,ID_Legendary_JewelleryBox_Gold,Sealed Gold Reliquary,Rarity.Legendary
LIT_Civilian_01,1.0,2650.0,0.0377,ID_Herb_05_MilkofPoppy,Milk of Poppy,Rarity.Legendary
LIT_CivilianDresser,100.0,1923.6000000089407,5.1986,ID_Med_Ampoule_Common,Crude Ampoule ,
LIT_CivilianDresser,100.0,1923.6000000089407,5.1986,ID_HipBag_Common02,Rusty Bucket,
LIT_CivilianDresser,100.0,1923.6000000089407,5.1986,ID_HipBag_Common01,Moist Pouch,
LIT_CivilianDresser,100.0,1923.6000000089407,5.1986,ID_Common_TwineBall,Twine Ball,
LIT_CivilianDresser,100.0,1923.6000000089407,5.1986,ID_Common_SeamstressNeedle,Seamstress Needle,
LIT_CivilianDresser,100.0,1923.6000000089407,5.1986,ID_Common_OldRidingGlove,Old Riding Glove,
LIT_CivilianDresser,100.0,1923.6000000089407,5.1986,ID_Common_Nettlecloth,Nettlecloth,
LIT_CivilianDresser,100.0,1923.6000000089407,5.1986,ID_Common_LatchHook,Latch Hook,
LIT_CivilianDresser,100.0,1923.6000000089407,5.1986,ID_Common_JuteHat,Jute Hat,
LIT_CivilianDresser,100.0,1923.6000000089407,5.1986,ID_Common_ImpeccableTwine,Impeccable Twine,
LIT_CivilianDresser,100.0,1923.6000000089407,5.1986,ID_Common_FilthyBritches,Filthy Britches,
LIT_CivilianDresser,100.0,1923.6000000089407,5.1986,ID_Common_DampRag,Damp Rag,
LIT_CivilianDresser,100.0,1923.6000000089407,5.1986,ID_Common_CanvasPatch,Canvas Patch,
LIT_CivilianDresser,100.0,1923.6000000089407,5.1986,ID_Common_CabinetHandle,Cabinet Handle,
LIT_CivilianDresser,100.0,1923.6000000089407,5.1986,ID_BackBag_Common02,Foraging Basket,
LIT_CivilianDresser,100.0,1923.6000000089407,5.1986,ID_BackBag_Common01,Damp Knapsack,
LIT_CivilianDresser,25.0,1923.6000000089407,1.2996,ID_Uncommon_ToyDoll,Toy Doll,Rarity.Uncommon
LIT_CivilianDresser,25.0,1923.6000000089407,1.2996,ID_Uncommon_ReinforcedGarter,Reinforced Garter,Rarity.Uncommon
LIT_CivilianDresser,25.0,1923.6000000089407,1.2996,ID_Uncommon_PreciousBox,Precious Box,Rarity.Uncommon
LIT_CivilianDresser,25.0,1923.6000000089407,1.2996,ID_Uncommon_PowderTin,Powder Tin,Rarity.Uncommon
LIT_CivilianDresser,25.0,1923.6000000089407,1.2996,ID_Uncommon_LeatherBoots,Marching Boots,Rarity.Uncommon
LIT_CivilianDresser,25.0,1923.6000000089407,1.2996,ID_Uncommon_DankTobacco,Dank Tobacco,Rarity.Uncommon
LIT_CivilianDresser,25.0,1923.6000000089407,1.2996,ID_Uncommon_CoatToggle,Coat Toggle,Rarity.Uncommon
LIT_CivilianDresser,25.0,1923.6000000089407,1.2996,ID_Uncommon_BeltStrap,Belt Strap,Rarity.Uncommon
LIT_CivilianDresser,25.0,1923.6000000089407,1.2996,ID_Rare_SilverCandlestick,Silver Candlestick,Rarity.Rare
LIT_CivilianDresser,25.0,1923.6000000089407,1.2996,ID_Med_Ampoule_Uncommon,Basic Ampoule,Rarity.Uncommon
LIT_CivilianDresser,5.0,1923.6000000089407,0.2599,ID_Rare_TornDamask,Torn Damask,Rarity.Rare
LIT_CivilianDresser,5.0,1923.6000000089407,0.2599,ID_Rare_SilverCandlestickLarge,Large Silver Candlestick,Rarity.Epic
LIT_CivilianDresser,5.0,1923.6000000089407,0.2599,ID_Rare_SilverCandlestick,Silver Candlestick,Rarity.Rare
LIT_CivilianDresser,5.0,1923.6000000089407,0.2599,ID_Rare_ShinyBuckle,Shiny Buckle,Rarity.Rare
LIT_CivilianDresser,5.0,1923.6000000089407,0.2599,ID_Rare_RefinedTobacco,Refined Tobacco,Rarity.Rare
LIT_CivilianDresser,5.0,1923.6000000089407,0.2599,ID_Rare_OrnateCushion,Ornate Cushion,Rarity.Rare
LIT_CivilianDresser,5.0,1923.6000000089407,0.2599,ID_Rare_NacreButton,Nacre Button,Rarity.Rare
LIT_CivilianDresser,5.0,1923.6000000089407,0.2599,ID_Rare_JewelleryBox_Bronze,Sealed Bronze Reliquary,Rarity.Rare
LIT_CivilianDresser,5.0,1923.6000000089407,0.2599,ID_Rare_GildedTassels,Gilded Tassels,Rarity.Rare
LIT_CivilianDresser,5.0,1923.6000000089407,0.2599,ID_Rare_CottonBedSheets,Cotton Bed Sheets,Rarity.Rare
LIT_CivilianDresser,5.0,1923.6000000089407,0.2599,ID_Rare_CalfskinBoots,Calfskin Boots,Rarity.Rare
LIT_CivilianDresser,5.0,1923.6000000089407,0.2599,ID_Med_Ampoule_Rare,Robust Ampoule,Rarity.Rare
LIT_CivilianDresser,5.0,1923.6000000089407,0.2599,ID_Epic_Poison,Arsenic,Rarity.Epic
LIT_CivilianDresser,1.0,1923.6000000089407,0.0520,ID_Med_Ampoule_Epic,Empusa's Tonic,Rarity.Epic
LIT_CivilianDresser,1.0,1923.6000000089407,0.0520,ID_Epic_WoolBlanket,Wool Blanket,Rarity.Epic
LIT_CivilianDresser,1.0,1923.6000000089407,0.0520,ID_Epic_RosaryBeads,Rosary Beads,Rarity.Epic
LIT_CivilianDresser,1.0,1923.6000000089407,0.0520,ID_Epic_RomaniTreads,Romani Treads,Rarity.Epic
LIT_CivilianDresser,1.0,1923.6000000089407,0.0520,ID_Epic_LadiesGirdle,Ladies Girdle,Rarity.Epic
LIT_CivilianDresser,1.0,1923.6000000089407,0.0520,ID_Epic_FrayingTaffetaWaistcoat,Fraying Taffeta Waistcoat,Rarity.Epic
LIT_CivilianDresser,1.0,1923.6000000089407,0.0520,ID_Epic_DirtyBrocadeDress,Dirty Brocade Dress,Rarity.Epic
LIT_CivilianDresser,1.0,1923.6000000089407,0.0520,ID_Epic_CashmereShawl,Cashmere Shawl,Rarity.Epic
LIT_CivilianDresser,0.1,1923.6000000089407,0.0052,ID_Med_Ampoule_Legendary,Ambrosia,Rarity.Legendary
LIT_CivilianDresser,0.1,1923.6000000089407,0.0052,ID_Legendary_Vicuna,Vicuna,Rarity.Legendary
LIT_CivilianDresser,0.1,1923.6000000089407,0.0052,ID_Legendary_SilkScarf,Silk Scarf,Rarity.Legendary
LIT_CivilianDresser,0.1,1923.6000000089407,0.0052,ID_Legendary_PolluxCameo,Cameo Of Pollux,Rarity.Legendary
LIT_CivilianDresser,0.1,1923.6000000089407,0.0052,ID_Legendary_CastorCameo,Cameo Of Castor,Rarity.Legendary
LIT_CivilianDresser,0.1,1923.6000000089407,0.0052,ID_BackBag_Legendary01,Coldstream Pack,Rarity.Legendary
LIT_CivilianCupboard,100.0,2870.2000000029802,3.4841,ID_Herb_Thyme,Thyme,
LIT_CivilianCupboard,100.0,2870.2000000029802,3.4841,ID_Herb_Chervil,Chervil,
LIT_CivilianCupboard,100.0,2870.2000000029802,3.4841,ID_Common_WoodenFork,Wooden Fork,
LIT_CivilianCupboard,100.0,2870.2000000029802,3.4841,ID_Common_WetCabbage,Wet Cabbage,
LIT_CivilianCupboard,100.0,2870.2000000029802,3.4841,ID_Common_TallowBalm,Tallow Balm,
LIT_CivilianCupboard,100.0,2870.2000000029802,3.4841,ID_Common_SproutingTuber,Sprouting Tuber,
LIT_CivilianCupboard,100.0,2870.2000000029802,3.4841,ID_Common_SeaSalt,Sea Salt,
LIT_CivilianCupboard,100.0,2870.2000000029802,3.4841,ID_Common_Rye,Rye,
LIT_CivilianCupboard,100.0,2870.2000000029802,3.4841,ID_Common_RottenEgg,Rotten Egg,
LIT_CivilianCupboard,100.0,2870.2000000029802,3.4841,ID_Common_PineOil,Pine Oil,
LIT_CivilianCupboard,100.0,2870.2000000029802,3.4841,ID_Common_OldHorsehairBrush,Old Horsehair Brush,
LIT_CivilianCupboard,100.0,2870.2000000029802,3.4841,ID_Common_MilkingPail,Milking Pail,
LIT_CivilianCupboard,100.0,2870.2000000029802,3.4841,ID_Common_LemonPeel,Lemon Peel,
LIT_CivilianCupboard,100.0,2870.2000000029802,3.4841,ID_Common_Lard,Lard,
LIT_CivilianCupboard,100.0,2870.2000000029802,3.4841,ID_Common_IronPot,Iron Pot,
LIT_CivilianCupboard,100.0,2870.2000000029802,3.4841,ID_Common_IronJug,Iron Jug,
LIT_CivilianCupboard,100.0,2870.2000000029802,3.4841,ID_Common_FreshEgg,Fresh Egg,Rarity.Uncommon
LIT_CivilianCupboard,100.0,2870.2000000029802,3.4841,ID_Common_Flour,Flour,
LIT_CivilianCupboard,100.0,2870.2000000029802,3.4841,ID_Common_CrudePreservingJar,Crude Preserving Jar,
LIT_CivilianCupboard,100.0,2870.2000000029802,3.4841,ID_Common_CorkStopper,Cork Stopper,
LIT_CivilianCupboard,100.0,2870.2000000029802,3.4841,ID_Common_CarrionShank,Carrion Shank,
LIT_CivilianCupboard,100.0,2870.2000000029802,3.4841,ID_Common_CabinetHandle,Cabinet Handle,
LIT_CivilianCupboard,100.0,2870.2000000029802,3.4841,ID_Common_BerryPaste,Berry Paste,
LIT_CivilianCupboard,100.0,2870.2000000029802,3.4841,ID_Common_Apple,Fresh Apple,
LIT_CivilianCupboard,25.0,2870.2000000029802,0.8710,ID_Uncommon_ToyDoll,Toy Doll,Rarity.Uncommon
LIT_CivilianCupboard,25.0,2870.2000000029802,0.8710,ID_Uncommon_TarnishedSpoon,Tarnished Spoon,Rarity.Uncommon
LIT_CivilianCupboard,25.0,2870.2000000029802,0.8710,ID_Uncommon_Pitch,Pitch,Rarity.Uncommon
LIT_CivilianCupboard,25.0,2870.2000000029802,0.8710,ID_Uncommon_PewterBowl,Pewter Bowl,Rarity.Uncommon
LIT_CivilianCupboard,25.0,2870.2000000029802,0.8710,ID_Uncommon_MadderRoot,Madder Root,Rarity.Uncommon
LIT_CivilianCupboard,25.0,2870.2000000029802,0.8710,ID_Uncommon_LyeCrumble,Lye Crumble,Rarity.Uncommon
LIT_CivilianCupboard,25.0,2870.2000000029802,0.8710,ID_Uncommon_LinseedOil,Linseed Oil,Rarity.Uncommon
LIT_CivilianCupboard,25.0,2870.2000000029802,0.8710,ID_Uncommon_Lambgut,Lambgut,Rarity.Uncommon
LIT_CivilianCupboard,25.0,2870.2000000029802,0.8710,ID_Uncommon_IndigoFlakes,Indigo Flakes,Rarity.Uncommon
LIT_CivilianCupboard,25.0,2870.2000000029802,0.8710,ID_Uncommon_GristleWax,Gristle Wax,Rarity.Uncommon
LIT_CivilianCupboard,25.0,2870.2000000029802,0.8710,ID_Uncommon_GrapeMust,Grape Must,Rarity.Uncommon
LIT_CivilianCupboard,25.0,2870.2000000029802,0.8710,ID_Uncommon_DistilledWater,Distilled Water,Rarity.Uncommon
LIT_CivilianCupboard,25.0,2870.2000000029802,0.8710,ID_Uncommon_CrispCarrot,Crisp Carrot,Rarity.Uncommon
LIT_CivilianCupboard,25.0,2870.2000000029802,0.8710,ID_Uncommon_BrinedFlesh,Brined Flesh,Rarity.Uncommon
LIT_CivilianCupboard,25.0,2870.2000000029802,0.8710,ID_Herb_Tarragon,Tarragon,Rarity.Uncommon
LIT_CivilianCupboard,25.0,2870.2000000029802,0.8710,ID_Herb_Basil,Basil,Rarity.Uncommon
LIT_CivilianCupboard,5.0,2870.2000000029802,0.1742,ID_Rare_WillowBark,Willow Bark,Rarity.Rare
LIT_CivilianCupboard,5.0,2870.2000000029802,0.1742,ID_Rare_SunRipenedHaunch,Sun Ripened Haunch,Rarity.Rare
LIT_CivilianCupboard,5.0,2870.2000000029802,0.1742,ID_Rare_SilverDish,Silver Dish,Rarity.Rare
LIT_CivilianCupboard,5.0,2870.2000000029802,0.1742,ID_Rare_Pestle,Pestle,Rarity.Rare
LIT_CivilianCupboard,5.0,2870.2000000029802,0.1742,ID_Rare_OxliverOil,Oxliver Oil,Rarity.Rare
LIT_CivilianCupboard,5.0,2870.2000000029802,0.1742,ID_Rare_Mortar,Mortar,Rarity.Rare
LIT_CivilianCupboard,5.0,2870.2000000029802,0.1742,ID_Rare_MarchingDrum,Marching Drum,Rarity.Rare
LIT_CivilianCupboard,5.0,2870.2000000029802,0.1742,ID_Rare_Hartshorn,Hartshorn,Rarity.Rare
LIT_CivilianCupboard,5.0,2870.2000000029802,0.1742,ID_Rare_BrownOnion,Brown Onion,Rarity.Rare
LIT_CivilianCupboard,5.0,2870.2000000029802,0.1742,ID_Herb_Marjoram,Marjoram,Rarity.Rare
LIT_CivilianCupboard,5.0,2870.2000000029802,0.1742,ID_Herb_Chives,Chives,Rarity.Rare
LIT_CivilianCupboard,5.0,2870.2000000029802,0.1742,ID_Epic_ChinaGravyboat,Tianlong Gravy Boat,Rarity.Epic
LIT_CivilianCupboard,5.0,2870.2000000029802,0.1742,ID_Epic_ChinaBowl,China Bowl,Rarity.Epic
LIT_CivilianCupboard,1.0,2870.2000000029802,0.0348,ID_Herb_BarrowVein,Barrow Vein,Rarity.Epic
LIT_CivilianCupboard,1.0,2870.2000000029802,0.0348,ID_Epic_RoueDeCantal,Roue De Cantal,Rarity.Epic
LIT_CivilianCupboard,1.0,2870.2000000029802,0.0348,ID_Epic_PureHoney,Pure Honey,Rarity.Epic
LIT_CivilianCupboard,1.0,2870.2000000029802,0.0348,ID_Epic_Poison,Arsenic,Rarity.Epic
LIT_CivilianCupboard,1.0,2870.2000000029802,0.0348,ID_Epic_DriedGrapes,Dried Grapes,Rarity.Epic
LIT_CivilianCupboard,0.1,2870.2000000029802,0.0035,ID_Legendary_RoyalJelly,Royal Jelly,Rarity.Legendary
LIT_CivilianCupboard,0.1,2870.2000000029802,0.0035,ID_Legendary_FoieGras,Foie Gras,Rarity.Legendary
LIT_Chinaware,80.0,335.0,23.8806,ID_Uncommon_PewterBowl,Pewter Bowl,Rarity.Uncommon
LIT_Chinaware,80.0,335.0,23.8806,ID_Common_CrudePreservingJar,Crude Preserving Jar,
LIT_Chinaware,75.0,335.0,22.3881,ID_Rare_SilverDish,Silver Dish,Rarity.Rare
LIT_Chinaware,50.0,335.0,14.9254,ID_Epic_ChinaGravyboat,Tianlong Gravy Boat,Rarity.Epic
LIT_Chinaware,50.0,335.0,14.9254,ID_Epic_ChinaBowl,China Bowl,Rarity.Epic
LIT_ChickenCoop,40.0,241.0,16.5975,ID_Common_Woodchips,Woodchips,
LIT_ChickenCoop,40.0,241.0,16.5975,ID_Common_Rye,Rye,
LIT_ChickenCoop,40.0,241.0,16.5975,ID_Common_RottenEgg,Rotten Egg,
LIT_ChickenCoop,40.0,241.0,16.5975,ID_Common_FreshEgg,Fresh Egg,Rarity.Uncommon
LIT_ChickenCoop,40.0,241.0,16.5975,ID_Common_CrustyFeces,Crusty Faeces,
LIT_ChickenCoop,25.0,241.0,10.3734,ID_Uncommon_WalnutHusk,Walnut Husk,Rarity.Uncommon
LIT_ChickenCoop,5.0,241.0,2.0747,ID_Rare_Windfall,Windfall,Rarity.Rare
LIT_ChickenCoop,5.0,241.0,2.0747,ID_Rare_NacreButton,Nacre Button,Rarity.Rare
LIT_ChickenCoop,5.0,241.0,2.0747,ID_Rare_JewelleryBox_Bronze,Sealed Bronze Reliquary,Rarity.Rare
LIT_ChickenCoop,1.0,241.0,0.4149,ID_Epic_OakGall,Oak Gall,Rarity.Epic
LIT_ChestArmourRecipe_Uncommon_Loose,70.0,100.0,70.0000,ID_Money_Copper,Copper Coin,Rarity.Uncommon
LIT_ChestArmourRecipe_Uncommon_Loose,15.0,100.0,15.0000,ID_Rec_Armour_Chest_Uncommon01,Outfitter Recipe - Leather Cuirass,Rarity.Rare
LIT_ChestArmourRecipe_Uncommon_Loose,15.0,100.0,15.0000,ID_Money_Silver,Silver Coin,Rarity.Rare
LIT_ChestArmourRecipe_Rare_Loose,70.0,100.0,70.0000,ID_Money_Copper,Copper Coin,Rarity.Uncommon
LIT_ChestArmourRecipe_Rare_Loose,20.0,100.0,20.0000,ID_Money_Silver,Silver Coin,Rarity.Rare
LIT_ChestArmourRecipe_Rare_Loose,10.0,100.0,10.0000,ID_Rec_Armour_Chest_Rare01,Outfitter Recipe - Sapper's Cuirass,Rarity.Epic
LIT_Cairn,10.0,69.2800000011921,14.4342,ID_Common_Whetstone,Whetstone,
LIT_Cairn,10.0,69.2800000011921,14.4342,ID_Common_ChippedFlint,Chipped Flint,
LIT_Cairn,10.0,69.2800000011921,14.4342,ID_Common_Chalkstone,Chalkstone,
LIT_Cairn,10.0,69.2800000011921,14.4342,ID_Common_BogIron,Bog Iron,
LIT_Cairn,5.0,69.2800000011921,7.2171,ID_Rare_ShinyBuckle,Shiny Buckle,Rarity.Rare
LIT_Cairn,5.0,69.2800000011921,7.2171,ID_Rare_PumiceStone,Pumice Stone,Rarity.Rare
LIT_Cairn,5.0,69.2800000011921,7.2171,ID_Rare_Opium,Opium,Rarity.Rare
LIT_Cairn,5.0,69.2800000011921,7.2171,ID_Rare_NacreButton,Nacre Button,Rarity.Rare
LIT_Cairn,1.0,69.2800000011921,1.4434,ID_Epic_WhitePearl,White Pearl,Rarity.Epic
LIT_Cairn,1.0,69.2800000011921,1.4434,ID_Epic_UncutGems,Uncut Gems,Rarity.Epic
LIT_Cairn,1.0,69.2800000011921,1.4434,ID_Epic_UncutDiamonds,Uncut Diamonds,Rarity.Epic
LIT_Cairn,1.0,69.2800000011921,1.4434,ID_Epic_Serpentstone,Serpentstone,Rarity.Epic
LIT_Cairn,1.0,69.2800000011921,1.4434,ID_Epic_OpiumPipe,Opium Pipe,Rarity.Epic
LIT_Cairn,1.0,69.2800000011921,1.4434,ID_Epic_OpiumPipe,Opium Pipe,Rarity.Epic
LIT_Cairn,1.0,69.2800000011921,1.4434,ID_Epic_FancySilverPlaque,Fancy Silver Plaque,Rarity.Epic
LIT_Cairn,1.0,69.2800000011921,1.4434,ID_Epic_Bloodstone,Bloodstone,Rarity.Epic
LIT_Cairn,1.0,69.2800000011921,1.4434,ID_Epic_AmberPearl,Amber Pearl,Rarity.Epic
LIT_Cairn,0.1,69.2800000011921,0.1443,ID_Legendary_JewelleryBox_Gold,Sealed Gold Reliquary,Rarity.Legendary
LIT_Cairn,0.1,69.2800000011921,0.1443,ID_Legendary_FlawlessDiamond,Flawless Diamond,Rarity.Legendary
LIT_Cairn,0.08,69.2800000011921,0.1155,ID_Legendary_SwordHiltOfMolay,Sword Hilt Of Molay,Rarity.Legendary
LIT_BullionBox,5.0,50.71010001020477,9.8600,ID_Epic_WhitePearl,White Pearl,Rarity.Epic
LIT_BullionBox,5.0,50.71010001020477,9.8600,ID_Epic_Tortoiseshell,Tortoise Shell,Rarity.Epic
LIT_BullionBox,5.0,50.71010001020477,9.8600,ID_Epic_Serpentstone,Serpentstone,Rarity.Epic
LIT_BullionBox,5.0,50.71010001020477,9.8600,ID_Epic_OpiumPipe,Opium Pipe,Rarity.Epic
LIT_BullionBox,5.0,50.71010001020477,9.8600,ID_Epic_IvoryTusk,Ivory Tusk,Rarity.Epic
LIT_BullionBox,5.0,50.71010001020477,9.8600,ID_Epic_Ebony,Ebony,Rarity.Epic
LIT_BullionBox,5.0,50.71010001020477,9.8600,ID_Epic_Bloodstone,Bloodstone,Rarity.Epic
LIT_BullionBox,5.0,50.71010001020477,9.8600,ID_Epic_AmberPearl,Amber Pearl,Rarity.Epic
LIT_BullionBox,2.5,50.71010001020477,4.9300,ID_Epic_UncutGems,Uncut Gems,Rarity.Epic
LIT_BullionBox,2.5,50.71010001020477,4.9300,ID_Epic_UncutDiamonds,Uncut Diamonds,Rarity.Epic
LIT_BullionBox,1.0,50.71010001020477,1.9720,ID_Lore_Epic_Note03,Rider's Dispatch Number 46,Rarity.Epic
LIT_BullionBox,1.0,50.71010001020477,1.9720,ID_Lore_Epic_Note02,The Bergerac Letter,Rarity.Epic
LIT_BullionBox,1.0,50.71010001020477,1.9720,ID_Lore_Epic_Note01,The Lefèvre Findings,Rarity.Epic
LIT_BullionBox,1.0,50.71010001020477,1.9720,ID_Key_Gold,Gold Key,Rarity.Epic
LIT_BullionBox,1.0,50.71010001020477,1.9720,ID_Epic_Baleen,Baleen,Rarity.Epic
LIT_BullionBox,0.1,50.71010001020477,0.1972,ID_Legendary_Topaz,Topaz,Rarity.Legendary
LIT_BullionBox,0.1,50.71010001020477,0.1972,ID_Legendary_PolluxCameo,Cameo Of Pollux,Rarity.Legendary
LIT_BullionBox,0.1,50.71010001020477,0.1972,ID_Legendary_GoldLeaf,Gold Leaf,Rarity.Legendary
LIT_BullionBox,0.1,50.71010001020477,0.1972,ID_Legendary_GoldBar,Gold Bar,Rarity.Legendary
LIT_BullionBox,0.1,50.71010001020477,0.1972,ID_Legendary_FlawlessDiamond,Flawless Diamond,Rarity.Legendary
LIT_BullionBox,0.1,50.71010001020477,0.1972,ID_Legendary_CastorCameo,Cameo Of Castor,Rarity.Legendary
LIT_BullionBox,0.1,50.71010001020477,0.1972,ID_Legendary_BloodOfThePenitent,Blood Of The Penitent,Rarity.Legendary
LIT_BullionBox,0.01,50.71010001020477,0.0197,ID_Money_Gold,Gold Coin,Rarity.Epic
LIT_BullionBox,0.0001,50.71010001020477,0.0002,ID_Lockbox_Legendary01,Charon's Oyster,Rarity.Legendary
LIT_Brute_Elite,99.0,100.0,99.0000,ID_Trophy_Brute_Elite,Pitchskin Foot,Rarity.Epic
LIT_Brute_Elite,1.0,100.0,1.0000,ID_Rec_C_Club_Rare01,Brute Femur - Club,Rarity.Rare
LIT_Brute_01,99.0,100.0,99.0000,ID_Trophy_Brute,Brute Foot,Rarity.Epic
LIT_Brute_01,1.0,100.0,1.0000,ID_Rec_C_BrownBetty_Uncommon07,Treaty Workhorse - Brown Betty,Rarity.Uncommon
LIT_BruteFemur_Loose,65.0,99.89999961853027,65.0651,ID_Rare_JewelleryBox_Bronze,Sealed Bronze Reliquary,Rarity.Rare
LIT_BruteFemur_Loose,23.0,99.89999961853027,23.0230,ID_Epic_JewelleryBox_Silver,Sealed Silver Reliquary,Rarity.Epic
LIT_BruteFemur_Loose,10.4,99.89999961853027,10.4104,ID_Legendary_JewelleryBox_Gold,Sealed Gold Reliquary,Rarity.Legendary
LIT_BruteFemur_Loose,1.5,99.89999961853027,1.5015,ID_Rec_C_Club_Rare01,Brute Femur - Club,Rarity.Rare
LIT_BosunsClasp_Loose,75.0,100.0,75.0000,ID_Money_Copper,Copper Coin,Rarity.Uncommon
LIT_BosunsClasp_Loose,15.0,100.0,15.0000,ID_Rec_C_HipBag03_Uncommon01,Bosun's Clasp - Old Satchel,Rarity.Uncommon
LIT_BosunsClasp_Loose,10.0,100.0,10.0000,ID_Money_Silver,Silver Coin,Rarity.Rare
LIT_Boss_M02,10.0,67.0,14.9254,ID_Weap_1HMelee_Epic01,Sabre,Rarity.Epic
LIT_Boss_M02,10.0,67.0,14.9254,ID_Armor_Chest_Epic01,Black Dragoon Cuirass,Rarity.Epic
LIT_Boss_M02,5.0,67.0,7.4627,ID_Weap_2HMelee_Legendary02,Zweihander,Rarity.Legendary
LIT_Boss_M02,5.0,67.0,7.4627,ID_Legendary_SwordHiltOfMolay,Sword Hilt Of Molay,Rarity.Legendary
LIT_Boss_M02,5.0,67.0,7.4627,ID_Legendary_PolluxCameo,Cameo Of Pollux,Rarity.Legendary
LIT_Boss_M02,5.0,67.0,7.4627,ID_Legendary_ImperialEagle,Imperial Eagle,Rarity.Legendary
LIT_Boss_M02,5.0,67.0,7.4627,ID_Legendary_BloodOfThePenitent,Blood Of The Penitent,Rarity.Legendary
LIT_Boss_M02,5.0,67.0,7.4627,ID_BackBag_Legendary02,Zealot's Tower,Rarity.Legendary
LIT_Boss_M02,5.0,67.0,7.4627,ID_BackBag_Legendary02,Zealot's Tower,Rarity.Legendary
LIT_Boss_M02,5.0,67.0,7.4627,ID_Armor_Chest_Legendary01,Old Guard Cuirass,Rarity.Legendary
LIT_Boss_M02,5.0,67.0,7.4627,ID_ArmorPatch_Legendary,Damascus Armour Plate,Rarity.Legendary
LIT_Boss_M02,1.0,67.0,1.4925,ID_Rec_C_Halberd_Epic01,Noble - Halberd,Rarity.Epic
LIT_Boss_M02,1.0,67.0,1.4925,ID_Rec_C_Dagger_Epic04,Trident - Dagger,Rarity.Epic
LIT_BloodbagRecipe_Uncommon_Loose,70.0,100.0,70.0000,ID_Money_Copper,Copper Coin,Rarity.Uncommon
LIT_BloodbagRecipe_Uncommon_Loose,15.0,100.0,15.0000,ID_Rec_Bloodbag_Uncommon01,Physician Recipe - Sealed Bloodbag,Rarity.Rare
LIT_BloodbagRecipe_Uncommon_Loose,15.0,100.0,15.0000,ID_Money_Silver,Silver Coin,Rarity.Rare
LIT_BloodbagRecipe_Rare_Loose,70.0,100.0,70.0000,ID_Money_Copper,Copper Coin,Rarity.Uncommon
LIT_BloodbagRecipe_Rare_Loose,20.0,100.0,20.0000,ID_Money_Silver,Silver Coin,Rarity.Rare
LIT_BloodbagRecipe_Rare_Loose,10.0,100.0,10.0000,ID_Rec_Bloodbag_Rare01,Physician Recipe - Pressurised Bloodbag,Rarity.Epic
LIT_Bloat_01,100.0,100.0,100.0000,ID_Trophy_Bloat,Bloat Spine,Rarity.Rare
LIT_Biter_Elite,99.0,100.0,99.0000,ID_Trophy_Biter_Elite,Pale Lady Eye,Rarity.Epic
LIT_Biter_Elite,1.0,100.0,1.0000,ID_Rec_C_Axe_Rare01,Recluse - Axe,Rarity.Rare
LIT_Biter_01,99.0,100.0,99.0000,ID_Trophy_Biter,Drooler Jaw,Rarity.Epic
LIT_Biter_01,1.0,100.0,1.0000,ID_Rec_C_BrownBetty_Uncommon03,Hohenzollern Reborn - Brown Betty,Rarity.Uncommon
LIT_Beehive,350.0,551.1500000022352,63.5036,ID_Uncommon_Beeswax,Beeswax,Rarity.Uncommon
LIT_Beehive,100.0,551.1500000022352,18.1439,ID_Common_Woodchips,Woodchips,
LIT_Beehive,50.0,551.1500000022352,9.0719,ID_Uncommon_PineRosin,Pine Rosin,Rarity.Uncommon
LIT_Beehive,50.0,551.1500000022352,9.0719,ID_Herb_01_Lavender,Lavender,
LIT_Beehive,1.0,551.1500000022352,0.1814,ID_Epic_PureHoney,Pure Honey,Rarity.Epic
LIT_Beehive,0.1,551.1500000022352,0.0181,ID_Legendary_RoyalJelly,Royal Jelly,Rarity.Legendary
LIT_Beehive,0.05,551.1500000022352,0.0091,ID_Legendary_FlawlessDiamond,Flawless Diamond,Rarity.Legendary
LIT_BavarianStandard_Loose,70.0,100.0,70.0000,ID_Money_Copper,Copper Coin,Rarity.Uncommon
LIT_BavarianStandard_Loose,15.0,100.0,15.0000,ID_Rec_C_BrownBetty_Uncommon03,Hohenzollern Reborn - Brown Betty,Rarity.Uncommon
LIT_BavarianStandard_Loose,15.0,100.0,15.0000,ID_Money_Silver,Silver Coin,Rarity.Rare
LIT_Baton_Loose,75.0,100.0,75.0000,ID_Money_Copper,Copper Coin,Rarity.Uncommon
LIT_Baton_Loose,15.0,100.0,15.0000,ID_Rec_C_Mace_Uncommon01,Baton - Mace,Rarity.Uncommon
LIT_Baton_Loose,10.0,100.0,10.0000,ID_Money_Silver,Silver Coin,Rarity.Rare
LIT_Basket,100.0,2027.2000000029802,4.9329,ID_Spice_03_CinnamonBark,Cinnamon Bark,Rarity.Rare
LIT_Basket,100.0,2027.2000000029802,4.9329,ID_Spice_02_CloveBud,Clove Bud,Rarity.Uncommon
LIT_Basket,100.0,2027.2000000029802,4.9329,ID_Spice_01_GarlicBulb,Garlic Bulb,
LIT_Basket,100.0,2027.2000000029802,4.9329,ID_Herb_Thyme,Thyme,
LIT_Basket,100.0,2027.2000000029802,4.9329,ID_Herb_02_Rosemary,Rosemary,Rarity.Uncommon
LIT_Basket,100.0,2027.2000000029802,4.9329,ID_Herb_01_Lavender,Lavender,
LIT_Basket,100.0,2027.2000000029802,4.9329,ID_Common_Woodchips,Woodchips,
LIT_Basket,100.0,2027.2000000029802,4.9329,ID_Common_SeamstressNeedle,Seamstress Needle,
LIT_Basket,100.0,2027.2000000029802,4.9329,ID_Common_SeaSalt,Sea Salt,
LIT_Basket,100.0,2027.2000000029802,4.9329,ID_Common_Nettlecloth,Nettlecloth,
LIT_Basket,100.0,2027.2000000029802,4.9329,ID_Common_LemonPeel,Lemon Peel,
LIT_Basket,100.0,2027.2000000029802,4.9329,ID_Common_ImpeccableTwine,Impeccable Twine,
LIT_Basket,100.0,2027.2000000029802,4.9329,ID_Common_DampRag,Damp Rag,
LIT_Basket,100.0,2027.2000000029802,4.9329,ID_Common_CrudePreservingJar,Crude Preserving Jar,
LIT_Basket,100.0,2027.2000000029802,4.9329,ID_Common_CorkStopper,Cork Stopper,
LIT_Basket,100.0,2027.2000000029802,4.9329,ID_Common_Apple,Fresh Apple,
LIT_Basket,100.0,2027.2000000029802,4.9329,ID_Common_Apple,Fresh Apple,
LIT_Basket,25.0,2027.2000000029802,1.2332,ID_Uncommon_RedOchre,Red Ochre,Rarity.Uncommon
LIT_Basket,25.0,2027.2000000029802,1.2332,ID_Uncommon_RamsHorn,Ram’s Horn,Rarity.Uncommon
LIT_Basket,25.0,2027.2000000029802,1.2332,ID_Uncommon_PineRosin,Pine Rosin,Rarity.Uncommon
LIT_Basket,25.0,2027.2000000029802,1.2332,ID_Uncommon_MadderRoot,Madder Root,Rarity.Uncommon
LIT_Basket,25.0,2027.2000000029802,1.2332,ID_Uncommon_LyeCrumble,Lye Crumble,Rarity.Uncommon
LIT_Basket,25.0,2027.2000000029802,1.2332,ID_Uncommon_LimeSlag,Lime Slag,Rarity.Uncommon
LIT_Basket,25.0,2027.2000000029802,1.2332,ID_Uncommon_Lambgut,Lambgut,Rarity.Uncommon
LIT_Basket,25.0,2027.2000000029802,1.2332,ID_Uncommon_IndigoFlakes,Indigo Flakes,Rarity.Uncommon
LIT_Basket,25.0,2027.2000000029802,1.2332,ID_Uncommon_Feverfew,Feverfew,Rarity.Uncommon
LIT_Basket,25.0,2027.2000000029802,1.2332,ID_Uncommon_Bezoar,Bezoar,Rarity.Uncommon
LIT_Basket,25.0,2027.2000000029802,1.2332,ID_Uncommon_Beeswax,Beeswax,Rarity.Uncommon
LIT_Basket,25.0,2027.2000000029802,1.2332,ID_Uncommon_Amber,Amber,Rarity.Uncommon
LIT_Basket,5.0,2027.2000000029802,0.2466,ID_Rare_Windfall,Windfall,Rarity.Rare
LIT_Basket,5.0,2027.2000000029802,0.2466,ID_Rare_Shellac,Shellac,Rarity.Rare
LIT_Basket,5.0,2027.2000000029802,0.2466,ID_Rare_Hartshorn,Hartshorn,Rarity.Rare
LIT_Basket,5.0,2027.2000000029802,0.2466,ID_Rare_Cochineal,Cochineal,Rarity.Rare
LIT_Basket,5.0,2027.2000000029802,0.2466,ID_Rare_BurrWalnut,Burr Walnut,Rarity.Rare
LIT_Basket,1.0,2027.2000000029802,0.0493,ID_Spice_05_Peppercorn,Raw Peppercorn,Rarity.Legendary
LIT_Basket,1.0,2027.2000000029802,0.0493,ID_Epic_PureHoney,Pure Honey,Rarity.Epic
LIT_Basket,0.1,2027.2000000029802,0.0049,ID_Legendary_Silk,Silk,Rarity.Legendary
LIT_Basket,0.1,2027.2000000029802,0.0049,ID_Legendary_BoltOfSilkCloth,Bolt of Silk Cloth,Rarity.Legendary
LIT_Basilisk_Loose,70.0,100.0,70.0000,ID_Money_Copper,Copper Coin,Rarity.Uncommon
LIT_Basilisk_Loose,20.0,100.0,20.0000,ID_Money_Silver,Silver Coin,Rarity.Rare
LIT_Basilisk_Loose,10.0,100.0,10.0000,ID_Rec_C_Rapier_Epic01,Basilisk - Rapier,Rarity.Epic
LIT_Bags_All,100.0,576.7000000104308,17.3400,ID_HipBag_Common02,Rusty Bucket,
LIT_Bags_All,100.0,576.7000000104308,17.3400,ID_HipBag_Common01,Moist Pouch,
LIT_Bags_All,100.0,576.7000000104308,17.3400,ID_BackBag_Common02,Foraging Basket,
LIT_Bags_All,100.0,576.7000000104308,17.3400,ID_BackBag_Common01,Damp Knapsack,
LIT_Bags_All,25.0,576.7000000104308,4.3350,ID_HipBag_Uncommon03,Old Satchel,Rarity.Uncommon
LIT_Bags_All,25.0,576.7000000104308,4.3350,ID_HipBag_Uncommon02,Threshing Basket,Rarity.Uncommon
LIT_Bags_All,25.0,576.7000000104308,4.3350,ID_HipBag_Uncommon01,Ragged Sack,Rarity.Uncommon
LIT_Bags_All,25.0,576.7000000104308,4.3350,ID_BackBag_Uncommon02,Muriel's Box,Rarity.Uncommon
LIT_Bags_All,25.0,576.7000000104308,4.3350,ID_BackBag_Uncommon02,Muriel's Box,Rarity.Uncommon
LIT_Bags_All,25.0,576.7000000104308,4.3350,ID_BackBag_Uncommon01,Burlap Haversack,Rarity.Uncommon
LIT_Bags_All,5.0,576.7000000104308,0.8670,ID_WeaponBag_Rare01,Hunting Sling,Rarity.Rare
LIT_Bags_All,5.0,576.7000000104308,0.8670,ID_HipBag_Rare02,Attachés Fold,Rarity.Rare
LIT_Bags_All,5.0,576.7000000104308,0.8670,ID_HipBag_Rare01,Grubber's Purse,Rarity.Rare
LIT_Bags_All,5.0,576.7000000104308,0.8670,ID_BackBag_Rare01,Ludwig's Drumcase,Rarity.Rare
LIT_Bags_All,1.0,576.7000000104308,0.1734,ID_WeaponBag_Epic01,Boutet's Riflecase,Rarity.Epic
LIT_Bags_All,1.0,576.7000000104308,0.1734,ID_HipBag_Epic03,Miser's Purse,Rarity.Epic
LIT_Bags_All,1.0,576.7000000104308,0.1734,ID_HipBag_Epic02,Butterfly Cannister,Rarity.Epic
LIT_Bags_All,1.0,576.7000000104308,0.1734,ID_HipBag_Epic01,Case of the Old Guard,Rarity.Epic
LIT_Bags_All,1.0,576.7000000104308,0.1734,ID_BackBag_Epic02,Bag of Maratha,Rarity.Epic
LIT_Bags_All,1.0,576.7000000104308,0.1734,ID_BackBag_Epic01,Trevallion's Valise,Rarity.Epic
LIT_Bags_All,0.1,576.7000000104308,0.0173,ID_WeaponBag_Legendary01,Apollo Holster,Rarity.Legendary
LIT_Bags_All,0.1,576.7000000104308,0.0173,ID_Lockbox_Legendary01,Charon's Oyster,Rarity.Legendary
LIT_Bags_All,0.1,576.7000000104308,0.0173,ID_HipBag_Legendary02,Pegasus,Rarity.Legendary
LIT_Bags_All,0.1,576.7000000104308,0.0173,ID_HipBag_Legendary01,Zazel's Carry,Rarity.Legendary
LIT_Bags_All,0.1,576.7000000104308,0.0173,ID_BackBag_Legendary03,Sheath of the Four Winds,Rarity.Legendary
LIT_Bags_All,0.1,576.7000000104308,0.0173,ID_BackBag_Legendary02,Zealot's Tower,Rarity.Legendary
LIT_Bags_All,0.1,576.7000000104308,0.0173,ID_BackBag_Legendary01,Coldstream Pack,Rarity.Legendary
LIT_AusterRecipe_Uncommon_Loose,70.0,100.0,70.0000,ID_Money_Copper,Copper Coin,Rarity.Uncommon
LIT_AusterRecipe_Uncommon_Loose,15.0,100.0,15.0000,ID_Rec_Weap_Auster,Gunsmith Recipe - Auster,Rarity.Rare
LIT_AusterRecipe_Uncommon_Loose,15.0,100.0,15.0000,ID_Money_Silver,Silver Coin,Rarity.Rare
LIT_Ashpile,200.0,582.0,34.3643,ID_Uncommon_Charcoal,Charcoal,Rarity.Uncommon
LIT_Ashpile,100.0,582.0,17.1821,ID_Uncommon_Rottenstone,Rottenstone,Rarity.Uncommon
LIT_Ashpile,100.0,582.0,17.1821,ID_Common_AshSolution,Ash Solution,
LIT_Ashpile,75.0,582.0,12.8866,ID_Common_Sootblack,Sootblack,
LIT_Ashpile,75.0,582.0,12.8866,ID_Common_BoneChar,Bone Char,
LIT_Ashpile,25.0,582.0,4.2955,ID_Uncommon_GristleWax,Gristle Wax,Rarity.Uncommon
LIT_Ashpile,5.0,582.0,0.8591,ID_Rare_Blacksand,Blacksand,Rarity.Rare
LIT_Ashpile,1.0,582.0,0.1718,ID_Epic_UncutDiamonds,Uncut Diamonds,Rarity.Epic
LIT_Ashpile,1.0,582.0,0.1718,ID_Epic_IntactFemur,Intact Femur,Rarity.Epic
LIT_Ash_01,100.0,100.0,100.0000,ID_Trophy_Ash,Ash Heart,Rarity.Uncommon
LIT_Armor_Uncommon,20.0,50.0,40.0000,ID_Armor_Head_Uncommon01,Leather Helmet,Rarity.Uncommon
LIT_Armor_Uncommon,20.0,50.0,40.0000,ID_Armor_Chest_Uncommon01,Leather Cuirass,Rarity.Uncommon
LIT_Armor_Uncommon,10.0,50.0,20.0000,ID_Armor_Leg_Uncommon01,Leather Greaves,Rarity.Uncommon
LIT_Armor_Rare,10.0,25.0,40.0000,ID_Armor_Head_Rare01,Sapper's Helmet,Rarity.Rare
LIT_Armor_Rare,10.0,25.0,40.0000,ID_Armor_Chest_Rare01,Sapper's Cuirass,Rarity.Rare
LIT_Armor_Rare,5.0,25.0,20.0000,ID_Armor_Leg_Rare01,Sapper's Greaves,Rarity.Rare
LIT_Armor_Legendary,1.0,2.5,40.0000,ID_Armor_Head_Legendary01,Old Guard Helmet,Rarity.Legendary
LIT_Armor_Legendary,1.0,2.5,40.0000,ID_Armor_Chest_Legendary01,Old Guard Cuirass,Rarity.Legendary
LIT_Armor_Legendary,0.5,2.5,20.0000,ID_Armor_Leg_Legendary01,Old Guard Greaves,Rarity.Legendary
LIT_Armor_Epic,5.0,12.5,40.0000,ID_Armor_Head_Epic01,Black Dragoon Helmet,Rarity.Epic
LIT_Armor_Epic,5.0,12.5,40.0000,ID_Armor_Chest_Epic01,Black Dragoon Cuirass,Rarity.Epic
LIT_Armor_Epic,2.5,12.5,20.0000,ID_Armor_Leg_Epic01,Black Dragoon Greaves,Rarity.Epic
LIT_Armor_All,100.0,193.30000000447035,51.7331,ID_Armor_Chest_Common01,Quilted Cuirass,
LIT_Armor_All,25.0,193.30000000447035,12.9333,ID_Armor_Leg_Uncommon01,Leather Greaves,Rarity.Uncommon
LIT_Armor_All,25.0,193.30000000447035,12.9333,ID_Armor_Head_Uncommon01,Leather Helmet,Rarity.Uncommon
LIT_Armor_All,25.0,193.30000000447035,12.9333,ID_Armor_Chest_Uncommon01,Leather Cuirass,Rarity.Uncommon
LIT_Armor_All,5.0,193.30000000447035,2.5867,ID_Armor_Leg_Rare01,Sapper's Greaves,Rarity.Rare
LIT_Armor_All,5.0,193.30000000447035,2.5867,ID_Armor_Head_Rare01,Sapper's Helmet,Rarity.Rare
LIT_Armor_All,5.0,193.30000000447035,2.5867,ID_Armor_Chest_Rare01,Sapper's Cuirass,Rarity.Rare
LIT_Armor_All,1.0,193.30000000447035,0.5173,ID_Armor_Leg_Epic01,Black Dragoon Greaves,Rarity.Epic
LIT_Armor_All,1.0,193.30000000447035,0.5173,ID_Armor_Head_Epic01,Black Dragoon Helmet,Rarity.Epic
LIT_Armor_All,1.0,193.30000000447035,0.5173,ID_Armor_Chest_Epic01,Black Dragoon Cuirass,Rarity.Epic
LIT_Armor_All,0.1,193.30000000447035,0.0517,ID_Armor_Leg_Legendary01,Old Guard Greaves,Rarity.Legendary
LIT_Armor_All,0.1,193.30000000447035,0.0517,ID_Armor_Head_Legendary01,Old Guard Helmet,Rarity.Legendary
LIT_Armor_All,0.1,193.30000000447035,0.0517,ID_Armor_Chest_Legendary01,Old Guard Cuirass,Rarity.Legendary
LIT_ArgentPurse_Loose,70.0,100.0,70.0000,ID_Money_Copper,Copper Coin,Rarity.Uncommon
LIT_ArgentPurse_Loose,20.0,100.0,20.0000,ID_Money_Silver,Silver Coin,Rarity.Rare
LIT_ArgentPurse_Loose,10.0,100.0,10.0000,ID_Rec_C_HipBag_Rare01_Rare01,Argent Purse - Grubber's Purse,Rarity.Rare
LIT_AppleRecipe_Common_Loose,80.0,100.0,80.0000,ID_Money_Copper,Copper Coin,Rarity.Uncommon
LIT_AppleRecipe_Common_Loose,20.0,100.0,20.0000,ID_Rec_Apple_Common01,Cook Recipe - Stewed Apple,Rarity.Uncommon
LIT_AntidoteRecipe_Rare_Loose,70.0,100.0,70.0000,ID_Money_Copper,Copper Coin,Rarity.Uncommon
LIT_AntidoteRecipe_Rare_Loose,20.0,100.0,20.0000,ID_Money_Silver,Silver Coin,Rarity.Rare
LIT_AntidoteRecipe_Rare_Loose,10.0,100.0,10.0000,ID_Rec_Antidote_Rare01,Physician Recipe - Robust Antidote,Rarity.Epic
LIT_Ampoules,100.0,131.10000000149012,76.2777,ID_Med_Ampoule_Common,Crude Ampoule ,
LIT_Ampoules,25.0,131.10000000149012,19.0694,ID_Med_Ampoule_Uncommon,Basic Ampoule,Rarity.Uncommon
LIT_Ampoules,5.0,131.10000000149012,3.8139,ID_Med_Ampoule_Rare,Robust Ampoule,Rarity.Rare
LIT_Ampoules,1.0,131.10000000149012,0.7628,ID_Med_Ampoule_Epic,Empusa's Tonic,Rarity.Epic
LIT_Ampoules,0.1,131.10000000149012,0.0763,ID_Med_Ampoule_Legendary,Ambrosia,Rarity.Legendary
LIT_Ammunition_Heavy,40.0,40.0,100.0000,Tutorial_ID_Ammunition_03_Heavy,Heavy Ammunition,Rarity.Rare
LIT_Ammunition_Crafting,100.0,131.25,76.1905,ID_Common_FreshGunpowder,Fresh Gunpowder,
LIT_Ammunition_Crafting,25.0,131.25,19.0476,ID_Common_OldGunpowder,Old Gunpowder,
LIT_Ammunition_Crafting,5.0,131.25,3.8095,ID_Epic_MammothGrain,Mammoth Grain,Rarity.Epic
LIT_Ammunition_Crafting,1.25,131.25,0.9524,ID_Epic_PowderCake,Powder Cake,Rarity.Epic
LIT_Ammunition_Common,40.0,40.0,100.0000,ID_Ammunition_01_Crude,Crude Ammunition,
LIT_Ammunition_All,100.0,131.10000000149012,76.2777,ID_Ammunition_01_Crude,Crude Ammunition,
LIT_Ammunition_All,25.0,131.10000000149012,19.0694,ID_Ammunition_02_Medium,Medium Ammunition,Rarity.Uncommon
LIT_Ammunition_All,5.0,131.10000000149012,3.8139,ID_Ammunition_03_Heavy,Heavy Ammunition,Rarity.Rare
LIT_Ammunition_All,1.0,131.10000000149012,0.7628,ID_Ammunition_04_Refined,Refined Ammunition,Rarity.Epic
LIT_Ammunition_All,0.1,131.10000000149012,0.0763,ID_Ammunition_05_Exotic,Exotic Ammunition,Rarity.Epic
LIT_AlchemySupplies,100.0,350.1000000014901,28.5633,ID_Uncommon_DistilledWater,Distilled Water,Rarity.Uncommon
LIT_AlchemySupplies,100.0,350.1000000014901,28.5633,ID_Uncommon_Charcoal,Charcoal,Rarity.Uncommon
LIT_AlchemySupplies,100.0,350.1000000014901,28.5633,ID_Epic_GlassVial,Glass Vial,Rarity.Epic
LIT_AlchemySupplies,50.0,350.1000000014901,14.2816,ID_Epic_Poison,Arsenic,Rarity.Epic
LIT_AlchemySupplies,0.1,350.1000000014901,0.0286,ID_Legendary_BloodOfThePenitent,Blood Of The Penitent,Rarity.Legendary
LIT_2HMelee_Uncommon,20.0,20.0,100.0000,ID_Weap_2HMelee_Uncommon01,Longsword,Rarity.Uncommon
LIT_2HMelee_Rare,10.0,20.0,50.0000,ID_Weap_2HMelee_Rare02,War Axe,Rarity.Rare
LIT_2HMelee_Rare,10.0,20.0,50.0000,ID_Weap_2HMelee_Rare01,Spear,Rarity.Rare
LIT_2HMelee_Legendary,100.0,100.0,100.0000,ID_Weap_2HMelee_Legendary02,Zweihander,Rarity.Legendary
LIT_2HMelee_Epic,5.0,5.0,100.0000,ID_Weap_2HMelee_Epic02,Halberd,Rarity.Epic
LIT_2HMelee_Epic,0.0,5.0,0.0000,ID_Weap_2HMelee_Epic01,Kapitel,Rarity.Epic
LIT_2HMelee_Common,40.0,40.0,100.0000,ID_Weap_2HMelee_Common01,Club,
LIT_2HMelee_All,100.0,136.10000000149012,73.4754,ID_Weap_2HMelee_Common01,Club,
LIT_2HMelee_All,25.0,136.10000000149012,18.3688,ID_Weap_2HMelee_Uncommon01,Longsword,Rarity.Uncommon
LIT_2HMelee_All,5.0,136.10000000149012,3.6738,ID_Weap_2HMelee_Rare02,War Axe,Rarity.Rare
LIT_2HMelee_All,5.0,136.10000000149012,3.6738,ID_Weap_2HMelee_Rare01,Spear,Rarity.Rare
LIT_2HMelee_All,1.0,136.10000000149012,0.7348,ID_Weap_2HMelee_Epic02,Halberd,Rarity.Epic
LIT_2HMelee_All,0.1,136.10000000149012,0.0735,ID_Weap_2HMelee_Legendary02,Zweihander,Rarity.Legendary
LIT_1HMelee_Uncommon,50.0,100.0,50.0000,ID_Weap_1HMelee_Uncommon02,Mace,Rarity.Uncommon
LIT_1HMelee_Uncommon,50.0,100.0,50.0000,ID_Weap_1HMelee_Uncommon01,Short Sword,Rarity.Uncommon
LIT_1HMelee_Rare,10.0,20.0,50.0000,ID_Weap_1HMelee_Rare02,Axe,Rarity.Rare
LIT_1HMelee_Rare,10.0,20.0,50.0000,ID_Weap_1HMelee_Rare01,Rapier,Rarity.Rare
LIT_1HMelee_Legendary,100.0,100.0,100.0000,ID_Weap_1HMelee_Epic01,Sabre,Rarity.Epic
LIT_1HMelee_Epic,5.0,5.0,100.0000,ID_Weap_1HMelee_Epic01,Sabre,Rarity.Epic
LIT_1HMelee_Epic,0.0,5.0,0.0000,ID_Weap_1HMelee_Epic02,Flintlock Axe,Rarity.Epic
LIT_1HMelee_All,100.0,161.0,62.1118,ID_Weap_1HMelee_Common01,Dagger,
LIT_1HMelee_All,25.0,161.0,15.5280,ID_Weap_1HMelee_Uncommon02,Mace,Rarity.Uncommon
LIT_1HMelee_All,25.0,161.0,15.5280,ID_Weap_1HMelee_Uncommon01,Short Sword,Rarity.Uncommon
LIT_1HMelee_All,5.0,161.0,3.1056,ID_Weap_1HMelee_Rare02,Axe,Rarity.Rare
LIT_1HMelee_All,5.0,161.0,3.1056,ID_Weap_1HMelee_Rare01,Rapier,Rarity.Rare
LIT_1HMelee_All,1.0,161.0,0.6211,ID_Weap_1HMelee_Epic01,Sabre,Rarity.Epic
