RootType,OuterType,OuterName,X,Y,Z,DisplayName,SpawnChance,ChanceType,Health,Keyed,LootSource,AISpawner,Visible,HarvestableBy,NodeTag
BrushComponent,DiscoverableLocationVolume,DiscoverableLocationVolume_11c294cc824aeaf3_1,24860.234,16978.234,-2139.1355,Glade Camp Massacre,,,,,,,,,
BrushComponent,DiscoverableLocationVolume,DiscoverableLocationVolume_143482fa8e70245c_0,-9898.707,-6400.2085,-507.82965,Chevalier's Remise,,,,,,,,,
BrushComponent,DiscoverableLocationVolume,DiscoverableLocationVolume_38dd6e6fa5f4d608_0,42760.137,34592.89,-1098.9216,Scout Camp,,,,,,,,,
BrushComponent,DiscoverableLocationVolume,DiscoverableLocationVolume_3ce330e594250b81_1,-6516.4214,35095.21,-770.4975,Barrel Cart,,,,,,,,,
BrushComponent,DiscoverableLocationVolume,DiscoverableLocationVolume_4b003ba387a57fa1_1,18813.998,-3896.501,-215.50027,Chapel Of Weeping Virgins,,,,,,,,,
BrushComponent,DiscoverableLocationVolume,DiscoverableLocationVolume_5a6840b2e853ea4f_0,-30156.48,47475.156,1037.4847,Gerard's Hide,,,,,,,,,
BrushComponent,DiscoverableLocationVolume,DiscoverableLocationVolume_684b6515b932cad9_1,41850.14,-22162.19,-4522.968,Chapel of the Buried Virgins,,,,,,,,,
BrushComponent,DiscoverableLocationVolume,DiscoverableLocationVolume_7d3a26b01e2473f7_1,25669.688,45908.168,-1773.8191,Well of Stars ,,,,,,,,,
BrushComponent,DiscoverableLocationVolume,DiscoverableLocationVolume_UAID_04D9F5F93AD5386D02_5004bde0be3a2dd6_1987677971,-27958.312,12941.55,-611.44305,Sarlat Tithe Barn,,,,,,,,,
BrushComponent,DiscoverableLocationVolume,DiscoverableLocationVolume_UAID_04D9F5F93AD57D4902_1004ba2f6eb96028_1914235836,-5482.0454,13602.341,-1379.3043,Garnier's Farm,,,,,,,,,
BrushComponent,DiscoverableLocationVolume,DiscoverableLocationVolume_UAID_04D9F5F93AD5B56B02_c8da113c42f9b57b_1654989029,-10857.421,40863.19,328.14957,Gunline Fort,,,,,,,,,
BrushComponent,DiscoverableLocationVolume,DiscoverableLocationVolume_UAID_D843AE1A93E580B102_0b2b7ca065924e7c_2088398128,48807.223,5428.1704,-603.7897,Overgrown Cabin,,,,,,,,,
BrushComponent,DiscoverableLocationVolume,DiscoverableLocationVolume_UAID_D843AE1A93E581B102_b672bb6c668a37ab_1261993844,-17562.256,40589.87,882.71967,Garnier's Windmill,,,,,,,,,
BrushComponent,DiscoverableLocationVolume,DiscoverableLocationVolume_UAID_D843AE1A93E5B5E502_e9710943a2517302_1711092584,14259.897,21164.408,1189.4679,Chevalier Family Home,,,,,,,,,
BrushComponent,DiscoverableLocationVolume,DiscoverableLocationVolume_UAID_D843AE1A93E5DB7E02_fee95617eaee0162_1844126544,42346.074,-13863.783,-6887.054,The Undercroft,,,,,,,,,
BrushComponent,DiscoverableLocationVolume,DiscoverableLocationVolume_a1088320ad7534bd_0,16299.526,43829.88,-390.20932,Makeshift Camp,,,,,,,,,
BrushComponent,DiscoverableLocationVolume,DiscoverableLocationVolume_c8c51091b4d6e104_1,43834.17,28774.738,-2166.5417,Farrier's Crossing,,,,,,,,,
BrushComponent,DiscoverableLocationVolume,DiscoverableLocationVolume_d0b10c543768709f_0,9285.415,32119.451,-2433.9944,River Watch,,,,,,,,,
BrushComponent,DiscoverableLocationVolume,DiscoverableLocationVolume_daf5f81d78f399cc_0,39871.43,16043.935,-1418.3889,Dupont Farrier,,,,,,,,,
BrushComponent,DiscoverableLocationVolume,DiscoverableLocationVolume_e9710943a2517302_0,11853.497,20253.162,-1624.4658,Sarlat Village,,,,,,,,,
BrushComponent,DiscoverableLocationVolume,DiscoverableLocationVolume_eb580424d23ccad1_0,47469.312,-6835.603,687.77313,Mr Sweet's Woodland Residence,,,,,,,,,
FastGeoContainer,StaticMesh,SM_StairIntegrated_01a,37645.086,-11599.223,-5589.4414,,,,,,,,True,,
FastGeoContainer,StaticMesh,SM_StairIntegrated_01b,37325.562,-17543.318,-6321.7383,,,,,,,,True,,
FastGeoContainer,StaticMesh,SM_StairIntegrated_01b,37338.19,-20500.25,-8667.751,,,,,,,,True,,
FastGeoContainer,StaticMesh,SM_StairIntegrated_01b,37645.086,-11599.223,-5589.4414,,,,,,,,True,,
FastGeoContainer,StaticMesh,SM_StairIntegrated_01b,38909.207,-21192.82,-7063.098,,,,,,,,True,,
FastGeoContainer,StaticMesh,SM_StairIntegrated_01b,39671.844,-16743.78,-6866.853,,,,,,,,True,,
FastGeoContainer,StaticMesh,SM_StairIntegrated_01b,43113.31,-18671.129,-10520.465,,,,,,,,True,,
FastGeoContainer,StaticMesh,SM_StairIntegrated_01b,43487.74,-23428.21,-6569.136,,,,,,,,True,,
FastGeoContainer,StaticMesh,SM_StairIntegrated_01b,45653.426,-15514.503,-7126.302,,,,,,,,True,,
FastGeoContainer,StaticMesh,SM_StairIntegrated_02a,43113.31,-18671.129,-10520.465,,,,,,,,True,,
FastGeoContainer,StaticMesh,SM_StairIntegrated_02a,48453.926,-17124.56,-8222.252,,,,,,,,True,,
FastGeoContainer,StaticMesh,SM_StairIntegrated_03a,28616.625,-1926.4612,-911.42114,,,,,,,,True,,
FastGeoContainer,StaticMesh,SM_StairIntegrated_03a,37645.086,-11599.223,-5589.4414,,,,,,,,True,,
FastGeoContainer,StaticMesh,SM_StairIntegrated_03b,33855.773,-14854.391,-6182.672,,,,,,,,True,,
FastGeoContainer,StaticMesh,SM_StairIntegrated_03b,43113.31,-18671.129,-10520.465,,,,,,,,True,,
SceneComponent,AGV_Biomme_C,AGV_Biomme_C_UAID_107C614ADD42A1BF02_3517a8fe10f6fa8e_1185959978,-14340.0,55225.0,2955.0,,,,,,,,,,
SceneComponent,AGV_Biomme_C,AGV_Biomme_C_UAID_107C614ADD42A1BF02_3517a8fe10f6fa8e_1225440979,-34585.0,22380.0,-90.0,,,,,,,,,,
SceneComponent,AGV_Biomme_C,AGV_Biomme_C_UAID_107C614ADD42A1BF02_3517a8fe10f6fa8e_1230651980,-13985.0,6390.0,-1395.0,,,,,,,,,,
SceneComponent,AGV_Biomme_C,AGV_Biomme_C_UAID_107C614ADD42A1BF02_3517a8fe10f6fa8e_1231924981,-46008.395,-14581.743,-460.0,,,,,,,,,,
SceneComponent,AGV_Biomme_C,AGV_Biomme_C_UAID_107C614ADD42A1BF02_3517a8fe10f6fa8e_1232831982,-26440.633,-28594.6,1735.0,,,,,,,,,,
SceneComponent,AGV_Biomme_C,AGV_Biomme_C_UAID_107C614ADD42A1BF02_3517a8fe10f6fa8e_1233790983,16050.0,53005.0,-735.0,,,,,,,,,,
SceneComponent,AGV_Biomme_C,AGV_Biomme_C_UAID_107C614ADD42A1BF02_3517a8fe10f6fa8e_1234767984,37048.12,-897.16327,2375.0,,,,,,,,,,
SceneComponent,AGV_Biomme_C,AGV_Biomme_C_UAID_107C614ADD42A1BF02_3517a8fe10f6fa8e_1363774985,51950.0,66730.0,2000.0,,,,,,,,,,
SceneComponent,AGV_Biomme_C,AGV_Biomme_C_UAID_107C614ADD42A1BF02_3517a8fe10f6fa8e_1424012986,-25625.0,22740.0,-420.0,,,,,,,,,,
SceneComponent,AGV_Biomme_C,AGV_Biomme_C_UAID_107C614ADD42A1BF02_3517a8fe10f6fa8e_1435341987,-19745.0,29255.0,-145.0,,,,,,,,,,
SceneComponent,AGV_Biomme_C,AGV_Biomme_C_UAID_107C614ADD42A1BF02_3517a8fe10f6fa8e_1436311988,-18070.0,16960.0,-530.0,,,,,,,,,,
SceneComponent,AGV_Biomme_C,AGV_Biomme_C_UAID_107C614ADD42A1BF02_3517a8fe10f6fa8e_1437198989,-24895.0,11625.0,-1145.0,,,,,,,,,,
SceneComponent,AGV_Biomme_C,AGV_Biomme_C_UAID_107C614ADD42A1BF02_3517a8fe10f6fa8e_1437989990,-20170.0,-6905.0,-1280.0,,,,,,,,,,
SceneComponent,AGV_Biomme_C,AGV_Biomme_C_UAID_107C614ADD42A1BF02_3517a8fe10f6fa8e_1438856991,23365.0,37580.0,-1545.0,,,,,,,,,,
SceneComponent,AGV_Biomme_C,AGV_Biomme_C_UAID_107C614ADD42A1BF02_3517a8fe10f6fa8e_1439635992,25330.0,32780.0,-1205.0,,,,,,,,,,
SceneComponent,AISpawner,AISpawner_UAID_04D9F5F93AD5148B02_d2b622e41626617e_1813239900,39346.168,-18216.932,-4795.5874,,,,,,,DA_AISpawner_Peasants,,,
SceneComponent,AISpawner,AISpawner_UAID_04D9F5F93AD5218102_a517a7b494159cca_1419496643,36210.58,-11648.541,-3107.95,,,,,,,DA_AISpawner_Peasants,,,
SceneComponent,AISpawner,AISpawner_UAID_04D9F5F93AD57E8902_d2b622e41626617e_1415214743,41061.18,-16783.096,-4795.5874,,,,,,,DA_AISpawner_Peasants,,,
SceneComponent,AISpawner,AISpawner_UAID_04D9F5F93AD57E8902_d2b622e41626617e_1488112744,40206.26,-17578.137,-4795.5874,,,,,,,DA_AISpawner_Peasants,,,
SceneComponent,AISpawner,AISpawner_UAID_04D9F5F93AD57E8902_d2b622e41626617e_1508222745,38310.188,-19277.248,-4795.5874,,,,,,,DA_AISpawner_Peasants,,,
SceneComponent,AISpawner,AISpawner_UAID_04D9F5F93AD57E8902_d2b622e41626617e_1508229746,39345.48,-20346.566,-4929.8857,,,,,,,DA_AISpawner_Peasants,,,
SceneComponent,AISpawner,AISpawner_UAID_04D9F5F93AD57E8902_d2b622e41626617e_1539181747,39694.066,-20222.889,-6021.893,,,,,,,DA_AISpawner_Miniboss,,,
SceneComponent,AISpawner,AISpawner_UAID_04D9F5F93AD57E8902_d2b622e41626617e_2138985076,40200.613,-17630.555,-5320.283,,,,,,,DA_AISpawner_Peasants,,,
SceneComponent,AISpawner,AISpawner_UAID_04D9F5F93AD57F8902_d2b622e41626617e_1078846253,39437.605,-18389.627,-5320.283,,,,,,,DA_AISpawner_Peasants,,,
SceneComponent,AISpawner,AISpawner_UAID_04D9F5F93AD57F8902_d2b622e41626617e_1088896254,38593.17,-19003.936,-5320.283,,,,,,,DA_AISpawner_Peasants,,,
SceneComponent,AISpawner,AISpawner_UAID_04D9F5F93AD57F8902_d2b622e41626617e_1149799256,37164.746,-17601.709,-5708.997,,,,,,,DA_AISpawner_Miniboss,,,
SceneComponent,AISpawner,AISpawner_UAID_04D9F5F93AD5CB9002_289b204959a58d51_2072238947,36806.01,-19261.662,-7763.907,,,,,,,DA_AISpawner_Peasants,,,
SceneComponent,AISpawner,AISpawner_UAID_04D9F5F93AD5FC6C02_3f0e6d0dd4e4221e_1818158325,-25593.863,13906.696,-1284.5514,,,,,,,DA_AISpawner_Workers,,,
SceneComponent,AISpawner,AISpawner_UAID_04D9F5F93AD5FC6C02_3f0e6d0dd4e4221e_1830378326,-25771.756,13109.568,-1284.5514,,,,,,,DA_AISpawner_Workers,,,
SceneComponent,AISpawner,AISpawner_UAID_04D9F5F93AD5FC6C02_3f0e6d0dd4e4221e_1847519327,-27716.564,11550.91,-1284.5514,,,,,,,DA_AISpawner_Workers,,,
SceneComponent,AISpawner,AISpawner_UAID_04D9F5F93AD5FC6C02_3f0e6d0dd4e4221e_1847526328,-27399.674,10798.156,-1284.5514,,,,,,,DA_AISpawner_Workers,,,
SceneComponent,AISpawner,AISpawner_UAID_04D9F5F93AD5FC6C02_3f0e6d0dd4e4221e_1879619329,-29149.271,12196.964,-1284.5514,,,,,,,DA_AISpawner_Workers,,,
SceneComponent,AISpawner,AISpawner_UAID_04D9F5F93AD5FC6C02_3f0e6d0dd4e4221e_1879626330,-28832.38,11444.21,-1284.5514,,,,,,,DA_AISpawner_Workers,,,
SceneComponent,AISpawner,AISpawner_UAID_04D9F5F93AD5FC6C02_3f0e6d0dd4e4221e_1890014331,-29682.555,12833.525,-1284.5514,,,,,,,DA_AISpawner_Workers,,,
SceneComponent,AISpawner,AISpawner_UAID_04D9F5F93AD5FC6C02_3f0e6d0dd4e4221e_1890021332,-30008.8,12084.778,-1229.8153,,,,,,,DA_AISpawner_Workers,,,
SceneComponent,AISpawner,AISpawner_UAID_04D9F5F93AD5FC6C02_3f0e6d0dd4e4221e_1921166333,-28927.621,14642.329,-1229.8153,,,,,,,DA_AISpawner_Workers,,,
SceneComponent,BP_AISpawner_C,BP_AISpawner_C_129128160f00dfd4_732,39974.08,16754.404,-2116.832,,,,,,,DA_AISpawner_Workers,,,
SceneComponent,BP_AISpawner_C,BP_AISpawner_C_129128160f00dfd4_733,38979.906,15639.901,-2146.832,,,,,,,DA_AISpawner_Workers,,,
SceneComponent,BP_AISpawner_C,BP_AISpawner_C_129128160f00dfd4_734,40268.727,14926.15,-2146.832,,,,,,,DA_AISpawner_Workers,,,
SceneComponent,BP_AISpawner_C,BP_AISpawner_C_129128160f00dfd4_735,38608.535,15529.034,-2127.626,,,,,,,DA_AISpawner_Workers,,,
SceneComponent,BP_AISpawner_C,BP_AISpawner_C_4481ef720ae1ae21_25,-10853.722,-6661.433,-1427.6025,,,,,,,DA_AISpawner_Workers,,,
SceneComponent,BP_AISpawner_C,BP_AISpawner_C_4481ef720ae1ae21_26,-9922.542,-6338.586,-1425.112,,,,,,,DA_AISpawner_Workers,,,
SceneComponent,BP_AISpawner_C,BP_AISpawner_C_4481ef720ae1ae21_29,-8317.932,-5243.921,-1426.588,,,,,,,DA_AISpawner_Workers,,,
SceneComponent,BP_AISpawner_C,BP_AISpawner_C_4481ef720ae1ae21_30,-9383.624,-4826.9097,-1427.3796,,,,,,,DA_AISpawner_Workers,,,
SceneComponent,BP_AISpawner_C,BP_AISpawner_C_4481ef720ae1ae21_32,-9256.23,-5778.807,-1427.8755,,,,,,,DA_AISpawner_Workers,,,
SceneComponent,BP_AISpawner_C,BP_AISpawner_C_4481ef720ae1ae21_33,-10460.788,-6016.89,-1426.8876,,,,,,,DA_AISpawner_Workers,,,
SceneComponent,BP_AISpawner_C,BP_AISpawner_C_4481ef720ae1ae21_35,-12087.248,-6660.2324,-1427.1096,,,,,,,DA_AISpawner_Workers,,,
SceneComponent,BP_AISpawner_C,BP_AISpawner_C_4481ef720ae1ae21_36,-9383.487,-7204.0967,-933.1802,,,,,,,DA_AISpawner_Civilian,,,
SceneComponent,BP_AISpawner_C,BP_AISpawner_C_4481ef720ae1ae21_37,-9988.227,-7419.1104,-934.01385,,,,,,,DA_AISpawner_Civilian,,,
SceneComponent,BP_AISpawner_C,BP_AISpawner_C_4481ef720ae1ae21_40,-7862.5024,-6138.8696,-1425.2378,,,,,,,DA_AISpawner_Workers,,,
SceneComponent,BP_AISpawner_C,BP_AISpawner_C_4481ef720ae1ae21_42,-8472.0,-6956.3906,-1407.6447,,,,,,,DA_AISpawner_Workers,,,
SceneComponent,BP_AISpawner_C,BP_AISpawner_C_4481ef720ae1ae21_43,-10386.361,-7359.5347,-1427.159,,,,,,,DA_AISpawner_Workers,,,
SceneComponent,BP_AISpawner_C,BP_AISpawner_C_4481ef720ae1ae21_51,-9412.2705,-7296.0884,-1922.3837,,,,,,,DA_AISpawner_Workers,,,
SceneComponent,BP_AISpawner_C,BP_AISpawner_C_68479541b25a7529_13,25330.12,44391.496,-2057.8337,,,,,,,DA_AISpawner_Civilian,,,
SceneComponent,BP_AISpawner_C,BP_AISpawner_C_68479541b25a7529_14,25508.52,44289.35,-1733.5836,,,,,,,DA_AISpawner_Civilian,,,
SceneComponent,BP_AISpawner_C,BP_AISpawner_C_68479541b25a7529_15,25835.646,44626.215,-1734.6368,,,,,,,DA_AISpawner_Civilian,,,
SceneComponent,BP_AISpawner_C,BP_AISpawner_C_68479541b25a7529_17,25910.953,45023.168,-2584.6873,,,,,,,DA_AISpawner_Civilian,,,
SceneComponent,BP_AISpawner_C,BP_AISpawner_C_68479541b25a7529_21,26242.816,46101.883,-2047.847,,,,,,,DA_AISpawner_Civilian,,,
SceneComponent,BP_AISpawner_C,BP_AISpawner_C_68479541b25a7529_22,24647.188,45790.746,-2092.4263,,,,,,,DA_AISpawner_Civilian,,,
SceneComponent,BP_AISpawner_C,BP_AISpawner_C_68479541b25a7529_24,25188.229,45847.547,-2085.9888,,,,,,,DA_AISpawner_Civilian,,,
SceneComponent,BP_AISpawner_C,BP_AISpawner_C_68479541b25a7529_25,25523.008,47028.977,-2066.5286,,,,,,,DA_AISpawner_Civilian,,,
SceneComponent,BP_AISpawner_C,BP_AISpawner_C_68479541b25a7529_26,26035.717,45008.996,-2059.3186,,,,,,,DA_AISpawner_Civilian,,,
SceneComponent,BP_AISpawner_C,BP_AISpawner_C_68479541b25a7529_28,25395.928,46803.598,-2058.3508,,,,,,,DA_AISpawner_Civilian,,,
SceneComponent,BP_AISpawner_C,BP_AISpawner_C_UAID_00FF8EFC2BEF0A8702_40332391da5e1e80_1448844174,-2668.6333,15233.571,-1944.3275,,,,,,,DA_AISpawner_Workers,,,
SceneComponent,BP_AISpawner_C,BP_AISpawner_C_UAID_00FF8EFC2BEF0A8702_40332391da5e1e80_1470037175,-3491.9773,17812.088,-1929.2257,,,,,,,DA_AISpawner_Workers,,,
SceneComponent,BP_AISpawner_C,BP_AISpawner_C_UAID_00FF8EFC2BEF0A8702_40332391da5e1e80_1481254176,-2910.1582,15562.891,-1943.484,,,,,,,DA_AISpawner_Workers,,,
SceneComponent,BP_AISpawner_C,BP_AISpawner_C_UAID_00FF8EFC2BEF5D8202_129128160f00dfd4_1210159073,38612.793,15050.808,-2127.626,,,,,,,DA_AISpawner_Workers,,,
SceneComponent,BP_AISpawner_C,BP_AISpawner_C_UAID_00FF8EFC2BEF5D8202_129128160f00dfd4_1215857074,39457.93,15255.964,-2127.626,,,,,,,DA_AISpawner_Workers,,,
SceneComponent,BP_AISpawner_C,BP_AISpawner_C_UAID_00FF8EFC2BEF5D8202_129128160f00dfd4_1806059165,39528.85,14717.848,-2146.832,,,,,,,DA_AISpawner_Workers,,,
SceneComponent,BP_AISpawner_C,BP_AISpawner_C_UAID_00FF8EFC2BEFB18202_129128160f00dfd4_1256408505,39961.5,16083.995,-2119.0908,,,,,,,DA_AISpawner_Workers,,,
SceneComponent,BP_AISpawner_C,BP_AISpawner_C_UAID_00FF8EFC2BEFB18202_129128160f00dfd4_1280313506,38543.44,16711.46,-2146.832,,,,,,,DA_AISpawner_Workers,,,
SceneComponent,BP_AISpawner_C,BP_AISpawner_C_UAID_00FF8EFC2BEFB18202_129128160f00dfd4_1300035507,41025.52,16134.865,-2146.832,,,,,,,DA_AISpawner_Workers,,,
SceneComponent,BP_AISpawner_C,BP_AISpawner_C_UAID_04687488249456B902_40332391da5e1e80_1294098341,-7520.545,14394.077,-1922.4373,,,,,,,DA_AISpawner_Workers,,,
SceneComponent,BP_AISpawner_C,BP_AISpawner_C_UAID_04687488249456B902_40332391da5e1e80_1297830133,-7727.519,12405.307,-1925.6902,,,,,,,DA_AISpawner_Workers,,,
SceneComponent,BP_AISpawner_C,BP_AISpawner_C_UAID_04687488249456B902_40332391da5e1e80_1301233735,-7401.054,10992.213,-1925.6902,,,,,,,DA_AISpawner_Workers,,,
SceneComponent,BP_AISpawner_C,BP_AISpawner_C_UAID_046874882494829A02_68e0512c24d92e8f_1230395467,11637.8955,18991.402,-2032.1318,,,,,,,DA_AISpawner_Peasants,,,
SceneComponent,BP_AISpawner_C,BP_AISpawner_C_UAID_046874882494829A02_68e0512c24d92e8f_1230430487,12672.275,19258.79,-1975.3903,,,,,,,DA_AISpawner_Peasants,,,
SceneComponent,BP_AISpawner_C,BP_AISpawner_C_UAID_046874882494829A02_68e0512c24d92e8f_1230450501,12826.125,19172.992,-1590.8606,,,,,,,DA_AISpawner_Peasants,,,
SceneComponent,BP_AISpawner_C,BP_AISpawner_C_UAID_046874882494FE9802_e515a311258b40d3_1767239540,-10008.989,43286.758,-176.88431,,,,,,,DA_AISpawner_MilitaryInfirmary,,,
SceneComponent,BP_AISpawner_C,BP_AISpawner_C_UAID_04D9F5F93AD5023602_32f0a05e6358b9c5_1798496921,38288.117,-8960.481,-2898.1562,,,,,,,DA_AISpawner_Peasants,,,
SceneComponent,BP_AISpawner_C,BP_AISpawner_C_UAID_04D9F5F93AD5023602_32f0a05e6358b9c5_1800273922,37269.883,-8635.943,-2898.1562,,,,,,,DA_AISpawner_Peasants,,,
SceneComponent,BP_AISpawner_C,BP_AISpawner_C_UAID_04D9F5F93AD50F4402_b672bb6c668a37ab_1441153555,-17690.852,42086.125,555.1571,,,,,,,DA_AISpawner_Workers,,,
SceneComponent,BP_AISpawner_C,BP_AISpawner_C_UAID_04D9F5F93AD50F4402_b672bb6c668a37ab_1447596556,-18104.203,43149.957,415.61298,,,,,,,DA_AISpawner_Workers,,,
SceneComponent,BP_AISpawner_C,BP_AISpawner_C_UAID_04D9F5F93AD50F4402_b672bb6c668a37ab_1494029557,-17394.637,41156.63,873.5408,,,,,,,DA_AISpawner_Workers,,,
SceneComponent,BP_AISpawner_C,BP_AISpawner_C_UAID_04D9F5F93AD50F6B02_b672bb6c668a37ab_2019685814,-16358.716,40717.71,651.77734,,,,,,,DA_AISpawner_Workers,,,
SceneComponent,BP_AISpawner_C,BP_AISpawner_C_UAID_04D9F5F93AD50F6B02_b672bb6c668a37ab_2037269815,-19474.662,42426.76,483.4153,,,,,,,DA_AISpawner_Workers,,,
SceneComponent,BP_AISpawner_C,BP_AISpawner_C_UAID_04D9F5F93AD50F6B02_b672bb6c668a37ab_2046458816,-20011.717,43674.418,412.105,,,,,,,DA_AISpawner_Workers,,,
SceneComponent,BP_AISpawner_C,BP_AISpawner_C_UAID_04D9F5F93AD5106B02_b672bb6c668a37ab_1369076710,-16623.035,41355.836,651.77734,,,,,,,DA_AISpawner_Workers,,,
SceneComponent,BP_AISpawner_C,BP_AISpawner_C_UAID_04D9F5F93AD5106B02_b672bb6c668a37ab_1387361711,-19512.354,43881.26,412.105,,,,,,,DA_AISpawner_Workers,,,
SceneComponent,BP_AISpawner_C,BP_AISpawner_C_UAID_04D9F5F93AD5106B02_b672bb6c668a37ab_1398166712,-16581.584,42920.996,309.883,,,,,,,DA_AISpawner_Workers,,,
SceneComponent,BP_AISpawner_C,BP_AISpawner_C_UAID_04D9F5F93AD5106B02_b672bb6c668a37ab_1407030713,-15036.962,40983.094,328.9413,,,,,,,DA_AISpawner_Workers,,,
SceneComponent,BP_AISpawner_C,BP_AISpawner_C_UAID_04D9F5F93AD51D9002_d2b622e41626617e_1762753049,45879.28,-15823.369,-6224.519,,,,,,,DA_AISpawner_Miniboss,,,
SceneComponent,BP_AISpawner_C,BP_AISpawner_C_UAID_04D9F5F93AD5225502_68e0512c24d92e8f_1549475115,9957.989,20895.17,-1999.0557,,,,,,,DA_AISpawner_Civilian,,,
SceneComponent,BP_AISpawner_C,BP_AISpawner_C_UAID_04D9F5F93AD5225502_68e0512c24d92e8f_1556682116,9358.161,20830.703,-1999.0557,,,,,,,DA_AISpawner_Workers,,,
SceneComponent,BP_AISpawner_C,BP_AISpawner_C_UAID_04D9F5F93AD5225502_68e0512c24d92e8f_1569099117,11330.222,19759.672,-1991.545,,,,,,,DA_AISpawner_Civilian,,,
SceneComponent,BP_AISpawner_C,BP_AISpawner_C_UAID_04D9F5F93AD5225502_68e0512c24d92e8f_1578692118,12455.151,19969.494,-1991.545,,,,,,,DA_AISpawner_Civilian,,,
SceneComponent,BP_AISpawner_C,BP_AISpawner_C_UAID_04D9F5F93AD5225502_68e0512c24d92e8f_1587129119,13805.294,20197.68,-1991.545,,,,,,,DA_AISpawner_Civilian,,,
SceneComponent,BP_AISpawner_C,BP_AISpawner_C_UAID_04D9F5F93AD5225502_68e0512c24d92e8f_1593964120,14673.557,18275.123,-1991.545,,,,,,,DA_AISpawner_Civilian,,,
SceneComponent,BP_AISpawner_C,BP_AISpawner_C_UAID_04D9F5F93AD5225502_68e0512c24d92e8f_1602031121,15242.341,20621.363,-1991.545,,,,,,,DA_AISpawner_Civilian,,,
SceneComponent,BP_AISpawner_C,BP_AISpawner_C_UAID_04D9F5F93AD5225502_68e0512c24d92e8f_1609576122,16018.723,21765.402,-1991.545,,,,,,,DA_AISpawner_Civilian,,,
SceneComponent,BP_AISpawner_C,BP_AISpawner_C_UAID_04D9F5F93AD5225502_68e0512c24d92e8f_1616147123,16304.798,18427.334,-1991.545,,,,,,,DA_AISpawner_Civilian,,,
SceneComponent,BP_AISpawner_C,BP_AISpawner_C_UAID_04D9F5F93AD5225502_68e0512c24d92e8f_1618374124,17417.266,19019.559,-1991.545,,,,,,,DA_AISpawner_Civilian,,,
SceneComponent,BP_AISpawner_C,BP_AISpawner_C_UAID_04D9F5F93AD5225502_68e0512c24d92e8f_1631147125,14344.146,22265.98,-1991.545,,,,,,,DA_AISpawner_Civilian,,,
SceneComponent,BP_AISpawner_C,BP_AISpawner_C_UAID_04D9F5F93AD52C4702_68e0512c24d92e8f_1640377583,13162.287,22972.814,-1966.5704,,,,,,,DA_AISpawner_Civilian,,,
SceneComponent,BP_AISpawner_C,BP_AISpawner_C_UAID_04D9F5F93AD52C4702_68e0512c24d92e8f_1646445584,11476.922,22648.184,-1980.1182,,,,,,,DA_AISpawner_Civilian,,,
SceneComponent,BP_AISpawner_C,BP_AISpawner_C_UAID_04D9F5F93AD52C4702_68e0512c24d92e8f_1652724585,9813.917,22388.762,-1941.547,,,,,,,DA_AISpawner_Civilian,,,
SceneComponent,BP_AISpawner_C,BP_AISpawner_C_UAID_04D9F5F93AD52C4702_68e0512c24d92e8f_1658161586,7660.279,20086.469,-1905.9045,,,,,,,DA_AISpawner_Civilian,,,
SceneComponent,BP_AISpawner_C,BP_AISpawner_C_UAID_04D9F5F93AD53B3102_32f0a05e6358b9c5_1815765838,38552.95,-7573.406,-2872.388,,,,,,,DA_AISpawner_Peasants,,,
SceneComponent,BP_AISpawner_C,BP_AISpawner_C_UAID_04D9F5F93AD53B3102_32f0a05e6358b9c5_1819376839,37516.543,-7426.065,-2875.1528,,,,,,,DA_AISpawner_Peasants,,,
SceneComponent,BP_AISpawner_C,BP_AISpawner_C_UAID_04D9F5F93AD53B3102_c6283cd34eb3a293_1815765838,50281.77,-18784.209,-6363.9985,,,,,,,DA_AISpawner_Peasants,,,
SceneComponent,BP_AISpawner_C,BP_AISpawner_C_UAID_04D9F5F93AD53B3102_c6283cd34eb3a293_1819376839,50061.723,-18364.076,-6362.7827,,,,,,,DA_AISpawner_Peasants,,,
SceneComponent,BP_AISpawner_C,BP_AISpawner_C_UAID_04D9F5F93AD5654A02_68e0512c24d92e8f_1111118390,12418.368,22219.717,-1999.0557,,,,,,,DA_AISpawner_Civilian,,,
SceneComponent,BP_AISpawner_C,BP_AISpawner_C_UAID_04D9F5F93AD565BD02_e515a311258b40d3_1799276614,-9349.304,42594.258,-176.88431,,,,,,,DA_AISpawner_MilitaryInfirmary,,,
SceneComponent,BP_AISpawner_C,BP_AISpawner_C_UAID_04D9F5F93AD565BD02_e515a311258b40d3_1806572625,-11472.381,40856.055,-176.88431,,,,,,,DA_AISpawner_MilitaryInfirmary,,,
SceneComponent,BP_AISpawner_C,BP_AISpawner_C_UAID_04D9F5F93AD565BD02_e515a311258b40d3_1811578636,-12028.33,38907.45,-176.88431,,,,,,,DA_AISpawner_MilitaryInfirmary,,,
SceneComponent,BP_AISpawner_C,BP_AISpawner_C_UAID_04D9F5F93AD565BD02_e515a311258b40d3_1818932647,-10021.504,39150.324,-176.88431,,,,,,,DA_AISpawner_MilitaryInfirmary,,,
SceneComponent,BP_AISpawner_C,BP_AISpawner_C_UAID_04D9F5F93AD565BD02_e515a311258b40d3_1822027658,-11373.452,37817.55,-111.481415,,,,,,,DA_AISpawner_MilitaryInfirmary,,,
SceneComponent,BP_AISpawner_C,BP_AISpawner_C_UAID_04D9F5F93AD565BD02_e515a311258b40d3_1847306684,-12337.423,39760.773,-176.88431,,,,,,,DA_AISpawner_MilitaryInfirmary,,,
SceneComponent,BP_AISpawner_C,BP_AISpawner_C_UAID_04D9F5F93AD5734902_2b1cf6401ef78c3e_1593403542,15318.96,19192.662,-1957.396,,,,,,,DA_AISpawner_Peasants,,,
SceneComponent,BP_AISpawner_C,BP_AISpawner_C_UAID_04D9F5F93AD5734902_2b1cf6401ef78c3e_1601028543,15068.816,19941.387,-1613.396,,,,,,,DA_AISpawner_Peasants,,,
SceneComponent,BP_AISpawner_C,BP_AISpawner_C_UAID_04D9F5F93AD5734902_8120ab00ad815ff9_1593403542,12086.368,21239.059,-1915.901,,,,,,,DA_AISpawner_Civilian,,,
SceneComponent,BP_AISpawner_C,BP_AISpawner_C_UAID_04D9F5F93AD5753202_46788bd73785bd52_1745304422,37731.457,-14645.8545,-4458.733,,,,,,,DA_AISpawner_Bloats,,,
SceneComponent,BP_AISpawner_C,BP_AISpawner_C_UAID_04D9F5F93AD5753202_46788bd73785bd52_1750164423,37407.355,-16092.685,-4469.1787,,,,,,,DA_AISpawner_Bloats,,,
SceneComponent,BP_AISpawner_C,BP_AISpawner_C_UAID_04D9F5F93AD5753202_46788bd73785bd52_1755427424,36075.496,-15648.569,-4466.506,,,,,,,DA_AISpawner_Bloats,,,
SceneComponent,BP_AISpawner_C,BP_AISpawner_C_UAID_04D9F5F93AD5753202_46788bd73785bd52_1761259425,35094.266,-14877.657,-4465.8193,,,,,,,DA_AISpawner_Bloats,,,
SceneComponent,BP_AISpawner_C,BP_AISpawner_C_UAID_04D9F5F93AD5753202_46788bd73785bd52_1766900426,36555.938,-14254.322,-4457.8745,,,,,,,DA_AISpawner_Bloats,,,
SceneComponent,BP_AISpawner_C,BP_AISpawner_C_UAID_04D9F5F93AD57D3302_be6a6beac2196855_1541619938,8835.66,32370.834,-1843.338,,,,,,,DA_AISpawner_Military,,,
SceneComponent,BP_AISpawner_C,BP_AISpawner_C_UAID_04D9F5F93AD57D3302_be6a6beac2196855_1551298939,7986.666,32246.398,-1843.338,,,,,,,DA_AISpawner_Military,,,
SceneComponent,BP_AISpawner_C,BP_AISpawner_C_UAID_04D9F5F93AD57F3F02_40332391da5e1e80_1479461918,-3514.8938,14831.114,-1944.7748,,,,,,,DA_AISpawner_Workers,,,
SceneComponent,BP_AISpawner_C,BP_AISpawner_C_UAID_04D9F5F93AD57F3F02_40332391da5e1e80_1482614919,-3953.5747,14033.825,-1943.9629,,,,,,,DA_AISpawner_Workers,,,
SceneComponent,BP_AISpawner_C,BP_AISpawner_C_UAID_04D9F5F93AD58A3102_be6a6beac2196855_1935061350,10812.951,30936.879,-1818.5287,,,,,,,DA_AISpawner_Miniboss,,,
SceneComponent,BP_AISpawner_C,BP_AISpawner_C_UAID_04D9F5F93AD58A3102_be6a6beac2196855_1953378351,10657.185,32233.96,-1818.5287,,,,,,,DA_AISpawner_Military,,,
SceneComponent,BP_AISpawner_C,BP_AISpawner_C_UAID_04D9F5F93AD58A3102_be6a6beac2196855_1956434352,11256.553,32215.998,-1818.5287,,,,,,,DA_AISpawner_Military,,,
SceneComponent,BP_AISpawner_C,BP_AISpawner_C_UAID_04D9F5F93AD58A3102_be6a6beac2196855_1958194353,11067.56,32959.926,-1818.5287,,,,,,,DA_AISpawner_Military,,,
SceneComponent,BP_AISpawner_C,BP_AISpawner_C_UAID_04D9F5F93AD58A3102_be6a6beac2196855_1994605354,10244.184,32921.57,-1818.5287,,,,,,,DA_AISpawner_Military,,,
SceneComponent,BP_AISpawner_C,BP_AISpawner_C_UAID_04D9F5F93AD58A3102_be6a6beac2196855_2000649355,10230.83,33613.086,-1818.5287,,,,,,,DA_AISpawner_Military,,,
SceneComponent,BP_AISpawner_C,BP_AISpawner_C_UAID_04D9F5F93AD58A3102_be6a6beac2196855_2008212356,10124.553,30066.812,-1818.5287,,,,,,,DA_AISpawner_Military,,,
SceneComponent,BP_AISpawner_C,BP_AISpawner_C_UAID_04D9F5F93AD58A3102_be6a6beac2196855_2012371357,11071.889,30373.996,-1818.5287,,,,,,,DA_AISpawner_Military,,,
SceneComponent,BP_AISpawner_C,BP_AISpawner_C_UAID_04D9F5F93AD58A3102_be6a6beac2196855_2016717358,11412.11,31113.924,-1818.5287,,,,,,,DA_AISpawner_Military,,,
SceneComponent,BP_AISpawner_C,BP_AISpawner_C_UAID_04D9F5F93AD5974802_6bd21faec174208a_2057677120,8679.434,20357.36,-1989.0844,,,,,,,DA_AISpawner_Peasants,,,
SceneComponent,BP_AISpawner_C,BP_AISpawner_C_UAID_04D9F5F93AD5974802_6bd21faec174208a_2071697121,8314.81,20945.049,-1989.0844,,,,,,,DA_AISpawner_Workers,,,
SceneComponent,BP_AISpawner_C,BP_AISpawner_C_UAID_04D9F5F93AD597D102_080747713879e0a2_1239160730,16898.285,15235.25,-1804.4279,,,,,,,DA_AISpawner_Mobs_Rare,,,
SceneComponent,BP_AISpawner_C,BP_AISpawner_C_UAID_04D9F5F93AD597D102_42bda6690cd73fc2_1239160730,8873.898,14693.456,-1753.5916,,,,,,,DA_AISpawner_Mobs_Rare,,,
SceneComponent,BP_AISpawner_C,BP_AISpawner_C_UAID_04D9F5F93AD597D102_4a266ed8ac794797_1239160730,17221.445,17407.348,-1849.3011,,,,,,,DA_AISpawner_Mobs_Rare,,,
SceneComponent,BP_AISpawner_C,BP_AISpawner_C_UAID_04D9F5F93AD597D102_7c8744de7c15e7f6_1239160730,8084.2515,12666.049,-1660.6122,,,,,,,DA_AISpawner_Mobs_Rare,,,
SceneComponent,BP_AISpawner_C,BP_AISpawner_C_UAID_04D9F5F93AD597D102_8bf8af546fb0921d_1239160730,14413.279,15694.459,-1818.7761,,,,,,,DA_AISpawner_Mobs_Rare,,,
SceneComponent,BP_AISpawner_C,BP_AISpawner_C_UAID_04D9F5F93AD597D102_a84f5bcc5355db51_1239160730,-24761.285,23607.18,-779.24585,,,,,,,DA_AISpawner_Mobs_Rare,,,
SceneComponent,BP_AISpawner_C,BP_AISpawner_C_UAID_04D9F5F93AD5A04502_11c294cc824aeaf3_1208505449,25557.701,17150.775,-2567.9778,,,,,,,DA_AISpawner_Civilian,,,
SceneComponent,BP_AISpawner_C,BP_AISpawner_C_UAID_04D9F5F93AD5A04502_11c294cc824aeaf3_1211572450,24944.678,17321.541,-2588.4873,,,,,,,DA_AISpawner_Civilian,,,
SceneComponent,BP_AISpawner_C,BP_AISpawner_C_UAID_04D9F5F93AD5A04502_11c294cc824aeaf3_1214557451,24637.734,18780.145,-2572.3376,,,,,,,DA_AISpawner_Civilian,,,
SceneComponent,BP_AISpawner_C,BP_AISpawner_C_UAID_04D9F5F93AD5A04502_11c294cc824aeaf3_1220842452,24165.217,18254.236,-2572.3376,,,,,,,DA_AISpawner_Civilian,,,
SceneComponent,BP_AISpawner_C,BP_AISpawner_C_UAID_04D9F5F93AD5A04502_11c294cc824aeaf3_1229798453,26291.82,17931.994,-2572.3376,,,,,,,DA_AISpawner_Civilian,,,
SceneComponent,BP_AISpawner_C,BP_AISpawner_C_UAID_04D9F5F93AD5A04502_11c294cc824aeaf3_1240866454,25565.09,16188.203,-2572.3376,,,,,,,DA_AISpawner_Civilian,,,
SceneComponent,BP_AISpawner_C,BP_AISpawner_C_UAID_04D9F5F93AD5A04502_11c294cc824aeaf3_1244084455,23808.977,15878.543,-2572.3376,,,,,,,DA_AISpawner_Civilian,,,
SceneComponent,BP_AISpawner_C,BP_AISpawner_C_UAID_04D9F5F93AD5A04502_11c294cc824aeaf3_1247369456,24734.102,16770.205,-2572.3376,,,,,,,DA_AISpawner_Civilian,,,
SceneComponent,BP_AISpawner_C,BP_AISpawner_C_UAID_04D9F5F93AD5A04502_11c294cc824aeaf3_1251836457,23644.049,16938.64,-2572.3376,,,,,,,DA_AISpawner_Civilian,,,
SceneComponent,BP_AISpawner_C,BP_AISpawner_C_UAID_04D9F5F93AD5A04602_2f00d91e4ecd5bd9_1263948684,10618.976,22992.28,-1920.6168,,,,,,,DA_AISpawner_Peasants,,,
SceneComponent,BP_AISpawner_C,BP_AISpawner_C_UAID_04D9F5F93AD5A04602_612b8435ec5bfafe_1263948684,-4892.282,13503.212,-1942.9861,,,,,,,DA_AISpawner_Peasants,,,
SceneComponent,BP_AISpawner_C,BP_AISpawner_C_UAID_04D9F5F93AD5A04602_a60450cc09cd4878_1263948684,-647.302,17497.871,-2008.5159,,,,,,,DA_AISpawner_Peasants,,,
SceneComponent,BP_AISpawner_C,BP_AISpawner_C_UAID_04D9F5F93AD5A13A02_4481ef720ae1ae21_2002859087,-9222.276,-6200.1353,-1920.764,,,,,,,DA_AISpawner_Workers,,,
SceneComponent,BP_AISpawner_C,BP_AISpawner_C_UAID_04D9F5F93AD5A13A02_4481ef720ae1ae21_2024067088,-10744.79,-5969.2876,-1923.0905,,,,,,,DA_AISpawner_Workers,,,
SceneComponent,BP_AISpawner_C,BP_AISpawner_C_UAID_04D9F5F93AD5AF5002_11b5b0c7a6f183d8_1531014268,-23120.145,24268.717,-859.47296,,,,,,,DA_AISpawner_Peasants,,,
SceneComponent,BP_AISpawner_C,BP_AISpawner_C_UAID_04D9F5F93AD5AF5002_11b5b0c7a6f183d8_1556798269,-23339.873,24975.537,-859.47296,,,,,,,DA_AISpawner_Peasants,,,
SceneComponent,BP_AISpawner_C,BP_AISpawner_C_UAID_04D9F5F93AD5AF5002_f233e748422b1e57_1531014268,8797.34,-1778.2794,-1125.0739,,,,,,,DA_AISpawner_Peasants,,,
SceneComponent,BP_AISpawner_C,BP_AISpawner_C_UAID_04D9F5F93AD5AF5002_f233e748422b1e57_1556798269,8108.1196,-1508.3684,-1125.0739,,,,,,,DA_AISpawner_Peasants,,,
SceneComponent,BP_AISpawner_C,BP_AISpawner_C_UAID_04D9F5F93AD5AF5002_faed06f6124ced22_1531014268,-16973.922,-3334.7085,-1794.861,,,,,,,DA_AISpawner_Peasants,,,
SceneComponent,BP_AISpawner_C,BP_AISpawner_C_UAID_04D9F5F93AD5AF5002_faed06f6124ced22_1556798269,-16869.988,-4067.5615,-1794.861,,,,,,,DA_AISpawner_Peasants,,,
SceneComponent,BP_AISpawner_C,BP_AISpawner_C_UAID_04D9F5F93AD5B83E02_11158c6f7229cdc0_2057435303,2024.8577,12375.956,-2187.972,,,,,,,DA_AISpawner_Peasants,,,
SceneComponent,BP_AISpawner_C,BP_AISpawner_C_UAID_04D9F5F93AD5B83E02_11158c6f7229cdc0_2057441304,3282.0762,12128.022,-2213.995,,,,,,,DA_AISpawner_Peasants,,,
SceneComponent,BP_AISpawner_C,BP_AISpawner_C_UAID_04D9F5F93AD5B83E02_11158c6f7229cdc0_2057446305,2589.8481,13383.554,-2206.3467,,,,,,,DA_AISpawner_Peasants,,,
SceneComponent,BP_AISpawner_C,BP_AISpawner_C_UAID_04D9F5F93AD5B83E02_11158c6f7229cdc0_2088444374,1979.9923,11086.602,-2165.2556,,,,,,,DA_AISpawner_Peasants,,,
SceneComponent,BP_AISpawner_C,BP_AISpawner_C_UAID_04D9F5F93AD5B83E02_11158c6f7229cdc0_2120415375,1644.8334,9313.237,-2197.7866,,,,,,,DA_AISpawner_Military,,,
SceneComponent,BP_AISpawner_C,BP_AISpawner_C_UAID_04D9F5F93AD5B83E02_11158c6f7229cdc0_2131460376,2482.3987,9055.385,-2204.064,,,,,,,DA_AISpawner_Miniboss,,,
SceneComponent,BP_AISpawner_C,BP_AISpawner_C_UAID_04D9F5F93AD5B93E02_11158c6f7229cdc0_1077328553,1357.8157,8188.4,-2168.3477,,,,,,,DA_AISpawner_Military,,,
SceneComponent,BP_AISpawner_C,BP_AISpawner_C_UAID_04D9F5F93AD5B93E02_11158c6f7229cdc0_1077334554,2195.3809,7930.5474,-2255.1492,,,,,,,DA_AISpawner_Military,,,
SceneComponent,BP_AISpawner_C,BP_AISpawner_C_UAID_04D9F5F93AD5B93E02_11158c6f7229cdc0_1120502555,1389.006,6919.6245,-2221.5508,,,,,,,DA_AISpawner_Military,,,
SceneComponent,BP_AISpawner_C,BP_AISpawner_C_UAID_04D9F5F93AD5B93E02_11158c6f7229cdc0_1232667624,2093.3298,10115.317,-1708.632,,,,,,,DA_AISpawner_Military,,,
SceneComponent,BP_AISpawner_C,BP_AISpawner_C_UAID_04D9F5F93AD5B93E02_11158c6f7229cdc0_1317683693,7549.043,9663.367,-1709.1176,,,,,,,DA_AISpawner_Military,,,
SceneComponent,BP_AISpawner_C,BP_AISpawner_C_UAID_04D9F5F93AD5B93E02_11158c6f7229cdc0_1317689694,6608.116,9760.198,-1710.0763,,,,,,,DA_AISpawner_Military,,,
SceneComponent,BP_AISpawner_C,BP_AISpawner_C_UAID_04D9F5F93AD5B93E02_11158c6f7229cdc0_1317693695,5171.8447,9914.332,-1710.4875,,,,,,,DA_AISpawner_Military,,,
SceneComponent,BP_AISpawner_C,BP_AISpawner_C_UAID_04D9F5F93AD5C15302_e1f78a4abc3bf4ef_2108151947,-27522.592,-2132.3708,-1440.4132,,,,,,,DA_AISpawner_Peasants,,,
SceneComponent,BP_AISpawner_C,BP_AISpawner_C_UAID_04D9F5F93AD5C15302_e1f78a4abc3bf4ef_2123172948,-26064.604,-3592.6392,-1440.4132,,,,,,,DA_AISpawner_Peasants,,,
SceneComponent,BP_AISpawner_C,BP_AISpawner_C_UAID_04D9F5F93AD5C15302_e1f78a4abc3bf4ef_2127412950,-23983.896,-5307.2705,-1425.0305,,,,,,,DA_AISpawner_Peasants,,,
SceneComponent,BP_AISpawner_C,BP_AISpawner_C_UAID_04D9F5F93AD5C23F02_40332391da5e1e80_1947273647,-2900.8962,12710.751,-1919.627,,,,,,,DA_AISpawner_Workers,,,
SceneComponent,BP_AISpawner_C,BP_AISpawner_C_UAID_04D9F5F93AD5C23F02_40332391da5e1e80_1952966648,-5098.807,12235.108,-1919.627,,,,,,,DA_AISpawner_Workers,,,
SceneComponent,BP_AISpawner_C,BP_AISpawner_C_UAID_04D9F5F93AD5C43E02_11158c6f7229cdc0_1629575911,6198.2627,8842.607,-2221.5508,,,,,,,DA_AISpawner_Military,,,
SceneComponent,BP_AISpawner_C,BP_AISpawner_C_UAID_04D9F5F93AD5C43E02_11158c6f7229cdc0_1646425912,5804.5933,7785.7407,-2221.5508,,,,,,,DA_AISpawner_Military,,,
SceneComponent,BP_AISpawner_C,BP_AISpawner_C_UAID_04D9F5F93AD5C43E02_11158c6f7229cdc0_1715262921,6068.2964,11096.421,-2221.5508,,,,,,,DA_AISpawner_Military,,,
SceneComponent,BP_AISpawner_C,BP_AISpawner_C_UAID_04D9F5F93AD5C74902_68e0512c24d92e8f_1530301188,11390.956,21291.254,-1999.0557,,,,,,,DA_AISpawner_Workers,,,
SceneComponent,BP_AISpawner_C,BP_AISpawner_C_UAID_04D9F5F93AD5C74902_68e0512c24d92e8f_1542096189,11365.452,22024.977,-1999.0557,,,,,,,DA_AISpawner_Civilian,,,
SceneComponent,BP_AISpawner_C,BP_AISpawner_C_UAID_04D9F5F93AD5DE4602_35f6576d0925a26d_1517521588,-1597.3746,17223.63,-2020.1554,,,,,,,DA_AISpawner_Peasants,,,
SceneComponent,BP_AISpawner_C,BP_AISpawner_C_UAID_04D9F5F93AD5DE4602_35f6576d0925a26d_1520680589,-1167.2502,16067.315,-2017.2394,,,,,,,DA_AISpawner_Peasants,,,
SceneComponent,BP_AISpawner_C,BP_AISpawner_C_UAID_04D9F5F93AD5DE4602_35f6576d0925a26d_1523801590,-174.82123,16194.797,-2018.9396,,,,,,,DA_AISpawner_Peasants,,,
SceneComponent,BP_AISpawner_C,BP_AISpawner_C_UAID_04D9F5F93AD5DE4602_35f6576d0925a26d_1529274591,545.99646,16323.171,-2030.7594,,,,,,,DA_AISpawner_Peasants,,,
SceneComponent,BP_AISpawner_C,BP_AISpawner_C_UAID_04D9F5F93AD5DE4602_35f6576d0925a26d_1538776592,-869.53345,16529.465,-2017.4062,,,,,,,DA_AISpawner_Peasants,,,
SceneComponent,BP_AISpawner_C,BP_AISpawner_C_UAID_04D9F5F93AD5EC5202_6944a5393d194d48_1763819419,11043.87,20396.33,-1907.4952,,,,,,,DA_AISpawner_Peasants,,,
SceneComponent,BP_AISpawner_C,BP_AISpawner_C_UAID_04D9F5F93AD5F44B02_2b1cf6401ef78c3e_1673767766,15268.441,19422.584,-1613.396,,,,,,,DA_AISpawner_Peasants,,,
SceneComponent,BP_AISpawner_C,BP_AISpawner_C_UAID_04D9F5F93AD5F44B02_2b1cf6401ef78c3e_1832342801,15185.15,19841.09,-1960.396,,,,,,,DA_AISpawner_Peasants,,,
SceneComponent,BP_AISpawner_C,BP_AISpawner_C_UAID_04D9F5F93AD5F44B02_8120ab00ad815ff9_1673767766,12131.855,21008.09,-1584.8892,,,,,,,DA_AISpawner_Civilian,,,
SceneComponent,BP_AISpawner_C,BP_AISpawner_C_UAID_04D9F5F93AD5FE3F02_2f00d91e4ecd5bd9_1557280095,10162.151,23068.4,-1922.0455,,,,,,,DA_AISpawner_Peasants,,,
SceneComponent,BP_AISpawner_C,BP_AISpawner_C_UAID_04D9F5F93AD5FE3F02_612b8435ec5bfafe_1557280095,-5351.8086,13560.813,-1944.4148,,,,,,,DA_AISpawner_Peasants,,,
SceneComponent,BP_AISpawner_C,BP_AISpawner_C_UAID_04D9F5F93AD5FE3F02_a60450cc09cd4878_1557280095,-189.16196,17430.123,-2009.9446,,,,,,,DA_AISpawner_Peasants,,,
SceneComponent,BP_AISpawner_C,BP_AISpawner_C_UAID_04D9F5F93AD5FE3F02_b9ed3e3c39f77a44_1520996058,40631.64,14423.404,-2105.8,,,,,,,DA_AISpawner_Peasants,,,
SceneComponent,BP_AISpawner_C,BP_AISpawner_C_UAID_04D9F5F93AD5FE3F02_ef5e067ba124a252_1520996058,-2648.4011,14430.098,-1928.1576,,,,,,,DA_AISpawner_Peasants,,,
SceneComponent,BP_AISpawner_C,BP_AISpawner_C_UAID_04D9F5F93AD5FF8602_b60af4a2524c6d71_1418914321,33795.004,-14759.587,-4719.956,,,,,,,DA_AISpawner_Peasants,,,
SceneComponent,BP_AISpawner_C,BP_AISpawner_C_UAID_581CF8B72315068902_bf336458ec4e5518_1726516817,37224.49,-17888.605,-4698.876,,,,,,,DA_AISpawner_Peasants,,,
SceneComponent,BP_AISpawner_C,BP_AISpawner_C_UAID_581CF8B72315078902_bf336458ec4e5518_1589297005,37715.49,-18119.594,-4701.593,,,,,,,DA_AISpawner_Peasants,,,
SceneComponent,BP_AISpawner_C,BP_AISpawner_C_UAID_581CF8B72315449A02_d2b622e41626617e_1681596125,44272.85,-21126.97,-5845.377,,,,,,,DA_AISpawner_Undercroft01,,,
SceneComponent,BP_AISpawner_C,BP_AISpawner_C_UAID_581CF8B72315449A02_d2b622e41626617e_1681600126,45043.734,-21183.998,-5864.192,,,,,,,DA_AISpawner_Undercroft01,,,
SceneComponent,BP_AISpawner_C,BP_AISpawner_C_UAID_581CF8B72315488902_668bffaf429d00f2_2052194465,35952.344,-21857.463,-4712.8184,,,,,,,DA_AISpawner_Bloats,,,
SceneComponent,BP_AISpawner_C,BP_AISpawner_C_UAID_581CF8B72315488902_668bffaf429d00f2_2058066466,36088.406,-20889.672,-4712.0566,,,,,,,DA_AISpawner_Bloats,,,
SceneComponent,BP_AISpawner_C,BP_AISpawner_C_UAID_581CF8B72315498402_d2b622e41626617e_1304182566,40150.203,-16957.164,-6331.272,,,,,,,DA_AISpawner_Peasants,,,
SceneComponent,BP_AISpawner_C,BP_AISpawner_C_UAID_581CF8B723157C8602_297b636c1481f881_2040909261,34022.62,-11886.425,-4288.225,,,,,,,DA_AISpawner_Peasants,,,
SceneComponent,BP_AISpawner_C,BP_AISpawner_C_UAID_581CF8B723157C8602_297b636c1481f881_2046888262,34090.957,-10675.889,-4287.6885,,,,,,,DA_AISpawner_Peasants,,,
SceneComponent,BP_AISpawner_C,BP_AISpawner_C_UAID_581CF8B723157C8602_297b636c1481f881_2049398263,34022.254,-11100.553,-4288.995,,,,,,,DA_AISpawner_Peasants,,,
SceneComponent,BP_AISpawner_C,BP_AISpawner_C_UAID_581CF8B723157C8602_adcabc3b77726472_2040909261,37010.77,-19023.842,-4697.6343,,,,,,,DA_AISpawner_Peasants,,,
SceneComponent,BP_AISpawner_C,BP_AISpawner_C_UAID_581CF8B723157C8602_adcabc3b77726472_2049398263,36466.547,-18817.781,-4695.919,,,,,,,DA_AISpawner_Peasants,,,
SceneComponent,BP_AISpawner_C,BP_AISpawner_C_UAID_581CF8B72315828402_d2b622e41626617e_1409551410,39333.566,-16512.936,-6332.0737,,,,,,,DA_AISpawner_Peasants,,,
SceneComponent,BP_AISpawner_C,BP_AISpawner_C_UAID_581CF8B72315838502_d2b622e41626617e_1257559579,43297.54,-16282.25,-5806.413,,,,,,,DA_AISpawner_Peasants,,,
SceneComponent,BP_AISpawner_C,BP_AISpawner_C_UAID_581CF8B72315838502_d2b622e41626617e_1268263580,43289.695,-15881.753,-5810.7427,,,,,,,DA_AISpawner_Peasants,,,
SceneComponent,BP_AISpawner_C,BP_AISpawner_C_UAID_581CF8B72315838502_d2b622e41626617e_1272945581,43961.32,-16269.918,-5811.0005,,,,,,,DA_AISpawner_Peasants,,,
SceneComponent,BP_AISpawner_C,BP_AISpawner_C_UAID_581CF8B72315838502_d2b622e41626617e_1276336582,44737.88,-16236.2,-5815.339,,,,,,,DA_AISpawner_Peasants,,,
SceneComponent,BP_AISpawner_C,BP_AISpawner_C_UAID_581CF8B72315838502_d2b622e41626617e_1288534584,43165.387,-16387.434,-6298.149,,,,,,,DA_AISpawner_Peasants,,,
SceneComponent,BP_AISpawner_C,BP_AISpawner_C_UAID_581CF8B72315838502_d2b622e41626617e_1295856586,44296.188,-16001.851,-6299.64,,,,,,,DA_AISpawner_Peasants,,,
SceneComponent,BP_AISpawner_C,BP_AISpawner_C_UAID_581CF8B72315D68F02_0f7a0ffded9e9812_1975150635,33540.848,-9542.655,-991.5159,,,,,,,DA_AISpawner_Miniboss,,,
SceneComponent,BP_AISpawner_C,BP_AISpawner_C_UAID_D843AE1A93E54BC002_1956168534,-11462.12,13594.122,-1764.8167,,,,,,,DA_AISpawner_RareFarmer,,,
SceneComponent,BP_AISpawner_C,BP_AISpawner_C_UAID_D843AE1A93E59CC002_e515a311258b40d3_1552242266,-10949.372,43216.305,-176.88431,,,,,,,DA_AISpawner_DregPhysician,,,
SceneComponent,BP_AISpawner_C,BP_AISpawner_C_UAID_D843AE1A93E59CC002_e515a311258b40d3_1562519291,-11064.546,42364.52,-176.88431,,,,,,,DA_AISpawner_MilitaryInfirmary,,,
SceneComponent,BP_AISpawner_C,BP_AISpawner_C_UAID_D843AE1A93E59CC002_e515a311258b40d3_1566744316,-12196.69,40978.273,-176.88431,,,,,,,DA_AISpawner_MilitaryInfirmary,,,
SceneComponent,BP_AISpawner_C,BP_AISpawner_C_UAID_D843AE1A93E59CC002_e515a311258b40d3_1588602353,-9713.205,39973.773,-176.88431,,,,,,,DA_AISpawner_MilitaryInfirmary,,,
SceneComponent,BP_AISpawner_C,BP_AISpawner_C_UAID_D843AE1A93E59CC002_e515a311258b40d3_1593031378,-9317.198,41569.555,-176.88431,,,,,,,DA_AISpawner_MilitaryInfirmary,,,
SceneComponent,BP_AISpawner_C,BP_AISpawner_C_UAID_D843AE1A93E59CC002_e515a311258b40d3_1609133403,-10301.184,41813.74,-176.88431,,,,,,,DA_AISpawner_MilitaryInfirmary,,,
SceneComponent,BP_AISpawner_C,BP_AISpawner_C_UAID_D843AE1A93E59CC002_e515a311258b40d3_1680002440,-11157.009,39352.92,-176.88431,,,,,,,DA_AISpawner_MilitaryInfirmary,,,
SceneComponent,BP_AISpawner_C,UNP_BP_AISpawner10_75f24b53c5c4d0ce_7,-17683.662,38690.305,1240.8273,,,,,,,DA_AISpawner_Workers,,,
SceneComponent,BP_AISpawner_C,UNP_BP_AISpawner11_75f24b53c5c4d0ce_8,-17071.238,39420.895,1241.4198,,,,,,,DA_AISpawner_Workers,,,
SceneComponent,BP_AISpawner_C,UNP_BP_AISpawner12_75f24b53c5c4d0ce_9,-17149.518,39745.973,772.92114,,,,,,,DA_AISpawner_Workers,,,
SceneComponent,BP_AISpawner_C,UNP_BP_AISpawner13_75f24b53c5c4d0ce_10,-17940.531,39866.47,824.5283,,,,,,,DA_AISpawner_Miniboss,,,
SceneComponent,BP_AISpawner_C,UNP_BP_AISpawner14_75f24b53c5c4d0ce_11,-17844.23,39019.664,771.2842,,,,,,,DA_AISpawner_Workers,,,
SceneComponent,BP_AISpawner_C,UNP_BP_AISpawner15_75f24b53c5c4d0ce_12,-18287.82,41016.707,770.77045,,,,,,,DA_AISpawner_Workers,,,
SceneComponent,BP_AISpawner_C,UNP_BP_AISpawner1_38dd6e6fa5f4d608_2,43085.848,34192.742,-1628.4426,,,,,,,DA_AISpawner_Peasants,,,
SceneComponent,BP_AISpawner_C,UNP_BP_AISpawner1_3ce330e594250b81_1,-6267.7573,35433.1,-622.19055,,,,,,,DA_AISpawner_Peasants,,,
SceneComponent,BP_AISpawner_C,UNP_BP_AISpawner1_48587e268a079417_1,37363.195,36231.035,-1202.8038,,,,,,,DA_AISpawner_Workers,,,
SceneComponent,BP_AISpawner_C,UNP_BP_AISpawner1_4980766c61eef4cd_1,-4640.637,11081.756,-1915.7313,,,,,,,DA_AISpawner_Peasants,,,
SceneComponent,BP_AISpawner_C,UNP_BP_AISpawner1_4b003ba387a57fa1_1,18413.447,-4387.034,-721.46576,,,,,,,DA_AISpawner_Civilian,,,
SceneComponent,BP_AISpawner_C,UNP_BP_AISpawner1_684b6515b932cad9_1,42329.207,-22641.082,-5691.1704,,,,,,,DA_AISpawner_Peasants,,,
SceneComponent,BP_AISpawner_C,UNP_BP_AISpawner1_UAID_00FF8EFC2BEF4ABA02_5a6840b2e853ea4f_1323678779,-30590.15,47754.688,505.03152,,,,,,,DA_AISpawner_Peasants,,,
SceneComponent,BP_AISpawner_C,UNP_BP_AISpawner1_UAID_046874882494449B02_be84b45a7f1a85a5_1510155401,43235.395,30668.45,-2086.9678,,,,,,,DA_AISpawner_Military,,,
SceneComponent,BP_AISpawner_C,UNP_BP_AISpawner1_UAID_046874882494449B02_be84b45a7f1a85a5_1513164009,43899.67,28248.059,-2150.007,,,,,,,DA_AISpawner_Military,,,
SceneComponent,BP_AISpawner_C,UNP_BP_AISpawner1_UAID_046874882494449B02_be84b45a7f1a85a5_1513983190,43832.395,28972.734,-2615.0442,,,,,,,DA_AISpawner_Military,,,
SceneComponent,BP_AISpawner_C,UNP_BP_AISpawner1_UAID_0468748824944E8902_4481ef720ae1ae21_1129883564,-7759.3525,-4636.5625,-2076.3374,,,,,,,DA_AISpawner_Workers,,,
SceneComponent,BP_AISpawner_C,UNP_BP_AISpawner1_UAID_04687488249456B902_40332391da5e1e80_1319387829,-4608.9736,16982.29,-1944.7515,,,,,,,DA_AISpawner_Mobs_Rare,,,
SceneComponent,BP_AISpawner_C,UNP_BP_AISpawner1_UAID_04687488249456B902_40332391da5e1e80_1322019864,-5514.816,16840.576,-1944.7515,,,,,,,DA_AISpawner_Mobs_Rare,,,
SceneComponent,BP_AISpawner_C,UNP_BP_AISpawner1_UAID_046874882494977D02_be6a6beac2196855_1267377325,10221.77,29607.562,-1817.3699,,,,,,,DA_AISpawner_Military,,,
SceneComponent,BP_AISpawner_C,UNP_BP_AISpawner1_UAID_046874882494E7BB02_9164d34f00e130fe_1505939118,28832.287,21729.443,-2572.245,,,,,,,DA_AISpawner_Peasants,,,
SceneComponent,BP_AISpawner_C,UNP_BP_AISpawner1_UAID_581CF8B723153C9402_a517a7b494159cca_1919644613,37184.973,-9531.29,-4213.233,,,,,,,DA_AISpawner_Peasants,,,
SceneComponent,BP_AISpawner_C,UNP_BP_AISpawner1_UAID_D843AE1A93E5282D02_0afea3e4a2ab4ead_1715930627,23821.617,28942.037,-1798.7213,,,,,,,DA_AISpawner_Peasants,,,
SceneComponent,BP_AISpawner_C,UNP_BP_AISpawner1_UAID_D843AE1A93E5282D02_0bff78316170e065_1715930627,45061.65,24220.0,-1927.8528,,,,,,,DA_AISpawner_Peasants,,,
SceneComponent,BP_AISpawner_C,UNP_BP_AISpawner1_UAID_D843AE1A93E5282D02_0daf36e71d8d4806_1715930627,32066.787,34035.0,-1690.057,,,,,,,DA_AISpawner_Peasants,,,
SceneComponent,BP_AISpawner_C,UNP_BP_AISpawner1_UAID_D843AE1A93E5282D02_167b2a847126ee46_1715930627,30876.73,4231.566,-933.5131,,,,,,,DA_AISpawner_Peasants,,,
SceneComponent,BP_AISpawner_C,UNP_BP_AISpawner1_UAID_D843AE1A93E5282D02_30b4ed3507fe0811_1715930627,-20144.738,-9228.493,-1416.5084,,,,,,,DA_AISpawner_Peasants,,,
SceneComponent,BP_AISpawner_C,UNP_BP_AISpawner1_UAID_D843AE1A93E5282D02_326c051849650387_1715930627,-15796.407,24886.402,-763.50006,,,,,,,DA_AISpawner_Peasants,,,
SceneComponent,BP_AISpawner_C,UNP_BP_AISpawner1_UAID_D843AE1A93E5282D02_386c73d67a88ca40_1715930627,24264.496,41773.977,-1993.5146,,,,,,,DA_AISpawner_Peasants,,,
SceneComponent,BP_AISpawner_C,UNP_BP_AISpawner1_UAID_D843AE1A93E5282D02_390562c6123b1b55_1715930627,-10968.613,7543.4185,-1688.2213,,,,,,,DA_AISpawner_Peasants,,,
SceneComponent,BP_AISpawner_C,UNP_BP_AISpawner1_UAID_D843AE1A93E5282D02_3972a2bcb8ff5fca_1715930627,-19716.68,13829.828,-1587.2493,,,,,,,DA_AISpawner_Peasants,,,
SceneComponent,BP_AISpawner_C,UNP_BP_AISpawner1_UAID_D843AE1A93E5282D02_3f9a5213e3198253_1715930627,1345.1783,297.10004,-1674.5819,,,,,,,DA_AISpawner_Peasants,,,
SceneComponent,BP_AISpawner_C,UNP_BP_AISpawner1_UAID_D843AE1A93E5282D02_6c177c8646360491_1715930627,32838.773,35102.742,-1813.4281,,,,,,,DA_AISpawner_Peasants,,,
SceneComponent,BP_AISpawner_C,UNP_BP_AISpawner1_UAID_D843AE1A93E5282D02_7784ed8edffea715_1715930627,-13949.981,-8748.566,-1456.9667,,,,,,,DA_AISpawner_Peasants,,,
SceneComponent,BP_AISpawner_C,UNP_BP_AISpawner1_UAID_D843AE1A93E5282D02_a2ea69aec86fc5d6_1715930627,-5922.6455,31456.52,-905.34033,,,,,,,DA_AISpawner_Peasants,,,
SceneComponent,BP_AISpawner_C,UNP_BP_AISpawner1_UAID_D843AE1A93E5282D02_a3cf14e524502c20_1715930627,-11025.1455,35007.54,-392.0579,,,,,,,DA_AISpawner_Peasants,,,
SceneComponent,BP_AISpawner_C,UNP_BP_AISpawner1_UAID_D843AE1A93E5282D02_a4705094243e84bf_1715930627,-3519.0657,8970.042,-1816.3588,,,,,,,DA_AISpawner_Peasants,,,
SceneComponent,BP_AISpawner_C,UNP_BP_AISpawner1_UAID_D843AE1A93E5282D02_ca4672bb87a44fb8_1715930627,-25227.326,7367.0205,-1621.8301,,,,,,,DA_AISpawner_Peasants,,,
SceneComponent,BP_AISpawner_C,UNP_BP_AISpawner1_UAID_D843AE1A93E5282D02_ce8aa9743915d8a8_1715930627,-16676.1,-6251.372,-1693.3123,,,,,,,DA_AISpawner_Peasants,,,
SceneComponent,BP_AISpawner_C,UNP_BP_AISpawner1_UAID_D843AE1A93E5282D02_d9ec4e8ed4f1a91a_1715930627,44046.312,7797.724,-1106.3689,,,,,,,DA_AISpawner_Peasants,,,
SceneComponent,BP_AISpawner_C,UNP_BP_AISpawner1_UAID_D843AE1A93E5282D02_e5f209bb612977aa_1715930627,23480.861,9397.493,-2412.911,,,,,,,DA_AISpawner_Peasants,,,
SceneComponent,BP_AISpawner_C,UNP_BP_AISpawner1_UAID_D843AE1A93E5282D02_faaed5ba80a72b54_1715930627,-28357.812,25378.715,-915.0338,,,,,,,DA_AISpawner_Peasants,,,
SceneComponent,BP_AISpawner_C,UNP_BP_AISpawner1_UAID_D843AE1A93E5282D02_fac9b25dad16c764_1715930627,21752.229,12256.972,-2571.5176,,,,,,,DA_AISpawner_Peasants,,,
SceneComponent,BP_AISpawner_C,UNP_BP_AISpawner1_UAID_D843AE1A93E55C2E02_1a842de26cb95987_1268285280,35871.184,-11363.368,-4292.351,,,,,,,DA_AISpawner_Peasants,,,
SceneComponent,BP_AISpawner_C,UNP_BP_AISpawner1_UAID_D843AE1A93E55C2E02_2f97df07b1f97260_1268285280,44163.402,-15364.875,-6309.59,,,,,,,DA_AISpawner_Peasants,,,
SceneComponent,BP_AISpawner_C,UNP_BP_AISpawner1_UAID_D843AE1A93E55C2E02_3887107067263f04_1268285280,37158.56,-15650.783,-8092.3643,,,,,,,DA_AISpawner_Peasants,,,
SceneComponent,BP_AISpawner_C,UNP_BP_AISpawner1_UAID_D843AE1A93E55C2E02_451b1d6fea101154_1268285280,35460.723,-12169.62,-3113.5017,,,,,,,DA_AISpawner_Peasants,,,
SceneComponent,BP_AISpawner_C,UNP_BP_AISpawner1_UAID_D843AE1A93E55C2E02_58ed27a752adb11f_1268285280,39289.285,-15306.8955,-4447.8613,,,,,,,DA_AISpawner_Peasants,,,
SceneComponent,BP_AISpawner_C,UNP_BP_AISpawner1_UAID_D843AE1A93E55C2E02_657d6e388841b1cf_1268285280,45816.8,-17104.03,-5299.6113,,,,,,,DA_AISpawner_Peasants,,,
SceneComponent,BP_AISpawner_C,UNP_BP_AISpawner1_UAID_D843AE1A93E55C2E02_668bffaf429d00f2_1268285280,36768.047,-21139.129,-4712.376,,,,,,,DA_AISpawner_Bloats,,,
SceneComponent,BP_AISpawner_C,UNP_BP_AISpawner1_UAID_D843AE1A93E55C2E02_c55de4808a095fe8_1268285280,39109.703,-17802.63,-6360.5464,,,,,,,DA_AISpawner_Peasants,,,
SceneComponent,BP_AISpawner_C,UNP_BP_AISpawner1_UAID_D843AE1A93E55C2E02_da5a71a943bc0697_1268285280,39919.438,-10060.622,-3939.8928,,,,,,,DA_AISpawner_Peasants,,,
SceneComponent,BP_AISpawner_C,UNP_BP_AISpawner1_UAID_D843AE1A93E55C2E02_e12df52cbada3660_1268285280,36074.21,-17851.287,-8080.7305,,,,,,,DA_AISpawner_Peasants,,,
SceneComponent,BP_AISpawner_C,UNP_BP_AISpawner1_UAID_D843AE1A93E55C2E02_f7355c7f8d829090_1268285280,36127.508,-16537.959,-5688.9155,,,,,,,DA_AISpawner_Peasants,,,
SceneComponent,BP_AISpawner_C,UNP_BP_AISpawner1_a1088320ad7534bd_2,16685.541,44172.223,-946.3055,,,,,,,DA_AISpawner_Peasants,,,
SceneComponent,BP_AISpawner_C,UNP_BP_AISpawner1_a6189d3859fa4699_1,1443.0339,39455.242,-1139.9835,,,,,,,DA_AISpawner_Peasants,,,
SceneComponent,BP_AISpawner_C,UNP_BP_AISpawner1_ae54c015e4f59828_1,-28546.508,12839.539,-1264.6366,,,,,,,DA_AISpawner_Peasants,,,
SceneComponent,BP_AISpawner_C,UNP_BP_AISpawner1_bc603417abab8b29_1,30470.564,38418.94,-1875.6324,,,,,,,DA_AISpawner_Civilian,,,
SceneComponent,BP_AISpawner_C,UNP_BP_AISpawner1_eb580424d23ccad1_2,47486.555,-6319.94,156.79706,,,,,,,DA_AISpawner_Peasants,,,
SceneComponent,BP_AISpawner_C,UNP_BP_AISpawner1_fff152065d50a3af_0,29573.24,32928.32,-1512.3793,,,,,,,DA_AISpawner_Peasants,,,
SceneComponent,BP_AISpawner_C,UNP_BP_AISpawner2_38dd6e6fa5f4d608_1,42991.17,34773.38,-1633.7302,,,,,,,DA_AISpawner_Peasants,,,
SceneComponent,BP_AISpawner_C,UNP_BP_AISpawner2_3ce330e594250b81_2,-6269.5566,34764.254,-643.7662,,,,,,,DA_AISpawner_Peasants,,,
SceneComponent,BP_AISpawner_C,UNP_BP_AISpawner2_4980766c61eef4cd_2,-5258.1514,10927.077,-1915.6034,,,,,,,DA_AISpawner_Peasants,,,
SceneComponent,BP_AISpawner_C,UNP_BP_AISpawner2_4b003ba387a57fa1_2,17819.68,-4082.8743,-721.46576,,,,,,,DA_AISpawner_Civilian,,,
SceneComponent,BP_AISpawner_C,UNP_BP_AISpawner2_684b6515b932cad9_2,41624.58,-22996.865,-5691.581,,,,,,,DA_AISpawner_Peasants,,,
SceneComponent,BP_AISpawner_C,UNP_BP_AISpawner2_UAID_00FF8EFC2BEF4ABA02_5a6840b2e853ea4f_1323680781,-30320.219,47231.965,527.7625,,,,,,,DA_AISpawner_Peasants,,,
SceneComponent,BP_AISpawner_C,UNP_BP_AISpawner2_a1088320ad7534bd_1,16109.431,44053.074,-946.3055,,,,,,,DA_AISpawner_Peasants,,,
SceneComponent,BP_AISpawner_C,UNP_BP_AISpawner2_ae54c015e4f59828_2,-27409.7,13006.084,-1263.249,,,,,,,DA_AISpawner_Peasants,,,
SceneComponent,BP_AISpawner_C,UNP_BP_AISpawner2_bc603417abab8b29_2,31248.121,37588.758,-1916.6736,,,,,,,DA_AISpawner_Civilian,,,
SceneComponent,BP_AISpawner_C,UNP_BP_AISpawner2_eb580424d23ccad1_1,47176.555,-6819.94,152.49333,,,,,,,DA_AISpawner_Peasants,,,
SceneComponent,BP_AISpawner_C,UNP_BP_AISpawner2_fff152065d50a3af_2,30181.129,32433.35,-1526.7931,,,,,,,DA_AISpawner_Peasants,,,
SceneComponent,BP_AISpawner_C,UNP_BP_AISpawner3_1ffbef644320408b_0,27162.125,-2113.3787,-417.10254,,,,,,,DA_AISpawner_Peasants,,,
SceneComponent,BP_AISpawner_C,UNP_BP_AISpawner3_38dd6e6fa5f4d608_0,42223.47,34741.2,-1633.1257,,,,,,,DA_AISpawner_Peasants,,,
SceneComponent,BP_AISpawner_C,UNP_BP_AISpawner3_3ce330e594250b81_3,-6778.9985,34764.77,-617.27826,,,,,,,DA_AISpawner_Peasants,,,
SceneComponent,BP_AISpawner_C,UNP_BP_AISpawner3_4980766c61eef4cd_3,-5126.2993,10400.694,-1915.4296,,,,,,,DA_AISpawner_Peasants,,,
SceneComponent,BP_AISpawner_C,UNP_BP_AISpawner3_6644af9402cdc227_0,22353.666,5468.497,-1302.4937,,,,,,,DA_AISpawner_Peasants,,,
SceneComponent,BP_AISpawner_C,UNP_BP_AISpawner3_75f24b53c5c4d0ce_0,-17732.08,40088.582,2080.8262,,,,,,,DA_AISpawner_Workers,,,
SceneComponent,BP_AISpawner_C,UNP_BP_AISpawner3_7d863240c413f126_0,-28092.8,24679.99,-529.4986,,,,,,,DA_AISpawner_Peasants,,,
SceneComponent,BP_AISpawner_C,UNP_BP_AISpawner3_UAID_00FF8EFC2BEF4ABA02_5a6840b2e853ea4f_1323679780,-29600.273,47500.438,508.8121,,,,,,,DA_AISpawner_Peasants,,,
SceneComponent,BP_AISpawner_C,UNP_BP_AISpawner3_UAID_046874882494449B02_be84b45a7f1a85a5_1513196028,43647.555,29310.137,-2150.007,,,,,,,DA_AISpawner_Military,,,
SceneComponent,BP_AISpawner_C,UNP_BP_AISpawner3_UAID_04D9F5F93AD54A4102_ae54c015e4f59828_2094289003,-26371.545,12577.557,-1296.273,,,,,,,DA_AISpawner_Peasants,,,
SceneComponent,BP_AISpawner_C,UNP_BP_AISpawner3_UAID_04D9F5F93AD54A4102_ae54c015e4f59828_2105859004,-26808.422,12747.232,-1264.3302,,,,,,,DA_AISpawner_Peasants,,,
SceneComponent,BP_AISpawner_C,UNP_BP_AISpawner3_a1088320ad7534bd_0,16174.048,43287.418,-946.3055,,,,,,,DA_AISpawner_Peasants,,,
SceneComponent,BP_AISpawner_C,UNP_BP_AISpawner3_ae54c015e4f59828_3,-26811.604,11860.854,-1264.6703,,,,,,,DA_AISpawner_Peasants,,,
SceneComponent,BP_AISpawner_C,UNP_BP_AISpawner3_bc603417abab8b29_3,29028.973,40362.703,-1888.3612,,,,,,,DA_AISpawner_Civilian,,,
SceneComponent,BP_AISpawner_C,UNP_BP_AISpawner3_eb580424d23ccad1_0,47776.555,-7299.94,151.86119,,,,,,,DA_AISpawner_Peasants,,,
SceneComponent,BP_AISpawner_C,UNP_BP_AISpawner4_4980766c61eef4cd_4,-3523.366,11235.645,-1922.1678,,,,,,,DA_AISpawner_Peasants,,,
SceneComponent,BP_AISpawner_C,UNP_BP_AISpawner4_75f24b53c5c4d0ce_1,-17386.986,39347.594,2081.6733,,,,,,,DA_AISpawner_Workers,,,
SceneComponent,BP_AISpawner_C,UNP_BP_AISpawner4_ae54c015e4f59828_4,-28799.584,13593.893,-1275.5941,,,,,,,DA_AISpawner_Peasants,,,
SceneComponent,BP_AISpawner_C,UNP_BP_AISpawner4_bc603417abab8b29_4,28153.295,41543.418,-1962.3888,,,,,,,DA_AISpawner_Civilian,,,
SceneComponent,BP_AISpawner_C,UNP_BP_AISpawner5_4980766c61eef4cd_5,-5258.8965,11163.685,-1508.2686,,,,,,,DA_AISpawner_HighClassCivilian,,,
SceneComponent,BP_AISpawner_C,UNP_BP_AISpawner5_75f24b53c5c4d0ce_2,-18328.549,39317.797,2956.6316,,,,,,,DA_AISpawner_Workers,,,
SceneComponent,BP_AISpawner_C,UNP_BP_AISpawner5_UAID_04D9F5F93AD5984102_ae54c015e4f59828_1945170276,-27041.861,12687.736,-849.262,,,,,,,DA_AISpawner_Peasants,,,
SceneComponent,BP_AISpawner_C,UNP_BP_AISpawner5_UAID_04D9F5F93AD5994102_ae54c015e4f59828_1171692472,-27948.982,13201.379,-849.262,,,,,,,DA_AISpawner_Peasants,,,
SceneComponent,BP_AISpawner_C,UNP_BP_AISpawner5_UAID_04D9F5F93AD5994102_ae54c015e4f59828_1179101473,-28754.65,13514.798,-849.262,,,,,,,DA_AISpawner_Peasants,,,
SceneComponent,BP_AISpawner_C,UNP_BP_AISpawner5_ae54c015e4f59828_5,-26544.912,12452.696,-849.262,,,,,,,DA_AISpawner_Peasants,,,
SceneComponent,BP_AISpawner_C,UNP_BP_AISpawner6_4980766c61eef4cd_6,-3845.381,10764.123,-1507.7456,,,,,,,DA_AISpawner_Peasants,,,
SceneComponent,BP_AISpawner_C,UNP_BP_AISpawner6_75f24b53c5c4d0ce_3,-18005.562,38815.125,2956.6316,,,,,,,DA_AISpawner_Workers,,,
SceneComponent,BP_AISpawner_C,UNP_BP_AISpawner7_75f24b53c5c4d0ce_4,-17210.342,39344.227,2521.1917,,,,,,,DA_AISpawner_Workers,,,
SceneComponent,BP_AISpawner_C,UNP_BP_AISpawner8_4980766c61eef4cd_8,-5213.9956,10388.165,-1508.2812,,,,,,,DA_AISpawner_Peasants,,,
SceneComponent,BP_AISpawner_C,UNP_BP_AISpawner8_75f24b53c5c4d0ce_0,-18099.125,38735.99,2521.5415,,,,,,,DA_AISpawner_Workers,,,
SceneComponent,BP_AISpawner_C,UNP_BP_AISpawner8_75f24b53c5c4d0ce_5,-18076.66,39914.633,2523.3013,,,,,,,DA_AISpawner_Workers,,,
SceneComponent,BP_AISpawner_C,UNP_BP_AISpawner9_75f24b53c5c4d0ce_6,-17376.658,39856.137,1241.4442,,,,,,,DA_AISpawner_Workers,,,
SceneComponent,BP_AISpawner_C,UNP_BP_AISpawner_02262a5d03e70a69_0,15617.391,22476.02,-1943.0388,,,,,,,DA_AISpawner_Peasants,,,
SceneComponent,BP_AISpawner_C,UNP_BP_AISpawner_0dbf95f2dd1e552f_0,32361.383,41580.25,-2160.6646,,,,,,,DA_AISpawner_Peasants,,,
SceneComponent,BP_AISpawner_C,UNP_BP_AISpawner_19e66bb69324c711_0,45282.188,49665.832,-2160.6646,,,,,,,DA_AISpawner_Peasants,,,
SceneComponent,BP_AISpawner_C,UNP_BP_AISpawner_25ca934595595c8c_0,37700.92,23992.781,-2258.649,,,,,,,DA_AISpawner_Peasants,,,
SceneComponent,BP_AISpawner_C,UNP_BP_AISpawner_285d8d0438310b65_0,26616.248,46955.11,-2056.8088,,,,,,,DA_AISpawner_Workers,,,
SceneComponent,BP_AISpawner_C,UNP_BP_AISpawner_31b34140d09411f6_0,-18241.805,44190.33,403.5443,,,,,,,DA_AISpawner_Peasants,,,
SceneComponent,BP_AISpawner_C,UNP_BP_AISpawner_38dd6e6fa5f4d608_3,42473.344,34149.875,-1631.6836,,,,,,,DA_AISpawner_Peasants,,,
SceneComponent,BP_AISpawner_C,UNP_BP_AISpawner_3ce330e594250b81_0,-6777.199,35433.62,-595.7027,,,,,,,DA_AISpawner_Peasants,,,
SceneComponent,BP_AISpawner_C,UNP_BP_AISpawner_48587e268a079417_0,37707.8,36353.0,-1234.8428,,,,,,,DA_AISpawner_Workers,,,
SceneComponent,BP_AISpawner_C,UNP_BP_AISpawner_4980766c61eef4cd_0,-4058.9534,11227.461,-1915.7025,,,,,,,DA_AISpawner_Peasants,,,
SceneComponent,BP_AISpawner_C,UNP_BP_AISpawner_4b003ba387a57fa1_0,19161.9,-4130.837,-721.46576,,,,,,,DA_AISpawner_Civilian,,,
SceneComponent,BP_AISpawner_C,UNP_BP_AISpawner_51a1ca1d1dfeb498_0,-28367.084,15204.672,-1263.0066,,,,,,,DA_AISpawner_Peasants,,,
SceneComponent,BP_AISpawner_C,UNP_BP_AISpawner_5bce2d7608ceaeda_0,10694.276,18589.38,-1982.0629,,,,,,,DA_AISpawner_Peasants,,,
SceneComponent,BP_AISpawner_C,UNP_BP_AISpawner_5be5041088935f38_0,49407.164,9699.258,-924.6285,,,,,,,DA_AISpawner_Mobs,,,
SceneComponent,BP_AISpawner_C,UNP_BP_AISpawner_68311c2d437c6b8f_0,23925.89,46295.81,-2070.132,,,,,,,DA_AISpawner_Peasants,,,
SceneComponent,BP_AISpawner_C,UNP_BP_AISpawner_684b6515b932cad9_0,42033.37,-21959.762,-5690.561,,,,,,,DA_AISpawner_Peasants,,,
SceneComponent,BP_AISpawner_C,UNP_BP_AISpawner_85570c7134ea172a_0,-3243.3142,16527.553,-1943.6605,,,,,,,DA_AISpawner_Peasants,,,
SceneComponent,BP_AISpawner_C,UNP_BP_AISpawner_85a536a5a632a626_0,12288.901,28131.29,-2173.295,,,,,,,DA_AISpawner_Peasants,,,
SceneComponent,BP_AISpawner_C,UNP_BP_AISpawner_94c6abe96de7cd93_0,48038.87,9074.418,-981.9426,,,,,,,DA_AISpawner_Mobs,,,
SceneComponent,BP_AISpawner_C,UNP_BP_AISpawner_96545b34c18db12e_0,47526.305,8088.8555,-970.51385,,,,,,,DA_AISpawner_Mobs,,,
SceneComponent,BP_AISpawner_C,UNP_BP_AISpawner_UAID_00FF8EFC2BEF4ABA02_5a6840b2e853ea4f_1323677778,-30021.074,47985.234,481.3886,,,,,,,DA_AISpawner_Peasants,,,
SceneComponent,BP_AISpawner_C,UNP_BP_AISpawner_UAID_046874882494089902_3f0e6d0dd4e4221e_1108842147,-27463.941,14552.877,-1270.5226,,,,,,,DA_AISpawner_Bloats,,,
SceneComponent,BP_AISpawner_C,UNP_BP_AISpawner_UAID_046874882494089902_3f0e6d0dd4e4221e_1108844148,-27357.158,14280.692,-1270.5226,,,,,,,DA_AISpawner_Bloats,,,
SceneComponent,BP_AISpawner_C,UNP_BP_AISpawner_UAID_046874882494089902_3f0e6d0dd4e4221e_1108846149,-27127.031,14452.729,-1270.5226,,,,,,,DA_AISpawner_Bloats,,,
SceneComponent,BP_AISpawner_C,UNP_BP_AISpawner_UAID_046874882494449B02_be84b45a7f1a85a5_1510165406,43294.56,30961.914,-2086.9678,,,,,,,DA_AISpawner_Military,,,
SceneComponent,BP_AISpawner_C,UNP_BP_AISpawner_UAID_046874882494449B02_be84b45a7f1a85a5_1511820764,44115.4,27128.105,-2069.4902,,,,,,,DA_AISpawner_Miniboss,,,
SceneComponent,BP_AISpawner_C,UNP_BP_AISpawner_UAID_046874882494449B02_be84b45a7f1a85a5_1513215039,43792.1,28982.1,-2150.007,,,,,,,DA_AISpawner_Military,,,
SceneComponent,BP_AISpawner_C,UNP_BP_AISpawner_UAID_046874882494449B02_be84b45a7f1a85a5_1513994195,43652.18,28733.686,-2615.0442,,,,,,,DA_AISpawner_Military,,,
SceneComponent,BP_AISpawner_C,UNP_BP_AISpawner_UAID_0468748824944E8902_4481ef720ae1ae21_1130148573,-7837.474,-6171.8604,-2073.173,,,,,,,DA_AISpawner_Workers,,,
SceneComponent,BP_AISpawner_C,UNP_BP_AISpawner_UAID_04687488249456B902_40332391da5e1e80_1319386828,-4168.7256,17084.021,-1944.7515,,,,,,,DA_AISpawner_Mobs_Rare,,,
SceneComponent,BP_AISpawner_C,UNP_BP_AISpawner_UAID_04687488249456B902_40332391da5e1e80_1322018863,-5955.064,16738.842,-1944.7515,,,,,,,DA_AISpawner_Mobs_Rare,,,
SceneComponent,BP_AISpawner_C,UNP_BP_AISpawner_UAID_04687488249456B902_40332391da5e1e80_1365461424,-4083.0854,12391.465,-1890.9487,,,,,,,DA_AISpawner_Miniboss,,,
SceneComponent,BP_AISpawner_C,UNP_BP_AISpawner_UAID_0468748824945BB902_11158c6f7229cdc0_1690475709,3449.7222,10060.82,-1709.4812,,,,,,,DA_AISpawner_Military,,,
SceneComponent,BP_AISpawner_C,UNP_BP_AISpawner_UAID_0468748824945BB902_11158c6f7229cdc0_1720823305,4051.5825,9971.231,-1656.5779,,,,,,,DA_AISpawner_Miniboss,,,
SceneComponent,BP_AISpawner_C,UNP_BP_AISpawner_UAID_04687488249475B202_dca082373cf3e830_2039976032,18598.434,-6011.205,-691.29095,,,,,,,DA_AISpawner_Miniboss,,,
SceneComponent,BP_AISpawner_C,UNP_BP_AISpawner_UAID_046874882494977D02_be6a6beac2196855_1267385329,10519.345,29640.287,-1817.3699,,,,,,,DA_AISpawner_Military,,,
SceneComponent,BP_AISpawner_C,UNP_BP_AISpawner_UAID_046874882494E7BB02_9164d34f00e130fe_1505938117,28854.299,21430.885,-2573.2212,,,,,,,DA_AISpawner_Peasants,,,
SceneComponent,BP_AISpawner_C,UNP_BP_AISpawner_UAID_046874882494FE9802_e515a311258b40d3_1740985032,-10139.667,40674.41,-143.03209,,,,,,,DA_AISpawner_Miniboss,,,
SceneComponent,BP_AISpawner_C,UNP_BP_AISpawner_UAID_04D9F5F93AD5213F02_0e119d2711d719dc_1094741304,-13865.273,10929.597,-1721.4984,,,,,,,DA_AISpawner_DregHorde,,,
SceneComponent,BP_AISpawner_C,UNP_BP_AISpawner_UAID_04D9F5F93AD5213F02_0e119d2711d719dc_1102046305,-13490.75,10822.167,-1721.4984,,,,,,,DA_AISpawner_DregHorde,,,
SceneComponent,BP_AISpawner_C,UNP_BP_AISpawner_UAID_04D9F5F93AD5213F02_c2e9351a64695d79_1094741304,37456.473,587.66187,-1758.2643,,,,,,,DA_AISpawner_Bloats,,,
SceneComponent,BP_AISpawner_C,UNP_BP_AISpawner_UAID_04D9F5F93AD5213F02_c2e9351a64695d79_1102046305,37563.254,316.90875,-1786.137,,,,,,,DA_AISpawner_Bloats,,,
SceneComponent,BP_AISpawner_C,UNP_BP_AISpawner_UAID_04D9F5F93AD59C4602_0e119d2711d719dc_1962422013,-13374.191,10974.161,-1721.4983,,,,,,,DA_AISpawner_DregHorde,,,
SceneComponent,BP_AISpawner_C,UNP_BP_AISpawner_UAID_04D9F5F93AD59C4602_0e119d2711d719dc_1962428014,-14023.414,10947.748,-1721.4983,,,,,,,DA_AISpawner_DregHorde,,,
SceneComponent,BP_AISpawner_C,UNP_BP_AISpawner_UAID_04D9F5F93AD59C4602_0e119d2711d719dc_1962433015,-13763.977,11093.717,-1721.4983,,,,,,,DA_AISpawner_DregHorde,,,
SceneComponent,BP_AISpawner_C,UNP_BP_AISpawner_UAID_04D9F5F93AD59C4602_0e119d2711d719dc_1968351016,-12777.149,10721.842,-1721.4983,,,,,,,DA_AISpawner_DregHorde,,,
SceneComponent,BP_AISpawner_C,UNP_BP_AISpawner_UAID_04D9F5F93AD59C4602_0e119d2711d719dc_1968357017,-13141.029,10565.722,-1721.4983,,,,,,,DA_AISpawner_DregHorde,,,
SceneComponent,BP_AISpawner_C,UNP_BP_AISpawner_UAID_04D9F5F93AD59C4602_0e119d2711d719dc_1968361018,-12937.294,10775.802,-1721.4983,,,,,,,DA_AISpawner_DregHorde,,,
SceneComponent,BP_AISpawner_C,UNP_BP_AISpawner_UAID_04D9F5F93AD59C4602_0e119d2711d719dc_1977382019,-13082.988,10736.235,-1721.4983,,,,,,,DA_AISpawner_DregHorde,,,
SceneComponent,BP_AISpawner_C,UNP_BP_AISpawner_UAID_04D9F5F93AD59C4602_0e119d2711d719dc_1983369020,-13176.332,10886.853,-1721.4983,,,,,,,DA_AISpawner_DregHorde,,,
SceneComponent,BP_AISpawner_C,UNP_BP_AISpawner_UAID_04D9F5F93AD59C4602_0e119d2711d719dc_1985126021,-14114.383,11069.72,-1721.4983,,,,,,,DA_AISpawner_DregHorde,,,
SceneComponent,BP_AISpawner_C,UNP_BP_AISpawner_UAID_04D9F5F93AD59C4602_0e119d2711d719dc_1987351022,-14418.009,11167.499,-1721.4983,,,,,,,DA_AISpawner_DregHorde,,,
SceneComponent,BP_AISpawner_C,UNP_BP_AISpawner_UAID_04D9F5F93AD59C4602_0e119d2711d719dc_2007543024,-13978.312,11105.941,-1721.4983,,,,,,,DA_AISpawner_DregHorde,,,
SceneComponent,BP_AISpawner_C,UNP_BP_AISpawner_UAID_04D9F5F93AD59C4602_0e119d2711d719dc_2014071025,-14253.275,11114.045,-1721.4983,,,,,,,DA_AISpawner_DregHorde,,,
SceneComponent,BP_AISpawner_C,UNP_BP_AISpawner_UAID_581CF8B72315169D02_d2b622e41626617e_1898077422,46356.625,-20651.89,-5893.37,,,,,,,DA_AISpawner_Miniboss,,,
SceneComponent,BP_AISpawner_C,UNP_BP_AISpawner_UAID_581CF8B72315169D02_d2b622e41626617e_1898203424,42155.41,-20572.533,-5696.808,,,,,,,DA_AISpawner_Bloats,,,
SceneComponent,BP_AISpawner_C,UNP_BP_AISpawner_UAID_581CF8B72315169D02_d2b622e41626617e_1898206425,42262.035,-20844.777,-5696.808,,,,,,,DA_AISpawner_Bloats,,,
SceneComponent,BP_AISpawner_C,UNP_BP_AISpawner_UAID_581CF8B72315169D02_d2b622e41626617e_1898210426,42492.26,-20672.875,-5696.808,,,,,,,DA_AISpawner_Bloats,,,
SceneComponent,BP_AISpawner_C,UNP_BP_AISpawner_UAID_581CF8B72315459A02_fd9254d4c43048e0_2011184717,47391.914,-16255.86,-6050.18,,,,,,,DA_AISpawner_Miniboss,,,
SceneComponent,BP_AISpawner_C,UNP_BP_AISpawner_UAID_581CF8B723156E9C02_70a1cae7777e20a4_1373680054,38321.273,-2174.5046,-1944.5659,,,,,,,DA_AISpawner_Miniboss,,,
SceneComponent,BP_AISpawner_C,UNP_BP_AISpawner_UAID_581CF8B723156E9C02_70a1cae7777e20a4_1373865065,38317.67,-3184.4983,-1940.4677,,,,,,,DA_AISpawner_Miniboss,,,
SceneComponent,BP_AISpawner_C,UNP_BP_AISpawner_UAID_581CF8B72315729602_dfb147756528da82_1567334358,34182.625,-12934.512,-4274.196,,,,,,,DA_AISpawner_Miniboss,,,
SceneComponent,BP_AISpawner_C,UNP_BP_AISpawner_UAID_581CF8B72315BC9602_adcabc3b77726472_1240862267,37638.574,-19170.012,-4687.0186,,,,,,,DA_AISpawner_Miniboss,,,
SceneComponent,BP_AISpawner_C,UNP_BP_AISpawner_UAID_581CF8B72315E69A02_c6283cd34eb3a293_1554526498,50570.125,-18329.002,-6322.797,,,,,,,DA_AISpawner_Miniboss,,,
SceneComponent,BP_AISpawner_C,UNP_BP_AISpawner_UAID_581CF8B72315E99302_32f0a05e6358b9c5_1823612944,37938.258,-7991.532,-2848.018,,,,,,,DA_AISpawner_Miniboss,,,
SceneComponent,BP_AISpawner_C,UNP_BP_AISpawner_UAID_D843AE1A93E5282D02_0541d609db540ec0_1846440660,40620.336,15321.132,-2112.6118,,,,,,,DA_AISpawner_Miniboss,,,
SceneComponent,BP_AISpawner_C,UNP_BP_AISpawner_UAID_D843AE1A93E5282D02_0afea3e4a2ab4ead_1715930626,24102.031,29037.115,-1842.8864,,,,,,,DA_AISpawner_Peasants,,,
SceneComponent,BP_AISpawner_C,UNP_BP_AISpawner_UAID_D843AE1A93E5282D02_0bff78316170e065_1715930626,45083.234,24518.59,-1927.8528,,,,,,,DA_AISpawner_Peasants,,,
SceneComponent,BP_AISpawner_C,UNP_BP_AISpawner_UAID_D843AE1A93E5282D02_0daf36e71d8d4806_1715930626,31817.037,33870.406,-1677.5758,,,,,,,DA_AISpawner_Peasants,,,
SceneComponent,BP_AISpawner_C,UNP_BP_AISpawner_UAID_D843AE1A93E5282D02_0e119d2711d719dc_1792641648,-13665.552,10951.973,-1721.4984,,,,,,,DA_AISpawner_DregHorde,,,
SceneComponent,BP_AISpawner_C,UNP_BP_AISpawner_UAID_D843AE1A93E5282D02_167b2a847126ee46_1715930626,30626.574,4067.5369,-921.76666,,,,,,,DA_AISpawner_Peasants,,,
SceneComponent,BP_AISpawner_C,UNP_BP_AISpawner_UAID_D843AE1A93E5282D02_30b4ed3507fe0811_1715930626,-20344.033,-9005.137,-1412.6252,,,,,,,DA_AISpawner_Peasants,,,
SceneComponent,BP_AISpawner_C,UNP_BP_AISpawner_UAID_D843AE1A93E5282D02_326c051849650387_1715930626,-15497.924,24864.17,-769.4591,,,,,,,DA_AISpawner_Peasants,,,
SceneComponent,BP_AISpawner_C,UNP_BP_AISpawner_UAID_D843AE1A93E5282D02_386c73d67a88ca40_1715930626,24474.645,41986.902,-2004.612,,,,,,,DA_AISpawner_Peasants,,,
SceneComponent,BP_AISpawner_C,UNP_BP_AISpawner_UAID_D843AE1A93E5282D02_390562c6123b1b55_1715930626,-11259.967,7611.939,-1681.8995,,,,,,,DA_AISpawner_Peasants,,,
SceneComponent,BP_AISpawner_C,UNP_BP_AISpawner_UAID_D843AE1A93E5282D02_3972a2bcb8ff5fca_1715930626,-19925.105,14044.636,-1580.978,,,,,,,DA_AISpawner_Peasants,,,
SceneComponent,BP_AISpawner_C,UNP_BP_AISpawner_UAID_D843AE1A93E5282D02_3f9a5213e3198253_1715930626,1612.6614,431.5432,-1674.2925,,,,,,,DA_AISpawner_Peasants,,,
SceneComponent,BP_AISpawner_C,UNP_BP_AISpawner_UAID_D843AE1A93E5282D02_6c177c8646360491_1715930626,32694.172,35360.79,-1859.5278,,,,,,,DA_AISpawner_Peasants,,,
SceneComponent,BP_AISpawner_C,UNP_BP_AISpawner_UAID_D843AE1A93E5282D02_7784ed8edffea715_1715930626,-13660.85,-8673.46,-1437.3768,,,,,,,DA_AISpawner_Peasants,,,
SceneComponent,BP_AISpawner_C,UNP_BP_AISpawner_UAID_D843AE1A93E5282D02_a2ea69aec86fc5d6_1715930626,-5675.8667,31625.928,-910.1457,,,,,,,DA_AISpawner_Peasants,,,
SceneComponent,BP_AISpawner_C,UNP_BP_AISpawner_UAID_D843AE1A93E5282D02_a3cf14e524502c20_1715930626,-11155.675,35275.45,-363.6429,,,,,,,DA_AISpawner_Peasants,,,
SceneComponent,BP_AISpawner_C,UNP_BP_AISpawner_UAID_D843AE1A93E5282D02_a4705094243e84bf_1715930626,-3229.3796,9045.483,-1819.9373,,,,,,,DA_AISpawner_Peasants,,,
SceneComponent,BP_AISpawner_C,UNP_BP_AISpawner_UAID_D843AE1A93E5282D02_c2e9351a64695d79_1792641648,37793.383,488.04053,-1768.5198,,,,,,,DA_AISpawner_Bloats,,,
SceneComponent,BP_AISpawner_C,UNP_BP_AISpawner_UAID_D843AE1A93E5282D02_ca4672bb87a44fb8_1715930626,-25526.695,7367.0205,-1621.8301,,,,,,,DA_AISpawner_Peasants,,,
SceneComponent,BP_AISpawner_C,UNP_BP_AISpawner_UAID_D843AE1A93E5282D02_ce8aa9743915d8a8_1715930626,-16737.715,-5958.8423,-1709.191,,,,,,,DA_AISpawner_Peasants,,,
SceneComponent,BP_AISpawner_C,UNP_BP_AISpawner_UAID_D843AE1A93E5282D02_d9ec4e8ed4f1a91a_1715930626,44054.74,8096.975,-1106.3689,,,,,,,DA_AISpawner_Peasants,,,
SceneComponent,BP_AISpawner_C,UNP_BP_AISpawner_UAID_D843AE1A93E5282D02_e5f209bb612977aa_1715930626,23586.988,9118.462,-2390.536,,,,,,,DA_AISpawner_Peasants,,,
SceneComponent,BP_AISpawner_C,UNP_BP_AISpawner_UAID_D843AE1A93E5282D02_e978c6730eb815b4_1792641648,-20714.953,11674.386,-2045.1322,,,,,,,DA_AISpawner_Miniboss,,,
SceneComponent,BP_AISpawner_C,UNP_BP_AISpawner_UAID_D843AE1A93E5282D02_faaed5ba80a72b54_1715930626,-28485.81,25649.342,-915.0338,,,,,,,DA_AISpawner_Peasants,,,
SceneComponent,BP_AISpawner_C,UNP_BP_AISpawner_UAID_D843AE1A93E5282D02_fac9b25dad16c764_1715930626,21774.717,11958.542,-2564.0405,,,,,,,DA_AISpawner_Peasants,,,
SceneComponent,BP_AISpawner_C,UNP_BP_AISpawner_UAID_D843AE1A93E55C2E02_f02787147ce1204a_1313954319,34704.246,-7070.124,146.18925,,,,,,,DA_AISpawner_Peasants,,,
SceneComponent,BP_AISpawner_C,UNP_BP_AISpawner_a1088320ad7534bd_3,16754.275,43562.08,-946.3055,,,,,,,DA_AISpawner_Peasants,,,
SceneComponent,BP_AISpawner_C,UNP_BP_AISpawner_a6189d3859fa4699_0,1638.767,39817.465,-1139.9835,,,,,,,DA_AISpawner_Peasants,,,
SceneComponent,BP_AISpawner_C,UNP_BP_AISpawner_ae54c015e4f59828_0,-28149.168,12600.056,-1206.273,,,,,,,DA_AISpawner_Miniboss,,,
SceneComponent,BP_AISpawner_C,UNP_BP_AISpawner_b24b83461a382783_0,9718.385,21712.031,-1933.6356,,,,,,,DA_AISpawner_Workers,,,
SceneComponent,BP_AISpawner_C,UNP_BP_AISpawner_bc603417abab8b29_0,29934.436,39141.83,-1815.5042,,,,,,,DA_AISpawner_Civilian,,,
SceneComponent,BP_AISpawner_C,UNP_BP_AISpawner_bcce546c1dc183c6_0,0.132502,15496.593,-1997.8638,,,,,,,DA_AISpawner_Workers,,,
SceneComponent,BP_AISpawner_C,UNP_BP_AISpawner_c751e3c6ad786504_0,45328.785,17969.648,-1662.4996,,,,,,,DA_AISpawner_Peasants,,,
SceneComponent,BP_AISpawner_C,UNP_BP_AISpawner_cce29339c1a7d5d6_0,10314.475,40878.824,-1548.4193,,,,,,,DA_AISpawner_Peasants,,,
SceneComponent,BP_AISpawner_C,UNP_BP_AISpawner_d4478a9b7cd386d2_0,-27685.697,-6926.595,-2178.2627,,,,,,,DA_AISpawner_Peasants,,,
SceneComponent,BP_AISpawner_C,UNP_BP_AISpawner_e8d7c584448c3be6_0,-2082.41,11478.052,-1932.8322,,,,,,,DA_AISpawner_Workers,,,
SceneComponent,BP_AISpawner_C,UNP_BP_AISpawner_eb580424d23ccad1_3,47976.555,-6689.94,153.6765,,,,,,,DA_AISpawner_Peasants,,,
SceneComponent,BP_AISpawner_C,UNP_BP_AISpawner_fafe09947b1e3faa_0,47797.43,6646.2686,-877.4933,,,,,,,DA_AISpawner_Mobs,,,
SceneComponent,BP_AISpawner_C,UNP_BP_AISpawner_fff152065d50a3af_1,28899.035,32693.969,-1335.471,,,,,,,DA_AISpawner_Peasants,,,
SceneComponent,BP_AISpawner_C,UNP_ChildActor1_285d8d0438310b65_2,27145.8,46135.52,-2054.5112,,,,,,,DA_AISpawner_Workers,,,
SceneComponent,BP_AISpawner_C,UNP_ChildActor1_b24b83461a382783_2,10694.125,21702.576,-1931.338,,,,,,,DA_AISpawner_Workers,,,
SceneComponent,BP_AISpawner_C,UNP_ChildActor1_bcce546c1dc183c6_2,-975.2071,15526.109,-1995.5662,,,,,,,DA_AISpawner_Workers,,,
SceneComponent,BP_AISpawner_C,UNP_ChildActor1_e8d7c584448c3be6_2,-3057.6426,11445.193,-1930.5345,,,,,,,DA_AISpawner_Workers,,,
SceneComponent,BP_AISpawner_C,UNP_ChildActor_285d8d0438310b65_1,26618.504,46934.883,-1718.5435,,,,,,,DA_AISpawner_Peasants,,,
SceneComponent,BP_AISpawner_C,UNP_ChildActor_b24b83461a382783_1,9736.511,21702.773,-1595.3701,,,,,,,DA_AISpawner_Peasants,,,
SceneComponent,BP_AISpawner_C,UNP_ChildActor_bcce546c1dc183c6_1,-17.798876,15506.221,-1659.5981,,,,,,,DA_AISpawner_Peasants,,,
SceneComponent,BP_AISpawner_C,UNP_ChildActor_e8d7c584448c3be6_1,-2100.9197,11486.515,-1594.5667,,,,,,,DA_AISpawner_Peasants,,,
SceneComponent,BP_Billboard_Light_01a_C,BP_Billboard_Light_01a_C_UAID_AC361BEF659403BA02_a517a7b494159cca_1538684826,37535.67,-11358.289,-2394.6094,,,,,,,,,,
SceneComponent,BP_Billboard_Sun_01a_C,BP_Billboard_Sun_01a_C_UAID_9C6B002263F7223802_60e189acded2d404_2086471610,930129.0,195510.44,339836.0,,,,,,,,,,
SceneComponent,BP_BloodSample04_C,StaticMeshActor_UAID_581CF8B72315149702_bf336458ec4e5518_1181057545,37442.957,-18332.957,-4654.499,,,,,,,,,,
SceneComponent,BP_BloodSample06_C,StaticMeshActor_UAID_581CF8B72315149702_bf336458ec4e5518_1181206558,37979.688,-17972.91,-4693.036,,,,,,,,,,
SceneComponent,BP_BreakableBridge_02a_C,BP_BreakableBridge_02a_C_UAID_581CF8B723153A8502_d2b622e41626617e_1719172749,43897.96,-16474.379,-5328.0073,,,,100.0 HP,,,,,,
SceneComponent,BP_BreakableChapelWindow_05a_C,BP_BreakableChapelWindow_05a_C_UAID_50EBF6D29969418C02_4b003ba387a57fa1_1650326805,19636.984,-4228.7397,-203.04756,,,,10.0 HP,,,,,,
SceneComponent,BP_BreakableChapelWindow_05a_C,BP_BreakableChapelWindow_05a_C_UAID_50EBF6D29969418C02_4b003ba387a57fa1_1697133807,17568.344,-4227.353,-359.20615,,,,10.0 HP,,,,,,
SceneComponent,BP_BreakableChapelWindow_05a_C,BP_BreakableChapelWindow_05a_C_UAID_50EBF6D29969418C02_4b003ba387a57fa1_1761154809,17756.086,-3895.0454,-359.40128,,,,10.0 HP,,,,,,
SceneComponent,BP_BreakableChapelWindow_05a_C,BP_BreakableChapelWindow_05a_C_UAID_50EBF6D29969418C02_4b003ba387a57fa1_1837725811,17753.854,-4562.6333,-359.40128,,,,10.0 HP,,,,,,
SceneComponent,BP_BreakableWall_C,BP_BreakableWall_C_UAID_581CF8B72315698D02_2f97df07b1f97260_1128616283,44659.645,-14978.4375,-6304.5317,,,,100.0 HP,,,,,,
SceneComponent,BP_BreakableWall_C,BP_BreakableWall_C_UAID_581CF8B72315698D02_3887107067263f04_1128616283,37519.633,-15135.789,-8087.3057,,,,100.0 HP,,,,,,
SceneComponent,BP_BreakableWall_C,BP_BreakableWall_C_UAID_581CF8B723156C9602_297b636c1481f881_1202333205,34464.848,-11416.704,-4273.5615,,,,100.0 HP,,,,,,
SceneComponent,BP_BreakableWall_C,BP_BreakableWall_C_UAID_581CF8B723158C9402_1a842de26cb95987_1932102716,35433.33,-11323.889,-4280.9233,,,,100.0 HP,,,,,,
SceneComponent,BP_BreakableWall_C,BP_BreakableWall_C_UAID_581CF8B723158C9402_e12df52cbada3660_1932102716,35639.254,-17915.242,-8069.3027,,,,100.0 HP,,,,,,
SceneComponent,BP_BreakableWall_C,BP_BreakableWall_C_UAID_581CF8B723158C9402_f7355c7f8d829090_1932102716,35865.625,-16184.838,-5677.488,,,,100.0 HP,,,,,,
SceneComponent,BP_BreakableWall_C,BP_BreakableWall_C_UAID_581CF8B723159E9802_2f97df07b1f97260_1464201035,44149.36,-14457.248,-6298.9326,,,,100.0 HP,,,,,,
SceneComponent,BP_BreakableWall_C,BP_BreakableWall_C_UAID_581CF8B723159E9802_3887107067263f04_1464201035,36878.92,-14787.194,-8081.707,,,,100.0 HP,,,,,,
SceneComponent,BP_BreakableWall_C,BP_BreakableWall_C_UAID_581CF8B72315BC9602_adcabc3b77726472_1240608261,36656.188,-19304.348,-4682.408,,,,100.0 HP,,,,,,
SceneComponent,BP_BreakableWellCover_01a_C,UNP_BP_BreakableWellCover_01a_UAID_0468748824944E8902_4481ef720ae1ae21_1129898571,-7651.866,-4917.5674,-1369.2183,,,,100.0 HP,,,,,,
SceneComponent,BP_ChestDrawers_02a_C,BP_ChestDrawers_02a_C_68479541b25a7529_1,25001.234,44470.81,-1753.1152,,,,,,LIT_Loose_Table,,,,
SceneComponent,BP_ChristianDoctrine_C,BP_ChristianDoctrine_C_UAID_04D9F5F93AD5735A02_4b003ba387a57fa1_2141690180,18126.492,-4223.087,-625.8552,,,,,,,,,,
SceneComponent,BP_DQ05_Safebox_C,BP_DQ05_Safebox_C_UAID_D843AE1A93E50FE502_2136218751,16987.918,47464.23,-649.3041,,,,,,,,,,
SceneComponent,BP_Door_Cage_01a_C,BP_Door_Cage_01a_C_UAID_04687488249472BD02_e1f78a4abc3bf4ef_1746625777,-26592.445,-2889.945,-1301.4801,,,,,,,,,,
SceneComponent,BP_Door_Cage_02a_C,BP_Door_Cage_02a_C_UAID_581CF8B72315169D02_d2b622e41626617e_1897390401,39719.01,-18661.936,-4781.435,,,,,,,,,,
SceneComponent,BP_Door_Cage_02a_C,BP_Door_Cage_02a_C_UAID_581CF8B72315169D02_d2b622e41626617e_1897543406,46076.395,-21215.715,-5958.7837,,,,,,,,,,
SceneComponent,BP_Door_Cage_02a_C,BP_Door_Cage_02a_C_UAID_581CF8B72315729602_dfb147756528da82_1567095349,32164.867,-13309.249,-4286.726,,,,,,,,,,
SceneComponent,BP_Door_Cage_02a_C,BP_Door_Cage_02a_C_UAID_581CF8B72315BC9602_adcabc3b77726472_1241210284,36848.816,-20380.793,-4711.932,,,,,,,,,,
SceneComponent,BP_Door_Cage_02a_C,BP_Door_Cage_02a_C_UAID_581CF8B72315BC9602_adcabc3b77726472_1241300289,37588.06,-19780.557,-4712.8306,,,,,,,,,,
SceneComponent,BP_Door_Ext_01a_C,UNP_BP_Door_Ext_01a_75f24b53c5c4d0ce_2,-18297.252,40344.676,726.73486,,,,,,,,,,
SceneComponent,BP_Door_Ext_01a_C,UNP_BP_Door_Ext_Arch_01a2_75f24b53c5c4d0ce_1,-18214.146,41496.734,727.30646,,,,,,,,,,
SceneComponent,BP_Door_Ext_01a_C,UNP_BP_Door_Ext_SingleWood_01a3_4980766c61eef4cd_0,-5639.9194,11175.977,-1965.505,,,,,,,,,,
SceneComponent,BP_Door_Ext_02a_C,BP_Door_Ext_01a_C_0c42b2381b479eb1_1,9600.764,18488.178,-1934.6053,,,,,,,,,,
SceneComponent,BP_Door_Ext_02a_C,BP_Door_Ext_01a_C_2b1cf6401ef78c3e_1,15104.695,20140.473,-1976.8015,,,,,,,,,,
SceneComponent,BP_Door_Ext_02a_C,BP_Door_Ext_01a_C_8120ab00ad815ff9_1,12279.89,20286.795,-1980.0277,,,,,,,,,,
SceneComponent,BP_Door_Ext_02a_C,BP_Door_Ext_01a_C_UAID_04D9F5F93AD50F4B02_0c42b2381b479eb1_1459697452,8706.927,17732.848,-1934.6053,,,,,,,,,,
SceneComponent,BP_Door_Ext_02a_C,BP_Door_Ext_01a_C_UAID_04D9F5F93AD5984C02_0c42b2381b479eb1_1271948977,8585.729,18290.135,-1934.6053,,,,,,,,,,
SceneComponent,BP_Door_Ext_Arch_01a_C,BP_Door_Ext_Arch_01a_C_UAID_04D9F5F93AD5E58902_684b6515b932cad9_2055641524,42240.22,-21358.406,-5713.4023,,,,,,,,,,
SceneComponent,BP_Door_Ext_Arch_01a_C,BP_Door_Ext_Arch_01a_C_UAID_581CF8B72315C98B02_9e8da11e2d3b4773_2078542882,44290.65,-23176.574,-3244.1714,,,,,,,,,,
SceneComponent,BP_Door_Ext_Arch_01a_C,UNP_BP_Door_Ext_Arch_01a1_UAID_0468748824945BB902_11158c6f7229cdc0_1690853765,6634.5024,10049.017,-2213.5867,Bronze Key,,,,InventoryDefinition_Key'ID_Key_Bronze',,,,,
SceneComponent,BP_Door_Ext_Arch_01a_C,UNP_BP_Door_Ext_Arch_01a2_UAID_0468748824945BB902_11158c6f7229cdc0_1690854766,6574.8174,9443.024,-2213.5867,Bronze Key,,,,InventoryDefinition_Key'ID_Key_Bronze',,,,,
SceneComponent,BP_Door_Ext_Arch_01a_C,UNP_BP_Door_Ext_Arch_01a_75f24b53c5c4d0ce_0,-16834.74,39199.258,726.4756,,,,,,,,,,
SceneComponent,BP_Door_Ext_Double_02a_C,UNP_BP_Window_Large_03b_4980766c61eef4cd_0,-4575.56,11663.908,-1973.7119,,,,,,,,,,
SceneComponent,BP_Door_Ext_Single_01a_C,BP_Door_Ext_Single_01a_C_2b1cf6401ef78c3e_2,14920.264,19291.078,-1638.1228,,,,,,,,,,
SceneComponent,BP_Door_Ext_Single_01a_C,BP_Door_Ext_Single_01a_C_6bd21faec174208a_1,7810.3843,20568.717,-1989.3588,,,,,,,,,,
SceneComponent,BP_Door_Ext_Single_01a_C,BP_Door_Ext_Single_01a_C_8120ab00ad815ff9_2,12482.821,21131.96,-1641.349,,,,,,,,,,
SceneComponent,BP_Door_Ext_Single_01a_C,BP_Door_Ext_Single_01a_C_UAID_581CF8B72315A35602_6bd21faec174208a_1154170674,8084.0513,20665.266,-1989.3588,,,,,,,,,,
SceneComponent,BP_Door_Ext_Single_01a_C,UNP_BP_Door_Ext_SingleWood_01a_285d8d0438310b65_0,26752.715,47385.73,-2120.9714,,,,,,,,,,
SceneComponent,BP_Door_Ext_Single_01a_C,UNP_BP_Door_Ext_SingleWood_01a_b24b83461a382783_0,9434.145,22063.12,-1997.798,,,,,,,,,,
SceneComponent,BP_Door_Ext_Single_01a_C,UNP_BP_Door_Ext_SingleWood_01a_bcce546c1dc183c6_0,277.09418,15139.735,-2062.0261,,,,,,,,,,
SceneComponent,BP_Door_Ext_Single_01a_C,UNP_BP_Door_Ext_SingleWood_01a_e8d7c584448c3be6_0,-1783.2142,11139.618,-1996.9946,,,,,,,,,,
SceneComponent,BP_Door_Ext_Single_01a_C,UNP_BP_Door_Ext_Single_01a1_c1357729720cf173_1,14444.391,20798.021,-1963.5575,,,,,,,,,,
SceneComponent,BP_Door_Ext_Single_01a_C,UNP_BP_Door_Ext_Single_01a_48587e268a079417_0,36320.945,37046.023,-1237.4462,,,,,,,,,,
SceneComponent,BP_Door_Ext_Single_01a_C,UNP_BP_Door_Ext_Single_01a_fff152065d50a3af_0,29176.605,31866.502,-1195.0458,,,,,,,,,,
SceneComponent,BP_Door_Ext_Single_04a_C,UNP_BP_Door_Ext_Single_05a6_68479541b25a7529_0,25718.041,45593.816,-1754.1711,,,,,,,,,,
SceneComponent,BP_Door_Ext_Single_05a_C,BP_Door_Ext_Single_06b_C_6bd21faec174208a_0,7962.7046,21080.018,-1991.4708,,,,,,,,,,
SceneComponent,BP_Door_Ext_Single_05a_C,BP_Door_Ext_Single_08a_C_UAID_046874882494829A02_68e0512c24d92e8f_1230577580,13331.568,18510.566,-1992.14,,,,,,,,,,
SceneComponent,BP_Door_Ext_Single_05a_C,BP_Door_Int_SingleWood_03_C_2b1cf6401ef78c3e_1,15280.685,18575.105,-1976.2881,,,,,,,,,,
SceneComponent,BP_Door_Ext_Single_05a_C,BP_Door_Int_SingleWood_03_C_8120ab00ad815ff9_1,12138.117,21855.633,-1979.5143,,,,,,,,,,
SceneComponent,BP_Door_Ext_Single_05a_C,BP_Door_Int_SingleWood_03_C_UAID_046874882494829A02_68e0512c24d92e8f_1230600590,12810.224,18809.979,-1639.5682,,,,,,,,,,
SceneComponent,BP_Door_Ext_Single_05a_C,UNP_BP_Door_Ext_SingleWood_01a1_2f00d91e4ecd5bd9_1,11030.749,22760.76,-1976.8555,,,,,,,,,,
SceneComponent,BP_Door_Ext_Single_05a_C,UNP_BP_Door_Ext_SingleWood_01a1_612b8435ec5bfafe_1,-4471.49,13288.52,-1999.2247,,,,,,,,,,
SceneComponent,BP_Door_Ext_Single_05a_C,UNP_BP_Door_Ext_SingleWood_01a1_a60450cc09cd4878_1,-1063.2432,17721.818,-2064.7546,,,,,,,,,,
SceneComponent,BP_Door_Ext_Single_05a_C,UNP_BP_Door_Ext_SingleWood_01a_2f00d91e4ecd5bd9_0,9816.455,23369.135,-1976.2302,,,,,,,,,,
SceneComponent,BP_Door_Ext_Single_05a_C,UNP_BP_Door_Ext_SingleWood_01a_612b8435ec5bfafe_0,-5709.374,13847.334,-1998.5994,,,,,,,,,,
SceneComponent,BP_Door_Ext_Single_05a_C,UNP_BP_Door_Ext_SingleWood_01a_a60450cc09cd4878_0,161.97995,17135.764,-2064.1292,,,,,,,,,,
SceneComponent,BP_Door_Ext_Single_05a_C,UNP_BP_Door_Ext_Single_03a1_68479541b25a7529_2,25663.92,44203.312,-1755.3862,,,,,,,,,,
SceneComponent,BP_Door_Ext_Single_05a_C,UNP_BP_Door_Ext_Single_03a2_68479541b25a7529_3,25769.324,45511.207,-2117.0088,,,,,,,,,,
SceneComponent,BP_Door_Ext_Single_05a_C,UNP_BP_Door_Ext_Single_03a_68479541b25a7529_0,25959.838,44555.31,-2117.875,,,,,,,,,,
SceneComponent,BP_Door_Ext_Single_05a_C,UNP_BP_Door_Ext_Single_05a_68479541b25a7529_1,24604.281,45101.844,-2117.0088,,,,,,,,,,
SceneComponent,BP_Door_Ext_Single_05a_C,UNP_BP_Door_Ext_Single_06a2_4481ef720ae1ae21_0,-12453.061,-5975.6533,-1474.65,Bronze Key,,,,InventoryDefinition_Key'ID_Key_Bronze',,,,,
SceneComponent,BP_Door_Ext_Single_06a_C,BP_Door_Ext_Single_01a_C_dca082373cf3e830_1,19526.59,-5457.7295,-754.753,Bronze Key,,,,InventoryDefinition_Key'ID_Key_Bronze',,,,,
SceneComponent,BP_Door_Ext_Single_06a_C,BP_Door_Ext_Single_01a_C_dca082373cf3e830_2,17591.402,-5041.8433,-751.4086,Bronze Key,,,,InventoryDefinition_Key'ID_Key_Bronze',,,,,
SceneComponent,BP_Door_Ext_Single_06a_C,BP_Door_Ext_Single_06a_C_UAID_00FF8EFC2BEF645B02_dca082373cf3e830_1358387740,21089.54,-3341.2917,-910.3457,,,,,,,,,,
SceneComponent,BP_Door_Ext_Single_06a_C,BP_Door_Ext_Single_06a_C_UAID_046874882494089902_3f0e6d0dd4e4221e_1107160959,-25892.215,12406.906,-1329.0358,,,,,,,,,,
SceneComponent,BP_Door_Ext_Single_06a_C,BP_Door_Ext_Single_06a_C_UAID_046874882494089902_3f0e6d0dd4e4221e_1108783145,-29348.225,13688.097,-1316.0627,,,,,,,,,,
SceneComponent,BP_Door_Ext_Single_06a_C,BP_Door_Ext_Single_06a_C_UAID_046874882494499B02_35f6576d0925a26d_1878617617,717.8017,17403.752,-2070.276,,,,,,,,,,
SceneComponent,BP_Door_Ext_Single_06a_C,BP_Door_Ext_Single_06a_C_UAID_046874882494499B02_35f6576d0925a26d_1879768674,-1570.4542,16819.943,-2075.3484,,,,,,,,,,
SceneComponent,BP_Door_Ext_Single_06a_C,BP_Door_Ext_Single_06a_C_UAID_04687488249456B902_40332391da5e1e80_1369381480,-4240.009,9647.764,-1939.8479,,,,,,,,,,
SceneComponent,BP_Door_Ext_Single_06a_C,BP_Door_Ext_Single_06a_C_UAID_04687488249456B902_40332391da5e1e80_1370487490,-5875.5347,12251.7295,-2004.3065,,,,,,,,,,
SceneComponent,BP_Door_Ext_Single_06a_C,BP_Door_Ext_Single_06a_C_UAID_04687488249456B902_40332391da5e1e80_1370673492,-3453.0405,13743.6,-2004.2913,,,,,,,,,,
SceneComponent,BP_Door_Ext_Single_06a_C,BP_Door_Ext_Single_06a_C_UAID_04687488249456B902_40332391da5e1e80_1370861494,-4131.824,15245.165,-2002.5337,,,,,,,,,,
SceneComponent,BP_Door_Ext_Single_06a_C,BP_Door_Ext_Single_06a_C_UAID_046874882494A69802_68e0512c24d92e8f_1238370922,13569.115,18314.727,-1989.7275,,,,,,,,,,
SceneComponent,BP_Door_Ext_Single_06a_C,BP_Door_Ext_Single_06a_C_UAID_046874882494A69802_68e0512c24d92e8f_1240700002,11292.702,22429.268,-1992.128,,,,,,,,,,
SceneComponent,BP_Door_Ext_Single_06a_C,BP_Door_Ext_Single_06a_C_UAID_046874882494A69802_68e0512c24d92e8f_1240845004,13244.43,20567.111,-2001.882,,,,,,,,,,
SceneComponent,BP_Door_Ext_Single_06a_C,BP_Door_Ext_Single_06a_C_UAID_046874882494A69802_68e0512c24d92e8f_1371731099,15898.689,20248.357,-2006.6898,,,,,,,,,,
SceneComponent,BP_Door_Ext_Single_06a_C,BP_Door_Ext_Single_06a_C_UAID_046874882494A69802_68e0512c24d92e8f_1372074102,15529.293,21412.209,-2004.7194,,,,,,,,,,
SceneComponent,BP_Door_Ext_Single_06a_C,BP_Door_Ext_Single_06a_C_UAID_046874882494A69802_68e0512c24d92e8f_1400412547,11472.692,17690.459,-1992.1154,,,,,,,,,,
SceneComponent,BP_Door_Ext_Single_06a_C,BP_Door_Ext_Single_06a_C_UAID_046874882494A69802_68e0512c24d92e8f_1400566549,12261.947,22627.05,-1991.5083,,,,,,,,,,
SceneComponent,BP_Door_Ext_Single_06a_C,BP_Door_Ext_Single_06a_C_UAID_046874882494A69802_68e0512c24d92e8f_1400717551,14755.323,23098.455,-1987.9907,,,,,,,,,,
SceneComponent,BP_Door_Ext_Single_06a_C,BP_Door_Ext_Single_06a_C_UAID_046874882494B3B302_b672bb6c668a37ab_1990935354,-19025.611,41506.11,413.71375,,,,,,,,,,
SceneComponent,BP_Door_Ext_Single_06a_C,UNP_BP_Door_Ext_Single_06a1_4481ef720ae1ae21_0,-11719.841,-7107.648,-1474.65,,,,,,,,,,
SceneComponent,BP_Door_Ext_Single_06a_C,UNP_BP_Door_Ext_Single_06a4_4481ef720ae1ae21_1,-9613.947,-5915.2993,-1474.65,,,,,,,,,,
SceneComponent,BP_Door_Ext_Single_06b_C,BP_Door_Ext_Single_06b_C_6944a5393d194d48_0,10558.529,20161.6,-1967.9587,,,,,,,,,,
SceneComponent,BP_Door_Ext_Single_06b_C,BP_Door_Ext_Single_06b_C_6944a5393d194d48_1,11191.571,20060.084,-1967.2483,,,,,,,,,,
SceneComponent,BP_Door_Ext_Single_06b_C,BP_Door_Ext_Single_06b_C_6bd21faec174208a_1,8100.098,21322.93,-1989.157,,,,,,,,,,
SceneComponent,BP_Door_Ext_Single_06b_C,BP_Door_Ext_Single_06b_C_UAID_046874882494829A02_68e0512c24d92e8f_1230591586,11530.137,19412.062,-1985.491,,,,,,,,,,
SceneComponent,BP_Door_Ext_Single_06b_C,BP_Door_Ext_Single_06b_C_UAID_046874882494829A02_68e0512c24d92e8f_1230622599,11800.3955,18616.377,-1987.7461,,,,,,,,,,
SceneComponent,BP_Door_Ext_Single_06b_C,UNP_BP_Door_Ext_SingleWood_01a1_b9ed3e3c39f77a44_1,40224.52,14780.943,-2175.1807,,,,,,,,,,
SceneComponent,BP_Door_Ext_Single_06b_C,UNP_BP_Door_Ext_SingleWood_01a1_ef5e067ba124a252_1,-2400.4988,14911.893,-1997.5382,,,,,,,,,,
SceneComponent,BP_Door_Ext_Single_06b_C,UNP_BP_Door_Ext_SingleWood_01a_b9ed3e3c39f77a44_0,41323.832,13983.355,-2174.5554,,,,,,,,,,
SceneComponent,BP_Door_Ext_Single_06b_C,UNP_BP_Door_Ext_SingleWood_01a_ef5e067ba124a252_0,-2907.0745,13651.7295,-1996.9128,,,,,,,,,,
SceneComponent,BP_Door_Ext_Single_06b_C,UNP_BP_Door_Ext_Single_01a_02262a5d03e70a69_0,15392.699,23059.14,-1771.9779,,,,,,,,,,
SceneComponent,BP_Door_Ext_Single_06b_C,UNP_BP_Door_Ext_Single_01a_039ab8d01f784483_0,-22260.756,23268.826,-677.67706,,,,,,,,,,
SceneComponent,BP_Door_Ext_Single_06b_C,UNP_BP_Door_Ext_Single_01a_25ca934595595c8c_0,38094.652,24476.809,-2084.0913,,,,,,,,,,
SceneComponent,BP_Door_Ext_Single_06b_C,UNP_BP_Door_Ext_Single_01a_3059d67b4bbc9d72_0,10114.974,-1731.731,-943.278,,,,,,,,,,
SceneComponent,BP_Door_Ext_Single_06b_C,UNP_BP_Door_Ext_Single_01a_31b34140d09411f6_0,-17408.764,44147.152,576.09564,,,,,,,,,,
SceneComponent,BP_Door_Ext_Single_06b_C,UNP_BP_Door_Ext_Single_01a_3d7e79e141461900_0,-17662.451,-2210.317,-1613.0651,,,,,,,,,,
SceneComponent,BP_Door_Ext_Single_06b_C,UNP_BP_Door_Ext_Single_01a_51a1ca1d1dfeb498_0,-27753.414,15086.666,-1091.9457,,,,,,,,,,
SceneComponent,BP_Door_Ext_Single_06b_C,UNP_BP_Door_Ext_Single_01a_5bce2d7608ceaeda_0,10985.203,18036.318,-1773.1205,,,,,,,,,,
SceneComponent,BP_Door_Ext_Single_06b_C,UNP_BP_Door_Ext_Single_01a_68311c2d437c6b8f_0,23592.389,45767.33,-1899.071,,,,,,,,,,
SceneComponent,BP_Door_Ext_Single_06b_C,UNP_BP_Door_Ext_Single_01a_85570c7134ea172a_0,-2438.9187,16748.387,-1771.1091,,,,,,,,,,
SceneComponent,BP_Door_Ext_Single_06c_C,BP_Door_Ext_Single_06a_burnt_C_UAID_581CF8B72315138102_657d6e388841b1cf_1233642813,45303.117,-16721.469,-5308.409,,,,,,,,,,
SceneComponent,BP_Door_Ext_Single_06c_C,BP_Door_Ext_Single_06a_burnt_C_UAID_581CF8B72315138102_c55de4808a095fe8_1233642813,39544.004,-17331.879,-6369.344,,,,,,,,,,
SceneComponent,BP_Door_Ext_Single_06c_C,BP_Door_Ext_Single_06a_burnt_C_UAID_581CF8B72315138102_da5a71a943bc0697_1233642813,39432.38,-10476.554,-3948.6904,,,,,,,,,,
SceneComponent,BP_Door_Ext_Single_07a_C,BP_Door_Ext_Single_07a_C_7e945ee4210d475d_0,48339.03,5153.1606,-928.0118,Bronze Key,,,,InventoryDefinition_Key'ID_Key_Bronze',,,,,
SceneComponent,BP_Door_Ext_Single_07a_C,BP_Door_Ext_Single_07a_C_8d74ee310e6406d5_0,25097.965,18698.775,-2601.7693,Bronze Key,,,,InventoryDefinition_Key'ID_Key_Bronze',,,,,
SceneComponent,BP_Door_Ext_Single_08a_C,BP_Door_Ext_Single_06a_C_UAID_581CF8B72315E99302_70a1cae7777e20a4_1681396746,38517.01,-4354.8003,-2016.2742,Undercroft Key,,,,InventoryDefinition_Key'ID_Key_U_Undercroft',,,,,
SceneComponent,BP_Door_Ext_Single_08a_C,BP_Door_Ext_Single_08a_C_2b1cf6401ef78c3e_1,14442.97,19993.36,-1982.7208,,,,,,,,,,
SceneComponent,BP_Door_Ext_Single_08a_C,BP_Door_Ext_Single_08a_C_8120ab00ad815ff9_1,12944.67,20419.428,-1985.9469,,,,,,,,,,
SceneComponent,BP_Door_Ext_Single_08a_C,BP_Door_Ext_Single_08a_C_UAID_046874882494829A02_68e0512c24d92e8f_1230570577,13582.173,19664.08,-1985.8578,,,,,,,,,,
SceneComponent,BP_Door_Ext_Single_08a_C,BP_Door_Ext_Single_08a_C_UAID_581CF8B72315CC8B02_684b6515b932cad9_1195028969,42711.54,-22843.197,-5713.8584,,,,,,,,,,
SceneComponent,BP_Door_Ext_Single_08a_C,UNP_BP_Door_Ext_Arch_01a1_4b003ba387a57fa1_1,19117.297,-4625.2603,-746.39795,,,,,,,,,,
SceneComponent,BP_Door_Ext_Single_08a_C,UNP_BP_Door_Ext_Arch_01a1_75f24b53c5c4d0ce_0,-17827.164,40437.816,1197.5369,,,,,,,,,,
SceneComponent,BP_Door_Ext_Single_08a_C,UNP_BP_Door_Ext_Arch_01a_4b003ba387a57fa1_0,18372.164,-3507.439,-745.2107,,,,,,,,,,
SceneComponent,BP_Door_Ext_Single_08a_C,UNP_BP_Door_Ext_Single_06a3_4481ef720ae1ae21_0,-10146.403,-7702.658,-1474.65,,,,,,,,,,
SceneComponent,BP_Door_Ext_Single_08a_C,UNP_BP_Door_Ext_Single_06a_2fa6262d75ac1966_0,40009.016,16493.44,-2160.8044,,,,,,,,,,
SceneComponent,BP_Door_Int_Prison_01b_C,BP_Door_Int_Prison_01b_C_UAID_581CF8B72315058902_bf336458ec4e5518_1914286615,37394.977,-17884.74,-4733.0884,,,,,,,,,,
SceneComponent,BP_Door_Int_Prison_01b_C,BP_Door_Int_Prison_01b_C_UAID_581CF8B72315B38702_668bffaf429d00f2_2107394848,37070.977,-20657.518,-4746.3335,,,,,,,,,,
SceneComponent,BP_Door_Int_Prison_01n_C,BP_Door_Int_Prison_01n_C_UAID_581CF8B72315118702_adcabc3b77726472_1353955676,37693.055,-18891.271,-4738.9365,,,,,,,,,,
SceneComponent,BP_Door_Int_Prison_01n_C,BP_Door_Int_Prison_01n_C_UAID_581CF8B723157A8002_ccc4adf71bc21200_1940785288,38321.68,-6141.7993,-2844.843,,,,,,,,,,
SceneComponent,BP_Door_Int_Prison_01n_C,BP_Door_Int_Prison_01n_C_UAID_581CF8B723157A8002_e970e24c5130d429_1940785288,41669.05,-15690.328,-5328.0264,,,,,,,,,,
SceneComponent,BP_Door_Int_Prison_01n_C,BP_Door_Int_Prison_01n_C_UAID_581CF8B72315B48702_668bffaf429d00f2_1158914032,36768.906,-21498.568,-4748.6587,,,,,,,,,,
SceneComponent,BP_Door_Int_Prison_01n_C,BP_Door_Int_Prison_01n_C_UAID_581CF8B72315BE8702_668bffaf429d00f2_1123079742,36347.81,-20993.205,-4754.027,,,,,,,,,,
SceneComponent,BP_Door_Int_Prison_01n_C,BP_Door_Int_Prison_01n_C_UAID_581CF8B72315BE8702_668bffaf429d00f2_1139705746,35638.71,-21780.541,-4750.6025,,,,,,,,,,
SceneComponent,BP_Door_Int_Prison_01n_C,BP_Door_Int_Prison_01n_C_UAID_581CF8B72315BE8702_668bffaf429d00f2_1373412760,35410.04,-21776.121,-3807.5706,,,,,,,,,,
SceneComponent,BP_Door_Int_SingleWood_01_C,UNP_BP_Door_Ext_SingleWood_01a1_4980766c61eef4cd_2,-5156.488,10623.416,-1966.4908,,,,,,,,,,
SceneComponent,BP_Door_Int_SingleWood_01_C,UNP_BP_Door_Ext_SingleWood_01a4_4980766c61eef4cd_3,-3739.3018,11467.0625,-1967.0623,,,,,,,,,,
SceneComponent,BP_Door_Int_SingleWood_01_C,UNP_BP_Door_Ext_SingleWood_01a8_4980766c61eef4cd_7,-3788.9114,11655.84,-1556.8356,,,,,,,,,,
SceneComponent,BP_Door_Int_SingleWood_01_C,UNP_BP_Door_Ext_SingleWood_01a9_4980766c61eef4cd_8,-3608.9548,10946.607,-1556.8356,Bronze Key,,,,InventoryDefinition_Key'ID_Key_Bronze',,,,,
SceneComponent,BP_Door_Int_SingleWood_01_C,UNP_BP_Door_Ext_Single_06a_4481ef720ae1ae21_0,-10664.259,-7543.9604,-1474.65,,,,,,,,,,
SceneComponent,BP_Door_Int_SingleWood_01_C,UNP_BP_Door_Int_SingleWood_01_75f24b53c5c4d0ce_0,-17286.19,39910.855,2477.004,Silver Key,,,,InventoryDefinition_Key'ID_Key_Silver',,,,,
SceneComponent,BP_Door_Int_SingleWood_03_C,BP_Door_Ext_Single_08a_C_UAID_046874882494829A02_68e0512c24d92e8f_1230610594,13162.955,19577.908,-1985.8403,,,,,,,,,,
SceneComponent,BP_Door_Int_SingleWood_03_C,BP_Door_Int_SingleWood_02_C_UAID_04D9F5F93AD5464B02_0c42b2381b479eb1_1697605331,9452.91,18162.57,-1935.3358,,,,,,,,,,
SceneComponent,BP_Door_Int_SingleWood_03_C,BP_Door_Int_SingleWood_02_C_UAID_04D9F5F93AD5BD4902_0c42b2381b479eb1_1579412766,9379.7,18592.684,-1935.3358,,,,,,,,,,
SceneComponent,BP_Door_Int_SingleWood_03_C,BP_Door_Int_SingleWood_02_C_UAID_04D9F5F93AD5BD4902_0c42b2381b479eb1_1622661767,8972.294,18438.041,-1525.2778,,,,,,,,,,
SceneComponent,BP_Door_Int_SingleWood_03_C,BP_Door_Int_SingleWood_03_C_2b1cf6401ef78c3e_3,15297.37,19612.398,-1637.9545,,,,,,,,,,
SceneComponent,BP_Door_Int_SingleWood_03_C,BP_Door_Int_SingleWood_03_C_2b1cf6401ef78c3e_6,14912.3545,19522.285,-1977.8157,,,,,,,,,,
SceneComponent,BP_Door_Int_SingleWood_03_C,BP_Door_Int_SingleWood_03_C_8120ab00ad815ff9_6,12485.682,20900.639,-1981.0417,,,,,,,,,,
SceneComponent,BP_Door_Int_SingleWood_03_C,BP_Door_Int_SingleWood_03_C_UAID_046874882494829A02_68e0512c24d92e8f_1230575579,13516.702,18993.94,-1992.3319,,,,,,,,,,
SceneComponent,BP_Door_Int_SingleWood_03_C,BP_Door_Int_SingleWood_03_C_UAID_046874882494829A02_68e0512c24d92e8f_1230582582,12090.175,18956.605,-1439.4801,Bronze Key,,,,InventoryDefinition_Key'ID_Key_Bronze',,,,,
SceneComponent,BP_Door_Int_SingleWood_03_C,BP_Door_Int_SingleWood_03_C_UAID_046874882494829A02_68e0512c24d92e8f_1230595588,12371.108,19375.863,-1637.4039,,,,,,,,,,
SceneComponent,BP_Door_Int_SingleWood_03_C,BP_Door_Int_SingleWood_03_C_UAID_046874882494829A02_68e0512c24d92e8f_1230603591,12145.111,19292.193,-1993.8469,,,,,,,,,,
SceneComponent,BP_Door_Int_SingleWood_03_C,BP_Door_Int_SingleWood_03_C_UAID_046874882494829A02_68e0512c24d92e8f_1230605592,13161.818,19580.37,-1637.0044,,,,,,,,,,
SceneComponent,BP_Door_Int_SingleWood_03_C,BP_Door_Int_SingleWood_03_C_UAID_046874882494829A02_68e0512c24d92e8f_1230613595,13294.911,19065.781,-1638.3068,,,,,,,,,,
SceneComponent,BP_Door_Int_SingleWood_03_C,BP_Door_Int_SingleWood_03_C_UAID_04D9F5F93AD55E4A02_0c42b2381b479eb1_1101153488,9047.788,17687.062,-1528.6809,,,,,,,,,,
SceneComponent,BP_Door_Int_SingleWood_03_C,BP_Door_Int_SingleWood_03_C_UAID_04D9F5F93AD5714902_2b1cf6401ef78c3e_1291391082,15181.452,18928.332,-1977.3452,,,,,,,,,,
SceneComponent,BP_Door_Int_SingleWood_03_C,BP_Door_Int_SingleWood_03_C_UAID_04D9F5F93AD5714902_8120ab00ad815ff9_1291391082,12229.614,21500.322,-1980.5714,,,,,,,,,,
SceneComponent,BP_Door_Int_SingleWood_03_C,BP_Door_Int_SingleWood_03_C_UAID_04D9F5F93AD5974C02_0c42b2381b479eb1_1939973494,9516.352,17787.299,-1528.4703,,,,,,,,,,
SceneComponent,BP_Door_Int_SingleWood_03_C,BP_Door_Int_SingleWood_03_C_UAID_08BFB82FEC6A71E302_8120ab00ad815ff9_1181363171,12598.173,20613.514,-1634.7012,,,,,,,,,,
SceneComponent,BP_Door_Int_SingleWood_03_C,BP_Door_Int_SingleWood_03_C_UAID_581CF8B723153C5202_6944a5393d194d48_1286227929,11188.528,20519.008,-1967.4952,Bronze Key,,,,InventoryDefinition_Key'ID_Key_Bronze',,,,,
SceneComponent,BP_Door_Int_SingleWood_03_C,BP_Door_Int_SingleWood_03_C_UAID_581CF8B72315EC5102_2b1cf6401ef78c3e_1820459569,15498.958,18998.51,-1636.0345,,,,,,,,,,
SceneComponent,BP_Door_Int_SingleWood_03_C,UNP_BP_Door_Ext_SingleWood_01a2_4980766c61eef4cd_0,-3760.2644,10817.414,-1966.4908,,,,,,,,,,
SceneComponent,BP_Door_Int_SingleWood_03_C,UNP_BP_Door_Ext_SingleWood_01a5_4980766c61eef4cd_4,-5305.087,10635.013,-1556.8356,Gold Key,,,,InventoryDefinition_Key'ID_Key_Gold',,,,,
SceneComponent,BP_Door_Int_SingleWood_03_C,UNP_BP_Door_Ext_SingleWood_01a6_4980766c61eef4cd_5,-4769.314,10769.216,-1556.8356,Bronze Key,,,,InventoryDefinition_Key'ID_Key_Bronze',,,,,
SceneComponent,BP_Door_Int_SingleWood_03_C,UNP_BP_Door_Ext_SingleWood_01a7_4980766c61eef4cd_6,-3915.6125,10983.058,-1556.8356,,,,,,,,,,
SceneComponent,BP_Door_Int_SingleWood_03_C,UNP_BP_Door_Ext_SingleWood_01a_4980766c61eef4cd_1,-5069.4756,11279.073,-1966.4907,,,,,,,,,,
SceneComponent,BP_Door_Int_SingleWood_03_C,UNP_BP_Door_Ext_Single_01a3_UAID_046874882494A69802_68e0512c24d92e8f_1367181966,12595.47,17867.17,-1988.4545,,,,,,,,,,
SceneComponent,BP_Door_Int_SingleWood_03_C,UNP_BP_Door_Ext_Single_01a3_ca1edcb028361fa8_0,39287.004,15955.422,-2167.8704,,,,,,,,,,
SceneComponent,BP_Door_Int_SingleWood_03_C,UNP_BP_Door_Ext_Single_01a_c1357729720cf173_0,14106.626,21331.393,-1963.5575,,,,,,,,,,
SceneComponent,BP_Door_Int_SingleWood_03_C,UNP_BP_Door_Ext_Single_05a1_68479541b25a7529_0,25095.996,44555.574,-2117.0088,,,,,,,,,,
SceneComponent,BP_Door_Int_SingleWood_03_C,UNP_BP_Door_Ext_Single_05a1_UAID_04D9F5F93AD53DD102_68479541b25a7529_2016772453,25541.992,44999.203,-2117.0088,,,,,,,,,,
SceneComponent,BP_Door_Int_SingleWood_03_C,UNP_BP_Door_Ext_Single_05a1_UAID_D843AE1A93E5A27D02_143482fa8e70245c_2137868179,-9237.935,-6787.0947,-1968.59,Cellar Key of Chevalier's Remise,,,,InventoryDefinition_Key'ID_Key_U_CellarChevalierRemise',,,,,
SceneComponent,BP_Door_Int_SingleWood_03_C,UNP_BP_Door_Ext_Single_05a2_4481ef720ae1ae21_1,-9631.734,-7551.017,-981.64996,,,,,,,,,,
SceneComponent,BP_Door_Int_SingleWood_03_C,UNP_BP_Door_Ext_Single_05a2_68479541b25a7529_1,24986.82,44722.902,-1754.1711,,,,,,,,,,
SceneComponent,BP_Door_Int_SingleWood_03_C,UNP_BP_Door_Ext_Single_05a3_68479541b25a7529_2,26028.717,45230.367,-1754.1711,,,,,,,,,,
SceneComponent,BP_Door_Int_SingleWood_03_C,UNP_BP_Door_Ext_Single_05a3_UAID_D843AE1A93E5A27D02_143482fa8e70245c_2137864178,-9603.058,-5861.218,-1970.7205,Cellar Key of Chevalier's Remise,,,,InventoryDefinition_Key'ID_Key_U_CellarChevalierRemise',,,,,
SceneComponent,BP_Door_Int_SingleWood_03_C,UNP_BP_Door_Ext_Single_05a4_4481ef720ae1ae21_4,-10665.627,-7540.6147,-1968.5898,,,,,,,,,,
SceneComponent,BP_Door_Int_SingleWood_03_C,UNP_BP_Door_Ext_Single_05a4_68479541b25a7529_3,25661.44,44863.09,-1754.1711,,,,,,,,,,
SceneComponent,BP_Door_Int_SingleWood_03_C,UNP_BP_Door_Ext_Single_05a5_4481ef720ae1ae21_0,-10210.449,-7510.6626,-981.64996,,,,,,,,,,
SceneComponent,BP_Door_Int_SingleWood_03_C,UNP_BP_Door_Ext_Single_05a5_4481ef720ae1ae21_5,-10277.518,-7036.092,-981.64996,,,,,,,,,,
SceneComponent,BP_Door_Int_SingleWood_03_C,UNP_BP_Door_Ext_Single_05a5_68479541b25a7529_4,25296.088,44496.406,-1754.1711,,,,,,,,,,
SceneComponent,BP_Door_Int_SingleWood_03_C,UNP_BP_Door_Ext_Single_05a_4481ef720ae1ae21_0,-9234.009,-6786.032,-1474.65,,,,,,,,,,
SceneComponent,BP_Door_Int_SingleWood_03_C,UNP_BP_Window_Ext_Single_07a3_2fa6262d75ac1966_0,39620.97,16627.646,-1615.4222,,,,,,,,,,
SceneComponent,BP_Door_Int_SingleWood_03_C,UNP_BP_Window_Ext_Single_07a3_UAID_04D9F5F93AD55E4A02_2fa6262d75ac1966_2120226809,40116.08,16491.83,-1615.4222,Silver Key,,,,InventoryDefinition_Key'ID_Key_Silver',,,,,
SceneComponent,BP_Door_Int_SingleWood_04a_C,UNP_BP_Door_Ext_Single_01a3_UAID_046874882494977D02_be6a6beac2196855_1270198705,10055.599,30984.758,-1909.2203,Bronze Key,,,,InventoryDefinition_Key'ID_Key_Bronze',,,,,
SceneComponent,BP_Door_Large_01a_C,StaticMeshActor_UAID_581CF8B72315118702_adcabc3b77726472_1370360684,37410.15,-19489.27,-4743.0913,,,,,,,,,,
SceneComponent,BP_Door_Large_01a_C,UNP_BP_Door_2p_01_W1_4980766c61eef4cd_1,-3326.3652,10636.843,-1995.3378,,,,,,,,,,
SceneComponent,BP_Door_Large_01a_C,UNP_BP_Door_2p_01_W1_ae54c015e4f59828_1,-27491.996,13929.171,-1311.2004,,,,,,,,,,
SceneComponent,BP_Door_Large_01a_C,UNP_BP_Door_2p_01_W3_ae54c015e4f59828_2,-26345.918,12217.037,-1311.2004,,,,,,,,,,
SceneComponent,BP_Door_Large_01a_C,UNP_BP_Door_2p_01_W_02262a5d03e70a69_0,15877.353,22287.77,-1997.9156,,,,,,,,,,
SceneComponent,BP_Door_Large_01a_C,UNP_BP_Door_2p_01_W_25ca934595595c8c_0,37667.703,23674.336,-2317.9724,,,,,,,,,,
SceneComponent,BP_Door_Large_01a_C,UNP_BP_Door_2p_01_W_4980766c61eef4cd_0,-3636.4019,11874.578,-1995.3378,,,,,,,,,,
SceneComponent,BP_Door_Large_01a_C,UNP_BP_Door_2p_01_W_51a1ca1d1dfeb498_0,-28664.398,15083.75,-1317.8834,,,,,,,,,,
SceneComponent,BP_Door_Large_01a_C,UNP_BP_Door_2p_01_W_5bce2d7608ceaeda_0,10414.201,18746.148,-1999.0582,,,,,,,,,,
SceneComponent,BP_Door_Large_01a_C,UNP_BP_Door_2p_01_W_68311c2d437c6b8f_0,23921.617,46616.746,-2125.0088,,,,,,,,,,
SceneComponent,BP_Door_Large_01a_C,UNP_BP_Door_2p_01_W_ae54c015e4f59828_0,-28475.746,11852.753,-1311.2004,,,,,,,,,,
SceneComponent,BP_Door_Large_02a_C,UNP_BP_Door_2p_01_W_039ab8d01f784483_0,-22737.176,24045.309,-903.6148,,,,,,,,,,
SceneComponent,BP_Door_Large_02a_C,UNP_BP_Door_2p_01_W_3059d67b4bbc9d72_0,9211.017,-1618.7598,-1169.2157,,,,,,,,,,
SceneComponent,BP_Door_Large_02a_C,UNP_BP_Door_2p_01_W_31b34140d09411f6_0,-18281.121,43884.676,351.35614,,,,,,,,,,
SceneComponent,BP_Door_Large_02a_C,UNP_BP_Door_2p_01_W_3d7e79e141461900_0,-17316.262,-3052.9634,-1839.0028,,,,,,,,,,
SceneComponent,BP_Door_Large_02a_C,UNP_BP_Door_2p_01_W_85570c7134ea172a_0,-3184.5735,16225.032,-1995.8486,,,,,,,,,,
SceneComponent,BP_Door_Large_02a_C,UNP_BP_Door_Large_02a1_2fa6262d75ac1966_0,39371.1,17287.027,-2167.6477,,,,,,,,,,
SceneComponent,BP_Door_MedCart_01a_C,UNP_BP_Door_MedCart_01a_6cece6cb50bed0e4_0,18628.38,-7428.421,-583.2782,,,,,,,,,,
SceneComponent,BP_Door_MedCart_01a_C,UNP_BP_Door_MedCart_01a_UAID_0468748824945BB902_11158c6f7229cdc0_1707544662,4708.3066,10111.553,-1581.2345,,,,,,,,,,
SceneComponent,BP_EasyFog_C,BP_EasyFog_C_UAID_9C6B002263F7223802_0e4a4cb4ab76a687_1626818716,-340576.6,976148.7,24915.0,,,,,,,,,,
SceneComponent,BP_EasyFog_C,BP_EasyFog_C_UAID_9C6B002263F7223802_60e189acded2d404_2086474613,1341588.6,275542.66,461387.44,,,,,,,,,,
SceneComponent,BP_EasyFog_C,BP_EasyFog_C_UAID_9C6B002263F7223802_60e189acded2d404_2086475614,1341598.6,275552.66,461387.44,,,,,,,,,,
SceneComponent,BP_EasyFog_C,BP_EasyFog_C_UAID_9C6B002263F7223802_da00f1e630e0f1af_2054469604,2454482.8,564250.94,2360292.2,,,,,,,,,,
SceneComponent,BP_ExtractorsCache_M01_C,BP_ExtractorsCache_M01_C_UAID_D843AE1A93E5AEE502_1860531288,37576.984,24486.057,-2078.4106,,,,,,,,,,
SceneComponent,BP_FamilyRegister_C,BP_FamilyRegister_C_UAID_04D9F5F93AD5735A02_1004ba2f6eb96028_1966739715,-4968.6772,10426.008,-1451.4277,,,,,,,,,,
SceneComponent,BP_FogDisableVolume_Base_C,BP_FogDisableVolume_Base_C_UAID_10FFE0F0DC0E25E602_68479541b25a7529_1760180213,25330.908,44880.59,-2652.266,,,,,,,,,,
SceneComponent,BP_FogDisableVolume_Base_C,BP_FogDisableVolume_Base_C_UAID_581CF8D81CD7B9A302_fee95617eaee0162_1527387047,43083.508,-16168.066,-8065.7583,,,,,,,,,,
SceneComponent,BP_GrainRecord_C,BP_GrainRecord_C_UAID_04D9F5F93AD5725A02_75f24b53c5c4d0ce_1120585349,-17003.363,39331.895,2566.5996,,,,,,,,,,
SceneComponent,BP_HangingHerbRope_C,BP_HangingHerbRope_C_UAID_581CF8B723153D5202_6944a5393d194d48_1141990158,11358.707,20181.855,-1786.983,,,,,,,,,,
SceneComponent,BP_LiftHandle_C,BP_LiftHandle_C_UAID_04D9F5F93AD5C0A002_abfa6e52c4152467_1903550373,37186.73,-21162.75,-7554.392,,,,,,,,,,
SceneComponent,BP_LiftHandle_C,BP_LiftHandle_C_UAID_04D9F5F93AD5C1A002_abfa6e52c4152467_1165093562,37187.06,-21156.34,-5270.2236,,,,,,,,,,
SceneComponent,BP_LiftHandle_C,BP_LiftHandle_C_UAID_04D9F5F93AD5E0A002_9e8da11e2d3b4773_1305568340,43823.5,-23585.848,-5453.8296,,,,,,,,,,
SceneComponent,BP_LiftHandle_C,BP_LiftHandle_C_UAID_04D9F5F93AD5E0A002_9e8da11e2d3b4773_1305570341,43818.945,-23581.326,-3169.661,,,,,,,,,,
SceneComponent,BP_Lift_02A_C,BP_Lift_02A_C_UAID_04D9F5F93AD5C0A002_abfa6e52c4152467_1832546372,36880.95,-21113.037,-7651.2393,,,,,,,,,,
SceneComponent,BP_Lift_02A_C,BP_Lift_02A_C_UAID_04D9F5F93AD5E0A002_9e8da11e2d3b4773_1305563339,43582.35,-23780.332,-5550.677,,,,,,,,,,
SceneComponent,BP_LouisMothersNote_C,BP_LouisMothersNote_C_UAID_04D9F5F93AD5395E02_e9710943a2517302_1260541166,14794.995,20952.613,-2223.0923,,,,,,,,,,
SceneComponent,BP_Moon_C,BP_Moon_C_UAID_9C6B002263F7233802_100c7e2aea545259_1124226241,-149210.0,785360.0,353700.0,,,,,,,,,,
SceneComponent,BP_PreservedHand_C,BP_PreservedHand_C_UAID_D843AE1A93E5A97C02_fee95617eaee0162_1124274107,33401.457,-14926.076,-4703.061,,,,,,,,,,
SceneComponent,BP_Q05_DiaryBishop_C,BP_Q05_DiaryBishop_C_4b003ba387a57fa1_1,18682.445,-4697.9717,-684.3762,,,,,,,,,,
SceneComponent,BP_Q05_Water02_C,BP_Q05_Water02_C_UAID_04D9F5F93AD55C5602_1976d01c9ea3278b_2088103505,46366.49,44467.082,-1802.8745,,,,,,,,,,
SceneComponent,BP_Q10_GoldenLeafTobacco_C,BP_Q10_GoldenLeafTobacco_C_UAID_581CF8B72315E99302_70a1cae7777e20a4_1681347743,38877.145,-3297.305,-934.73285,,,,,,,,,,
SceneComponent,BP_RaidSpawnLocation_C,BP_RaidSpawnLocation_C_UAID_9C6B002263F7EE3702_1269586870,7344.081,48840.67,-1642.1282,,,,,,,,,,
SceneComponent,BP_RaidSpawnLocation_C,BP_RaidSpawnLocation_C_UAID_9C6B002263F7EE3702_1269590873,30220.215,48840.67,-1642.1282,,,,,,,,,,
SceneComponent,BP_RaidSpawnLocation_C,BP_RaidSpawnLocation_C_UAID_9C6B002263F7EE3702_1269594876,25210.74,-11579.897,584.55035,,,,,,,,,,
SceneComponent,BP_RaidSpawnLocation_C,BP_RaidSpawnLocation_C_UAID_9C6B002263F7EE3702_1269595877,-2067.894,-11587.549,-1718.5114,,,,,,,,,,
SceneComponent,BP_RaidSpawnLocation_C,BP_RaidSpawnLocation_C_UAID_9C6B002263F7EE3702_1269599880,-30793.014,94.5737,-1718.5114,,,,,,,,,,
SceneComponent,BP_RaidSpawnLocation_C,BP_RaidSpawnLocation_C_UAID_9C6B002263F7EE3702_1269602883,-30975.996,12704.779,-1100.8444,,,,,,,,,,
SceneComponent,BP_RaidSpawnLocation_C,BP_RaidSpawnLocation_C_UAID_9C6B002263F7EE3702_1269605885,-5494.345,48840.67,-399.9314,,,,,,,,,,
SceneComponent,BP_RaidSpawnLocation_C,BP_RaidSpawnLocation_C_UAID_9C6B002263F7EE3702_1269610889,-14207.958,-11587.549,-1718.5114,,,,,,,,,,
SceneComponent,BP_RaidSpawnLocation_C,BP_RaidSpawnLocation_C_UAID_9C6B002263F7EE3702_1269614892,12234.022,-11401.267,-1091.5126,,,,,,,,,,
SceneComponent,BP_RaidSpawnLocation_C,BP_RaidSpawnLocation_C_UAID_9C6B002263F7EE3702_1269617895,-13007.831,48840.668,-55.832092,,,,,,,,,,
SceneComponent,BP_RaidSpawnLocation_C,BP_RaidSpawnLocation_C_UAID_9C6B002263F7EE3702_1269622899,-30975.996,25246.36,-1100.8444,,,,,,,,,,
SceneComponent,BP_RaidSpawnLocation_C,BP_RaidSpawnLocation_C_UAID_9C6B002263F7EE3702_1269626902,-26670.365,-11587.549,-1718.5114,,,,,,,,,,
SceneComponent,BP_RaidSpawnLocation_C,BP_RaidSpawnLocation_C_UAID_9C6B002263F7EE3702_1269627903,-30975.996,38404.684,-1100.8444,,,,,,,,,,
SceneComponent,BP_RaidSpawnLocation_C,BP_RaidSpawnLocation_C_UAID_9C6B002263F7EE3702_1269629905,42873.797,-11867.303,606.06604,,,,,,,,,,
SceneComponent,BP_RaidSpawnLocation_C,BP_RaidSpawnLocation_C_UAID_9C6B002263F7EE3702_1269630906,48040.41,47025.586,208.07991,,,,,,,,,,
SceneComponent,BP_RaidSpawnLocation_C,BP_RaidSpawnLocation_C_UAID_9C6B002263F7EE3702_1269634909,17156.451,48840.67,-1642.1282,,,,,,,,,,
SceneComponent,BP_RaidSpawnLocation_C,BP_RaidSpawnLocation_C_UAID_9C6B002263F7EE3702_1269635910,48646.32,15830.111,-364.63855,,,,,,,,,,
SceneComponent,BP_RaidSpawnLocation_C,BP_RaidSpawnLocation_C_UAID_9C6B002263F7EE3702_1269636911,49376.746,1786.2185,-832.75256,,,,,,,,,,
SceneComponent,BP_RaidSpawnLocation_C,BP_RaidSpawnLocation_C_UAID_9C6B002263F7EE3702_1269638912,49659.01,29960.285,-2058.7227,,,,,,,,,,
SceneComponent,BP_RaidSpawn_C,BP_RaidSpawn_C_0,24834.828,-11159.952,-351.5611,,,,,,,,,,
SceneComponent,BP_RaidSpawn_C,BP_RaidSpawn_C_1,48936.914,15035.474,-808.6531,,,,,,,,,,
SceneComponent,BP_RaidSpawn_C,BP_RaidSpawn_C_10,-11757.946,48376.652,-56.236393,,,,,,,,,,
SceneComponent,BP_RaidSpawn_C,BP_RaidSpawn_C_11,-24525.88,47877.285,480.8932,,,,,,,,,,
SceneComponent,BP_RaidSpawn_C,BP_RaidSpawn_C_12,-30393.3,33169.895,-168.26624,,,,,,,,,,
SceneComponent,BP_RaidSpawn_C,BP_RaidSpawn_C_14,-30454.06,10313.009,-1281.1425,,,,,,,,,,
SceneComponent,BP_RaidSpawn_C,BP_RaidSpawn_C_15,-14851.555,-10886.804,-1631.6744,,,,,,,,,,
SceneComponent,BP_RaidSpawn_C,BP_RaidSpawn_C_16,-25206.082,-11009.898,-1563.7843,,,,,,,,,,
SceneComponent,BP_RaidSpawn_C,BP_RaidSpawn_C_17,12096.159,-11065.597,-601.4545,,,,,,,,,,
SceneComponent,BP_RaidSpawn_C,BP_RaidSpawn_C_18,44856.984,-10943.416,1048.1833,,,,,,,,,,
SceneComponent,BP_RaidSpawn_C,BP_RaidSpawn_C_2,48564.25,28942.79,-2653.41,,,,,,,,,,
SceneComponent,BP_RaidSpawn_C,BP_RaidSpawn_C_3,-2205.4373,-10901.597,-1779.0073,,,,,,,,,,
SceneComponent,BP_RaidSpawn_C,BP_RaidSpawn_C_4,48969.05,1649.5056,-790.20886,,,,,,,,,,
SceneComponent,BP_RaidSpawn_C,BP_RaidSpawn_C_5,33133.863,56513.402,-2017.9751,,,,,,,,,,
SceneComponent,BP_RaidSpawn_C,BP_RaidSpawn_C_6,-30510.91,-1590.6536,-1390.5063,,,,,,,,,,
SceneComponent,BP_RaidSpawn_C,BP_RaidSpawn_C_7,48703.48,48295.87,-2262.5964,,,,,,,,,,
SceneComponent,BP_RaidSpawn_C,BP_RaidSpawn_C_8,15722.055,48515.105,-790.9591,,,,,,,,,,
SceneComponent,BP_RaidSpawn_C,BP_RaidSpawn_C_9,-1404.9924,48540.184,-281.93594,,,,,,,,,,
SceneComponent,BP_RedCandle_C,BP_RedCandle_C_4b003ba387a57fa1_1,18703.807,-3879.2004,-451.06793,,,,,,,,,,
SceneComponent,BP_RedRibbon_C,BP_RedRibbon_C_UAID_04D9F5F93AD52F5D02_1004ba2f6eb96028_1335678271,-5200.0,11410.0,-1447.5181,,,,,,,,,,
SceneComponent,BP_Reynauld_FrancoisDiary_C,BP_Reynauld_FrancoisDiary_C_UAID_D843AE1A93E58E9A02_1236695748,35525.152,36959.027,-1326.9288,,,,,,,,,,
SceneComponent,BP_SPOI_C,BP_SPOI_C_UAID_9C6B002263F7EE3702_1269606886,18973.611,40614.22,-1198.1515,,,,,,,,,,
SceneComponent,BP_SignalHorn_M01_C,BP_SignalHorn_M01_C_UAID_04D9F5F93AD5B95B02_d0b10c543768709f_1907093884,10924.308,31424.557,-1362.315,,,,,,,,,,
SceneComponent,BP_SoundTrap_Corpse_Bagged_C,BP_SoundTrap_Corpse_Bagged_C_UAID_08BFB82FEC6A69DE02_dca082373cf3e830_2075844926,19259.293,-6976.3,-757.2062,,50.0,Blueprint,10.0 HP,,,,False,,
SceneComponent,BP_SoundTrap_Corpse_Fem_C,BP_SoundTrap_Corpse_Fem_C_UAID_04D9F5F93AD56B4902_6bd21faec174208a_1851829459,8693.725,20515.676,-1530.8726,,50.0,Blueprint,10.0 HP,,,,True,,
SceneComponent,BP_SoundTrap_Corpse_Fem_C,BP_SoundTrap_Corpse_Fem_C_UAID_04D9F5F93AD5DB4702_4b003ba387a57fa1_1894676132,19143.086,-3851.7656,-79.586395,,50.0,Blueprint,10.0 HP,,,,True,,
SceneComponent,BP_SoundTrap_Corpse_Fem_C,BP_SoundTrap_Corpse_Fem_C_UAID_04D9F5F93AD5F73002_46788bd73785bd52_1342232081,37207.613,-14946.204,-5613.8564,,50.0,Blueprint,10.0 HP,,,,True,,
SceneComponent,BP_SoundTrap_Corpse_Fem_C,BP_SoundTrap_Corpse_Male_C_UAID_00FF8EFC2BEFD45502_d7bb368d433e8eb6_1076987282,27996.23,-1815.4904,-798.0986,,50.0,Blueprint,10.0 HP,,,,True,,
SceneComponent,BP_SoundTrap_Corpse_Fem_C,UNP_BP_SoundTrap_Corpse_Fem1_039ab8d01f784483_0,-22395.81,23530.29,-379.8385,,15.0,Custom),10.0 HP,,,,True,,
SceneComponent,BP_SoundTrap_Corpse_Fem_C,UNP_BP_SoundTrap_Corpse_Fem1_3059d67b4bbc9d72_0,9826.434,-1673.8795,-645.43945,,15.0,Custom),10.0 HP,,,,True,,
SceneComponent,BP_SoundTrap_Corpse_Fem_C,UNP_BP_SoundTrap_Corpse_Fem1_3d7e79e141461900_0,-17570.922,-2490.004,-1315.2264,,15.0,Custom),10.0 HP,,,,True,,
SceneComponent,BP_SoundTrap_Corpse_Fem_C,UNP_BP_SoundTrap_Corpse_Fem_02262a5d03e70a69_0,15344.971,23321.594,-1443.9084,,15.0,Custom),10.0 HP,,,,True,,
SceneComponent,BP_SoundTrap_Corpse_Fem_C,UNP_BP_SoundTrap_Corpse_Fem_25ca934595595c8c_0,38301.01,24644.707,-1755.4325,,15.0,Custom),10.0 HP,,,,True,,
SceneComponent,BP_SoundTrap_Corpse_Fem_C,UNP_BP_SoundTrap_Corpse_Fem_31b34140d09411f6_0,-17143.057,44123.492,904.1651,,15.0,Custom),10.0 HP,,,,True,,
SceneComponent,BP_SoundTrap_Corpse_Fem_C,UNP_BP_SoundTrap_Corpse_Fem_4481ef720ae1ae21_0,-10698.818,-6682.9575,-706.3893,,50.0,Blueprint,10.0 HP,,,,True,,
SceneComponent,BP_SoundTrap_Corpse_Fem_C,UNP_BP_SoundTrap_Corpse_Fem_51a1ca1d1dfeb498_0,-27505.477,14988.246,-763.87616,,15.0,Custom),10.0 HP,,,,True,,
SceneComponent,BP_SoundTrap_Corpse_Fem_C,UNP_BP_SoundTrap_Corpse_Fem_5bce2d7608ceaeda_0,11063.106,17781.19,-1445.051,,15.0,Custom),10.0 HP,,,,True,,
SceneComponent,BP_SoundTrap_Corpse_Fem_C,UNP_BP_SoundTrap_Corpse_Fem_68311c2d437c6b8f_0,23410.39,45572.297,-1571.0016,,15.0,Custom),10.0 HP,,,,True,,
SceneComponent,BP_SoundTrap_Corpse_Fem_C,UNP_BP_SoundTrap_Corpse_Fem_85570c7134ea172a_0,-2179.2402,16809.436,-1443.0397,,15.0,Custom),10.0 HP,,,,True,,
SceneComponent,BP_SoundTrap_Corpse_Fem_C,UNP_BP_SoundTrap_Corpse_Fem_Hung02a_28f6925f2bba127d_0,29564.781,14697.05,-1439.552,,50.0,Blueprint,10.0 HP,,,,True,,
SceneComponent,BP_SoundTrap_Corpse_Fem_C,UNP_BP_SoundTrap_Corpse_Fem_Hung02a_8418679c8d07a0f0_0,10038.129,-8674.309,-422.80652,,50.0,Blueprint,10.0 HP,,,,True,,
SceneComponent,BP_SoundTrap_Corpse_Fem_C,UNP_BP_SoundTrap_Corpse_Fem_Hung02a_ae54c015e4f59828_0,-27589.904,13429.315,-893.5832,,50.0,Blueprint,10.0 HP,,,,True,,
SceneComponent,BP_SoundTrap_Corpse_Fem_C,UNP_BP_SoundTrap_Corpse_Fem_UAID_046874882494FE9802_e515a311258b40d3_1775120792,-9021.715,43010.19,349.7461,,50.0,Blueprint,10.0 HP,,,,True,,
SceneComponent,BP_SoundTrap_Corpse_Fem_C,UNP_NT_CorpseFemale_Hanging_01_38dd6e6fa5f4d608_0,43025.062,35027.44,-1179.34,,50.0,Blueprint,10.0 HP,,,,True,,
SceneComponent,BP_SoundTrap_Corpse_Fem_C,UNP_NT_CorpseFemale_Hanging_01_70289b78fbb72873_3,18660.904,41178.19,-693.0577,,50.0,Blueprint,10.0 HP,,,,True,,
SceneComponent,BP_SoundTrap_Corpse_Fem_C,UNP_NT_CorpseFemale_Hanging_01_UAID_00FF8EFC2BEF4ABA02_5a6840b2e853ea4f_1323675777,-30273.719,46979.906,970.31213,,50.0,Blueprint,10.0 HP,,,,True,,
SceneComponent,BP_SoundTrap_Corpse_Fem_C,UNP_NT_CorpseFemale_Hanging_01_a1088320ad7534bd_0,15854.16,44076.188,-457.38193,,50.0,Blueprint,10.0 HP,,,,True,,
SceneComponent,BP_SoundTrap_Corpse_Fem_C,UNP_NT_CorpseFemale_Hanging_02_70289b78fbb72873_0,18468.998,40640.984,-887.7873,,50.0,Blueprint,10.0 HP,,,,True,,
SceneComponent,BP_SoundTrap_Corpse_Fem_C,UNP_NT_CorpseFemale_Hanging_03_70289b78fbb72873_1,19191.164,40337.8,-799.23846,,50.0,Blueprint,10.0 HP,,,,True,,
SceneComponent,BP_SoundTrap_Corpse_Fem_C,UNP_NT_CorpseFemale_Hanging_04_70289b78fbb72873_2,19203.668,40592.125,-717.3563,,50.0,Blueprint,10.0 HP,,,,True,,
SceneComponent,BP_SoundTrap_Corpse_Fem_Hung05a_C,BP_Corpse_Hung_01a_C_0,-13756.829,14323.359,-1769.7584,,50.0,Blueprint,10.0 HP,,,,True,,
SceneComponent,BP_SoundTrap_Corpse_Fem_Hung05a_C,BP_Corpse_Hung_01a_C_UAID_00FF8EFC2BEFFE6C02_1993709908,-13864.043,9831.764,-1740.2046,,50.0,Blueprint,10.0 HP,,,,True,,
SceneComponent,BP_SoundTrap_Corpse_Fem_Hung05a_C,BP_SoundTrap_Corpse_Fem_Hung05a_C_2306,-15564.531,36673.402,-25.828856,,50.0,Blueprint,10.0 HP,,,,True,,
SceneComponent,BP_SoundTrap_Corpse_Fem_Hung05a_C,BP_SoundTrap_Corpse_Fem_Hung05a_C_5,9954.303,10130.278,-1676.1492,,50.0,Blueprint,10.0 HP,,,,True,,
SceneComponent,BP_SoundTrap_Corpse_Fem_Hung05a_C,BP_SoundTrap_Corpse_Fem_Hung05a_C_UAID_00FF8EFC2BEF5D8202_129128160f00dfd4_1728908083,39548.492,15681.747,-2188.4285,,50.0,Blueprint,10.0 HP,,,,True,,
SceneComponent,BP_SoundTrap_Corpse_Fem_Hung05a_C,BP_SoundTrap_Corpse_Fem_Hung05a_C_UAID_04D9F5F93AD5B13E02_11158c6f7229cdc0_1291634936,4132.7056,11669.609,-2309.1128,,50.0,Blueprint,10.0 HP,,,,True,,
SceneComponent,BP_SoundTrap_Corpse_Fem_Hung05a_C,BP_SoundTrap_Corpse_Fem_Hung05a_C_UAID_04D9F5F93AD5B53F02_40332391da5e1e80_1355422889,-3729.4497,13277.105,-1982.0802,,50.0,Blueprint,10.0 HP,,,,True,,
SceneComponent,BP_SoundTrap_Corpse_Fem_Hung05a_C,BP_SoundTrap_Corpse_Fem_Hung05a_C_dca082373cf3e830_0,18149.395,-2179.8813,-755.81537,,50.0,Blueprint,10.0 HP,,,,True,,
SceneComponent,BP_SoundTrap_Corpse_Fem_Hung05a_C,UNP_BP_SoundTrap_Corpse_Fem_Hung01a_2de73ab1dbba8b5c_0,26269.883,2629.6292,-633.76135,,50.0,Blueprint,10.0 HP,,,,True,,
SceneComponent,BP_SoundTrap_Corpse_Fem_Hung05a_C,UNP_BP_SoundTrap_Corpse_Fem_Hung01a_48a1b6cd764c4f8e_0,-26264.44,41926.207,331.93903,,50.0,Blueprint,10.0 HP,,,,True,,
SceneComponent,BP_SoundTrap_Corpse_Fem_Hung05a_C,UNP_BP_SoundTrap_Corpse_Fem_Hung01a_577fd48184060440_0,45547.723,4005.9956,-995.19714,,50.0,Blueprint,10.0 HP,,,,True,,
SceneComponent,BP_SoundTrap_Corpse_Fem_Hung05a_C,UNP_BP_SoundTrap_Corpse_Fem_Hung01a_5d91645fa52ba595_0,12500.795,7026.746,-1601.133,,50.0,Blueprint,10.0 HP,,,,True,,
SceneComponent,BP_SoundTrap_Corpse_Fem_Hung05a_C,UNP_BP_SoundTrap_Corpse_Fem_Hung01a_696ebfb879a48552_0,19867.758,10253.666,-1668.0581,,50.0,Blueprint,10.0 HP,,,,True,,
SceneComponent,BP_SoundTrap_Corpse_Fem_Hung05a_C,UNP_BP_SoundTrap_Corpse_Fem_Hung01a_UAID_04687488249415B302_067538a4a975e719_1764570631,-79528.24,-45693.867,-796.43536,,50.0,Blueprint,10.0 HP,,,,True,,
SceneComponent,BP_SoundTrap_Corpse_Fem_Hung05a_C,UNP_BP_SoundTrap_Corpse_Fem_Hung01a_UAID_04687488249415B302_28dfaf69cd5986be_1764570631,-68281.266,33720.918,477.8412,,50.0,Blueprint,10.0 HP,,,,True,,
SceneComponent,BP_SoundTrap_Corpse_Fem_Hung05a_C,UNP_BP_SoundTrap_Corpse_Fem_Hung01a_UAID_04687488249415B302_30791b7cfa1a96e9_1764570631,-83592.03,-55755.88,-1031.9979,,50.0,Blueprint,10.0 HP,,,,True,,
SceneComponent,BP_SoundTrap_Corpse_Fem_Hung05a_C,UNP_BP_SoundTrap_Corpse_Fem_Hung01a_UAID_04687488249415B302_48f494e7442bfe39_1764570631,-51756.7,90881.15,-371.39862,,50.0,Blueprint,10.0 HP,,,,True,,
SceneComponent,BP_SoundTrap_Corpse_Fem_Hung05a_C,UNP_BP_SoundTrap_Corpse_Fem_Hung01a_UAID_04687488249415B302_78fb629afb2a31e2_1764570631,-84975.71,-51042.734,-932.9345,,50.0,Blueprint,10.0 HP,,,,True,,
SceneComponent,BP_SoundTrap_Corpse_Fem_Hung05a_C,UNP_BP_SoundTrap_Corpse_Fem_Hung01a_UAID_04687488249415B302_b3585c0b23f7b273_1764570631,-78671.09,-52106.56,-934.7386,,50.0,Blueprint,10.0 HP,,,,True,,
SceneComponent,BP_SoundTrap_Corpse_Fem_Hung05a_C,UNP_BP_SoundTrap_Corpse_Fem_Hung01a_UAID_04687488249415B302_e454552d2ccc2ea8_1764570631,-51847.484,86317.586,-429.8271,,50.0,Blueprint,10.0 HP,,,,True,,
SceneComponent,BP_SoundTrap_Corpse_Fem_Hung05a_C,UNP_BP_SoundTrap_Corpse_Fem_Hung01a_da6bcadec5464152_0,16405.02,46403.344,-868.5494,,50.0,Blueprint,10.0 HP,,,,True,,
SceneComponent,BP_SoundTrap_Corpse_Fem_Hung05a_C,UNP_BP_SoundTrap_Corpse_Fem_Hung01a_e23e4cc96537ed68_0,34321.49,9279.052,-1366.6392,,50.0,Blueprint,10.0 HP,,,,True,,
SceneComponent,BP_SoundTrap_Corpse_Fem_Hung05a_C,UNP_BP_SoundTrap_Corpse_Fem_Hung01a_e8e890071666e736_0,43575.926,6395.749,-972.52405,,50.0,Blueprint,10.0 HP,,,,True,,
SceneComponent,BP_SoundTrap_Corpse_Fem_Hung05a_C,UNP_BP_SoundTrap_Corpse_Fem_Hung05a_7e945ee4210d475d_0,48977.336,5518.33,-927.8852,,50.0,Blueprint,10.0 HP,,,,True,,
SceneComponent,BP_SoundTrap_Corpse_Fem_Hung05a_C,UNP_BP_SoundTrap_Corpse_Fem_Hung05a_8d74ee310e6406d5_0,25757.21,19024.623,-2601.6428,,50.0,Blueprint,10.0 HP,,,,True,,
SceneComponent,BP_SoundTrap_Corpse_Fem_Hung05a_C,UNP_BP_SoundTrap_Corpse_Fem_Hung05a_be84b45a7f1a85a5_0,44340.906,27816.72,-2155.679,,50.0,Blueprint,10.0 HP,,,,True,,
SceneComponent,BP_SoundTrap_Corpse_Male_C,BP_SoundTrap_Corpse_Male_C_172,14421.896,9824.375,-1271.1007,,50.0,Blueprint,10.0 HP,,,,True,,
SceneComponent,BP_SoundTrap_Corpse_Male_C,UNP_BP_SoundTrap_Corpse_Male_Hung01a_28f6925f2bba127d_0,29541.393,14879.5205,-1418.5272,,50.0,Blueprint,10.0 HP,,,,True,,
SceneComponent,BP_SoundTrap_Corpse_Male_C,UNP_BP_SoundTrap_Corpse_Male_Hung01a_8418679c8d07a0f0_0,9893.774,-8559.37,-407.44168,,50.0,Blueprint,10.0 HP,,,,True,,
SceneComponent,BP_SoundTrap_Corpse_Male_C,UNP_NT_CorpseMale_Hanging_01_285d8d0438310b65_0,27063.58,46477.44,-1482.954,,50.0,Blueprint,10.0 HP,,,,True,,
SceneComponent,BP_SoundTrap_Corpse_Male_C,UNP_NT_CorpseMale_Hanging_01_48587e268a079417_0,37194.6,36920.87,-806.27515,,50.0,Blueprint,10.0 HP,,,,True,,
SceneComponent,BP_SoundTrap_Corpse_Male_C,UNP_NT_CorpseMale_Hanging_01_70289b78fbb72873_0,19323.836,40792.348,-901.3334,,50.0,Blueprint,10.0 HP,,,,True,,
SceneComponent,BP_SoundTrap_Corpse_Male_C,UNP_NT_CorpseMale_Hanging_01_b24b83461a382783_0,10363.459,21822.285,-1359.7808,,50.0,Blueprint,10.0 HP,,,,True,,
SceneComponent,BP_SoundTrap_Corpse_Male_C,UNP_NT_CorpseMale_Hanging_01_bcce546c1dc183c6_0,-647.0719,15399.626,-1424.0088,,50.0,Blueprint,10.0 HP,,,,True,,
SceneComponent,BP_SoundTrap_Corpse_Male_C,UNP_NT_CorpseMale_Hanging_01_e8d7c584448c3be6_0,-2722.0967,11339.933,-1358.9773,,50.0,Blueprint,10.0 HP,,,,True,,
SceneComponent,BP_SoundTrap_Corpse_Male_C,UNP_NT_CorpseMale_Hanging_02_70289b78fbb72873_1,18610.852,40781.535,-530.9953,,50.0,Blueprint,10.0 HP,,,,True,,
SceneComponent,BP_SoundTrap_Corpse_Male_Hung01a_C,BP_SoundTrap_Corpse_Male_Hung01a_C_UAID_D843AE1A93E5ED4002_1825096627,-1345.9717,12784.421,-1453.2169,,50.0,Blueprint,10.0 HP,,,,True,,
SceneComponent,BP_SoundTrap_Crow_C,BP_SoundTrap_Crow_C_UAID_046874882494A69802_68e0512c24d92e8f_1247360809,14421.02,17384.645,-1832.1365,,20.0,Blueprint,10.0 HP,,,,False,,
SceneComponent,BP_SoundTrap_Crow_C,BP_SoundTrap_Crow_C_UAID_581CF8B72315E15302_22fc08a0348b273e_1194610187,-16803.236,10666.734,-1604.2361,,20.0,Blueprint,10.0 HP,,,,False,,
SceneComponent,BP_SoundTrap_Crow_C,BP_SoundTrap_Crow_C_UAID_581CF8B72315E15302_92e280a728d5ffe0_1194610187,-10502.746,-11048.582,-1169.3579,,20.0,Blueprint,10.0 HP,,,,False,,
SceneComponent,BP_SoundTrap_Crow_C,UNP_BP_SoundTrap_Crow1_UAID_046874882494977D02_be6a6beac2196855_1269204605,10416.755,32673.443,-1721.4259,,20.0,Blueprint,10.0 HP,,,,False,,
SceneComponent,BP_SoundTrap_Crow_C,UNP_BP_SoundTrap_Crow2_UAID_046874882494977D02_be6a6beac2196855_1269207606,10997.596,32667.975,-1743.7964,,20.0,Blueprint,10.0 HP,,,,False,,
SceneComponent,BP_SoundTrap_Crow_C,UNP_BP_SoundTrap_Crow3_UAID_046874882494977D02_be6a6beac2196855_1269194602,11074.895,32682.217,-1720.7715,,20.0,Blueprint,10.0 HP,,,,False,,
SceneComponent,BP_SoundTrap_Crow_C,UNP_BP_SoundTrap_Crow4_UAID_046874882494977D02_be6a6beac2196855_1269200604,11128.174,32704.467,-1727.6104,,20.0,Blueprint,10.0 HP,,,,False,,
SceneComponent,BP_SoundTrap_Crow_C,UNP_BP_SoundTrap_Crow_UAID_046874882494977D02_be6a6beac2196855_1269197603,10312.724,32737.062,-1724.6874,,20.0,Blueprint,10.0 HP,,,,False,,
SceneComponent,BP_SoundTrap_Crow_Group_01a_C,UNP_BP_SoundTrap_Crow_Group_01a_4ce91daf0bc48ef7_0,48849.957,6094.5186,-899.4516,,20.0,Blueprint,10.0 HP,,,,False,,
SceneComponent,BP_SoundTrap_Crow_Group_01a_C,UNP_BP_SoundTrap_Crow_Group_01a_UAID_04687488249456B902_40332391da5e1e80_1371871528,-3709.8032,10138.521,-1923.632,,20.0,Blueprint,10.0 HP,,,,False,,
SceneComponent,BP_SoundTrap_Crow_Group_01a_C,UNP_BP_SoundTrap_Crow_Group_01a_UAID_04687488249456B902_40332391da5e1e80_1372591592,-2131.851,12205.392,-1971.348,,20.0,Blueprint,10.0 HP,,,,False,,
SceneComponent,BP_SoundTrap_Crow_Group_01a_C,UNP_BP_SoundTrap_Crow_Group_01a_UAID_046874882494A69802_68e0512c24d92e8f_1374769190,13313.525,17735.363,-1961.569,,20.0,Blueprint,10.0 HP,,,,False,,
SceneComponent,BP_SoundTrap_Crow_Group_01a_C,UNP_BP_SoundTrap_Crow_Group_01a_UAID_046874882494A69802_68e0512c24d92e8f_1375407255,12090.63,17493.959,-1971.569,,20.0,Blueprint,10.0 HP,,,,False,,
SceneComponent,BP_SoundTrap_Crow_Group_01a_C,UNP_BP_SoundTrap_Crow_Group_01a_fa054b17f483d895_0,10027.036,43203.88,-1682.6653,,20.0,Blueprint,10.0 HP,,,,False,,
SceneComponent,BP_SoundTrap_Crow_Line_01a_C,BP_SoundTrap_Crow_Line_01a_C_UAID_581CF8B72315765402_68e0512c24d92e8f_2140171210,14405.114,21967.121,-1972.5872,,20.0,Blueprint,10.0 HP,,,,False,,
SceneComponent,BP_SoundTrap_Crow_Line_01a_C,UNP_BP_SoundTrap_Crow_Group_0c4a395128255718_0,33356.87,26801.875,-2043.884,,20.0,Blueprint,10.0 HP,,,,False,,
SceneComponent,BP_SoundTrap_Crow_Line_01a_C,UNP_BP_SoundTrap_Crow_Group_177821f8cc439078_0,45194.766,37289.617,-2154.344,,20.0,Blueprint,10.0 HP,,,,False,,
SceneComponent,BP_SoundTrap_Crow_Line_01a_C,UNP_BP_SoundTrap_Crow_Group_20be282554d74a06_0,36595.402,20020.635,-1919.9363,,20.0,Blueprint,10.0 HP,,,,False,,
SceneComponent,BP_SoundTrap_Crow_Line_01a_C,UNP_BP_SoundTrap_Crow_Group_3c479fce8f300235_0,16688.654,17354.773,-1693.5798,,20.0,Blueprint,10.0 HP,,,,False,,
SceneComponent,BP_SoundTrap_Crow_Line_01a_C,UNP_BP_SoundTrap_Crow_Group_4f37d2d447a4527a_0,27369.016,47299.84,-2039.7275,,20.0,Blueprint,10.0 HP,,,,False,,
SceneComponent,BP_SoundTrap_Crow_Line_01a_C,UNP_BP_SoundTrap_Crow_Group_59260faf16184c7f_0,46407.906,23007.307,-1711.6583,,20.0,Blueprint,10.0 HP,,,,False,,
SceneComponent,BP_SoundTrap_Crow_Line_01a_C,UNP_BP_SoundTrap_Crow_Group_5d82f0cdd1342ff7_0,-25967.877,16013.434,-1187.4928,,20.0,Blueprint,10.0 HP,,,,False,,
SceneComponent,BP_SoundTrap_Crow_Line_01a_C,UNP_BP_SoundTrap_Crow_Group_6109cd50845a0a66_0,-2630.2314,4528.934,-2174.9736,,20.0,Blueprint,10.0 HP,,,,False,,
SceneComponent,BP_SoundTrap_Crow_Line_01a_C,UNP_BP_SoundTrap_Crow_Group_6bcadbab27372973_0,-22984.355,18745.385,-1337.9607,,20.0,Blueprint,10.0 HP,,,,False,,
SceneComponent,BP_SoundTrap_Crow_Line_01a_C,UNP_BP_SoundTrap_Crow_Group_77266e783006d0c8_0,32717.23,26409.613,-2042.2024,,20.0,Blueprint,10.0 HP,,,,False,,
SceneComponent,BP_SoundTrap_Crow_Line_01a_C,UNP_BP_SoundTrap_Crow_Group_7f2a906014faaf57_0,-22839.658,40732.992,390.29617,,20.0,Blueprint,10.0 HP,,,,False,,
SceneComponent,BP_SoundTrap_Crow_Line_01a_C,UNP_BP_SoundTrap_Crow_Group_800038a3281b1ab0_0,-17820.549,11666.274,-1646.3071,,20.0,Blueprint,10.0 HP,,,,False,,
SceneComponent,BP_SoundTrap_Crow_Line_01a_C,UNP_BP_SoundTrap_Crow_Group_8483c9b2d5d61a8d_0,34033.137,23637.342,-2523.098,,20.0,Blueprint,10.0 HP,,,,False,,
SceneComponent,BP_SoundTrap_Crow_Line_01a_C,UNP_BP_SoundTrap_Crow_Group_94f12a794227d030_0,48917.07,10109.188,-954.2779,,20.0,Blueprint,10.0 HP,,,,False,,
SceneComponent,BP_SoundTrap_Crow_Line_01a_C,UNP_BP_SoundTrap_Crow_Group_UAID_046874882494089902_3f0e6d0dd4e4221e_1094299618,-25330.346,13271.251,-1023.25433,,20.0,Blueprint,10.0 HP,,,,False,,
SceneComponent,BP_SoundTrap_Crow_Line_01a_C,UNP_BP_SoundTrap_Crow_Group_UAID_046874882494089902_3f0e6d0dd4e4221e_1096600210,-30458.55,12126.069,-1009.6592,,20.0,Blueprint,10.0 HP,,,,False,,
SceneComponent,BP_SoundTrap_Crow_Line_01a_C,UNP_BP_SoundTrap_Crow_Group_UAID_046874882494089902_3f0e6d0dd4e4221e_1098387775,-25734.355,14493.231,-1023.25433,,20.0,Blueprint,10.0 HP,,,,False,,
SceneComponent,BP_SoundTrap_Crow_Line_01a_C,UNP_BP_SoundTrap_Crow_Group_UAID_046874882494089902_3f0e6d0dd4e4221e_1100832110,-26520.453,10808.919,-994.9105,,20.0,Blueprint,10.0 HP,,,,False,,
SceneComponent,BP_SoundTrap_Crow_Line_01a_C,UNP_BP_SoundTrap_Crow_Group_UAID_046874882494089902_3f0e6d0dd4e4221e_1100909130,-28060.787,10516.562,-1009.65924,,20.0,Blueprint,10.0 HP,,,,False,,
SceneComponent,BP_SoundTrap_Crow_Line_01a_C,UNP_BP_SoundTrap_Crow_Group_UAID_046874882494089902_3f0e6d0dd4e4221e_1107998046,-30031.793,11351.81,-1009.6592,,20.0,Blueprint,10.0 HP,,,,False,,
SceneComponent,BP_SoundTrap_Crow_Line_01a_C,UNP_BP_SoundTrap_Crow_Group_UAID_04687488249436BB02_fce76c5a11c947db_1729191594,7784.84,13289.76,-1602.5488,,20.0,Blueprint,10.0 HP,,,,False,,
SceneComponent,BP_SoundTrap_Crow_Line_01a_C,UNP_BP_SoundTrap_Crow_Group_UAID_046874882494499B02_35f6576d0925a26d_1878674619,-1837.0422,16544.727,-1771.3545,,20.0,Blueprint,10.0 HP,,,,False,,
SceneComponent,BP_SoundTrap_Crow_Line_01a_C,UNP_BP_SoundTrap_Crow_Group_UAID_046874882494A69802_68e0512c24d92e8f_1240222958,7606.008,21703.275,-1671.7931,,20.0,Blueprint,10.0 HP,,,,False,,
SceneComponent,BP_SoundTrap_Crow_Line_01a_C,UNP_BP_SoundTrap_Crow_Group_UAID_046874882494A69802_68e0512c24d92e8f_1240533982,7125.546,21472.02,-1674.9946,,20.0,Blueprint,10.0 HP,,,,False,,
SceneComponent,BP_SoundTrap_Crow_Line_01a_C,UNP_BP_SoundTrap_Crow_Group_a6189d3859fa4699_0,1708.4135,39629.65,-785.6247,,20.0,Blueprint,10.0 HP,,,,False,,
SceneComponent,BP_SoundTrap_Crow_Line_01a_C,UNP_BP_SoundTrap_Crow_Group_a759ff2d33deaee4_0,45962.637,10261.078,-1158.602,,20.0,Blueprint,10.0 HP,,,,False,,
SceneComponent,BP_SoundTrap_Crow_Line_01a_C,UNP_BP_SoundTrap_Crow_Group_aaa12f5f2b011421_0,41070.65,37175.98,-1710.6749,,20.0,Blueprint,10.0 HP,,,,False,,
SceneComponent,BP_SoundTrap_Crow_Line_01a_C,UNP_BP_SoundTrap_Crow_Group_b817fcdc0a237099_0,18240.879,27043.191,-1506.669,,20.0,Blueprint,10.0 HP,,,,False,,
SceneComponent,BP_SoundTrap_Crow_Line_01a_C,UNP_BP_SoundTrap_Crow_Group_bd2ac70bfb1ac33e_0,36998.176,25450.238,-2537.7075,,20.0,Blueprint,10.0 HP,,,,False,,
SceneComponent,BP_SoundTrap_Crow_Line_01a_C,UNP_BP_SoundTrap_Crow_Group_bff31c3b06aab40a_0,-30231.506,14451.004,-1228.6232,,20.0,Blueprint,10.0 HP,,,,False,,
SceneComponent,BP_SoundTrap_Crow_Line_01a_C,UNP_BP_SoundTrap_Crow_Group_dc77a9ab4fc1fc7e_0,31277.822,25344.537,-2021.8636,,20.0,Blueprint,10.0 HP,,,,False,,
SceneComponent,BP_SoundTrap_Crow_Line_01a_C,UNP_BP_SoundTrap_Crow_Group_f49a6223c9515bbe_0,48356.523,6192.241,-849.5208,,20.0,Blueprint,10.0 HP,,,,False,,
SceneComponent,BP_SoundTrap_Crow_Line_01a_C,UNP_BP_SoundTrap_Crow_Group_f51fcb877d2514e8_0,46736.406,1959.0377,-763.6416,,20.0,Blueprint,10.0 HP,,,,False,,
SceneComponent,BP_SoundTrap_Crow_Line_01a_C,UNP_BP_SoundTrap_Crow_Line_01a_0a7ee7667ed74173_0,48984.14,59350.586,-1443.3135,,20.0,Blueprint,10.0 HP,,,,False,,
SceneComponent,BP_SoundTrap_Crow_Line_01a_C,UNP_BP_SoundTrap_Crow_Line_01a_2105ce9e9bd84c85_0,-16119.927,18427.955,-1294.3203,,20.0,Blueprint,10.0 HP,,,,False,,
SceneComponent,BP_SoundTrap_Crow_Line_01a_C,UNP_BP_SoundTrap_Crow_Line_01a_2a1f3adcfe748eec_0,-11432.605,21880.107,-1226.0013,,20.0,Blueprint,10.0 HP,,,,False,,
SceneComponent,BP_SoundTrap_Crow_Line_01a_C,UNP_BP_SoundTrap_Crow_Line_01a_41c063f55d0d8740_0,-3056.0408,20230.895,-1691.5703,,20.0,Blueprint,10.0 HP,,,,False,,
SceneComponent,BP_SoundTrap_Crow_Line_01a_C,UNP_BP_SoundTrap_Crow_Line_01a_44bd0a433df2d845_0,31448.537,26358.516,-1997.5212,,20.0,Blueprint,10.0 HP,,,,False,,
SceneComponent,BP_SoundTrap_Crow_Line_01a_C,UNP_BP_SoundTrap_Crow_Line_01a_468db053dfdd8bdd_0,44603.07,18565.4,-1821.5537,,20.0,Blueprint,10.0 HP,,,,False,,
SceneComponent,BP_SoundTrap_Crow_Line_01a_C,UNP_BP_SoundTrap_Crow_Line_01a_550e99df7eb52f40_0,-22345.768,21176.152,-877.53656,,20.0,Blueprint,10.0 HP,,,,False,,
SceneComponent,BP_SoundTrap_Crow_Line_01a_C,UNP_BP_SoundTrap_Crow_Line_01a_644841562d022851_0,44540.55,11133.838,-1366.2977,,20.0,Blueprint,10.0 HP,,,,False,,
SceneComponent,BP_SoundTrap_Crow_Line_01a_C,UNP_BP_SoundTrap_Crow_Line_01a_6ba91f0fe5ec27a3_0,35380.117,54400.37,-1910.7355,,20.0,Blueprint,10.0 HP,,,,False,,
SceneComponent,BP_SoundTrap_Crow_Line_01a_C,UNP_BP_SoundTrap_Crow_Line_01a_6c827a49ed79ad49_0,3575.3286,34355.957,-1295.4105,,20.0,Blueprint,10.0 HP,,,,False,,
SceneComponent,BP_SoundTrap_Crow_Line_01a_C,UNP_BP_SoundTrap_Crow_Line_01a_85e13950c92def88_0,30218.904,56369.312,-1864.6112,,20.0,Blueprint,10.0 HP,,,,False,,
SceneComponent,BP_SoundTrap_Crow_Line_01a_C,UNP_BP_SoundTrap_Crow_Line_01a_87b4e9dfe9ebb31c_0,-4092.9155,20728.754,-1638.5873,,20.0,Blueprint,10.0 HP,,,,False,,
SceneComponent,BP_SoundTrap_Crow_Line_01a_C,UNP_BP_SoundTrap_Crow_Line_01a_9a3acad4c4b37247_0,-15452.497,24517.713,-732.5199,,20.0,Blueprint,10.0 HP,,,,False,,
SceneComponent,BP_SoundTrap_Crow_Line_01a_C,UNP_BP_SoundTrap_Crow_Line_01a_9dc6f83e0875171b_0,2788.4802,26457.076,-1537.7076,,20.0,Blueprint,10.0 HP,,,,False,,
SceneComponent,BP_SoundTrap_Crow_Line_01a_C,UNP_BP_SoundTrap_Crow_Line_01a_UAID_046874882494977D02_be6a6beac2196855_1270685784,10694.629,31907.758,-1546.1483,,20.0,Blueprint,10.0 HP,,,,False,,
SceneComponent,BP_SoundTrap_Crow_Line_01a_C,UNP_BP_SoundTrap_Crow_Line_01a_a74ba0f14770aeeb_0,-6083.2495,21553.799,-1480.5082,,20.0,Blueprint,10.0 HP,,,,False,,
SceneComponent,BP_SoundTrap_Crow_Line_01a_C,UNP_BP_SoundTrap_Crow_Line_01a_b24b6faa7c547f97_0,29713.018,58122.66,-1790.9352,,20.0,Blueprint,10.0 HP,,,,False,,
SceneComponent,BP_SoundTrap_Crow_Line_01a_C,UNP_BP_SoundTrap_Crow_Line_01a_c6c4ef8a95abbbdb_0,-18165.186,22345.766,-695.3843,,20.0,Blueprint,10.0 HP,,,,False,,
SceneComponent,BP_SoundTrap_Crow_Line_01a_C,UNP_BP_SoundTrap_Crow_Line_01a_c751e3c6ad786504_0,45322.457,18161.635,-1406.9414,,20.0,Blueprint,10.0 HP,,,,False,,
SceneComponent,BP_SoundTrap_Crow_Line_01a_C,UNP_BP_SoundTrap_Crow_Line_01a_cce29339c1a7d5d6_0,10350.088,40690.062,-1292.8611,,20.0,Blueprint,10.0 HP,,,,False,,
SceneComponent,BP_SoundTrap_Crow_Line_01a_C,UNP_BP_SoundTrap_Crow_Line_01a_fff152065d50a3af_0,29295.041,31449.863,-859.1622,,20.0,Blueprint,10.0 HP,,,,False,,
SceneComponent,BP_SoundTrap_Crow_Line_01a_C,UNP_BP_SoundTrap_Crow_Line_UAID_0468748824945BB902_11158c6f7229cdc0_1690470704,3326.7063,10409.265,-1675.0195,,20.0,Blueprint,10.0 HP,,,,False,,
SceneComponent,BP_SoundTrap_Crow_Line_01a_C,UNP_BP_SoundTrap_Crow_Line_UAID_0468748824945BB902_11158c6f7229cdc0_1692920865,4860.552,9590.285,-1675.0195,,20.0,Blueprint,10.0 HP,,,,False,,
SceneComponent,BP_SoundTrap_Crow_Line_01a_C,UNP_ChildActor_48587e268a079417_0,36506.566,37034.85,-608.1911,,20.0,Blueprint,10.0 HP,,,,False,,
SceneComponent,BP_SoundTrap_Ground_Glass_C,BP_SoundTrap_Ground_Glass_C_2fa6262d75ac1966_1,39385.035,16902.299,-2166.6597,,50.0,Blueprint,,,,,,,
SceneComponent,BP_SoundTrap_Ground_Glass_C,BP_SoundTrap_Ground_Glass_C_2fa6262d75ac1966_314,39450.805,16617.047,-1615.1754,,50.0,Blueprint,,,,,,,
SceneComponent,BP_SoundTrap_Ground_Glass_C,BP_SoundTrap_Ground_Glass_C_4481ef720ae1ae21_486,-11235.867,-7611.3745,-1476.1865,,50.0,Blueprint,,,,,,,
SceneComponent,BP_SoundTrap_Ground_Glass_C,BP_SoundTrap_Ground_Glass_C_68479541b25a7529_646,25168.475,44636.074,-1753.5852,,50.0,Blueprint,,,,,,,
SceneComponent,BP_SoundTrap_Ground_Glass_C,BP_SoundTrap_Ground_Glass_C_UAID_00FF8EFC2BEF1C6B02_3f0e6d0dd4e4221e_1421475413,-25777.053,13411.232,-1321.958,,50.0,Blueprint,,,,,,,
SceneComponent,BP_SoundTrap_Ground_Glass_C,BP_SoundTrap_Ground_Glass_C_UAID_00FF8EFC2BEF1C6B02_3f0e6d0dd4e4221e_1430369414,-27717.625,14717.582,-1320.9562,,50.0,Blueprint,,,,,,,
SceneComponent,BP_SoundTrap_Ground_Glass_C,BP_SoundTrap_Ground_Glass_C_UAID_00FF8EFC2BEF1C6B02_3f0e6d0dd4e4221e_1447095415,-25856.033,12562.972,-1321.958,,50.0,Blueprint,,,,,,,
SceneComponent,BP_SoundTrap_Ground_Glass_C,BP_SoundTrap_Ground_Glass_C_UAID_00FF8EFC2BEF5F8202_2fa6262d75ac1966_1735823886,40051.37,17034.58,-2166.6597,,50.0,Blueprint,,,,,,,
SceneComponent,BP_SoundTrap_Ground_Glass_C,BP_SoundTrap_Ground_Glass_C_UAID_00FF8EFC2BEFC3D302_fee95617eaee0162_2038006866,34825.223,-5694.8257,652.897,,50.0,Blueprint,,,,,,,
SceneComponent,BP_SoundTrap_Ground_Glass_C,BP_SoundTrap_Ground_Glass_C_UAID_00FF8EFC2BEFC3D302_fee95617eaee0162_2045695886,34044.066,-3296.7559,167.1907,,50.0,Blueprint,,,,,,,
SceneComponent,BP_SoundTrap_Ground_Glass_C,BP_SoundTrap_Ground_Glass_C_UAID_00FF8EFC2BEFC3D302_fee95617eaee0162_2045697887,33902.3,-3248.831,159.83295,,50.0,Blueprint,,,,,,,
SceneComponent,BP_SoundTrap_Ground_Glass_C,BP_SoundTrap_Ground_Glass_C_UAID_00FF8EFC2BEFC3D302_fee95617eaee0162_2045700890,33895.695,-3495.8367,137.48445,,50.0,Blueprint,,,,,,,
SceneComponent,BP_SoundTrap_Ground_Glass_C,BP_SoundTrap_Ground_Glass_C_UAID_00FF8EFC2BEFC3D302_fee95617eaee0162_2045722904,36097.953,-4732.6934,139.4429,,50.0,Blueprint,,,,,,,
SceneComponent,BP_SoundTrap_Ground_Glass_C,UNP_BP_SoundTrap_Ground_Glass1_75f24b53c5c4d0ce_10,-18094.188,41319.68,726.73517,,50.0,Blueprint,,,,,,,
SceneComponent,BP_SoundTrap_Ground_Glass_C,UNP_BP_SoundTrap_Ground_Glass1_ae54c015e4f59828_2,-28679.066,13622.161,-1313.1201,,50.0,Blueprint,,,,,,,
SceneComponent,BP_SoundTrap_Ground_Glass_C,UNP_BP_SoundTrap_Ground_Glass2_4980766c61eef4cd_5,-4366.1245,10747.344,-1556.4907,,50.0,Blueprint,,,,,,,
SceneComponent,BP_SoundTrap_Ground_Glass_C,UNP_BP_SoundTrap_Ground_Glass2_ae54c015e4f59828_3,-28454.953,12789.887,-1313.1201,,50.0,Blueprint,,,,,,,
SceneComponent,BP_SoundTrap_Ground_Glass_C,UNP_BP_SoundTrap_Ground_Glass_4980766c61eef4cd_3,-4482.4707,10889.691,-1966.4907,,50.0,Blueprint,,,,,,,
SceneComponent,BP_SoundTrap_Ground_Glass_C,UNP_BP_SoundTrap_Ground_Glass_75f24b53c5c4d0ce_9,-18480.201,41378.99,726.73517,,50.0,Blueprint,,,,,,,
SceneComponent,BP_SoundTrap_Ground_Glass_C,UNP_BP_SoundTrap_Ground_Glass_7e945ee4210d475d_0,48696.13,5182.6675,-919.16296,,50.0,Blueprint,,,,,,,
SceneComponent,BP_SoundTrap_Ground_Glass_C,UNP_BP_SoundTrap_Ground_Glass_8d74ee310e6406d5_0,25456.195,18706.605,-2592.9204,,50.0,Blueprint,,,,,,,
SceneComponent,BP_SoundTrap_Ground_Glass_C,UNP_BP_SoundTrap_Ground_Glass_C_11c294cc824aeaf3_1,25400.69,15920.947,-2596.3696,,50.0,Blueprint,,,,,,,
SceneComponent,BP_SoundTrap_Ground_Glass_C,UNP_BP_SoundTrap_Ground_Glass_UAID_04687488249400B902_4980766c61eef4cd_1704011040,-5144.373,10417.976,-1967.2977,,50.0,Blueprint,,,,,,,
SceneComponent,BP_SoundTrap_Ground_Glass_C,UNP_BP_SoundTrap_Ground_Glass_UAID_04687488249400B902_4980766c61eef4cd_1705673086,-4720.8,11256.234,-1966.4907,,50.0,Blueprint,,,,,,,
SceneComponent,BP_SoundTrap_Ground_Glass_C,UNP_BP_SoundTrap_Ground_Glass_UAID_04687488249400B902_4980766c61eef4cd_1718707470,-5251.539,10813.02,-1966.4907,,50.0,Blueprint,,,,,,,
SceneComponent,BP_SoundTrap_Ground_Glass_C,UNP_BP_SoundTrap_Ground_Glass_UAID_04687488249400B902_4980766c61eef4cd_1720709493,-3423.8318,10815.085,-1996.4907,,50.0,Blueprint,,,,,,,
SceneComponent,BP_SoundTrap_Ground_Glass_C,UNP_BP_SoundTrap_Ground_Glass_UAID_046874882494069902_ae54c015e4f59828_2096144545,-28116.305,12630.083,-1311.2004,,50.0,Blueprint,,,,,,,
SceneComponent,BP_SoundTrap_Ground_Glass_C,UNP_BP_SoundTrap_Ground_Glass_UAID_046874882494069902_ae54c015e4f59828_2096258547,-27555.076,12997.43,-867.6655,,50.0,Blueprint,,,,,,,
SceneComponent,BP_SoundTrap_Ground_Glass_C,UNP_BP_SoundTrap_Ground_Glass_UAID_0468748824941A9902_5bce2d7608ceaeda_1786532632,10699.059,18779.646,-1998.3461,,50.0,Blueprint,,,,,,,
SceneComponent,BP_SoundTrap_Ground_Glass_C,UNP_BP_SoundTrap_Ground_Glass_UAID_046874882494209602_285d8d0438310b65_1844962976,26748.654,46980.36,-2121.0088,,50.0,Blueprint,,,,,,,
SceneComponent,BP_SoundTrap_Ground_Glass_C,UNP_BP_SoundTrap_Ground_Glass_UAID_046874882494209602_b24b83461a382783_1844962976,9770.242,21836.451,-1997.8354,,50.0,Blueprint,,,,,,,
SceneComponent,BP_SoundTrap_Ground_Glass_C,UNP_BP_SoundTrap_Ground_Glass_UAID_046874882494209602_bcce546c1dc183c6_1844962976,-54.271557,15373.267,-2062.0635,,50.0,Blueprint,,,,,,,
SceneComponent,BP_SoundTrap_Ground_Glass_C,UNP_BP_SoundTrap_Ground_Glass_UAID_046874882494209602_e8d7c584448c3be6_1844962976,-2128.8235,11351.501,-1997.0321,,50.0,Blueprint,,,,,,,
SceneComponent,BP_SoundTrap_Ground_Glass_C,UNP_BP_SoundTrap_Ground_Glass_UAID_046874882494359A02_68479541b25a7529_1287523109,25251.896,44382.883,-2607.4568,,50.0,Blueprint,,,,,,,
SceneComponent,BP_SoundTrap_Ground_Glass_C,UNP_BP_SoundTrap_Ground_Glass_UAID_046874882494359A02_68479541b25a7529_1288432120,24804.898,44909.06,-2113.6172,,50.0,Blueprint,,,,,,,
SceneComponent,BP_SoundTrap_Ground_Glass_C,UNP_BP_SoundTrap_Ground_Glass_UAID_046874882494359A02_68479541b25a7529_1288520122,25840.312,44750.06,-2114.277,,50.0,Blueprint,,,,,,,
SceneComponent,BP_SoundTrap_Ground_Glass_C,UNP_BP_SoundTrap_Ground_Glass_UAID_0468748824944D9B02_039ab8d01f784483_1449654240,-22530.852,23986.377,-903.6148,,50.0,Blueprint,,,,,,,
SceneComponent,BP_SoundTrap_Ground_Glass_C,UNP_BP_SoundTrap_Ground_Glass_UAID_0468748824944D9B02_3059d67b4bbc9d72_1449654240,9385.915,-1494.4482,-1169.2157,,50.0,Blueprint,,,,,,,
SceneComponent,BP_SoundTrap_Ground_Glass_C,UNP_BP_SoundTrap_Ground_Glass_UAID_0468748824944D9B02_3d7e79e141461900_1449654240,-17510.514,-2961.8125,-1839.0028,,50.0,Blueprint,,,,,,,
SceneComponent,BP_SoundTrap_Ground_Glass_C,UNP_BP_SoundTrap_Ground_Glass_UAID_0468748824944E8902_4481ef720ae1ae21_1244979141,-9484.528,-5899.6567,-1476.65,,50.0,Blueprint,,,,,,,
SceneComponent,BP_SoundTrap_Ground_Glass_C,UNP_BP_SoundTrap_Ground_Glass_UAID_0468748824944E8902_4481ef720ae1ae21_1245192143,-10847.105,-7473.239,-1969.2251,,50.0,Blueprint,,,,,,,
SceneComponent,BP_SoundTrap_Ground_Glass_C,UNP_BP_SoundTrap_Ground_Glass_UAID_0468748824944E8902_4481ef720ae1ae21_1245411145,-11125.921,-5918.6895,-1969.15,,50.0,Blueprint,,,,,,,
SceneComponent,BP_SoundTrap_Ground_Glass_C,UNP_BP_SoundTrap_Ground_Glass_UAID_0468748824944E8902_4481ef720ae1ae21_1245625147,-12114.718,-6293.6826,-1125.6954,,50.0,Blueprint,,,,,,,
SceneComponent,BP_SoundTrap_Ground_Glass_C,UNP_BP_SoundTrap_Ground_Glass_UAID_0468748824944E8902_4481ef720ae1ae21_1245845149,-9312.35,-7053.717,-980.2079,,50.0,Blueprint,,,,,,,
SceneComponent,BP_SoundTrap_Ground_Glass_C,UNP_BP_SoundTrap_Ground_Glass_UAID_0468748824944E8902_4481ef720ae1ae21_1246059151,-9944.317,-7455.5796,-979.0749,,50.0,Blueprint,,,,,,,
SceneComponent,BP_SoundTrap_Ground_Glass_C,UNP_BP_SoundTrap_Ground_Glass_UAID_0468748824944E8902_4481ef720ae1ae21_1250033170,-10520.851,-7155.9507,-980.4336,,50.0,Blueprint,,,,,,,
SceneComponent,BP_SoundTrap_Ground_Glass_C,UNP_BP_SoundTrap_Ground_Glass_UAID_0468748824944E8902_4481ef720ae1ae21_1250256172,-9335.765,-6406.6655,-1968.8795,,50.0,Blueprint,,,,,,,
SceneComponent,BP_SoundTrap_Ground_Glass_C,UNP_BP_SoundTrap_Ground_Glass_UAID_0468748824944E8902_4481ef720ae1ae21_1250478174,-10218.53,-7361.131,-1968.9495,,50.0,Blueprint,,,,,,,
SceneComponent,BP_SoundTrap_Ground_Glass_C,UNP_BP_SoundTrap_Ground_Glass_UAID_0468748824945BB902_11158c6f7229cdc0_1689222664,5758.769,9814.348,-1761.9364,,50.0,Blueprint,,,,,,,
SceneComponent,BP_SoundTrap_Ground_Glass_C,UNP_BP_SoundTrap_Ground_Glass_UAID_0468748824945C9802_2f00d91e4ecd5bd9_1873094826,10637.801,23018.598,-1974.6005,,50.0,Blueprint,,,,,,,
SceneComponent,BP_SoundTrap_Ground_Glass_C,UNP_BP_SoundTrap_Ground_Glass_UAID_0468748824945C9802_2f00d91e4ecd5bd9_1873165828,10733.261,23001.844,-1623.6005,,50.0,Blueprint,,,,,,,
SceneComponent,BP_SoundTrap_Ground_Glass_C,UNP_BP_SoundTrap_Ground_Glass_UAID_0468748824945C9802_612b8435ec5bfafe_1873094826,-4874.536,13530.27,-1996.9696,,50.0,Blueprint,,,,,,,
SceneComponent,BP_SoundTrap_Ground_Glass_C,UNP_BP_SoundTrap_Ground_Glass_UAID_0468748824945C9802_612b8435ec5bfafe_1873165828,-4778.477,13517.386,-1645.9696,,50.0,Blueprint,,,,,,,
SceneComponent,BP_SoundTrap_Ground_Glass_C,UNP_BP_SoundTrap_Ground_Glass_UAID_0468748824945C9802_a60450cc09cd4878_1873094826,-665.64233,17471.213,-2062.4995,,50.0,Blueprint,,,,,,,
SceneComponent,BP_SoundTrap_Ground_Glass_C,UNP_BP_SoundTrap_Ground_Glass_UAID_0468748824945C9802_a60450cc09cd4878_1873165828,-761.39294,17486.219,-1711.4995,,50.0,Blueprint,,,,,,,
SceneComponent,BP_SoundTrap_Ground_Glass_C,UNP_BP_SoundTrap_Ground_Glass_UAID_0468748824945D9802_31b34140d09411f6_1723774797,-18272.467,44129.08,351.1818,,50.0,Blueprint,,,,,,,
SceneComponent,BP_SoundTrap_Ground_Glass_C,UNP_BP_SoundTrap_Ground_Glass_UAID_0468748824945D9802_85570c7134ea172a_1723774797,-3253.1736,16459.77,-1996.0231,,50.0,Blueprint,,,,,,,
SceneComponent,BP_SoundTrap_Ground_Glass_C,UNP_BP_SoundTrap_Ground_Glass_UAID_0468748824945E9802_02262a5d03e70a69_2081317854,15590.532,22287.598,-1997.2035,,50.0,Blueprint,,,,,,,
SceneComponent,BP_SoundTrap_Ground_Glass_C,UNP_BP_SoundTrap_Ground_Glass_UAID_0468748824945E9802_25ca934595595c8c_2081317854,37523.883,23922.426,-2312.1833,,50.0,Blueprint,,,,,,,
SceneComponent,BP_SoundTrap_Ground_Glass_C,UNP_BP_SoundTrap_Ground_Glass_UAID_0468748824945E9802_51a1ca1d1dfeb498_2081317854,-28512.732,15327.19,-1317.1713,,50.0,Blueprint,,,,,,,
SceneComponent,BP_SoundTrap_Ground_Glass_C,UNP_BP_SoundTrap_Ground_Glass_UAID_0468748824945E9802_68311c2d437c6b8f_2081317854,24093.057,46386.8,-2124.2966,,50.0,Blueprint,,,,,,,
SceneComponent,BP_SoundTrap_Ground_Glass_C,UNP_BP_SoundTrap_Ground_Glass_UAID_046874882494609802_6bd21faec174208a_1817922249,8211.875,21129.355,-1989.0844,,50.0,Blueprint,,,,,,,
SceneComponent,BP_SoundTrap_Ground_Glass_C,UNP_BP_SoundTrap_Ground_Glass_UAID_046874882494619802_c1357729720cf173_1321644373,14307.069,21373.44,-1960.5175,,50.0,Blueprint,,,,,,,
SceneComponent,BP_SoundTrap_Ground_Glass_C,UNP_BP_SoundTrap_Ground_Glass_UAID_04687488249470B202_fff152065d50a3af_1749030299,29197.354,31630.105,-1240.3665,,50.0,Blueprint,,,,,,,
SceneComponent,BP_SoundTrap_Ground_Glass_C,UNP_BP_SoundTrap_Ground_Glass_UAID_04687488249472B202_4b003ba387a57fa1_2060491437,18839.61,-4183.795,-744.70636,,50.0,Blueprint,,,,,,,
SceneComponent,BP_SoundTrap_Ground_Glass_C,UNP_BP_SoundTrap_Ground_Glass_UAID_04687488249475B202_dca082373cf3e830_2037385995,20287.03,-3894.3008,-756.32715,,50.0,Blueprint,,,,,,,
SceneComponent,BP_SoundTrap_Ground_Glass_C,UNP_BP_SoundTrap_Ground_Glass_UAID_046874882494789602_2b1cf6401ef78c3e_2056276812,14548.236,19581.512,-2033.3658,,50.0,Blueprint,,,,,,,
SceneComponent,BP_SoundTrap_Ground_Glass_C,UNP_BP_SoundTrap_Ground_Glass_UAID_046874882494789602_2b1cf6401ef78c3e_2056564818,15221.451,19759.695,-1635.4873,,50.0,Blueprint,,,,,,,
SceneComponent,BP_SoundTrap_Ground_Glass_C,UNP_BP_SoundTrap_Ground_Glass_UAID_046874882494789602_2b1cf6401ef78c3e_2056634820,15501.374,18816.336,-1635.4874,,50.0,Blueprint,,,,,,,
SceneComponent,BP_SoundTrap_Ground_Glass_C,UNP_BP_SoundTrap_Ground_Glass_UAID_046874882494789602_2b1cf6401ef78c3e_2057825870,15359.0625,19695.744,-1974.2317,,50.0,Blueprint,,,,,,,
SceneComponent,BP_SoundTrap_Ground_Glass_C,UNP_BP_SoundTrap_Ground_Glass_UAID_046874882494789602_8120ab00ad815ff9_2056276812,12848.419,20833.477,-2036.592,,50.0,Blueprint,,,,,,,
SceneComponent,BP_SoundTrap_Ground_Glass_C,UNP_BP_SoundTrap_Ground_Glass_UAID_046874882494789602_8120ab00ad815ff9_2056564818,12204.347,20979.297,-1638.7135,,50.0,Blueprint,,,,,,,
SceneComponent,BP_SoundTrap_Ground_Glass_C,UNP_BP_SoundTrap_Ground_Glass_UAID_046874882494789602_8120ab00ad815ff9_2057825870,12019.863,20764.818,-1977.4578,,50.0,Blueprint,,,,,,,
SceneComponent,BP_SoundTrap_Ground_Glass_C,UNP_BP_SoundTrap_Ground_Glass_UAID_046874882494829A02_68e0512c24d92e8f_1230593587,12431.302,19299.877,-1987.4438,,50.0,Blueprint,,,,,,,
SceneComponent,BP_SoundTrap_Ground_Glass_C,UNP_BP_SoundTrap_Ground_Glass_UAID_046874882494829A02_68e0512c24d92e8f_1230598589,13487.979,18667.834,-1990.0181,,50.0,Blueprint,,,,,,,
SceneComponent,BP_SoundTrap_Ground_Glass_C,UNP_BP_SoundTrap_Ground_Glass_UAID_046874882494829A02_68e0512c24d92e8f_1230617597,12668.734,19405.57,-1637.6221,,50.0,Blueprint,,,,,,,
SceneComponent,BP_SoundTrap_Ground_Glass_C,UNP_BP_SoundTrap_Ground_Glass_UAID_046874882494A69802_68e0512c24d92e8f_1249514917,12943.49,21433.559,-1999.0541,,50.0,Blueprint,,,,,,,
SceneComponent,BP_SoundTrap_Ground_Glass_C,UNP_BP_SoundTrap_Ground_Glass_UAID_046874882494AFB302_eb580424d23ccad1_1651169350,47587.28,-6586.99,107.49136,,50.0,Blueprint,,,,,,,
SceneComponent,BP_SoundTrap_Ground_Glass_C,UNP_BP_SoundTrap_Ground_Glass_UAID_046874882494AFB302_eb580424d23ccad1_1651332352,47384.78,-6772.6567,107.49137,,50.0,Blueprint,,,,,,,
SceneComponent,BP_SoundTrap_Ground_Glass_C,UNP_BP_SoundTrap_Ground_Glass_UAID_046874882494B3B302_b672bb6c668a37ab_2013634412,-16254.757,40229.758,600.8939,,50.0,Blueprint,,,,,,,
SceneComponent,BP_SoundTrap_Ground_Glass_C,UNP_BP_SoundTrap_Ground_Glass_UAID_046874882494B4B302_75f24b53c5c4d0ce_1270238585,-18042.371,38792.96,1196.627,,50.0,Blueprint,,,,,,,
SceneComponent,BP_SoundTrap_Ground_Glass_C,UNP_BP_SoundTrap_Ground_Glass_UAID_046874882494B4B302_75f24b53c5c4d0ce_1270377587,-17496.393,39875.18,1196.7639,,50.0,Blueprint,,,,,,,
SceneComponent,BP_SoundTrap_Ground_Glass_C,UNP_BP_SoundTrap_Ground_Glass_UAID_046874882494B4B302_75f24b53c5c4d0ce_1270514589,-17411.094,39336.555,2036.0056,,50.0,Blueprint,,,,,,,
SceneComponent,BP_SoundTrap_Ground_Glass_C,UNP_BP_SoundTrap_Ground_Glass_UAID_046874882494B4B302_75f24b53c5c4d0ce_1270649591,-17701.75,40083.965,2036.0056,,50.0,Blueprint,,,,,,,
SceneComponent,BP_SoundTrap_Ground_Glass_C,UNP_BP_SoundTrap_Ground_Glass_UAID_046874882494B4B302_75f24b53c5c4d0ce_1270786593,-18384.25,38883.492,2036.0056,,50.0,Blueprint,,,,,,,
SceneComponent,BP_SoundTrap_Ground_Glass_C,UNP_BP_SoundTrap_Ground_Glass_UAID_046874882494B4B302_75f24b53c5c4d0ce_1276919634,-17875.408,40045.08,1196.6335,,50.0,Blueprint,,,,,,,
SceneComponent,BP_SoundTrap_Ground_Glass_C,UNP_BP_SoundTrap_Ground_Glass_UAID_046874882494B4B302_75f24b53c5c4d0ce_1277053636,-18003.617,39280.73,726.6316,,50.0,Blueprint,,,,,,,
SceneComponent,BP_SoundTrap_Ground_Glass_C,UNP_BP_SoundTrap_Ground_Glass_UAID_046874882494B4B302_75f24b53c5c4d0ce_1277189638,-17566.297,39046.332,726.6316,,50.0,Blueprint,,,,,,,
SceneComponent,BP_SoundTrap_Ground_Glass_C,UNP_BP_SoundTrap_Ground_Glass_UAID_046874882494B4B302_75f24b53c5c4d0ce_1277326640,-17943.293,39765.727,2477.223,,50.0,Blueprint,,,,,,,
SceneComponent,BP_SoundTrap_Ground_Glass_C,UNP_BP_SoundTrap_Ground_Glass_UAID_046874882494B4B302_75f24b53c5c4d0ce_1277468642,-17327.078,39829.05,2876.6633,,50.0,Blueprint,,,,,,,
SceneComponent,BP_SoundTrap_Ground_Glass_C,UNP_BP_SoundTrap_Ground_Glass_UAID_046874882494B4B302_75f24b53c5c4d0ce_1277607644,-18404.264,40834.504,726.6276,,50.0,Blueprint,,,,,,,
SceneComponent,BP_SoundTrap_Ground_Glass_C,UNP_BP_SoundTrap_Ground_Glass_UAID_046874882494B4B302_75f24b53c5c4d0ce_1277746646,-18227.209,39039.527,2876.7397,,50.0,Blueprint,,,,,,,
SceneComponent,BP_SoundTrap_Ground_Glass_C,UNP_BP_SoundTrap_Ground_Glass_UAID_046874882494B4B302_75f24b53c5c4d0ce_1337988195,-18394.537,40679.387,1091.7358,,50.0,Blueprint,,,,,,,
SceneComponent,BP_SoundTrap_Ground_Glass_C,UNP_BP_SoundTrap_Ground_Glass_UAID_046874882494DB9A02_2fa6262d75ac1966_2083405066,39972.684,16316.538,-2168.0876,,50.0,Blueprint,,,,,,,
SceneComponent,BP_SoundTrap_Ground_Glass_C,UNP_BP_SoundTrap_Ground_Glass_UAID_046874882494DD9A02_129128160f00dfd4_1600869203,39748.26,14929.624,-2178.2842,,50.0,Blueprint,,,,,,,
SceneComponent,BP_SoundTrap_Ground_Glass_C,UNP_BP_SoundTrap_Ground_Glass_UAID_046874882494DD9A02_129128160f00dfd4_1600996205,40684.64,16177.579,-2178.2842,,50.0,Blueprint,,,,,,,
SceneComponent,BP_SoundTrap_Ground_Glass_C,UNP_BP_SoundTrap_Ground_Glass_UAID_D843AE1A93E53F4702_252241ead14817b6_2010738114,34169.484,-3399.4753,163.38239,,50.0,Blueprint,,,,,,,
SceneComponent,BP_SoundTrap_Ground_Glass_C,UNP_BP_SoundTrap_Ground_Glass_UAID_D843AE1A93E53F4702_4152a3d757ff633a_2010738114,41064.023,14203.173,-2172.9258,,50.0,Blueprint,,,,,,,
SceneComponent,BP_SoundTrap_Ground_Glass_C,UNP_BP_SoundTrap_Ground_Glass_UAID_D843AE1A93E53F4702_426de5e0ec1a77e2_2010738114,-2616.331,14595.606,-1644.2832,,50.0,Blueprint,,,,,,,
SceneComponent,BP_SoundTrap_Ground_Glass_C,UNP_BP_SoundTrap_Ground_Glass_UAID_D843AE1A93E53F4702_527e1b1c0e7db4a9_2010738114,40478.887,14494.729,-1821.9258,,50.0,Blueprint,,,,,,,
SceneComponent,BP_SoundTrap_Ground_Glass_C,UNP_BP_SoundTrap_Ground_Glass_UAID_D843AE1A93E53F4702_a698965eab4b1f3d_2010738114,-2756.9724,13957.163,-1995.2832,,50.0,Blueprint,,,,,,,
SceneComponent,BP_SoundTrap_Ground_Glass_C,UNP_BP_SoundTrap_Ground_Glass_a6189d3859fa4699_0,1926.0007,39453.977,-1222.1007,,50.0,Blueprint,,,,,,,
SceneComponent,BP_SoundTrap_Ground_Glass_C,UNP_BP_SoundTrap_Ground_Glass_ae54c015e4f59828_1,-26570.998,12152.698,-1313.1201,,50.0,Blueprint,,,,,,,
SceneComponent,BP_SoundTrap_Ground_Glass_C,UNP_PG_CC_Barrels_07_48587e268a079417_0,35968.42,37257.9,-1339.5664,,50.0,Blueprint,,,,,,,
SceneComponent,BP_SoundTrap_Ground_Pottery_C,UNP_BP_SoundTrap_Ground_Pottery_C_11c294cc824aeaf3_0,24310.037,15544.759,-2597.3286,,75.0,Blueprint,,,,,,,
SceneComponent,BP_SouthwestDefenseMap_C,BP_SouthwestDefenseMap_C_UAID_04D9F5F93AD5B56B02_c8da113c42f9b57b_1654998030,-11277.503,43530.445,-97.56057,,,,,,,,,,
SceneComponent,BP_Spawn_Miniboss_01b_C,BP_Spawn_Miniboss_01b_C_68e0512c24d92e8f_1,9921.785,19515.777,-2001.6669,,,,,,,DA_AISpawner_Miniboss,,,
SceneComponent,BP_StoneWallSet_Door_01a_C,UNP_BP_StoneWallSet_Door_01a_4481ef720ae1ae21_0,-9837.311,-4681.388,-1485.5499,,,,,,,,,,
SceneComponent,BP_Trap_Ground_Bleed_C,BP_Trap_Ground_Bleed_C_UAID_046874882494449B02_be84b45a7f1a85a5_1513254064,43753.258,28630.803,-2164.836,,50.0,Blueprint,1.0 HP,,,,,,
SceneComponent,BP_Trap_Ground_Bleed_C,BP_Trap_Ground_Bleed_C_UAID_046874882494449B02_be84b45a7f1a85a5_1513258065,43697.89,29586.441,-2164.2766,,50.0,Blueprint,1.0 HP,,,,,,
SceneComponent,BP_Trap_Ground_Bleed_C,BP_Trap_Ground_Bleed_C_UAID_046874882494449B02_be84b45a7f1a85a5_1513260066,43973.383,28052.941,-2165.71,,50.0,Blueprint,1.0 HP,,,,,,
SceneComponent,BP_Trap_Ground_ExplosiveBleed_C,BP_Trap_Ground_ExplosiveBleed_C_UAID_00FF8EFC2BEFD45502_d7bb368d433e8eb6_1237536284,28357.287,-1886.8942,-1096.2208,,50.0,Blueprint,1.0 HP,,,,,,
SceneComponent,BP_Trap_Ground_ExplosiveBleed_C,BP_Trap_Ground_ExplosiveBleed_C_UAID_00FF8EFC2BEFD45502_d7bb368d433e8eb6_1410034287,27899.176,-1992.4465,-1546.4762,,50.0,Blueprint,1.0 HP,,,,,,
SceneComponent,BP_Trap_Ground_ExplosiveBleed_C,BP_Trap_Ground_ExplosiveBleed_C_UAID_581CF8B72315E99302_70a1cae7777e20a4_1681342742,38791.758,-3686.8533,-2020.0859,,50.0,Blueprint,1.0 HP,,,,,,
SceneComponent,BP_Trap_Ground_ExplosiveBleed_C,BP_Trap_Ground_ExplosiveBleed_C_UAID_581CF8B72315E99302_70a1cae7777e20a4_1681391745,38457.785,-2495.8916,-2012.8977,,50.0,Blueprint,1.0 HP,,,,,,
SceneComponent,BP_Trap_Ground_ExplosiveBleed_C,BP_Trap_Ground_ExplosiveBleed_C_UAID_581CF8B72315E99302_70a1cae7777e20a4_1681401747,37793.223,-1510.3417,-2021.0795,,50.0,Blueprint,1.0 HP,,,,,,
SceneComponent,BP_Trap_Ground_ExplosiveBleed_C,BP_Trap_Ground_ExplosiveBleed_C_UAID_581CF8B72315E99302_70a1cae7777e20a4_1681406748,38195.87,-2545.5735,-2029.5486,,50.0,Blueprint,1.0 HP,,,,,,
SceneComponent,BP_Trap_Ground_Explosive_C,BP_Trap_Ground_Explosive_C_UAID_00FF8EFC2BEFD45502_d7bb368d433e8eb6_1269162285,29338.225,-1504.1271,-519.43915,,50.0,Blueprint,1.0 HP,,,,,,
SceneComponent,BP_Trap_Ground_Explosive_C,BP_Trap_Ground_Explosive_C_UAID_0468748824945BB902_11158c6f7229cdc0_1690856767,6102.457,9603.331,-2247.4534,,50.0,Blueprint,1.0 HP,,,,,,
SceneComponent,BP_Trap_Ground_Explosive_C,BP_Trap_Ground_Explosive_C_UAID_04D9F5F93AD55B4B02_c1357729720cf173_1289643629,14076.958,20977.545,-2310.3835,,50.0,Blueprint,1.0 HP,,,,,,
SceneComponent,BP_Trap_Ground_Explosive_C,BP_Trap_Ground_Explosive_C_UAID_04D9F5F93AD59A6C02_e515a311258b40d3_1095488447,-11002.911,37596.652,-192.31378,,50.0,Blueprint,1.0 HP,,,,,,
SceneComponent,BP_Trap_Ground_Explosive_C,BP_Trap_Ground_Explosive_C_UAID_04D9F5F93AD59A6C02_e515a311258b40d3_1117437448,-10861.097,42412.844,-191.23135,,50.0,Blueprint,1.0 HP,,,,,,
SceneComponent,BP_Trap_Ground_Explosive_C,BP_Trap_Ground_Explosive_C_UAID_04D9F5F93AD59A6C02_e515a311258b40d3_1129265449,-10067.1455,43841.54,-195.92097,,50.0,Blueprint,1.0 HP,,,,,,
SceneComponent,BP_Trap_Ground_Explosive_C,BP_Trap_Ground_Explosive_C_UAID_04D9F5F93AD5FA3502_be6a6beac2196855_1867934732,10497.874,33267.473,-1926.9108,,50.0,Blueprint,1.0 HP,,,,,,
SceneComponent,BP_Trap_Ground_Explosive_C,BP_Trap_Ground_Explosive_C_UAID_04D9F5F93AD5FA3502_be6a6beac2196855_2062591733,9927.317,33180.87,-1937.9861,,50.0,Blueprint,1.0 HP,,,,,,
SceneComponent,BP_Trap_Ground_Explosive_C,BP_Trap_Ground_Explosive_C_UAID_04D9F5F93AD5FA3502_be6a6beac2196855_2094766734,9524.721,32713.602,-1924.6477,,50.0,Blueprint,1.0 HP,,,,,,
SceneComponent,BP_Trap_Ground_Explosive_C,BP_Trap_Ground_Explosive_C_UAID_04D9F5F93AD5FA3502_be6a6beac2196855_2114112735,10183.925,31615.604,-1923.6862,,50.0,Blueprint,1.0 HP,,,,,,
SceneComponent,BP_Trap_Ground_Explosive_C,BP_Trap_Ground_Explosive_C_UAID_04D9F5F93AD5FA3502_be6a6beac2196855_2138918736,11360.605,31795.016,-1913.9534,,50.0,Blueprint,1.0 HP,,,,,,
SceneComponent,BP_Trap_Ground_Explosive_C,BP_Trap_Ground_Explosive_C_UAID_581CF8B72315195002_c1357729720cf173_1781336617,13686.055,21139.53,-2310.5576,,50.0,Blueprint,1.0 HP,,,,,,
SceneComponent,BP_Trapdoor_01a_C,BP_Trapdoor_01a_C_UAID_046874882494829A02_68e0512c24d92e8f_1230619598,13516.418,19106.816,-1645.819,,,,,,,,,,
SceneComponent,BP_Trapdoor_01a_C,UNP_BP_Trapdoor_01a_2fa6262d75ac1966_0,40370.902,16184.724,-1692.9484,,,,,,,,,,
SceneComponent,BP_Trapdoor_01a_C,UNP_ChildActor_UAID_046874882494FE9802_e515a311258b40d3_1775123793,-8729.5205,43157.414,354.63412,,,,,,,,,,
SceneComponent,BP_Trapdoor_01a_C,UNP_ChildActor_UAID_046874882494FE9802_e515a311258b40d3_1778060949,-10821.525,38656.562,352.76773,,,,,,,,,,
SceneComponent,BP_Trapdoor_01a_C,UNP_Trapdoor_01_4481ef720ae1ae21_0,-9800.506,-7269.7964,-983.8009,,,,,,,,,,
SceneComponent,BP_Trapdoor_01a_C,UNP_Trapdoor_01_75f24b53c5c4d0ce_0,-17906.752,38575.42,1191.5583,,,,,,,,,,
SceneComponent,BP_Trapdoor_01a_C,UNP_Trapdoor_01_UAID_046874882494977D02_be6a6beac2196855_1270707798,10913.539,31556.775,-1365.7428,,,,,,,,,,
SceneComponent,BP_Trapdoor_01a_C,UNP_Trapdoor_02_4481ef720ae1ae21_1,-12263.885,-6046.644,-1131.2528,,,,,,,,,,
SceneComponent,BP_Trapdoor_01a_C,UNP_Trapdoor_02_75f24b53c5c4d0ce_1,-18470.705,39360.895,2031.7185,,,,,,,,,,
SceneComponent,BP_Trapdoor_01a_C,UNP_Trapdoor_03_75f24b53c5c4d0ce_2,-17929.031,38731.016,2031.6305,,,,,,,,,,
SceneComponent,BP_Trapdoor_01a_C,UNP_Trapdoor_04_75f24b53c5c4d0ce_3,-18297.209,41059.766,1086.3677,,,,,,,,,,
SceneComponent,BP_Window_195x105_BST_02c_C,BP_Window_Large_03b_C_UAID_046874882494829A02_68e0512c24d92e8f_1230406473,13611.13,19681.705,-1555.1569,,,,10.0 HP,,,,,,
SceneComponent,BP_Window_Ext_Single_07a_C,UNP_BP_Window_Ext_Single_07a2_2fa6262d75ac1966_1,40111.86,15888.018,-1587.7994,,,,,,,,,,
SceneComponent,BP_Window_Ext_Single_07a_C,UNP_BP_Window_Ext_Single_07a_2fa6262d75ac1966_0,39755.688,16194.24,-1595.3932,,,,,,,,,,
SceneComponent,BP_Window_Ext_Single_08a_C,BP_Window_Ext_Single_07a_C_6944a5393d194d48_2,11194.794,20760.115,-1609.0713,,,,,,,,,,
SceneComponent,BP_Window_Ext_Single_08a_C,BP_Window_Ext_Single_08a_C_UAID_046874882494829A02_68e0512c24d92e8f_1230608593,13252.961,19805.01,-1524.9941,,,,,,,,,,
SceneComponent,BP_Window_Ext_Single_08a_C,UNP_BP_Window_Ext_Single_07a3_4481ef720ae1ae21_1,-9973.864,-5508.5454,-1386.65,,,,,,,,,,
SceneComponent,BP_Window_Ext_Single_08a_C,UNP_BP_Window_Ext_Single_07a4_4481ef720ae1ae21_2,-11242.78,-7765.057,-1386.65,,,,,,,,,,
SceneComponent,BP_Window_Ext_Single_08a_C,UNP_BP_Window_Ext_Single_07a_4481ef720ae1ae21_0,-9755.745,-6074.469,-1386.65,,,,,,,,,,
SceneComponent,BP_Window_Large_01a_C,UNP_BP_Window_195x105_BST_02b_4481ef720ae1ae21_0,-9721.142,-7698.064,-906.7697,,,,10.0 HP,,,,,,
SceneComponent,BP_Window_Large_01a_C,UNP_BP_Window_Large_01a1_4481ef720ae1ae21_4,-10701.274,-7181.7026,-906.7697,,,,10.0 HP,,,,,,
SceneComponent,BP_Window_Large_01a_C,UNP_BP_Window_Large_01a2_4481ef720ae1ae21_2,-10351.778,-7784.8335,-906.7697,,,,10.0 HP,,,,,,
SceneComponent,BP_Window_Large_01a_C,UNP_BP_Window_Large_01a2_UAID_04D9F5F93AD5064A02_0c42b2381b479eb1_1629345478,9692.182,18058.383,-1865.8665,,,,10.0 HP,,,,,,
SceneComponent,BP_Window_Large_01a_C,UNP_BP_Window_Large_01a2_UAID_04D9F5F93AD5064A02_0c42b2381b479eb1_1633664491,9506.808,18923.639,-1865.8665,,,,10.0 HP,,,,,,
SceneComponent,BP_Window_Large_01a_C,UNP_BP_Window_Large_01a2_UAID_04D9F5F93AD5064B02_0c42b2381b479eb1_1878804515,9523.189,17669.684,-1861.4646,,,,10.0 HP,,,,,,
SceneComponent,BP_Window_Large_01a_C,UNP_BP_Window_Large_01a2_UAID_04D9F5F93AD55E4A02_0c42b2381b479eb1_1283160491,9075.334,19147.117,-1448.4576,,,,10.0 HP,,,,,,
SceneComponent,BP_Window_Large_01a_C,UNP_BP_Window_Large_01a2_UAID_04D9F5F93AD55E4A02_0c42b2381b479eb1_1486817557,9266.419,17613.842,-1448.5591,,,,10.0 HP,,,,,,
SceneComponent,BP_Window_Large_01a_C,UNP_BP_Window_Large_01a2_UAID_04D9F5F93AD5984C02_0c42b2381b479eb1_1230146717,8620.208,18163.9,-1448.4576,,,,10.0 HP,,,,,,
SceneComponent,BP_Window_Large_01a_C,UNP_BP_Window_Large_01a2_UAID_04D9F5F93AD5B64F02_0c42b2381b479eb1_1758489031,8712.591,17739.11,-1448.4576,,,,10.0 HP,,,,,,
SceneComponent,BP_Window_Large_01a_C,UNP_BP_Window_Large_01a2_UAID_04D9F5F93AD5BD4902_0c42b2381b479eb1_1200754393,9481.617,19026.174,-1448.4576,,,,10.0 HP,,,,,,
SceneComponent,BP_Window_Large_01a_C,UNP_BP_Window_Large_01a2_UAID_04D9F5F93AD5BD4902_0c42b2381b479eb1_1248398592,9560.878,18661.719,-1448.4576,,,,10.0 HP,,,,,,
SceneComponent,BP_Window_Large_01a_C,UNP_BP_Window_Large_01a2_UAID_04D9F5F93AD5BD4902_0c42b2381b479eb1_1260581636,9641.603,18290.537,-1448.4576,,,,10.0 HP,,,,,,
SceneComponent,BP_Window_Large_01a_C,UNP_BP_Window_Large_01a2_UAID_04D9F5F93AD5BD4902_0c42b2381b479eb1_1358984700,9721.764,17921.941,-1448.4576,,,,10.0 HP,,,,,,
SceneComponent,BP_Window_Large_01a_C,UNP_BP_Window_Large_01a3_4481ef720ae1ae21_3,-9092.999,-7611.638,-906.7697,,,,10.0 HP,,,,,,
SceneComponent,BP_Window_Large_01a_C,UNP_BP_Window_Large_01a4_4481ef720ae1ae21_5,-9440.638,-6779.1743,-906.7697,,,,10.0 HP,,,,,,
SceneComponent,BP_Window_Large_01a_C,UNP_BP_Window_Large_01a_4481ef720ae1ae21_1,-10460.562,-6919.628,-906.7697,,,,10.0 HP,,,,,,
SceneComponent,BP_Window_Large_01a_C,UNP_BP_Window_Large_03b10_4980766c61eef4cd_3,-3790.7498,10513.571,-1475.1476,,,,10.0 HP,,,,,,
SceneComponent,BP_Window_Large_01a_C,UNP_BP_Window_Large_03b11_4980766c61eef4cd_4,-3341.6614,10626.062,-1475.1476,,,,10.0 HP,,,,,,
SceneComponent,BP_Window_Large_01a_C,UNP_BP_Window_Large_03b12_4980766c61eef4cd_1,-5533.924,10780.193,-1874.8217,,,,10.0 HP,,,,,,
SceneComponent,BP_Window_Large_01a_C,UNP_BP_Window_Large_03b13_4980766c61eef4cd_1,-4565.099,11646.209,-1480.0,,,,10.0 HP,,,,,,
SceneComponent,BP_Window_Large_01a_C,UNP_BP_Window_Large_03b14_4980766c61eef4cd_5,-3731.322,10525.642,-1885.4996,,,,10.0 HP,,,,,,
SceneComponent,BP_Window_Large_01a_C,UNP_BP_Window_Large_03b3_4980766c61eef4cd_0,-3650.9548,11876.0205,-1480.0,,,,10.0 HP,,,,,,
SceneComponent,BP_Window_Large_01a_C,UNP_BP_Window_Large_03b4_4980766c61eef4cd_0,-4111.0303,11759.585,-1480.0,,,,10.0 HP,,,,,,
SceneComponent,BP_Window_Large_01a_C,UNP_BP_Window_Large_03b5_4980766c61eef4cd_1,-5028.002,11530.258,-1480.0,,,,10.0 HP,,,,,,
SceneComponent,BP_Window_Large_01a_C,UNP_BP_Window_Large_03b6_4980766c61eef4cd_0,-5483.573,11416.143,-1480.0,,,,10.0 HP,,,,,,
SceneComponent,BP_Window_Large_01a_C,UNP_BP_Window_Large_03b7_4980766c61eef4cd_0,-5607.5005,11062.353,-1480.0,,,,10.0 HP,,,,,,
SceneComponent,BP_Window_Large_01a_C,UNP_BP_Window_Large_03b8_4980766c61eef4cd_2,-5170.173,10168.044,-1475.1476,,,,10.0 HP,,,,,,
SceneComponent,BP_Window_Large_01a_C,UNP_BP_Window_Large_03b9_4980766c61eef4cd_1,-4715.7754,10281.864,-1477.6437,,,,10.0 HP,,,,,,
SceneComponent,BP_Window_Large_01a_C,UNP_BP_Window_Large_07a1_68479541b25a7529_1,26322.893,44866.547,-1685.0088,,,,10.0 HP,,,,,,
SceneComponent,BP_Window_Large_01a_C,UNP_BP_Window_Large_07a2_68479541b25a7529_2,24669.158,45147.816,-1668.3226,,,,10.0 HP,,,,,,
SceneComponent,BP_Window_Large_01a_C,UNP_BP_Window_Large_07a_68479541b25a7529_0,25984.377,44539.703,-1685.0088,,,,10.0 HP,,,,,,
SceneComponent,BP_Window_Large_01d_C,UNP_BP_Window_195x105_BST_02b1_4481ef720ae1ae21_0,-9720.585,-7702.1104,-510.15433,,,,10.0 HP,,,,,,
SceneComponent,BP_Window_Large_03b_C,UNP_BP_Window_Large_03b1_4980766c61eef4cd_0,-4095.1528,11764.768,-1888.9907,,,,10.0 HP,,,,,,
SceneComponent,BP_Window_Large_03b_C,UNP_BP_Window_Large_03b1_68479541b25a7529_1,26289.902,44888.875,-2043.0625,,,,10.0 HP,,,,,,
SceneComponent,BP_Window_Large_03b_C,UNP_BP_Window_Large_03b_68479541b25a7529_0,25629.0,44227.973,-2044.5621,,,,10.0 HP,,,,,,
SceneComponent,BP_Window_Large_03c_C,UNP_BP_Window_Large_03b2_4980766c61eef4cd_0,-5022.774,11532.41,-1888.9907,,,,10.0 HP,,,,,,
SceneComponent,BP_Window_Stable_01a_C,BP_Window_Stable_01a_C_UAID_10FFE0F0DC0E97E302_8120ab00ad815ff9_1772255744,11737.017,21077.713,-1575.4917,,,,,,,,,,
SceneComponent,BP_Window_Stable_01a_C,UNP_BP_Window_Stable_01a_4481ef720ae1ae21_0,-9945.773,-6828.8384,-887.21356,,,,,,,,,,
SceneComponent,BP_Window_Stable_02a_C,BP_Window_Ext_Single_08a_C_UAID_046874882494829A02_68e0512c24d92e8f_1230572578,12434.695,19586.549,-1525.0806,,,,,,,,,,
SceneComponent,BP_Window_Stable_02a_C,BP_Window_Ext_Single_08a_C_UAID_046874882494829A02_68e0512c24d92e8f_1230584583,13091.069,18882.31,-1539.654,,,,,,,,,,
SceneComponent,BP_Window_Stable_02a_C,BP_Window_Stable_01a_C_6bd21faec174208a_1,8256.105,19992.623,-1911.3146,,,,,,,,,,
SceneComponent,BP_Window_Stable_02a_C,BP_Window_Stable_02a_C_2b1cf6401ef78c3e_0,14569.229,19344.172,-1886.9574,,,,,,,,,,
SceneComponent,BP_Window_Stable_02a_C,BP_Window_Stable_02a_C_2b1cf6401ef78c3e_2,14887.912,20098.127,-1877.9779,,,,,,,,,,
SceneComponent,BP_Window_Stable_02a_C,BP_Window_Stable_02a_C_2b1cf6401ef78c3e_3,15049.2295,18702.648,-1566.8483,,,,,,,,,,
SceneComponent,BP_Window_Stable_02a_C,BP_Window_Stable_02a_C_75f24b53c5c4d0ce_1,-18526.744,41505.83,821.3008,,,,,,,,,,
SceneComponent,BP_Window_Stable_02a_C,BP_Window_Stable_02a_C_8120ab00ad815ff9_0,12832.614,21071.217,-1890.1836,,,,,,,,,,
SceneComponent,BP_Window_Stable_02a_C,BP_Window_Stable_02a_C_8120ab00ad815ff9_2,12497.546,20324.4,-1881.2041,,,,,,,,,,
SceneComponent,BP_Window_Stable_02a_C,BP_Window_Stable_02a_C_UAID_046874882494829A02_68e0512c24d92e8f_1230580581,13757.767,18706.047,-1875.449,,,,,,,,,,
SceneComponent,BP_Window_Stable_02a_C,BP_Window_Stable_02a_C_UAID_04D9F5F93AD5004B02_2b1cf6401ef78c3e_1982604391,15762.036,18881.467,-1566.8483,,,,,,,,,,
SceneComponent,BP_Window_Stable_02a_C,BP_Window_Stable_02a_C_UAID_04D9F5F93AD5613F02_2f00d91e4ecd5bd9_1386291149,9927.601,22577.828,-1824.9003,,,,,,,,,,
SceneComponent,BP_Window_Stable_02a_C,BP_Window_Stable_02a_C_UAID_04D9F5F93AD5613F02_2f00d91e4ecd5bd9_1386300150,10862.548,23542.48,-1854.8229,,,,,,,,,,
SceneComponent,BP_Window_Stable_02a_C,BP_Window_Stable_02a_C_UAID_04D9F5F93AD5613F02_612b8435ec5bfafe_1386291149,-5566.347,13061.165,-1847.2695,,,,,,,,,,
SceneComponent,BP_Window_Stable_02a_C,BP_Window_Stable_02a_C_UAID_04D9F5F93AD5613F02_612b8435ec5bfafe_1386300150,-4671.139,14062.805,-1877.1921,,,,,,,,,,
SceneComponent,BP_Window_Stable_02a_C,BP_Window_Stable_02a_C_UAID_04D9F5F93AD5613F02_a60450cc09cd4878_1386291149,36.373573,17924.904,-1912.7993,,,,,,,,,,
SceneComponent,BP_Window_Stable_02a_C,BP_Window_Stable_02a_C_UAID_04D9F5F93AD5613F02_a60450cc09cd4878_1386300150,-880.766,16943.307,-1942.7219,,,,,,,,,,
SceneComponent,BP_Window_Stable_02a_C,BP_Window_Stable_02a_C_UAID_04D9F5F93AD5613F02_b9ed3e3c39f77a44_1386291149,41342.734,14782.205,-2023.2256,,,,,,,,,,
SceneComponent,BP_Window_Stable_02a_C,BP_Window_Stable_02a_C_UAID_04D9F5F93AD5613F02_b9ed3e3c39f77a44_1386300150,40263.207,13980.928,-2046.1451,,,,,,,,,,
SceneComponent,BP_Window_Stable_02a_C,BP_Window_Stable_02a_C_UAID_04D9F5F93AD5613F02_ef5e067ba124a252_1386291149,-2127.572,13827.497,-1845.583,,,,,,,,,,
SceneComponent,BP_Window_Stable_02a_C,BP_Window_Stable_02a_C_UAID_04D9F5F93AD5613F02_ef5e067ba124a252_1386300150,-3167.1392,14679.977,-1868.5026,,,,,,,,,,
SceneComponent,BP_Window_Stable_02a_C,BP_Window_Stable_02a_C_UAID_04D9F5F93AD5714902_2b1cf6401ef78c3e_1923659101,15673.086,19146.717,-1877.9779,,,,,,,,,,
SceneComponent,BP_Window_Stable_02a_C,BP_Window_Stable_02a_C_UAID_04D9F5F93AD5714902_8120ab00ad815ff9_1923659101,11733.33,21292.723,-1881.2041,,,,,,,,,,
SceneComponent,BP_Window_Stable_02a_C,BP_Window_Stable_02b_C_UAID_04D9F5F93AD54D5202_6944a5393d194d48_1124844603,11545.758,20133.764,-1654.3058,,,,,,,,,,
SceneComponent,BP_Window_Stable_02a_C,BP_Window_Stable_02b_C_UAID_04D9F5F93AD54D5202_6944a5393d194d48_1136635604,10814.179,19985.018,-1654.3058,,,,,,,,,,
SceneComponent,BP_Window_Stable_02a_C,UNP_BP_Window_Stable_02a2_2fa6262d75ac1966_0,40149.855,17279.89,-1521.1171,,,,,,,,,,
SceneComponent,BP_Window_Stable_02a_C,UNP_BP_Window_Stable_02a3_2fa6262d75ac1966_1,39889.316,17278.986,-1521.1171,,,,,,,,,,
SceneComponent,BP_Window_Stable_02b_C,BP_Window_Stable_02a_C_UAID_04D9F5F93AD5114402_75f24b53c5c4d0ce_1217884911,-18708.26,40913.438,917.4137,,,,,,,,,,
SceneComponent,BP_Window_Stable_02b_C,BP_Window_Stable_02b_C_UAID_04D9F5F93AD5203F02_285d8d0438310b65_1645890561,27531.19,46606.2,-1967.5079,,,,,,,,,,
SceneComponent,BP_Window_Stable_02b_C,BP_Window_Stable_02b_C_UAID_04D9F5F93AD5203F02_b24b83461a382783_1645890561,10513.556,22283.486,-1844.3346,,,,,,,,,,
SceneComponent,BP_Window_Stable_02b_C,BP_Window_Stable_02b_C_UAID_04D9F5F93AD5203F02_bcce546c1dc183c6_1645890561,-806.6199,14941.607,-1908.5626,,,,,,,,,,
SceneComponent,BP_Window_Stable_02b_C,BP_Window_Stable_02b_C_UAID_04D9F5F93AD5203F02_e8d7c584448c3be6_1645890561,-2852.0557,10872.657,-1843.5311,,,,,,,,,,
SceneComponent,BP_Window_Stable_02b_C,BP_Window_Stable_02b_C_c1357729720cf173_1,13900.095,21484.832,-1831.4429,,,,,,,,,,
SceneComponent,BP_Window_Stone_Medium_01a_C,Actor_c1357729720cf173_103,14624.811,21677.105,-1860.5575,,,,10.0 HP,,,,,,
SceneComponent,BP_Window_Stone_Medium_01c_C,Actor_UAID_AC361BEF659467B202_c1357729720cf173_2027147820,13484.909,20957.285,-1487.381,,,,10.0 HP,,,,,,
SceneComponent,BP_Window_Stone_Medium_01c_C,Actor_c1357729720cf173_96,14831.866,20904.365,-1860.5575,,,,10.0 HP,,,,,,
SceneComponent,BP_Window_Stone_Medium_01c_C,UNP_BP_Window_Stone_Medium_03a1_75f24b53c5c4d0ce_0,-18199.227,40321.855,2137.639,,,,10.0 HP,,,,,,
SceneComponent,BP_Window_Stone_Medium_01c_C,UNP_BP_Window_Stone_Medium_03a2_75f24b53c5c4d0ce_2,-18859.848,39543.234,1303.883,,,,10.0 HP,,,,,,
SceneComponent,BP_Window_Stone_Medium_01c_C,UNP_BP_Window_Stone_Medium_03a6_75f24b53c5c4d0ce_3,-17958.08,38461.53,2137.621,,,,10.0 HP,,,,,,
SceneComponent,BP_Window_Stone_Medium_01c_C,UNP_BP_Window_Stone_Medium_03a7_75f24b53c5c4d0ce_5,-17568.889,38440.473,1297.711,,,,10.0 HP,,,,,,
SceneComponent,BP_Window_Stone_Medium_01c_C,UNP_BP_Window_Stone_Medium_03a9_75f24b53c5c4d0ce_4,-16901.092,39797.62,1297.8151,,,,10.0 HP,,,,,,
SceneComponent,BP_Window_Stone_Medium_01c_C,UNP_BP_Window_Stone_Medium_03a_75f24b53c5c4d0ce_1,-16913.566,39313.69,2572.8467,,,,10.0 HP,,,,,,
SceneComponent,BP_Window_Stone_Medium_03c_C,UNP_BP_Window_Stable_01a1_2fa6262d75ac1966_0,39388.348,17282.03,-1507.6733,,,,10.0 HP,,,,,,
SceneComponent,BP_Window_Stone_Medium_03c_C,UNP_BP_Window_Stable_01a2_2fa6262d75ac1966_1,39271.6,16497.18,-1510.5353,,,,10.0 HP,,,,,,
SceneComponent,BP_Window_Stone_Small_01a_C,StaticMeshActor_UAID_04D9F5F93AD5074B02_0c42b2381b479eb1_1225795816,9261.018,17611.832,-944.09344,,,,10.0 HP,,,,,,
SceneComponent,BP_Window_Stone_Small_01a_C,StaticMeshActor_UAID_50EBF6D29969CC5302_0c42b2381b479eb1_1970281297,9597.532,18125.812,-1048.0127,,,,10.0 HP,,,,,,
SceneComponent,BP_Window_Stone_TowerSmall_01a_C,BP_Window_Stone_TowerSmall_01a_C_6bd21faec174208a_0,8406.969,19825.596,-1347.2347,,,,,,,,,,
SceneComponent,BP_Window_Stone_TowerSmall_01a_C,BP_Window_Stone_TowerSmall_01a_C_UAID_04D9F5F93AD5844702_6bd21faec174208a_1517292753,8268.606,21369.166,-922.94543,,,,,,,,,,
SceneComponent,BP_Window_Stone_TowerSmall_01a_C,UNP_BP_Window_Stone_VerySmall_01a1_2fa6262d75ac1966_1,39410.74,16488.746,-1718.7544,,,,,,,,,,
SceneComponent,BP_Window_Stone_TowerSmall_01a_C,UNP_BP_Window_Stone_VerySmall_01a2_2fa6262d75ac1966_2,39360.02,17281.402,-1719.839,,,,,,,,,,
SceneComponent,BP_Window_Stone_TowerSmall_01a_C,UNP_BP_Window_Stone_VerySmall_01a_2fa6262d75ac1966_0,39701.477,17282.2,-1719.839,,,,,,,,,,
SceneComponent,BP_Window_Stone_VerySmall_01a_C,BP_Window_Stone_VerySmall_01a_C_UAID_046874882494829A02_68e0512c24d92e8f_1230557568,13670.077,19449.867,-1510.0148,,,,,,,,,,
SceneComponent,BP_Window_Tavern_01a_C,BP_Window_Tavern_01a_C_UAID_50EBF6D299691F8302_68479541b25a7529_2039333115,26196.695,45380.72,-2125.0088,,,,10.0 HP,,,,,,
SceneComponent,BP_Window_Wood_Medium_01c_C,BP_Window_Stone_Medium_02a_C_2b1cf6401ef78c3e_1,15067.924,20290.934,-1556.2664,,,,10.0 HP,,,,,,
SceneComponent,BP_Window_Wood_Medium_01c_C,BP_Window_Stone_Medium_02a_C_UAID_04D9F5F93AD5FB4B02_2b1cf6401ef78c3e_1406642031,15659.562,19362.232,-1551.7155,,,,10.0 HP,,,,,,
SceneComponent,BP_Window_Wood_Medium_01c_C,UNP_BP_Window_Wood_Medium_01c_68479541b25a7529_0,25469.055,45338.844,-1661.647,,,,10.0 HP,,,,,,
SceneComponent,BP_WoodenDoor_Ext_01a_C,BP_WoodenDoor_Ext_01a_C_UAID_046874882494FE9802_e515a311258b40d3_1762594396,-9643.257,38906.23,-196.00609,Bronze Key,,,,InventoryDefinition_Key'ID_Key_Bronze',,,,,
SceneComponent,BP_WoodenDoor_Ext_01a_C,BP_WoodenDoor_Ext_01a_C_UAID_046874882494FE9802_e515a311258b40d3_1763402415,-12727.416,39817.418,-189.07613,Bronze Key,,,,InventoryDefinition_Key'ID_Key_Bronze',,,,,
SceneComponent,C_BeerBarrels_01a_Spawner_C,C_BeerBarrels_01a_Spawner_C_UAID_581CF8B72315BE9602_adcabc3b77726472_1746189414,37138.77,-19471.762,-4746.2314,Beer Barrel,,,,,Distillery_Small,,,,
SceneComponent,C_BeerBarrels_01a_Spawner_C,LevelInstance_UAID_04D9F5F93AD5CB4902_2b1cf6401ef78c3e_1637503411,14345.889,19719.873,-2034.1017,Beer Barrel,,,,,Distillery_Small,,,,
SceneComponent,C_BeerBarrels_01a_Spawner_C,LevelInstance_UAID_04D9F5F93AD5CB4902_8120ab00ad815ff9_1637503411,13047.698,20690.73,-2037.3278,Beer Barrel,,,,,Distillery_Small,,,,
SceneComponent,C_BeerBarrels_01a_Spawner_C,LevelInstance_UAID_04D9F5F93AD5FE3F02_b9ed3e3c39f77a44_1814389198,40520.555,14718.914,-2172.9258,Beer Barrel,,,,,Distillery_Small,,,,
SceneComponent,C_BeerBarrels_01a_Spawner_C,LevelInstance_UAID_04D9F5F93AD5FE3F02_ef5e067ba124a252_1814389198,-2388.739,14609.657,-1995.2831,Beer Barrel,,,,,Distillery_Small,,,,
SceneComponent,C_BeerBarrels_01a_Spawner_C,LevelInstance_UAID_581CF8B72315965202_0c42b2381b479eb1_1555686981,8765.87,17938.658,-1931.8573,Beer Barrel,,,,,Distillery_Small,,,,
SceneComponent,C_BeerBarrels_01a_Spawner_C,LevelInstance_UAID_581CF8B72315F95102_2b1cf6401ef78c3e_1337508279,15728.403,18745.299,-1635.4874,Beer Barrel,,,,,Distillery_Small,,,,
SceneComponent,C_BeerBarrels_01a_Spawner_C,LevelInstance_eb580424d23ccad1_2,47255.934,-6501.7397,101.46901,Beer Barrel,,,,,Distillery_Small,,,,
SceneComponent,C_BeerBarrels_01a_Spawner_C,UNP_ChildActor_68479541b25a7529_1,24863.07,46501.703,-2115.6802,Beer Barrel,,,,,Distillery_Small,,,,
SceneComponent,C_Cabinet_05a_Spawner_C,C_Cabinet_05a_Spawner_C_2fa6262d75ac1966_1,39776.207,16520.865,-1929.2212,Cabinet,,,,,HighClassCiv_Small,,,,
SceneComponent,C_Cabinet_05a_Spawner_C,C_Cabinet_05a_Spawner_C_UAID_046874882494829A02_68e0512c24d92e8f_1230376453,12209.435,19493.588,-1802.0988,Cabinet,,,,,HighClassCiv_Small,,,,
SceneComponent,C_Cabinet_05a_Spawner_C,C_Cabinet_05a_Spawner_C_UAID_04D9F5F93AD5974C02_0c42b2381b479eb1_1473095418,8724.6875,18443.14,-1734.2174,Cabinet,,,,,HighClassCiv_Small,,,,
SceneComponent,C_Cabinet_05a_Spawner_C,C_Cabinet_05a_Spawner_C_UAID_04D9F5F93AD5BD4A02_2b1cf6401ef78c3e_1966200142,14878.083,19722.607,-1786.4281,Cabinet,,,,,HighClassCiv_Small,,,,
SceneComponent,C_Cabinet_05a_Spawner_C,C_Cabinet_05a_Spawner_C_UAID_04D9F5F93AD5BD4A02_8120ab00ad815ff9_1966200142,12515.57,20699.615,-1789.6542,Cabinet,,,,,HighClassCiv_Small,,,,
SceneComponent,C_Cabinet_05a_Spawner_C,C_Cabinet_05a_Spawner_C_UAID_581CF8B72315905202_0c42b2381b479eb1_1319897247,8994.747,17881.477,-1344.3232,Cabinet,,,,,HighClassCiv_Small,,,,
SceneComponent,C_Cabinet_05a_Spawner_C,C_Cabinet_05a_Spawner_C_UAID_581CF8B72315945202_0c42b2381b479eb1_1176048225,9156.735,19146.812,-1745.7227,Cabinet,,,,,HighClassCiv_Small,,,,
SceneComponent,C_Cabinet_05a_Spawner_C,C_Cabinet_05a_Spawner_C_UAID_581CF8B72315AE5002_2b1cf6401ef78c3e_2079571262,15146.19,19577.848,-1470.0347,Cabinet,,,,,HighClassCiv_Small,,,,
SceneComponent,C_Cabinet_05a_Spawner_C,C_Cabinet_05a_Spawner_C_c1357729720cf173_1,14182.262,21537.828,-1788.9822,Cabinet,,,,,HighClassCiv_Small,,,,
SceneComponent,C_Cabinet_05a_Spawner_C,UNP_C_Cabinet_05a_4980766c61eef4cd_0,-4803.7974,11567.658,-1741.1085,Cabinet,,,,,HighClassCiv_Small,,,,
SceneComponent,C_Cabinet_05a_Spawner_C,UNP_C_Cabinet_05a_4b003ba387a57fa1_0,18736.432,-3851.4614,-512.58136,Cabinet,,,,,HighClassCiv_Small,,,,
SceneComponent,C_Cabinet_05a_Spawner_C,UNP_C_Cabinet_05a_684b6515b932cad9_0,41567.094,-22065.852,-5481.8267,Cabinet,,,,,HighClassCiv_Small,,,,
SceneComponent,C_Cabinet_05a_Spawner_C,UNP_C_Cabinet_05a_Spawner_68479541b25a7529_0,25230.244,44680.74,-1911.402,Cabinet,,,,,HighClassCiv_Small,,,,
SceneComponent,C_Chest_01a_Spawner_C,C_Chest_01a_C_UAID_581CF8B72315935202_0c42b2381b479eb1_1869599036,8593.781,18544.914,-1931.8573,Old Cabinet,,,,,CivilianDresser_Medium,,,,
SceneComponent,C_Chest_01a_Spawner_C,C_Chest_01a_C_UAID_581CF8B72315EC5102_2b1cf6401ef78c3e_1225217387,15632.64,19065.312,-1635.4873,Old Cabinet,,,,,CivilianDresser_Medium,,,,
SceneComponent,C_Chest_01a_Spawner_C,LevelInstance_68479541b25a7529_17,25924.934,45065.305,-1753.1152,Old Cabinet,,,,,CivilianDresser_Medium,,,,
SceneComponent,C_Chest_01a_Spawner_C,UNP_C_Chest_01a1_4980766c61eef4cd_1,-4191.563,10957.919,-1556.4907,Old Cabinet,,,,,CivilianDresser_Medium,,,,
SceneComponent,C_Chest_01a_Spawner_C,UNP_C_Chest_01a2_4980766c61eef4cd_2,-4098.8247,11711.921,-1556.4907,Old Cabinet,,,,,CivilianDresser_Medium,,,,
SceneComponent,C_Chest_01a_Spawner_C,UNP_C_Chest_01a3_4980766c61eef4cd_3,-4545.734,11599.976,-1556.4907,Old Cabinet,,,,,CivilianDresser_Medium,,,,
SceneComponent,C_Chest_01a_Spawner_C,UNP_C_Chest_01a_4980766c61eef4cd_0,-3758.5334,11361.39,-1556.4907,Old Cabinet,,,,,CivilianDresser_Medium,,,,
SceneComponent,C_LI_Bookshelf_Double_01a_Spawner_C,LevelInstance_UAID_581CF8B723158E5202_0c42b2381b479eb1_1627504727,9038.844,17909.45,-1525.2778,Wardrobe,,,,,Civilian_Small,,,,
SceneComponent,C_LI_Bookshelf_Single_01a_Spawner_C,C_LI_Bookshelf_Single_01a_Spawner_C_UAID_D843AE1A93E5A47D02_0c42b2381b479eb1_2125517419,9351.629,18076.307,-1524.958,Wardrobe,,,,,Civilian_Small,,,,
SceneComponent,C_Sideboard_01a_Spawner_C,UNP_C_Sideboard_01a1_4980766c61eef4cd_1,-4321.23,11700.144,-1556.4907,Sideboard Door,,,,,CivilianDresser_Small,,,,
SceneComponent,C_Sideboard_01a_Spawner_C,UNP_C_Sideboard_01a1_UAID_04D9F5F93AD5454102_4980766c61eef4cd_2144012024,-5253.1616,11447.736,-1556.4907,Sideboard Door,,,,,CivilianDresser_Small,,,,
SceneComponent,C_Sideboard_01a_Spawner_C,UNP_C_Sideboard_01a_4980766c61eef4cd_0,-4327.667,11679.8125,-1965.4907,Sideboard Door,,,,,CivilianDresser_Small,,,,
SceneComponent,C_Sideboard_02a_Spawner_C,C_Sideboard_02a_Spawner_C_UAID_046874882494829A02_68e0512c24d92e8f_1230369449,12988.646,18907.498,-1638.5212,Sideboard Door,,,,,CivilianCupboard_Small,,,,
SceneComponent,C_Sideboard_02a_Spawner_C,C_Sideboard_02a_Spawner_C_UAID_046874882494829A02_68e0512c24d92e8f_1230488526,12276.957,18928.64,-1988.3267,Sideboard Door,,,,,CivilianCupboard_Small,,,,
SceneComponent,C_Sideboard_02a_Spawner_C,C_Sideboard_02a_Spawner_C_UAID_04D9F5F93AD5704902_2b1cf6401ef78c3e_2014114260,14993.068,19333.979,-1974.2317,Sideboard Door,,,,,CivilianCupboard_Small,,,,
SceneComponent,C_Sideboard_02a_Spawner_C,C_Sideboard_02a_Spawner_C_UAID_04D9F5F93AD5704902_8120ab00ad815ff9_2014114260,12494.702,20662.434,-1977.4578,Sideboard Door,,,,,CivilianCupboard_Small,,,,
SceneComponent,C_Sideboard_02a_Spawner_C,C_Sideboard_02a_Spawner_C_UAID_04D9F5F93AD5BD4902_0c42b2381b479eb1_1782879776,9450.007,18583.719,-1525.7804,Sideboard Door,,,,,CivilianCupboard_Small,,,,
SceneComponent,C_Sideboard_02a_Spawner_C,UNP_C_Sideboard_02a_Spawner_68479541b25a7529_0,25803.875,44948.23,-1752.6619,Sideboard Door,,,,,CivilianCupboard_Small,,,,
SceneComponent,C_Sideboard_03a_Spawner_C,C_Sideboard_03a_Spawner_C_UAID_04D9F5F93AD5504C02_0c42b2381b479eb1_2070979013,9265.954,18174.006,-1931.8573,Sideboard Door,,,,,CivilianCupboard_Small,,,,
SceneComponent,C_Wardrobe_01a_Spawner_C,C_Wardrobe_01a_Spawner_C_2fa6262d75ac1966_125,39685.863,17143.0,-1615.1738,Wardrobe,,,,,HighClassCiv_Small,,,,
SceneComponent,C_Wardrobe_01a_Spawner_C,C_Wardrobe_01a_Spawner_C_UAID_046874882494829A02_68e0512c24d92e8f_1230466510,12549.233,18895.287,-1637.4425,Wardrobe,,,,,HighClassCiv_Small,,,,
SceneComponent,C_Wardrobe_01a_Spawner_C,C_Wardrobe_01a_Spawner_C_UAID_04D9F5F93AD5BD4902_0c42b2381b479eb1_1796196781,9324.955,19138.318,-1525.2777,Wardrobe,,,,,HighClassCiv_Small,,,,
SceneComponent,C_Wardrobe_01a_Spawner_C,C_Wardrobe_01a_Spawner_C_UAID_581CF8B72315AE5002_2b1cf6401ef78c3e_1669176223,15410.191,20214.104,-1635.4874,Wardrobe,,,,,HighClassCiv_Small,,,,
SceneComponent,C_Wardrobe_01a_Spawner_C,UNP_C_Wardrobe_01a1_4980766c61eef4cd_1,-5483.381,10821.938,-1556.4907,Wardrobe,,,,,HighClassCiv_Small,,,,
SceneComponent,C_Wardrobe_01a_Spawner_C,UNP_C_Wardrobe_01a7_4980766c61eef4cd_2,-3721.0283,11158.612,-1556.4907,Wardrobe,,,,,HighClassCiv_Small,,,,
SceneComponent,C_Wardrobe_01a_Spawner_C,UNP_C_Wardrobe_01a_4980766c61eef4cd_0,-4566.981,10682.098,-1966.4907,Wardrobe,,,,,HighClassCiv_Small,,,,
SceneComponent,C_Wardrobe_01c_Spawner_C,C_Wardrobe_01c_Spawner_C_UAID_08BFB82FEC6A30E302_8120ab00ad815ff9_1532185133,11972.859,20219.852,-1638.7135,Wardrobe,,,,,HighClassCiv_Small,,,,
SceneComponent,C_Wardrobe_02a_Spawner_C,C_Wardrobe_02a_Spawner_C_UAID_04D9F5F93AD5704902_2b1cf6401ef78c3e_1532644212,15476.678,19819.68,-1974.2317,Cupboard,,,,,Civilian_Small,,,,
SceneComponent,C_Wardrobe_02a_Spawner_C,C_Wardrobe_02a_Spawner_C_UAID_04D9F5F93AD5704902_8120ab00ad815ff9_1532644212,12406.367,21077.72,-1977.4578,Cupboard,,,,,Civilian_Small,,,,
SceneComponent,C_Wardrobe_02a_Spawner_C,C_Wardrobe_02a_Spawner_C_UAID_04D9F5F93AD58E4C02_0c42b2381b479eb1_1236768933,9595.133,18272.906,-1931.8573,Cupboard,,,,,Civilian_Small,,,,
SceneComponent,C_Wardrobe_02a_Spawner_C,UNP_C_Wardrobe_02a_4980766c61eef4cd_0,-3590.7688,10669.742,-1966.4907,Cupboard,,,,,Civilian_Small,,,,
SceneComponent,C_Wardrobe_02a_Spawner_C,UNP_C_Wardrobe_02a_a6189d3859fa4699_0,1213.1368,39865.457,-1235.3555,Cupboard,,,,,Civilian_Small,,,,
SceneComponent,ConditionalAreaGate,ConditionalAreaGate_UAID_04D9F5F93AD5349002_fee95617eaee0162_1603508955,32555.521,-9917.514,-977.5646,,,,,,,,,,
SceneComponent,InstancedFoliageActor,InstancedFoliageActor_25600_1_1_-1,38400.0,38400.0,-12800.0,,,,,,,,,,
SceneComponent,Light_Candles_01_Opt_C,UNP_Light_Candles_01_Opt_48587e268a079417_0,36336.883,35755.82,-1289.565,,,,,,,,,,
SceneComponent,Light_Candles_02_C,UNP_Light_Candles_02_UAID_046874882494359A02_68479541b25a7529_1291253196,24620.715,45000.47,-1664.6128,,,,,,,,,,
SceneComponent,Light_Candles_02_C,UNP_Light_Candles_04a2_28f6925f2bba127d_0,29412.15,14686.134,-1757.53,,,,,,,,,,
SceneComponent,Light_Candles_02_C,UNP_Light_Candles_04a2_8418679c8d07a0f0_0,9947.732,-8789.35,-743.92847,,,,,,,,,,
SceneComponent,Light_Candles_02_C,UNP_PG_CC_Barrels_05_48587e268a079417_0,35464.87,36912.242,-1286.6056,,,,,,,,,,
SceneComponent,Light_Candles_02_C,UNP_PG_CC_Barrels_08_48587e268a079417_1,36186.766,37564.992,-1284.6559,,,,,,,,,,
SceneComponent,Light_Candles_04a_C,UNP_Light_Candles_04a1_28f6925f2bba127d_1,29519.957,14708.298,-1480.6125,,,,,,,,,,
SceneComponent,Light_Candles_04a_C,UNP_Light_Candles_04a1_8418679c8d07a0f0_1,9999.623,-8697.53,-465.2285,,,,,,,,,,
SceneComponent,Light_Candles_04a_C,UNP_Light_Candles_04a3_28f6925f2bba127d_0,29415.404,14764.931,-1757.7781,,,,,,,,,,
SceneComponent,Light_Candles_04a_C,UNP_Light_Candles_04a3_8418679c8d07a0f0_0,9895.329,-8730.461,-746.2938,,,,,,,,,,
SceneComponent,Light_Chandelier_03a_Optimized_C,Light_Chandelier_03a_Optimized_C_UAID_04D9F5F93AD5014B02_2b1cf6401ef78c3e_1551442605,15337.455,19318.799,-1360.7708,,,,,,,,,,
SceneComponent,Light_Chandelier_03a_Optimized_C,Light_Chandelier_03a_Optimized_C_UAID_04D9F5F93AD50F4B02_0c42b2381b479eb1_1329883444,9026.563,18826.436,-1596.6277,,,,,,,,,,
SceneComponent,Light_Chandelier_03a_Optimized_C,Light_Chandelier_03a_Optimized_C_UAID_04D9F5F93AD5504C02_0c42b2381b479eb1_2122209019,9189.11,18394.994,-1549.5393,,,,,,,,,,
SceneComponent,Light_Chandelier_03a_Optimized_C,Light_Chandelier_03a_Optimized_C_UAID_04D9F5F93AD5514C02_0c42b2381b479eb1_1530792197,9247.535,17845.658,-1591.8423,,,,,,,,,,
SceneComponent,Light_Chandelier_03a_Optimized_C,Light_Chandelier_03a_Optimized_C_UAID_04D9F5F93AD55E4A02_0c42b2381b479eb1_1435036555,9058.877,18239.975,-1196.6105,,,,,,,,,,
SceneComponent,Light_Chandelier_03a_Optimized_C,Light_Chandelier_03a_Optimized_C_UAID_04D9F5F93AD5714902_2b1cf6401ef78c3e_1613705095,15250.58,19454.031,-1665.0464,,,,,,,,,,
SceneComponent,Light_Chandelier_03a_Optimized_C,Light_Chandelier_03a_Optimized_C_UAID_04D9F5F93AD5714902_8120ab00ad815ff9_1613705095,12149.026,20976.258,-1668.2725,,,,,,,,,,
SceneComponent,Light_Chandelier_03a_Optimized_C,Light_Chandelier_03a_Optimized_C_UAID_04D9F5F93AD5B64F02_0c42b2381b479eb1_1863359095,9230.645,17919.107,-1211.8787,,,,,,,,,,
SceneComponent,Light_Chandelier_03a_Optimized_C,Light_Chandelier_03a_Optimized_C_UAID_04D9F5F93AD5BE4902_0c42b2381b479eb1_1605821042,9153.522,18767.893,-1205.7286,,,,,,,,,,
SceneComponent,Light_Chandelier_03a_Optimized_C,Light_Chandelier_03a_Optimized_C_UAID_581CF8B72315ED5102_2b1cf6401ef78c3e_2021228756,15056.441,19871.121,-1355.2361,,,,,,,,,,
SceneComponent,Light_Lantern_01a_C,Light_Lantern_01a_C_UAID_0468748824944E9B02_11b5b0c7a6f183d8_1422267817,-23470.371,25616.887,-691.0734,,,,,,,,,,
SceneComponent,Light_Lantern_01a_C,Light_Lantern_01a_C_UAID_0468748824944E9B02_f233e748422b1e57_1422267817,7525.765,-1209.6692,-956.6744,,,,,,,,,,
SceneComponent,Light_Lantern_01a_C,Light_Lantern_01a_C_UAID_0468748824944E9B02_faed06f6124ced22_1422267817,-16843.674,-4721.523,-1626.4614,,,,,,,,,,
SceneComponent,Light_Lantern_01a_C,Light_Lantern_01a_C_UAID_046874882494A69802_68e0512c24d92e8f_1403059573,9105.845,19372.572,-1780.5911,,,,,,,,,,
SceneComponent,Light_Lantern_01a_C,Light_Lantern_01a_C_UAID_04D9F5F93AD5313802_c6283cd34eb3a293_1891954289,48738.85,-19218.701,-5989.3306,,,,,,,,,,
SceneComponent,Light_Lantern_01a_C,Light_Lantern_01a_C_UAID_04D9F5F93AD55B4B02_c1357729720cf173_2119490657,14375.118,21172.252,-2110.018,,,,,,,,,,
SceneComponent,Light_Lantern_01a_C,Light_Lantern_01a_C_UAID_04D9F5F93AD5714902_2b1cf6401ef78c3e_1599655093,15672.154,18941.748,-1810.4797,,,,,,,,,,
SceneComponent,Light_Lantern_01a_C,Light_Lantern_01a_C_UAID_04D9F5F93AD5714902_8120ab00ad815ff9_1599655093,11738.736,21497.623,-1813.7058,,,,,,,,,,
SceneComponent,Light_Lantern_01a_C,Light_Lantern_01a_C_UAID_04D9F5F93AD5F83F02_31b34140d09411f6_1582067399,-18422.133,44316.99,562.41205,,,,,,,,,,
SceneComponent,Light_Lantern_01a_C,Light_Lantern_01a_C_UAID_04D9F5F93AD5F83F02_85570c7134ea172a_1582067399,-3454.3137,16591.117,-1784.7927,,,,,,,,,,
SceneComponent,Light_Lantern_01a_C,Light_Lantern_01a_C_UAID_581CF8B72315175002_c1357729720cf173_1550541902,13827.444,21426.688,-2081.5544,,,,,,,,,,
SceneComponent,Light_Lantern_01a_C,Light_Lantern_01a_C_UAID_581CF8B72315AA5002_c1357729720cf173_1437307099,14782.235,20945.582,-2101.6746,,,,,,,,,,
SceneComponent,Light_Lantern_01a_C,Light_Lantern_01a_C_UAID_581CF8B72315AA5002_c1357729720cf173_1797924113,14792.924,21686.85,-2084.847,,,,,,,,,,
SceneComponent,Light_Lantern_01a_C,Light_Lantern_01a_C_c1357729720cf173_1,14318.65,21541.857,-1789.4083,,,,,,,,,,
SceneComponent,Light_Lantern_01a_C,UNP_Light_Lantern_01a1_UAID_046874882494FE9802_e515a311258b40d3_1775104782,-8575.125,43281.793,515.06024,,,,,,,,,,
SceneComponent,Light_Lantern_01a_C,UNP_Light_Lantern_01a1_UAID_046874882494FE9802_e515a311258b40d3_1778047943,-10689.671,38447.375,526.7829,,,,,,,,,,
SceneComponent,Light_Lantern_01a_C,UNP_Light_Lantern_01a_039ab8d01f784483_0,-22011.852,23960.377,-506.1584,,,,,,,,,,
SceneComponent,Light_Lantern_01a_C,UNP_Light_Lantern_01a_3059d67b4bbc9d72_0,9730.403,-1105.3909,-771.7593,,,,,,,,,,
SceneComponent,Light_Lantern_01a_C,UNP_Light_Lantern_01a_31b34140d09411f6_0,-17635.322,44319.63,757.5047,,,,,,,,,,
SceneComponent,Light_Lantern_01a_C,UNP_Light_Lantern_01a_3d7e79e141461900_0,-18018.688,-2853.1958,-1441.5464,,,,,,,,,,
SceneComponent,Light_Lantern_01a_C,UNP_Light_Lantern_01a_48587e268a079417_0,36604.195,37084.99,-1029.2092,,,,,,,,,,
SceneComponent,Light_Lantern_01a_C,UNP_Light_Lantern_01a_85570c7134ea172a_0,-2708.205,16840.918,-1589.7001,,,,,,,,,,
SceneComponent,Light_Lantern_01a_C,UNP_Light_Lantern_01a_UAID_04687488249456B902_40332391da5e1e80_1365031400,-3553.566,15396.178,-1868.8744,,,,,,,,,,
SceneComponent,Light_Lantern_01a_C,UNP_Light_Lantern_01a_UAID_046874882494A69802_68e0512c24d92e8f_1367164957,12812.122,17711.754,-1795.9824,,,,,,,,,,
SceneComponent,Light_Lantern_01a_C,UNP_Light_Lantern_01a_UAID_046874882494A69802_68e0512c24d92e8f_1367686023,7060.8755,19764.941,-1861.1167,,,,,,,,,,
SceneComponent,Light_Lantern_01a_C,UNP_Light_Lantern_01a_UAID_046874882494FE9802_e515a311258b40d3_1775101781,-8575.337,42917.234,25.917587,,,,,,,,,,
SceneComponent,Light_Lantern_01a_C,UNP_Light_Lantern_01a_UAID_046874882494FE9802_e515a311258b40d3_1778039940,-10939.863,38893.14,396.42096,,,,,,,,,,
SceneComponent,Light_Lantern_01b_C,Light_Lantern_01b_C_UAID_046874882494069902_ae54c015e4f59828_2095263498,-28734.125,13723.089,-788.429,,,,,,,,,,
SceneComponent,Light_Lantern_01b_C,Light_Lantern_01b_C_UAID_0468748824945BB902_11158c6f7229cdc0_1691178780,5689.674,9759.904,-2150.6072,,,,,,,,,,
SceneComponent,Light_Lantern_01b_C,Light_Lantern_01b_C_UAID_046874882494A69802_68e0512c24d92e8f_1365879922,11074.893,17967.201,-1862.3436,,,,,,,,,,
SceneComponent,Light_Lantern_01b_C,Light_Lantern_01b_C_UAID_046874882494B3B302_b672bb6c668a37ab_1992582449,-20356.594,41750.8,544.3016,,,,,,,,,,
SceneComponent,Light_Lantern_01b_C,Light_Lantern_01b_C_UAID_581CF8B72315F99802_abfa6e52c4152467_2145213095,37146.562,-20525.148,-5296.062,,,,,,,,,,
SceneComponent,Light_Lantern_01b_C,UNP_Light_Lantern_01b_150853ea8c65ef5f_0,-25894.451,-352.5712,-1964.4121,,,,,,,,,,
SceneComponent,Light_Lantern_01b_C,UNP_Light_Lantern_01b_283447ad8419eb18_0,40815.348,46015.44,-2070.8618,,,,,,,,,,
SceneComponent,Light_Lantern_01c_C,Light_Lantern_01c_C_UAID_0468748824945BB902_11158c6f7229cdc0_1716692101,5182.4595,6695.307,-1843.1715,,,,,,,,,,
SceneComponent,Light_Lantern_01c_C,Light_Lantern_01c_C_UAID_046874882494A17D02_be6a6beac2196855_1137962226,9186.004,33744.145,-1918.4532,,,,,,,,,,
SceneComponent,Light_Lantern_01c_C,Light_Lantern_01c_C_UAID_046874882494A69802_68e0512c24d92e8f_1242725242,13947.51,22120.154,-1769.272,,,,,,,,,,
SceneComponent,Light_Lantern_01c_C,Light_Lantern_01c_C_UAID_04D9F5F93AD5F43002_46788bd73785bd52_2117235342,35965.773,-15957.279,-4303.7715,,,,,,,,,,
SceneComponent,Light_Lantern_01c_C,UNP_Light_Lantern_01c_a6189d3859fa4699_0,1094.4504,40030.906,-913.64734,,,,,,,,,,
SceneComponent,Light_Lantern_01c_C,UNP_Light_Lantern_01c_bc603417abab8b29_0,30191.215,39241.36,-1554.5208,,,,,,,,,,
SceneComponent,Light_Lantern_01d_C,Light_Lantern_01d_C_UAID_04D9F5F93AD5744902_2b1cf6401ef78c3e_1163283756,15287.924,20235.867,-1797.7084,,,,,,,,,,
SceneComponent,Light_Lantern_01d_C,Light_Lantern_01d_C_UAID_04D9F5F93AD5744902_8120ab00ad815ff9_1163283756,12094.623,20195.424,-1800.9344,,,,,,,,,,
SceneComponent,Light_Lantern_01d_C,Light_Lantern_01d_C_UAID_04D9F5F93AD5CD4902_2b1cf6401ef78c3e_1542592845,14426.926,19616.03,-1793.4856,,,,,,,,,,
SceneComponent,Light_Lantern_01d_C,Light_Lantern_01d_C_UAID_04D9F5F93AD5CD4902_8120ab00ad815ff9_1542592845,12968.948,20796.318,-1796.7117,,,,,,,,,,
SceneComponent,Light_Wall_02_C,Light_Wall_02_C_UAID_04D9F5F93AD5084B02_0c42b2381b479eb1_1234879036,9512.433,19124.064,-1583.9675,,,,,,,,,,
SceneComponent,Light_Wall_02_C,Light_Wall_02_C_UAID_04D9F5F93AD5BC4A02_2b1cf6401ef78c3e_1548012846,14945.758,18948.873,-1542.4641,,,,,,,,,,
SceneComponent,Light_Wall_03a_C,Light_Wall_03a_C_UAID_04D9F5F93AD5CB4A02_2b1cf6401ef78c3e_1458224722,14728.037,20252.516,-1602.6019,,,,,,,,,,
SceneComponent,Loot_AmmoBox_Medium_01a_Spawner_C,Con_AmmoBox_01_C_UAID_04D9F5F93AD57B3E02_11158c6f7229cdc0_1143393015,4270.861,11018.174,-2297.352,Munitions Crate,50.0,Blueprint,,,Ammo_Large,,,,
SceneComponent,Loot_AmmoBox_Medium_01a_Spawner_C,Loot_AmmoBox_Medium_01a_Spawner_C_UAID_046874882494A69802_68e0512c24d92e8f_1365497890,8309.245,16525.594,-1803.9878,Munitions Crate,50.0,Blueprint,,,Ammo_Large,,,,
SceneComponent,Loot_AmmoBox_Medium_01a_Spawner_C,Loot_AmmoBox_Medium_01a_Spawner_C_UAID_046874882494FE9802_e515a311258b40d3_1771637640,-10980.706,38177.438,-193.45604,Munitions Crate,50.0,Blueprint,,,Ammo_Large,,,,
SceneComponent,Loot_AmmoBox_Medium_01a_Spawner_C,Loot_AmmoBox_Medium_01a_Spawner_C_UAID_046874882494FE9802_e515a311258b40d3_1773318689,-9528.062,39565.21,-141.69446,Munitions Crate,50.0,Blueprint,,,Ammo_Large,,,,
SceneComponent,Loot_AmmoBox_Medium_01a_Spawner_C,Loot_AmmoBox_Medium_01a_Spawner_C_UAID_581CF8B72315719102_fd9254d4c43048e0_1102430572,47770.734,-16022.164,-6121.398,Munitions Crate,50.0,Blueprint,,,Ammo_Large,,,,
SceneComponent,Loot_AmmoBox_Medium_01a_Spawner_C,Loot_AmmoBox_Medium_01a_Spawner_C_UAID_581CF8B72315725402_68e0512c24d92e8f_1123192974,10438.2295,22334.314,-1994.9103,Munitions Crate,50.0,Blueprint,,,Ammo_Large,,,,
SceneComponent,Loot_AmmoBox_Medium_01a_Spawner_C,Loot_AmmoBox_Medium_01a_Spawner_C_UAID_581CF8B72315769102_d2b622e41626617e_1454998296,43123.176,-15922.905,-5811.3354,Munitions Crate,50.0,Blueprint,,,Ammo_Large,,,,
SceneComponent,Loot_AmmoBox_Medium_01a_Spawner_C,Loot_AmmoBox_Medium_01a_Spawner_C_UAID_581CF8B723158A9002_de45e091666b34fa_1701653557,45277.25,-16304.176,-6315.933,Munitions Crate,50.0,Blueprint,,,Ammo_Large,,,,
SceneComponent,Loot_AmmoBox_Medium_01a_Spawner_C,Loot_AmmoBox_Medium_01a_Spawner_C_UAID_581CF8B72315957E02_129128160f00dfd4_1824818638,41190.086,15150.737,-2178.5742,Munitions Crate,50.0,Blueprint,,,Ammo_Large,,,,
SceneComponent,Loot_AmmoBox_Medium_01a_Spawner_C,Loot_AmmoBox_Medium_01a_Spawner_C_UAID_581CF8B72315A25602_6bd21faec174208a_1516152447,7873.7427,20833.965,-1999.0544,Munitions Crate,50.0,Blueprint,,,Ammo_Large,,,,
SceneComponent,Loot_AmmoBox_Medium_01a_Spawner_C,Loot_AmmoBox_Medium_01a_Spawner_C_UAID_581CF8B72315A68D02_289b204959a58d51_1522862827,36339.406,-19171.957,-7824.3804,Munitions Crate,50.0,Blueprint,,,Ammo_Large,,,,
SceneComponent,Loot_AmmoBox_Medium_01a_Spawner_C,Loot_AmmoBox_Medium_01a_Spawner_C_UAID_581CF8B72315AA5002_c1357729720cf173_2015392123,14625.282,21092.469,-2310.5576,Munitions Crate,50.0,Blueprint,,,Ammo_Large,,,,
SceneComponent,Loot_AmmoBox_Medium_01a_Spawner_C,Loot_AmmoBox_Medium_01a_Spawner_C_UAID_581CF8B72315D68F02_0f7a0ffded9e9812_1836663609,34200.58,-9617.447,-1050.4304,Munitions Crate,50.0,Blueprint,,,Ammo_Large,,,,
SceneComponent,Loot_AmmoBox_Medium_01a_Spawner_C,Loot_AmmoBox_Medium_01a_Spawner_C_UAID_581CF8B72315F48802_d2b622e41626617e_1894789564,42598.82,-15802.341,-5309.449,Munitions Crate,50.0,Blueprint,,,Ammo_Large,,,,
SceneComponent,Loot_AmmoBox_Medium_01a_Spawner_C,UNP_Loot_AmmoBox_Medium_01a_02262a5d03e70a69_0,15284.62,22740.266,-1998.6089,Munitions Crate,50.0,Blueprint,,,Ammo_Large,,,,
SceneComponent,Loot_AmmoBox_Medium_01a_Spawner_C,UNP_Loot_AmmoBox_Medium_01a_0652e36efe70cb34_0,42928.27,38953.875,-2008.8889,Munitions Crate,100.0,Custom,,,Ammo_Large,,,,
SceneComponent,Loot_AmmoBox_Medium_01a_Spawner_C,UNP_Loot_AmmoBox_Medium_01a_150853ea8c65ef5f_0,-25988.436,-406.66122,-2080.7942,Munitions Crate,50.0,Blueprint,,,Ammo_Large,,,,
SceneComponent,Loot_AmmoBox_Medium_01a_Spawner_C,UNP_Loot_AmmoBox_Medium_01a_25ca934595595c8c_0,37762.387,24413.951,-2308.5256,Munitions Crate,50.0,Blueprint,,,Ammo_Large,,,,
SceneComponent,Loot_AmmoBox_Medium_01a_Spawner_C,UNP_Loot_AmmoBox_Medium_01a_25d0212baf162d62_0,8088.65,42726.81,-1704.5178,Munitions Crate,100.0,Custom,,,Ammo_Large,,,,
SceneComponent,Loot_AmmoBox_Medium_01a_Spawner_C,UNP_Loot_AmmoBox_Medium_01a_283447ad8419eb18_0,40856.52,46115.758,-2187.244,Munitions Crate,50.0,Blueprint,,,Ammo_Large,,,,
SceneComponent,Loot_AmmoBox_Medium_01a_Spawner_C,UNP_Loot_AmmoBox_Medium_01a_51a1ca1d1dfeb498_0,-27966.754,15347.143,-1318.5765,Munitions Crate,50.0,Blueprint,,,Ammo_Large,,,,
SceneComponent,Loot_AmmoBox_Medium_01a_Spawner_C,UNP_Loot_AmmoBox_Medium_01a_5bce2d7608ceaeda_0,11055.498,18365.592,-1999.7513,Munitions Crate,50.0,Blueprint,,,Ammo_Large,,,,
SceneComponent,Loot_AmmoBox_Medium_01a_Spawner_C,UNP_Loot_AmmoBox_Medium_01a_68311c2d437c6b8f_0,23912.693,45871.09,-2125.702,Munitions Crate,50.0,Blueprint,,,Ammo_Large,,,,
SceneComponent,Loot_AmmoBox_Medium_01a_Spawner_C,UNP_Loot_AmmoBox_Medium_01a_686706cd5f32e31c_0,15633.332,33251.75,-1946.0804,Munitions Crate,100.0,Custom,,,Ammo_Large,,,,
SceneComponent,Loot_AmmoBox_Medium_01a_Spawner_C,UNP_Loot_AmmoBox_Medium_01a_7ca53ed4ff6bcf94_0,-26525.432,-2953.2886,-1444.2246,Munitions Crate,50.0,Blueprint,,,Ammo_Large,,,,
SceneComponent,Loot_AmmoBox_Medium_01a_Spawner_C,UNP_Loot_AmmoBox_Medium_01a_Spawner1_UAID_046874882494449B02_be84b45a7f1a85a5_1513183020,43611.516,29097.277,-2162.584,Munitions Crate,50.0,Blueprint,,,Ammo_Large,,,,
SceneComponent,Loot_AmmoBox_Medium_01a_Spawner_C,UNP_Loot_AmmoBox_Medium_01a_Spawner_UAID_046874882494977D02_be6a6beac2196855_1269131567,11224.13,33071.633,-1886.6708,Munitions Crate,50.0,Blueprint,,,Ammo_Large,,,,
SceneComponent,Loot_AmmoBox_Medium_01a_Spawner_C,UNP_Loot_AmmoBox_Medium_01a_Spawner_UAID_046874882494FE9802_e515a311258b40d3_1778049944,-10962.123,38682.934,358.05615,Munitions Crate,50.0,Blueprint,,,Ammo_Large,,,,
SceneComponent,Loot_AmmoBox_Medium_01a_Spawner_C,UNP_Loot_AmmoBox_Medium_01a_UAID_046874882494089902_3f0e6d0dd4e4221e_1094377639,-26924.389,11360.066,-1273.1521,Munitions Crate,50.0,Blueprint,,,Ammo_Large,,,,
SceneComponent,Loot_AmmoBox_Medium_01a_Spawner_C,UNP_Loot_AmmoBox_Medium_01a_UAID_046874882494089902_3f0e6d0dd4e4221e_1102267398,-27029.508,11539.098,-1272.777,Munitions Crate,50.0,Blueprint,,,Ammo_Large,,,,
SceneComponent,Loot_AmmoBox_Medium_01a_Spawner_C,UNP_Loot_AmmoBox_Medium_01a_UAID_046874882494449B02_be84b45a7f1a85a5_1511942772,44455.71,26799.479,-2060.9065,Munitions Crate,100.0,Custom,,,Ammo_Large,,,,
SceneComponent,Loot_AmmoBox_Medium_01a_Spawner_C,UNP_Loot_AmmoBox_Medium_01a_UAID_046874882494449B02_be84b45a7f1a85a5_1512939969,43586.85,27552.086,-2195.9934,Munitions Crate,50.0,Blueprint,,,Ammo_Large,,,,
SceneComponent,Loot_AmmoBox_Medium_01a_Spawner_C,UNP_Loot_AmmoBox_Medium_01a_UAID_046874882494A69802_68e0512c24d92e8f_1241310023,15778.796,19220.55,-1950.8525,Munitions Crate,50.0,Blueprint,,,Ammo_Large,,,,
SceneComponent,Loot_AmmoBox_Medium_01a_Spawner_C,UNP_Loot_AmmoBox_Medium_01a_UAID_046874882494B4B302_75f24b53c5c4d0ce_1292808080,-15928.217,38466.26,697.8091,Munitions Crate,50.0,Blueprint,,,Ammo_Large,,,,
SceneComponent,Loot_AmmoBox_Medium_01a_Spawner_C,UNP_Loot_AmmoBox_Medium_01a_UAID_046874882494DD9A02_129128160f00dfd4_1606631744,40231.59,15949.926,-2119.174,Munitions Crate,50.0,Blueprint,,,Ammo_Large,,,,
SceneComponent,Loot_AmmoBox_Medium_01a_Spawner_C,UNP_Loot_AmmoBox_Medium_01a_UAID_046874882494FE9802_e515a311258b40d3_1764179430,-12083.296,40050.805,-80.91547,Munitions Crate,100.0,Custom,,,Ammo_Large,,,,
SceneComponent,Loot_AmmoBox_Medium_01a_Spawner_C,UNP_Loot_AmmoBox_Medium_01a_UAID_046874882494FE9802_e515a311258b40d3_1764704445,-12030.233,39214.754,-146.47556,Munitions Crate,50.0,Blueprint,,,Ammo_Large,,,,
SceneComponent,Loot_AmmoBox_Medium_01a_Spawner_C,UNP_Loot_AmmoBox_Medium_01a_bc603417abab8b29_0,29435.857,39756.008,-1887.0739,Munitions Crate,50.0,Blueprint,,,Ammo_Large,,,,
SceneComponent,Loot_AmmoBox_Small_01a_Spawner_C,Loot_AmmoBox_Small_01a_Spawner_C_4481ef720ae1ae21_0,-9448.854,-6856.195,-1355.8298,Munitions Crate,50.0,Blueprint,,,Ammo_Medium,,,,
SceneComponent,Loot_AmmoBox_Small_01a_Spawner_C,Loot_AmmoBox_Small_01a_Spawner_C_68479541b25a7529_5,24768.26,45200.074,-1752.9241,Munitions Crate,50.0,Blueprint,,,Ammo_Medium,,,,
SceneComponent,Loot_AmmoBox_Small_01a_Spawner_C,Loot_AmmoBox_Small_01a_Spawner_C_68479541b25a7529_6,25329.33,46428.21,-2114.852,Munitions Crate,50.0,Blueprint,,,Ammo_Medium,,,,
SceneComponent,Loot_AmmoBox_Small_01a_Spawner_C,Loot_AmmoBox_Small_01a_Spawner_C_68479541b25a7529_7,26024.865,45382.367,-2464.8086,Munitions Crate,50.0,Blueprint,,,Ammo_Medium,,,,
SceneComponent,Loot_AmmoBox_Small_01a_Spawner_C,Loot_AmmoBox_Small_01a_Spawner_C_UAID_00FF8EFC2BEFE25D02_436daf4f2f4d16ae_1656184354,-4386.9673,36008.38,-805.76117,Munitions Crate,50.0,Blueprint,,,Ammo_Medium,,,,
SceneComponent,Loot_AmmoBox_Small_01a_Spawner_C,Loot_AmmoBox_Small_01a_Spawner_C_UAID_00FF8EFC2BEFE25D02_778ee4f659e4dc39_1656184354,-24941.787,26272.043,-610.48035,Munitions Crate,50.0,Blueprint,,,Ammo_Medium,,,,
SceneComponent,Loot_AmmoBox_Small_01a_Spawner_C,Loot_AmmoBox_Small_01a_Spawner_C_UAID_00FF8EFC2BEFE25D02_aa2cbfebfbe16781_1656184354,6389.7295,32591.248,-1703.6086,Munitions Crate,50.0,Blueprint,,,Ammo_Medium,,,,
SceneComponent,Loot_AmmoBox_Small_01a_Spawner_C,Loot_AmmoBox_Small_01a_Spawner_C_UAID_00FF8EFC2BEFE25D02_c2412204e74e94a2_1656184354,-3529.643,41726.477,-703.18915,Munitions Crate,50.0,Blueprint,,,Ammo_Medium,,,,
SceneComponent,Loot_AmmoBox_Small_01a_Spawner_C,Loot_AmmoBox_Small_01a_Spawner_C_UAID_00FF8EFC2BEFE25D02_d50313eac93bf78a_1656184354,33282.652,38066.637,-1743.1615,Munitions Crate,50.0,Blueprint,,,Ammo_Medium,,,,
SceneComponent,Loot_AmmoBox_Small_01a_Spawner_C,Loot_AmmoBox_Small_01a_Spawner_C_UAID_046874882494449B02_be84b45a7f1a85a5_1510686514,43603.016,29206.62,-1865.5112,Munitions Crate,50.0,Blueprint,,,Ammo_Medium,,,,
SceneComponent,Loot_AmmoBox_Small_01a_Spawner_C,Loot_AmmoBox_Small_01a_Spawner_C_UAID_046874882494519802_0c42b2381b479eb1_1985881647,8823.206,17578.797,-1768.4382,Munitions Crate,50.0,Blueprint,,,Ammo_Medium,,,,
SceneComponent,Loot_AmmoBox_Small_01a_Spawner_C,Loot_AmmoBox_Small_01a_Spawner_C_UAID_046874882494609802_6bd21faec174208a_1815880208,7942.26,20754.82,-1903.746,Munitions Crate,50.0,Blueprint,,,Ammo_Medium,,,,
SceneComponent,Loot_AmmoBox_Small_01a_Spawner_C,Loot_AmmoBox_Small_01a_Spawner_C_UAID_046874882494619802_c1357729720cf173_1315331255,14875.682,21571.201,-1797.7677,Munitions Crate,50.0,Blueprint,,,Ammo_Medium,,,,
SceneComponent,Loot_AmmoBox_Small_01a_Spawner_C,Loot_AmmoBox_Small_01a_Spawner_C_UAID_046874882494789602_2b1cf6401ef78c3e_2057897873,15483.335,18626.465,-1547.0535,Munitions Crate,50.0,Blueprint,,,Ammo_Medium,,,,
SceneComponent,Loot_AmmoBox_Small_01a_Spawner_C,Loot_AmmoBox_Small_01a_Spawner_C_UAID_046874882494789602_8120ab00ad815ff9_2057897873,11712.073,21504.18,-1640.4645,Munitions Crate,50.0,Blueprint,,,Ammo_Medium,,,,
SceneComponent,Loot_AmmoBox_Small_01a_Spawner_C,Loot_AmmoBox_Small_01a_Spawner_C_UAID_046874882494829A02_68e0512c24d92e8f_1230418480,12092.099,19038.93,-1885.5573,Munitions Crate,50.0,Blueprint,,,Ammo_Medium,,,,
SceneComponent,Loot_AmmoBox_Small_01a_Spawner_C,Loot_AmmoBox_Small_01a_Spawner_C_UAID_046874882494829A02_68e0512c24d92e8f_1230481521,13678.577,19197.113,-1542.4807,Munitions Crate,50.0,Blueprint,,,Ammo_Medium,,,,
SceneComponent,Loot_AmmoBox_Small_01a_Spawner_C,Loot_AmmoBox_Small_01a_Spawner_C_UAID_046874882494977D02_be6a6beac2196855_1267123282,7917.1606,32167.84,-1609.1809,Munitions Crate,50.0,Blueprint,,,Ammo_Medium,,,,
SceneComponent,Loot_AmmoBox_Small_01a_Spawner_C,Loot_AmmoBox_Small_01a_Spawner_C_UAID_046874882494A69802_68e0512c24d92e8f_1242080125,12125.56,23018.81,-1986.8096,Munitions Crate,50.0,Blueprint,,,Ammo_Medium,,,,
SceneComponent,Loot_AmmoBox_Small_01a_Spawner_C,Loot_AmmoBox_Small_01a_Spawner_C_UAID_046874882494A69802_68e0512c24d92e8f_1337753876,16532.176,19153.275,-1994.7965,Munitions Crate,50.0,Blueprint,,,Ammo_Medium,,,,
SceneComponent,Loot_AmmoBox_Small_01a_Spawner_C,Loot_AmmoBox_Small_01a_Spawner_C_UAID_046874882494A69802_68e0512c24d92e8f_1365874919,11183.554,17877.83,-1922.3071,Munitions Crate,50.0,Blueprint,,,Ammo_Medium,,,,
SceneComponent,Loot_AmmoBox_Small_01a_Spawner_C,Loot_AmmoBox_Small_01a_Spawner_C_UAID_046874882494B3B302_b672bb6c668a37ab_1992581446,-20409.652,41881.105,484.33807,Munitions Crate,50.0,Blueprint,,,Ammo_Medium,,,,
SceneComponent,Loot_AmmoBox_Small_01a_Spawner_C,Loot_AmmoBox_Small_01a_Spawner_C_UAID_046874882494FE9802_e515a311258b40d3_1765019451,-9857.986,38693.793,-152.99075,Munitions Crate,50.0,Blueprint,,,Ammo_Medium,,,,
SceneComponent,Loot_AmmoBox_Small_01a_Spawner_C,Loot_AmmoBox_Small_01a_Spawner_C_UAID_046874882494FE9802_e515a311258b40d3_1767547559,-11334.301,43522.855,-188.03098,Munitions Crate,50.0,Blueprint,,,Ammo_Medium,,,,
SceneComponent,Loot_AmmoBox_Small_01a_Spawner_C,Loot_AmmoBox_Small_01a_Spawner_C_UAID_046874882494FE9802_e515a311258b40d3_1773911718,-11392.166,43998.895,-130.60123,Munitions Crate,50.0,Blueprint,,,Ammo_Medium,,,,
SceneComponent,Loot_AmmoBox_Small_01a_Spawner_C,Loot_AmmoBox_Small_01a_Spawner_C_UAID_581CF8B72315065602_68e0512c24d92e8f_1332669030,14453.386,22728.254,-1904.0006,Munitions Crate,50.0,Blueprint,,,Ammo_Medium,,,,
SceneComponent,Loot_AmmoBox_Small_01a_Spawner_C,Loot_AmmoBox_Small_01a_Spawner_C_UAID_581CF8B723150C9D02_d2b622e41626617e_1164374284,43724.6,-17920.598,-7922.294,Munitions Crate,50.0,Blueprint,,,Ammo_Medium,,,,
SceneComponent,Loot_AmmoBox_Small_01a_Spawner_C,Loot_AmmoBox_Small_01a_Spawner_C_UAID_581CF8B72315725402_68e0512c24d92e8f_1144266980,10486.627,22599.455,-1994.3384,Munitions Crate,50.0,Blueprint,,,Ammo_Medium,,,,
SceneComponent,Loot_AmmoBox_Small_01a_Spawner_C,Loot_AmmoBox_Small_01a_Spawner_C_UAID_581CF8B723157C8602_297b636c1481f881_1821511229,33852.516,-11909.724,-4334.2046,Munitions Crate,50.0,Blueprint,,,Ammo_Medium,,,,
SceneComponent,Loot_AmmoBox_Small_01a_Spawner_C,Loot_AmmoBox_Small_01a_Spawner_C_UAID_581CF8B723157C8602_adcabc3b77726472_1821511229,37131.48,-19309.137,-4743.0513,Munitions Crate,50.0,Blueprint,,,Ammo_Medium,,,,
SceneComponent,Loot_AmmoBox_Small_01a_Spawner_C,Loot_AmmoBox_Small_01a_Spawner_C_UAID_581CF8B723158C4E02_8b76b5d06422052f_1585944468,9484.834,42488.996,-1689.4608,Munitions Crate,50.0,Blueprint,,,Ammo_Medium,,,,
SceneComponent,Loot_AmmoBox_Small_01a_Spawner_C,Loot_AmmoBox_Small_01a_Spawner_C_UAID_581CF8B72315B39802_9e8da11e2d3b4773_1747380844,43996.918,-22862.596,-3180.2766,Munitions Crate,50.0,Blueprint,,,Ammo_Medium,,,,
SceneComponent,Loot_AmmoBox_Small_01a_Spawner_C,Loot_AmmoBox_Small_01a_Spawner_C_UAID_581CF8B72315BC9602_adcabc3b77726472_1241768321,36968.492,-19964.367,-4744.006,Munitions Crate,50.0,Blueprint,,,Ammo_Medium,,,,
SceneComponent,Loot_AmmoBox_Small_01a_Spawner_C,Loot_AmmoBox_Small_01a_Spawner_C_UAID_581CF8B72315D19602_668bffaf429d00f2_1980341188,35757.508,-22107.219,-4756.298,Munitions Crate,50.0,Blueprint,,,Ammo_Medium,,,,
SceneComponent,Loot_AmmoBox_Small_01a_Spawner_C,UNP_Loot_AmmoBox_Small_01a1_4980766c61eef4cd_1,-3663.7407,11296.98,-1431.445,Munitions Crate,50.0,Blueprint,,,Ammo_Medium,,,,
SceneComponent,Loot_AmmoBox_Small_01a_Spawner_C,UNP_Loot_AmmoBox_Small_01a1_75f24b53c5c4d0ce_3,-18029.158,38581.26,2591.8328,Munitions Crate,50.0,Blueprint,,,Ammo_Medium,,,,
SceneComponent,Loot_AmmoBox_Small_01a_Spawner_C,UNP_Loot_AmmoBox_Small_01a1_UAID_046874882494B4B302_75f24b53c5c4d0ce_1256911361,-17038.293,39710.69,2580.7947,Munitions Crate,50.0,Blueprint,,,Ammo_Medium,,,,
SceneComponent,Loot_AmmoBox_Small_01a_Spawner_C,UNP_Loot_AmmoBox_Small_01a1_UAID_046874882494B4B302_75f24b53c5c4d0ce_1257341390,-17709.432,40309.766,2157.783,Munitions Crate,50.0,Blueprint,,,Ammo_Medium,,,,
SceneComponent,Loot_AmmoBox_Small_01a_Spawner_C,UNP_Loot_AmmoBox_Small_01a2_UAID_0468748824944E8902_4481ef720ae1ae21_1224350401,-11436.819,-6129.467,-1803.9463,Munitions Crate,50.0,Blueprint,,,Ammo_Medium,,,,
SceneComponent,Loot_AmmoBox_Small_01a_Spawner_C,UNP_Loot_AmmoBox_Small_01a2_UAID_0468748824944E8902_4481ef720ae1ae21_1224575410,-11415.328,-7606.1504,-1803.9225,Munitions Crate,50.0,Blueprint,,,Ammo_Medium,,,,
SceneComponent,Loot_AmmoBox_Small_01a_Spawner_C,UNP_Loot_AmmoBox_Small_01a2_UAID_046874882494619802_c1357729720cf173_1316443283,14029.473,20962.363,-1795.6338,Munitions Crate,50.0,Blueprint,,,Ammo_Medium,,,,
SceneComponent,Loot_AmmoBox_Small_01a_Spawner_C,UNP_Loot_AmmoBox_Small_01a2_UAID_581CF8B72315729602_dfb147756528da82_1566967336,32697.521,-13415.393,-4152.021,Munitions Crate,50.0,Blueprint,,,Ammo_Medium,,,,
SceneComponent,Loot_AmmoBox_Small_01a_Spawner_C,UNP_Loot_AmmoBox_Small_01a2_UAID_581CF8B72315B39802_9e8da11e2d3b4773_1746913818,43065.492,-22949.018,-3112.3264,Munitions Crate,50.0,Blueprint,,,Ammo_Medium,,,,
SceneComponent,Loot_AmmoBox_Small_01a_Spawner_C,UNP_Loot_AmmoBox_Small_01a2_UAID_581CF8B72315E49A02_0f7a0ffded9e9812_1517548499,34209.836,-9337.46,-889.4671,Munitions Crate,50.0,Blueprint,,,Ammo_Medium,,,,
SceneComponent,Loot_AmmoBox_Small_01a_Spawner_C,UNP_Loot_AmmoBox_Small_01a2_UAID_581CF8B72315E49A02_0f7a0ffded9e9812_1517650508,32154.27,-10113.819,-886.5226,Munitions Crate,50.0,Blueprint,,,Ammo_Medium,,,,
SceneComponent,Loot_AmmoBox_Small_01a_Spawner_C,UNP_Loot_AmmoBox_Small_01a3_4980766c61eef4cd_3,-3750.8574,11334.3955,-1482.3785,Munitions Crate,50.0,Blueprint,,,Ammo_Medium,,,,
SceneComponent,Loot_AmmoBox_Small_01a_Spawner_C,UNP_Loot_AmmoBox_Small_01a3_UAID_0468748824944E8902_4481ef720ae1ae21_1223870377,-10151.47,-7020.63,-1312.023,Munitions Crate,50.0,Blueprint,,,Ammo_Medium,,,,
SceneComponent,Loot_AmmoBox_Small_01a_Spawner_C,UNP_Loot_AmmoBox_Small_01a3_UAID_046874882494609802_6bd21faec174208a_1813986096,8087.678,20848.596,-1824.1439,Munitions Crate,50.0,Blueprint,,,Ammo_Medium,,,,
SceneComponent,Loot_AmmoBox_Small_01a_Spawner_C,UNP_Loot_AmmoBox_Small_01a3_UAID_046874882494609802_6bd21faec174208a_1814168104,8331.821,19932.543,-1324.7462,Munitions Crate,50.0,Blueprint,,,Ammo_Medium,,,,
SceneComponent,Loot_AmmoBox_Small_01a_Spawner_C,UNP_Loot_AmmoBox_Small_01a3_UAID_046874882494789602_2b1cf6401ef78c3e_2058998937,15139.583,18716.29,-1809.2911,Munitions Crate,50.0,Blueprint,,,Ammo_Medium,,,,
SceneComponent,Loot_AmmoBox_Small_01a_Spawner_C,UNP_Loot_AmmoBox_Small_01a3_UAID_046874882494789602_8120ab00ad815ff9_2058998937,12276.103,21711.402,-1812.5172,Munitions Crate,50.0,Blueprint,,,Ammo_Medium,,,,
SceneComponent,Loot_AmmoBox_Small_01a_Spawner_C,UNP_Loot_AmmoBox_Small_01a3_UAID_046874882494829A02_68e0512c24d92e8f_1230532546,13339.441,18714.938,-1824.8729,Munitions Crate,50.0,Blueprint,,,Ammo_Medium,,,,
SceneComponent,Loot_AmmoBox_Small_01a_Spawner_C,UNP_Loot_AmmoBox_Small_01a3_UAID_046874882494DB9A02_2fa6262d75ac1966_2084636116,39830.246,16435.758,-1522.8278,Munitions Crate,50.0,Blueprint,,,Ammo_Medium,,,,
SceneComponent,Loot_AmmoBox_Small_01a_Spawner_C,UNP_Loot_AmmoBox_Small_01a_02262a5d03e70a69_0,15761.68,22549.744,-1861.2634,Munitions Crate,50.0,Blueprint,,,Ammo_Medium,,,,
SceneComponent,Loot_AmmoBox_Small_01a_Spawner_C,UNP_Loot_AmmoBox_Small_01a_25ca934595595c8c_0,37837.785,23903.643,-2179.4978,Munitions Crate,50.0,Blueprint,,,Ammo_Medium,,,,
SceneComponent,Loot_AmmoBox_Small_01a_Spawner_C,UNP_Loot_AmmoBox_Small_01a_4bc5bd98400a5aad_0,32865.125,12227.147,-1656.0621,Munitions Crate,15.0,Custom,,,Ammo_Medium,,,,
SceneComponent,Loot_AmmoBox_Small_01a_Spawner_C,UNP_Loot_AmmoBox_Small_01a_51a1ca1d1dfeb498_0,-28380.906,15043.23,-1181.2312,Munitions Crate,50.0,Blueprint,,,Ammo_Medium,,,,
SceneComponent,Loot_AmmoBox_Small_01a_Spawner_C,UNP_Loot_AmmoBox_Small_01a_5bce2d7608ceaeda_0,10559.531,18499.39,-1862.406,Munitions Crate,50.0,Blueprint,,,Ammo_Medium,,,,
SceneComponent,Loot_AmmoBox_Small_01a_Spawner_C,UNP_Loot_AmmoBox_Small_01a_652d816cc2a7057c_0,37326.19,1162.735,-1749.7972,Munitions Crate,15.0,Custom,,,Ammo_Medium,,,,
SceneComponent,Loot_AmmoBox_Small_01a_Spawner_C,UNP_Loot_AmmoBox_Small_01a_67a3be1c6a487d78_0,37369.777,48287.6,-1923.5597,Munitions Crate,15.0,Custom,,,Ammo_Medium,,,,
SceneComponent,Loot_AmmoBox_Small_01a_Spawner_C,UNP_Loot_AmmoBox_Small_01a_68311c2d437c6b8f_0,23780.584,46367.508,-1988.3566,Munitions Crate,50.0,Blueprint,,,Ammo_Medium,,,,
SceneComponent,Loot_AmmoBox_Small_01a_Spawner_C,UNP_Loot_AmmoBox_Small_01a_75f24b53c5c4d0ce_0,-17892.195,40255.56,2966.5796,Munitions Crate,50.0,Blueprint,,,Ammo_Medium,,,,
SceneComponent,Loot_AmmoBox_Small_01a_Spawner_C,UNP_Loot_AmmoBox_Small_01a_79ad27324bb8a568_0,-50.167446,-5437.986,-1563.4229,Munitions Crate,15.0,Custom,,,Ammo_Medium,,,,
SceneComponent,Loot_AmmoBox_Small_01a_Spawner_C,UNP_Loot_AmmoBox_Small_01a_Spawner1_UAID_046874882494359A02_68479541b25a7529_1286692067,24615.602,44402.656,-2508.2905,Munitions Crate,50.0,Blueprint,,,Ammo_Medium,,,,
SceneComponent,Loot_AmmoBox_Small_01a_Spawner_C,UNP_Loot_AmmoBox_Small_01a_Spawner1_UAID_0468748824944E8902_4481ef720ae1ae21_1243626108,-10290.182,-7183.7437,-881.2711,Munitions Crate,50.0,Blueprint,,,Ammo_Medium,,,,
SceneComponent,Loot_AmmoBox_Small_01a_Spawner_C,UNP_Loot_AmmoBox_Small_01a_Spawner1_UAID_046874882494977D02_be6a6beac2196855_1270416766,11589.635,30587.164,-1722.1642,Munitions Crate,50.0,Blueprint,,,Ammo_Medium,,,,
SceneComponent,Loot_AmmoBox_Small_01a_Spawner_C,UNP_Loot_AmmoBox_Small_01a_Spawner1_UAID_046874882494B3B302_b672bb6c668a37ab_1992759477,-20966.633,43681.75,543.04236,Munitions Crate,50.0,Blueprint,,,Ammo_Medium,,,,
SceneComponent,Loot_AmmoBox_Small_01a_Spawner_C,UNP_Loot_AmmoBox_Small_01a_Spawner1_UAID_046874882494FE9802_e515a311258b40d3_1775109785,-8755.927,43320.99,358.79025,Munitions Crate,50.0,Blueprint,,,Ammo_Medium,,,,
SceneComponent,Loot_AmmoBox_Small_01a_Spawner_C,UNP_Loot_AmmoBox_Small_01a_Spawner1_be6a6beac2196855_3,10941.97,31686.912,-1881.0835,Munitions Crate,50.0,Blueprint,,,Ammo_Medium,,,,
SceneComponent,Loot_AmmoBox_Small_01a_Spawner_C,UNP_Loot_AmmoBox_Small_01a_Spawner2_be6a6beac2196855_4,9819.547,31353.994,-1893.3362,Munitions Crate,50.0,Blueprint,,,Ammo_Medium,,,,
SceneComponent,Loot_AmmoBox_Small_01a_Spawner_C,UNP_Loot_AmmoBox_Small_01a_Spawner3_be6a6beac2196855_5,9710.109,30134.605,-1893.8544,Munitions Crate,50.0,Blueprint,,,Ammo_Medium,,,,
SceneComponent,Loot_AmmoBox_Small_01a_Spawner_C,UNP_Loot_AmmoBox_Small_01a_Spawner_UAID_046874882494359A02_68479541b25a7529_1286696069,24572.129,44448.137,-2508.2905,Munitions Crate,50.0,Blueprint,,,Ammo_Medium,,,,
SceneComponent,Loot_AmmoBox_Small_01a_Spawner_C,UNP_Loot_AmmoBox_Small_01a_Spawner_UAID_0468748824944E8902_4481ef720ae1ae21_1243630110,-10283.014,-7246.2485,-881.2711,Munitions Crate,50.0,Blueprint,,,Ammo_Medium,,,,
SceneComponent,Loot_AmmoBox_Small_01a_Spawner_C,UNP_Loot_AmmoBox_Small_01a_Spawner_UAID_04687488249466B302_11c294cc824aeaf3_1343147194,24605.168,16310.8125,-2594.1462,Munitions Crate,50.0,Blueprint,,,Ammo_Medium,,,,
SceneComponent,Loot_AmmoBox_Small_01a_Spawner_C,UNP_Loot_AmmoBox_Small_01a_Spawner_UAID_046874882494977D02_be6a6beac2196855_1270421769,11105.58,29879.797,-1721.5139,Munitions Crate,50.0,Blueprint,,,Ammo_Medium,,,,
SceneComponent,Loot_AmmoBox_Small_01a_Spawner_C,UNP_Loot_AmmoBox_Small_01a_Spawner_UAID_046874882494B3B302_b672bb6c668a37ab_1992760480,-20659.531,44481.98,543.6926,Munitions Crate,50.0,Blueprint,,,Ammo_Medium,,,,
SceneComponent,Loot_AmmoBox_Small_01a_Spawner_C,UNP_Loot_AmmoBox_Small_01a_Spawner_UAID_046874882494FE9802_e515a311258b40d3_1743113110,-10832.351,40829.465,-189.04529,Munitions Crate,50.0,Blueprint,,,Ammo_Medium,,,,
SceneComponent,Loot_AmmoBox_Small_01a_Spawner_C,UNP_Loot_AmmoBox_Small_01a_Spawner_UAID_046874882494FE9802_e515a311258b40d3_1743360116,-10131.732,41270.863,-190.13924,Munitions Crate,50.0,Blueprint,,,Ammo_Medium,,,,
SceneComponent,Loot_AmmoBox_Small_01a_Spawner_C,UNP_Loot_AmmoBox_Small_01a_Spawner_UAID_046874882494FE9802_e515a311258b40d3_1743608122,-11005.657,41220.07,-189.04529,Munitions Crate,50.0,Blueprint,,,Ammo_Medium,,,,
SceneComponent,Loot_AmmoBox_Small_01a_Spawner_C,UNP_Loot_AmmoBox_Small_01a_Spawner_UAID_046874882494FE9802_e515a311258b40d3_1743856128,-9643.743,42183.016,-189.04529,Munitions Crate,50.0,Blueprint,,,Ammo_Medium,,,,
SceneComponent,Loot_AmmoBox_Small_01a_Spawner_C,UNP_Loot_AmmoBox_Small_01a_Spawner_UAID_046874882494FE9802_e515a311258b40d3_1744098134,-10284.492,39546.973,-189.04529,Munitions Crate,50.0,Blueprint,,,Ammo_Medium,,,,
SceneComponent,Loot_AmmoBox_Small_01a_Spawner_C,UNP_Loot_AmmoBox_Small_01a_Spawner_UAID_046874882494FE9802_e515a311258b40d3_1744345140,-10454.212,39939.27,-189.04529,Munitions Crate,50.0,Blueprint,,,Ammo_Medium,,,,
SceneComponent,Loot_AmmoBox_Small_01a_Spawner_C,UNP_Loot_AmmoBox_Small_01a_Spawner_UAID_046874882494FE9802_e515a311258b40d3_1775106783,-8792.504,43234.633,-193.165,Munitions Crate,50.0,Blueprint,,,Ammo_Medium,,,,
SceneComponent,Loot_AmmoBox_Small_01a_Spawner_C,UNP_Loot_AmmoBox_Small_01a_Spawner_be6a6beac2196855_0,10654.354,34001.773,-1859.0302,Munitions Crate,50.0,Blueprint,,,Ammo_Medium,,,,
SceneComponent,Loot_AmmoBox_Small_01a_Spawner_C,UNP_Loot_AmmoBox_Small_01a_UAID_0468748824944D9B02_039ab8d01f784483_1448649203,-22701.512,24275.322,-681.18317,Munitions Crate,50.0,Blueprint,,,Ammo_Medium,,,,
SceneComponent,Loot_AmmoBox_Small_01a_Spawner_C,UNP_Loot_AmmoBox_Small_01a_UAID_0468748824944D9B02_3059d67b4bbc9d72_1448649203,9053.673,-1447.2365,-946.7841,Munitions Crate,50.0,Blueprint,,,Ammo_Medium,,,,
SceneComponent,Loot_AmmoBox_Small_01a_Spawner_C,UNP_Loot_AmmoBox_Small_01a_UAID_0468748824944D9B02_3d7e79e141461900_1448649203,-17388.229,-3274.3186,-1616.5712,Munitions Crate,50.0,Blueprint,,,Ammo_Medium,,,,
SceneComponent,Loot_AmmoBox_Small_01a_Spawner_C,UNP_Loot_AmmoBox_Small_01a_UAID_0468748824944E8902_4481ef720ae1ae21_1225263436,-11141.734,-5732.3286,-1747.4542,Munitions Crate,50.0,Blueprint,,,Ammo_Medium,,,,
SceneComponent,Loot_AmmoBox_Small_01a_Spawner_C,UNP_Loot_AmmoBox_Small_01a_UAID_0468748824944E8902_4481ef720ae1ae21_1225492444,-11396.474,-7444.653,-1747.3785,Munitions Crate,50.0,Blueprint,,,Ammo_Medium,,,,
SceneComponent,Loot_AmmoBox_Small_01a_Spawner_C,UNP_Loot_AmmoBox_Small_01a_UAID_04687488249456B902_40332391da5e1e80_1374437683,-4808.3022,9605.703,-1873.0142,Munitions Crate,50.0,Blueprint,,,Ammo_Medium,,,,
SceneComponent,Loot_AmmoBox_Small_01a_Spawner_C,UNP_Loot_AmmoBox_Small_01a_UAID_046874882494619802_c1357729720cf173_1316638296,15017.366,21010.957,-2088.838,Munitions Crate,50.0,Blueprint,,,Ammo_Medium,,,,
SceneComponent,Loot_AmmoBox_Small_01a_Spawner_C,UNP_Loot_AmmoBox_Small_01a_UAID_04687488249470B202_fff152065d50a3af_1748488283,29350.61,31392.98,-1493.4236,Munitions Crate,50.0,Blueprint,,,Ammo_Medium,,,,
SceneComponent,Loot_AmmoBox_Small_01a_Spawner_C,UNP_Loot_AmmoBox_Small_01a_UAID_046874882494829A02_68e0512c24d92e8f_1230475516,13361.063,18902.725,-1766.2627,Munitions Crate,50.0,Blueprint,,,Ammo_Medium,,,,
SceneComponent,Loot_AmmoBox_Small_01a_Spawner_C,UNP_Loot_AmmoBox_Small_01a_UAID_046874882494829A02_68e0512c24d92e8f_1230534548,12818.921,18462.084,-1920.5573,Munitions Crate,50.0,Blueprint,,,Ammo_Medium,,,,
SceneComponent,Loot_AmmoBox_Small_01a_Spawner_C,UNP_Loot_AmmoBox_Small_01a_UAID_046874882494A69802_68e0512c24d92e8f_1367155953,12607.197,17400.781,-1768.0597,Munitions Crate,50.0,Blueprint,,,Ammo_Medium,,,,
SceneComponent,Loot_AmmoBox_Small_01a_Spawner_C,UNP_Loot_AmmoBox_Small_01a_UAID_046874882494B3B302_b672bb6c668a37ab_1984955269,-18649.268,44578.086,426.413,Munitions Crate,50.0,Blueprint,,,Ammo_Medium,,,,
SceneComponent,Loot_AmmoBox_Small_01a_Spawner_C,UNP_Loot_AmmoBox_Small_01a_UAID_046874882494B4B302_75f24b53c5c4d0ce_1256915366,-17067.096,39792.13,2580.7947,Munitions Crate,50.0,Blueprint,,,Ammo_Medium,,,,
SceneComponent,Loot_AmmoBox_Small_01a_Spawner_C,UNP_Loot_AmmoBox_Small_01a_UAID_046874882494B4B302_75f24b53c5c4d0ce_1257345395,-17609.791,40296.324,2157.783,Munitions Crate,50.0,Blueprint,,,Ammo_Medium,,,,
SceneComponent,Loot_AmmoBox_Small_01a_Spawner_C,UNP_Loot_AmmoBox_Small_01a_UAID_046874882494DD9A02_129128160f00dfd4_1606013730,39613.27,16171.035,-2098.015,Munitions Crate,50.0,Blueprint,,,Ammo_Medium,,,,
SceneComponent,Loot_AmmoBox_Small_01a_Spawner_C,UNP_Loot_AmmoBox_Small_01a_a522dfe50723e27b_0,7216.0874,22225.979,-1991.2177,Munitions Crate,15.0,Custom,,,Ammo_Medium,,,,
SceneComponent,Loot_AmmoBox_Small_01a_Spawner_C,UNP_Loot_AmmoBox_Small_01a_a6189d3859fa4699_0,1131.4154,39775.746,-1235.3555,Munitions Crate,50.0,Blueprint,,,Ammo_Medium,,,,
SceneComponent,Loot_AmmoBox_Small_01a_Spawner_C,UNP_Loot_AmmoBox_Small_01a_acdc6cbbfb3c7051_0,19408.287,39109.242,-1705.8289,Munitions Crate,15.0,Custom,,,Ammo_Medium,,,,
SceneComponent,Loot_AmmoBox_Small_01a_Spawner_C,UNP_Loot_AmmoBox_Small_01a_bc603417abab8b29_0,30925.992,37363.883,-1963.36,Munitions Crate,50.0,Blueprint,,,Ammo_Medium,,,,
SceneComponent,Loot_AmmoBox_Small_01a_Spawner_C,UNP_Loot_AmmoBox_Small_01a_c71fc630006ea4a0_0,38324.555,24060.143,-2247.5964,Munitions Crate,50.0,Blueprint,,,Ammo_Medium,,,,
SceneComponent,Loot_AmmoBox_Small_01a_Spawner_C,UNP_Loot_AmmoBox_Small_01a_e1b8acfad82a37aa_0,-22517.074,10825.716,-1733.7128,Munitions Crate,15.0,Custom,,,Ammo_Medium,,,,
SceneComponent,Loot_AmmoBox_Small_01a_Spawner_C,UNP_Loot_AmmoBox_Small_01a_e6303f35b03feb75_0,-707.1148,35569.87,-1103.231,Munitions Crate,15.0,Custom,,,Ammo_Medium,,,,
SceneComponent,Loot_AmmoBox_Small_01a_Spawner_C,UNP_Loot_AmmoBox_Small_01a_fff152065d50a3af_1,29114.541,30942.574,-1236.2639,Munitions Crate,50.0,Blueprint,,,Ammo_Medium,,,,
SceneComponent,Loot_AmmoBox_Small_01a_Spawner_C,UNP_PG_FlourSacks_09a21_2f00d91e4ecd5bd9_0,10261.504,22864.041,-1962.6838,Munitions Crate,50.0,Blueprint,,,Ammo_Medium,,,,
SceneComponent,Loot_AmmoBox_Small_01a_Spawner_C,UNP_PG_FlourSacks_09a21_612b8435ec5bfafe_0,-5244.28,13360.636,-1985.0531,Munitions Crate,50.0,Blueprint,,,Ammo_Medium,,,,
SceneComponent,Loot_AmmoBox_Small_01a_Spawner_C,UNP_PG_FlourSacks_09a21_a60450cc09cd4878_0,-292.23737,17632.629,-2050.5828,Munitions Crate,50.0,Blueprint,,,Ammo_Medium,,,,
SceneComponent,Loot_AmmoPouch_Small_01a_Spawner_C,Loot_AmmoPouch_Small_01a_Spawner_C_UAID_00FF8EFC2BEF318F02_00c68caff661d007_1721006937,45667.297,4.5964856,-578.6098,Old Cartridge Case,50.0,Blueprint,,,Ammo_Small,,,,
SceneComponent,Loot_AmmoPouch_Small_01a_Spawner_C,Loot_AmmoPouch_Small_01a_Spawner_C_UAID_00FF8EFC2BEF318F02_0993bf3fd6c20419_1721006937,-31376.152,27717.982,-321.96442,Old Cartridge Case,50.0,Blueprint,,,Ammo_Small,,,,
SceneComponent,Loot_AmmoPouch_Small_01a_Spawner_C,Loot_AmmoPouch_Small_01a_Spawner_C_UAID_00FF8EFC2BEF318F02_0c29a218bdcca106_1721006937,43045.793,2656.5781,-764.45074,Old Cartridge Case,50.0,Blueprint,,,Ammo_Small,,,,
SceneComponent,Loot_AmmoPouch_Small_01a_Spawner_C,Loot_AmmoPouch_Small_01a_Spawner_C_UAID_00FF8EFC2BEF318F02_16f90957f2f951f0_1721006937,36718.21,9073.307,-1163.352,Old Cartridge Case,50.0,Blueprint,,,Ammo_Small,,,,
SceneComponent,Loot_AmmoPouch_Small_01a_Spawner_C,Loot_AmmoPouch_Small_01a_Spawner_C_UAID_00FF8EFC2BEF318F02_1a11877e9bed545a_1721006937,43105.27,9697.609,-1273.0608,Old Cartridge Case,50.0,Blueprint,,,Ammo_Small,,,,
SceneComponent,Loot_AmmoPouch_Small_01a_Spawner_C,Loot_AmmoPouch_Small_01a_Spawner_C_UAID_00FF8EFC2BEF318F02_1f1d67f3398e421f_1721006937,-32394.607,-1436.8231,-1188.6411,Old Cartridge Case,50.0,Blueprint,,,Ammo_Small,,,,
SceneComponent,Loot_AmmoPouch_Small_01a_Spawner_C,Loot_AmmoPouch_Small_01a_Spawner_C_UAID_00FF8EFC2BEF318F02_208a642e9d44651d_1721006937,45332.4,8566.31,-1068.8124,Old Cartridge Case,50.0,Blueprint,,,Ammo_Small,,,,
SceneComponent,Loot_AmmoPouch_Small_01a_Spawner_C,Loot_AmmoPouch_Small_01a_Spawner_C_UAID_00FF8EFC2BEF318F02_2db5d34985dcaa6f_1721006937,18438.523,46244.184,-865.2571,Old Cartridge Case,50.0,Blueprint,,,Ammo_Small,,,,
SceneComponent,Loot_AmmoPouch_Small_01a_Spawner_C,Loot_AmmoPouch_Small_01a_Spawner_C_UAID_00FF8EFC2BEF318F02_2fbcd7e2e4dc7014_1721006937,10189.668,2904.776,-1236.1195,Old Cartridge Case,50.0,Blueprint,,,Ammo_Small,,,,
SceneComponent,Loot_AmmoPouch_Small_01a_Spawner_C,Loot_AmmoPouch_Small_01a_Spawner_C_UAID_00FF8EFC2BEF318F02_4fccc0fbe62b4fb8_1721006937,-30935.133,35532.92,34.276382,Old Cartridge Case,50.0,Blueprint,,,Ammo_Small,,,,
SceneComponent,Loot_AmmoPouch_Small_01a_Spawner_C,Loot_AmmoPouch_Small_01a_Spawner_C_UAID_00FF8EFC2BEF318F02_55e38f02d138d46a_1721006937,11314.457,5478.084,-1424.6122,Old Cartridge Case,50.0,Blueprint,,,Ammo_Small,,,,
SceneComponent,Loot_AmmoPouch_Small_01a_Spawner_C,Loot_AmmoPouch_Small_01a_Spawner_C_UAID_00FF8EFC2BEF318F02_60c51cf0c20073eb_1721006937,-31240.018,23141.875,-301.48752,Old Cartridge Case,50.0,Blueprint,,,Ammo_Small,,,,
SceneComponent,Loot_AmmoPouch_Small_01a_Spawner_C,Loot_AmmoPouch_Small_01a_Spawner_C_UAID_00FF8EFC2BEF318F02_7d827e9d4ffcb963_1721006937,-24317.305,10236.701,-1359.1603,Old Cartridge Case,50.0,Blueprint,,,Ammo_Small,,,,
SceneComponent,Loot_AmmoPouch_Small_01a_Spawner_C,Loot_AmmoPouch_Small_01a_Spawner_C_UAID_00FF8EFC2BEF318F02_97ae2c82590953c4_1721006937,48949.793,41555.336,-1526.7588,Old Cartridge Case,50.0,Blueprint,,,Ammo_Small,,,,
SceneComponent,Loot_AmmoPouch_Small_01a_Spawner_C,Loot_AmmoPouch_Small_01a_Spawner_C_UAID_00FF8EFC2BEF318F02_9c67ce18950b7030_1721006937,-24020.092,28490.322,-280.5077,Old Cartridge Case,50.0,Blueprint,,,Ammo_Small,,,,
SceneComponent,Loot_AmmoPouch_Small_01a_Spawner_C,Loot_AmmoPouch_Small_01a_Spawner_C_UAID_00FF8EFC2BEF318F02_9fade1746505e129_1721006937,48050.03,10457.654,-1034.9679,Old Cartridge Case,50.0,Blueprint,,,Ammo_Small,,,,
SceneComponent,Loot_AmmoPouch_Small_01a_Spawner_C,Loot_AmmoPouch_Small_01a_Spawner_C_UAID_00FF8EFC2BEF318F02_a70e05628c34af0f_1721006937,11934.777,15472.51,-1741.3937,Old Cartridge Case,50.0,Blueprint,,,Ammo_Small,,,,
SceneComponent,Loot_AmmoPouch_Small_01a_Spawner_C,Loot_AmmoPouch_Small_01a_Spawner_C_UAID_00FF8EFC2BEF318F02_b06a1d7f4acfd7ef_1721006937,-24267.484,42944.844,444.05237,Old Cartridge Case,50.0,Blueprint,,,Ammo_Small,,,,
SceneComponent,Loot_AmmoPouch_Small_01a_Spawner_C,Loot_AmmoPouch_Small_01a_Spawner_C_UAID_00FF8EFC2BEF318F02_b25f43c22f91167e_1721006937,48203.242,23581.266,-1461.9866,Old Cartridge Case,50.0,Blueprint,,,Ammo_Small,,,,
SceneComponent,Loot_AmmoPouch_Small_01a_Spawner_C,Loot_AmmoPouch_Small_01a_Spawner_C_UAID_00FF8EFC2BEF318F02_b832139f9d243439_1721006937,34004.855,6434.022,-1064.7714,Old Cartridge Case,50.0,Blueprint,,,Ammo_Small,,,,
SceneComponent,Loot_AmmoPouch_Small_01a_Spawner_C,Loot_AmmoPouch_Small_01a_Spawner_C_UAID_00FF8EFC2BEF318F02_d7565a1655ef27be_1721006937,6008.191,-6551.13,-1007.90424,Old Cartridge Case,50.0,Blueprint,,,Ammo_Small,,,,
SceneComponent,Loot_AmmoPouch_Small_01a_Spawner_C,Loot_AmmoPouch_Small_01a_Spawner_C_UAID_00FF8EFC2BEF318F02_e3fedd0008a8037d_1721006937,-28277.582,27449.455,-216.82475,Old Cartridge Case,50.0,Blueprint,,,Ammo_Small,,,,
SceneComponent,Loot_AmmoPouch_Small_01a_Spawner_C,Loot_AmmoPouch_Small_01a_Spawner_C_UAID_00FF8EFC2BEF318F02_e73418627fab741d_1721006937,-7227.4707,45444.223,-168.5986,Old Cartridge Case,50.0,Blueprint,,,Ammo_Small,,,,
SceneComponent,Loot_AmmoPouch_Small_01a_Spawner_C,Loot_AmmoPouch_Small_01a_Spawner_C_UAID_00FF8EFC2BEF318F02_ebf9c396b4246ee9_1721006937,7523.407,3891.477,-1431.6193,Old Cartridge Case,50.0,Blueprint,,,Ammo_Small,,,,
SceneComponent,Loot_AmmoPouch_Small_01a_Spawner_C,Loot_AmmoPouch_Small_01a_Spawner_C_UAID_00FF8EFC2BEF318F02_f5f3be88dbeff2a5_1721006937,-23970.123,40561.996,318.8695,Old Cartridge Case,50.0,Blueprint,,,Ammo_Small,,,,
SceneComponent,Loot_AmmoPouch_Small_01a_Spawner_C,Loot_AmmoPouch_Small_01a_Spawner_C_UAID_00FF8EFC2BEF935D02_8c0649ca72c28d0c_1525794977,22198.854,49710.37,-1802.1455,Old Cartridge Case,50.0,Blueprint,,,Ammo_Small,,,,
SceneComponent,Loot_AmmoPouch_Small_01a_Spawner_C,Loot_AmmoPouch_Small_01a_Spawner_C_UAID_00FF8EFC2BEF935D02_a010daeb6da79058_1525794977,-20660.486,23394.018,-891.24084,Old Cartridge Case,50.0,Blueprint,,,Ammo_Small,,,,
SceneComponent,Loot_AmmoPouch_Small_01a_Spawner_C,Loot_AmmoPouch_Small_01a_Spawner_C_UAID_00FF8EFC2BEF935D02_b5bbc9bd94e34bdf_1525794977,28606.473,49365.008,-2008.8307,Old Cartridge Case,50.0,Blueprint,,,Ammo_Small,,,,
SceneComponent,Loot_AmmoPouch_Small_01a_Spawner_C,Loot_AmmoPouch_Small_01a_Spawner_C_UAID_00FF8EFC2BEF935D02_dcf1056f94f47358_1525794977,-9701.974,35.778637,-1891.7087,Old Cartridge Case,50.0,Blueprint,,,Ammo_Small,,,,
SceneComponent,Loot_AmmoPouch_Small_01a_Spawner_C,Loot_AmmoPouch_Small_01a_Spawner_C_UAID_04687488249408A302_d84ddc0f38b16161_1996177491,10932.437,-9922.892,-676.42175,Old Cartridge Case,50.0,Blueprint,,,Ammo_Small,,,,
SceneComponent,Loot_AmmoPouch_Small_01a_Spawner_C,Loot_AmmoPouch_Small_01a_Spawner_C_UAID_04687488249415B302_067538a4a975e719_1740161623,-80796.78,-44632.207,-876.8109,Old Cartridge Case,50.0,Blueprint,,,Ammo_Small,,,,
SceneComponent,Loot_AmmoPouch_Small_01a_Spawner_C,Loot_AmmoPouch_Small_01a_Spawner_C_UAID_04687488249415B302_28dfaf69cd5986be_1740161623,-66524.52,34591.094,205.99437,Old Cartridge Case,50.0,Blueprint,,,Ammo_Small,,,,
SceneComponent,Loot_AmmoPouch_Small_01a_Spawner_C,Loot_AmmoPouch_Small_01a_Spawner_C_UAID_04687488249415B302_30791b7cfa1a96e9_1740161623,-84768.02,-56914.824,-1160.9663,Old Cartridge Case,50.0,Blueprint,,,Ammo_Small,,,,
SceneComponent,Loot_AmmoPouch_Small_01a_Spawner_C,Loot_AmmoPouch_Small_01a_Spawner_C_UAID_04687488249415B302_48f494e7442bfe39_1740161623,-53250.004,90192.47,-175.15279,Old Cartridge Case,50.0,Blueprint,,,Ammo_Small,,,,
SceneComponent,Loot_AmmoPouch_Small_01a_Spawner_C,Loot_AmmoPouch_Small_01a_Spawner_C_UAID_04687488249415B302_78fb629afb2a31e2_1740161623,-86151.71,-52201.68,-1061.9028,Old Cartridge Case,50.0,Blueprint,,,Ammo_Small,,,,
SceneComponent,Loot_AmmoPouch_Small_01a_Spawner_C,Loot_AmmoPouch_Small_01a_Spawner_C_UAID_04687488249415B302_b3585c0b23f7b273_1740161623,-79847.09,-53265.504,-1063.7069,Old Cartridge Case,50.0,Blueprint,,,Ammo_Small,,,,
SceneComponent,Loot_AmmoPouch_Small_01a_Spawner_C,Loot_AmmoPouch_Small_01a_Spawner_C_UAID_04687488249415B302_e454552d2ccc2ea8_1740161623,-53340.79,85628.91,-233.58127,Old Cartridge Case,50.0,Blueprint,,,Ammo_Small,,,,
SceneComponent,Loot_AmmoPouch_Small_01a_Spawner_C,Loot_AmmoPouch_Small_01a_Spawner_C_UAID_046874882494359A02_68479541b25a7529_1290743164,25471.385,45353.11,-2024.593,Old Cartridge Case,50.0,Blueprint,,,Ammo_Small,,,,
SceneComponent,Loot_AmmoPouch_Small_01a_Spawner_C,Loot_AmmoPouch_Small_01a_Spawner_C_UAID_046874882494359A02_68479541b25a7529_1290951175,26151.496,44903.664,-2022.9216,Old Cartridge Case,50.0,Blueprint,,,Ammo_Small,,,,
SceneComponent,Loot_AmmoPouch_Small_01a_Spawner_C,Loot_AmmoPouch_Small_01a_Spawner_C_UAID_0468748824945BB902_11158c6f7229cdc0_1721092311,6854.6133,10717.366,-2186.1914,Old Cartridge Case,10.0,Custom,,,Ammo_Small,,,,
SceneComponent,Loot_AmmoPouch_Small_01a_Spawner_C,Loot_AmmoPouch_Small_01a_Spawner_C_UAID_0468748824945D9802_31b34140d09411f6_1722386703,-17414.453,44371.832,674.68475,Old Cartridge Case,50.0,Blueprint,,,Ammo_Small,,,,
SceneComponent,Loot_AmmoPouch_Small_01a_Spawner_C,Loot_AmmoPouch_Small_01a_Spawner_C_UAID_0468748824945D9802_85570c7134ea172a_1722386703,-2514.934,16959.893,-1672.5201,Old Cartridge Case,50.0,Blueprint,,,Ammo_Small,,,,
SceneComponent,Loot_AmmoPouch_Small_01a_Spawner_C,Loot_AmmoPouch_Small_01a_Spawner_C_UAID_046874882494619802_c1357729720cf173_1311081149,14441.247,21547.033,-1870.8986,Old Cartridge Case,50.0,Blueprint,,,Ammo_Small,,,,
SceneComponent,Loot_AmmoPouch_Small_01a_Spawner_C,Loot_AmmoPouch_Small_01a_Spawner_C_UAID_04687488249466B302_11c294cc824aeaf3_1341903138,25167.58,15629.369,-2556.3691,Old Cartridge Case,10.0,Custom,,,Ammo_Small,,,,
SceneComponent,Loot_AmmoPouch_Small_01a_Spawner_C,Loot_AmmoPouch_Small_01a_Spawner_C_UAID_04687488249466B302_11c294cc824aeaf3_1367728606,26028.38,17107.725,-2555.9414,Old Cartridge Case,10.0,Custom,,,Ammo_Small,,,,
SceneComponent,Loot_AmmoPouch_Small_01a_Spawner_C,Loot_AmmoPouch_Small_01a_Spawner_C_UAID_046874882494829A02_68e0512c24d92e8f_1230525542,12555.917,19500.316,-1898.7958,Old Cartridge Case,50.0,Blueprint,,,Ammo_Small,,,,
SceneComponent,Loot_AmmoPouch_Small_01a_Spawner_C,Loot_AmmoPouch_Small_01a_Spawner_C_UAID_046874882494977D02_be6a6beac2196855_1269417612,10237.599,33937.758,-1861.4227,Old Cartridge Case,10.0,Custom,,,Ammo_Small,,,,
SceneComponent,Loot_AmmoPouch_Small_01a_Spawner_C,Loot_AmmoPouch_Small_01a_Spawner_C_UAID_046874882494977D02_be6a6beac2196855_1270700793,10836.908,31687.672,-1356.6904,Old Cartridge Case,50.0,Blueprint,,,Ammo_Small,,,,
SceneComponent,Loot_AmmoPouch_Small_01a_Spawner_C,Loot_AmmoPouch_Small_01a_Spawner_C_UAID_046874882494FE9802_e515a311258b40d3_1767541556,-11303.181,43578.1,-99.04762,Old Cartridge Case,50.0,Blueprint,,,Ammo_Small,,,,
SceneComponent,Loot_AmmoPouch_Small_01a_Spawner_C,Loot_AmmoPouch_Small_01a_Spawner_C_UAID_046874882494FE9802_e515a311258b40d3_1782608271,-10228.251,40290.664,-149.96501,Old Cartridge Case,10.0,Custom,,,Ammo_Small,,,,
SceneComponent,Loot_AmmoPouch_Small_01a_Spawner_C,Loot_AmmoPouch_Small_01a_Spawner_C_UAID_04D9F5F93AD5763302_2e5bcb6f1ebb3a01_1724636339,39240.863,-2595.1804,-1941.2028,Old Cartridge Case,10.0,Custom,,,Ammo_Small,,,,
SceneComponent,Loot_AmmoPouch_Small_01a_Spawner_C,Loot_AmmoPouch_Small_01a_Spawner_C_UAID_04D9F5F93AD5763302_65f84aacc33ccdb0_1724636339,49217.58,48083.066,-2223.9866,Old Cartridge Case,10.0,Custom,,,Ammo_Small,,,,
SceneComponent,Loot_AmmoPouch_Small_01a_Spawner_C,Loot_AmmoPouch_Small_01a_Spawner_C_UAID_04D9F5F93AD5763302_bcc0ce472eb84be6_1724636339,12734.742,8227.693,-1778.993,Old Cartridge Case,10.0,Custom,,,Ammo_Small,,,,
SceneComponent,Loot_AmmoPouch_Small_01a_Spawner_C,Loot_AmmoPouch_Small_01a_Spawner_C_UAID_581CF8B723151F8002_dca082373cf3e830_2038676559,17520.988,-4356.817,-648.738,Old Cartridge Case,50.0,Blueprint,,,Ammo_Small,,,,
SceneComponent,Loot_AmmoPouch_Small_01a_Spawner_C,Loot_AmmoPouch_Small_01a_Spawner_C_UAID_581CF8B723153E8F02_d2b622e41626617e_1879302869,45625.37,-17274.842,-5219.4614,Old Cartridge Case,50.0,Blueprint,,,Ammo_Small,,,,
SceneComponent,Loot_AmmoPouch_Small_01a_Spawner_C,Loot_AmmoPouch_Small_01a_Spawner_C_UAID_581CF8B72315488E02_dfb147756528da82_1312599521,34188.3,-13201.005,-4197.9634,Old Cartridge Case,50.0,Blueprint,,,Ammo_Small,,,,
SceneComponent,Loot_AmmoPouch_Small_01a_Spawner_C,Loot_AmmoPouch_Small_01a_Spawner_C_UAID_581CF8B723155E8702_d2b622e41626617e_1092340217,40001.29,-19897.723,-4839.651,Old Cartridge Case,50.0,Blueprint,,,Ammo_Small,,,,
SceneComponent,Loot_AmmoPouch_Small_01a_Spawner_C,Loot_AmmoPouch_Small_01a_Spawner_C_UAID_581CF8B723156E9C02_70a1cae7777e20a4_1373395029,39240.863,-2595.1804,-1941.2028,Old Cartridge Case,10.0,Custom,,,Ammo_Small,,,,
SceneComponent,Loot_AmmoPouch_Small_01a_Spawner_C,Loot_AmmoPouch_Small_01a_Spawner_C_UAID_581CF8B723157C8602_297b636c1481f881_1805749223,34237.38,-10726.263,-4292.6885,Old Cartridge Case,50.0,Blueprint,,,Ammo_Small,,,,
SceneComponent,Loot_AmmoPouch_Small_01a_Spawner_C,Loot_AmmoPouch_Small_01a_Spawner_C_UAID_581CF8B723157C8602_adcabc3b77726472_1805749223,36003.707,-18889.934,-4701.535,Old Cartridge Case,50.0,Blueprint,,,Ammo_Small,,,,
SceneComponent,Loot_AmmoPouch_Small_01a_Spawner_C,Loot_AmmoPouch_Small_01a_Spawner_C_UAID_581CF8B72315999302_58ed27a752adb11f_1843392763,39057.266,-14968.539,-4400.8823,Old Cartridge Case,50.0,Blueprint,,,Ammo_Small,,,,
SceneComponent,Loot_AmmoPouch_Small_01a_Spawner_C,Loot_AmmoPouch_Small_01a_Spawner_C_UAID_581CF8B72315A68D02_289b204959a58d51_1539644833,36954.63,-18839.46,-7762.093,Old Cartridge Case,50.0,Blueprint,,,Ammo_Small,,,,
SceneComponent,Loot_AmmoPouch_Small_01a_Spawner_C,Loot_AmmoPouch_Small_01a_Spawner_C_UAID_581CF8B72315AC8202_a517a7b494159cca_1171550062,36426.156,-12020.06,-3061.7656,Old Cartridge Case,50.0,Blueprint,,,Ammo_Small,,,,
SceneComponent,Loot_AmmoPouch_Small_01a_Spawner_C,Loot_AmmoPouch_Small_01a_Spawner_C_UAID_581CF8B72315BC9602_adcabc3b77726472_1241762318,37013.5,-20009.033,-4655.0225,Old Cartridge Case,50.0,Blueprint,,,Ammo_Small,,,,
SceneComponent,Loot_AmmoPouch_Small_01a_Spawner_C,Loot_AmmoPouch_Small_01a_Spawner_C_UAID_581CF8B72315D19602_668bffaf429d00f2_1980335185,35695.145,-22118.676,-4667.315,Old Cartridge Case,50.0,Blueprint,,,Ammo_Small,,,,
SceneComponent,Loot_AmmoPouch_Small_01a_Spawner_C,Loot_AmmoPouch_Small_01a_Spawner_C_UAID_581CF8B72315D68F02_0f7a0ffded9e9812_1850962615,33874.88,-9674.207,-946.6985,Old Cartridge Case,50.0,Blueprint,,,Ammo_Small,,,,
SceneComponent,Loot_AmmoPouch_Small_01a_Spawner_C,Loot_AmmoPouch_Small_01a_Spawner_C_UAID_581CF8B72315E77E02_4b003ba387a57fa1_1407818405,18685.084,-4412.257,-695.7828,Old Cartridge Case,50.0,Blueprint,,,Ammo_Small,,,,
SceneComponent,Loot_Amphora_01a_Spawner_C,Loot_Amphora_01a_Spawner_C_UAID_046874882494829A02_68e0512c24d92e8f_1230393465,13644.04,19087.252,-1637.9988,Large Amphora,25.0,Blueprint,,,Amphora,,,,
SceneComponent,Loot_Amphora_01a_Spawner_C,Loot_Amphora_01a_Spawner_C_UAID_046874882494829A02_68e0512c24d92e8f_1230472514,12575.862,18878.412,-1987.7395,Large Amphora,25.0,Blueprint,,,Amphora,,,,
SceneComponent,Loot_Amphora_01a_Spawner_C,Loot_Amphora_01a_Spawner_C_UAID_046874882494829A02_68e0512c24d92e8f_1230508531,13328.338,18802.543,-1987.7678,Large Amphora,50.0,Custom,,,Amphora,,,,
SceneComponent,Loot_Amphora_01a_Spawner_C,Loot_Amphora_01a_Spawner_C_UAID_046874882494829A02_68e0512c24d92e8f_1230566574,11953.595,18707.191,-2049.191,Large Amphora,25.0,Blueprint,,,Amphora,,,,
SceneComponent,Loot_Amphora_01a_Spawner_C,Loot_Amphora_01a_Spawner_C_UAID_04D9F5F93AD57E3F02_285d8d0438310b65_1725800521,27330.178,46533.555,-2088.721,Large Amphora,25.0,Blueprint,,,Amphora,,,,
SceneComponent,Loot_Amphora_01a_Spawner_C,Loot_Amphora_01a_Spawner_C_UAID_04D9F5F93AD57E3F02_b24b83461a382783_1725800521,10463.467,22075.705,-1965.5477,Large Amphora,25.0,Blueprint,,,Amphora,,,,
SceneComponent,Loot_Amphora_01a_Spawner_C,Loot_Amphora_01a_Spawner_C_UAID_04D9F5F93AD57E3F02_bcce546c1dc183c6_1725800521,-752.2693,15148.316,-2029.7758,Large Amphora,25.0,Blueprint,,,Amphora,,,,
SceneComponent,Loot_Amphora_01a_Spawner_C,Loot_Amphora_01a_Spawner_C_UAID_04D9F5F93AD57E3F02_e8d7c584448c3be6_1725800521,-2811.023,11082.415,-1964.7443,Large Amphora,25.0,Blueprint,,,Amphora,,,,
SceneComponent,Loot_Amphora_01a_Spawner_C,Loot_Amphora_01a_Spawner_C_UAID_04D9F5F93AD5CE4902_2b1cf6401ef78c3e_1323117062,14534.49,19394.152,-2033.3658,Large Amphora,25.0,Blueprint,,,Amphora,,,,
SceneComponent,Loot_Amphora_01a_Spawner_C,Loot_Amphora_01a_Spawner_C_UAID_04D9F5F93AD5CE4902_2b1cf6401ef78c3e_1334621067,14729.384,19905.662,-2034.0452,Large Amphora,25.0,Blueprint,,,Amphora,,,,
SceneComponent,Loot_Amphora_01a_Spawner_C,Loot_Amphora_01a_Spawner_C_UAID_04D9F5F93AD5CE4902_8120ab00ad815ff9_1323117062,12866.253,21020.49,-2036.592,Large Amphora,25.0,Blueprint,,,Amphora,,,,
SceneComponent,Loot_Amphora_01a_Spawner_C,Loot_Amphora_01a_Spawner_C_UAID_04D9F5F93AD5CE4902_8120ab00ad815ff9_1334621067,12660.238,20513.357,-2037.2712,Large Amphora,25.0,Blueprint,,,Amphora,,,,
SceneComponent,Loot_Amphora_01a_Spawner_C,Loot_Amphora_01a_Spawner_C_UAID_581CF8B72315198C02_9e8da11e2d3b4773_1106455090,44161.32,-22882.078,-3262.9067,Large Amphora,25.0,Blueprint,,,Amphora,,,,
SceneComponent,Loot_Amphora_01a_Spawner_C,Loot_Amphora_01a_Spawner_C_UAID_581CF8B723151F8002_dca082373cf3e830_2011836553,16742.873,-4893.6895,-743.24506,Large Amphora,25.0,Blueprint,,,Amphora,,,,
SceneComponent,Loot_Amphora_01a_Spawner_C,Loot_Amphora_01a_Spawner_C_UAID_581CF8B72315488E02_dfb147756528da82_1333231527,32693.482,-13359.064,-4315.3203,Large Amphora,25.0,Blueprint,,,Amphora,,,,
SceneComponent,Loot_Amphora_01a_Spawner_C,Loot_Amphora_01a_Spawner_C_UAID_581CF8B723157C8602_297b636c1481f881_1796131217,34274.766,-11009.172,-4335.6,Large Amphora,25.0,Blueprint,,,Amphora,,,,
SceneComponent,Loot_Amphora_01a_Spawner_C,Loot_Amphora_01a_Spawner_C_UAID_581CF8B723157C8602_adcabc3b77726472_1796131217,36489.707,-18549.236,-4732.7573,Large Amphora,25.0,Blueprint,,,Amphora,,,,
SceneComponent,Loot_Amphora_01a_Spawner_C,Loot_Amphora_01a_Spawner_C_UAID_581CF8B72315829002_d2b622e41626617e_1944317351,44866.67,-20711.553,-5903.889,Large Amphora,25.0,Blueprint,,,Amphora,,,,
SceneComponent,Loot_Amphora_01a_Spawner_C,Loot_Amphora_01a_Spawner_C_UAID_581CF8B72315957E02_129128160f00dfd4_1824853640,40744.055,16414.244,-2177.3833,Large Amphora,25.0,Blueprint,,,Amphora,,,,
SceneComponent,Loot_Amphora_01a_Spawner_C,Loot_Amphora_01a_Spawner_C_UAID_581CF8B72315AA5002_c1357729720cf173_1983307117,14908.841,21457.674,-2310.5576,Large Amphora,25.0,Blueprint,,,Amphora,,,,
SceneComponent,Loot_Amphora_01a_Spawner_C,Loot_Amphora_01a_Spawner_C_UAID_581CF8B72315CC7F02_b9ed3e3c39f77a44_1092382750,40403.453,14049.624,-1829.6005,Large Amphora,25.0,Blueprint,,,Amphora,,,,
SceneComponent,Loot_Amphora_01a_Spawner_C,Loot_Amphora_01a_Spawner_C_UAID_581CF8B72315CC7F02_ef5e067ba124a252_1092382750,-3066.4248,14560.626,-1651.9579,Large Amphora,25.0,Blueprint,,,Amphora,,,,
SceneComponent,Loot_Amphora_01a_Spawner_C,Loot_Amphora_01a_Spawner_C_UAID_581CF8B72315E77E02_4b003ba387a57fa1_1371933399,18973.963,-4576.1987,-744.05426,Large Amphora,25.0,Blueprint,,,Amphora,,,,
SceneComponent,Loot_ArmorCrate_01a_Spawner_C,Loot_ArmorCrate_01a_Spawner_C_2fa6262d75ac1966_1,39561.22,16735.06,-2166.827,Armour Chest,50.0,Blueprint,,,Armor_Medium,,,,
SceneComponent,Loot_ArmorCrate_01a_Spawner_C,Loot_ArmorCrate_01a_Spawner_C_UAID_046874882494829A02_68e0512c24d92e8f_1230486524,13662.033,18866.773,-1986.9434,Armour Chest,100.0,Custom,,,Armor_Medium,,,,
SceneComponent,Loot_ArmorCrate_01a_Spawner_C,Loot_ArmorCrate_01a_Spawner_C_UAID_046874882494977D02_be6a6beac2196855_1270179686,10036.497,30674.742,-1912.1561,Armour Chest,100.0,Custom,,,Armor_Medium,,,,
SceneComponent,Loot_ArmorCrate_01a_Spawner_C,Loot_ArmorCrate_01a_Spawner_C_UAID_046874882494B3B302_b672bb6c668a37ab_1992226413,-20839.543,43061.977,553.8116,Armour Chest,50.0,Blueprint,,,Armor_Medium,,,,
SceneComponent,Loot_ArmorCrate_01a_Spawner_C,Loot_ArmorCrate_01a_Spawner_C_UAID_046874882494DB9A02_2fa6262d75ac1966_2079896620,39986.305,17132.607,-2173.6772,Armour Chest,50.0,Blueprint,,,Armor_Medium,,,,
SceneComponent,Loot_ArmorCrate_01a_Spawner_C,Loot_ArmorCrate_01a_Spawner_C_UAID_046874882494FE9802_e515a311258b40d3_1773305681,-9428.688,39760.73,-187.80537,Armour Chest,50.0,Blueprint,,,Armor_Medium,,,,
SceneComponent,Loot_ArmorCrate_01a_Spawner_C,Loot_ArmorCrate_01a_Spawner_C_UAID_581CF8B723153E8F02_d2b622e41626617e_1888944875,46279.246,-17214.816,-5320.9395,Armour Chest,50.0,Blueprint,,,Armor_Medium,,,,
SceneComponent,Loot_ArmorCrate_01a_Spawner_C,Loot_ArmorCrate_01a_Spawner_C_UAID_581CF8B72315488902_668bffaf429d00f2_1962778448,35458.35,-21967.438,-4764.8003,Armour Chest,50.0,Blueprint,,,Armor_Medium,,,,
SceneComponent,Loot_ArmorCrate_01a_Spawner_C,Loot_ArmorCrate_01a_Spawner_C_UAID_581CF8B72315488E02_dfb147756528da82_1348228533,32238.596,-12501.454,-4250.9663,Armour Chest,50.0,Blueprint,,,Armor_Medium,,,,
SceneComponent,Loot_ArmorCrate_01a_Spawner_C,Loot_ArmorCrate_01a_Spawner_C_UAID_581CF8B723155A5002_c1357729720cf173_1465134359,13554.837,20954.004,-2310.5576,Armour Chest,50.0,Blueprint,,,Armor_Medium,,,,
SceneComponent,Loot_ArmorCrate_01a_Spawner_C,Loot_ArmorCrate_01a_Spawner_C_UAID_581CF8B72315689102_d2b622e41626617e_1479271055,43119.855,-16657.035,-6316.9067,Armour Chest,50.0,Blueprint,,,Armor_Medium,,,,
SceneComponent,Loot_ArmorCrate_01a_Spawner_C,Loot_ArmorCrate_01a_Spawner_C_UAID_581CF8B72315708602_297b636c1481f881_1704724025,33572.094,-10977.226,-4303.178,Armour Chest,50.0,Blueprint,,,Armor_Medium,,,,
SceneComponent,Loot_ArmorCrate_01a_Spawner_C,Loot_ArmorCrate_01a_Spawner_C_UAID_581CF8B72315708602_adcabc3b77726472_1704724025,36061.69,-18117.508,-4704.905,Armour Chest,50.0,Blueprint,,,Armor_Medium,,,,
SceneComponent,Loot_ArmorCrate_01a_Spawner_C,Loot_ArmorCrate_01a_Spawner_C_UAID_581CF8B72315A15602_6bd21faec174208a_1691650083,8871.513,20412.885,-1488.6693,Armour Chest,50.0,Blueprint,,,Armor_Medium,,,,
SceneComponent,Loot_ArmorCrate_01a_Spawner_C,Loot_ArmorCrate_01a_Spawner_C_UAID_581CF8B72315AD8702_2f97df07b1f97260_1804433820,44705.484,-15140.51,-6283.998,Armour Chest,50.0,Blueprint,,,Armor_Medium,,,,
SceneComponent,Loot_ArmorCrate_01a_Spawner_C,Loot_ArmorCrate_01a_Spawner_C_UAID_581CF8B72315AD8702_3887107067263f04_1804433820,37610.992,-15277.288,-8066.7725,Armour Chest,50.0,Blueprint,,,Armor_Medium,,,,
SceneComponent,Loot_ArmorCrate_01a_Spawner_C,UNP_Loot_AmmoBox_Medium_01a_Spawner_UAID_046874882494449B02_be84b45a7f1a85a5_1513136994,44007.965,28969.139,-2162.584,Armour Chest,50.0,Blueprint,,,Armor_Medium,,,,
SceneComponent,Loot_ArmorCrate_01a_Spawner_C,UNP_Loot_ArmorCrate_01a_4b003ba387a57fa1_0,18906.29,-3827.4575,-744.94714,Armour Chest,50.0,Blueprint,,,Armor_Medium,,,,
SceneComponent,Loot_ArmorCrate_01a_Spawner_C,UNP_Loot_ArmorCrate_01a_Spawner_UAID_046874882494977D02_be6a6beac2196855_1270697791,11042.194,31697.557,-1361.5697,Armour Chest,20.0,Custom,,,Armor_Medium,,,,
SceneComponent,Loot_ArmorCrate_01a_Spawner_C,UNP_Loot_ArmorCrate_01a_Spawner_UAID_046874882494FE9802_e515a311258b40d3_1775112787,-8664.157,42894.023,-191.85043,Armour Chest,20.0,Custom,,,Armor_Medium,,,,
SceneComponent,Loot_ArmorCrate_01a_Spawner_C,UNP_Loot_ArmorCrate_01a_Spawner_UAID_046874882494FE9802_e515a311258b40d3_1778052946,-10657.006,38688.37,354.99066,Armour Chest,20.0,Custom,,,Armor_Medium,,,,
SceneComponent,Loot_ArmorCrate_UREL_02a_Spawner_C,Loot_ArmorCrate_UREL_02a_Spawner_C_UAID_04D9F5F93AD511A102_fee95617eaee0162_2108619277,42064.797,-18393.0,-6657.8125,Reinforced Armour Chest,50.0,Blueprint,,,Armor_UREL,,,,
SceneComponent,Loot_ArmorCrate_UREL_02a_Spawner_C,Loot_ArmorCrate_UREL_02a_Spawner_C_UAID_581CF8B72315D09C02_d2b622e41626617e_1625099280,43698.38,-18248.443,-7923.1616,Reinforced Armour Chest,50.0,Blueprint,,,Armor_UREL,,,,
SceneComponent,Loot_AshPile_01a_Spawner_C,Loot_AshPile_01a_Spawner_C_UAID_00FF8EFC2BEF5F8202_2fa6262d75ac1966_1532847739,40420.824,17002.734,-2093.8218,Pile of Ash,50.0,Blueprint,,,AshPile,,,,
SceneComponent,Loot_AshPile_01a_Spawner_C,Loot_AshPile_01a_Spawner_C_UAID_046874882494DD9A02_129128160f00dfd4_1638926124,39933.594,15406.176,-2165.0483,Pile of Ash,50.0,Blueprint,,,AshPile,,,,
SceneComponent,Loot_AshPile_01a_Spawner_C,Loot_AshPile_01a_Spawner_C_UAID_046874882494DD9A02_129128160f00dfd4_1638940131,39992.344,15160.005,-2150.6047,Pile of Ash,50.0,Blueprint,,,AshPile,,,,
SceneComponent,Loot_AshPile_01a_Spawner_C,Loot_AshPile_01a_Spawner_C_UAID_046874882494DD9A02_129128160f00dfd4_1638945134,40330.035,15168.135,-2174.9375,Pile of Ash,50.0,Blueprint,,,AshPile,,,,
SceneComponent,Loot_AshPile_01a_Spawner_C,Loot_AshPile_01a_Spawner_C_UAID_04D9F5F93AD5FB8602_48fc168e6384f634_1579754588,38870.973,-12919.383,-3554.0493,Pile of Ash,50.0,Blueprint,,,AshPile,,,,
SceneComponent,Loot_AshPile_01a_Spawner_C,Loot_AshPile_01a_Spawner_C_UAID_08BFB82FEC6ABFE302_8120ab00ad815ff9_1937968998,13030.935,20648.133,-1640.6635,Pile of Ash,50.0,Blueprint,,,AshPile,,,,
SceneComponent,Loot_AshPile_01a_Spawner_C,Loot_AshPile_01a_Spawner_C_UAID_08BFB82FEC6ABFE302_8120ab00ad815ff9_1961837004,12560.151,20938.557,-1638.5344,Pile of Ash,50.0,Blueprint,,,AshPile,,,,
SceneComponent,Loot_AshPile_01a_Spawner_C,Loot_AshPile_01a_Spawner_C_UAID_08BFB82FEC6AC3E302_8120ab00ad815ff9_2067821991,11924.826,21042.994,-1638.4337,Pile of Ash,50.0,Blueprint,,,AshPile,,,,
SceneComponent,Loot_AshPile_01a_Spawner_C,Loot_AshPile_01a_Spawner_C_UAID_08BFB82FEC6AC4E302_8120ab00ad815ff9_1444576095,12591.81,20302.213,-1640.6368,Pile of Ash,50.0,Blueprint,,,AshPile,,,,
SceneComponent,Loot_AshPile_01a_Spawner_C,Loot_AshPile_01a_Spawner_C_UAID_08BFB82FEC6AC4E302_8120ab00ad815ff9_1473942101,12302.635,21374.229,-1639.4741,Pile of Ash,50.0,Blueprint,,,AshPile,,,,
SceneComponent,Loot_AshPile_01a_Spawner_C,Loot_AshPile_01a_Spawner_C_UAID_581CF8B72315927E02_129128160f00dfd4_1444672360,38481.984,14686.478,-2154.6025,Pile of Ash,50.0,Blueprint,,,AshPile,,,,
SceneComponent,Loot_AshPile_01a_Spawner_C,Loot_AshPile_01a_Spawner_C_UAID_581CF8B72315947E02_129128160f00dfd4_1667272941,39648.17,14475.58,-2149.6833,Pile of Ash,50.0,Blueprint,,,AshPile,,,,
SceneComponent,Loot_AshPile_01a_Spawner_C,Loot_AshPile_01a_Spawner_C_UAID_581CF8B72315957E02_129128160f00dfd4_1895639647,40317.04,16151.383,-2168.9524,Pile of Ash,50.0,Blueprint,,,AshPile,,,,
SceneComponent,Loot_Barrel_01a_Spawner_C,Loot_Barrel_01a_Spawner_C_2fa6262d75ac1966_161,39557.938,17203.957,-1615.1743,Oak Barrel,,,,,OakBarrel,,,,
SceneComponent,Loot_Barrel_01a_Spawner_C,Loot_Barrel_01a_Spawner_C_4481ef720ae1ae21_11,-10403.882,-5847.625,-1476.9653,Oak Barrel,,,,,OakBarrel,,,,
SceneComponent,Loot_Barrel_01a_Spawner_C,Loot_Barrel_01a_Spawner_C_4481ef720ae1ae21_12,-11663.424,-5674.372,-1495.7985,Oak Barrel,,,,,OakBarrel,,,,
SceneComponent,Loot_Barrel_01a_Spawner_C,Loot_Barrel_01a_Spawner_C_4481ef720ae1ae21_13,-10625.17,-7389.365,-1476.9634,Oak Barrel,,,,,OakBarrel,,,,
SceneComponent,Loot_Barrel_01a_Spawner_C,Loot_Barrel_01a_Spawner_C_4481ef720ae1ae21_14,-10164.792,-7481.6655,-1970.3196,Oak Barrel,,,,,OakBarrel,,,,
SceneComponent,Loot_Barrel_01a_Spawner_C,Loot_Barrel_01a_Spawner_C_68479541b25a7529_59,26184.684,45297.01,-2607.457,Oak Barrel,,,,,OakBarrel,,,,
SceneComponent,Loot_Barrel_01a_Spawner_C,Loot_Barrel_01a_Spawner_C_UAID_00FF8EFC2BEF5E8202_129128160f00dfd4_1277081350,38726.594,15143.728,-2177.3833,Oak Barrel,,,,,OakBarrel,,,,
SceneComponent,Loot_Barrel_01a_Spawner_C,Loot_Barrel_01a_Spawner_C_UAID_00FF8EFC2BEF6C5002_9ab37ca1850e4e45_2024411197,-8097.49,-8159.7246,-1460.1107,Oak Barrel,,,,,OakBarrel,,,,
SceneComponent,Loot_Barrel_01a_Spawner_C,Loot_Barrel_01a_Spawner_C_UAID_00FF8EFC2BEF6E6102_1640278568,9353.481,41691.246,-1703.058,Oak Barrel,,,,,OakBarrel,,,,
SceneComponent,Loot_Barrel_01a_Spawner_C,Loot_Barrel_01a_Spawner_C_UAID_00FF8EFC2BEF6E6102_1649055574,9586.709,41986.0,-1728.7843,Oak Barrel,,,,,OakBarrel,,,,
SceneComponent,Loot_Barrel_01a_Spawner_C,Loot_Barrel_01a_Spawner_C_UAID_00FF8EFC2BEFAA5502_10ddb5bc633da2d8_1297369434,-13305.044,30267.535,-805.2931,Oak Barrel,,,,,OakBarrel,,,,
SceneComponent,Loot_Barrel_01a_Spawner_C,Loot_Barrel_01a_Spawner_C_UAID_00FF8EFC2BEFAA5502_1f490eb6e972b0aa_1297369434,48772.195,39680.285,-1759.9694,Oak Barrel,,,,,OakBarrel,,,,
SceneComponent,Loot_Barrel_01a_Spawner_C,Loot_Barrel_01a_Spawner_C_UAID_00FF8EFC2BEFAA5502_267f443e5b6d3a4d_1297369434,-15108.1,-5760.6704,-1505.2968,Oak Barrel,,,,,OakBarrel,,,,
SceneComponent,Loot_Barrel_01a_Spawner_C,Loot_Barrel_01a_Spawner_C_UAID_00FF8EFC2BEFAA5502_387646a3d9a4960f_1297369434,34221.414,48156.9,-2013.4417,Oak Barrel,,,,,OakBarrel,,,,
SceneComponent,Loot_Barrel_01a_Spawner_C,Loot_Barrel_01a_Spawner_C_UAID_00FF8EFC2BEFAA5502_524b450df7851294_1297369434,-30002.209,22633.182,-653.27625,Oak Barrel,,,,,OakBarrel,,,,
SceneComponent,Loot_Barrel_01a_Spawner_C,Loot_Barrel_01a_Spawner_C_UAID_00FF8EFC2BEFAA5502_71e4c3cb410b2ec4_1297369434,-27849.277,20699.768,-978.55426,Oak Barrel,,,,,OakBarrel,,,,
SceneComponent,Loot_Barrel_01a_Spawner_C,Loot_Barrel_01a_Spawner_C_UAID_00FF8EFC2BEFAA5502_7a9a480381d2dc3c_1297369434,-4727.8594,-5897.4185,-1585.2483,Oak Barrel,,,,,OakBarrel,,,,
SceneComponent,Loot_Barrel_01a_Spawner_C,Loot_Barrel_01a_Spawner_C_UAID_00FF8EFC2BEFAA5502_7b0f1cb68fd6647d_1297369434,-5778.4097,-9056.919,-1420.5582,Oak Barrel,,,,,OakBarrel,,,,
SceneComponent,Loot_Barrel_01a_Spawner_C,Loot_Barrel_01a_Spawner_C_UAID_00FF8EFC2BEFAA5502_99fcd8feb652a375_1297369434,-171.42584,-3275.9683,-1566.4728,Oak Barrel,,,,,OakBarrel,,,,
SceneComponent,Loot_Barrel_01a_Spawner_C,Loot_Barrel_01a_Spawner_C_UAID_00FF8EFC2BEFAA5502_a1c6feed1ca2e01f_1297369434,-17175.18,31203.584,-445.06232,Oak Barrel,,,,,OakBarrel,,,,
SceneComponent,Loot_Barrel_01a_Spawner_C,Loot_Barrel_01a_Spawner_C_UAID_00FF8EFC2BEFAA5502_ad7c3e5f9fd2137e_1297369434,-1455.2251,21056.955,-1733.115,Oak Barrel,,,,,OakBarrel,,,,
SceneComponent,Loot_Barrel_01a_Spawner_C,Loot_Barrel_01a_Spawner_C_UAID_00FF8EFC2BEFAA5502_b51afc20e29fe902_1297369434,-10627.291,-3496.9517,-1435.7612,Oak Barrel,,,,,OakBarrel,,,,
SceneComponent,Loot_Barrel_01a_Spawner_C,Loot_Barrel_01a_Spawner_C_UAID_00FF8EFC2BEFAA5502_bfc783c35ca7593c_1297369434,-27164.975,19494.424,-1052.0315,Oak Barrel,,,,,OakBarrel,,,,
SceneComponent,Loot_Barrel_01a_Spawner_C,Loot_Barrel_01a_Spawner_C_UAID_00FF8EFC2BEFAA5502_c408a596571c1e05_1297369434,22663.568,43634.684,-1991.0358,Oak Barrel,,,,,OakBarrel,,,,
SceneComponent,Loot_Barrel_01a_Spawner_C,Loot_Barrel_01a_Spawner_C_UAID_00FF8EFC2BEFAA5502_d579ac9d21c3f196_1297369434,-24645.902,-10027.2295,-1567.8508,Oak Barrel,,,,,OakBarrel,,,,
SceneComponent,Loot_Barrel_01a_Spawner_C,Loot_Barrel_01a_Spawner_C_UAID_00FF8EFC2BEFAA5502_e1a36d27433c175d_1297369434,-21988.094,11947.44,-1797.0929,Oak Barrel,,,,,OakBarrel,,,,
SceneComponent,Loot_Barrel_01a_Spawner_C,Loot_Barrel_01a_Spawner_C_UAID_00FF8EFC2BEFAA5502_e1e5c0631cb8dabc_1297369434,34064.617,29476.193,-1744.544,Oak Barrel,,,,,OakBarrel,,,,
SceneComponent,Loot_Barrel_01a_Spawner_C,Loot_Barrel_01a_Spawner_C_UAID_00FF8EFC2BEFAA5502_ef9d623031c4fd2f_1297369434,-2723.2886,35898.37,-964.9419,Oak Barrel,,,,,OakBarrel,,,,
SceneComponent,Loot_Barrel_01a_Spawner_C,Loot_Barrel_01a_Spawner_C_UAID_00FF8EFC2BEFB75A02_1772310792,-9556.725,-397.89853,-1814.7747,Oak Barrel,,,,,OakBarrel,,,,
SceneComponent,Loot_Barrel_01a_Spawner_C,Loot_Barrel_01a_Spawner_C_UAID_00FF8EFC2BEFC3D302_fee95617eaee0162_2045699888,33899.137,-3482.0444,144.66449,Oak Barrel,,,,,OakBarrel,,,,
SceneComponent,Loot_Barrel_01a_Spawner_C,Loot_Barrel_01a_Spawner_C_UAID_00FF8EFC2BEFD24D02_0b0880b3ba97f28a_1103800447,-15898.195,-4654.9834,-1596.3921,Oak Barrel,,,,,OakBarrel,,,,
SceneComponent,Loot_Barrel_01a_Spawner_C,Loot_Barrel_01a_Spawner_C_UAID_00FF8EFC2BEFD24D02_1285bf94c07dd1ed_1103800447,-20271.299,-983.2937,-1761.959,Oak Barrel,,,,,OakBarrel,,,,
SceneComponent,Loot_Barrel_01a_Spawner_C,Loot_Barrel_01a_Spawner_C_UAID_00FF8EFC2BEFD24D02_1a71109b3cf6d6fd_1103800447,35121.69,32637.75,-1601.2745,Oak Barrel,,,,,OakBarrel,,,,
SceneComponent,Loot_Barrel_01a_Spawner_C,Loot_Barrel_01a_Spawner_C_UAID_00FF8EFC2BEFD24D02_277794bdb60a92b2_1103800447,27059.709,44353.38,-2079.1355,Oak Barrel,,,,,OakBarrel,,,,
SceneComponent,Loot_Barrel_01a_Spawner_C,Loot_Barrel_01a_Spawner_C_UAID_00FF8EFC2BEFD24D02_2b1a06b87c8950d9_1103800447,-13950.06,41107.316,19.20478,Oak Barrel,,,,,OakBarrel,,,,
SceneComponent,Loot_Barrel_01a_Spawner_C,Loot_Barrel_01a_Spawner_C_UAID_00FF8EFC2BEFD24D02_4aa6fb84002045f1_1103800447,-7380.307,-7973.5034,-1314.9458,Oak Barrel,,,,,OakBarrel,,,,
SceneComponent,Loot_Barrel_01a_Spawner_C,Loot_Barrel_01a_Spawner_C_UAID_00FF8EFC2BEFD24D02_4e8f73d04fda1162_1103800447,28195.62,44627.41,-2034.6581,Oak Barrel,,,,,OakBarrel,,,,
SceneComponent,Loot_Barrel_01a_Spawner_C,Loot_Barrel_01a_Spawner_C_UAID_00FF8EFC2BEFD24D02_4f20347e88536b43_1103800447,-15031.373,-8282.35,-1506.3564,Oak Barrel,,,,,OakBarrel,,,,
SceneComponent,Loot_Barrel_01a_Spawner_C,Loot_Barrel_01a_Spawner_C_UAID_00FF8EFC2BEFD24D02_53176c89e86885ab_1103800447,-15688.507,-10035.654,-1514.7191,Oak Barrel,,,,,OakBarrel,,,,
SceneComponent,Loot_Barrel_01a_Spawner_C,Loot_Barrel_01a_Spawner_C_UAID_00FF8EFC2BEFD24D02_7b3c1383a1d1924b_1103800447,32704.803,33971.73,-1623.7024,Oak Barrel,,,,,OakBarrel,,,,
SceneComponent,Loot_Barrel_01a_Spawner_C,Loot_Barrel_01a_Spawner_C_UAID_00FF8EFC2BEFD24D02_85d9ad0575e18a14_1103800447,-22976.697,26598.342,-678.42175,Oak Barrel,,,,,OakBarrel,,,,
SceneComponent,Loot_Barrel_01a_Spawner_C,Loot_Barrel_01a_Spawner_C_UAID_00FF8EFC2BEFD24D02_8a9aa044cbf1e285_1103800447,35166.93,28573.234,-1952.4398,Oak Barrel,,,,,OakBarrel,,,,
SceneComponent,Loot_Barrel_01a_Spawner_C,Loot_Barrel_01a_Spawner_C_UAID_00FF8EFC2BEFD24D02_9a91781685fab1a7_1103800447,-21666.738,-8701.982,-1343.1104,Oak Barrel,,,,,OakBarrel,,,,
SceneComponent,Loot_Barrel_01a_Spawner_C,Loot_Barrel_01a_Spawner_C_UAID_00FF8EFC2BEFD24D02_dbfe3d18c7dec3f9_1103800447,-14778.144,-9842.683,-1486.2593,Oak Barrel,,,,,OakBarrel,,,,
SceneComponent,Loot_Barrel_01a_Spawner_C,Loot_Barrel_01a_Spawner_C_UAID_00FF8EFC2BEFDD5D02_08fe51cb2a9b4a73_2092984362,317.5989,25805.512,-1376.8995,Oak Barrel,,,,,OakBarrel,,,,
SceneComponent,Loot_Barrel_01a_Spawner_C,Loot_Barrel_01a_Spawner_C_UAID_00FF8EFC2BEFDD5D02_598846f90c9a0cd5_2092984362,38718.56,34757.06,-1441.774,Oak Barrel,,,,,OakBarrel,,,,
SceneComponent,Loot_Barrel_01a_Spawner_C,Loot_Barrel_01a_Spawner_C_UAID_00FF8EFC2BEFDD5D02_7364491d8ab28457_2092984362,-24697.469,26293.377,-620.1297,Oak Barrel,,,,,OakBarrel,,,,
SceneComponent,Loot_Barrel_01a_Spawner_C,Loot_Barrel_01a_Spawner_C_UAID_00FF8EFC2BEFDD5D02_a83083e7fb0d8642_2092984362,-4923.992,33436.992,-844.9556,Oak Barrel,,,,,OakBarrel,,,,
SceneComponent,Loot_Barrel_01a_Spawner_C,Loot_Barrel_01a_Spawner_C_UAID_00FF8EFC2BEFDD5D02_b4a58d6b5b500e6a_2092984362,33207.375,37863.926,-1672.8075,Oak Barrel,,,,,OakBarrel,,,,
SceneComponent,Loot_Barrel_01a_Spawner_C,Loot_Barrel_01a_Spawner_C_UAID_00FF8EFC2BEFDD5D02_c01d38421e09e4a8_2092984362,10308.801,47230.117,-1707.4528,Oak Barrel,,,,,OakBarrel,,,,
SceneComponent,Loot_Barrel_01a_Spawner_C,Loot_Barrel_01a_Spawner_C_UAID_00FF8EFC2BEFDD5D02_d84dbc0497181677_2092984362,4844.9097,30530.047,-1679.8678,Oak Barrel,,,,,OakBarrel,,,,
SceneComponent,Loot_Barrel_01a_Spawner_C,Loot_Barrel_01a_Spawner_C_UAID_0468748824944E9B02_11b5b0c7a6f183d8_1424521940,-23724.166,24712.805,-910.2442,Oak Barrel,,,,,OakBarrel,,,,
SceneComponent,Loot_Barrel_01a_Spawner_C,Loot_Barrel_01a_Spawner_C_UAID_0468748824944E9B02_f233e748422b1e57_1424521940,8073.2515,-1972.5797,-1175.8451,Oak Barrel,,,,,OakBarrel,,,,
SceneComponent,Loot_Barrel_01a_Spawner_C,Loot_Barrel_01a_Spawner_C_UAID_0468748824944E9B02_faed06f6124ced22_1424521940,-16448.645,-3869.6277,-1845.6322,Oak Barrel,,,,,OakBarrel,,,,
SceneComponent,Loot_Barrel_01a_Spawner_C,Loot_Barrel_01a_Spawner_C_UAID_0468748824945BB902_11158c6f7229cdc0_1714324897,2821.4045,10453.732,-1754.7181,Oak Barrel,,,,,OakBarrel,,,,
SceneComponent,Loot_Barrel_01a_Spawner_C,Loot_Barrel_01a_Spawner_C_UAID_04687488249475B202_dca082373cf3e830_2035072926,20864.857,-4396.516,-753.16376,Oak Barrel,,,,,OakBarrel,,,,
SceneComponent,Loot_Barrel_01a_Spawner_C,Loot_Barrel_01a_Spawner_C_UAID_581CF8B723153C9402_a517a7b494159cca_1919678620,37073.14,-9399.941,-4264.3145,Oak Barrel,,,,,OakBarrel,,,,
SceneComponent,Loot_Barrel_01a_Spawner_C,Loot_Barrel_01a_Spawner_C_UAID_581CF8B72315D68F02_0f7a0ffded9e9812_1887496627,33891.08,-9225.067,-1054.0931,Oak Barrel,,,,,OakBarrel,,,,
SceneComponent,Loot_Barrel_01a_Spawner_C,Loot_Barrel_01a_Spawner_C_UAID_581CF8B72315D98F02_0f7a0ffded9e9812_1821992483,34827.035,-8199.482,-215.28096,Oak Barrel,,,,,OakBarrel,,,,
SceneComponent,Loot_Barrel_01a_Spawner_C,PG_SC_Barrels_07_C_UAID_0468748824945BB902_11158c6f7229cdc0_1714312880,3000.3594,10044.51,-2317.0151,Oak Barrel,,,,,OakBarrel,,,,
SceneComponent,Loot_Barrel_01a_Spawner_C,UNP_BP_ForestFloor_09a1_067538a4a975e719_0,-79684.8,-45660.51,-817.2425,Oak Barrel,,,,,OakBarrel,,,,
SceneComponent,Loot_Barrel_01a_Spawner_C,UNP_BP_ForestFloor_09a1_28dfaf69cd5986be_0,-68172.0,33875.34,440.10623,Oak Barrel,,,,,OakBarrel,,,,
SceneComponent,Loot_Barrel_01a_Spawner_C,UNP_BP_ForestFloor_09a1_30791b7cfa1a96e9_0,-83639.7,-55908.13,-1056.5195,Oak Barrel,,,,,OakBarrel,,,,
SceneComponent,Loot_Barrel_01a_Spawner_C,UNP_BP_ForestFloor_09a1_48f494e7442bfe39_0,-51856.367,90754.23,-374.34436,Oak Barrel,,,,,OakBarrel,,,,
SceneComponent,Loot_Barrel_01a_Spawner_C,UNP_BP_ForestFloor_09a1_78fb629afb2a31e2_0,-85023.38,-51194.98,-957.4561,Oak Barrel,,,,,OakBarrel,,,,
SceneComponent,Loot_Barrel_01a_Spawner_C,UNP_BP_ForestFloor_09a1_b3585c0b23f7b273_0,-78718.766,-52258.805,-959.2602,Oak Barrel,,,,,OakBarrel,,,,
SceneComponent,Loot_Barrel_01a_Spawner_C,UNP_BP_ForestFloor_09a1_e454552d2ccc2ea8_0,-51947.152,86190.66,-432.77283,Oak Barrel,,,,,OakBarrel,,,,
SceneComponent,Loot_Barrel_01a_Spawner_C,UNP_Loot_Barrel_01a1_02262a5d03e70a69_1,15085.532,22959.707,-1771.7856,Oak Barrel,,,,,OakBarrel,,,,
SceneComponent,Loot_Barrel_01a_Spawner_C,UNP_Loot_Barrel_01a1_039ab8d01f784483_1,-22076.42,23499.844,-380.02765,Oak Barrel,,,,,OakBarrel,,,,
SceneComponent,Loot_Barrel_01a_Spawner_C,UNP_Loot_Barrel_01a1_25ca934595595c8c_1,37854.73,24692.783,-2078.3848,Oak Barrel,,,,,OakBarrel,,,,
SceneComponent,Loot_Barrel_01a_Spawner_C,UNP_Loot_Barrel_01a1_3059d67b4bbc9d72_1,10049.711,-1443.4778,-645.6286,Oak Barrel,,,,,OakBarrel,,,,
SceneComponent,Loot_Barrel_01a_Spawner_C,UNP_Loot_Barrel_01a1_31b34140d09411f6_3,-17685.533,44496.06,350.87006,Oak Barrel,,,,,OakBarrel,,,,
SceneComponent,Loot_Barrel_01a_Spawner_C,UNP_Loot_Barrel_01a1_3d7e79e141461900_1,-17881.342,-2408.902,-1315.4156,Oak Barrel,,,,,OakBarrel,,,,
SceneComponent,Loot_Barrel_01a_Spawner_C,UNP_Loot_Barrel_01a1_51a1ca1d1dfeb498_1,-27675.195,15399.908,-1091.7534,Oak Barrel,,,,,OakBarrel,,,,
SceneComponent,Loot_Barrel_01a_Spawner_C,UNP_Loot_Barrel_01a1_5bce2d7608ceaeda_1,11278.736,18170.771,-1772.9282,Oak Barrel,,,,,OakBarrel,,,,
SceneComponent,Loot_Barrel_01a_Spawner_C,UNP_Loot_Barrel_01a1_68311c2d437c6b8f_1,23855.594,45580.348,-1898.8788,Oak Barrel,,,,,OakBarrel,,,,
SceneComponent,Loot_Barrel_01a_Spawner_C,UNP_Loot_Barrel_01a1_75f24b53c5c4d0ce_11,-17208.748,38721.63,1196.1715,Oak Barrel,,,,,OakBarrel,,,,
SceneComponent,Loot_Barrel_01a_Spawner_C,UNP_Loot_Barrel_01a1_85570c7134ea172a_3,-2811.3225,16992.625,-1996.3347,Oak Barrel,,,,,OakBarrel,,,,
SceneComponent,Loot_Barrel_01a_Spawner_C,UNP_Loot_Barrel_01a1_ae54c015e4f59828_1,-26710.883,11643.002,-1284.6427,Oak Barrel,,,,,OakBarrel,,,,
SceneComponent,Loot_Barrel_01a_Spawner_C,UNP_Loot_Barrel_01a1_fff152065d50a3af_0,29638.797,33142.52,-1586.1125,Oak Barrel,,,,,OakBarrel,,,,
SceneComponent,Loot_Barrel_01a_Spawner_C,UNP_Loot_Barrel_01a2_02262a5d03e70a69_2,15698.107,23033.83,-1996.0099,Oak Barrel,,,,,OakBarrel,,,,
SceneComponent,Loot_Barrel_01a_Spawner_C,UNP_Loot_Barrel_01a2_25ca934595595c8c_2,38223.598,24203.201,-2313.4744,Oak Barrel,,,,,OakBarrel,,,,
SceneComponent,Loot_Barrel_01a_Spawner_C,UNP_Loot_Barrel_01a2_51a1ca1d1dfeb498_2,-27936.541,14840.942,-1315.9777,Oak Barrel,,,,,OakBarrel,,,,
SceneComponent,Loot_Barrel_01a_Spawner_C,UNP_Loot_Barrel_01a2_5bce2d7608ceaeda_2,10678.923,18025.97,-1997.1525,Oak Barrel,,,,,OakBarrel,,,,
SceneComponent,Loot_Barrel_01a_Spawner_C,UNP_Loot_Barrel_01a2_68311c2d437c6b8f_2,23430.285,46027.402,-2123.103,Oak Barrel,,,,,OakBarrel,,,,
SceneComponent,Loot_Barrel_01a_Spawner_C,UNP_Loot_Barrel_01a2_75f24b53c5c4d0ce_13,-18110.352,41253.363,726.7358,Oak Barrel,,,,,OakBarrel,,,,
SceneComponent,Loot_Barrel_01a_Spawner_C,UNP_Loot_Barrel_01a2_ae54c015e4f59828_3,-27486.094,13333.891,-1309.5923,Oak Barrel,,,,,OakBarrel,,,,
SceneComponent,Loot_Barrel_01a_Spawner_C,UNP_Loot_Barrel_01a2_fff152065d50a3af_1,29021.96,30808.273,-1615.8518,Oak Barrel,,,,,OakBarrel,,,,
SceneComponent,Loot_Barrel_01a_Spawner_C,UNP_Loot_Barrel_01a3_75f24b53c5c4d0ce_15,-18647.377,38866.09,851.9031,Oak Barrel,,,,,OakBarrel,,,,
SceneComponent,Loot_Barrel_01a_Spawner_C,UNP_Loot_Barrel_01a3_UAID_04D9F5F93AD5376D02_3f0e6d0dd4e4221e_1103958018,-28045.693,12033.084,-1323.3342,Oak Barrel,,,,,OakBarrel,,,,
SceneComponent,Loot_Barrel_01a_Spawner_C,UNP_Loot_Barrel_01a3_fff152065d50a3af_2,28781.574,31817.592,-1223.1788,Oak Barrel,,,,,OakBarrel,,,,
SceneComponent,Loot_Barrel_01a_Spawner_C,UNP_Loot_Barrel_01a4_75f24b53c5c4d0ce_16,-18040.785,40327.707,736.1279,Oak Barrel,,,,,OakBarrel,,,,
SceneComponent,Loot_Barrel_01a_Spawner_C,UNP_Loot_Barrel_01a5_75f24b53c5c4d0ce_17,-17367.99,39828.574,727.2049,Oak Barrel,,,,,OakBarrel,,,,
SceneComponent,Loot_Barrel_01a_Spawner_C,UNP_Loot_Barrel_01a5_UAID_50EBF6D29969DFA202_75f24b53c5c4d0ce_1441516984,-17495.514,39434.934,727.2049,Oak Barrel,,,,,OakBarrel,,,,
SceneComponent,Loot_Barrel_01a_Spawner_C,UNP_Loot_Barrel_01a6_75f24b53c5c4d0ce_18,-17774.756,39341.168,726.655,Oak Barrel,,,,,OakBarrel,,,,
SceneComponent,Loot_Barrel_01a_Spawner_C,UNP_Loot_Barrel_01a7_75f24b53c5c4d0ce_21,-18067.062,38489.492,726.57214,Oak Barrel,,,,,OakBarrel,,,,
SceneComponent,Loot_Barrel_01a_Spawner_C,UNP_Loot_Barrel_01a_01ca6046ea835b36_0,44365.74,38428.457,-2261.2656,Oak Barrel,,,,,OakBarrel,,,,
SceneComponent,Loot_Barrel_01a_Spawner_C,UNP_Loot_Barrel_01a_02262a5d03e70a69_0,15396.0,22758.209,-1818.5464,Oak Barrel,,,,,OakBarrel,,,,
SceneComponent,Loot_Barrel_01a_Spawner_C,UNP_Loot_Barrel_01a_039ab8d01f784483_0,-22349.123,24332.03,-900.28076,Oak Barrel,,,,,OakBarrel,,,,
SceneComponent,Loot_Barrel_01a_Spawner_C,UNP_Loot_Barrel_01a_0dbf95f2dd1e552f_0,32514.203,41099.246,-2334.2566,Oak Barrel,,,,,OakBarrel,,,,
SceneComponent,Loot_Barrel_01a_Spawner_C,UNP_Loot_Barrel_01a_0e0c855a3c61b64a_0,-28469.566,17660.094,-1122.3163,Oak Barrel,,,,,OakBarrel,,,,
SceneComponent,Loot_Barrel_01a_Spawner_C,UNP_Loot_Barrel_01a_150853ea8c65ef5f_0,-25881.826,-256.53427,-2082.1555,Oak Barrel,,,,,OakBarrel,,,,
SceneComponent,Loot_Barrel_01a_Spawner_C,UNP_Loot_Barrel_01a_19e66bb69324c711_0,45273.59,49161.207,-2334.2566,Oak Barrel,,,,,OakBarrel,,,,
SceneComponent,Loot_Barrel_01a_Spawner_C,UNP_Loot_Barrel_01a_25ca934595595c8c_0,37835.426,24323.875,-2130.4768,Oak Barrel,,,,,OakBarrel,,,,
SceneComponent,Loot_Barrel_01a_Spawner_C,UNP_Loot_Barrel_01a_27b748e20449ea68_0,39356.33,8997.738,-1310.4471,Oak Barrel,,,,,OakBarrel,,,,
SceneComponent,Loot_Barrel_01a_Spawner_C,UNP_Loot_Barrel_01a_283447ad8419eb18_0,40864.18,45931.785,-2188.6052,Oak Barrel,,,,,OakBarrel,,,,
SceneComponent,Loot_Barrel_01a_Spawner_C,UNP_Loot_Barrel_01a_285d8d0438310b65_1,26513.855,47298.27,-1764.8687,Oak Barrel,,,,,OakBarrel,,,,
SceneComponent,Loot_Barrel_01a_Spawner_C,UNP_Loot_Barrel_01a_2e489358336c508c_0,9394.515,40203.566,-1728.3601,Oak Barrel,,,,,OakBarrel,,,,
SceneComponent,Loot_Barrel_01a_Spawner_C,UNP_Loot_Barrel_01a_3059d67b4bbc9d72_0,9229.502,-1136.6266,-1165.8817,Oak Barrel,,,,,OakBarrel,,,,
SceneComponent,Loot_Barrel_01a_Spawner_C,UNP_Loot_Barrel_01a_307bfbde87bd85c1_0,38610.05,24601.521,-2341.9714,Oak Barrel,,,,,OakBarrel,,,,
SceneComponent,Loot_Barrel_01a_Spawner_C,UNP_Loot_Barrel_01a_31b34140d09411f6_2,-17514.18,43858.367,576.2848,Oak Barrel,,,,,OakBarrel,,,,
SceneComponent,Loot_Barrel_01a_Spawner_C,UNP_Loot_Barrel_01a_3b2acdc3b5476f42_0,-23224.357,21259.232,-1008.8667,Oak Barrel,,,,,OakBarrel,,,,
SceneComponent,Loot_Barrel_01a_Spawner_C,UNP_Loot_Barrel_01a_3d7e79e141461900_0,-17745.152,-3273.976,-1835.6688,Oak Barrel,,,,,OakBarrel,,,,
SceneComponent,Loot_Barrel_01a_Spawner_C,UNP_Loot_Barrel_01a_48587e268a079417_0,37599.754,36721.258,-1268.5618,Oak Barrel,,,,,OakBarrel,,,,
SceneComponent,Loot_Barrel_01a_Spawner_C,UNP_Loot_Barrel_01a_4980766c61eef4cd_2,-3399.5686,11531.845,-1556.4907,Oak Barrel,,,,,OakBarrel,,,,
SceneComponent,Loot_Barrel_01a_Spawner_C,UNP_Loot_Barrel_01a_51a1ca1d1dfeb498_0,-28010.482,15243.146,-1138.514,Oak Barrel,,,,,OakBarrel,,,,
SceneComponent,Loot_Barrel_01a_Spawner_C,UNP_Loot_Barrel_01a_53a09a3ffb011412_0,44998.848,9821.138,-1271.8553,Oak Barrel,,,,,OakBarrel,,,,
SceneComponent,Loot_Barrel_01a_Spawner_C,UNP_Loot_Barrel_01a_5bce2d7608ceaeda_0,10946.957,18334.828,-1819.6888,Oak Barrel,,,,,OakBarrel,,,,
SceneComponent,Loot_Barrel_01a_Spawner_C,UNP_Loot_Barrel_01a_68311c2d437c6b8f_0,23831.781,45949.707,-1945.6394,Oak Barrel,,,,,OakBarrel,,,,
SceneComponent,Loot_Barrel_01a_Spawner_C,UNP_Loot_Barrel_01a_6f2668c24362fb84_0,49309.01,57121.723,-1800.0032,Oak Barrel,,,,,OakBarrel,,,,
SceneComponent,Loot_Barrel_01a_Spawner_C,UNP_Loot_Barrel_01a_6fdfcd6982848d9a_0,40137.793,34300.613,-1630.8751,Oak Barrel,,,,,OakBarrel,,,,
SceneComponent,Loot_Barrel_01a_Spawner_C,UNP_Loot_Barrel_01a_75f24b53c5c4d0ce_6,-17016.318,39723.266,2130.386,Oak Barrel,,,,,OakBarrel,,,,
SceneComponent,Loot_Barrel_01a_Spawner_C,UNP_Loot_Barrel_01a_85570c7134ea172a_2,-2448.2288,16441.105,-1770.92,Oak Barrel,,,,,OakBarrel,,,,
SceneComponent,Loot_Barrel_01a_Spawner_C,UNP_Loot_Barrel_01a_85a536a5a632a626_0,12301.799,27626.758,-2346.8867,Oak Barrel,,,,,OakBarrel,,,,
SceneComponent,Loot_Barrel_01a_Spawner_C,UNP_Loot_Barrel_01a_95b333cd9467b59d_0,-6747.7275,3852.4402,-2275.0469,Oak Barrel,,,,,OakBarrel,,,,
SceneComponent,Loot_Barrel_01a_Spawner_C,UNP_Loot_Barrel_01a_Spawner1_be6a6beac2196855_3,10658.357,31651.6,-1911.6385,Oak Barrel,,,,,OakBarrel,,,,
SceneComponent,Loot_Barrel_01a_Spawner_C,UNP_Loot_Barrel_01a_Spawner_6ed2fa169529dd1e_0,1112.7463,39854.918,-1235.1483,Oak Barrel,,,,,OakBarrel,,,,
SceneComponent,Loot_Barrel_01a_Spawner_C,UNP_Loot_Barrel_01a_Spawner_7e945ee4210d475d_0,48396.59,5042.022,-927.3287,Oak Barrel,,,,,OakBarrel,,,,
SceneComponent,Loot_Barrel_01a_Spawner_C,UNP_Loot_Barrel_01a_Spawner_8d74ee310e6406d5_0,25148.686,18584.355,-2601.0862,Oak Barrel,,,,,OakBarrel,,,,
SceneComponent,Loot_Barrel_01a_Spawner_C,UNP_Loot_Barrel_01a_Spawner_C_11c294cc824aeaf3_3,24234.94,17170.887,-2597.3286,Oak Barrel,,,,,OakBarrel,,,,
SceneComponent,Loot_Barrel_01a_Spawner_C,UNP_Loot_Barrel_01a_Spawner_UAID_00FF8EFC2BEF4ABA02_5a6840b2e853ea4f_1323672773,-29494.21,47167.555,451.59567,Oak Barrel,,,,,OakBarrel,,,,
SceneComponent,Loot_Barrel_01a_Spawner_C,UNP_Loot_Barrel_01a_Spawner_UAID_00FF8EFC2BEF4ABA02_5a6840b2e853ea4f_1323673775,-29919.81,47003.5,451.18378,Oak Barrel,,,,,OakBarrel,,,,
SceneComponent,Loot_Barrel_01a_Spawner_C,UNP_Loot_Barrel_01a_Spawner_UAID_04687488249400B902_4980766c61eef4cd_1699550877,-3364.0806,11340.544,-1996.4907,Oak Barrel,,,,,OakBarrel,,,,
SceneComponent,Loot_Barrel_01a_Spawner_C,UNP_Loot_Barrel_01a_Spawner_UAID_04687488249400B902_4980766c61eef4cd_1707368130,-3838.861,11669.715,-1966.6956,Oak Barrel,,,,,OakBarrel,,,,
SceneComponent,Loot_Barrel_01a_Spawner_C,UNP_Loot_Barrel_01a_Spawner_UAID_04687488249400B902_4980766c61eef4cd_1713276273,-4004.2917,10801.655,-1966.2837,Oak Barrel,,,,,OakBarrel,,,,
SceneComponent,Loot_Barrel_01a_Spawner_C,UNP_Loot_Barrel_01a_Spawner_UAID_046874882494069902_ae54c015e4f59828_2096025538,-28235.752,12927.107,-1311.4053,Oak Barrel,,,,,OakBarrel,,,,
SceneComponent,Loot_Barrel_01a_Spawner_C,UNP_Loot_Barrel_01a_Spawner_UAID_046874882494069902_ae54c015e4f59828_2097535603,-28104.35,13065.348,-1313.0658,Oak Barrel,,,,,OakBarrel,,,,
SceneComponent,Loot_Barrel_01a_Spawner_C,UNP_Loot_Barrel_01a_Spawner_UAID_046874882494359A02_68479541b25a7529_1268816254,26135.496,47145.54,-2121.3113,Oak Barrel,,,,,OakBarrel,,,,
SceneComponent,Loot_Barrel_01a_Spawner_C,UNP_Loot_Barrel_01a_Spawner_UAID_046874882494359A02_68479541b25a7529_1290639157,26501.234,44990.793,-2124.8018,Oak Barrel,,,,,OakBarrel,,,,
SceneComponent,Loot_Barrel_01a_Spawner_C,UNP_Loot_Barrel_01a_Spawner_UAID_046874882494449B02_be84b45a7f1a85a5_1513229048,43631.387,28986.03,-2165.213,Oak Barrel,,,,,OakBarrel,,,,
SceneComponent,Loot_Barrel_01a_Spawner_C,UNP_Loot_Barrel_01a_Spawner_UAID_046874882494499B02_35f6576d0925a26d_1875381247,247.31941,15984.628,-2066.031,Oak Barrel,,,,,OakBarrel,,,,
SceneComponent,Loot_Barrel_01a_Spawner_C,UNP_Loot_Barrel_01a_Spawner_UAID_0468748824944E8902_4481ef720ae1ae21_1135160673,-10165.853,-6198.172,-1485.1364,Oak Barrel,,,,,OakBarrel,,,,
SceneComponent,Loot_Barrel_01a_Spawner_C,UNP_Loot_Barrel_01a_Spawner_UAID_0468748824944E8902_4481ef720ae1ae21_1135387680,-12209.195,-7202.4688,-1492.3955,Oak Barrel,,,,,OakBarrel,,,,
SceneComponent,Loot_Barrel_01a_Spawner_C,UNP_Loot_Barrel_01a_Spawner_UAID_0468748824944E8902_4481ef720ae1ae21_1235026884,-9444.427,-6690.154,-1968.7427,Oak Barrel,,,,,OakBarrel,,,,
SceneComponent,Loot_Barrel_01a_Spawner_C,UNP_Loot_Barrel_01a_Spawner_UAID_04687488249456B902_40332391da5e1e80_1311154320,-2517.8228,12481.055,-1997.8995,Oak Barrel,,,,,OakBarrel,,,,
SceneComponent,Loot_Barrel_01a_Spawner_C,UNP_Loot_Barrel_01a_Spawner_UAID_04687488249456B902_40332391da5e1e80_1365040403,-3800.7878,15384.375,-1994.8186,Oak Barrel,,,,,OakBarrel,,,,
SceneComponent,Loot_Barrel_01a_Spawner_C,UNP_Loot_Barrel_01a_Spawner_UAID_0468748824945BB902_11158c6f7229cdc0_1690227673,5728.972,10163.046,-1756.6265,Oak Barrel,,,,,OakBarrel,,,,
SceneComponent,Loot_Barrel_01a_Spawner_C,UNP_Loot_Barrel_01a_Spawner_UAID_0468748824945C9802_2f00d91e4ecd5bd9_1871246702,10555.492,22794.69,-1974.8053,Oak Barrel,,,,,OakBarrel,,,,
SceneComponent,Loot_Barrel_01a_Spawner_C,UNP_Loot_Barrel_01a_Spawner_UAID_0468748824945C9802_612b8435ec5bfafe_1871246702,-4947.73,13303.219,-1997.1746,Oak Barrel,,,,,OakBarrel,,,,
SceneComponent,Loot_Barrel_01a_Spawner_C,UNP_Loot_Barrel_01a_Spawner_UAID_0468748824945C9802_a60450cc09cd4878_1871246702,-587.445,17696.59,-2062.7043,Oak Barrel,,,,,OakBarrel,,,,
SceneComponent,Loot_Barrel_01a_Spawner_C,UNP_Loot_Barrel_01a_Spawner_UAID_046874882494659802_ca1edcb028361fa8_1585350529,39159.69,16413.648,-2172.0098,Oak Barrel,,,,,OakBarrel,,,,
SceneComponent,Loot_Barrel_01a_Spawner_C,UNP_Loot_Barrel_01a_Spawner_UAID_04687488249466B302_11c294cc824aeaf3_1341767132,25746.094,15647.008,-2597.9612,Oak Barrel,,,,,OakBarrel,,,,
SceneComponent,Loot_Barrel_01a_Spawner_C,UNP_Loot_Barrel_01a_Spawner_UAID_04687488249466B302_11c294cc824aeaf3_1365455529,26225.24,15953.168,-2597.5334,Oak Barrel,,,,,OakBarrel,,,,
SceneComponent,Loot_Barrel_01a_Spawner_C,UNP_Loot_Barrel_01a_Spawner_UAID_04687488249466B302_11c294cc824aeaf3_1365755539,24714.96,15561.808,-2597.5334,Oak Barrel,,,,,OakBarrel,,,,
SceneComponent,Loot_Barrel_01a_Spawner_C,UNP_Loot_Barrel_01a_Spawner_UAID_04687488249466B302_11c294cc824aeaf3_1367211577,25690.703,17920.982,-2598.2002,Oak Barrel,,,,,OakBarrel,,,,
SceneComponent,Loot_Barrel_01a_Spawner_C,UNP_Loot_Barrel_01a_Spawner_UAID_04687488249466B302_11c294cc824aeaf3_1368064628,26006.113,17316.562,-2597.5334,Oak Barrel,,,,,OakBarrel,,,,
SceneComponent,Loot_Barrel_01a_Spawner_C,UNP_Loot_Barrel_01a_Spawner_UAID_04687488249470B202_fff152065d50a3af_1748629288,28687.512,31434.93,-1242.0083,Oak Barrel,,,,,OakBarrel,,,,
SceneComponent,Loot_Barrel_01a_Spawner_C,UNP_Loot_Barrel_01a_Spawner_UAID_04687488249472BD02_e1f78a4abc3bf4ef_1743637733,-23748.91,-5845.2637,-1483.2944,Oak Barrel,,,,,OakBarrel,,,,
SceneComponent,Loot_Barrel_01a_Spawner_C,UNP_Loot_Barrel_01a_Spawner_UAID_046874882494798B02_48587e268a079417_1743448987,36089.23,36829.54,-840.8136,Oak Barrel,,,,,OakBarrel,,,,
SceneComponent,Loot_Barrel_01a_Spawner_C,UNP_Loot_Barrel_01a_Spawner_UAID_046874882494829A02_68e0512c24d92e8f_1230435490,11586.08,18617.795,-2050.9668,Oak Barrel,,,,,OakBarrel,,,,
SceneComponent,Loot_Barrel_01a_Spawner_C,UNP_Loot_Barrel_01a_Spawner_UAID_04687488249488A502_1ffbef644320408b_1129972107,27181.105,-1461.4607,-475.39014,Oak Barrel,,,,,OakBarrel,,,,
SceneComponent,Loot_Barrel_01a_Spawner_C,UNP_Loot_Barrel_01a_Spawner_UAID_04687488249488A502_6644af9402cdc227_1129972107,22178.973,6087.432,-1425.6027,Oak Barrel,,,,,OakBarrel,,,,
SceneComponent,Loot_Barrel_01a_Spawner_C,UNP_Loot_Barrel_01a_Spawner_UAID_046874882494977D02_be6a6beac2196855_1434285213,9690.031,31211.805,-1915.6526,Oak Barrel,,,,,OakBarrel,,,,
SceneComponent,Loot_Barrel_01a_Spawner_C,UNP_Loot_Barrel_01a_Spawner_UAID_046874882494A69802_68e0512c24d92e8f_1242093132,11253.699,22934.943,-2001.3153,Oak Barrel,,,,,OakBarrel,,,,
SceneComponent,Loot_Barrel_01a_Spawner_C,UNP_Loot_Barrel_01a_Spawner_UAID_046874882494A69802_68e0512c24d92e8f_1245075722,13274.74,22464.328,-1998.5387,Oak Barrel,,,,,OakBarrel,,,,
SceneComponent,Loot_Barrel_01a_Spawner_C,UNP_Loot_Barrel_01a_Spawner_UAID_046874882494A69802_68e0512c24d92e8f_1245221728,9235.385,19317.34,-1998.8491,Oak Barrel,,,,,OakBarrel,,,,
SceneComponent,Loot_Barrel_01a_Spawner_C,UNP_Loot_Barrel_01a_Spawner_UAID_046874882494A69802_68e0512c24d92e8f_1250833926,9726.417,18267.012,-1997.2028,Oak Barrel,,,,,OakBarrel,,,,
SceneComponent,Loot_Barrel_01a_Spawner_C,UNP_Loot_Barrel_01a_Spawner_UAID_046874882494A69802_68e0512c24d92e8f_1367697025,7017.9927,20008.703,-1987.0609,Oak Barrel,,,,,OakBarrel,,,,
SceneComponent,Loot_Barrel_01a_Spawner_C,UNP_Loot_Barrel_01a_Spawner_UAID_046874882494AFB302_eb580424d23ccad1_1652352367,47186.055,-7280.8457,101.472176,Oak Barrel,,,,,OakBarrel,,,,
SceneComponent,Loot_Barrel_01a_Spawner_C,UNP_Loot_Barrel_01a_Spawner_UAID_046874882494AFB302_eb580424d23ccad1_1653215378,47545.336,-7561.855,101.88409,Oak Barrel,,,,,OakBarrel,,,,
SceneComponent,Loot_Barrel_01a_Spawner_C,UNP_Loot_Barrel_01a_Spawner_UAID_046874882494B3B302_b672bb6c668a37ab_2013309405,-16297.895,39632.38,600.8939,Oak Barrel,,,,,OakBarrel,,,,
SceneComponent,Loot_Barrel_01a_Spawner_C,UNP_Loot_Barrel_01a_Spawner_UAID_046874882494B4B302_75f24b53c5c4d0ce_1253112267,-18149.742,38873.363,726.86847,Oak Barrel,,,,,OakBarrel,,,,
SceneComponent,Loot_Barrel_01a_Spawner_C,UNP_Loot_Barrel_01a_Spawner_UAID_046874882494B4B302_75f24b53c5c4d0ce_1253252272,-17668.41,39622.117,2035.9751,Oak Barrel,,,,,OakBarrel,,,,
SceneComponent,Loot_Barrel_01a_Spawner_C,UNP_Loot_Barrel_01a_Spawner_UAID_046874882494B4B302_75f24b53c5c4d0ce_1253389277,-18153.004,39694.27,2876.2976,Oak Barrel,,,,,OakBarrel,,,,
SceneComponent,Loot_Barrel_01a_Spawner_C,UNP_Loot_Barrel_01a_Spawner_UAID_046874882494B4B302_75f24b53c5c4d0ce_1278975654,-17866.193,38971.56,1196.4388,Oak Barrel,,,,,OakBarrel,,,,
SceneComponent,Loot_Barrel_01a_Spawner_C,UNP_Loot_Barrel_01a_Spawner_UAID_046874882494B4B302_75f24b53c5c4d0ce_1279113659,-18334.889,39973.05,2036.075,Oak Barrel,,,,,OakBarrel,,,,
SceneComponent,Loot_Barrel_01a_Spawner_C,UNP_Loot_Barrel_01a_Spawner_UAID_046874882494B4B302_75f24b53c5c4d0ce_1290267003,-15723.588,39093.773,693.6791,Oak Barrel,,,,,OakBarrel,,,,
SceneComponent,Loot_Barrel_01a_Spawner_C,UNP_Loot_Barrel_01a_Spawner_UAID_046874882494C2B202_38dd6e6fa5f4d608_1751763809,42225.773,35090.562,-1684.8107,Oak Barrel,,,,,OakBarrel,,,,
SceneComponent,Loot_Barrel_01a_Spawner_C,UNP_Loot_Barrel_01a_Spawner_UAID_046874882494C2B202_38dd6e6fa5f4d608_1752507820,42681.26,35114.668,-1685.2225,Oak Barrel,,,,,OakBarrel,,,,
SceneComponent,Loot_Barrel_01a_Spawner_C,UNP_Loot_Barrel_01a_Spawner_UAID_046874882494C5B202_a1088320ad7534bd_1449983308,15781.55,43729.008,-976.5103,Oak Barrel,,,,,OakBarrel,,,,
SceneComponent,Loot_Barrel_01a_Spawner_C,UNP_Loot_Barrel_01a_Spawner_UAID_046874882494C5B202_a1088320ad7534bd_1450756319,15824.897,43274.95,-976.0984,Oak Barrel,,,,,OakBarrel,,,,
SceneComponent,Loot_Barrel_01a_Spawner_C,UNP_Loot_Barrel_01a_Spawner_UAID_046874882494D99A02_b9ed3e3c39f77a44_1819283716,40335.516,14069.573,-2172.7188,Oak Barrel,,,,,OakBarrel,,,,
SceneComponent,Loot_Barrel_01a_Spawner_C,UNP_Loot_Barrel_01a_Spawner_UAID_046874882494D99A02_ef5e067ba124a252_1819283716,-3063.5813,14631.376,-1995.076,Oak Barrel,,,,,OakBarrel,,,,
SceneComponent,Loot_Barrel_01a_Spawner_C,UNP_Loot_Barrel_01a_Spawner_UAID_046874882494DC9A02_2fa6262d75ac1966_1424263411,39175.453,17582.74,-2177.4407,Oak Barrel,,,,,OakBarrel,,,,
SceneComponent,Loot_Barrel_01a_Spawner_C,UNP_Loot_Barrel_01a_Spawner_UAID_046874882494FE9802_e515a311258b40d3_1776576836,-8567.247,43091.734,-191.64333,Oak Barrel,,,,,OakBarrel,,,,
SceneComponent,Loot_Barrel_01a_Spawner_C,UNP_Loot_Barrel_01a_Spawner_UAID_046874882494FE9802_e515a311258b40d3_1785283324,-11569.817,41432.785,-193.9715,Oak Barrel,,,,,OakBarrel,,,,
SceneComponent,Loot_Barrel_01a_Spawner_C,UNP_Loot_Barrel_01a_Spawner_UAID_046874882494FE9802_e515a311258b40d3_1785810335,-11601.016,38692.918,-188.85274,Oak Barrel,,,,,OakBarrel,,,,
SceneComponent,Loot_Barrel_01a_Spawner_C,UNP_Loot_Barrel_01a_Spawner_UAID_581CF8B72315149702_bf336458ec4e5518_1180703474,37917.67,-18867.86,-4747.7275,Oak Barrel,,,,,OakBarrel,,,,
SceneComponent,Loot_Barrel_01a_Spawner_C,UNP_Loot_Barrel_01a_Spawner_UAID_581CF8B72315169D02_d2b622e41626617e_1878255825,40291.797,-18073.43,-4815.9014,Oak Barrel,,,,,OakBarrel,,,,
SceneComponent,Loot_Barrel_01a_Spawner_C,UNP_Loot_Barrel_01a_Spawner_UAID_581CF8B72315169D02_d2b622e41626617e_1878392831,40773.953,-17275.754,-5344.8477,Oak Barrel,,,,,OakBarrel,,,,
SceneComponent,Loot_Barrel_01a_Spawner_C,UNP_Loot_Barrel_01a_Spawner_UAID_D843AE1A93E5D92C02_a1b9046e49d72d85_1896898229,-2120.0068,14105.061,-2042.1958,Oak Barrel,,,,,OakBarrel,,,,
SceneComponent,Loot_Barrel_01a_Spawner_C,UNP_Loot_Barrel_01a_Spawner_UAID_D843AE1A93E5D92C02_fe1c9f47b112dc7f_1896898229,-28729.865,24841.469,-571.3489,Oak Barrel,,,,,OakBarrel,,,,
SceneComponent,Loot_Barrel_01a_Spawner_C,UNP_Loot_Barrel_01a_Spawner_a3cbe867c085e55f_0,49160.49,5799.4214,-926.0031,Oak Barrel,,,,,OakBarrel,,,,
SceneComponent,Loot_Barrel_01a_Spawner_C,UNP_Loot_Barrel_01a_Spawner_be6a6beac2196855_2,10267.706,33301.016,-1789.8959,Oak Barrel,,,,,OakBarrel,,,,
SceneComponent,Loot_Barrel_01a_Spawner_C,UNP_Loot_Barrel_01a_Spawner_ca1edcb028361fa8_1,39420.727,15909.848,-2178.1753,Oak Barrel,,,,,OakBarrel,,,,
SceneComponent,Loot_Barrel_01a_Spawner_C,UNP_Loot_Barrel_01a_UAID_04687488249400B902_4980766c61eef4cd_1717358419,-5107.1553,10311.165,-1861.4907,Oak Barrel,,,,,OakBarrel,,,,
SceneComponent,Loot_Barrel_01a_Spawner_C,UNP_Loot_Barrel_01a_UAID_046874882494089902_3f0e6d0dd4e4221e_1094074595,-30213.477,12553.346,-1335.7156,Oak Barrel,,,,,OakBarrel,,,,
SceneComponent,Loot_Barrel_01a_Spawner_C,UNP_Loot_Barrel_01a_UAID_0468748824941A9902_5bce2d7608ceaeda_1787408663,10892.583,19126.314,-1998.015,Oak Barrel,,,,,OakBarrel,,,,
SceneComponent,Loot_Barrel_01a_Spawner_C,UNP_Loot_Barrel_01a_UAID_0468748824941F9602_285d8d0438310b65_1876198675,26531.295,46521.73,-2120.0784,Oak Barrel,,,,,OakBarrel,,,,
SceneComponent,Loot_Barrel_01a_Spawner_C,UNP_Loot_Barrel_01a_UAID_0468748824941F9602_b24b83461a382783_1876198675,10033.307,21402.416,-1996.9052,Oak Barrel,,,,,OakBarrel,,,,
SceneComponent,Loot_Barrel_01a_Spawner_C,UNP_Loot_Barrel_01a_UAID_0468748824941F9602_bcce546c1dc183c6_1876198675,-308.35608,15812.618,-2061.1333,Oak Barrel,,,,,OakBarrel,,,,
SceneComponent,Loot_Barrel_01a_Spawner_C,UNP_Loot_Barrel_01a_UAID_0468748824941F9602_e8d7c584448c3be6_1876198675,-2410.4592,11773.722,-1996.1018,Oak Barrel,,,,,OakBarrel,,,,
SceneComponent,Loot_Barrel_01a_Spawner_C,UNP_Loot_Barrel_01a_UAID_0468748824942C9602_0041e77866ec6e69_1327222429,-489.16257,40599.76,-1028.8982,Oak Barrel,,,,,OakBarrel,,,,
SceneComponent,Loot_Barrel_01a_Spawner_C,UNP_Loot_Barrel_01a_UAID_0468748824942C9602_08046f210dda9d58_1327222429,-5491.644,22685.738,-1453.8292,Oak Barrel,,,,,OakBarrel,,,,
SceneComponent,Loot_Barrel_01a_Spawner_C,UNP_Loot_Barrel_01a_UAID_0468748824942C9602_0856f94c8924201f_1327222429,1755.4126,38689.21,-1298.1677,Oak Barrel,,,,,OakBarrel,,,,
SceneComponent,Loot_Barrel_01a_Spawner_C,UNP_Loot_Barrel_01a_UAID_0468748824942C9602_13d3cfe9dbb126d7_1327222429,-21009.06,18184.055,-1543.845,Oak Barrel,,,,,OakBarrel,,,,
SceneComponent,Loot_Barrel_01a_Spawner_C,UNP_Loot_Barrel_01a_UAID_0468748824942C9602_2bff9bebbaf9210e_1327222429,-9550.544,8989.454,-1902.1991,Oak Barrel,,,,,OakBarrel,,,,
SceneComponent,Loot_Barrel_01a_Spawner_C,UNP_Loot_Barrel_01a_UAID_0468748824942C9602_411c1f5920c64b82_1327222429,-5119.6685,18468.89,-1986.976,Oak Barrel,,,,,OakBarrel,,,,
SceneComponent,Loot_Barrel_01a_Spawner_C,UNP_Loot_Barrel_01a_UAID_0468748824942C9602_4d83e408c7750790_1327222429,-9454.612,18945.48,-1814.2832,Oak Barrel,,,,,OakBarrel,,,,
SceneComponent,Loot_Barrel_01a_Spawner_C,UNP_Loot_Barrel_01a_UAID_0468748824942C9602_4d974bac38a598cd_1327222429,-729.43195,32883.51,-1156.5211,Oak Barrel,,,,,OakBarrel,,,,
SceneComponent,Loot_Barrel_01a_Spawner_C,UNP_Loot_Barrel_01a_UAID_0468748824942C9602_50cf7731b467495c_1327222429,24002.379,43754.46,-2141.36,Oak Barrel,,,,,OakBarrel,,,,
SceneComponent,Loot_Barrel_01a_Spawner_C,UNP_Loot_Barrel_01a_UAID_0468748824942C9602_5b8cade29d2fecbd_1327222429,-12957.755,20974.207,-1412.2482,Oak Barrel,,,,,OakBarrel,,,,
SceneComponent,Loot_Barrel_01a_Spawner_C,UNP_Loot_Barrel_01a_UAID_0468748824942C9602_5c0d6010b0482fdd_1327222429,-10949.766,7816.988,-1807.793,Oak Barrel,,,,,OakBarrel,,,,
SceneComponent,Loot_Barrel_01a_Spawner_C,UNP_Loot_Barrel_01a_UAID_0468748824942C9602_5d1fb683c092378a_1327222429,3551.3591,-7920.8794,-1235.5659,Oak Barrel,,,,,OakBarrel,,,,
SceneComponent,Loot_Barrel_01a_Spawner_C,UNP_Loot_Barrel_01a_UAID_0468748824942C9602_5dc46d843a0a7e81_1327222429,17732.24,35237.355,-2015.5184,Oak Barrel,,,,,OakBarrel,,,,
SceneComponent,Loot_Barrel_01a_Spawner_C,UNP_Loot_Barrel_01a_UAID_0468748824942C9602_66888df94fa7f207_1327222429,-20312.406,-2876.4995,-1980.4788,Oak Barrel,,,,,OakBarrel,,,,
SceneComponent,Loot_Barrel_01a_Spawner_C,UNP_Loot_Barrel_01a_UAID_0468748824942C9602_6f0a8aec4a78bc30_1327222429,-7718.5522,19321.104,-1925.2772,Oak Barrel,,,,,OakBarrel,,,,
SceneComponent,Loot_Barrel_01a_Spawner_C,UNP_Loot_Barrel_01a_UAID_0468748824942C9602_7311263742f65b65_1327222429,-14654.057,20678.967,-1192.7056,Oak Barrel,,,,,OakBarrel,,,,
SceneComponent,Loot_Barrel_01a_Spawner_C,UNP_Loot_Barrel_01a_UAID_0468748824942C9602_74ca3dceec27c553_1327222429,5643.2793,40238.562,-1808.5769,Oak Barrel,,,,,OakBarrel,,,,
SceneComponent,Loot_Barrel_01a_Spawner_C,UNP_Loot_Barrel_01a_UAID_0468748824942C9602_80932f439b904cd4_1327222429,4013.6655,37896.61,-1492.9886,Oak Barrel,,,,,OakBarrel,,,,
SceneComponent,Loot_Barrel_01a_Spawner_C,UNP_Loot_Barrel_01a_UAID_0468748824942C9602_825ebd2d06fe9136_1327222429,-17391.12,45596.66,239.75035,Oak Barrel,,,,,OakBarrel,,,,
SceneComponent,Loot_Barrel_01a_Spawner_C,UNP_Loot_Barrel_01a_UAID_0468748824942C9602_89b96bbececc6825_1327222429,-11228.596,33867.117,-542.29297,Oak Barrel,,,,,OakBarrel,,,,
SceneComponent,Loot_Barrel_01a_Spawner_C,UNP_Loot_Barrel_01a_UAID_0468748824942C9602_9161aa6d6a5f876f_1327222429,17126.045,36604.51,-1811.0996,Oak Barrel,,,,,OakBarrel,,,,
SceneComponent,Loot_Barrel_01a_Spawner_C,UNP_Loot_Barrel_01a_UAID_0468748824942C9602_94e0842af011afc9_1327222429,28680.875,52321.535,-2096.0366,Oak Barrel,,,,,OakBarrel,,,,
SceneComponent,Loot_Barrel_01a_Spawner_C,UNP_Loot_Barrel_01a_UAID_0468748824942C9602_97d85600d8ceab37_1327222429,23967.088,48205.016,-2123.441,Oak Barrel,,,,,OakBarrel,,,,
SceneComponent,Loot_Barrel_01a_Spawner_C,UNP_Loot_Barrel_01a_UAID_0468748824942C9602_9ac3da1f6bdde806_1327222429,22877.688,39508.8,-2071.7026,Oak Barrel,,,,,OakBarrel,,,,
SceneComponent,Loot_Barrel_01a_Spawner_C,UNP_Loot_Barrel_01a_UAID_0468748824942C9602_9fb77de615376bd9_1327222429,32244.818,56672.992,-2012.2023,Oak Barrel,,,,,OakBarrel,,,,
SceneComponent,Loot_Barrel_01a_Spawner_C,UNP_Loot_Barrel_01a_UAID_0468748824942C9602_a814b9a79979b543_1327222429,19441.697,35869.164,-2048.9812,Oak Barrel,,,,,OakBarrel,,,,
SceneComponent,Loot_Barrel_01a_Spawner_C,UNP_Loot_Barrel_01a_UAID_0468748824942C9602_aa20ba68bf9cc7bc_1327222429,-8842.144,26259.773,-930.9922,Oak Barrel,,,,,OakBarrel,,,,
SceneComponent,Loot_Barrel_01a_Spawner_C,UNP_Loot_Barrel_01a_UAID_0468748824942C9602_ab58de9fc7b83e40_1327222429,5120.9297,-4011.302,-1257.5361,Oak Barrel,,,,,OakBarrel,,,,
SceneComponent,Loot_Barrel_01a_Spawner_C,UNP_Loot_Barrel_01a_UAID_0468748824942C9602_b231f473a3474ff2_1327222429,17062.25,38019.832,-1543.9651,Oak Barrel,,,,,OakBarrel,,,,
SceneComponent,Loot_Barrel_01a_Spawner_C,UNP_Loot_Barrel_01a_UAID_0468748824942C9602_b44d587a61076111_1327222429,-2444.1648,18323.02,-2001.5953,Oak Barrel,,,,,OakBarrel,,,,
SceneComponent,Loot_Barrel_01a_Spawner_C,UNP_Loot_Barrel_01a_UAID_0468748824942C9602_b6db60e2f9dd645e_1327222429,-7364.523,7982.5664,-1832.4485,Oak Barrel,,,,,OakBarrel,,,,
SceneComponent,Loot_Barrel_01a_Spawner_C,UNP_Loot_Barrel_01a_UAID_0468748824942C9602_bab9893c5f65bd2f_1327222429,13027.965,32787.082,-1943.3082,Oak Barrel,,,,,OakBarrel,,,,
SceneComponent,Loot_Barrel_01a_Spawner_C,UNP_Loot_Barrel_01a_UAID_0468748824942C9602_cc63b6135768eeb0_1327222429,-6486.2573,26589.084,-906.8784,Oak Barrel,,,,,OakBarrel,,,,
SceneComponent,Loot_Barrel_01a_Spawner_C,UNP_Loot_Barrel_01a_UAID_0468748824942C9602_d4a7027a3e59257f_1327222429,3918.867,-3222.3499,-1335.9604,Oak Barrel,,,,,OakBarrel,,,,
SceneComponent,Loot_Barrel_01a_Spawner_C,UNP_Loot_Barrel_01a_UAID_0468748824942C9602_da3e4fdaedf5b8d8_1327222429,39878.258,18375.793,-2181.8823,Oak Barrel,,,,,OakBarrel,,,,
SceneComponent,Loot_Barrel_01a_Spawner_C,UNP_Loot_Barrel_01a_UAID_0468748824942C9602_df893165f433b830_1327222429,-4852.8164,8737.859,-1887.936,Oak Barrel,,,,,OakBarrel,,,,
SceneComponent,Loot_Barrel_01a_Spawner_C,UNP_Loot_Barrel_01a_UAID_0468748824942C9602_f1292ae6453fb105_1327222429,-9139.866,22328.951,-1371.8127,Oak Barrel,,,,,OakBarrel,,,,
SceneComponent,Loot_Barrel_01a_Spawner_C,UNP_Loot_Barrel_01a_UAID_0468748824942C9602_f7a8ea0578ee5d40_1327222429,-1664.7241,37867.586,-1024.4541,Oak Barrel,,,,,OakBarrel,,,,
SceneComponent,Loot_Barrel_01a_Spawner_C,UNP_Loot_Barrel_01a_UAID_0468748824942C9602_fe8ac3cab36b3691_1327222429,-15725.003,29184.844,-764.0725,Oak Barrel,,,,,OakBarrel,,,,
SceneComponent,Loot_Barrel_01a_Spawner_C,UNP_Loot_Barrel_01a_UAID_0468748824942C9602_ff2b0c6c583b9bf8_1327222429,-277.81158,24025.064,-1577.3043,Oak Barrel,,,,,OakBarrel,,,,
SceneComponent,Loot_Barrel_01a_Spawner_C,UNP_Loot_Barrel_01a_UAID_046874882494359A02_68479541b25a7529_1277315606,24931.229,44085.652,-2607.4863,Oak Barrel,,,,,OakBarrel,,,,
SceneComponent,Loot_Barrel_01a_Spawner_C,UNP_Loot_Barrel_01a_UAID_0468748824944E8902_4481ef720ae1ae21_1225935456,-11010.911,-6200.107,-1969.1288,Oak Barrel,,,,,OakBarrel,,,,
SceneComponent,Loot_Barrel_01a_Spawner_C,UNP_Loot_Barrel_01a_UAID_0468748824944E8902_4481ef720ae1ae21_1226161464,-10676.939,-7161.4995,-1969.0653,Oak Barrel,,,,,OakBarrel,,,,
SceneComponent,Loot_Barrel_01a_Spawner_C,UNP_Loot_Barrel_01a_UAID_0468748824944E8902_4481ef720ae1ae21_1234159869,-9450.852,-5570.4277,-1863.9395,Oak Barrel,,,,,OakBarrel,,,,
SceneComponent,Loot_Barrel_01a_Spawner_C,UNP_Loot_Barrel_01a_UAID_0468748824944E8902_4481ef720ae1ae21_1234379875,-9976.244,-7001.952,-1863.9207,Oak Barrel,,,,,OakBarrel,,,,
SceneComponent,Loot_Barrel_01a_Spawner_C,UNP_Loot_Barrel_01a_UAID_0468748824944E8902_4481ef720ae1ae21_1258044275,-11864.694,-7784.432,-1476.65,Oak Barrel,,,,,OakBarrel,,,,
SceneComponent,Loot_Barrel_01a_Spawner_C,UNP_Loot_Barrel_01a_UAID_04687488249456B902_40332391da5e1e80_1375993716,-3097.2507,15020.466,-2020.3191,Oak Barrel,,,,,OakBarrel,,,,
SceneComponent,Loot_Barrel_01a_Spawner_C,UNP_Loot_Barrel_01a_UAID_04687488249456B902_40332391da5e1e80_1376617746,-4702.5376,15034.382,-2013.2723,Oak Barrel,,,,,OakBarrel,,,,
SceneComponent,Loot_Barrel_01a_Spawner_C,UNP_Loot_Barrel_01a_UAID_04687488249456B902_40332391da5e1e80_1378661805,-7999.9688,16612.65,-1984.0905,Oak Barrel,,,,,OakBarrel,,,,
SceneComponent,Loot_Barrel_01a_Spawner_C,UNP_Loot_Barrel_01a_UAID_04687488249456B902_40332391da5e1e80_1380487106,-7027.022,13262.361,-1991.719,Oak Barrel,,,,,OakBarrel,,,,
SceneComponent,Loot_Barrel_01a_Spawner_C,UNP_Loot_Barrel_01a_UAID_0468748824945C9802_2f00d91e4ecd5bd9_1873976855,9637.18,23039.05,-1974.6005,Oak Barrel,,,,,OakBarrel,,,,
SceneComponent,Loot_Barrel_01a_Spawner_C,UNP_Loot_Barrel_01a_UAID_0468748824945C9802_2f00d91e4ecd5bd9_1874188869,10880.066,23057.166,-1974.3054,Oak Barrel,,,,,OakBarrel,,,,
SceneComponent,Loot_Barrel_01a_Spawner_C,UNP_Loot_Barrel_01a_UAID_0468748824945C9802_612b8435ec5bfafe_1873976855,-5875.166,13510.276,-1996.9696,Oak Barrel,,,,,OakBarrel,,,,
SceneComponent,Loot_Barrel_01a_Spawner_C,UNP_Loot_Barrel_01a_UAID_0468748824945C9802_612b8435ec5bfafe_1874188869,-4634.026,13578.596,-1996.6747,Oak Barrel,,,,,OakBarrel,,,,
SceneComponent,Loot_Barrel_01a_Spawner_C,UNP_Loot_Barrel_01a_UAID_0468748824945C9802_a60450cc09cd4878_1873976855,335.1854,17469.074,-2062.4995,Oak Barrel,,,,,OakBarrel,,,,
SceneComponent,Loot_Barrel_01a_Spawner_C,UNP_Loot_Barrel_01a_UAID_0468748824945C9802_a60450cc09cd4878_1874188869,-907.1625,17428.217,-2062.2046,Oak Barrel,,,,,OakBarrel,,,,
SceneComponent,Loot_Barrel_01a_Spawner_C,UNP_Loot_Barrel_01a_UAID_0468748824945E9802_02262a5d03e70a69_2079995798,15358.036,21965.766,-1996.8724,Oak Barrel,,,,,OakBarrel,,,,
SceneComponent,Loot_Barrel_01a_Spawner_C,UNP_Loot_Barrel_01a_UAID_0468748824945E9802_25ca934595595c8c_2079995798,37128.9,23962.357,-2307.4868,Oak Barrel,,,,,OakBarrel,,,,
SceneComponent,Loot_Barrel_01a_Spawner_C,UNP_Loot_Barrel_01a_UAID_0468748824945E9802_51a1ca1d1dfeb498_2079995798,-28662.729,15694.793,-1316.8402,Oak Barrel,,,,,OakBarrel,,,,
SceneComponent,Loot_Barrel_01a_Spawner_C,UNP_Loot_Barrel_01a_UAID_0468748824945E9802_68311c2d437c6b8f_2079995798,24490.043,46392.54,-2123.9656,Oak Barrel,,,,,OakBarrel,,,,
SceneComponent,Loot_Barrel_01a_Spawner_C,UNP_Loot_Barrel_01a_UAID_046874882494609802_6bd21faec174208a_1815132188,8415.904,19875.54,-1989.0844,Oak Barrel,,,,,OakBarrel,,,,
SceneComponent,Loot_Barrel_01a_Spawner_C,UNP_Loot_Barrel_01a_UAID_046874882494619802_c1357729720cf173_1308766060,13774.829,20554.107,-1998.4419,Oak Barrel,,,,,OakBarrel,,,,
SceneComponent,Loot_Barrel_01a_Spawner_C,UNP_Loot_Barrel_01a_UAID_046874882494659802_ca1edcb028361fa8_1572380521,39434.625,16093.398,-2169.1133,Oak Barrel,,,,,OakBarrel,,,,
SceneComponent,Loot_Barrel_01a_Spawner_C,UNP_Loot_Barrel_01a_UAID_04687488249475B202_dca082373cf3e830_2034304896,20035.205,-3527.2043,-765.67163,Oak Barrel,,,,,OakBarrel,,,,
SceneComponent,Loot_Barrel_01a_Spawner_C,UNP_Loot_Barrel_01a_UAID_046874882494789602_2b1cf6401ef78c3e_2059332969,15623.0625,18977.348,-1973.4335,Oak Barrel,,,,,OakBarrel,,,,
SceneComponent,Loot_Barrel_01a_Spawner_C,UNP_Loot_Barrel_01a_UAID_046874882494789602_8120ab00ad815ff9_2059332969,11787.039,21460.96,-1976.6595,Oak Barrel,,,,,OakBarrel,,,,
SceneComponent,Loot_Barrel_01a_Spawner_C,UNP_Loot_Barrel_01a_UAID_046874882494829A02_68e0512c24d92e8f_1230374451,13449.815,19784.705,-1998.3643,Oak Barrel,,,,,OakBarrel,,,,
SceneComponent,Loot_Barrel_01a_Spawner_C,UNP_Loot_Barrel_01a_UAID_046874882494829A02_68e0512c24d92e8f_1230388461,11928.051,19479.203,-1942.7072,Oak Barrel,,,,,OakBarrel,,,,
SceneComponent,Loot_Barrel_01a_Spawner_C,UNP_Loot_Barrel_01a_UAID_046874882494977D02_be6a6beac2196855_1330259003,9956.756,31286.39,-1911.0483,Oak Barrel,,,,,OakBarrel,,,,
SceneComponent,Loot_Barrel_01a_Spawner_C,UNP_Loot_Barrel_01a_UAID_046874882494A69802_68e0512c24d92e8f_1241494039,8045.322,18692.941,-1999.9065,Oak Barrel,,,,,OakBarrel,,,,
SceneComponent,Loot_Barrel_01a_Spawner_C,UNP_Loot_Barrel_01a_UAID_046874882494A69802_68e0512c24d92e8f_1327774005,15350.229,17853.121,-1990.48,Oak Barrel,,,,,OakBarrel,,,,
SceneComponent,Loot_Barrel_01a_Spawner_C,UNP_Loot_Barrel_01a_UAID_046874882494A69802_68e0512c24d92e8f_1336335760,16676.295,19215.361,-1841.4501,Oak Barrel,,,,,OakBarrel,,,,
SceneComponent,Loot_Barrel_01a_Spawner_C,UNP_Loot_Barrel_01a_UAID_046874882494B3B302_b672bb6c668a37ab_1984114245,-16801.824,42248.62,235.45726,Oak Barrel,,,,,OakBarrel,,,,
SceneComponent,Loot_Barrel_01a_Spawner_C,UNP_Loot_Barrel_01a_UAID_046874882494B4B302_75f24b53c5c4d0ce_1249978175,-17777.703,40407.664,726.2641,Oak Barrel,,,,,OakBarrel,,,,
SceneComponent,Loot_Barrel_01a_Spawner_C,UNP_Loot_Barrel_01a_UAID_046874882494B4B302_75f24b53c5c4d0ce_1250120183,-18648.234,39954.77,1196.7722,Oak Barrel,,,,,OakBarrel,,,,
SceneComponent,Loot_Barrel_01a_Spawner_C,UNP_Loot_Barrel_01a_UAID_046874882494B4B302_75f24b53c5c4d0ce_1250261191,-17370.883,38686.31,2475.2173,Oak Barrel,,,,,OakBarrel,,,,
SceneComponent,Loot_Barrel_01a_Spawner_C,UNP_Loot_Barrel_01a_UAID_046874882494B4B302_75f24b53c5c4d0ce_1252443238,-17943.996,39219.766,2576.4883,Oak Barrel,,,,,OakBarrel,,,,
SceneComponent,Loot_Barrel_01a_Spawner_C,UNP_Loot_Barrel_01a_UAID_046874882494B4B302_75f24b53c5c4d0ce_1253815285,-18072.04,39349.39,837.9677,Oak Barrel,,,,,OakBarrel,,,,
SceneComponent,Loot_Barrel_01a_Spawner_C,UNP_Loot_Barrel_01a_UAID_046874882494B4B302_75f24b53c5c4d0ce_1256335348,-17652.49,39743.844,726.6362,Oak Barrel,,,,,OakBarrel,,,,
SceneComponent,Loot_Barrel_01a_Spawner_C,UNP_Loot_Barrel_01a_UAID_046874882494B4B302_75f24b53c5c4d0ce_1256916368,-17007.857,39629.88,2476.8218,Oak Barrel,,,,,OakBarrel,,,,
SceneComponent,Loot_Barrel_01a_Spawner_C,UNP_Loot_Barrel_01a_UAID_046874882494B4B302_75f24b53c5c4d0ce_1257061376,-17276.564,38971.35,2476.629,Oak Barrel,,,,,OakBarrel,,,,
SceneComponent,Loot_Barrel_01a_Spawner_C,UNP_Loot_Barrel_01a_UAID_046874882494B4B302_75f24b53c5c4d0ce_1257201383,-18047.682,38599.625,2876.5857,Oak Barrel,,,,,OakBarrel,,,,
SceneComponent,Loot_Barrel_01a_Spawner_C,UNP_Loot_Barrel_01a_UAID_046874882494B4B302_75f24b53c5c4d0ce_1257346397,-17809.299,40321.188,2036.7603,Oak Barrel,,,,,OakBarrel,,,,
SceneComponent,Loot_Barrel_01a_Spawner_C,UNP_Loot_Barrel_01a_UAID_046874882494B4B302_75f24b53c5c4d0ce_1285121794,-17222.248,38772.95,2036.6448,Oak Barrel,,,,,OakBarrel,,,,
SceneComponent,Loot_Barrel_01a_Spawner_C,UNP_Loot_Barrel_01a_UAID_046874882494B4B302_75f24b53c5c4d0ce_1292811084,-15761.128,38543.625,696.44775,Oak Barrel,,,,,OakBarrel,,,,
SceneComponent,Loot_Barrel_01a_Spawner_C,UNP_Loot_Barrel_01a_UAID_046874882494B4B302_75f24b53c5c4d0ce_1293331131,-18562.559,40618.82,1091.7358,Oak Barrel,,,,,OakBarrel,,,,
SceneComponent,Loot_Barrel_01a_Spawner_C,UNP_Loot_Barrel_01a_UAID_046874882494DD9A02_129128160f00dfd4_1605772723,38467.88,15372.931,-2177.3833,Oak Barrel,,,,,OakBarrel,,,,
SceneComponent,Loot_Barrel_01a_Spawner_C,UNP_Loot_Barrel_01a_UAID_046874882494FE9802_e515a311258b40d3_1755720272,-10533.018,42428.434,-21.789978,Oak Barrel,,,,,OakBarrel,,,,
SceneComponent,Loot_Barrel_01a_Spawner_C,UNP_Loot_Barrel_01a_UAID_10FFE0F0DC0E45E602_75f24b53c5c4d0ce_1364580966,-18683.207,39673.434,2476.67,Oak Barrel,,,,,OakBarrel,,,,
SceneComponent,Loot_Barrel_01a_Spawner_C,UNP_Loot_Barrel_01a_UAID_10FFE0F0DC0E45E602_75f24b53c5c4d0ce_1456102971,-18619.488,39730.516,2473.8374,Oak Barrel,,,,,OakBarrel,,,,
SceneComponent,Loot_Barrel_01a_Spawner_C,UNP_Loot_Barrel_01a_UAID_50EBF6D2996976A602_e515a311258b40d3_1329503332,-10616.0205,42455.184,-21.789978,Oak Barrel,,,,,OakBarrel,,,,
SceneComponent,Loot_Barrel_01a_Spawner_C,UNP_Loot_Barrel_01a_UAID_D843AE1A93E5282D02_2f28cad8eed30cb4_1595115600,-16007.106,12097.355,-1791.4153,Oak Barrel,,,,,OakBarrel,,,,
SceneComponent,Loot_Barrel_01a_Spawner_C,UNP_Loot_Barrel_01a_UAID_D843AE1A93E5282D02_67c013df11cd7e5e_1545118563,-14921.563,20052.8,-1259.2455,Oak Barrel,,,,,OakBarrel,,,,
SceneComponent,Loot_Barrel_01a_Spawner_C,UNP_Loot_Barrel_01a_UAID_D843AE1A93E5282D02_b1fc96e2eacecf14_1545118563,-24071.252,8184.7295,-1714.8123,Oak Barrel,,,,,OakBarrel,,,,
SceneComponent,Loot_Barrel_01a_Spawner_C,UNP_Loot_Barrel_01a_UAID_D843AE1A93E5282D02_d9e01533475b207b_1545118563,-9370.491,29280.008,-890.70917,Oak Barrel,,,,,OakBarrel,,,,
SceneComponent,Loot_Barrel_01a_Spawner_C,UNP_Loot_Barrel_01a_ae54c015e4f59828_0,-28753.762,12567.769,-1309.5923,Oak Barrel,,,,,OakBarrel,,,,
SceneComponent,Loot_Barrel_01a_Spawner_C,UNP_Loot_Barrel_01a_b24b83461a382783_1,9375.575,21815.586,-1641.6954,Oak Barrel,,,,,OakBarrel,,,,
SceneComponent,Loot_Barrel_01a_Spawner_C,UNP_Loot_Barrel_01a_b9508ba95b0e797d_0,35316.77,24160.34,-2621.9106,Oak Barrel,,,,,OakBarrel,,,,
SceneComponent,Loot_Barrel_01a_Spawner_C,UNP_Loot_Barrel_01a_ba300fcd0392ec01_0,26586.375,48073.125,-2127.585,Oak Barrel,,,,,OakBarrel,,,,
SceneComponent,Loot_Barrel_01a_Spawner_C,UNP_Loot_Barrel_01a_bcce546c1dc183c6_1,340.7409,15386.011,-1705.9235,Oak Barrel,,,,,OakBarrel,,,,
SceneComponent,Loot_Barrel_01a_Spawner_C,UNP_Loot_Barrel_01a_bfd14129ebd3ee19_0,46921.324,35643.977,-2260.317,Oak Barrel,,,,,OakBarrel,,,,
SceneComponent,Loot_Barrel_01a_Spawner_C,UNP_Loot_Barrel_01a_c440693b9b619e13_0,-29302.865,16237.3125,-1333.3661,Oak Barrel,,,,,OakBarrel,,,,
SceneComponent,Loot_Barrel_01a_Spawner_C,UNP_Loot_Barrel_01a_c751e3c6ad786504_0,45526.055,17944.213,-1784.3347,Oak Barrel,,,,,OakBarrel,,,,
SceneComponent,Loot_Barrel_01a_Spawner_C,UNP_Loot_Barrel_01a_cce29339c1a7d5d6_0,10115.638,40873.797,-1670.2545,Oak Barrel,,,,,OakBarrel,,,,
SceneComponent,Loot_Barrel_01a_Spawner_C,UNP_Loot_Barrel_01a_d4478a9b7cd386d2_0,-27969.725,-6509.406,-2352.6174,Oak Barrel,,,,,OakBarrel,,,,
SceneComponent,Loot_Barrel_01a_Spawner_C,UNP_Loot_Barrel_01a_e8d7c584448c3be6_1,-1735.4323,11389.457,-1640.892,Oak Barrel,,,,,OakBarrel,,,,
SceneComponent,Loot_Barrel_01a_Spawner_C,UNP_Loot_Barrel_01a_eec1db24c518b807_0,-8452.584,1573.8336,-2289.1946,Oak Barrel,,,,,OakBarrel,,,,
SceneComponent,Loot_Barrel_01a_Spawner_C,UNP_PG_CC_Barrels_06_48587e268a079417_1,36004.914,37142.37,-1331.3615,Oak Barrel,,,,,OakBarrel,,,,
SceneComponent,Loot_Barrel_01a_Spawner_C,UNP_PG_FlourSacks_09a37_2f00d91e4ecd5bd9_3,10761.792,23389.229,-1624.7219,Oak Barrel,,,,,OakBarrel,,,,
SceneComponent,Loot_Barrel_01a_Spawner_C,UNP_PG_FlourSacks_09a37_612b8435ec5bfafe_3,-4765.6206,13905.606,-1647.0911,Oak Barrel,,,,,OakBarrel,,,,
SceneComponent,Loot_Barrel_01a_Spawner_C,UNP_PG_FlourSacks_09a37_a60450cc09cd4878_3,-782.8313,17098.377,-1712.6208,Oak Barrel,,,,,OakBarrel,,,,
SceneComponent,Loot_Barrel_01a_Spawner_C,UNP_PG_OldShelf_Template_01a4_2f00d91e4ecd5bd9_1,9737.422,22896.57,-1974.6005,Oak Barrel,,,,,OakBarrel,,,,
SceneComponent,Loot_Barrel_01a_Spawner_C,UNP_PG_OldShelf_Template_01a4_612b8435ec5bfafe_1,-5769.2485,13371.963,-1996.9696,Oak Barrel,,,,,OakBarrel,,,,
SceneComponent,Loot_Barrel_01a_Spawner_C,UNP_PG_OldShelf_Template_01a4_a60450cc09cd4878_1,232.35214,17609.695,-2062.4995,Oak Barrel,,,,,OakBarrel,,,,
SceneComponent,Loot_Barrel_01a_Spawner_C,UNP_PG_OldShelf_Template_01a4_b9ed3e3c39f77a44_1,41543.242,14266.246,-2172.9258,Oak Barrel,,,,,OakBarrel,,,,
SceneComponent,Loot_Barrel_01a_Spawner_C,UNP_PG_OldShelf_Template_01a4_ef5e067ba124a252_1,-2579.349,13507.631,-1995.2832,Oak Barrel,,,,,OakBarrel,,,,
SceneComponent,Loot_Barrel_01a_Spawner_C,UNP_PG_SC_Barrels_020_UAID_046874882494089902_3f0e6d0dd4e4221e_1103304501,-27396.74,11636.512,-1320.406,Oak Barrel,,,,,OakBarrel,,,,
SceneComponent,Loot_Barrel_01a_Spawner_C,UNP_PG_SC_Barrels_020_UAID_04687488249456B902_40332391da5e1e80_1318570782,-3163.1704,13924.872,-1996.2487,Oak Barrel,,,,,OakBarrel,,,,
SceneComponent,Loot_Barrel_01a_Spawner_C,UNP_PG_SC_Barrels_020_UAID_046874882494A69802_68e0512c24d92e8f_1248934870,9824.233,20434.92,-1997.5146,Oak Barrel,,,,,OakBarrel,,,,
SceneComponent,Loot_Barrel_01a_Spawner_C,UNP_PG_SC_Barrels_020_UAID_046874882494DB9A02_2fa6262d75ac1966_2085105137,40336.586,16316.006,-2166.6416,Oak Barrel,,,,,OakBarrel,,,,
SceneComponent,Loot_Barrel_01a_Spawner_C,UNP_PG_SC_Barrels_020_UAID_046874882494DD9A02_129128160f00dfd4_1606884761,38831.41,16511.688,-2169.5352,Oak Barrel,,,,,OakBarrel,,,,
SceneComponent,Loot_Barrel_01a_Spawner_C,UNP_PG_SC_Barrels_020_UAID_046874882494FE9802_e515a311258b40d3_1765300457,-8848.285,42185.375,-192.32059,Oak Barrel,,,,,OakBarrel,,,,
SceneComponent,Loot_Basket_Large_01a_Spawner_C,Loot_Basket_Large_01a_Spawner_C_UAID_046874882494829A02_68e0512c24d92e8f_1230412476,13245.302,19038.219,-1932.286,Basket,50.0,Blueprint,,,Basket_Large,,,,
SceneComponent,Loot_Basket_Large_01a_Spawner_C,Loot_Basket_Large_01a_Spawner_C_UAID_04D9F5F93AD5724902_2b1cf6401ef78c3e_2121984340,15612.516,19126.2,-1974.2317,Basket,50.0,Blueprint,,,Basket_Large,,,,
SceneComponent,Loot_Basket_Large_01a_Spawner_C,Loot_Basket_Large_01a_Spawner_C_UAID_04D9F5F93AD5724902_8120ab00ad815ff9_2121984340,11794.334,21311.916,-1977.4578,Basket,50.0,Blueprint,,,Basket_Large,,,,
SceneComponent,Loot_Basket_Large_01a_Spawner_C,Loot_Basket_Large_01a_Spawner_C_UAID_581CF8B72315245402_68e0512c24d92e8f_1577020008,11194.754,21724.996,-1938.4658,Basket,50.0,Blueprint,,,Basket_Large,,,,
SceneComponent,Loot_Basket_Large_01a_Spawner_C,Loot_Basket_Large_01a_Spawner_C_UAID_581CF8B72315425202_6944a5393d194d48_1757332117,11545.953,20208.188,-1688.0437,Basket,50.0,Blueprint,,,Basket_Large,,,,
SceneComponent,Loot_Basket_Medium_01a_Spawner_C,Loot_Basket_Medium_01a_Spawner_C_2fa6262d75ac1966_1,39246.836,17067.453,-1615.1746,Basket,50.0,Blueprint,,,Basket_Medium,,,,
SceneComponent,Loot_Basket_Medium_01a_Spawner_C,Loot_Basket_Medium_01a_Spawner_C_68479541b25a7529_1,25533.443,43989.434,-1764.9921,Basket,50.0,Blueprint,,,Basket_Medium,,,,
SceneComponent,Loot_Basket_Medium_01a_Spawner_C,Loot_Basket_Medium_01a_Spawner_C_68479541b25a7529_2,24433.557,45188.363,-2115.3223,Basket,50.0,Blueprint,,,Basket_Medium,,,,
SceneComponent,Loot_Basket_Medium_01a_Spawner_C,Loot_Basket_Medium_01a_Spawner_C_68479541b25a7529_7,25322.941,44013.51,-2607.462,Basket,50.0,Blueprint,,,Basket_Medium,,,,
SceneComponent,Loot_Basket_Medium_01a_Spawner_C,Loot_Basket_Medium_01a_Spawner_C_UAID_00FF8EFC2BEFE35D02_90c02ab77d0f859f_1858961761,-4134.512,39660.17,-726.45593,Basket,50.0,Blueprint,,,Basket_Medium,,,,
SceneComponent,Loot_Basket_Medium_01a_Spawner_C,Loot_Basket_Medium_01a_Spawner_C_UAID_046874882494A69802_68e0512c24d92e8f_1374231146,10199.428,20248.033,-1999.0573,Basket,50.0,Blueprint,,,Basket_Medium,,,,
SceneComponent,Loot_Basket_Medium_01a_Spawner_C,Loot_Basket_Medium_01a_Spawner_C_UAID_04D9F5F93AD55E4A02_0c42b2381b479eb1_1338465550,9191.965,19110.352,-1525.2777,Basket,50.0,Blueprint,,,Basket_Medium,,,,
SceneComponent,Loot_Basket_Medium_01a_Spawner_C,Loot_Basket_Medium_01a_Spawner_C_UAID_581CF8B72315425202_6944a5393d194d48_1775373124,11328.978,20661.781,-1688.5089,Basket,50.0,Blueprint,,,Basket_Medium,,,,
SceneComponent,Loot_Basket_Medium_01a_Spawner_C,UNP_Loot_Basket_Medium_01a_039ab8d01f784483_0,-22474.918,23750.244,-421.6987,Basket,50.0,Blueprint,,,Basket_Medium,,,,
SceneComponent,Loot_Basket_Medium_01a_Spawner_C,UNP_Loot_Basket_Medium_01a_3059d67b4bbc9d72_0,9605.253,-1598.2648,-687.2996,Basket,50.0,Blueprint,,,Basket_Medium,,,,
SceneComponent,Loot_Basket_Medium_01a_Spawner_C,UNP_Loot_Basket_Medium_01a_3d7e79e141461900_0,-17527.986,-2719.7754,-1357.0867,Basket,50.0,Blueprint,,,Basket_Medium,,,,
SceneComponent,Loot_Basket_Medium_01a_Spawner_C,UNP_Loot_Basket_Medium_01a_Spawner_UAID_046874882494069902_ae54c015e4f59828_2094512463,-26655.451,11684.627,-1134.7433,Basket,50.0,Blueprint,,,Basket_Medium,,,,
SceneComponent,Loot_Basket_Medium_01a_Spawner_C,UNP_Loot_Basket_Medium_01a_Spawner_UAID_0468748824941F9602_285d8d0438310b65_1877094718,26937.781,47123.785,-1915.2308,Basket,50.0,Blueprint,,,Basket_Medium,,,,
SceneComponent,Loot_Basket_Medium_01a_Spawner_C,UNP_Loot_Basket_Medium_01a_Spawner_UAID_0468748824941F9602_b24b83461a382783_1877094718,9754.708,22073.3,-1792.0576,Basket,50.0,Blueprint,,,Basket_Medium,,,,
SceneComponent,Loot_Basket_Medium_01a_Spawner_C,UNP_Loot_Basket_Medium_01a_Spawner_UAID_0468748824941F9602_bcce546c1dc183c6_1877094718,-43.610832,15136.146,-1856.2856,Basket,50.0,Blueprint,,,Basket_Medium,,,,
SceneComponent,Loot_Basket_Medium_01a_Spawner_C,UNP_Loot_Basket_Medium_01a_Spawner_UAID_0468748824941F9602_e8d7c584448c3be6_1877094718,-2103.0347,11115.547,-1791.2542,Basket,50.0,Blueprint,,,Basket_Medium,,,,
SceneComponent,Loot_Basket_Medium_01a_Spawner_C,UNP_Loot_Basket_Medium_01a_Spawner_UAID_046874882494359A02_68479541b25a7529_1270131312,25167.947,47242.58,-2124.2878,Basket,50.0,Blueprint,,,Basket_Medium,,,,
SceneComponent,Loot_Basket_Medium_01a_Spawner_C,UNP_Loot_Basket_Medium_01a_Spawner_UAID_0468748824944E8902_4481ef720ae1ae21_1141024711,-7666.191,-4276.3486,-1477.4293,Basket,50.0,Blueprint,,,Basket_Medium,,,,
SceneComponent,Loot_Basket_Medium_01a_Spawner_C,UNP_Loot_Basket_Medium_01a_Spawner_UAID_0468748824944E8902_4481ef720ae1ae21_1225716451,-10558.133,-7315.2656,-791.86743,Basket,50.0,Blueprint,,,Basket_Medium,,,,
SceneComponent,Loot_Basket_Medium_01a_Spawner_C,UNP_Loot_Basket_Medium_01a_Spawner_UAID_0468748824944E8902_4481ef720ae1ae21_1254237195,-13111.26,-6456.2964,-1484.2131,Basket,50.0,Blueprint,,,Basket_Medium,,,,
SceneComponent,Loot_Basket_Medium_01a_Spawner_C,UNP_Loot_Basket_Medium_01a_Spawner_UAID_04687488249456B902_40332391da5e1e80_1365041405,-3828.5188,15523.835,-1997.6948,Basket,50.0,Blueprint,,,Basket_Medium,,,,
SceneComponent,Loot_Basket_Medium_01a_Spawner_C,UNP_Loot_Basket_Medium_01a_Spawner_UAID_0468748824945C9802_2f00d91e4ecd5bd9_1872217769,10196.105,23381.719,-1807.9037,Basket,50.0,Blueprint,,,Basket_Medium,,,,
SceneComponent,Loot_Basket_Medium_01a_Spawner_C,UNP_Loot_Basket_Medium_01a_Spawner_UAID_0468748824945C9802_612b8435ec5bfafe_1872217769,-5330.5415,13875.247,-1830.273,Basket,50.0,Blueprint,,,Basket_Medium,,,,
SceneComponent,Loot_Basket_Medium_01a_Spawner_C,UNP_Loot_Basket_Medium_01a_Spawner_UAID_0468748824945C9802_a60450cc09cd4878_1872217769,-217.37712,17116.236,-1895.8027,Basket,50.0,Blueprint,,,Basket_Medium,,,,
SceneComponent,Loot_Basket_Medium_01a_Spawner_C,UNP_Loot_Basket_Medium_01a_Spawner_UAID_0468748824945D9802_31b34140d09411f6_1723039762,-18455.664,44536.594,606.26056,Basket,50.0,Blueprint,,,Basket_Medium,,,,
SceneComponent,Loot_Basket_Medium_01a_Spawner_C,UNP_Loot_Basket_Medium_01a_Spawner_UAID_0468748824945D9802_85570c7134ea172a_1723039762,-3555.1665,16789.057,-1740.9442,Basket,50.0,Blueprint,,,Basket_Medium,,,,
SceneComponent,Loot_Basket_Medium_01a_Spawner_C,UNP_Loot_Basket_Medium_01a_Spawner_UAID_046874882494609802_6bd21faec174208a_1814949183,8670.746,21173.238,-1760.5945,Basket,50.0,Blueprint,,,Basket_Medium,,,,
SceneComponent,Loot_Basket_Medium_01a_Spawner_C,UNP_Loot_Basket_Medium_01a_Spawner_UAID_04687488249475B202_dca082373cf3e830_2037613996,18518.535,-3452.758,-748.54846,Basket,50.0,Blueprint,,,Basket_Medium,,,,
SceneComponent,Loot_Basket_Medium_01a_Spawner_C,UNP_Loot_Basket_Medium_01a_Spawner_UAID_04687488249475B202_dca082373cf3e830_2037845001,16619.088,-3436.3762,-752.14935,Basket,50.0,Blueprint,,,Basket_Medium,,,,
SceneComponent,Loot_Basket_Medium_01a_Spawner_C,UNP_Loot_Basket_Medium_01a_Spawner_UAID_046874882494829A02_68e0512c24d92e8f_1230561570,13536.564,18477.24,-1799.869,Basket,50.0,Blueprint,,,Basket_Medium,,,,
SceneComponent,Loot_Basket_Medium_01a_Spawner_C,UNP_Loot_Basket_Medium_01a_Spawner_UAID_046874882494977D02_be6a6beac2196855_1269667638,11568.908,30915.094,-1911.5792,Basket,50.0,Blueprint,,,Basket_Medium,,,,
SceneComponent,Loot_Basket_Medium_01a_Spawner_C,UNP_Loot_Basket_Medium_01a_Spawner_UAID_046874882494977D02_be6a6beac2196855_1269763644,9928.697,30562.371,-1916.4117,Basket,50.0,Blueprint,,,Basket_Medium,,,,
SceneComponent,Loot_Basket_Medium_01a_Spawner_C,UNP_Loot_Basket_Medium_01a_Spawner_UAID_046874882494A69802_68e0512c24d92e8f_1367701027,7152.8423,20053.797,-1989.9371,Basket,50.0,Blueprint,,,Basket_Medium,,,,
SceneComponent,Loot_Basket_Medium_01a_Spawner_C,UNP_Loot_Basket_Medium_01a_Spawner_UAID_046874882494D99A02_b9ed3e3c39f77a44_1817885604,40949.246,14036.584,-1965.7003,Basket,50.0,Blueprint,,,Basket_Medium,,,,
SceneComponent,Loot_Basket_Medium_01a_Spawner_C,UNP_Loot_Basket_Medium_01a_Spawner_UAID_046874882494D99A02_ef5e067ba124a252_1817885604,-2946.4568,14028.0205,-1788.0577,Basket,50.0,Blueprint,,,Basket_Medium,,,,
SceneComponent,Loot_Basket_Medium_01a_Spawner_C,UNP_Loot_Basket_Medium_01a_Spawner_ca1edcb028361fa8_0,39285.58,16410.387,-2177.3315,Basket,50.0,Blueprint,,,Basket_Medium,,,,
SceneComponent,Loot_Basket_Small_01a_Spawner_C,Loot_Basket_Small_01a_Spawner_C_4481ef720ae1ae21_0,-11104.436,-5823.521,-1969.1727,Basket,50.0,Blueprint,,,Basket_Small,,,,
SceneComponent,Loot_Basket_Small_01a_Spawner_C,Loot_Basket_Small_01a_Spawner_C_4481ef720ae1ae21_1,-11001.536,-5720.1245,-1472.95,Basket,50.0,Blueprint,,,Basket_Small,,,,
SceneComponent,Loot_Basket_Small_01a_Spawner_C,Loot_Basket_Small_01a_Spawner_C_68479541b25a7529_1,25978.076,45685.484,-2014.4921,Basket,50.0,Blueprint,,,Basket_Small,,,,
SceneComponent,Loot_Basket_Small_01a_Spawner_C,Loot_Basket_Small_01a_Spawner_C_UAID_00FF8EFC2BEF3B8F02_3d51e0b15ada5c48_1875761131,-8325.123,-8465.122,-1335.9126,Basket,50.0,Blueprint,,,Basket_Small,,,,
SceneComponent,Loot_Basket_Small_01a_Spawner_C,Loot_Basket_Small_01a_Spawner_C_UAID_00FF8EFC2BEF935D02_8c0649ca72c28d0c_1144542944,22844.053,49772.945,-1864.0444,Basket,50.0,Blueprint,,,Basket_Small,,,,
SceneComponent,Loot_Basket_Small_01a_Spawner_C,Loot_Basket_Small_01a_Spawner_C_UAID_00FF8EFC2BEF935D02_a010daeb6da79058_1144542944,-20138.5,23783.31,-888.2087,Basket,50.0,Blueprint,,,Basket_Small,,,,
SceneComponent,Loot_Basket_Small_01a_Spawner_C,Loot_Basket_Small_01a_Spawner_C_UAID_00FF8EFC2BEF935D02_b5bbc9bd94e34bdf_1144542944,28674.254,48717.67,-2028.5751,Basket,50.0,Blueprint,,,Basket_Small,,,,
SceneComponent,Loot_Basket_Small_01a_Spawner_C,Loot_Basket_Small_01a_Spawner_C_UAID_00FF8EFC2BEF935D02_dcf1056f94f47358_1144542944,-10146.326,509.0702,-1942.4445,Basket,50.0,Blueprint,,,Basket_Small,,,,
SceneComponent,Loot_Basket_Small_01a_Spawner_C,Loot_Basket_Small_01a_Spawner_C_UAID_0468748824944E8902_4481ef720ae1ae21_1229175545,-12890.252,-6599.3306,-1402.6129,Basket,50.0,Blueprint,,,Basket_Small,,,,
SceneComponent,Loot_Basket_Small_01a_Spawner_C,Loot_Basket_Small_01a_Spawner_C_UAID_04687488249456B902_40332391da5e1e80_1364845394,-4090.1323,13833.391,-1909.2457,Basket,50.0,Blueprint,,,Basket_Small,,,,
SceneComponent,Loot_Basket_Small_01a_Spawner_C,Loot_Basket_Small_01a_Spawner_C_UAID_0468748824945BB902_11158c6f7229cdc0_1719265251,1121.456,10148.406,-1670.1361,Basket,50.0,Blueprint,,,Basket_Small,,,,
SceneComponent,Loot_Basket_Small_01a_Spawner_C,Loot_Basket_Small_01a_Spawner_C_UAID_0468748824945BB902_11158c6f7229cdc0_1719515259,2139.793,9614.138,-2199.5742,Basket,50.0,Blueprint,,,Basket_Small,,,,
SceneComponent,Loot_Basket_Small_01a_Spawner_C,Loot_Basket_Small_01a_Spawner_C_UAID_04687488249472B202_4b003ba387a57fa1_2060977499,18329.674,-5461.3545,-669.05524,Basket,50.0,Blueprint,,,Basket_Small,,,,
SceneComponent,Loot_Basket_Small_01a_Spawner_C,Loot_Basket_Small_01a_Spawner_C_UAID_046874882494A69802_68e0512c24d92e8f_1374419166,10632.333,19299.73,-2000.1069,Basket,50.0,Blueprint,,,Basket_Small,,,,
SceneComponent,Loot_Basket_Small_01a_Spawner_C,Loot_Basket_Small_01a_Spawner_C_UAID_046874882494A69802_68e0512c24d92e8f_1374598181,15650.255,21749.607,-2000.0477,Basket,50.0,Blueprint,,,Basket_Small,,,,
SceneComponent,Loot_Basket_Small_01a_Spawner_C,Loot_Basket_Small_01a_Spawner_C_UAID_046874882494DB9A02_2fa6262d75ac1966_2083891081,40259.36,15936.453,-1614.6925,Basket,50.0,Blueprint,,,Basket_Small,,,,
SceneComponent,Loot_Basket_Small_01a_Spawner_C,Loot_Basket_Small_01a_Spawner_C_UAID_046874882494FE9802_e515a311258b40d3_1767803567,-11145.315,43418.473,-129.03824,Basket,50.0,Blueprint,,,Basket_Small,,,,
SceneComponent,Loot_Basket_Small_01a_Spawner_C,Loot_Basket_Small_01a_Spawner_C_UAID_046874882494FE9802_e515a311258b40d3_1771379634,-11501.227,37509.105,-103.86472,Basket,50.0,Blueprint,,,Basket_Small,,,,
SceneComponent,Loot_Basket_Small_01a_Spawner_C,Loot_Basket_Small_01a_Spawner_C_UAID_04D9F5F93AD54C4102_ae54c015e4f59828_1398644877,-26689.871,12668.914,-1239.999,Basket,50.0,Blueprint,,,Basket_Small,,,,
SceneComponent,Loot_Basket_Small_01a_Spawner_C,UNP_Loot_Basket_Small_01a1_039ab8d01f784483_1,-22210.049,24091.004,-311.4739,Basket,50.0,Blueprint,,,Basket_Small,,,,
SceneComponent,Loot_Basket_Small_01a_Spawner_C,UNP_Loot_Basket_Small_01a1_3059d67b4bbc9d72_1,9504.594,-1178.5751,-577.0748,Basket,50.0,Blueprint,,,Basket_Small,,,,
SceneComponent,Loot_Basket_Small_01a_Spawner_C,UNP_Loot_Basket_Small_01a1_3d7e79e141461900_1,-17843.914,-3013.82,-1246.8619,Basket,50.0,Blueprint,,,Basket_Small,,,,
SceneComponent,Loot_Basket_Small_01a_Spawner_C,UNP_Loot_Basket_Small_01a_039ab8d01f784483_0,-22579.42,23414.47,-622.25714,Basket,50.0,Blueprint,,,Basket_Small,,,,
SceneComponent,Loot_Basket_Small_01a_Spawner_C,UNP_Loot_Basket_Small_01a_3059d67b4bbc9d72_0,9802.19,-1889.6068,-887.8581,Basket,50.0,Blueprint,,,Basket_Small,,,,
SceneComponent,Loot_Basket_Small_01a_Spawner_C,UNP_Loot_Basket_Small_01a_3d7e79e141461900_0,-17371.162,-2405.0205,-1557.6451,Basket,50.0,Blueprint,,,Basket_Small,,,,
SceneComponent,Loot_Basket_Small_01a_Spawner_C,UNP_Loot_Basket_Small_01a_Spawner_UAID_046874882494A69802_68e0512c24d92e8f_1367167958,12506.008,17612.55,-1988.0757,Basket,50.0,Blueprint,,,Basket_Small,,,,
SceneComponent,Loot_Beehive_01a_Spawner_C,UNP_Loot_Beehive_01a1_UAID_0468748824944E9B02_11b5b0c7a6f183d8_1425591017,-22833.244,24414.11,-819.481,Beehive,,,,,Beehive,,,,
SceneComponent,Loot_Beehive_01a_Spawner_C,UNP_Loot_Beehive_01a1_UAID_0468748824944E9B02_f233e748422b1e57_1425591017,8863.006,-1463.4174,-1085.0819,Beehive,,,,,Beehive,,,,
SceneComponent,Loot_Beehive_01a_Spawner_C,UNP_Loot_Beehive_01a1_UAID_0468748824944E9B02_faed06f6124ced22_1425591017,-17280.371,-3432.3772,-1754.869,Beehive,,,,,Beehive,,,,
SceneComponent,Loot_Beehive_01a_Spawner_C,UNP_Loot_Beehive_01a1_UAID_04687488249456B902_40332391da5e1e80_1310305279,-4491.106,14785.843,-1912.561,Beehive,,,,,Beehive,,,,
SceneComponent,Loot_Beehive_01a_Spawner_C,UNP_Loot_Beehive_01a2_UAID_0468748824944E9B02_11b5b0c7a6f183d8_1425589015,-22844.92,24345.615,-819.1792,Beehive,,,,,Beehive,,,,
SceneComponent,Loot_Beehive_01a_Spawner_C,UNP_Loot_Beehive_01a2_UAID_0468748824944E9B02_f233e748422b1e57_1425589015,8909.202,-1515.3195,-1084.7802,Beehive,,,,,Beehive,,,,
SceneComponent,Loot_Beehive_01a_Spawner_C,UNP_Loot_Beehive_01a2_UAID_0468748824944E9B02_faed06f6124ced22_1425589015,-17257.898,-3366.6292,-1754.5673,Beehive,,,,,Beehive,,,,
SceneComponent,Loot_Beehive_01a_Spawner_C,UNP_Loot_Beehive_01a2_UAID_04687488249456B902_40332391da5e1e80_1310304277,-4476.0264,14853.67,-1912.2593,Beehive,,,,,Beehive,,,,
SceneComponent,Loot_Beehive_01a_Spawner_C,UNP_Loot_Beehive_01a_UAID_0468748824944E9B02_11b5b0c7a6f183d8_1425583012,-22866.045,24490.201,-819.7461,Beehive,,,,,Beehive,,,,
SceneComponent,Loot_Beehive_01a_Spawner_C,UNP_Loot_Beehive_01a_UAID_0468748824944E9B02_f233e748422b1e57_1425583012,8783.097,-1441.5035,-1085.347,Beehive,,,,,Beehive,,,,
SceneComponent,Loot_Beehive_01a_Spawner_C,UNP_Loot_Beehive_01a_UAID_0468748824944E9B02_faed06f6124ced22_1425583012,-17260.154,-3512.7327,-1755.134,Beehive,,,,,Beehive,,,,
SceneComponent,Loot_Beehive_01a_Spawner_C,UNP_Loot_Beehive_01a_UAID_04687488249456B902_40332391da5e1e80_1310301275,-4462.1426,14708.21,-1912.826,Beehive,,,,,Beehive,,,,
SceneComponent,Loot_BirdsNest_01a_Spawner_C,Loot_BirdsNest_01a_Spawner_C_UAID_00FF8EFC2BEF5A8202_129128160f00dfd4_1314091309,41241.113,16451.139,-1795.4019,Nest,10.0,Blueprint,,,Nest,,,,
SceneComponent,Loot_BirdsNest_01a_Spawner_C,Loot_BirdsNest_01a_Spawner_C_UAID_046874882494449B02_be84b45a7f1a85a5_1510689516,44139.61,28240.326,-1858.5782,Nest,10.0,Blueprint,,,Nest,,,,
SceneComponent,Loot_BirdsNest_01a_Spawner_C,Loot_BirdsNest_01a_Spawner_C_UAID_046874882494977D02_be6a6beac2196855_1267129285,8966.381,32515.393,-1602.2479,Nest,10.0,Blueprint,,,Nest,,,,
SceneComponent,Loot_BirdsNest_01a_Spawner_C,Loot_BirdsNest_01a_Spawner_C_UAID_D843AE1A93E5AAD502_1431576648,39242.508,-3110.6484,-1210.492,Nest,10.0,Blueprint,,,Nest,,,,
SceneComponent,Loot_BirdsNest_01a_Spawner_C,Loot_BirdsNest_01a_Spawner_C_UAID_D843AE1A93E5CD8002_e9710943a2517302_1504644843,13217.581,22649.256,-1591.5745,Nest,10.0,Blueprint,,,Nest,,,,
SceneComponent,Loot_BirdsNest_01a_Spawner_C,Loot_BirdsNest_01a_Spawner_C_eb580424d23ccad1_1,47626.7,-7591.8823,402.45847,Nest,10.0,Blueprint,,,Nest,,,,
SceneComponent,Loot_BirdsNest_01a_Spawner_C,UNP_Loot_BirdsNest_01a1_150853ea8c65ef5f_1,-26603.664,-486.12497,-2118.2024,Nest,10.0,Blueprint,,,Nest,,,,
SceneComponent,Loot_BirdsNest_01a_Spawner_C,UNP_Loot_BirdsNest_01a1_283447ad8419eb18_1,41294.22,46555.35,-2224.652,Nest,10.0,Blueprint,,,Nest,,,,
SceneComponent,Loot_BirdsNest_01a_Spawner_C,UNP_Loot_BirdsNest_01a1_UAID_046874882494B4B302_75f24b53c5c4d0ce_1292805073,-16501.684,38702.812,660.4009,Nest,10.0,Blueprint,,,Nest,,,,
SceneComponent,Loot_BirdsNest_01a_Spawner_C,UNP_Loot_BirdsNest_01a_150853ea8c65ef5f_0,-25909.979,-548.12225,-2107.1501,Nest,10.0,Blueprint,,,Nest,,,,
SceneComponent,Loot_BirdsNest_01a_Spawner_C,UNP_Loot_BirdsNest_01a_283447ad8419eb18_0,40707.863,46179.54,-2213.5999,Nest,10.0,Blueprint,,,Nest,,,,
SceneComponent,Loot_BirdsNest_01a_Spawner_C,UNP_Loot_BirdsNest_01a_UAID_046874882494B4B302_75f24b53c5c4d0ce_1292806075,-15930.367,38304.516,671.4532,Nest,10.0,Blueprint,,,Nest,,,,
SceneComponent,Loot_BirdsNest_01a_Spawner_C,UNP_Loot_BirdsNest_01a_c751e3c6ad786504_0,45013.465,17291.527,-1231.8922,Nest,10.0,Blueprint,,,Nest,,,,
SceneComponent,Loot_BirdsNest_01a_Spawner_C,UNP_Loot_BirdsNest_01a_cce29339c1a7d5d6_0,10522.396,41597.184,-1117.812,Nest,10.0,Blueprint,,,Nest,,,,
SceneComponent,Loot_BlacksmithChest_01a_Spawner_C,Loot_BlacksmithChest_01a_Spawner_C_2fa6262d75ac1966_3,40342.562,16572.336,-2092.4414,Smithing Chest,50.0,Blueprint,,,Blacksmith_Medium,,,,
SceneComponent,Loot_BlacksmithChest_01a_Spawner_C,Loot_BlacksmithChest_01a_Spawner_C_UAID_04D9F5F93AD55F4A02_2fa6262d75ac1966_1422120199,39892.445,15950.503,-1687.826,Smithing Chest,50.0,Blueprint,,,Blacksmith_Medium,,,,
SceneComponent,Loot_BlacksmithChest_01a_Spawner_C,Loot_BlacksmithChest_01a_Spawner_C_UAID_04D9F5F93AD5984002_75f24b53c5c4d0ce_1263730774,-16963.963,39403.348,2132.608,Smithing Chest,50.0,Blueprint,,,Blacksmith_Medium,,,,
SceneComponent,Loot_BlacksmithChest_02a_Spawner_C,Loot_BlacksmithChest_02a_Spawner_C_UAID_00FF8EFC2BEF5E8202_ef3b7a5dfc65e53f_1845705429,38918.023,14425.651,-2177.3833,Tooling Bin,50.0,Blueprint,,,ToolingBin,,,,
SceneComponent,Loot_BlacksmithChest_02a_Spawner_C,Loot_BlacksmithChest_02a_Spawner_C_UAID_0468748824945BB902_11158c6f7229cdc0_1690844749,6378.795,9992.64,-2231.2852,Tooling Bin,50.0,Blueprint,,,ToolingBin,,,,
SceneComponent,Loot_BlacksmithChest_02a_Spawner_C,Loot_BlacksmithChest_02a_Spawner_C_UAID_04D9F5F93AD54A4102_ae54c015e4f59828_2143425005,-26468.824,12754.945,-1313.0302,Tooling Bin,50.0,Blueprint,,,ToolingBin,,,,
SceneComponent,Loot_BlacksmithChest_02a_Spawner_C,Loot_BlacksmithChest_02a_Spawner_C_UAID_04D9F5F93AD55F4A02_2fa6262d75ac1966_1411786193,39817.98,16350.8,-1687.689,Tooling Bin,50.0,Blueprint,,,ToolingBin,,,,
SceneComponent,Loot_BlacksmithChest_02a_Spawner_C,Loot_BlacksmithChest_02a_Spawner_C_UAID_04D9F5F93AD5624002_40332391da5e1e80_1907293031,-2909.0764,14491.27,-1645.1454,Tooling Bin,50.0,Blueprint,,,ToolingBin,,,,
SceneComponent,Loot_BlacksmithChest_02a_Spawner_C,Loot_BlacksmithChest_02a_Spawner_C_UAID_04D9F5F93AD56F4002_75f24b53c5c4d0ce_2056975939,-18572.85,39624.51,2128.2117,Tooling Bin,50.0,Blueprint,,,ToolingBin,,,,
SceneComponent,Loot_BlacksmithChest_02a_Spawner_C,Loot_BlacksmithChest_02a_Spawner_C_UAID_04D9F5F93AD5B73F02_2f00d91e4ecd5bd9_1963451861,10958.477,23147.508,-1974.6005,Tooling Bin,50.0,Blueprint,,,ToolingBin,,,,
SceneComponent,Loot_BlacksmithChest_02a_Spawner_C,Loot_BlacksmithChest_02a_Spawner_C_UAID_04D9F5F93AD5B73F02_612b8435ec5bfafe_1963451861,-4559.33,13672.031,-1996.9696,Tooling Bin,50.0,Blueprint,,,ToolingBin,,,,
SceneComponent,Loot_BlacksmithChest_02a_Spawner_C,Loot_BlacksmithChest_02a_Spawner_C_UAID_04D9F5F93AD5B73F02_a60450cc09cd4878_1963451861,-983.9063,17336.457,-2062.4995,Tooling Bin,50.0,Blueprint,,,ToolingBin,,,,
SceneComponent,Loot_BlacksmithChest_02a_Spawner_C,Loot_BlacksmithChest_02a_Spawner_C_UAID_581CF8B72315488E02_dfb147756528da82_1368404538,32746.424,-12815.073,-4318.7993,Tooling Bin,50.0,Blueprint,,,ToolingBin,,,,
SceneComponent,Loot_Bottle_01a_Spawner_C,Loot_Bottle_01a_Spawner_C_68479541b25a7529_3,25761.232,45399.605,-2607.4568,Large Distillery,50.0,Blueprint,,,Distillery_Small,,,,
SceneComponent,Loot_Bottle_01a_Spawner_C,Loot_Bottle_01a_Spawner_C_68479541b25a7529_5,24406.836,44726.07,-2607.5261,Large Distillery,50.0,Blueprint,,,Distillery_Small,,,,
SceneComponent,Loot_Bottle_01a_Spawner_C,Loot_Bottle_01a_Spawner_C_UAID_04687488249400B902_4980766c61eef4cd_1703267019,-5318.579,11406.264,-1886.1245,Large Distillery,50.0,Blueprint,,,Distillery_Small,,,,
SceneComponent,Loot_Bottle_01a_Spawner_C,Loot_Bottle_01a_Spawner_C_UAID_046874882494069902_ae54c015e4f59828_2095380501,-28097.025,13608.023,-1228.0302,Large Distillery,50.0,Blueprint,,,Distillery_Small,,,,
SceneComponent,Loot_Bottle_01a_Spawner_C,Loot_Bottle_01a_Spawner_C_UAID_046874882494089902_3f0e6d0dd4e4221e_1106080849,-27990.32,11393.501,-1236.6357,Large Distillery,50.0,Blueprint,,,Distillery_Small,,,,
SceneComponent,Loot_Bottle_01a_Spawner_C,Loot_Bottle_01a_Spawner_C_UAID_046874882494359A02_68479541b25a7529_1291152185,25483.521,46262.336,-2030.68,Large Distillery,50.0,Blueprint,,,Distillery_Small,,,,
SceneComponent,Loot_Bottle_01a_Spawner_C,Loot_Bottle_01a_Spawner_C_UAID_046874882494549802_6944a5393d194d48_1875401191,11279.563,20307.506,-1882.4952,Large Distillery,50.0,Blueprint,,,Distillery_Small,,,,
SceneComponent,Loot_Bottle_01a_Spawner_C,Loot_Bottle_01a_Spawner_C_UAID_046874882494789602_2b1cf6401ef78c3e_2061286099,14367.381,19603.475,-1949.1017,Large Distillery,50.0,Blueprint,,,Distillery_Small,,,,
SceneComponent,Loot_Bottle_01a_Spawner_C,Loot_Bottle_01a_Spawner_C_UAID_046874882494789602_8120ab00ad815ff9_2061286099,13028.752,20807.568,-1952.3278,Large Distillery,50.0,Blueprint,,,Distillery_Small,,,,
SceneComponent,Loot_Bottle_01a_Spawner_C,Loot_Bottle_01a_Spawner_C_UAID_046874882494829A02_68e0512c24d92e8f_1230401470,12146.532,18791.646,-2049.0957,Large Distillery,50.0,Blueprint,,,Distillery_Small,,,,
SceneComponent,Loot_Bottle_01a_Spawner_C,Loot_Bottle_01a_Spawner_C_UAID_046874882494AFB302_eb580424d23ccad1_1653895396,47232.324,-7175.878,186.67703,Large Distillery,50.0,Blueprint,,,Distillery_Small,,,,
SceneComponent,Loot_Bottle_01a_Spawner_C,Loot_Bottle_01a_Spawner_C_UAID_581CF8B723155A5002_c1357729720cf173_1440961353,13697.155,20956.104,-2310.5576,Large Distillery,50.0,Blueprint,,,Distillery_Small,,,,
SceneComponent,Loot_Bottle_01a_Spawner_C,Loot_Bottle_01a_Spawner_C_UAID_D843AE1A93E5EFE102_1004ba2f6eb96028_1943190473,-5383.462,10443.724,-1854.0978,Large Distillery,50.0,Blueprint,,,Distillery_Small,,,,
SceneComponent,Loot_Bottle_02a_Spawner_C,Loot_Bottle_02a_Spawner_C_68479541b25a7529_3,24733.914,44708.074,-2607.5264,Distillery,50.0,Blueprint,,,Distillery_Small,,,,
SceneComponent,Loot_Bottle_02a_Spawner_C,Loot_Bottle_02a_Spawner_C_68479541b25a7529_5,25895.81,45584.22,-1707.7476,Distillery,50.0,Blueprint,,,Distillery_Small,,,,
SceneComponent,Loot_Bottle_02a_Spawner_C,Loot_Bottle_02a_Spawner_C_68479541b25a7529_7,25060.875,44871.82,-2013.3525,Distillery,50.0,Blueprint,,,Distillery_Small,,,,
SceneComponent,Loot_Bottle_02a_Spawner_C,Loot_Bottle_02a_Spawner_C_UAID_04687488249400B902_4980766c61eef4cd_1703270022,-5447.799,11374.556,-1885.7723,Distillery,50.0,Blueprint,,,Distillery_Small,,,,
SceneComponent,Loot_Bottle_02a_Spawner_C,Loot_Bottle_02a_Spawner_C_UAID_046874882494069902_ae54c015e4f59828_2095388505,-28223.95,13668.802,-1227.6577,Distillery,50.0,Blueprint,,,Distillery_Small,,,,
SceneComponent,Loot_Bottle_02a_Spawner_C,Loot_Bottle_02a_Spawner_C_UAID_046874882494089902_3f0e6d0dd4e4221e_1106087853,-28060.463,11271.503,-1236.2633,Distillery,50.0,Blueprint,,,Distillery_Small,,,,
SceneComponent,Loot_Bottle_02a_Spawner_C,Loot_Bottle_02a_Spawner_C_UAID_046874882494359A02_68479541b25a7529_1282567818,25290.934,44625.035,-2514.3633,Distillery,50.0,Blueprint,,,Distillery_Small,,,,
SceneComponent,Loot_Bottle_02a_Spawner_C,Loot_Bottle_02a_Spawner_C_UAID_046874882494359A02_68479541b25a7529_1285569003,25246.932,45496.875,-2024.4708,Distillery,50.0,Blueprint,,,Distillery_Small,,,,
SceneComponent,Loot_Bottle_02a_Spawner_C,Loot_Bottle_02a_Spawner_C_UAID_046874882494359A02_68479541b25a7529_1285814025,26204.7,45246.05,-2022.7994,Distillery,50.0,Blueprint,,,Distillery_Small,,,,
SceneComponent,Loot_Bottle_02a_Spawner_C,Loot_Bottle_02a_Spawner_C_UAID_046874882494359A02_68479541b25a7529_1291161189,25379.707,46357.34,-2030.3077,Distillery,50.0,Blueprint,,,Distillery_Small,,,,
SceneComponent,Loot_Bottle_02a_Spawner_C,Loot_Bottle_02a_Spawner_C_UAID_0468748824944E8902_4481ef720ae1ae21_1237506930,-9427.49,-6305.377,-1875.6868,Distillery,50.0,Blueprint,,,Distillery_Small,,,,
SceneComponent,Loot_Bottle_02a_Spawner_C,Loot_Bottle_02a_Spawner_C_UAID_046874882494549802_6944a5393d194d48_1875409195,11314.149,20171.098,-1882.1229,Distillery,50.0,Blueprint,,,Distillery_Small,,,,
SceneComponent,Loot_Bottle_02a_Spawner_C,Loot_Bottle_02a_Spawner_C_UAID_046874882494619802_c1357729720cf173_1311452160,14291.533,21477.57,-2217.393,Distillery,50.0,Blueprint,,,Distillery_Small,,,,
SceneComponent,Loot_Bottle_02a_Spawner_C,Loot_Bottle_02a_Spawner_C_UAID_046874882494789602_2b1cf6401ef78c3e_2061293103,14394.949,19465.477,-1948.7292,Distillery,50.0,Blueprint,,,Distillery_Small,,,,
SceneComponent,Loot_Bottle_02a_Spawner_C,Loot_Bottle_02a_Spawner_C_UAID_046874882494789602_8120ab00ad815ff9_2061293103,13004.203,20946.137,-1951.9554,Distillery,50.0,Blueprint,,,Distillery_Small,,,,
SceneComponent,Loot_Bottle_02a_Spawner_C,Loot_Bottle_02a_Spawner_C_UAID_046874882494829A02_68e0512c24d92e8f_1230378455,12170.7705,19142.818,-1438.4542,Distillery,50.0,Blueprint,,,Distillery_Small,,,,
SceneComponent,Loot_Bottle_02a_Spawner_C,Loot_Bottle_02a_Spawner_C_UAID_046874882494829A02_68e0512c24d92e8f_1230518539,12092.457,19038.807,-1750.9414,Distillery,50.0,Blueprint,,,Distillery_Small,,,,
SceneComponent,Loot_Bottle_02a_Spawner_C,Loot_Bottle_02a_Spawner_C_UAID_046874882494829A02_68e0512c24d92e8f_1230543558,12203.688,18853.799,-1953.6509,Distillery,50.0,Blueprint,,,Distillery_Small,,,,
SceneComponent,Loot_Bottle_02a_Spawner_C,Loot_Bottle_02a_Spawner_C_UAID_046874882494A69802_68e0512c24d92e8f_1374245151,9900.215,20193.104,-1996.9147,Distillery,50.0,Blueprint,,,Distillery_Small,,,,
SceneComponent,Loot_Bottle_02a_Spawner_C,Loot_Bottle_02a_Spawner_C_UAID_046874882494A69802_68e0512c24d92e8f_1374408160,10481.274,19285.053,-1908.0842,Distillery,50.0,Blueprint,,,Distillery_Small,,,,
SceneComponent,Loot_Bottle_02a_Spawner_C,Loot_Bottle_02a_Spawner_C_UAID_046874882494A69802_68e0512c24d92e8f_1374587175,15802.008,21751.828,-1908.025,Distillery,50.0,Blueprint,,,Distillery_Small,,,,
SceneComponent,Loot_Bottle_02a_Spawner_C,Loot_Bottle_02a_Spawner_C_UAID_046874882494AFB302_eb580424d23ccad1_1653898399,47143.574,-7066.6685,187.04942,Distillery,50.0,Blueprint,,,Distillery_Small,,,,
SceneComponent,Loot_Bottle_02a_Spawner_C,Loot_Bottle_02a_Spawner_C_UAID_04D9F5F93AD58B3102_be6a6beac2196855_1337021800,10553.0205,34257.016,-1913.1016,Distillery,50.0,Blueprint,,,Distillery_Small,,,,
SceneComponent,Loot_Bottle_02a_Spawner_C,Loot_Bottle_02a_Spawner_C_UAID_581CF8B72315965202_0c42b2381b479eb1_1610733983,8849.211,17981.467,-1931.8573,Distillery,50.0,Blueprint,,,Distillery_Small,,,,
SceneComponent,Loot_Bottle_02a_Spawner_C,Loot_Bottle_02a_Spawner_C_UAID_581CF8B72315FA5102_2b1cf6401ef78c3e_1979740709,15664.002,18682.398,-1635.4873,Distillery,50.0,Blueprint,,,Distillery_Small,,,,
SceneComponent,Loot_Bottle_02a_Spawner_C,Loot_Bottle_02a_Spawner_C_UAID_D843AE1A93E5EFE102_1004ba2f6eb96028_1943195476,-5364.974,10410.272,-1797.8805,Distillery,50.0,Blueprint,,,Distillery_Small,,,,
SceneComponent,Loot_BucketWater_01a_Spawner_C,Loot_BucketWater_01a_Spawner_C_UAID_046874882494089902_3f0e6d0dd4e4221e_1104347690,-29513.008,11785.08,-1180.4188,Old Bucket,50.0,Blueprint,,,OldBucket,,,,
SceneComponent,Loot_BucketWater_01a_Spawner_C,Loot_BucketWater_01a_Spawner_C_UAID_046874882494499B02_35f6576d0925a26d_1879883678,-1285.6262,16549.896,-1935.4945,Old Bucket,50.0,Blueprint,,,OldBucket,,,,
SceneComponent,Loot_BucketWater_01a_Spawner_C,Loot_BucketWater_01a_Spawner_C_UAID_04687488249456B902_40332391da5e1e80_1375603702,-3804.2993,14592.239,-1849.3564,Old Bucket,50.0,Blueprint,,,OldBucket,,,,
SceneComponent,Loot_BucketWater_01a_Spawner_C,Loot_BucketWater_01a_Spawner_C_UAID_04687488249472BD02_e1f78a4abc3bf4ef_1742981718,-25721.426,-3969.0515,-1292.2075,Old Bucket,50.0,Blueprint,,,OldBucket,,,,
SceneComponent,Loot_BucketWater_01a_Spawner_C,Loot_BucketWater_01a_Spawner_C_UAID_04D9F5F93AD5915D02_10f82c0973ea311b_1656575225,10379.763,42414.84,-1568.512,Old Bucket,50.0,Blueprint,,,OldBucket,,,,
SceneComponent,Loot_BucketWater_01a_Spawner_C,Loot_BucketWater_01a_Spawner_C_UAID_04D9F5F93AD5915D02_84e22533154aa600_1656575225,35443.453,36630.227,-1435.6747,Old Bucket,50.0,Blueprint,,,OldBucket,,,,
SceneComponent,Loot_BucketWater_01a_Spawner_C,Loot_BucketWater_01a_Spawner_C_UAID_581CF8B723153F9402_48fc168e6384f634_1746765393,39503.062,-12786.257,-3523.9004,Old Bucket,50.0,Blueprint,,,OldBucket,,,,
SceneComponent,Loot_BucketWater_01a_Spawner_C,Loot_BucketWater_01a_Spawner_C_UAID_581CF8B723153F9402_48fc168e6384f634_1746848399,39368.797,-12543.717,-3561.043,Old Bucket,50.0,Blueprint,,,OldBucket,,,,
SceneComponent,Loot_BullionBox_01a_Spawner_C,Loot_BullionBox_01a_Spawner_C_UAID_00FF8EFC2BEF176B02_caed61a75aadcb73_2126449824,-19952.273,10263.226,-2185.856,Bullion Box,50.0,Blueprint,,,BullionBox,,,,
SceneComponent,Loot_BullionBox_01a_Spawner_C,Loot_BullionBox_01a_Spawner_C_UAID_00FF8EFC2BEF1C6B02_3f0e6d0dd4e4221e_1324957406,-26193.441,13627.322,-1130.3951,Bullion Box,50.0,Blueprint,,,BullionBox,,,,
SceneComponent,Loot_BullionBox_01a_Spawner_C,Loot_BullionBox_01a_Spawner_C_UAID_00FF8EFC2BEF905D02_8c0649ca72c28d0c_1709461400,23424.082,49363.46,-1947.6593,Bullion Box,50.0,Blueprint,,,BullionBox,,,,
SceneComponent,Loot_BullionBox_01a_Spawner_C,Loot_BullionBox_01a_Spawner_C_UAID_00FF8EFC2BEF905D02_a010daeb6da79058_1709461400,-19425.3,23735.701,-874.6253,Bullion Box,50.0,Blueprint,,,BullionBox,,,,
SceneComponent,Loot_BullionBox_01a_Spawner_C,Loot_BullionBox_01a_Spawner_C_UAID_00FF8EFC2BEF905D02_b5bbc9bd94e34bdf_1709461400,28268.654,48129.23,-2046.7667,Bullion Box,50.0,Blueprint,,,BullionBox,,,,
SceneComponent,Loot_BullionBox_01a_Spawner_C,Loot_BullionBox_01a_Spawner_C_UAID_00FF8EFC2BEF905D02_dcf1056f94f47358_1709461400,-10179.423,1211.9574,-2068.7754,Bullion Box,50.0,Blueprint,,,BullionBox,,,,
SceneComponent,Loot_BullionBox_01a_Spawner_C,Loot_BullionBox_01a_Spawner_C_UAID_00FF8EFC2BEFC96902_b672bb6c668a37ab_1466064169,-17415.61,40725.43,624.2704,Bullion Box,50.0,Blueprint,,,BullionBox,,,,
SceneComponent,Loot_BullionBox_01a_Spawner_C,Loot_BullionBox_01a_Spawner_C_UAID_04687488249400B902_4980766c61eef4cd_1705313078,-5036.72,10822.439,-1484.8254,Bullion Box,5.0,Custom,,,BullionBox,,,,
SceneComponent,Loot_BullionBox_01a_Spawner_C,Loot_BullionBox_01a_Spawner_C_UAID_04687488249400B902_4980766c61eef4cd_1709388180,-4934.804,10449.136,-1453.0879,Bullion Box,50.0,Blueprint,,,BullionBox,,,,
SceneComponent,Loot_BullionBox_01a_Spawner_C,Loot_BullionBox_01a_Spawner_C_UAID_046874882494359A02_68479541b25a7529_1286798080,24727.857,45136.152,-1648.8446,Bullion Box,5.0,Custom,,,BullionBox,,,,
SceneComponent,Loot_BullionBox_01a_Spawner_C,Loot_BullionBox_01a_Spawner_C_UAID_046874882494359A02_68479541b25a7529_1286896088,25563.693,44685.76,-1651.7542,Bullion Box,5.0,Custom,,,BullionBox,,,,
SceneComponent,Loot_BullionBox_01a_Spawner_C,Loot_BullionBox_01a_Spawner_C_UAID_0468748824944E8902_4481ef720ae1ae21_1244093129,-10202.474,-7319.116,-882.80444,Bullion Box,5.0,Custom,,,BullionBox,,,,
SceneComponent,Loot_BullionBox_01a_Spawner_C,Loot_BullionBox_01a_Spawner_C_UAID_0468748824945BB902_11158c6f7229cdc0_1690850761,6730.74,9863.262,-2092.3496,Bullion Box,50.0,Blueprint,,,BullionBox,,,,
SceneComponent,Loot_BullionBox_01a_Spawner_C,Loot_BullionBox_01a_Spawner_C_UAID_046874882494829A02_68e0512c24d92e8f_1230383458,13564.029,19631.1,-1538.1346,Bullion Box,5.0,Custom,,,BullionBox,,,,
SceneComponent,Loot_BullionBox_01a_Spawner_C,Loot_BullionBox_01a_Spawner_C_UAID_046874882494829A02_68e0512c24d92e8f_1230469512,13390.131,19777.346,-1408.9481,Bullion Box,50.0,Blueprint,,,BullionBox,,,,
SceneComponent,Loot_BullionBox_01a_Spawner_C,Loot_BullionBox_01a_Spawner_C_UAID_046874882494829A02_68e0512c24d92e8f_1230513535,13219.875,19164.184,-1849.7559,Bullion Box,25.0,Custom,,,BullionBox,,,,
SceneComponent,Loot_BullionBox_01a_Spawner_C,Loot_BullionBox_01a_Spawner_C_UAID_046874882494B4B302_75f24b53c5c4d0ce_1280789680,-18118.129,40292.742,2140.1365,Bullion Box,5.0,Custom,,,BullionBox,,,,
SceneComponent,Loot_BullionBox_01a_Spawner_C,Loot_BullionBox_01a_Spawner_C_UAID_04D9F5F93AD5063F02_11158c6f7229cdc0_1444049046,3003.605,12826.148,-2300.0366,Bullion Box,50.0,Blueprint,,,BullionBox,,,,
SceneComponent,Loot_BullionBox_01a_Spawner_C,Loot_BullionBox_01a_Spawner_C_UAID_04D9F5F93AD5763302_be6a6beac2196855_1110576843,10805.049,30082.418,-1906.8878,Bullion Box,10.0,Custom,,,BullionBox,,,,
SceneComponent,Loot_BullionBox_01a_Spawner_C,Loot_BullionBox_01a_Spawner_C_UAID_08BFB82FEC6A9BE102_dca082373cf3e830_2142825823,16423.05,-5196.5435,-725.78485,Bullion Box,50.0,Blueprint,,,BullionBox,,,,
SceneComponent,Loot_BullionBox_01a_Spawner_C,Loot_BullionBox_01a_Spawner_C_UAID_581CF8B723151F8002_dca082373cf3e830_2080746565,18417.166,-1344.7311,-748.2691,Bullion Box,50.0,Blueprint,,,BullionBox,,,,
SceneComponent,Loot_BullionBox_01a_Spawner_C,Loot_BullionBox_01a_Spawner_C_UAID_581CF8B72315235502_68e0512c24d92e8f_1362923848,16487.096,19433.805,-1999.5306,Bullion Box,50.0,Blueprint,,,BullionBox,,,,
SceneComponent,Loot_BullionBox_01a_Spawner_C,Loot_BullionBox_01a_Spawner_C_UAID_581CF8B72315338F02_adcabc3b77726472_1563514968,36737.117,-19468.447,-4678.004,Bullion Box,50.0,Blueprint,,,BullionBox,,,,
SceneComponent,Loot_BullionBox_01a_Spawner_C,Loot_BullionBox_01a_Spawner_C_UAID_581CF8B72315678D02_289b204959a58d51_1327799756,36759.23,-16254.25,-8029.6743,Bullion Box,50.0,Blueprint,,,BullionBox,,,,
SceneComponent,Loot_BullionBox_01a_Spawner_C,Loot_BullionBox_01a_Spawner_C_UAID_581CF8B723157A8602_297b636c1481f881_1685312797,33919.586,-10306.824,-4258.316,Bullion Box,50.0,Blueprint,,,BullionBox,,,,
SceneComponent,Loot_BullionBox_01a_Spawner_C,Loot_BullionBox_01a_Spawner_C_UAID_581CF8B723157A8602_adcabc3b77726472_1685312797,35692.15,-18599.252,-4686.0723,Bullion Box,50.0,Blueprint,,,BullionBox,,,,
SceneComponent,Loot_BullionBox_01a_Spawner_C,Loot_BullionBox_01a_Spawner_C_UAID_581CF8B723157F9602_b60af4a2524c6d71_1343783306,34092.535,-14491.645,-4624.701,Bullion Box,50.0,Blueprint,,,BullionBox,,,,
SceneComponent,Loot_BullionBox_01a_Spawner_C,Loot_BullionBox_01a_Spawner_C_UAID_581CF8B72315829002_d2b622e41626617e_1981042357,43769.188,-21480.135,-5800.7603,Bullion Box,50.0,Blueprint,,,BullionBox,,,,
SceneComponent,Loot_BullionBox_01a_Spawner_C,Loot_BullionBox_01a_Spawner_C_UAID_581CF8B723158F5202_0c42b2381b479eb1_1381848919,9325.194,18073.568,-1421.0175,Bullion Box,50.0,Blueprint,,,BullionBox,,,,
SceneComponent,Loot_BullionBox_01a_Spawner_C,Loot_BullionBox_01a_Spawner_C_UAID_581CF8B72315B08202_48fc168e6384f634_1222906898,38966.402,-12097.657,-3510.715,Bullion Box,50.0,Blueprint,,,BullionBox,,,,
SceneComponent,Loot_BullionBox_01a_Spawner_C,Loot_BullionBox_01a_Spawner_C_UAID_581CF8B72315F15102_2b1cf6401ef78c3e_1087496201,15646.691,19062.03,-1572.492,Bullion Box,50.0,Blueprint,,,BullionBox,,,,
SceneComponent,Loot_BullionBox_01a_Spawner_C,Loot_BullionBox_01a_Spawner_C_UAID_D843AE1A93E5578702_4980766c61eef4cd_1509498540,-5032.9604,10678.604,-1391.6506,Bullion Box,5.0,Custom,,,BullionBox,,,,
SceneComponent,Loot_BullionBox_01a_Spawner_C,Loot_BullionBox_01a_Spawner_C_UAID_D843AE1A93E571D202_1165110769,-23430.066,23987.688,-910.66437,Bullion Box,50.0,Blueprint,,,BullionBox,,,,
SceneComponent,Loot_BullionBox_01a_Spawner_C,Loot_BullionBox_01a_Spawner_C_UAID_D843AE1A93E5939302_143482fa8e70245c_1488719093,-9450.102,-6290.2134,-1968.3438,Bullion Box,50.0,Blueprint,,,BullionBox,,,,
SceneComponent,Loot_BullionBox_01a_Spawner_C,Loot_BullionBox_01a_Spawner_C_UAID_D843AE1A93E5977D02_31b34140d09411f6_2146670368,-18448.473,44303.758,611.70184,Bullion Box,50.0,Blueprint,,,BullionBox,,,,
SceneComponent,Loot_BullionBox_01a_Spawner_C,Loot_BullionBox_01a_Spawner_C_UAID_D843AE1A93E5977D02_85570c7134ea172a_2146670368,-3475.1619,16570.281,-1735.5029,Bullion Box,50.0,Blueprint,,,BullionBox,,,,
SceneComponent,Loot_BullionBox_01a_Spawner_C,Loot_BullionBox_01a_Spawner_C_UAID_D843AE1A93E5DB7902_b672bb6c668a37ab_1480717035,-17103.756,39940.24,2476.626,Bullion Box,50.0,Blueprint,,,BullionBox,,,,
SceneComponent,Loot_BullionBox_01a_Spawner_C,Loot_BullionBox_01a_Spawner_C_UAID_D843AE1A93E5DD7902_75f24b53c5c4d0ce_1457387387,-17387.152,38875.06,2527.8745,Bullion Box,5.0,Custom,,,BullionBox,,,,
SceneComponent,Loot_BullionBox_01a_Spawner_C,Loot_BullionBox_01a_Spawner_C_UAID_D843AE1A93E5DF7902_0b2b7ca065924e7c_1784564091,48464.81,5345.8306,-914.99493,Bullion Box,50.0,Blueprint,,,BullionBox,,,,
SceneComponent,Loot_Buried_Chest_01a_C,UNP_Loot_Buried_Chest_01a_70289b78fbb72873_0,19213.557,40281.45,-1383.9811,Chest,50.0,Blueprint,,,Chest_Global_Medium,,,,
SceneComponent,Loot_Cabinet_02a_Spawner_C,Loot_Cabinet_02a_Spawner_C_UAID_04D9F5F93AD5B43F02_4980766c61eef4cd_1832888153,-5571.0396,11340.103,-1966.4907,Cabinet,,,,,CivilianCupboardDresser_Small,,,,
SceneComponent,Loot_Cabinet_02a_Spawner_C,Loot_Cabinet_02a_Spawner_C_UAID_04D9F5F93AD5B43F02_4980766c61eef4cd_1884126159,-5338.4873,10626.105,-1966.4907,Cabinet,,,,,CivilianCupboardDresser_Small,,,,
SceneComponent,Loot_Cabinet_02a_Spawner_C,Loot_Cabinet_02a_Spawner_C_UAID_04D9F5F93AD5F44B02_2b1cf6401ef78c3e_1388687753,14870.8,19945.682,-1974.1732,Cabinet,,,,,CivilianCupboardDresser_Small,,,,
SceneComponent,Loot_Cabinet_02a_Spawner_C,Loot_Cabinet_02a_Spawner_C_UAID_04D9F5F93AD5F44B02_2b1cf6401ef78c3e_1430796758,14982.472,19483.283,-1635.1732,Cabinet,,,,,CivilianCupboardDresser_Small,,,,
SceneComponent,Loot_Cabinet_02a_Spawner_C,Loot_Cabinet_02a_Spawner_C_UAID_04D9F5F93AD5F44B02_8120ab00ad815ff9_1388687753,12517.982,20476.434,-1977.3993,Cabinet,,,,,CivilianCupboardDresser_Small,,,,
SceneComponent,Loot_ChestDrawers_01a_Spawner_C,Loot_ChestDrawers_01a_Spawner_C_UAID_046874882494829A02_68e0512c24d92e8f_1230555566,11845.803,18994.154,-1438.5103,Trunk,,,,,Civilian_Medium,,,,
SceneComponent,Loot_ChestDrawers_01a_Spawner_C,UNP_Loot_ChestDrawers_01a1_4980766c61eef4cd_1,-3505.8801,10678.444,-1556.4907,Trunk,,,,,Civilian_Medium,,,,
SceneComponent,Loot_ChestDrawers_01a_Spawner_C,UNP_Loot_ChestDrawers_01a2_4980766c61eef4cd_2,-3636.359,11831.828,-1556.4907,Trunk,,,,,Civilian_Medium,,,,
SceneComponent,Loot_ChestDrawers_01a_Spawner_C,UNP_Loot_ChestDrawers_01a_02262a5d03e70a69_0,15726.044,23006.723,-1771.7887,Trunk,,,,,Civilian_Medium,,,,
SceneComponent,Loot_ChestDrawers_01a_Spawner_C,UNP_Loot_ChestDrawers_01a_25ca934595595c8c_0,38216.273,24162.1,-2089.7617,Trunk,,,,,Civilian_Medium,,,,
SceneComponent,Loot_ChestDrawers_01a_Spawner_C,UNP_Loot_ChestDrawers_01a_51a1ca1d1dfeb498_0,-27974.324,14831.588,-1091.7565,Trunk,,,,,Civilian_Medium,,,,
SceneComponent,Loot_ChestDrawers_01a_Spawner_C,UNP_Loot_ChestDrawers_01a_5bce2d7608ceaeda_0,10648.026,18049.646,-1772.9313,Trunk,,,,,Civilian_Medium,,,,
SceneComponent,Loot_ChestDrawers_01a_Spawner_C,UNP_Loot_ChestDrawers_01a_68311c2d437c6b8f_0,23435.342,46065.996,-1898.8818,Trunk,,,,,Civilian_Medium,,,,
SceneComponent,Loot_ChestDrawers_01a_Spawner_C,UNP_Loot_ChestDrawers_01a_75f24b53c5c4d0ce_0,-17000.836,39888.043,1196.6316,Trunk,,,,,Civilian_Medium,,,,
SceneComponent,Loot_ChestDrawers_01a_Spawner_C,UNP_Loot_ChestDrawers_01a_UAID_04687488249466B302_11c294cc824aeaf3_1341572109,25799.053,15494.083,-2597.7563,Trunk,,,,,Civilian_Medium,,,,
SceneComponent,Loot_ChestDrawers_01a_Spawner_C,UNP_Loot_ChestDrawers_01a_UAID_04687488249466B302_11c294cc824aeaf3_1367367588,26330.693,17195.566,-2597.3286,Trunk,,,,,Civilian_Medium,,,,
SceneComponent,Loot_Chest_Large_01a_Spawner_C,Loot_Chest_Large_01a_Spawner_C_2fa6262d75ac1966_42,40379.04,16882.998,-1615.1697,Large Chest,50.0,Blueprint,,,Chest_Global_Large,,,,
SceneComponent,Loot_Chest_Large_01a_Spawner_C,Loot_Chest_Large_01a_Spawner_C_4481ef720ae1ae21_0,-7359.2104,-4995.9956,-2139.6135,Large Chest,50.0,Blueprint,,,Chest_Global_Large,,,,
SceneComponent,Loot_Chest_Large_01a_Spawner_C,Loot_Chest_Large_01a_Spawner_C_68479541b25a7529_1,26147.521,44859.895,-2607.4568,Large Chest,50.0,Blueprint,,,Chest_Global_Large,,,,
SceneComponent,Loot_Chest_Large_01a_Spawner_C,Loot_Chest_Large_01a_Spawner_C_UAID_00FF8EFC2BEFDE6802_b672bb6c668a37ab_1440037425,-17836.984,41014.645,539.95013,Large Chest,50.0,Blueprint,,,Chest_Global_Large,,,,
SceneComponent,Loot_Chest_Large_01a_Spawner_C,Loot_Chest_Large_01a_Spawner_C_UAID_581CF8B723150C9D02_d2b622e41626617e_1189489290,45300.316,-16855.877,-7955.4897,Large Chest,50.0,Blueprint,,,Chest_Global_Large,,,,
SceneComponent,Loot_Chest_Large_01a_Spawner_C,Loot_Chest_Large_01a_Spawner_C_UAID_581CF8B723152F9002_d2b622e41626617e_1932444803,38902.38,-19267.35,-5333.124,Large Chest,50.0,Blueprint,,,Chest_Global_Large,,,,
SceneComponent,Loot_Chest_Large_01a_Spawner_C,Loot_Chest_Large_01a_Spawner_C_UAID_581CF8B72315338F02_adcabc3b77726472_1563508966,36498.723,-19492.07,-4666.5273,Large Chest,50.0,Blueprint,,,Chest_Global_Large,,,,
SceneComponent,Loot_Chest_Large_01a_Spawner_C,UNP_Con_StrongBox_01_4b003ba387a57fa1_0,18180.43,-4996.498,-745.16797,Large Chest,50.0,Blueprint,,,Chest_Global_Large,,,,
SceneComponent,Loot_Chest_Large_01a_Spawner_C,UNP_Loot_Chest_Large_01a_38dd6e6fa5f4d608_0,42138.63,34396.742,-1685.0177,Large Chest,50.0,Blueprint,,,Chest_Global_Large,,,,
SceneComponent,Loot_Chest_Large_01a_Spawner_C,UNP_Loot_Chest_Large_01a_48587e268a079417_0,36266.758,35680.76,-1414.723,Large Chest,50.0,Blueprint,,,Chest_Global_Large,,,,
SceneComponent,Loot_Chest_Large_01a_Spawner_C,UNP_Loot_Chest_Large_01a_4980766c61eef4cd_0,-4814.84,10442.043,-1966.262,Large Chest,75.0,Custom,,,Chest_Global_Large,,,,
SceneComponent,Loot_Chest_Large_01a_Spawner_C,UNP_Loot_Chest_Large_01a_UAID_00FF8EFC2BEF4ABA02_5a6840b2e853ea4f_1323669771,-29626.342,47854.23,451.3886,Large Chest,50.0,Blueprint,,,Chest_Global_Large,,,,
SceneComponent,Loot_Chest_Large_01a_Spawner_C,UNP_Loot_Chest_Large_01a_UAID_04687488249466B302_11c294cc824aeaf3_1341577118,25427.0,15464.231,-2597.7563,Large Chest,50.0,Blueprint,,,Chest_Global_Large,,,,
SceneComponent,Loot_Chest_Large_01a_Spawner_C,UNP_Loot_Chest_Large_01a_UAID_046874882494A69802_68e0512c24d92e8f_1336345763,17054.848,19176.514,-2017.6442,Large Chest,50.0,Blueprint,,,Chest_Global_Large,,,,
SceneComponent,Loot_Chest_Large_01a_Spawner_C,UNP_Loot_Chest_Large_01a_UAID_046874882494FE9802_e515a311258b40d3_1755728275,-10320.829,42744.33,-197.98409,Large Chest,50.0,Blueprint,,,Chest_Global_Large,,,,
SceneComponent,Loot_Chest_Large_01a_Spawner_C,UNP_Loot_Chest_Large_01a_a1088320ad7534bd_0,16521.785,43217.223,-976.3055,Large Chest,50.0,Blueprint,,,Chest_Global_Large,,,,
SceneComponent,Loot_Chest_Large_01a_Spawner_C,UNP_Loot_Chest_Large_01a_eb580424d23ccad1_0,48066.78,-7095.9385,101.67701,Large Chest,50.0,Blueprint,,,Chest_Global_Large,,,,
SceneComponent,Loot_Chest_Large_01a_Spawner_C,UNP_Loot_Chest_Small_01a1_UAID_04687488249466B302_11c294cc824aeaf3_1343284200,23889.691,17907.72,-2597.4707,Large Chest,50.0,Blueprint,,,Chest_Global_Large,,,,
SceneComponent,Loot_Chest_Large_01a_Spawner_C,UNP_Loot_Chest_Small_01a1_UAID_046874882494977D02_be6a6beac2196855_1268807539,9982.188,32639.664,-1908.4062,Large Chest,50.0,Blueprint,,,Chest_Global_Large,,,,
SceneComponent,Loot_Chest_Large_01a_Spawner_C,UNP_Loot_Chest_Small_01a1_UAID_046874882494A69802_68e0512c24d92e8f_1240984005,16561.213,21466.568,-1990.0897,Large Chest,50.0,Blueprint,,,Chest_Global_Large,,,,
SceneComponent,Loot_Chest_Large_01a_Spawner_C,UNP_Loot_Chest_Small_01a1_UAID_046874882494A69802_68e0512c24d92e8f_1247675816,7025.261,20719.682,-2002.7744,Large Chest,50.0,Blueprint,,,Chest_Global_Large,,,,
SceneComponent,Loot_Chest_Large_01a_Spawner_C,UNP_Loot_Chest_Small_01a1_UAID_046874882494B3B302_b672bb6c668a37ab_2016136667,-19450.623,41690.387,411.66705,Large Chest,50.0,Blueprint,,,Chest_Global_Large,,,,
SceneComponent,Loot_Chest_Large_01a_Spawner_C,UNP_Loot_Chest_Small_01a1_UAID_D843AE1A93E5282D02_4930b6b4b4e1f1bf_2118243696,25605.328,-8574.446,-399.36774,Large Chest,50.0,Blueprint,,,Chest_Global_Large,,,,
SceneComponent,Loot_Chest_Large_01a_Spawner_C,UNP_Loot_Chest_Small_01a1_UAID_D843AE1A93E5282D02_555fa42cdd9a848c_2118243696,20864.135,26371.494,-1382.0948,Large Chest,50.0,Blueprint,,,Chest_Global_Large,,,,
SceneComponent,Loot_Chest_Large_01a_Spawner_C,UNP_Loot_Chest_Small_01a1_UAID_D843AE1A93E5282D02_595b6a6487f58890_2118243696,28643.8,40614.836,-1960.2507,Large Chest,50.0,Blueprint,,,Chest_Global_Large,,,,
SceneComponent,Loot_Chest_Large_01a_Spawner_C,UNP_Loot_Chest_Small_01a1_UAID_D843AE1A93E5282D02_690866d5dfe73b36_2118243696,-22209.412,25396.22,-923.79407,Large Chest,50.0,Blueprint,,,Chest_Global_Large,,,,
SceneComponent,Loot_Chest_Large_01a_Spawner_C,UNP_Loot_Chest_Small_01a1_UAID_D843AE1A93E5282D02_8551645d597ed24e_2118243696,16398.793,9574.399,-1799.9669,Large Chest,50.0,Blueprint,,,Chest_Global_Large,,,,
SceneComponent,Loot_Chest_Large_01a_Spawner_C,UNP_Loot_Chest_Small_01a1_UAID_D843AE1A93E5282D02_b069fc7a4ef43653_2118243696,37935.887,15196.264,-2168.5903,Large Chest,50.0,Blueprint,,,Chest_Global_Large,,,,
SceneComponent,Loot_Chest_Large_01a_Spawner_C,UNP_Loot_Chest_Small_01a1_UAID_D843AE1A93E5282D02_ea1b73ed8a386f14_2118243696,31047.916,32855.906,-1698.1747,Large Chest,50.0,Blueprint,,,Chest_Global_Large,,,,
SceneComponent,Loot_Chest_Medium_01a_Spawner_C,Loot_Chest_Medium_01a_Spawner_C_4481ef720ae1ae21_0,-10803.746,-7174.3027,-1476.6002,Chest,50.0,Blueprint,,,Chest_Global_Medium,,,,
SceneComponent,Loot_Chest_Medium_01a_Spawner_C,Loot_Chest_Medium_01a_Spawner_C_4481ef720ae1ae21_1,-7606.919,-4590.3394,-2126.1738,Chest,50.0,Blueprint,,,Chest_Global_Medium,,,,
SceneComponent,Loot_Chest_Medium_01a_Spawner_C,Loot_Chest_Medium_01a_Spawner_C_4481ef720ae1ae21_2,-10651.065,-7177.736,-980.81915,Chest,50.0,Blueprint,,,Chest_Global_Medium,,,,
SceneComponent,Loot_Chest_Medium_01a_Spawner_C,Loot_Chest_Medium_01a_Spawner_C_68479541b25a7529_5,25283.018,44227.74,-1753.231,Chest,50.0,Blueprint,,,Chest_Global_Medium,,,,
SceneComponent,Loot_Chest_Medium_01a_Spawner_C,Loot_Chest_Medium_01a_Spawner_C_68479541b25a7529_6,25495.049,45304.93,-1754.1815,Chest,50.0,Blueprint,,,Chest_Global_Medium,,,,
SceneComponent,Loot_Chest_Medium_01a_Spawner_C,Loot_Chest_Medium_01a_Spawner_C_68479541b25a7529_7,25529.76,45528.65,-1754.9921,Chest,50.0,Blueprint,,,Chest_Global_Medium,,,,
SceneComponent,Loot_Chest_Medium_01a_Spawner_C,Loot_Chest_Medium_01a_Spawner_C_68479541b25a7529_8,25625.104,45186.67,-2607.457,Chest,50.0,Blueprint,,,Chest_Global_Medium,,,,
SceneComponent,Loot_Chest_Medium_01a_Spawner_C,Loot_Chest_Medium_01a_Spawner_C_UAID_046874882494829A02_68e0512c24d92e8f_1230552564,13552.073,19252.734,-1637.8304,Chest,50.0,Blueprint,,,Chest_Global_Medium,,,,
SceneComponent,Loot_Chest_Medium_01a_Spawner_C,Loot_Chest_Medium_01a_Spawner_C_UAID_046874882494FE9802_e515a311258b40d3_1773313685,-9109.401,40599.207,8.600293,Chest,50.0,Blueprint,,,Chest_Global_Medium,,,,
SceneComponent,Loot_Chest_Medium_01a_Spawner_C,Loot_Chest_Medium_01a_Spawner_C_UAID_581CF8B723150C9D02_d2b622e41626617e_1260957297,41346.56,-19343.96,-7869.811,Chest,50.0,Blueprint,,,Chest_Global_Medium,,,,
SceneComponent,Loot_Chest_Medium_01a_Spawner_C,Loot_Chest_Medium_01a_Spawner_C_UAID_581CF8B723155A5002_c1357729720cf173_1377796335,13753.932,21098.26,-2310.5576,Chest,50.0,Blueprint,,,Chest_Global_Medium,,,,
SceneComponent,Loot_Chest_Medium_01a_Spawner_C,Loot_Chest_Medium_01a_Spawner_C_UAID_581CF8B72315CC7F02_b9ed3e3c39f77a44_1135518761,40115.62,14449.889,-1822.4247,Chest,50.0,Blueprint,,,Chest_Global_Medium,,,,
SceneComponent,Loot_Chest_Medium_01a_Spawner_C,Loot_Chest_Medium_01a_Spawner_C_UAID_581CF8B72315CC7F02_ef5e067ba124a252_1135518761,-2748.0928,14937.089,-1644.7821,Chest,50.0,Blueprint,,,Chest_Global_Medium,,,,
SceneComponent,Loot_Chest_Medium_01a_Spawner_C,UNP_Loot_Chest_Medium_01a1_fff152065d50a3af_1,28969.58,31449.023,-1561.1031,Chest,50.0,Blueprint,,,Chest_Global_Medium,,,,
SceneComponent,Loot_Chest_Medium_01a_Spawner_C,UNP_Loot_Chest_Medium_01a2_75f24b53c5c4d0ce_2,-17643.223,39370.977,2476.5386,Chest,50.0,Blueprint,,,Chest_Global_Medium,,,,
SceneComponent,Loot_Chest_Medium_01a_Spawner_C,UNP_Loot_Chest_Medium_01a3_75f24b53c5c4d0ce_3,-18770.293,39359.26,1615.6964,Chest,50.0,Blueprint,,,Chest_Global_Medium,,,,
SceneComponent,Loot_Chest_Medium_01a_Spawner_C,UNP_Loot_Chest_Medium_01a4_75f24b53c5c4d0ce_4,-18045.816,38788.008,769.2178,Chest,50.0,Blueprint,,,Chest_Global_Medium,,,,
SceneComponent,Loot_Chest_Medium_01a_Spawner_C,UNP_Loot_Chest_Medium_01a_00df604b9fbfbe04_0,1665.9703,39665.65,-1230.736,Chest,10.0,Custom,,,Chest_Global_Medium,,,,
SceneComponent,Loot_Chest_Medium_01a_Spawner_C,UNP_Loot_Chest_Medium_01a_02262a5d03e70a69_0,15643.403,22781.914,-1677.7589,Chest,50.0,Blueprint,,,Chest_Global_Medium,,,,
SceneComponent,Loot_Chest_Medium_01a_Spawner_C,UNP_Loot_Chest_Medium_01a_039ab8d01f784483_0,-22525.842,24200.32,-394.8854,Chest,50.0,Blueprint,,,Chest_Global_Medium,,,,
SceneComponent,Loot_Chest_Medium_01a_Spawner_C,UNP_Loot_Chest_Medium_01a_1a17ba878ac23c21_0,-11288.076,-4681.493,-1484.2411,Chest,10.0,Custom,,,Chest_Global_Medium,,,,
SceneComponent,Loot_Chest_Medium_01a_Spawner_C,UNP_Loot_Chest_Medium_01a_1c01bf7b401000ca_0,-5066.6665,43931.664,-498.9532,Chest,50.0,Blueprint,,,Chest_Global_Medium,,,,
SceneComponent,Loot_Chest_Medium_01a_Spawner_C,UNP_Loot_Chest_Medium_01a_23aa820f55155872_0,11797.593,38981.773,-1556.1653,Chest,50.0,Blueprint,,,Chest_Global_Medium,,,,
SceneComponent,Loot_Chest_Medium_01a_Spawner_C,UNP_Loot_Chest_Medium_01a_25ca934595595c8c_0,37981.215,24119.57,-1994.109,Chest,50.0,Blueprint,,,Chest_Global_Medium,,,,
SceneComponent,Loot_Chest_Medium_01a_Spawner_C,UNP_Loot_Chest_Medium_01a_2c41d36172fa17b5_0,19996.56,45189.547,-1544.5173,Chest,50.0,Blueprint,,,Chest_Global_Medium,,,,
SceneComponent,Loot_Chest_Medium_01a_Spawner_C,UNP_Loot_Chest_Medium_01a_3059d67b4bbc9d72_0,9221.973,-1356.9001,-660.4863,Chest,50.0,Blueprint,,,Chest_Global_Medium,,,,
SceneComponent,Loot_Chest_Medium_01a_Spawner_C,UNP_Loot_Chest_Medium_01a_30cd6cf515d85fed_0,-3301.2676,29398.36,-874.6319,Chest,50.0,Blueprint,,,Chest_Global_Medium,,,,
SceneComponent,Loot_Chest_Medium_01a_Spawner_C,UNP_Loot_Chest_Medium_01a_31b34140d09411f6_0,-17514.988,43980.613,356.19205,Chest,50.0,Blueprint,,,Chest_Global_Medium,,,,
SceneComponent,Loot_Chest_Medium_01a_Spawner_C,UNP_Loot_Chest_Medium_01a_34524a75c16023c3_0,-26424.383,39592.688,219.68462,Chest,50.0,Blueprint,,,Chest_Global_Medium,,,,
SceneComponent,Loot_Chest_Medium_01a_Spawner_C,UNP_Loot_Chest_Medium_01a_34bbaba8fa985495_0,21643.67,4971.0605,-1807.6327,Chest,10.0,Custom,,,Chest_Global_Medium,,,,
SceneComponent,Loot_Chest_Medium_01a_Spawner_C,UNP_Loot_Chest_Medium_01a_371c11b2824f0597_0,-18962.953,-2777.886,-1761.4504,Chest,50.0,Blueprint,,,Chest_Global_Medium,,,,
SceneComponent,Loot_Chest_Medium_01a_Spawner_C,UNP_Loot_Chest_Medium_01a_3d64f4f15793a3ce_0,-9284.383,20996.258,-1596.3021,Chest,10.0,Custom,,,Chest_Global_Medium,,,,
SceneComponent,Loot_Chest_Medium_01a_Spawner_C,UNP_Loot_Chest_Medium_01a_3d7e79e141461900_0,-17549.654,-3172.204,-1330.2734,Chest,50.0,Blueprint,,,Chest_Global_Medium,,,,
SceneComponent,Loot_Chest_Medium_01a_Spawner_C,UNP_Loot_Chest_Medium_01a_404c3b80c7b4b528_0,6469.188,39928.77,-1905.4746,Chest,10.0,Custom,,,Chest_Global_Medium,,,,
SceneComponent,Loot_Chest_Medium_01a_Spawner_C,UNP_Loot_Chest_Medium_01a_412534ab50e3380d_0,-19753.008,10080.168,-2197.8677,Chest,10.0,Custom,,,Chest_Global_Medium,,,,
SceneComponent,Loot_Chest_Medium_01a_Spawner_C,UNP_Loot_Chest_Medium_01a_422d6b670e0938ee_0,-241.99184,13820.864,-1901.6161,Chest,50.0,Blueprint,,,Chest_Global_Medium,,,,
SceneComponent,Loot_Chest_Medium_01a_Spawner_C,UNP_Loot_Chest_Medium_01a_48587e268a079417_0,36446.008,37259.54,-1258.8403,Chest,50.0,Blueprint,,,Chest_Global_Medium,,,,
SceneComponent,Loot_Chest_Medium_01a_Spawner_C,UNP_Loot_Chest_Medium_01a_4980766c61eef4cd_0,-3348.9382,11362.319,-1431.3315,Chest,50.0,Blueprint,,,Chest_Global_Medium,,,,
SceneComponent,Loot_Chest_Medium_01a_Spawner_C,UNP_Loot_Chest_Medium_01a_4b0eede8f74eeabe_0,45496.52,-6439.543,201.96051,Chest,50.0,Blueprint,,,Chest_Global_Medium,,,,
SceneComponent,Loot_Chest_Medium_01a_Spawner_C,UNP_Loot_Chest_Medium_01a_4fe50a54e7b13401_0,26311.453,52429.52,-1860.5562,Chest,50.0,Blueprint,,,Chest_Global_Medium,,,,
SceneComponent,Loot_Chest_Medium_01a_Spawner_C,UNP_Loot_Chest_Medium_01a_51a1ca1d1dfeb498_0,-28121.32,15020.693,-997.7266,Chest,50.0,Blueprint,,,Chest_Global_Medium,,,,
SceneComponent,Loot_Chest_Medium_01a_Spawner_C,UNP_Loot_Chest_Medium_01a_53271adfc0171096_0,-5336.0146,26366.586,-985.4546,Chest,10.0,Custom,,,Chest_Global_Medium,,,,
SceneComponent,Loot_Chest_Medium_01a_Spawner_C,UNP_Loot_Chest_Medium_01a_5bc9f13cc4058ef4_0,37751.832,34671.47,-1336.0895,Chest,50.0,Blueprint,,,Chest_Global_Medium,,,,
SceneComponent,Loot_Chest_Medium_01a_Spawner_C,UNP_Loot_Chest_Medium_01a_5bce2d7608ceaeda_0,10703.984,18282.535,-1678.9014,Chest,50.0,Blueprint,,,Chest_Global_Medium,,,,
SceneComponent,Loot_Chest_Medium_01a_Spawner_C,UNP_Loot_Chest_Medium_01a_5bf05fe0a1aed589_0,-14485.684,19899.533,-1297.6283,Chest,10.0,Custom,,,Chest_Global_Medium,,,,
SceneComponent,Loot_Chest_Medium_01a_Spawner_C,UNP_Loot_Chest_Medium_01a_6008345fb009f353_0,-25467.482,14773.454,-1199.9036,Chest,50.0,Blueprint,,,Chest_Global_Medium,,,,
SceneComponent,Loot_Chest_Medium_01a_Spawner_C,UNP_Loot_Chest_Medium_01a_6039e6d9e712c2af_0,-24489.512,8606.699,-1554.379,Chest,50.0,Blueprint,,,Chest_Global_Medium,,,,
SceneComponent,Loot_Chest_Medium_01a_Spawner_C,UNP_Loot_Chest_Medium_01a_65fb745c1858d4dd_0,18235.531,33092.188,-2285.2717,Chest,10.0,Custom,,,Chest_Global_Medium,,,,
SceneComponent,Loot_Chest_Medium_01a_Spawner_C,UNP_Loot_Chest_Medium_01a_677e0ee335f6ec0e_0,-6260.39,37875.492,-527.31036,Chest,50.0,Blueprint,,,Chest_Global_Medium,,,,
SceneComponent,Loot_Chest_Medium_01a_Spawner_C,UNP_Loot_Chest_Medium_01a_68311c2d437c6b8f_0,23665.008,46133.98,-1804.852,Chest,50.0,Blueprint,,,Chest_Global_Medium,,,,
SceneComponent,Loot_Chest_Medium_01a_Spawner_C,UNP_Loot_Chest_Medium_01a_6b35c6cb42f3c630_0,32222.146,45615.062,-1912.4144,Chest,50.0,Blueprint,,,Chest_Global_Medium,,,,
SceneComponent,Loot_Chest_Medium_01a_Spawner_C,UNP_Loot_Chest_Medium_01a_6ffdcc8800eb99e1_0,-28258.752,38192.85,175.3068,Chest,50.0,Blueprint,,,Chest_Global_Medium,,,,
SceneComponent,Loot_Chest_Medium_01a_Spawner_C,UNP_Loot_Chest_Medium_01a_75f24b53c5c4d0ce_0,-18328.654,39056.105,2036.5804,Chest,50.0,Blueprint,,,Chest_Global_Medium,,,,
SceneComponent,Loot_Chest_Medium_01a_Spawner_C,UNP_Loot_Chest_Medium_01a_85570c7134ea172a_0,-2487.418,16556.902,-1991.0128,Chest,50.0,Blueprint,,,Chest_Global_Medium,,,,
SceneComponent,Loot_Chest_Medium_01a_Spawner_C,UNP_Loot_Chest_Medium_01a_94e027eda96a359e_0,-13851.522,6469.611,-2026.3273,Chest,50.0,Blueprint,,,Chest_Global_Medium,,,,
SceneComponent,Loot_Chest_Medium_01a_Spawner_C,UNP_Loot_Chest_Medium_01a_9645418cb71a551d_0,-7951.807,11549.818,-1868.067,Chest,50.0,Blueprint,,,Chest_Global_Medium,,,,
SceneComponent,Loot_Chest_Medium_01a_Spawner_C,UNP_Loot_Chest_Medium_01a_98282efb71aa9bdf_0,38141.96,21745.309,-2130.3867,Chest,50.0,Blueprint,,,Chest_Global_Medium,,,,
SceneComponent,Loot_Chest_Medium_01a_Spawner_C,UNP_Loot_Chest_Medium_01a_997c52f3e3f33a6a_0,17952.885,32017.85,-2331.8088,Chest,10.0,Custom,,,Chest_Global_Medium,,,,
SceneComponent,Loot_Chest_Medium_01a_Spawner_C,UNP_Loot_Chest_Medium_01a_Spawner_UAID_04687488249466B302_11c294cc824aeaf3_1364753495,24471.893,15868.192,-2597.3286,Chest,50.0,Blueprint,,,Chest_Global_Medium,,,,
SceneComponent,Loot_Chest_Medium_01a_Spawner_C,UNP_Loot_Chest_Medium_01a_Spawner_UAID_046874882494977D02_be6a6beac2196855_1269561633,10126.81,30763.584,-1910.9241,Chest,50.0,Blueprint,,,Chest_Global_Medium,,,,
SceneComponent,Loot_Chest_Medium_01a_Spawner_C,UNP_Loot_Chest_Medium_01a_Spawner_UAID_046874882494977D02_be6a6beac2196855_1329235931,11406.963,30062.11,-1896.8354,Chest,50.0,Blueprint,,,Chest_Global_Medium,,,,
SceneComponent,Loot_Chest_Medium_01a_Spawner_C,UNP_Loot_Chest_Medium_01a_Spawner_UAID_046874882494B3B302_b672bb6c668a37ab_1994130512,-20910.506,44234.836,368.37112,Chest,50.0,Blueprint,,,Chest_Global_Medium,,,,
SceneComponent,Loot_Chest_Medium_01a_Spawner_C,UNP_Loot_Chest_Medium_01a_Spawner_UAID_046874882494FE9802_e515a311258b40d3_1773922726,-10818.635,43965.836,-181.37022,Chest,50.0,Blueprint,,,Chest_Global_Medium,,,,
SceneComponent,Loot_Chest_Medium_01a_Spawner_C,UNP_Loot_Chest_Medium_01a_Spawner_UAID_046874882494FE9802_e515a311258b40d3_1775117790,-8615.006,43284.79,-191.5048,Chest,50.0,Blueprint,,,Chest_Global_Medium,,,,
SceneComponent,Loot_Chest_Medium_01a_Spawner_C,UNP_Loot_Chest_Medium_01a_Spawner_UAID_046874882494FE9802_e515a311258b40d3_1778044941,-10977.146,38928.66,-193.57747,Chest,50.0,Blueprint,,,Chest_Global_Medium,,,,
SceneComponent,Loot_Chest_Medium_01a_Spawner_C,UNP_Loot_Chest_Medium_01a_Spawner_be6a6beac2196855_1,9867.75,34328.87,-1907.3417,Chest,50.0,Blueprint,,,Chest_Global_Medium,,,,
SceneComponent,Loot_Chest_Medium_01a_Spawner_C,UNP_Loot_Chest_Medium_01a_UAID_04687488249408A302_d84ddc0f38b16161_1997345519,7843.671,-11092.876,-775.6341,Chest,50.0,Blueprint,,,Chest_Global_Medium,,,,
SceneComponent,Loot_Chest_Medium_01a_Spawner_C,UNP_Loot_Chest_Medium_01a_UAID_04687488249408A302_d84ddc0f38b16161_1998507551,9360.898,-12434.12,-580.728,Chest,50.0,Blueprint,,,Chest_Global_Medium,,,,
SceneComponent,Loot_Chest_Medium_01a_Spawner_C,UNP_Loot_Chest_Medium_01a_UAID_04687488249415B302_067538a4a975e719_1747608184,-78173.32,-48032.656,-965.2783,Chest,50.0,Blueprint,,,Chest_Global_Medium,,,,
SceneComponent,Loot_Chest_Medium_01a_Spawner_C,UNP_Loot_Chest_Medium_01a_UAID_04687488249415B302_067538a4a975e719_1756026909,-77075.33,-45630.168,-834.1001,Chest,50.0,Blueprint,,,Chest_Global_Medium,,,,
SceneComponent,Loot_Chest_Medium_01a_Spawner_C,UNP_Loot_Chest_Medium_01a_UAID_04687488249415B302_28dfaf69cd5986be_1747608184,-71497.164,33369.043,573.31055,Chest,50.0,Blueprint,,,Chest_Global_Medium,,,,
SceneComponent,Loot_Chest_Medium_01a_Spawner_C,UNP_Loot_Chest_Medium_01a_UAID_04687488249415B302_28dfaf69cd5986be_1756026909,-69394.125,31009.564,583.66675,Chest,50.0,Blueprint,,,Chest_Global_Medium,,,,
SceneComponent,Loot_Chest_Medium_01a_Spawner_C,UNP_Loot_Chest_Medium_01a_UAID_04687488249415B302_30791b7cfa1a96e9_1747608184,-81130.664,-54629.785,-1120.7291,Chest,50.0,Blueprint,,,Chest_Global_Medium,,,,
SceneComponent,Loot_Chest_Medium_01a_Spawner_C,UNP_Loot_Chest_Medium_01a_UAID_04687488249415B302_30791b7cfa1a96e9_1756026909,-83419.4,-53307.938,-1024.9707,Chest,50.0,Blueprint,,,Chest_Global_Medium,,,,
SceneComponent,Loot_Chest_Medium_01a_Spawner_C,UNP_Loot_Chest_Medium_01a_UAID_04687488249415B302_48f494e7442bfe39_1747608184,-49140.05,91099.87,-1034.4149,Chest,50.0,Blueprint,,,Chest_Global_Medium,,,,
SceneComponent,Loot_Chest_Medium_01a_Spawner_C,UNP_Loot_Chest_Medium_01a_UAID_04687488249415B302_48f494e7442bfe39_1756026909,-50782.31,93123.41,-583.8257,Chest,50.0,Blueprint,,,Chest_Global_Medium,,,,
SceneComponent,Loot_Chest_Medium_01a_Spawner_C,UNP_Loot_Chest_Medium_01a_UAID_04687488249415B302_78fb629afb2a31e2_1747608184,-82514.35,-49916.637,-1021.66565,Chest,50.0,Blueprint,,,Chest_Global_Medium,,,,
SceneComponent,Loot_Chest_Medium_01a_Spawner_C,UNP_Loot_Chest_Medium_01a_UAID_04687488249415B302_78fb629afb2a31e2_1756026909,-84803.08,-48594.793,-925.9072,Chest,50.0,Blueprint,,,Chest_Global_Medium,,,,
SceneComponent,Loot_Chest_Medium_01a_Spawner_C,UNP_Loot_Chest_Medium_01a_UAID_04687488249415B302_b3585c0b23f7b273_1747608184,-76209.734,-50980.465,-1023.4697,Chest,50.0,Blueprint,,,Chest_Global_Medium,,,,
SceneComponent,Loot_Chest_Medium_01a_Spawner_C,UNP_Loot_Chest_Medium_01a_UAID_04687488249415B302_b3585c0b23f7b273_1756026909,-78498.46,-49658.617,-927.71124,Chest,50.0,Blueprint,,,Chest_Global_Medium,,,,
SceneComponent,Loot_Chest_Medium_01a_Spawner_C,UNP_Loot_Chest_Medium_01a_UAID_04687488249415B302_e454552d2ccc2ea8_1747608184,-49230.836,86536.3,-1092.8434,Chest,50.0,Blueprint,,,Chest_Global_Medium,,,,
SceneComponent,Loot_Chest_Medium_01a_Spawner_C,UNP_Loot_Chest_Medium_01a_UAID_04687488249415B302_e454552d2ccc2ea8_1756026909,-50873.09,88559.836,-642.25415,Chest,50.0,Blueprint,,,Chest_Global_Medium,,,,
SceneComponent,Loot_Chest_Medium_01a_Spawner_C,UNP_Loot_Chest_Medium_01a_UAID_046874882494449B02_be84b45a7f1a85a5_1512079785,43991.63,28186.89,-2731.7974,Chest,10.0,Custom,,,Chest_Global_Medium,,,,
SceneComponent,Loot_Chest_Medium_01a_Spawner_C,UNP_Loot_Chest_Medium_01a_UAID_0468748824945BB902_11158c6f7229cdc0_1693213898,1488.4403,6706.715,-2323.0767,Chest,10.0,Custom,,,Chest_Global_Medium,,,,
SceneComponent,Loot_Chest_Medium_01a_Spawner_C,UNP_Loot_Chest_Medium_01a_UAID_0468748824945BB902_11158c6f7229cdc0_1693835968,2916.6572,12414.02,-2314.184,Chest,10.0,Custom,,,Chest_Global_Medium,,,,
SceneComponent,Loot_Chest_Medium_01a_Spawner_C,UNP_Loot_Chest_Medium_01a_UAID_0468748824945BB902_11158c6f7229cdc0_1715216957,6299.289,9152.36,-2295.0881,Chest,10.0,Custom,,,Chest_Global_Medium,,,,
SceneComponent,Loot_Chest_Medium_01a_Spawner_C,UNP_Loot_Chest_Medium_01a_UAID_0468748824945BB902_11158c6f7229cdc0_1715835027,1655.4432,11791.697,-2238.2688,Chest,10.0,Custom,,,Chest_Global_Medium,,,,
SceneComponent,Loot_Chest_Medium_01a_Spawner_C,UNP_Loot_Chest_Medium_01a_UAID_04687488249466B302_11c294cc824aeaf3_1343288204,23771.676,17532.402,-2399.1123,Chest,50.0,Blueprint,,,Chest_Global_Medium,,,,
SceneComponent,Loot_Chest_Medium_01a_Spawner_C,UNP_Loot_Chest_Medium_01a_UAID_046874882494977D02_be6a6beac2196855_1268814543,10110.005,32273.139,-1699.9381,Chest,50.0,Blueprint,,,Chest_Global_Medium,,,,
SceneComponent,Loot_Chest_Medium_01a_Spawner_C,UNP_Loot_Chest_Medium_01a_UAID_046874882494A69802_68e0512c24d92e8f_1240993009,16469.13,21849.076,-1791.7313,Chest,50.0,Blueprint,,,Chest_Global_Medium,,,,
SceneComponent,Loot_Chest_Medium_01a_Spawner_C,UNP_Loot_Chest_Medium_01a_UAID_046874882494A69802_68e0512c24d92e8f_1247684820,6867.536,21080.016,-1804.2295,Chest,50.0,Blueprint,,,Chest_Global_Medium,,,,
SceneComponent,Loot_Chest_Medium_01a_Spawner_C,UNP_Loot_Chest_Medium_01a_UAID_046874882494B3B302_b672bb6c668a37ab_2016141671,-19844.057,41691.35,610.0254,Chest,50.0,Blueprint,,,Chest_Global_Medium,,,,
SceneComponent,Loot_Chest_Medium_01a_Spawner_C,UNP_Loot_Chest_Medium_01a_UAID_046874882494C2B202_38dd6e6fa5f4d608_1737911736,42696.0,34532.715,-1692.5912,Chest,10.0,Custom,,,Chest_Global_Medium,,,,
SceneComponent,Loot_Chest_Medium_01a_Spawner_C,UNP_Loot_Chest_Medium_01a_UAID_046874882494DD9A02_129128160f00dfd4_1606756752,40985.15,17649.533,-2052.3518,Chest,50.0,Blueprint,,,Chest_Global_Medium,,,,
SceneComponent,Loot_Chest_Medium_01a_Spawner_C,UNP_Loot_Chest_Medium_01a_UAID_046874882494FE9802_e515a311258b40d3_1740973026,-9961.75,40674.8,-206.51646,Chest,50.0,Blueprint,,,Chest_Global_Medium,,,,
SceneComponent,Loot_Chest_Medium_01a_Spawner_C,UNP_Loot_Chest_Medium_01a_UAID_581CF8B723156E9C02_70a1cae7777e20a4_1373666048,38146.754,-2209.1143,-2008.5659,Chest,50.0,Blueprint,,,Chest_Global_Medium,,,,
SceneComponent,Loot_Chest_Medium_01a_Spawner_C,UNP_Loot_Chest_Medium_01a_UAID_581CF8B723156E9C02_70a1cae7777e20a4_1373850059,38143.156,-3219.108,-2008.5659,Chest,50.0,Blueprint,,,Chest_Global_Medium,,,,
SceneComponent,Loot_Chest_Medium_01a_Spawner_C,UNP_Loot_Chest_Medium_01a_UAID_581CF8B72315E69A02_c6283cd34eb3a293_1554511492,50718.523,-18229.99,-6384.917,Chest,50.0,Blueprint,,,Chest_Global_Medium,,,,
SceneComponent,Loot_Chest_Medium_01a_Spawner_C,UNP_Loot_Chest_Medium_01a_UAID_581CF8B72315E99302_32f0a05e6358b9c5_1823593938,37761.395,-7972.201,-2911.5024,Chest,50.0,Blueprint,,,Chest_Global_Medium,,,,
SceneComponent,Loot_Chest_Medium_01a_Spawner_C,UNP_Loot_Chest_Medium_01a_UAID_581CF8B72315F49302_70a1cae7777e20a4_1470809587,38690.11,-2763.4375,-2023.1284,Chest,10.0,Custom,,,Chest_Global_Medium,,,,
SceneComponent,Loot_Chest_Medium_01a_Spawner_C,UNP_Loot_Chest_Medium_01a_UAID_581CF8B72315F49302_70a1cae7777e20a4_1470943593,38568.99,-3947.8687,-2025.6371,Chest,10.0,Custom,,,Chest_Global_Medium,,,,
SceneComponent,Loot_Chest_Medium_01a_Spawner_C,UNP_Loot_Chest_Medium_01a_UAID_581CF8B72315F49302_70a1cae7777e20a4_1471046599,38608.492,-3330.8005,-2025.6371,Chest,10.0,Custom,,,Chest_Global_Medium,,,,
SceneComponent,Loot_Chest_Medium_01a_Spawner_C,UNP_Loot_Chest_Medium_01a_UAID_581CF8B72315F49302_70a1cae7777e20a4_1471146605,37851.027,-2864.229,-2023.1284,Chest,10.0,Custom,,,Chest_Global_Medium,,,,
SceneComponent,Loot_Chest_Medium_01a_Spawner_C,UNP_Loot_Chest_Medium_01a_UAID_581CF8B72315F49302_70a1cae7777e20a4_1471248611,38614.36,-1682.0399,-2013.1735,Chest,10.0,Custom,,,Chest_Global_Medium,,,,
SceneComponent,Loot_Chest_Medium_01a_Spawner_C,UNP_Loot_Chest_Medium_01a_UAID_581CF8B72315F49302_70a1cae7777e20a4_1471350617,38029.098,-1714.8381,-2013.1735,Chest,10.0,Custom,,,Chest_Global_Medium,,,,
SceneComponent,Loot_Chest_Medium_01a_Spawner_C,UNP_Loot_Chest_Medium_01a_UAID_D843AE1A93E5282D02_4930b6b4b4e1f1bf_2118242692,25716.244,-8206.33,-184.13174,Chest,50.0,Blueprint,,,Chest_Global_Medium,,,,
SceneComponent,Loot_Chest_Medium_01a_Spawner_C,UNP_Loot_Chest_Medium_01a_UAID_D843AE1A93E5282D02_555fa42cdd9a848c_2118242692,20654.895,26038.312,-1183.7365,Chest,50.0,Blueprint,,,Chest_Global_Medium,,,,
SceneComponent,Loot_Chest_Medium_01a_Spawner_C,UNP_Loot_Chest_Medium_01a_UAID_D843AE1A93E5282D02_595b6a6487f58890_2118242692,28390.318,40927.73,-1781.4178,Chest,50.0,Blueprint,,,Chest_Global_Medium,,,,
SceneComponent,Loot_Chest_Medium_01a_Spawner_C,UNP_Loot_Chest_Medium_01a_UAID_D843AE1A93E5282D02_690866d5dfe73b36_2118242692,-22594.277,25454.22,-717.2685,Chest,50.0,Blueprint,,,Chest_Global_Medium,,,,
SceneComponent,Loot_Chest_Medium_01a_Spawner_C,UNP_Loot_Chest_Medium_01a_UAID_D843AE1A93E5282D02_8551645d597ed24e_2118242692,16002.178,9535.498,-1612.028,Chest,50.0,Blueprint,,,Chest_Global_Medium,,,,
SceneComponent,Loot_Chest_Medium_01a_Spawner_C,UNP_Loot_Chest_Medium_01a_UAID_D843AE1A93E5282D02_b069fc7a4ef43653_2118242692,37961.1,15588.891,-1970.232,Chest,50.0,Blueprint,,,Chest_Global_Medium,,,,
SceneComponent,Loot_Chest_Medium_01a_Spawner_C,UNP_Loot_Chest_Medium_01a_UAID_D843AE1A93E5282D02_e978c6730eb815b4_1792643652,-20788.893,11514.718,-2113.8655,Chest,50.0,Blueprint,,,Chest_Global_Medium,,,,
SceneComponent,Loot_Chest_Medium_01a_Spawner_C,UNP_Loot_Chest_Medium_01a_UAID_D843AE1A93E5282D02_ea1b73ed8a386f14_2118242692,31150.525,33249.48,-1528.7328,Chest,50.0,Blueprint,,,Chest_Global_Medium,,,,
SceneComponent,Loot_Chest_Medium_01a_Spawner_C,UNP_Loot_Chest_Medium_01a_aa3dbab251ca1135_0,-3322.6465,-9776.81,-1897.5822,Chest,10.0,Custom,,,Chest_Global_Medium,,,,
SceneComponent,Loot_Chest_Medium_01a_Spawner_C,UNP_Loot_Chest_Medium_01a_ae54c015e4f59828_0,-28737.613,13220.536,-1076.5302,Chest,50.0,Blueprint,,,Chest_Global_Medium,,,,
SceneComponent,Loot_Chest_Medium_01a_Spawner_C,UNP_Loot_Chest_Medium_01a_b10912380e09890e_0,-13806.615,38995.297,-107.84072,Chest,10.0,Custom,,,Chest_Global_Medium,,,,
SceneComponent,Loot_Chest_Medium_01a_Spawner_C,UNP_Loot_Chest_Medium_01a_b601f6deedbd78af_0,13753.45,48364.13,-865.2459,Chest,50.0,Blueprint,,,Chest_Global_Medium,,,,
SceneComponent,Loot_Chest_Medium_01a_Spawner_C,UNP_Loot_Chest_Medium_01a_b722561395c93a4f_0,1739.9493,-8749.095,-1201.1522,Chest,50.0,Blueprint,,,Chest_Global_Medium,,,,
SceneComponent,Loot_Chest_Medium_01a_Spawner_C,UNP_Loot_Chest_Medium_01a_b775862f7515f8f6_0,11239.599,3461.037,-1344.1447,Chest,50.0,Blueprint,,,Chest_Global_Medium,,,,
SceneComponent,Loot_Chest_Medium_01a_Spawner_C,UNP_Loot_Chest_Medium_01a_b8e7162179242087_0,-19177.64,8478.287,-2280.3425,Chest,10.0,Custom,,,Chest_Global_Medium,,,,
SceneComponent,Loot_Chest_Medium_01a_Spawner_C,UNP_Loot_Chest_Medium_01a_bfff84f011ec2fa4_0,7178.5977,-9464.975,-938.0335,Chest,50.0,Blueprint,,,Chest_Global_Medium,,,,
SceneComponent,Loot_Chest_Medium_01a_Spawner_C,UNP_Loot_Chest_Medium_01a_c751e3c6ad786504_0,45227.76,18179.56,-1805.9755,Chest,50.0,Blueprint,,,Chest_Global_Medium,,,,
SceneComponent,Loot_Chest_Medium_01a_Spawner_C,UNP_Loot_Chest_Medium_01a_c84182c7688d87ba_0,-21355.178,38084.0,603.4687,Chest,50.0,Blueprint,,,Chest_Global_Medium,,,,
SceneComponent,Loot_Chest_Medium_01a_Spawner_C,UNP_Loot_Chest_Medium_01a_c9c50fe18ca0ef65_0,1205.1571,40289.344,-1198.24,Chest,10.0,Custom,,,Chest_Global_Medium,,,,
SceneComponent,Loot_Chest_Medium_01a_Spawner_C,UNP_Loot_Chest_Medium_01a_cce29339c1a7d5d6_0,10446.408,40686.83,-1691.8951,Chest,50.0,Blueprint,,,Chest_Global_Medium,,,,
SceneComponent,Loot_Chest_Medium_01a_Spawner_C,UNP_Loot_Chest_Medium_01a_d50f32f1276f0484_0,48136.14,3038.5889,-774.79816,Chest,50.0,Blueprint,,,Chest_Global_Medium,,,,
SceneComponent,Loot_Chest_Medium_01a_Spawner_C,UNP_Loot_Chest_Medium_01a_dbbb2b62a481983d_0,39941.86,2703.933,-946.5451,Chest,50.0,Blueprint,,,Chest_Global_Medium,,,,
SceneComponent,Loot_Chest_Medium_01a_Spawner_C,UNP_Loot_Chest_Medium_01a_dc3f295327fd1338_0,-18060.018,47039.426,382.5902,Chest,50.0,Blueprint,,,Chest_Global_Medium,,,,
SceneComponent,Loot_Chest_Medium_01a_Spawner_C,UNP_Loot_Chest_Medium_01a_e0f3998861feef1a_0,47131.523,5232.891,-936.81525,Chest,50.0,Blueprint,,,Chest_Global_Medium,,,,
SceneComponent,Loot_Chest_Medium_01a_Spawner_C,UNP_Loot_Chest_Medium_01a_e1a7a1d56d0408e1_0,-10709.54,-9113.733,-1298.3177,Chest,50.0,Blueprint,,,Chest_Global_Medium,,,,
SceneComponent,Loot_Chest_Medium_01a_Spawner_C,UNP_Loot_Chest_Medium_01a_e23a438702346412_0,-10010.318,24540.514,-997.00946,Chest,10.0,Custom,,,Chest_Global_Medium,,,,
SceneComponent,Loot_Chest_Medium_01a_Spawner_C,UNP_Loot_Chest_Medium_01a_e7cd11c1dbe048e4_0,-22608.332,7502.9834,-1620.2659,Chest,50.0,Blueprint,,,Chest_Global_Medium,,,,
SceneComponent,Loot_Chest_Medium_01a_Spawner_C,UNP_Loot_Chest_Medium_01a_e82c12ee30854228_0,17404.484,31594.123,-2327.5808,Chest,10.0,Custom,,,Chest_Global_Medium,,,,
SceneComponent,Loot_Chest_Medium_01a_Spawner_C,UNP_Loot_Chest_Medium_01a_ed68a186d9ed32f2_0,10425.875,14250.775,-1867.1726,Chest,10.0,Custom,,,Chest_Global_Medium,,,,
SceneComponent,Loot_Chest_Medium_01a_Spawner_C,UNP_Loot_Chest_Medium_01a_ef53aeb956bf22d5_0,16627.105,30861.256,-2343.922,Chest,10.0,Custom,,,Chest_Global_Medium,,,,
SceneComponent,Loot_Chest_Medium_01a_Spawner_C,UNP_Loot_Chest_Medium_01a_fe49d5b7876dfecf_0,6920.1553,36692.13,-1926.885,Chest,10.0,Custom,,,Chest_Global_Medium,,,,
SceneComponent,Loot_Chest_Medium_01a_Spawner_C,UNP_Loot_Chest_Medium_01a_fff152065d50a3af_0,29952.385,31894.965,-1490.2396,Chest,50.0,Blueprint,,,Chest_Global_Medium,,,,
SceneComponent,Loot_Chest_Medium_01a_Spawner_C,UNP_Loot_Chest_Small_01a1_7e945ee4210d475d_0,48724.04,5388.39,-920.4022,Chest,50.0,Blueprint,,,Chest_Global_Medium,,,,
SceneComponent,Loot_Chest_Medium_01a_Spawner_C,UNP_Loot_Chest_Small_01a1_8d74ee310e6406d5_0,25496.512,18910.26,-2594.1597,Chest,50.0,Blueprint,,,Chest_Global_Medium,,,,
SceneComponent,Loot_Chest_Medium_01b_Spawner_C,Loot_Chest_Medium_01b_Spawner_C_UAID_08BFB82FEC6ABEE302_8120ab00ad815ff9_1968899880,13023.527,20781.482,-1639.0142,Chest,100.0,Custom,,,Chest_Global_Medium,,,,
SceneComponent,Loot_Chest_Medium_01b_Spawner_C,Loot_Chest_Medium_01b_Spawner_C_UAID_08BFB82FEC6AC4E302_8120ab00ad815ff9_1720003123,12240.549,20201.125,-1637.6752,Chest,100.0,Custom,,,Chest_Global_Medium,,,,
SceneComponent,Loot_Chest_Small_01a_Spawner_C,Con_StrongBox_03_C_UAID_0468748824945BB902_11158c6f7229cdc0_1714315884,2549.4468,10533.472,-1761.9357,Small Chest,50.0,Blueprint,,,Chest_Global_Small,,,,
SceneComponent,Loot_Chest_Small_01a_Spawner_C,Loot_Chest_Small_01a_C_UAID_04D9F5F93AD5793E02_11158c6f7229cdc0_2062377223,2597.0317,11259.12,-2250.9702,Small Chest,50.0,Blueprint,,,Chest_Global_Small,,,,
SceneComponent,Loot_Chest_Small_01a_Spawner_C,Loot_Chest_Small_01a_Spawner_C_UAID_00FF8EFC2BEF176B02_caed61a75aadcb73_2051521814,-19923.297,10264.737,-1765.0149,Small Chest,50.0,Blueprint,,,Chest_Global_Small,,,,
SceneComponent,Loot_Chest_Small_01a_Spawner_C,Loot_Chest_Small_01a_Spawner_C_UAID_00FF8EFC2BEF556102_c64334d22aac46d7_1287500013,10377.966,39204.582,-1728.2772,Small Chest,50.0,Blueprint,,,Chest_Global_Small,,,,
SceneComponent,Loot_Chest_Small_01a_Spawner_C,Loot_Chest_Small_01a_Spawner_C_UAID_046874882494A69802_68e0512c24d92e8f_1374238148,10103.173,20226.398,-1964.5642,Small Chest,50.0,Blueprint,,,Chest_Global_Small,,,,
SceneComponent,Loot_Chest_Small_01a_Spawner_C,Loot_Chest_Small_01a_Spawner_C_UAID_046874882494A69802_68e0512c24d92e8f_1374414163,10524.245,19288.95,-1996.9335,Small Chest,50.0,Blueprint,,,Chest_Global_Small,,,,
SceneComponent,Loot_Chest_Small_01a_Spawner_C,Loot_Chest_Small_01a_Spawner_C_UAID_046874882494A69802_68e0512c24d92e8f_1374593178,15758.862,21751.475,-1996.8744,Small Chest,50.0,Blueprint,,,Chest_Global_Small,,,,
SceneComponent,Loot_Chest_Small_01a_Spawner_C,Loot_Chest_Small_01a_Spawner_C_UAID_046874882494C5B202_c0f8d10de614ba2d_1730171242,6636.0254,45943.85,-1819.1726,Small Chest,50.0,Blueprint,,,Chest_Global_Small,,,,
SceneComponent,Loot_Chest_Small_01a_Spawner_C,Loot_Chest_Small_01a_Spawner_C_UAID_046874882494C5B202_c0f8d10de614ba2d_1732814619,7381.697,36186.992,-1906.7787,Small Chest,50.0,Blueprint,,,Chest_Global_Small,,,,
SceneComponent,Loot_Chest_Small_01a_Spawner_C,UNP_Con_StrongBox_02_4b003ba387a57fa1_0,18018.596,-4222.16,-745.16797,Small Chest,50.0,Blueprint,,,Chest_Global_Small,,,,
SceneComponent,Loot_Chest_Small_01a_Spawner_C,UNP_Loot_Chest_Small_01a_0dbf95f2dd1e552f_0,32309.605,41319.74,-2243.4797,Small Chest,50.0,Blueprint,,,Chest_Global_Small,,,,
SceneComponent,Loot_Chest_Small_01a_Spawner_C,UNP_Loot_Chest_Small_01a_19e66bb69324c711_0,45150.016,49435.445,-2243.4797,Small Chest,50.0,Blueprint,,,Chest_Global_Small,,,,
SceneComponent,Loot_Chest_Small_01a_Spawner_C,UNP_Loot_Chest_Small_01a_48587e268a079417_0,36338.934,36574.977,-852.9252,Small Chest,50.0,Blueprint,,,Chest_Global_Small,,,,
SceneComponent,Loot_Chest_Small_01a_Spawner_C,UNP_Loot_Chest_Small_01a_4980766c61eef4cd_0,-5369.78,10492.133,-1742.0306,Small Chest,50.0,Blueprint,,,Chest_Global_Small,,,,
SceneComponent,Loot_Chest_Small_01a_Spawner_C,UNP_Loot_Chest_Small_01a_4bc5bd98400a5aad_0,33203.227,12308.327,-1641.3293,Small Chest,10.0,Custom,,,Chest_Global_Small,,,,
SceneComponent,Loot_Chest_Small_01a_Spawner_C,UNP_Loot_Chest_Small_01a_652d816cc2a7057c_0,37639.957,1012.4711,-1740.313,Small Chest,10.0,Custom,,,Chest_Global_Small,,,,
SceneComponent,Loot_Chest_Small_01a_Spawner_C,UNP_Loot_Chest_Small_01a_67a3be1c6a487d78_0,37097.35,48071.504,-1909.1265,Small Chest,10.0,Custom,,,Chest_Global_Small,,,,
SceneComponent,Loot_Chest_Small_01a_Spawner_C,UNP_Loot_Chest_Small_01a_79ad27324bb8a568_0,285.78683,-5358.5127,-1519.3901,Small Chest,10.0,Custom,,,Chest_Global_Small,,,,
SceneComponent,Loot_Chest_Small_01a_Spawner_C,UNP_Loot_Chest_Small_01a_7e945ee4210d475d_0,48740.496,4765.843,-922.92914,Small Chest,50.0,Blueprint,,,Chest_Global_Small,,,,
SceneComponent,Loot_Chest_Small_01a_Spawner_C,UNP_Loot_Chest_Small_01a_85a536a5a632a626_0,12166.657,27895.486,-2256.11,Small Chest,50.0,Blueprint,,,Chest_Global_Small,,,,
SceneComponent,Loot_Chest_Small_01a_Spawner_C,UNP_Loot_Chest_Small_01a_8d74ee310e6406d5_0,25475.24,18287.857,-2596.6868,Small Chest,50.0,Blueprint,,,Chest_Global_Small,,,,
SceneComponent,Loot_Chest_Small_01a_Spawner_C,UNP_Loot_Chest_Small_01a_Spawner_2422ace40c096dad_0,24724.184,44105.656,-1816.7483,Small Chest,10.0,Custom,,,Chest_Global_Small,,,,
SceneComponent,Loot_Chest_Small_01a_Spawner_C,UNP_Loot_Chest_Small_01a_Spawner_UAID_046874882494449B02_be84b45a7f1a85a5_1510148397,43281.305,30794.918,-2156.0986,Small Chest,50.0,Blueprint,,,Chest_Global_Small,,,,
SceneComponent,Loot_Chest_Small_01a_Spawner_C,UNP_Loot_Chest_Small_01a_Spawner_UAID_046874882494449B02_be84b45a7f1a85a5_1513975186,43736.324,28878.543,-2684.1753,Small Chest,50.0,Blueprint,,,Chest_Global_Small,,,,
SceneComponent,Loot_Chest_Small_01a_Spawner_C,UNP_Loot_Chest_Small_01a_Spawner_UAID_0468748824944E8902_4481ef720ae1ae21_1253801189,-12071.147,-5878.6206,-1091.1952,Small Chest,50.0,Blueprint,,,Chest_Global_Small,,,,
SceneComponent,Loot_Chest_Small_01a_Spawner_C,UNP_Loot_Chest_Small_01a_Spawner_UAID_04687488249456B902_40332391da5e1e80_1310647290,-2454.5408,13298.587,-1689.5682,Small Chest,10.0,Custom,,,Chest_Global_Small,,,,
SceneComponent,Loot_Chest_Small_01a_Spawner_C,UNP_Loot_Chest_Small_01a_Spawner_UAID_046874882494977D02_be6a6beac2196855_1267369320,10356.206,29602.215,-1886.5009,Small Chest,50.0,Blueprint,,,Chest_Global_Small,,,,
SceneComponent,Loot_Chest_Small_01a_Spawner_C,UNP_Loot_Chest_Small_01a_Spawner_UAID_046874882494977D02_be6a6beac2196855_1269141572,10228.325,33137.996,-1871.2577,Small Chest,50.0,Blueprint,,,Chest_Global_Small,,,,
SceneComponent,Loot_Chest_Small_01a_Spawner_C,UNP_Loot_Chest_Small_01a_Spawner_UAID_046874882494A69802_68e0512c24d92e8f_1367161955,12721.05,17420.402,-1947.5732,Small Chest,50.0,Blueprint,,,Chest_Global_Small,,,,
SceneComponent,Loot_Chest_Small_01a_Spawner_C,UNP_Loot_Chest_Small_01a_Spawner_UAID_046874882494A69802_68e0512c24d92e8f_1397054413,16767.879,18355.309,-1694.2904,Small Chest,10.0,Custom,,,Chest_Global_Small,,,,
SceneComponent,Loot_Chest_Small_01a_Spawner_C,UNP_Loot_Chest_Small_01a_Spawner_UAID_046874882494DB9A02_2fa6262d75ac1966_2083635068,39797.867,16093.03,-1653.4447,Small Chest,50.0,Blueprint,,,Chest_Global_Small,,,,
SceneComponent,Loot_Chest_Small_01a_Spawner_C,UNP_Loot_Chest_Small_01a_Spawner_UAID_046874882494E7BB02_9164d34f00e130fe_1505939119,28821.668,21595.479,-2641.6838,Small Chest,50.0,Blueprint,,,Chest_Global_Small,,,,
SceneComponent,Loot_Chest_Small_01a_Spawner_C,UNP_Loot_Chest_Small_01a_Spawner_UAID_581CF8B72315E49A02_0f7a0ffded9e9812_1461357426,33993.24,-9734.622,-949.2792,Small Chest,50.0,Blueprint,,,Chest_Global_Small,,,,
SceneComponent,Loot_Chest_Small_01a_Spawner_C,UNP_Loot_Chest_Small_01a_Spawner_UAID_D843AE1A93E5282D02_0afea3e4a2ab4ead_1715931630,23944.707,28957.744,-1885.2252,Small Chest,50.0,Blueprint,,,Chest_Global_Small,,,,
SceneComponent,Loot_Chest_Small_01a_Spawner_C,UNP_Loot_Chest_Small_01a_Spawner_UAID_D843AE1A93E5282D02_0bff78316170e065_1715931630,45096.96,24350.84,-1995.0438,Small Chest,50.0,Blueprint,,,Chest_Global_Small,,,,
SceneComponent,Loot_Chest_Small_01a_Spawner_C,UNP_Loot_Chest_Small_01a_Spawner_UAID_D843AE1A93E5282D02_0daf36e71d8d4806_1715931630,31944.908,33973.04,-1754.7659,Small Chest,50.0,Blueprint,,,Chest_Global_Small,,,,
SceneComponent,Loot_Chest_Small_01a_Spawner_C,UNP_Loot_Chest_Small_01a_Spawner_UAID_D843AE1A93E5282D02_167b2a847126ee46_1715931630,30754.562,4170.4087,-998.4415,Small Chest,50.0,Blueprint,,,Chest_Global_Small,,,,
SceneComponent,Loot_Chest_Small_01a_Spawner_C,UNP_Loot_Chest_Small_01a_Spawner_UAID_D843AE1A93E5282D02_30b4ed3507fe0811_1715931630,-20219.059,-9115.311,-1483.9402,Small Chest,50.0,Blueprint,,,Chest_Global_Small,,,,
SceneComponent,Loot_Chest_Small_01a_Spawner_C,UNP_Loot_Chest_Small_01a_Spawner_UAID_D843AE1A93E5282D02_326c051849650387_1715931630,-15666.624,24856.512,-835.2203,Small Chest,50.0,Blueprint,,,Chest_Global_Small,,,,
SceneComponent,Loot_Chest_Small_01a_Spawner_C,UNP_Loot_Chest_Small_01a_Spawner_UAID_D843AE1A93E5282D02_386c73d67a88ca40_1715931630,24369.23,41853.793,-2067.956,Small Chest,50.0,Blueprint,,,Chest_Global_Small,,,,
SceneComponent,Loot_Chest_Small_01a_Spawner_C,UNP_Loot_Chest_Small_01a_Spawner_UAID_D843AE1A93E5282D02_390562c6123b1b55_1715931630,-11095.22,7592.515,-1754.8643,Small Chest,50.0,Blueprint,,,Chest_Global_Small,,,,
SceneComponent,Loot_Chest_Small_01a_Spawner_C,UNP_Loot_Chest_Small_01a_Spawner_UAID_D843AE1A93E5282D02_3972a2bcb8ff5fca_1715931630,-19792.62,13943.461,-1652.0707,Small Chest,50.0,Blueprint,,,Chest_Global_Small,,,,
SceneComponent,Loot_Chest_Small_01a_Spawner_C,UNP_Loot_Chest_Small_01a_Spawner_UAID_D843AE1A93E5282D02_3f9a5213e3198253_1715931630,1472.3732,340.4475,-1744.0328,Small Chest,50.0,Blueprint,,,Chest_Global_Small,,,,
SceneComponent,Loot_Chest_Small_01a_Spawner_C,UNP_Loot_Chest_Small_01a_Spawner_UAID_D843AE1A93E5282D02_6c177c8646360491_1715931630,32797.254,35217.973,-1902.1936,Small Chest,50.0,Blueprint,,,Chest_Global_Small,,,,
SceneComponent,Loot_Chest_Small_01a_Spawner_C,UNP_Loot_Chest_Small_01a_Spawner_UAID_D843AE1A93E5282D02_7784ed8edffea715_1715931630,-13812.091,-8733.355,-1517.262,Small Chest,50.0,Blueprint,,,Chest_Global_Small,,,,
SceneComponent,Loot_Chest_Small_01a_Spawner_C,UNP_Loot_Chest_Small_01a_Spawner_UAID_D843AE1A93E5282D02_a2ea69aec86fc5d6_1715931630,-5802.4297,31514.492,-976.5311,Small Chest,50.0,Blueprint,,,Chest_Global_Small,,,,
SceneComponent,Loot_Chest_Small_01a_Spawner_C,UNP_Loot_Chest_Small_01a_Spawner_UAID_D843AE1A93E5282D02_a3cf14e524502c20_1715931630,-11071.129,35139.855,-449.13828,Small Chest,50.0,Blueprint,,,Chest_Global_Small,,,,
SceneComponent,Loot_Chest_Small_01a_Spawner_C,UNP_Loot_Chest_Small_01a_Spawner_UAID_D843AE1A93E5282D02_a4705094243e84bf_1715931630,-3385.6653,8982.431,-1886.5858,Small Chest,50.0,Blueprint,,,Chest_Global_Small,,,,
SceneComponent,Loot_Chest_Small_01a_Spawner_C,UNP_Loot_Chest_Small_01a_Spawner_UAID_D843AE1A93E5282D02_ca4672bb87a44fb8_1715931630,-25360.373,7387.0317,-1690.961,Small Chest,50.0,Blueprint,,,Chest_Global_Small,,,,
SceneComponent,Loot_Chest_Small_01a_Spawner_C,UNP_Loot_Chest_Small_01a_Spawner_UAID_D843AE1A93E5282D02_ce8aa9743915d8a8_1715931630,-16683.484,-6120.906,-1769.5023,Small Chest,50.0,Blueprint,,,Chest_Global_Small,,,,
SceneComponent,Loot_Chest_Small_01a_Spawner_C,UNP_Loot_Chest_Small_01a_Spawner_UAID_D843AE1A93E5282D02_d9ec4e8ed4f1a91a_1715931630,44070.062,7930.155,-1175.4999,Small Chest,50.0,Blueprint,,,Chest_Global_Small,,,,
SceneComponent,Loot_Chest_Small_01a_Spawner_C,UNP_Loot_Chest_Small_01a_Spawner_UAID_D843AE1A93E5282D02_e5f209bb612977aa_1715931630,23512.262,9261.936,-2472.2322,Small Chest,50.0,Blueprint,,,Chest_Global_Small,,,,
SceneComponent,Loot_Chest_Small_01a_Spawner_C,UNP_Loot_Chest_Small_01a_Spawner_UAID_D843AE1A93E5282D02_faaed5ba80a72b54_1715931630,-28396.607,25507.543,-984.1648,Small Chest,50.0,Blueprint,,,Chest_Global_Small,,,,
SceneComponent,Loot_Chest_Small_01a_Spawner_C,UNP_Loot_Chest_Small_01a_Spawner_UAID_D843AE1A93E5282D02_fac9b25dad16c764_1715931630,21743.31,12121.18,-2637.5623,Small Chest,50.0,Blueprint,,,Chest_Global_Small,,,,
SceneComponent,Loot_Chest_Small_01a_Spawner_C,UNP_Loot_Chest_Small_01a_Spawner_be6a6beac2196855_2,9740.887,31682.541,-1851.024,Small Chest,50.0,Blueprint,,,Chest_Global_Small,,,,
SceneComponent,Loot_Chest_Small_01a_Spawner_C,UNP_Loot_Chest_Small_01a_UAID_046874882494089902_3f0e6d0dd4e4221e_1094080599,-30029.26,13041.754,-1304.092,Small Chest,50.0,Blueprint,,,Chest_Global_Small,,,,
SceneComponent,Loot_Chest_Small_01a_Spawner_C,UNP_Loot_Chest_Small_01a_UAID_04687488249456B902_40332391da5e1e80_1375995720,-3191.4404,15533.892,-1988.6954,Small Chest,50.0,Blueprint,,,Chest_Global_Small,,,,
SceneComponent,Loot_Chest_Small_01a_Spawner_C,UNP_Loot_Chest_Small_01a_UAID_04687488249456B902_40332391da5e1e80_1376619750,-4579.5127,14527.092,-1981.6488,Small Chest,50.0,Blueprint,,,Chest_Global_Small,,,,
SceneComponent,Loot_Chest_Small_01a_Spawner_C,UNP_Loot_Chest_Small_01a_UAID_04687488249466B302_11c294cc824aeaf3_1343009187,24406.693,17225.27,-2592.0378,Small Chest,10.0,Custom,,,Chest_Global_Small,,,,
SceneComponent,Loot_Chest_Small_01a_Spawner_C,UNP_Loot_Chest_Small_01a_UAID_04687488249466B302_11c294cc824aeaf3_1343289206,23695.193,17749.447,-2466.013,Small Chest,50.0,Blueprint,,,Chest_Global_Small,,,,
SceneComponent,Loot_Chest_Small_01a_Spawner_C,UNP_Loot_Chest_Small_01a_UAID_04687488249475B202_dca082373cf3e830_2034306900,20557.17,-3532.65,-734.04803,Small Chest,50.0,Blueprint,,,Chest_Global_Small,,,,
SceneComponent,Loot_Chest_Small_01a_Spawner_C,UNP_Loot_Chest_Small_01a_UAID_046874882494977D02_be6a6beac2196855_1268817545,9919.605,32399.615,-1771.95,Small Chest,50.0,Blueprint,,,Chest_Global_Small,,,,
SceneComponent,Loot_Chest_Small_01a_Spawner_C,UNP_Loot_Chest_Small_01a_UAID_046874882494A69802_68e0512c24d92e8f_1240996011,16646.451,21702.395,-1858.6321,Small Chest,50.0,Blueprint,,,Chest_Global_Small,,,,
SceneComponent,Loot_Chest_Small_01a_Spawner_C,UNP_Loot_Chest_Small_01a_UAID_046874882494A69802_68e0512c24d92e8f_1247687822,7067.8735,20965.566,-1869.0358,Small Chest,50.0,Blueprint,,,Chest_Global_Small,,,,
SceneComponent,Loot_Chest_Small_01a_Spawner_C,UNP_Loot_Chest_Small_01a_UAID_046874882494B3B302_b672bb6c668a37ab_1984117249,-17310.617,42365.27,267.08087,Small Chest,50.0,Blueprint,,,Chest_Global_Small,,,,
SceneComponent,Loot_Chest_Small_01a_Spawner_C,UNP_Loot_Chest_Small_01a_UAID_046874882494B3B302_b672bb6c668a37ab_2016142673,-19659.611,41828.965,543.12463,Small Chest,50.0,Blueprint,,,Chest_Global_Small,,,,
SceneComponent,Loot_Chest_Small_01a_Spawner_C,UNP_Loot_Chest_Small_01a_UAID_046874882494FE9802_e515a311258b40d3_1740982030,-10375.564,40614.55,-213.45808,Small Chest,50.0,Blueprint,,,Chest_Global_Small,,,,
SceneComponent,Loot_Chest_Small_01a_Spawner_C,UNP_Loot_Chest_Small_01a_UAID_046874882494FE9802_e515a311258b40d3_1742354085,-11975.497,41376.95,-188.47575,Small Chest,10.0,Custom,,,Chest_Global_Small,,,,
SceneComponent,Loot_Chest_Small_01a_Spawner_C,UNP_Loot_Chest_Small_01a_UAID_046874882494FE9802_e515a311258b40d3_1742603094,-10184.646,39854.895,-188.47575,Small Chest,10.0,Custom,,,Chest_Global_Small,,,,
SceneComponent,Loot_Chest_Small_01a_Spawner_C,UNP_Loot_Chest_Small_01a_UAID_046874882494FE9802_e515a311258b40d3_1742863103,-10606.558,39607.414,-188.47575,Small Chest,10.0,Custom,,,Chest_Global_Small,,,,
SceneComponent,Loot_Chest_Small_01a_Spawner_C,UNP_Loot_Chest_Small_01a_UAID_046874882494FE9802_e515a311258b40d3_1746093175,-10729.355,41155.324,-188.47575,Small Chest,10.0,Custom,,,Chest_Global_Small,,,,
SceneComponent,Loot_Chest_Small_01a_Spawner_C,UNP_Loot_Chest_Small_01a_UAID_046874882494FE9802_e515a311258b40d3_1746363184,-10063.96,41619.473,-188.47575,Small Chest,10.0,Custom,,,Chest_Global_Small,,,,
SceneComponent,Loot_Chest_Small_01a_Spawner_C,UNP_Loot_Chest_Small_01a_UAID_046874882494FE9802_e515a311258b40d3_1746619193,-11247.737,40584.55,-188.47575,Small Chest,10.0,Custom,,,Chest_Global_Small,,,,
SceneComponent,Loot_Chest_Small_01a_Spawner_C,UNP_Loot_Chest_Small_01a_UAID_581CF8B723156E9C02_70a1cae7777e20a4_1373677052,38541.25,-2070.3816,-2015.5076,Small Chest,50.0,Blueprint,,,Chest_Global_Small,,,,
SceneComponent,Loot_Chest_Small_01a_Spawner_C,UNP_Loot_Chest_Small_01a_UAID_581CF8B723156E9C02_70a1cae7777e20a4_1373861063,38537.65,-3080.3752,-2015.5076,Small Chest,50.0,Blueprint,,,Chest_Global_Small,,,,
SceneComponent,Loot_Chest_Small_01a_Spawner_C,UNP_Loot_Chest_Small_01a_UAID_581CF8B72315E69A02_c6283cd34eb3a293_1554522496,50406.996,-18508.855,-6395.133,Small Chest,50.0,Blueprint,,,Chest_Global_Small,,,,
SceneComponent,Loot_Chest_Small_01a_Spawner_C,UNP_Loot_Chest_Small_01a_UAID_581CF8B72315E99302_32f0a05e6358b9c5_1823607942,38179.34,-7958.185,-2918.444,Small Chest,50.0,Blueprint,,,Chest_Global_Small,,,,
SceneComponent,Loot_Chest_Small_01a_Spawner_C,UNP_Loot_Chest_Small_01a_UAID_D843AE1A93E5282D02_4930b6b4b4e1f1bf_2118241690,25796.105,-8419.645,-258.64886,Small Chest,50.0,Blueprint,,,Chest_Global_Small,,,,
SceneComponent,Loot_Chest_Small_01a_Spawner_C,UNP_Loot_Chest_Small_01a_UAID_D843AE1A93E5282D02_555fa42cdd9a848c_2118241690,20635.889,26267.652,-1250.6372,Small Chest,50.0,Blueprint,,,Chest_Global_Small,,,,
SceneComponent,Loot_Chest_Small_01a_Spawner_C,UNP_Loot_Chest_Small_01a_UAID_D843AE1A93E5282D02_595b6a6487f58890_2118241690,28615.375,40869.344,-1839.5092,Small Chest,50.0,Blueprint,,,Chest_Global_Small,,,,
SceneComponent,Loot_Chest_Small_01a_Spawner_C,UNP_Loot_Chest_Small_01a_UAID_D843AE1A93E5282D02_67c013df11cd7e5e_1545119565,-14435.509,20243.139,-1227.622,Small Chest,50.0,Blueprint,,,Chest_Global_Small,,,,
SceneComponent,Loot_Chest_Small_01a_Spawner_C,UNP_Loot_Chest_Small_01a_UAID_D843AE1A93E5282D02_690866d5dfe73b36_2118241690,-22392.926,25563.445,-787.70605,Small Chest,50.0,Blueprint,,,Chest_Global_Small,,,,
SceneComponent,Loot_Chest_Small_01a_Spawner_C,UNP_Loot_Chest_Small_01a_UAID_D843AE1A93E5282D02_8551645d597ed24e_2118241690,16174.489,9690.78,-1672.2767,Small Chest,50.0,Blueprint,,,Chest_Global_Small,,,,
SceneComponent,Loot_Chest_Small_01a_Spawner_C,UNP_Loot_Chest_Small_01a_UAID_D843AE1A93E5282D02_b069fc7a4ef43653_2118241690,38087.082,15396.3125,-2037.1328,Small Chest,50.0,Blueprint,,,Chest_Global_Small,,,,
SceneComponent,Loot_Chest_Small_01a_Spawner_C,UNP_Loot_Chest_Small_01a_UAID_D843AE1A93E5282D02_b1fc96e2eacecf14_1545119565,-24555.367,7989.5054,-1683.1886,Small Chest,50.0,Blueprint,,,Chest_Global_Small,,,,
SceneComponent,Loot_Chest_Small_01a_Spawner_C,UNP_Loot_Chest_Small_01a_UAID_D843AE1A93E5282D02_d9e01533475b207b_1545119565,-8871.202,29432.287,-859.0855,Small Chest,50.0,Blueprint,,,Chest_Global_Small,,,,
SceneComponent,Loot_Chest_Small_01a_Spawner_C,UNP_Loot_Chest_Small_01a_UAID_D843AE1A93E5282D02_e978c6730eb815b4_1792642650,-20670.842,11915.9,-2107.7078,Small Chest,50.0,Blueprint,,,Chest_Global_Small,,,,
SceneComponent,Loot_Chest_Small_01a_Spawner_C,UNP_Loot_Chest_Small_01a_UAID_D843AE1A93E5282D02_ea1b73ed8a386f14_2118241690,31236.723,33032.47,-1582.6791,Small Chest,50.0,Blueprint,,,Chest_Global_Small,,,,
SceneComponent,Loot_Chest_Small_01a_Spawner_C,UNP_Loot_Chest_Small_01a_a522dfe50723e27b_0,6872.173,22185.102,-1956.9824,Small Chest,10.0,Custom,,,Chest_Global_Small,,,,
SceneComponent,Loot_Chest_Small_01a_Spawner_C,UNP_Loot_Chest_Small_01a_a6189d3859fa4699_0,1702.1224,39341.41,-1223.3352,Small Chest,50.0,Blueprint,,,Chest_Global_Small,,,,
SceneComponent,Loot_Chest_Small_01a_Spawner_C,UNP_Loot_Chest_Small_01a_acdc6cbbfb3c7051_0,19070.191,39156.758,-1638.3474,Small Chest,10.0,Custom,,,Chest_Global_Small,,,,
SceneComponent,Loot_Chest_Small_01a_Spawner_C,UNP_Loot_Chest_Small_01a_c751e3c6ad786504_0,45401.945,17572.28,-1398.1024,Small Chest,50.0,Blueprint,,,Chest_Global_Small,,,,
SceneComponent,Loot_Chest_Small_01a_Spawner_C,UNP_Loot_Chest_Small_01a_cce29339c1a7d5d6_0,10181.415,41260.332,-1284.0222,Small Chest,50.0,Blueprint,,,Chest_Global_Small,,,,
SceneComponent,Loot_Chest_Small_01a_Spawner_C,UNP_Loot_Chest_Small_01a_d4478a9b7cd386d2_0,-27710.604,-6662.1587,-2261.8406,Small Chest,50.0,Blueprint,,,Chest_Global_Small,,,,
SceneComponent,Loot_Chest_Small_01a_Spawner_C,UNP_Loot_Chest_Small_01a_e1b8acfad82a37aa_0,-22839.402,10723.644,-1651.2135,Small Chest,10.0,Custom,,,Chest_Global_Small,,,,
SceneComponent,Loot_Chest_Small_01a_Spawner_C,UNP_Loot_Chest_Small_01a_e6303f35b03feb75_0,-856.072,35880.23,-1052.1544,Small Chest,10.0,Custom,,,Chest_Global_Small,,,,
SceneComponent,Loot_Chest_Small_01a_Spawner_C,UNP_Loot_Chest_Small_01a_fff152065d50a3af_0,28449.768,30673.438,-1771.5854,Small Chest,50.0,Blueprint,,,Chest_Global_Small,,,,
SceneComponent,Loot_ChickenCoop_01a_Spawner_C,Loot_ChickenCoop_01a_Spawner_C_UAID_00FF8EFC2BEF448402_40332391da5e1e80_1725224257,-4373.9404,10284.886,-1950.5582,Chicken Coop,,,,,ChickenCoop,,,,
SceneComponent,Loot_ChickenCoop_01a_Spawner_C,Loot_ChickenCoop_01a_Spawner_C_UAID_00FF8EFC2BEF448402_40332391da5e1e80_1725234259,-5203.293,9841.868,-1957.161,Chicken Coop,,,,,ChickenCoop,,,,
SceneComponent,Loot_ChickenCoop_01a_Spawner_C,Loot_ChickenCoop_01a_Spawner_C_UAID_00FF8EFC2BEF6D5002_9ab37ca1850e4e45_1083528380,-8252.331,-8320.905,-1452.1239,Chicken Coop,,,,,ChickenCoop,,,,
SceneComponent,Loot_ChickenCoop_01a_Spawner_C,Loot_ChickenCoop_01a_Spawner_C_UAID_0468748824944E9B02_11b5b0c7a6f183d8_1424528944,-23897.574,24853.793,-901.8694,Chicken Coop,,,,,ChickenCoop,,,,
SceneComponent,Loot_ChickenCoop_01a_Spawner_C,Loot_ChickenCoop_01a_Spawner_C_UAID_0468748824944E9B02_f233e748422b1e57_1424528944,7854.8335,-2019.9325,-1167.4703,Chicken Coop,,,,,ChickenCoop,,,,
SceneComponent,Loot_ChickenCoop_01a_Spawner_C,Loot_ChickenCoop_01a_Spawner_C_UAID_0468748824944E9B02_faed06f6124ced22_1424528944,-16299.998,-4036.52,-1837.2573,Chicken Coop,,,,,ChickenCoop,,,,
SceneComponent,Loot_ChickenCoop_01a_Spawner_C,Loot_ChickenCoop_01a_Spawner_C_UAID_04687488249475B202_dca082373cf3e830_2035073930,20984.994,-4584.9727,-744.78894,Chicken Coop,,,,,ChickenCoop,,,,
SceneComponent,Loot_ChickenCoop_01a_Spawner_C,Loot_ChickenCoop_01a_Spawner_C_UAID_581CF8B72315205402_68e0512c24d92e8f_1319211157,12991.218,21783.363,-1998.1992,Chicken Coop,,,,,ChickenCoop,,,,
SceneComponent,Loot_ChickenCoop_01a_Spawner_C,Loot_ChickenCoop_01a_Spawner_C_UAID_581CF8B72315E55302_68e0512c24d92e8f_1254384742,12792.184,22655.652,-1999.1368,Chicken Coop,,,,,ChickenCoop,,,,
SceneComponent,Loot_ChickenCoop_01a_Spawner_C,Loot_ChickenCoop_01a_Spawner_C_UAID_581CF8B72315E55302_68e0512c24d92e8f_1260490748,13084.239,22650.455,-1995.2307,Chicken Coop,,,,,ChickenCoop,,,,
SceneComponent,Loot_ChickenCoop_01a_Spawner_C,PG_ChickenCoop_01a_C_UAID_0468748824944E9B02_11b5b0c7a6f183d8_1426199130,-22757.488,25213.857,-903.2685,Chicken Coop,,,,,ChickenCoop,,,,
SceneComponent,Loot_ChickenCoop_01a_Spawner_C,PG_ChickenCoop_01a_C_UAID_0468748824944E9B02_11b5b0c7a6f183d8_1426202132,-22334.559,24596.914,-903.2685,Chicken Coop,,,,,ChickenCoop,,,,
SceneComponent,Loot_ChickenCoop_01a_Spawner_C,PG_ChickenCoop_01a_C_UAID_0468748824944E9B02_11b5b0c7a6f183d8_1426216140,-22378.85,24934.781,-903.2685,Chicken Coop,,,,,ChickenCoop,,,,
SceneComponent,Loot_ChickenCoop_01a_Spawner_C,PG_ChickenCoop_01a_C_UAID_0468748824944E9B02_f233e748422b1e57_1426199130,8285.786,-904.7101,-1168.8694,Chicken Coop,,,,,ChickenCoop,,,,
SceneComponent,Loot_ChickenCoop_01a_Spawner_C,PG_ChickenCoop_01a_C_UAID_0468748824944E9B02_f233e748422b1e57_1426202132,9031.745,-959.79785,-1168.8694,Chicken Coop,,,,,ChickenCoop,,,,
SceneComponent,Loot_ChickenCoop_01a_Spawner_C,PG_ChickenCoop_01a_C_UAID_0468748824944E9B02_f233e748422b1e57_1426216140,8740.233,-783.3436,-1168.8694,Chicken Coop,,,,,ChickenCoop,,,,
SceneComponent,Loot_ChickenCoop_01a_Spawner_C,PG_ChickenCoop_01a_C_UAID_0468748824944E9B02_faed06f6124ced22_1426199130,-17482.977,-4209.737,-1838.6565,Chicken Coop,,,,,ChickenCoop,,,,
SceneComponent,Loot_ChickenCoop_01a_Spawner_C,PG_ChickenCoop_01a_C_UAID_0468748824944E9B02_faed06f6124ced22_1426202132,-17801.865,-3533.128,-1838.6565,Chicken Coop,,,,,ChickenCoop,,,,
SceneComponent,Loot_ChickenCoop_01a_Spawner_C,PG_ChickenCoop_01a_C_UAID_0468748824944E9B02_faed06f6124ced22_1426216140,-17812.145,-3873.7295,-1838.6565,Chicken Coop,,,,,ChickenCoop,,,,
SceneComponent,Loot_ChickenCoop_01a_Spawner_C,PG_ChickenCoop_01a_C_UAID_04687488249466B302_11c294cc824aeaf3_1343927244,23312.54,16454.979,-2598.006,Chicken Coop,,,,,ChickenCoop,,,,
SceneComponent,Loot_ChickenCoop_01a_Spawner_C,PG_ChickenCoop_01a_C_UAID_04687488249466B302_11c294cc824aeaf3_1343928246,23040.379,17151.7,-2598.006,Chicken Coop,,,,,ChickenCoop,,,,
SceneComponent,Loot_ChickenCoop_01a_Spawner_C,PG_ChickenCoop_01a_C_UAID_04687488249466B302_11c294cc824aeaf3_1343932254,23006.97,16812.584,-2598.006,Chicken Coop,,,,,ChickenCoop,,,,
SceneComponent,Loot_ChickenCoop_01a_Spawner_C,PG_ChickenCoop_01a_C_UAID_046874882494A69802_68e0512c24d92e8f_1242713235,13357.853,22190.303,-1989.3833,Chicken Coop,,,,,ChickenCoop,,,,
SceneComponent,Loot_ChickenCoop_01a_Spawner_C,PG_ChickenCoop_01a_C_UAID_046874882494A69802_68e0512c24d92e8f_1242716237,13767.192,21540.682,-1989.3833,Chicken Coop,,,,,ChickenCoop,,,,
SceneComponent,Loot_ChickenCoop_01a_Spawner_C,PG_ChickenCoop_01a_C_UAID_046874882494A69802_68e0512c24d92e8f_1242734247,13414.333,21854.258,-1989.3833,Chicken Coop,,,,,ChickenCoop,,,,
SceneComponent,Loot_ChickenCoop_01a_Spawner_C,UNP_Loot_ChickenCoop_01a_Spawner_68479541b25a7529_0,24754.229,46380.918,-2115.0088,Chicken Coop,,,,,ChickenCoop,,,,
SceneComponent,Loot_ClothesHang_01a_Spawner_C,Loot_ClothesHang_01a_Spawner_C_UAID_046874882494789602_2b1cf6401ef78c3e_2055961786,15000.604,19075.742,-1460.231,Jacket,25.0,Blueprint,,,Clothes,,,,
SceneComponent,Loot_ClothesHang_01a_Spawner_C,Loot_ClothesHang_01a_Spawner_C_UAID_046874882494C09302_4481ef720ae1ae21_1966064474,-9115.334,-6762.5454,-804.53546,Jacket,25.0,Blueprint,,,Clothes,,,,
SceneComponent,Loot_ClothesHang_02a_Spawner_C,Loot_ClothesHang_02a_Spawner_C_UAID_046874882494789602_2b1cf6401ef78c3e_2055968791,14993.458,19102.41,-1460.4534,Coat,25.0,Blueprint,,,Clothes,,,,
SceneComponent,Loot_ClothesHang_02a_Spawner_C,Loot_ClothesHang_02a_Spawner_C_UAID_046874882494C09302_4481ef720ae1ae21_1966072479,-9088.179,-6757.5635,-804.75775,Coat,25.0,Blueprint,,,Clothes,,,,
SceneComponent,Loot_ClothesHang_03a_Spawner_C,Loot_ClothesHang_03a_Spawner_C_UAID_046874882494789602_2b1cf6401ef78c3e_2055955783,14977.906,19179.127,-1460.7253,Coat,25.0,Blueprint,,,Clothes,,,,
SceneComponent,Loot_ClothesHang_03a_Spawner_C,Loot_ClothesHang_03a_Spawner_C_UAID_046874882494789602_8120ab00ad815ff9_2055955783,12429.903,21245.7,-1463.9515,Coat,25.0,Blueprint,,,Clothes,,,,
SceneComponent,Loot_ClothesHang_03a_Spawner_C,Loot_ClothesHang_03a_Spawner_C_UAID_046874882494C09302_4481ef720ae1ae21_1966056471,-9010.461,-6748.2207,-805.02985,Coat,25.0,Blueprint,,,Clothes,,,,
SceneComponent,Loot_ClothesHang_04a_Spawner_C,Loot_ClothesHang_04a_Spawner_C_UAID_046874882494789602_2b1cf6401ef78c3e_2055966789,14988.814,19130.621,-1461.9893,Jacket,25.0,Blueprint,,,Clothes,,,,
SceneComponent,Loot_ClothesHang_04a_Spawner_C,Loot_ClothesHang_04a_Spawner_C_UAID_046874882494789602_8120ab00ad815ff9_2055966789,12420.058,21294.432,-1465.2153,Jacket,25.0,Blueprint,,,Clothes,,,,
SceneComponent,Loot_ClothesHang_04a_Spawner_C,Loot_ClothesHang_04a_Spawner_C_UAID_046874882494C09302_4481ef720ae1ae21_1966069477,-9059.686,-6755.199,-806.29364,Jacket,25.0,Blueprint,,,Clothes,,,,
SceneComponent,Loot_Coffin_01a_Spawner_C,Loot_Coffin_01a_Spawner_C_UAID_08BFB82FEC6A68DE02_dca082373cf3e830_1215963987,18675.814,-5374.282,-752.0646,Coffin,50.0,Blueprint,,,Coffin,,,,
SceneComponent,Loot_Coffin_01a_Spawner_C,Loot_Coffin_01a_Spawner_C_UAID_08BFB82FEC6A9BE102_dca082373cf3e830_2142829825,17648.178,-6206.45,-746.65857,Coffin,100.0,Custom,,,Coffin,,,,
SceneComponent,Loot_Coffin_01a_Spawner_C,Loot_Coffin_01a_Spawner_C_UAID_08BFB82FEC6A9EE002_dca082373cf3e830_2145345529,16598.998,-4526.4507,-739.7105,Coffin,100.0,Custom,,,Coffin,,,,
SceneComponent,Loot_Coffin_01a_Spawner_C,Loot_Coffin_01a_Spawner_C_UAID_08BFB82FEC6AA1E002_dca082373cf3e830_1078905639,18821.572,-3173.4973,-739.9517,Coffin,100.0,Custom,,,Coffin,,,,
SceneComponent,Loot_Coffin_01a_Spawner_C,Loot_Coffin_01a_Spawner_C_UAID_08BFB82FEC6AEAE002_dca082373cf3e830_1921498794,18735.398,-1491.5819,-753.1483,Coffin,100.0,Custom,,,Coffin,,,,
SceneComponent,Loot_Coffin_01a_Spawner_C,UNP_Loot_Coffin_01a_Spawner_UAID_08BFB82FEC6A4EE102_dca082373cf3e830_1858087165,17627.617,-3122.5503,-648.6574,Coffin,100.0,Custom,,,Coffin,,,,
SceneComponent,Loot_Corpse_Horse_01a_Spawner_C,Loot_Corpse_Horse_01a_C_1318,34474.61,27552.867,-2140.6875,Saddle Bag,,,,,Saddlebag,,,,
SceneComponent,Loot_Corpse_Horse_01a_Spawner_C,Loot_Corpse_Horse_01a_C_1466,-6252.7656,-6635.4595,-1535.732,Saddle Bag,,,,,Saddlebag,,,,
SceneComponent,Loot_Corpse_Horse_01a_Spawner_C,Loot_Corpse_Horse_01a_C_UAID_04D9F5F93AD57A3E02_11158c6f7229cdc0_1415266911,2705.919,10009.476,-1759.5593,Saddle Bag,,,,,Saddlebag,,,,
SceneComponent,Loot_Corpse_Horse_01a_Spawner_C,Loot_Corpse_Horse_01a_Spawner_C_1,-20387.197,40088.527,530.19025,Saddle Bag,,,,,Saddlebag,,,,
SceneComponent,Loot_Corpse_Horse_01a_Spawner_C,Loot_Corpse_Horse_01a_Spawner_C_UAID_00FF8EFC2BEF176B02_caed61a75aadcb73_1737599786,-18649.135,10864.595,-1755.6996,Saddle Bag,,,,,Saddlebag,,,,
SceneComponent,Loot_Corpse_Horse_01a_Spawner_C,Loot_Corpse_Horse_01a_Spawner_C_UAID_581CF8B72315255402_68e0512c24d92e8f_1226853276,9200.128,21303.107,-1999.0566,Saddle Bag,,,,,Saddlebag,,,,
SceneComponent,Loot_Corpse_Horse_01a_Spawner_C,UNP_Loot_Corpse_Horse_01a_09a2289098190422_0,-20799.98,-1895.9222,-2029.3778,Saddle Bag,2.0,Custom,,,Saddlebag,,,,
SceneComponent,Loot_Corpse_Horse_01a_Spawner_C,UNP_Loot_Corpse_Horse_01a_106c1c339437ae05_0,33086.105,30522.533,-1630.1758,Saddle Bag,2.0,Custom,,,Saddlebag,,,,
SceneComponent,Loot_Corpse_Horse_01a_Spawner_C,UNP_Loot_Corpse_Horse_01a_1bd0744b6e54cf56_0,3520.1907,-5641.1133,-1253.919,Saddle Bag,2.0,Custom,,,Saddlebag,,,,
SceneComponent,Loot_Corpse_Horse_01a_Spawner_C,UNP_Loot_Corpse_Horse_01a_25c6e5d29d7766ef_0,2026.7858,-9913.183,-1295.2368,Saddle Bag,2.0,Custom,,,Saddlebag,,,,
SceneComponent,Loot_Corpse_Horse_01a_Spawner_C,UNP_Loot_Corpse_Horse_01a_2a8e0b3d0171355a_0,-30083.223,4681.775,-1479.0028,Saddle Bag,2.0,Custom,,,Saddlebag,,,,
SceneComponent,Loot_Corpse_Horse_01a_Spawner_C,UNP_Loot_Corpse_Horse_01a_2ecc120be914e34c_0,-10772.366,-2604.9272,-1524.2966,Saddle Bag,2.0,Custom,,,Saddlebag,,,,
SceneComponent,Loot_Corpse_Horse_01a_Spawner_C,UNP_Loot_Corpse_Horse_01a_3bc7bbaea88b367a_0,30082.057,45878.16,-2014.231,Saddle Bag,2.0,Custom,,,Saddlebag,,,,
SceneComponent,Loot_Corpse_Horse_01a_Spawner_C,UNP_Loot_Corpse_Horse_01a_44b4e5704286a7e1_0,38908.727,36688.37,-1475.9497,Saddle Bag,2.0,Custom,,,Saddlebag,,,,
SceneComponent,Loot_Corpse_Horse_01a_Spawner_C,UNP_Loot_Corpse_Horse_01a_610450561f4f4577_0,-17604.271,-6008.339,-1764.2517,Saddle Bag,2.0,Custom,,,Saddlebag,,,,
SceneComponent,Loot_Corpse_Horse_01a_Spawner_C,UNP_Loot_Corpse_Horse_01a_66302d50d2323776_0,-11636.238,19422.324,-1585.9579,Saddle Bag,2.0,Custom,,,Saddlebag,,,,
SceneComponent,Loot_Corpse_Horse_01a_Spawner_C,UNP_Loot_Corpse_Horse_01a_67a6518e2cfaccd3_0,21209.914,41704.285,-1820.8605,Saddle Bag,2.0,Custom,,,Saddlebag,,,,
SceneComponent,Loot_Corpse_Horse_01a_Spawner_C,UNP_Loot_Corpse_Horse_01a_835fc5480d0cc780_0,308.63068,-5768.8022,-1541.9958,Saddle Bag,2.0,Custom,,,Saddlebag,,,,
SceneComponent,Loot_Corpse_Horse_01a_Spawner_C,UNP_Loot_Corpse_Horse_01a_8697f811e81ed34c_0,-21296.078,-4390.724,-1881.2484,Saddle Bag,2.0,Custom,,,Saddlebag,,,,
SceneComponent,Loot_Corpse_Horse_01a_Spawner_C,UNP_Loot_Corpse_Horse_01a_8dbb415bd73acb01_0,4414.5415,18003.834,-2286.5874,Saddle Bag,20.0,Custom,,,Saddlebag,,,,
SceneComponent,Loot_Corpse_Horse_01a_Spawner_C,UNP_Loot_Corpse_Horse_01a_UAID_00FF8EFC2BEFAA5502_10ddb5bc633da2d8_1297378437,-13160.938,29653.748,-816.16223,Saddle Bag,2.0,Custom,,,Saddlebag,,,,
SceneComponent,Loot_Corpse_Horse_01a_Spawner_C,UNP_Loot_Corpse_Horse_01a_UAID_00FF8EFC2BEFAA5502_1f490eb6e972b0aa_1297378437,48639.4,40296.62,-1749.3672,Saddle Bag,2.0,Custom,,,Saddlebag,,,,
SceneComponent,Loot_Corpse_Horse_01a_Spawner_C,UNP_Loot_Corpse_Horse_01a_UAID_00FF8EFC2BEFAA5502_267f443e5b6d3a4d_1297378437,-14886.507,-6350.8154,-1520.9363,Saddle Bag,2.0,Custom,,,Saddlebag,,,,
SceneComponent,Loot_Corpse_Horse_01a_Spawner_C,UNP_Loot_Corpse_Horse_01a_UAID_00FF8EFC2BEFAA5502_387646a3d9a4960f_1297378437,34651.207,48618.04,-2029.1644,Saddle Bag,2.0,Custom,,,Saddlebag,,,,
SceneComponent,Loot_Corpse_Horse_01a_Spawner_C,UNP_Loot_Corpse_Horse_01a_UAID_00FF8EFC2BEFAA5502_524b450df7851294_1297378437,-29394.652,22689.105,-812.5476,Saddle Bag,2.0,Custom,,,Saddlebag,,,,
SceneComponent,Loot_Corpse_Horse_01a_Spawner_C,UNP_Loot_Corpse_Horse_01a_UAID_00FF8EFC2BEFAA5502_71e4c3cb410b2ec4_1297378437,-27318.424,21015.604,-1105.2827,Saddle Bag,2.0,Custom,,,Saddlebag,,,,
SceneComponent,Loot_Corpse_Horse_01a_Spawner_C,UNP_Loot_Corpse_Horse_01a_UAID_00FF8EFC2BEFAA5502_7a9a480381d2dc3c_1297378437,-4133.9526,-5686.128,-1601.0646,Saddle Bag,2.0,Custom,,,Saddlebag,,,,
SceneComponent,Loot_Corpse_Horse_01a_Spawner_C,UNP_Loot_Corpse_Horse_01a_UAID_00FF8EFC2BEFAA5502_7b0f1cb68fd6647d_1297378437,-6406.4395,-9018.421,-1379.1356,Saddle Bag,2.0,Custom,,,Saddlebag,,,,
SceneComponent,Loot_Corpse_Horse_01a_Spawner_C,UNP_Loot_Corpse_Horse_01a_UAID_00FF8EFC2BEFAA5502_99fcd8feb652a375_1297378437,-684.5968,-2914.9172,-1629.0583,Saddle Bag,2.0,Custom,,,Saddlebag,,,,
SceneComponent,Loot_Corpse_Horse_01a_Spawner_C,UNP_Loot_Corpse_Horse_01a_UAID_00FF8EFC2BEFAA5502_a1c6feed1ca2e01f_1297378437,-16553.9,31304.652,-482.7269,Saddle Bag,2.0,Custom,,,Saddlebag,,,,
SceneComponent,Loot_Corpse_Horse_01a_Spawner_C,UNP_Loot_Corpse_Horse_01a_UAID_00FF8EFC2BEFAA5502_ad7c3e5f9fd2137e_1297378437,-2072.5994,21184.71,-1721.0046,Saddle Bag,2.0,Custom,,,Saddlebag,,,,
SceneComponent,Loot_Corpse_Horse_01a_Spawner_C,UNP_Loot_Corpse_Horse_01a_UAID_00FF8EFC2BEFAA5502_b51afc20e29fe902_1297378437,-9997.657,-3510.869,-1467.1722,Saddle Bag,2.0,Custom,,,Saddlebag,,,,
SceneComponent,Loot_Corpse_Horse_01a_Spawner_C,UNP_Loot_Corpse_Horse_01a_UAID_00FF8EFC2BEFAA5502_bfc783c35ca7593c_1297378437,-26625.87,19176.01,-1126.845,Saddle Bag,2.0,Custom,,,Saddlebag,,,,
SceneComponent,Loot_Corpse_Horse_01a_Spawner_C,UNP_Loot_Corpse_Horse_01a_UAID_00FF8EFC2BEFAA5502_c408a596571c1e05_1297378437,22201.906,44063.56,-1967.5591,Saddle Bag,2.0,Custom,,,Saddlebag,,,,
SceneComponent,Loot_Corpse_Horse_01a_Spawner_C,UNP_Loot_Corpse_Horse_01a_UAID_00FF8EFC2BEFAA5502_d579ac9d21c3f196_1297378437,-24897.352,-10605.49,-1565.3054,Saddle Bag,2.0,Custom,,,Saddlebag,,,,
SceneComponent,Loot_Corpse_Horse_01a_Spawner_C,UNP_Loot_Corpse_Horse_01a_UAID_00FF8EFC2BEFAA5502_e1a36d27433c175d_1297378437,-22079.967,12571.274,-1793.9027,Saddle Bag,2.0,Custom,,,Saddlebag,,,,
SceneComponent,Loot_Corpse_Horse_01a_Spawner_C,UNP_Loot_Corpse_Horse_01a_UAID_00FF8EFC2BEFAA5502_e1e5c0631cb8dabc_1297378437,34049.61,30104.42,-1692.3508,Saddle Bag,2.0,Custom,,,Saddlebag,,,,
SceneComponent,Loot_Corpse_Horse_01a_Spawner_C,UNP_Loot_Corpse_Horse_01a_UAID_00FF8EFC2BEFAA5502_ef9d623031c4fd2f_1297378437,-2842.8452,35280.17,-998.9432,Saddle Bag,2.0,Custom,,,Saddlebag,,,,
SceneComponent,Loot_Corpse_Horse_01a_Spawner_C,UNP_Loot_Corpse_Horse_01a_a63cf938e8388778_0,31405.5,54737.188,-2133.7766,Saddle Bag,2.0,Custom,,,Saddlebag,,,,
SceneComponent,Loot_Corpse_Horse_01a_Spawner_C,UNP_Loot_Corpse_Horse_01a_a98b53ac110687e4_0,1284.5436,19913.637,-2375.2273,Saddle Bag,20.0,Custom,,,Saddlebag,,,,
SceneComponent,Loot_Corpse_Horse_01a_Spawner_C,UNP_Loot_Corpse_Horse_01a_b7c910930395766a_0,9427.936,43921.74,-2026.3422,Saddle Bag,2.0,Custom,,,Saddlebag,,,,
SceneComponent,Loot_Corpse_Horse_01a_Spawner_C,UNP_Loot_Corpse_Horse_01a_d2aff93975d15515_0,17567.377,36122.1,-1875.9794,Saddle Bag,2.0,Custom,,,Saddlebag,,,,
SceneComponent,Loot_Corpse_Horse_01a_Spawner_C,UNP_Loot_Corpse_Horse_01a_de2a49b8017d0bce_0,-6416.0645,34327.383,-807.1395,Saddle Bag,2.0,Custom,,,Saddlebag,,,,
SceneComponent,Loot_Corpse_Horse_01a_Spawner_C,UNP_Loot_Corpse_Horse_01a_e607fb89039b1e13_0,-25028.945,9198.196,-1583.4126,Saddle Bag,2.0,Custom,,,Saddlebag,,,,
SceneComponent,Loot_Corpse_Male_01a_Spawner_C,BP_CorpseMale_Floor_01a_C_UAID_04D9F5F93AD5793E02_11158c6f7229cdc0_2125352325,2482.692,11385.895,-2256.8835,Corpse,50.0,Blueprint,,,Corpse_Peasant,,,,
SceneComponent,Loot_Corpse_Male_01a_Spawner_C,BP_CorpseMale_Floor_01a_C_UAID_9C6B002263F7EE3702_1472443949,9179.734,9136.762,-1729.5254,Corpse,50.0,Blueprint,,,Corpse_Peasant,,,,
SceneComponent,Loot_Corpse_Male_01a_Spawner_C,BP_CorpseMale_Floor_01a_C_UAID_9C6B002263F7EE3702_1472456963,28542.889,25782.78,-2070.718,Corpse,50.0,Blueprint,,,Corpse_Peasant,,,,
SceneComponent,Loot_Corpse_Male_01a_Spawner_C,Loot_Corpse_Gavroche_01a_Spawner_C_006dcd2312929407_1,6362.1875,-13244.869,-957.42926,Corpse,50.0,Blueprint,,,Corpse_Peasant,,,,
SceneComponent,Loot_Corpse_Male_01a_Spawner_C,Loot_Corpse_Gavroche_01a_Spawner_C_02d07c0a728f1b96_1,7616.6655,1755.5087,-1306.2347,Corpse,50.0,Blueprint,,,Corpse_Peasant,,,,
SceneComponent,Loot_Corpse_Male_01a_Spawner_C,Loot_Corpse_Gavroche_01a_Spawner_C_04f35b3badfe163b_1,-30370.227,21028.82,-606.4532,Corpse,50.0,Blueprint,,,Corpse_Peasant,,,,
SceneComponent,Loot_Corpse_Male_01a_Spawner_C,Loot_Corpse_Gavroche_01a_Spawner_C_05f1a2dd2a4aab26_1,30571.861,11043.333,-1501.8625,Corpse,50.0,Blueprint,,,Corpse_Peasant,,,,
SceneComponent,Loot_Corpse_Male_01a_Spawner_C,Loot_Corpse_Gavroche_01a_Spawner_C_07b23ddce89dfc6a_1,-18635.695,18228.979,-1379.5682,Corpse,50.0,Blueprint,,,Corpse_Peasant,,,,
SceneComponent,Loot_Corpse_Male_01a_Spawner_C,Loot_Corpse_Gavroche_01a_Spawner_C_0c6906478b663cee_1,12797.79,3825.6213,-1363.0376,Corpse,50.0,Blueprint,,,Corpse_Peasant,,,,
SceneComponent,Loot_Corpse_Male_01a_Spawner_C,Loot_Corpse_Gavroche_01a_Spawner_C_1a08a54485064e55_1,-17057.121,1224.1305,-1487.162,Corpse,50.0,Blueprint,,,Corpse_Peasant,,,,
SceneComponent,Loot_Corpse_Male_01a_Spawner_C,Loot_Corpse_Gavroche_01a_Spawner_C_1bdd3502228fd24f_1,7517.8657,-5879.5146,-948.6591,Corpse,50.0,Blueprint,,,Corpse_Peasant,,,,
SceneComponent,Loot_Corpse_Male_01a_Spawner_C,Loot_Corpse_Gavroche_01a_Spawner_C_1f4cd40a5007b29c_1,-20270.621,30353.805,-430.0728,Corpse,50.0,Blueprint,,,Corpse_Peasant,,,,
SceneComponent,Loot_Corpse_Male_01a_Spawner_C,Loot_Corpse_Gavroche_01a_Spawner_C_237709dc8deca990_1,39529.734,29489.65,-2264.6055,Corpse,50.0,Blueprint,,,Corpse_Peasant,,,,
SceneComponent,Loot_Corpse_Male_01a_Spawner_C,Loot_Corpse_Gavroche_01a_Spawner_C_2621da2665dbdd8e_1,37898.35,31243.42,-1807.4094,Corpse,50.0,Blueprint,,,Corpse_Peasant,,,,
SceneComponent,Loot_Corpse_Male_01a_Spawner_C,Loot_Corpse_Gavroche_01a_Spawner_C_27c8a815f67ab17f_1,15201.087,47363.145,-772.7204,Corpse,50.0,Blueprint,,,Corpse_Peasant,,,,
SceneComponent,Loot_Corpse_Male_01a_Spawner_C,Loot_Corpse_Gavroche_01a_Spawner_C_28bc1670ecf4847b_1,-25103.014,38451.66,126.591515,Corpse,50.0,Blueprint,,,Corpse_Peasant,,,,
SceneComponent,Loot_Corpse_Male_01a_Spawner_C,Loot_Corpse_Gavroche_01a_Spawner_C_28ca43807a49293d_1,19072.857,11962.112,-1750.1942,Corpse,50.0,Blueprint,,,Corpse_Peasant,,,,
SceneComponent,Loot_Corpse_Male_01a_Spawner_C,Loot_Corpse_Gavroche_01a_Spawner_C_28dcace729675fd7_1,-17802.96,48745.273,380.6875,Corpse,50.0,Blueprint,,,Corpse_Peasant,,,,
SceneComponent,Loot_Corpse_Male_01a_Spawner_C,Loot_Corpse_Gavroche_01a_Spawner_C_36b67a93bfd87505_1,-11983.034,107.799835,-1694.804,Corpse,50.0,Blueprint,,,Corpse_Peasant,,,,
SceneComponent,Loot_Corpse_Male_01a_Spawner_C,Loot_Corpse_Gavroche_01a_Spawner_C_37a2f53cf54b4ced_1,7681.002,7972.446,-1649.2294,Corpse,50.0,Blueprint,,,Corpse_Peasant,,,,
SceneComponent,Loot_Corpse_Male_01a_Spawner_C,Loot_Corpse_Gavroche_01a_Spawner_C_39ed4ba93da81fca_1,30334.39,1508.7473,-671.5164,Corpse,50.0,Blueprint,,,Corpse_Peasant,,,,
SceneComponent,Loot_Corpse_Male_01a_Spawner_C,Loot_Corpse_Gavroche_01a_Spawner_C_3f80fb959f56d376_1,19898.996,14969.152,-2090.3015,Corpse,50.0,Blueprint,,,Corpse_Peasant,,,,
SceneComponent,Loot_Corpse_Male_01a_Spawner_C,Loot_Corpse_Gavroche_01a_Spawner_C_41071efcfaa9afa6_1,42098.355,25203.545,-1952.665,Corpse,50.0,Blueprint,,,Corpse_Peasant,,,,
SceneComponent,Loot_Corpse_Male_01a_Spawner_C,Loot_Corpse_Gavroche_01a_Spawner_C_4119bec86ee072cb_1,33416.11,14956.558,-1614.5614,Corpse,50.0,Blueprint,,,Corpse_Peasant,,,,
SceneComponent,Loot_Corpse_Male_01a_Spawner_C,Loot_Corpse_Gavroche_01a_Spawner_C_455e68b00b99ad3b_1,38123.684,3669.507,-1066.1576,Corpse,50.0,Blueprint,,,Corpse_Peasant,,,,
SceneComponent,Loot_Corpse_Male_01a_Spawner_C,Loot_Corpse_Gavroche_01a_Spawner_C_4f9051fadc76b2ec_1,22821.234,2096.367,-844.7292,Corpse,50.0,Blueprint,,,Corpse_Peasant,,,,
SceneComponent,Loot_Corpse_Male_01a_Spawner_C,Loot_Corpse_Gavroche_01a_Spawner_C_4fe95e8476278011_1,19032.018,4293.878,-1220.5725,Corpse,50.0,Blueprint,,,Corpse_Peasant,,,,
SceneComponent,Loot_Corpse_Male_01a_Spawner_C,Loot_Corpse_Gavroche_01a_Spawner_C_510d9864a682dd43_1,-30529.479,-4486.1665,-1323.6648,Corpse,50.0,Blueprint,,,Corpse_Peasant,,,,
SceneComponent,Loot_Corpse_Male_01a_Spawner_C,Loot_Corpse_Gavroche_01a_Spawner_C_56b0fe1986238a89_1,22457.35,37333.36,-1939.986,Corpse,50.0,Blueprint,,,Corpse_Peasant,,,,
SceneComponent,Loot_Corpse_Male_01a_Spawner_C,Loot_Corpse_Gavroche_01a_Spawner_C_5e9730afad525691_1,-26842.396,36359.883,88.440674,Corpse,50.0,Blueprint,,,Corpse_Peasant,,,,
SceneComponent,Loot_Corpse_Male_01a_Spawner_C,Loot_Corpse_Gavroche_01a_Spawner_C_5ecf96bc9ed2ced6_1,13538.52,46259.78,-963.2972,Corpse,50.0,Blueprint,,,Corpse_Peasant,,,,
SceneComponent,Loot_Corpse_Male_01a_Spawner_C,Loot_Corpse_Gavroche_01a_Spawner_C_617def97b87829c6_1,13607.008,655.26074,-974.4047,Corpse,50.0,Blueprint,,,Corpse_Peasant,,,,
SceneComponent,Loot_Corpse_Male_01a_Spawner_C,Loot_Corpse_Gavroche_01a_Spawner_C_620adf8ea4499bee_1,45211.164,32810.75,-1646.3392,Corpse,50.0,Blueprint,,,Corpse_Peasant,,,,
SceneComponent,Loot_Corpse_Male_01a_Spawner_C,Loot_Corpse_Gavroche_01a_Spawner_C_624c7ebd28103293_1,-3773.7625,-2249.0503,-1704.0972,Corpse,50.0,Blueprint,,,Corpse_Peasant,,,,
SceneComponent,Loot_Corpse_Male_01a_Spawner_C,Loot_Corpse_Gavroche_01a_Spawner_C_62688c3a3b1bee34_1,14529.248,43674.23,-993.5458,Corpse,50.0,Blueprint,,,Corpse_Peasant,,,,
SceneComponent,Loot_Corpse_Male_01a_Spawner_C,Loot_Corpse_Gavroche_01a_Spawner_C_6cb8ca558c1bb1b8_1,9217.878,-5951.9067,-896.27527,Corpse,50.0,Blueprint,,,Corpse_Peasant,,,,
SceneComponent,Loot_Corpse_Male_01a_Spawner_C,Loot_Corpse_Gavroche_01a_Spawner_C_6d8e7c7fa96797ac_1,-24105.867,41414.355,196.46663,Corpse,50.0,Blueprint,,,Corpse_Peasant,,,,
SceneComponent,Loot_Corpse_Male_01a_Spawner_C,Loot_Corpse_Gavroche_01a_Spawner_C_703bd696120ecfb7_1,12627.647,1523.2195,-1111.4176,Corpse,50.0,Blueprint,,,Corpse_Peasant,,,,
SceneComponent,Loot_Corpse_Male_01a_Spawner_C,Loot_Corpse_Gavroche_01a_Spawner_C_72b0bf516981dc11_1,-21018.186,-10557.122,-1245.0668,Corpse,50.0,Blueprint,,,Corpse_Peasant,,,,
SceneComponent,Loot_Corpse_Male_01a_Spawner_C,Loot_Corpse_Gavroche_01a_Spawner_C_76919ec7f664a8f8_1,26802.525,21860.902,-1981.323,Corpse,50.0,Blueprint,,,Corpse_Peasant,,,,
SceneComponent,Loot_Corpse_Male_01a_Spawner_C,Loot_Corpse_Gavroche_01a_Spawner_C_7de0649aafe3cd10_1,129.89198,1268.0715,-1747.7823,Corpse,50.0,Blueprint,,,Corpse_Peasant,,,,
SceneComponent,Loot_Corpse_Male_01a_Spawner_C,Loot_Corpse_Gavroche_01a_Spawner_C_7f15ad9e58151d64_1,-15695.576,46511.457,310.07486,Corpse,50.0,Blueprint,,,Corpse_Peasant,,,,
SceneComponent,Loot_Corpse_Male_01a_Spawner_C,Loot_Corpse_Gavroche_01a_Spawner_C_7f18de8b21ab935c_1,31548.93,20007.402,-2212.7026,Corpse,50.0,Blueprint,,,Corpse_Peasant,,,,
SceneComponent,Loot_Corpse_Male_01a_Spawner_C,Loot_Corpse_Gavroche_01a_Spawner_C_807c2a2cb6cd412b_1,-25412.22,34515.137,117.658195,Corpse,50.0,Blueprint,,,Corpse_Peasant,,,,
SceneComponent,Loot_Corpse_Male_01a_Spawner_C,Loot_Corpse_Gavroche_01a_Spawner_C_81c99ee0575d9079_1,-22493.65,-13121.695,-1283.3962,Corpse,50.0,Blueprint,,,Corpse_Peasant,,,,
SceneComponent,Loot_Corpse_Male_01a_Spawner_C,Loot_Corpse_Gavroche_01a_Spawner_C_839aef1fea4851e3_1,-17713.846,14695.319,-1635.1403,Corpse,50.0,Blueprint,,,Corpse_Peasant,,,,
SceneComponent,Loot_Corpse_Male_01a_Spawner_C,Loot_Corpse_Gavroche_01a_Spawner_C_84d0584c77315f6a_1,45620.066,34239.504,-1811.4619,Corpse,50.0,Blueprint,,,Corpse_Peasant,,,,
SceneComponent,Loot_Corpse_Male_01a_Spawner_C,Loot_Corpse_Gavroche_01a_Spawner_C_866d550e6bf8e88b_1,35160.004,20806.242,-1863.9501,Corpse,50.0,Blueprint,,,Corpse_Peasant,,,,
SceneComponent,Loot_Corpse_Male_01a_Spawner_C,Loot_Corpse_Gavroche_01a_Spawner_C_874067e50c60d5e7_1,24435.18,-40.99473,-635.588,Corpse,50.0,Blueprint,,,Corpse_Peasant,,,,
SceneComponent,Loot_Corpse_Male_01a_Spawner_C,Loot_Corpse_Gavroche_01a_Spawner_C_94fdc9cc167148ae_1,-20066.451,-6773.7637,-1435.1646,Corpse,50.0,Blueprint,,,Corpse_Peasant,,,,
SceneComponent,Loot_Corpse_Male_01a_Spawner_C,Loot_Corpse_Gavroche_01a_Spawner_C_95ae36b413f545a4_1,4880.4443,1363.6033,-1521.8604,Corpse,50.0,Blueprint,,,Corpse_Peasant,,,,
SceneComponent,Loot_Corpse_Male_01a_Spawner_C,Loot_Corpse_Gavroche_01a_Spawner_C_982bfdeab492451e_1,11814.897,-930.28906,-1004.89526,Corpse,50.0,Blueprint,,,Corpse_Peasant,,,,
SceneComponent,Loot_Corpse_Male_01a_Spawner_C,Loot_Corpse_Gavroche_01a_Spawner_C_987253dbe30979f8_1,3889.8462,3889.22,-1592.4066,Corpse,50.0,Blueprint,,,Corpse_Peasant,,,,
SceneComponent,Loot_Corpse_Male_01a_Spawner_C,Loot_Corpse_Gavroche_01a_Spawner_C_9960798698b784b5_1,-28132.596,18719.22,-944.8828,Corpse,50.0,Blueprint,,,Corpse_Peasant,,,,
SceneComponent,Loot_Corpse_Male_01a_Spawner_C,Loot_Corpse_Gavroche_01a_Spawner_C_9da2f63e1c520b19_1,-17839.299,-158.45981,-1532.3865,Corpse,50.0,Blueprint,,,Corpse_Peasant,,,,
SceneComponent,Loot_Corpse_Male_01a_Spawner_C,Loot_Corpse_Gavroche_01a_Spawner_C_9fb55f6a98c620e8_1,24358.36,20442.418,-2255.2305,Corpse,50.0,Blueprint,,,Corpse_Peasant,,,,
SceneComponent,Loot_Corpse_Male_01a_Spawner_C,Loot_Corpse_Gavroche_01a_Spawner_C_a650501bf08cf739_1,30247.63,6135.037,-948.1142,Corpse,50.0,Blueprint,,,Corpse_Peasant,,,,
SceneComponent,Loot_Corpse_Male_01a_Spawner_C,Loot_Corpse_Gavroche_01a_Spawner_C_a81dde1248139bbf_1,40458.137,24311.46,-2052.4514,Corpse,50.0,Blueprint,,,Corpse_Peasant,,,,
SceneComponent,Loot_Corpse_Male_01a_Spawner_C,Loot_Corpse_Gavroche_01a_Spawner_C_a84ee5ee3133a61e_1,17603.232,42624.76,-962.2132,Corpse,50.0,Blueprint,,,Corpse_Peasant,,,,
SceneComponent,Loot_Corpse_Male_01a_Spawner_C,Loot_Corpse_Gavroche_01a_Spawner_C_b197a209274f33f4_1,33586.164,19997.092,-1886.3047,Corpse,50.0,Blueprint,,,Corpse_Peasant,,,,
SceneComponent,Loot_Corpse_Male_01a_Spawner_C,Loot_Corpse_Gavroche_01a_Spawner_C_b31eb7e30aabd902_1,2548.8093,42459.06,-1103.2352,Corpse,50.0,Blueprint,,,Corpse_Peasant,,,,
SceneComponent,Loot_Corpse_Male_01a_Spawner_C,Loot_Corpse_Gavroche_01a_Spawner_C_ba0cd3db7c1a0e86_1,28996.582,9514.199,-1427.9707,Corpse,50.0,Blueprint,,,Corpse_Peasant,,,,
SceneComponent,Loot_Corpse_Male_01a_Spawner_C,Loot_Corpse_Gavroche_01a_Spawner_C_baded86250223808_1,40892.426,34383.035,-1614.0262,Corpse,50.0,Blueprint,,,Corpse_Peasant,,,,
SceneComponent,Loot_Corpse_Male_01a_Spawner_C,Loot_Corpse_Gavroche_01a_Spawner_C_bb331f57752181fa_1,12559.049,-4575.6055,-787.20123,Corpse,50.0,Blueprint,,,Corpse_Peasant,,,,
SceneComponent,Loot_Corpse_Male_01a_Spawner_C,Loot_Corpse_Gavroche_01a_Spawner_C_bd39dee1fcd46aac_1,10611.508,1040.9905,-1137.2943,Corpse,50.0,Blueprint,,,Corpse_Peasant,,,,
SceneComponent,Loot_Corpse_Male_01a_Spawner_C,Loot_Corpse_Gavroche_01a_Spawner_C_bd528d01b12092f3_1,19414.87,17320.87,-1908.8933,Corpse,50.0,Blueprint,,,Corpse_Peasant,,,,
SceneComponent,Loot_Corpse_Male_01a_Spawner_C,Loot_Corpse_Gavroche_01a_Spawner_C_c117c947852603da_1,42640.805,19686.83,-2028.8009,Corpse,50.0,Blueprint,,,Corpse_Peasant,,,,
SceneComponent,Loot_Corpse_Male_01a_Spawner_C,Loot_Corpse_Gavroche_01a_Spawner_C_c30a226efd866ee2_1,20395.645,-312.42722,-772.3042,Corpse,50.0,Blueprint,,,Corpse_Peasant,,,,
SceneComponent,Loot_Corpse_Male_01a_Spawner_C,Loot_Corpse_Gavroche_01a_Spawner_C_c669aa08e440911c_1,45520.85,43314.79,-1785.7874,Corpse,50.0,Blueprint,,,Corpse_Peasant,,,,
SceneComponent,Loot_Corpse_Male_01a_Spawner_C,Loot_Corpse_Gavroche_01a_Spawner_C_c82889362b09d196_1,21170.201,16801.977,-2146.6514,Corpse,50.0,Blueprint,,,Corpse_Peasant,,,,
SceneComponent,Loot_Corpse_Male_01a_Spawner_C,Loot_Corpse_Gavroche_01a_Spawner_C_c9f5eac6aa539357_1,-19314.549,-157.86739,-1569.0089,Corpse,50.0,Blueprint,,,Corpse_Peasant,,,,
SceneComponent,Loot_Corpse_Male_01a_Spawner_C,Loot_Corpse_Gavroche_01a_Spawner_C_ccf3687d9316ee2c_1,46656.707,42272.297,-1726.6062,Corpse,50.0,Blueprint,,,Corpse_Peasant,,,,
SceneComponent,Loot_Corpse_Male_01a_Spawner_C,Loot_Corpse_Gavroche_01a_Spawner_C_cdc5f404434d15d6_1,-13120.785,1604.6351,-1892.2842,Corpse,50.0,Blueprint,,,Corpse_Peasant,,,,
SceneComponent,Loot_Corpse_Male_01a_Spawner_C,Loot_Corpse_Gavroche_01a_Spawner_C_cdd1f7cf27ae4a00_1,11207.633,-8654.209,-819.89984,Corpse,50.0,Blueprint,,,Corpse_Peasant,,,,
SceneComponent,Loot_Corpse_Male_01a_Spawner_C,Loot_Corpse_Gavroche_01a_Spawner_C_ceeb610cf28f651c_1,9400.925,6029.8667,-1523.381,Corpse,50.0,Blueprint,,,Corpse_Peasant,,,,
SceneComponent,Loot_Corpse_Male_01a_Spawner_C,Loot_Corpse_Gavroche_01a_Spawner_C_cf42673d7802aeb9_1,14440.066,5144.1514,-1483.3076,Corpse,50.0,Blueprint,,,Corpse_Peasant,,,,
SceneComponent,Loot_Corpse_Male_01a_Spawner_C,Loot_Corpse_Gavroche_01a_Spawner_C_d184d6be091aba63_1,28165.955,11252.097,-1573.9885,Corpse,50.0,Blueprint,,,Corpse_Peasant,,,,
SceneComponent,Loot_Corpse_Male_01a_Spawner_C,Loot_Corpse_Gavroche_01a_Spawner_C_d3e58a963d25d3ce_1,28397.342,13534.028,-1729.7319,Corpse,50.0,Blueprint,,,Corpse_Peasant,,,,
SceneComponent,Loot_Corpse_Male_01a_Spawner_C,Loot_Corpse_Gavroche_01a_Spawner_C_d4a653eb327fd747_1,14948.514,-3888.1658,-773.30084,Corpse,50.0,Blueprint,,,Corpse_Peasant,,,,
SceneComponent,Loot_Corpse_Male_01a_Spawner_C,Loot_Corpse_Gavroche_01a_Spawner_C_d4b924b119699d1d_1,25169.303,4961.7476,-983.6015,Corpse,50.0,Blueprint,,,Corpse_Peasant,,,,
SceneComponent,Loot_Corpse_Male_01a_Spawner_C,Loot_Corpse_Gavroche_01a_Spawner_C_d4d9607a3647519e_1,30562.057,12710.952,-1644.0018,Corpse,50.0,Blueprint,,,Corpse_Peasant,,,,
SceneComponent,Loot_Corpse_Male_01a_Spawner_C,Loot_Corpse_Gavroche_01a_Spawner_C_da9665e68c56f749_1,10444.61,-3404.9468,-926.36646,Corpse,50.0,Blueprint,,,Corpse_Peasant,,,,
SceneComponent,Loot_Corpse_Male_01a_Spawner_C,Loot_Corpse_Gavroche_01a_Spawner_C_ddc47c57f4c4f67c_1,26478.596,33335.594,-1391.788,Corpse,50.0,Blueprint,,,Corpse_Peasant,,,,
SceneComponent,Loot_Corpse_Male_01a_Spawner_C,Loot_Corpse_Gavroche_01a_Spawner_C_de05b6722230e063_1,16482.193,-162.91882,-782.7098,Corpse,50.0,Blueprint,,,Corpse_Peasant,,,,
SceneComponent,Loot_Corpse_Male_01a_Spawner_C,Loot_Corpse_Gavroche_01a_Spawner_C_de9f4ff076afb65e_1,-4453.9775,-500.8236,-1731.8936,Corpse,50.0,Blueprint,,,Corpse_Peasant,,,,
SceneComponent,Loot_Corpse_Male_01a_Spawner_C,Loot_Corpse_Gavroche_01a_Spawner_C_df7412258aadacc8_1,-16490.836,-11278.701,-1359.325,Corpse,50.0,Blueprint,,,Corpse_Peasant,,,,
SceneComponent,Loot_Corpse_Male_01a_Spawner_C,Loot_Corpse_Gavroche_01a_Spawner_C_e38a2cddd338c3d3_1,-30495.646,45658.133,445.6005,Corpse,50.0,Blueprint,,,Corpse_Peasant,,,,
SceneComponent,Loot_Corpse_Male_01a_Spawner_C,Loot_Corpse_Gavroche_01a_Spawner_C_e533909c6adf52b0_1,-6699.5645,44461.703,-346.23468,Corpse,50.0,Blueprint,,,Corpse_Peasant,,,,
SceneComponent,Loot_Corpse_Male_01a_Spawner_C,Loot_Corpse_Gavroche_01a_Spawner_C_fa5bc3a5b873df8d_1,13259.313,50002.746,-941.5901,Corpse,50.0,Blueprint,,,Corpse_Peasant,,,,
SceneComponent,Loot_Corpse_Male_01a_Spawner_C,Loot_Corpse_Gavroche_01a_Spawner_C_faca3ff7babf3c3f_1,-19076.281,-7482.6333,-1480.6323,Corpse,50.0,Blueprint,,,Corpse_Peasant,,,,
SceneComponent,Loot_Corpse_Male_01a_Spawner_C,Loot_Corpse_Gavroche_01a_Spawner_C_fcc8653084910593_1,278.44928,44029.414,-752.12476,Corpse,50.0,Blueprint,,,Corpse_Peasant,,,,
SceneComponent,Loot_Corpse_Male_01a_Spawner_C,Loot_Corpse_Gavroche_01a_Spawner_C_fef6277568cd418f_1,-2110.9648,43256.51,-809.8957,Corpse,50.0,Blueprint,,,Corpse_Peasant,,,,
SceneComponent,Loot_Corpse_Male_01a_Spawner_C,Loot_Corpse_Gavroche_01a_Spawner_C_ff907bc1ef4d0dd3_1,21603.02,8195.722,-1465.041,Corpse,50.0,Blueprint,,,Corpse_Peasant,,,,
SceneComponent,Loot_Corpse_Male_01a_Spawner_C,Loot_Corpse_Male_01a_Spawner_C_UAID_00FF8EFC2BEFA34D02_0f67a8b92724ff7e_1729092320,-10865.771,25497.371,-900.8818,Corpse,50.0,Blueprint,,,Corpse_Peasant,,,,
SceneComponent,Loot_Corpse_Male_01a_Spawner_C,Loot_Corpse_Male_01a_Spawner_C_UAID_00FF8EFC2BEFA34D02_0f8bdf33e7f132e0_1729092320,27437.693,27119.951,-2075.7568,Corpse,50.0,Blueprint,,,Corpse_Peasant,,,,
SceneComponent,Loot_Corpse_Male_01a_Spawner_C,Loot_Corpse_Male_01a_Spawner_C_UAID_00FF8EFC2BEFA34D02_17c00d8774149e1f_1729092320,-2651.173,-6239.1333,-1807.6559,Corpse,50.0,Blueprint,,,Corpse_Peasant,,,,
SceneComponent,Loot_Corpse_Male_01a_Spawner_C,Loot_Corpse_Male_01a_Spawner_C_UAID_00FF8EFC2BEFA34D02_2f1f699adb757b41_1729092320,10326.173,12690.644,-1814.6621,Corpse,50.0,Blueprint,,,Corpse_Peasant,,,,
SceneComponent,Loot_Corpse_Male_01a_Spawner_C,Loot_Corpse_Male_01a_Spawner_C_UAID_00FF8EFC2BEFA34D02_3248f90fdfe90b42_1729092320,-21986.8,30637.799,-550.2361,Corpse,50.0,Blueprint,,,Corpse_Peasant,,,,
SceneComponent,Loot_Corpse_Male_01a_Spawner_C,Loot_Corpse_Male_01a_Spawner_C_UAID_00FF8EFC2BEFA34D02_368ba10d94d1ab42_1729092320,20137.617,23785.172,-1558.1493,Corpse,50.0,Blueprint,,,Corpse_Peasant,,,,
SceneComponent,Loot_Corpse_Male_01a_Spawner_C,Loot_Corpse_Male_01a_Spawner_C_UAID_00FF8EFC2BEFA34D02_3ad4cdaea48a9dd9_1729092320,-5382.283,-7499.583,-1566.4869,Corpse,50.0,Blueprint,,,Corpse_Peasant,,,,
SceneComponent,Loot_Corpse_Male_01a_Spawner_C,Loot_Corpse_Male_01a_Spawner_C_UAID_00FF8EFC2BEFA34D02_4323b0cb3784adfc_1729092320,29630.307,47431.355,-2172.1858,Corpse,50.0,Blueprint,,,Corpse_Peasant,,,,
SceneComponent,Loot_Corpse_Male_01a_Spawner_C,Loot_Corpse_Male_01a_Spawner_C_UAID_00FF8EFC2BEFA34D02_4ad7ad53ce70dcfd_1729092320,-8222.027,7554.477,-1784.7158,Corpse,50.0,Blueprint,,,Corpse_Peasant,,,,
SceneComponent,Loot_Corpse_Male_01a_Spawner_C,Loot_Corpse_Male_01a_Spawner_C_UAID_00FF8EFC2BEFA34D02_5a81f5315ced5758_1729092320,4554.786,2776.7166,-1675.2947,Corpse,50.0,Blueprint,,,Corpse_Peasant,,,,
SceneComponent,Loot_Corpse_Male_01a_Spawner_C,Loot_Corpse_Male_01a_Spawner_C_UAID_00FF8EFC2BEFA34D02_822d1aef408c0be4_1729092320,10432.416,15883.143,-1932.1304,Corpse,50.0,Blueprint,,,Corpse_Peasant,,,,
SceneComponent,Loot_Corpse_Male_01a_Spawner_C,Loot_Corpse_Male_01a_Spawner_C_UAID_00FF8EFC2BEFA34D02_87ec215d028f25b3_1729092320,4352.181,-579.68835,-1499.6815,Corpse,50.0,Blueprint,,,Corpse_Peasant,,,,
SceneComponent,Loot_Corpse_Male_01a_Spawner_C,Loot_Corpse_Male_01a_Spawner_C_UAID_00FF8EFC2BEFA34D02_8de4f76c505845f3_1729092320,-7359.668,26014.35,-888.0155,Corpse,50.0,Blueprint,,,Corpse_Peasant,,,,
SceneComponent,Loot_Corpse_Male_01a_Spawner_C,Loot_Corpse_Male_01a_Spawner_C_UAID_00FF8EFC2BEFA34D02_bfa90c7fa34e2d2c_1729092320,-4270.6187,34491.64,-1016.2553,Corpse,50.0,Blueprint,,,Corpse_Peasant,,,,
SceneComponent,Loot_Corpse_Male_01a_Spawner_C,Loot_Corpse_Male_01a_Spawner_C_UAID_00FF8EFC2BEFA34D02_d2d294ee88de9a3b_1729092320,34096.574,33757.727,-1754.4493,Corpse,50.0,Blueprint,,,Corpse_Peasant,,,,
SceneComponent,Loot_Corpse_Male_01a_Spawner_C,Loot_Corpse_Male_01a_Spawner_C_UAID_00FF8EFC2BEFA34D02_d407aada7938b647_1729092320,-14734.003,-11309.016,-1657.5735,Corpse,50.0,Blueprint,,,Corpse_Peasant,,,,
SceneComponent,Loot_Corpse_Male_01a_Spawner_C,Loot_Corpse_Male_01a_Spawner_C_UAID_00FF8EFC2BEFA34D02_f5226953e3a6ce8c_1729092320,22834.773,39922.26,-2019.8009,Corpse,50.0,Blueprint,,,Corpse_Peasant,,,,
SceneComponent,Loot_Corpse_Male_01a_Spawner_C,Loot_Corpse_Male_01a_Spawner_C_UAID_00FF8EFC2BEFD65502_d7bb368d433e8eb6_1403289732,27585.734,-2303.1804,-1456.3152,Corpse,50.0,Blueprint,,,Corpse_Peasant,,,,
SceneComponent,Loot_Corpse_Male_01a_Spawner_C,Loot_Corpse_Male_01a_Spawner_C_UAID_00FF8EFC2BEFE84702_bea6386a9da1ae8d_1396132802,23155.408,6354.6187,-1917.4791,Corpse,50.0,Blueprint,,,Corpse_Peasant,,,,
SceneComponent,Loot_Corpse_Male_01a_Spawner_C,Loot_Corpse_Male_01a_Spawner_C_UAID_046874882494089902_3f0e6d0dd4e4221e_1095104730,-29842.39,11783.794,-1322.7511,Corpse,50.0,Blueprint,,,Corpse_Peasant,,,,
SceneComponent,Loot_Corpse_Male_01a_Spawner_C,Loot_Corpse_Male_01a_Spawner_C_UAID_046874882494089902_3f0e6d0dd4e4221e_1095115735,-30098.238,12242.565,-1291.6398,Corpse,50.0,Blueprint,,,Corpse_Peasant,,,,
SceneComponent,Loot_Corpse_Male_01a_Spawner_C,Loot_Corpse_Male_01a_Spawner_C_UAID_046874882494089902_3f0e6d0dd4e4221e_1096737232,-28140.945,14413.046,-1320.1185,Corpse,50.0,Blueprint,,,Corpse_Peasant,,,,
SceneComponent,Loot_Corpse_Male_01a_Spawner_C,Loot_Corpse_Male_01a_Spawner_C_UAID_046874882494089902_3f0e6d0dd4e4221e_1096748237,-28619.207,14630.283,-1289.0072,Corpse,50.0,Blueprint,,,Corpse_Peasant,,,,
SceneComponent,Loot_Corpse_Male_01a_Spawner_C,Loot_Corpse_Male_01a_Spawner_C_UAID_046874882494089902_3f0e6d0dd4e4221e_1097801594,-29189.586,11485.825,-1326.6514,Corpse,50.0,Blueprint,,,Corpse_Peasant,,,,
SceneComponent,Loot_Corpse_Male_01a_Spawner_C,Loot_Corpse_Male_01a_Spawner_C_UAID_046874882494089902_3f0e6d0dd4e4221e_1099732980,-29302.52,14099.919,-1322.4135,Corpse,50.0,Blueprint,,,Corpse_Peasant,,,,
SceneComponent,Loot_Corpse_Male_01a_Spawner_C,Loot_Corpse_Male_01a_Spawner_C_UAID_046874882494089902_3f0e6d0dd4e4221e_1101572214,-26504.04,13867.886,-1318.3126,Corpse,50.0,Blueprint,,,Corpse_Peasant,,,,
SceneComponent,Loot_Corpse_Male_01a_Spawner_C,Loot_Corpse_Male_01a_Spawner_C_UAID_046874882494089902_3f0e6d0dd4e4221e_1102065360,-27134.678,10325.991,-1326.6514,Corpse,50.0,Blueprint,,,Corpse_Peasant,,,,
SceneComponent,Loot_Corpse_Male_01a_Spawner_C,Loot_Corpse_Male_01a_Spawner_C_UAID_0468748824944E8902_4481ef720ae1ae21_1229913578,-8380.43,-5357.4985,-1463.8383,Corpse,50.0,Blueprint,,,Corpse_Peasant,,,,
SceneComponent,Loot_Corpse_Male_01a_Spawner_C,Loot_Corpse_Male_01a_Spawner_C_UAID_0468748824944E8902_4481ef720ae1ae21_1230811724,-7733.3164,-6056.569,-1473.0717,Corpse,50.0,Blueprint,,,Corpse_Peasant,,,,
SceneComponent,Loot_Corpse_Male_01a_Spawner_C,Loot_Corpse_Male_01a_Spawner_C_UAID_0468748824944E8902_4481ef720ae1ae21_1231400764,-10693.452,-6556.18,-1479.2786,Corpse,50.0,Blueprint,,,Corpse_Peasant,,,,
SceneComponent,Loot_Corpse_Male_01a_Spawner_C,Loot_Corpse_Male_01a_Spawner_C_UAID_046874882494977D02_be6a6beac2196855_1267551366,10298.359,29553.775,-1885.5293,Corpse,50.0,Blueprint,,,Corpse_Peasant,,,,
SceneComponent,Loot_Corpse_Male_01a_Spawner_C,Loot_Corpse_Male_01a_Spawner_C_UAID_046874882494977D02_be6a6beac2196855_1268321446,10836.507,31092.4,-1899.7307,Corpse,50.0,Blueprint,,,Corpse_Peasant,,,,
SceneComponent,Loot_Corpse_Male_01a_Spawner_C,Loot_Corpse_Male_01a_Spawner_C_UAID_046874882494977D02_be6a6beac2196855_1281207848,10496.208,29881.973,-1882.6642,Corpse,50.0,Blueprint,,,Corpse_Peasant,,,,
SceneComponent,Loot_Corpse_Male_01a_Spawner_C,Loot_Corpse_Male_01a_Spawner_C_UAID_046874882494977D02_be6a6beac2196855_1281450903,10037.443,30137.83,-1913.7755,Corpse,50.0,Blueprint,,,Corpse_Peasant,,,,
SceneComponent,Loot_Corpse_Male_01a_Spawner_C,Loot_Corpse_Male_01a_Spawner_C_UAID_046874882494A69802_68e0512c24d92e8f_1235642743,17161.002,20165.072,-1981.118,Corpse,50.0,Blueprint,,,Corpse_Peasant,,,,
SceneComponent,Loot_Corpse_Male_01a_Spawner_C,Loot_Corpse_Male_01a_Spawner_C_UAID_046874882494A69802_68e0512c24d92e8f_1364142660,10263.763,17919.67,-1998.3024,Corpse,50.0,Blueprint,,,Corpse_Peasant,,,,
SceneComponent,Loot_Corpse_Male_01a_Spawner_C,Loot_Corpse_Male_01a_Spawner_C_UAID_046874882494A69802_68e0512c24d92e8f_1364581704,9993.31,18545.38,-1996.211,Corpse,50.0,Blueprint,,,Corpse_Peasant,,,,
SceneComponent,Loot_Corpse_Male_01a_Spawner_C,Loot_Corpse_Male_01a_Spawner_C_UAID_046874882494B3B302_b672bb6c668a37ab_1996357576,-16515.389,41026.344,596.08936,Corpse,50.0,Blueprint,,,Corpse_Peasant,,,,
SceneComponent,Loot_Corpse_Male_01a_Spawner_C,Loot_Corpse_Male_01a_Spawner_C_UAID_046874882494B3B302_b672bb6c668a37ab_1996756616,-17819.408,42771.58,371.1841,Corpse,50.0,Blueprint,,,Corpse_Peasant,,,,
SceneComponent,Loot_Corpse_Male_01a_Spawner_C,Loot_Corpse_Male_01a_Spawner_C_UAID_046874882494B3B302_b672bb6c668a37ab_1997152660,-17779.668,43052.67,383.6279,Corpse,50.0,Blueprint,,,Corpse_Peasant,,,,
SceneComponent,Loot_Corpse_Male_01a_Spawner_C,Loot_Corpse_Male_01a_Spawner_C_UAID_046874882494B3B302_b672bb6c668a37ab_1997882842,-20535.928,43949.832,342.24005,Corpse,50.0,Blueprint,,,Corpse_Peasant,,,,
SceneComponent,Loot_Corpse_Male_01a_Spawner_C,Loot_Corpse_Male_01a_Spawner_C_UAID_046874882494B3B302_b672bb6c668a37ab_1998252881,-20058.926,43694.91,360.18515,Corpse,50.0,Blueprint,,,Corpse_Peasant,,,,
SceneComponent,Loot_Corpse_Male_01a_Spawner_C,Loot_Corpse_Male_01a_Spawner_C_UAID_046874882494B3B302_b672bb6c668a37ab_1998921026,-19325.723,42303.266,408.07727,Corpse,50.0,Blueprint,,,Corpse_Peasant,,,,
SceneComponent,Loot_Corpse_Male_01a_Spawner_C,Loot_Corpse_Male_01a_Spawner_C_UAID_046874882494B3B302_b672bb6c668a37ab_1998927031,-19176.791,42757.92,415.89978,Corpse,50.0,Blueprint,,,Corpse_Peasant,,,,
SceneComponent,Loot_Corpse_Male_01a_Spawner_C,Loot_Corpse_Male_01a_Spawner_C_UAID_046874882494DD9A02_129128160f00dfd4_1602249272,39108.316,15796.088,-2179.3926,Corpse,50.0,Blueprint,,,Corpse_Peasant,,,,
SceneComponent,Loot_Corpse_Male_01a_Spawner_C,Loot_Corpse_Male_01a_Spawner_C_UAID_046874882494DD9A02_129128160f00dfd4_1602631312,38558.688,15581.17,-2179.3926,Corpse,50.0,Blueprint,,,Corpse_Peasant,,,,
SceneComponent,Loot_Corpse_Male_01a_Spawner_C,Loot_Corpse_Male_01a_Spawner_C_UAID_046874882494DD9A02_129128160f00dfd4_1603305382,39146.156,15226.982,-2173.9656,Corpse,50.0,Blueprint,,,Corpse_Peasant,,,,
SceneComponent,Loot_Corpse_Male_01a_Spawner_C,Loot_Corpse_Male_01a_Spawner_C_UAID_046874882494DD9A02_129128160f00dfd4_1604147564,40541.16,15097.525,-2172.5203,Corpse,50.0,Blueprint,,,Corpse_Peasant,,,,
SceneComponent,Loot_Corpse_Male_01a_Spawner_C,Loot_Corpse_Male_01a_Spawner_C_UAID_046874882494DD9A02_129128160f00dfd4_1605112656,40988.848,15753.723,-2176.9768,Corpse,50.0,Blueprint,,,Corpse_Peasant,,,,
SceneComponent,Loot_Corpse_Male_01a_Spawner_C,Loot_Corpse_Male_01a_Spawner_C_UAID_046874882494FE9802_e515a311258b40d3_1737792502,-11596.317,38205.926,-197.8421,Corpse,50.0,Blueprint,,,Corpse_Peasant,,,,
SceneComponent,Loot_Corpse_Male_01a_Spawner_C,Loot_Corpse_Male_01a_Spawner_C_UAID_046874882494FE9802_e515a311258b40d3_1737805507,-11339.709,37747.58,-166.73077,Corpse,50.0,Blueprint,,,Corpse_Peasant,,,,
SceneComponent,Loot_Corpse_Male_01a_Spawner_C,Loot_Corpse_Male_01a_Spawner_C_UAID_046874882494FE9802_e515a311258b40d3_1740018882,-9664.051,42941.715,-184.53282,Corpse,50.0,Blueprint,,,Corpse_Peasant,,,,
SceneComponent,Loot_Corpse_Male_01a_Spawner_C,Loot_Corpse_Male_01a_Spawner_C_UAID_04D9F5F93AD5D63202_46788bd73785bd52_1320328327,37061.883,-14949.224,-7452.678,Corpse,50.0,Blueprint,,,Corpse_Peasant,,,,
SceneComponent,Loot_Corpse_Male_01a_Spawner_C,Loot_Corpse_Male_01a_Spawner_C_UAID_08BFB82FEC6A48E102_dca082373cf3e830_1441329857,19728.035,-1959.2351,-873.9654,Corpse,50.0,Blueprint,,,Corpse_Peasant,,,,
SceneComponent,Loot_Corpse_Male_01a_Spawner_C,Loot_Corpse_Male_01a_Spawner_C_UAID_08BFB82FEC6A9BE102_dca082373cf3e830_2141749783,20165.201,-6141.5117,-868.5083,Corpse,50.0,Blueprint,,,Corpse_Peasant,,,,
SceneComponent,Loot_Corpse_Male_01a_Spawner_C,Loot_Corpse_Male_01a_Spawner_C_UAID_581CF8B723150B9D02_d2b622e41626617e_2135905094,42401.824,-17670.03,-7891.9243,Corpse,50.0,Blueprint,,,Corpse_Peasant,,,,
SceneComponent,Loot_Corpse_Male_01a_Spawner_C,Loot_Corpse_Male_01a_Spawner_C_UAID_581CF8B72315278002_dca082373cf3e830_1907543127,18989.834,-755.7332,-807.8996,Corpse,50.0,Blueprint,,,Corpse_Peasant,,,,
SceneComponent,Loot_Corpse_Male_01a_Spawner_C,Loot_Corpse_Male_01a_Spawner_C_UAID_581CF8B72315488902_668bffaf429d00f2_2078201467,36874.152,-21699.256,-4759.8506,Corpse,50.0,Blueprint,,,Corpse_Peasant,,,,
SceneComponent,Loot_Corpse_Male_01a_Spawner_C,Loot_Corpse_Male_01a_Spawner_C_UAID_581CF8B72315779102_d2b622e41626617e_1129797489,44550.91,-16141.378,-5860.907,Corpse,50.0,Blueprint,,,Corpse_Peasant,,,,
SceneComponent,Loot_Corpse_Male_01a_Spawner_C,Loot_Corpse_Male_01a_Spawner_C_UAID_581CF8B723158A9002_de45e091666b34fa_1285814211,45772.996,-16069.334,-6331.77,Corpse,50.0,Blueprint,,,Corpse_Peasant,,,,
SceneComponent,Loot_Corpse_Male_01a_Spawner_C,Loot_Corpse_Male_01a_Spawner_C_UAID_581CF8B72315A29802_289b204959a58d51_1953322572,38135.926,-17126.344,-8154.4146,Corpse,50.0,Blueprint,,,Corpse_Peasant,,,,
SceneComponent,Loot_Corpse_Male_01a_Spawner_C,Loot_Corpse_Male_01a_Spawner_C_UAID_581CF8B72315E99302_70a1cae7777e20a4_1681241716,38381.824,-1982.906,-2002.8529,Corpse,50.0,Blueprint,,,Corpse_Peasant,,,,
SceneComponent,Loot_Corpse_Male_01a_Spawner_C,Loot_Corpse_Male_01a_Spawner_C_c1357729720cf173_1,14570.985,21412.387,-1961.9984,Corpse,50.0,Blueprint,,,Corpse_Peasant,,,,
SceneComponent,Loot_Corpse_Male_01a_Spawner_C,UNP_BP_CorpseMale_Floor_01a_4b003ba387a57fa1_0,18488.795,-4511.4805,-744.94885,Corpse,50.0,Blueprint,,,Corpse_Peasant,,,,
SceneComponent,Loot_Corpse_Male_01a_Spawner_C,UNP_Loot_Corpse_Male_01a1_75f24b53c5c4d0ce_1,-18635.51,39314.785,2479.795,Corpse,50.0,Blueprint,,,Corpse_Peasant,,,,
SceneComponent,Loot_Corpse_Male_01a_Spawner_C,UNP_Loot_Corpse_Male_01a_09a2289098190422_0,-21058.713,-2879.5725,-2013.3387,Corpse,3.0,Custom,,,Corpse_Peasant,,,,
SceneComponent,Loot_Corpse_Male_01a_Spawner_C,UNP_Loot_Corpse_Male_01a_0dbf95f2dd1e552f_0,32200.555,40925.12,-2321.9934,Corpse,50.0,Blueprint,,,Corpse_Peasant,,,,
SceneComponent,Loot_Corpse_Male_01a_Spawner_C,UNP_Loot_Corpse_Male_01a_106c1c339437ae05_0,32253.027,29938.844,-1622.6803,Corpse,3.0,Custom,,,Corpse_Peasant,,,,
SceneComponent,Loot_Corpse_Male_01a_Spawner_C,UNP_Loot_Corpse_Male_01a_19e66bb69324c711_0,44920.78,49096.227,-2321.9934,Corpse,50.0,Blueprint,,,Corpse_Peasant,,,,
SceneComponent,Loot_Corpse_Male_01a_Spawner_C,UNP_Loot_Corpse_Male_01a_1bd0744b6e54cf56_0,4371.021,-6196.566,-1205.6737,Corpse,3.0,Custom,,,Corpse_Peasant,,,,
SceneComponent,Loot_Corpse_Male_01a_Spawner_C,UNP_Loot_Corpse_Male_01a_25c6e5d29d7766ef_0,1236.0303,-9275.79,-1351.8392,Corpse,3.0,Custom,,,Corpse_Peasant,,,,
SceneComponent,Loot_Corpse_Male_01a_Spawner_C,UNP_Loot_Corpse_Male_01a_28f6925f2bba127d_0,29690.04,14550.429,-1908.6935,Corpse,50.0,Blueprint,,,Corpse_Peasant,,,,
SceneComponent,Loot_Corpse_Male_01a_Spawner_C,UNP_Loot_Corpse_Male_01a_2a8e0b3d0171355a_0,-29195.053,5170.034,-1565.7632,Corpse,3.0,Custom,,,Corpse_Peasant,,,,
SceneComponent,Loot_Corpse_Male_01a_Spawner_C,UNP_Loot_Corpse_Male_01a_2ecc120be914e34c_0,-10428.553,-1648.4265,-1565.1168,Corpse,3.0,Custom,,,Corpse_Peasant,,,,
SceneComponent,Loot_Corpse_Male_01a_Spawner_C,UNP_Loot_Corpse_Male_01a_38dd6e6fa5f4d608_0,42449.11,34323.277,-1685.0177,Corpse,50.0,Blueprint,,,Corpse_Peasant,,,,
SceneComponent,Loot_Corpse_Male_01a_Spawner_C,UNP_Loot_Corpse_Male_01a_3bc7bbaea88b367a_0,30444.762,44927.9,-1999.5774,Corpse,3.0,Custom,,,Corpse_Peasant,,,,
SceneComponent,Loot_Corpse_Male_01a_Spawner_C,UNP_Loot_Corpse_Male_01a_44b4e5704286a7e1_0,38290.71,37491.613,-1388.6014,Corpse,3.0,Custom,,,Corpse_Peasant,,,,
SceneComponent,Loot_Corpse_Male_01a_Spawner_C,UNP_Loot_Corpse_Male_01a_4bc5bd98400a5aad_0,32676.723,12310.033,-1657.8492,Corpse,20.0,Custom,,,Corpse_Peasant,,,,
SceneComponent,Loot_Corpse_Male_01a_Spawner_C,UNP_Loot_Corpse_Male_01a_610450561f4f4577_0,-17800.275,-7004.803,-1705.8682,Corpse,3.0,Custom,,,Corpse_Peasant,,,,
SceneComponent,Loot_Corpse_Male_01a_Spawner_C,UNP_Loot_Corpse_Male_01a_652d816cc2a7057c_0,37230.113,1343.0146,-1724.5695,Corpse,20.0,Custom,,,Corpse_Peasant,,,,
SceneComponent,Loot_Corpse_Male_01a_Spawner_C,UNP_Loot_Corpse_Male_01a_66302d50d2323776_0,-12092.199,20326.832,-1492.5065,Corpse,3.0,Custom,,,Corpse_Peasant,,,,
SceneComponent,Loot_Corpse_Male_01a_Spawner_C,UNP_Loot_Corpse_Male_01a_67a3be1c6a487d78_0,37575.49,48292.383,-1918.194,Corpse,20.0,Custom,,,Corpse_Peasant,,,,
SceneComponent,Loot_Corpse_Male_01a_Spawner_C,UNP_Loot_Corpse_Male_01a_67a6518e2cfaccd3_0,20294.863,41292.36,-1654.2234,Corpse,3.0,Custom,,,Corpse_Peasant,,,,
SceneComponent,Loot_Corpse_Male_01a_Spawner_C,UNP_Loot_Corpse_Male_01a_70289b78fbb72873_0,19301.023,41659.21,-1380.7401,Corpse,50.0,Blueprint,,,Corpse_Peasant,,,,
SceneComponent,Loot_Corpse_Male_01a_Spawner_C,UNP_Loot_Corpse_Male_01a_75f24b53c5c4d0ce_0,-18222.94,40646.74,726.6316,Corpse,50.0,Blueprint,,,Corpse_Peasant,,,,
SceneComponent,Loot_Corpse_Male_01a_Spawner_C,UNP_Loot_Corpse_Male_01a_79ad27324bb8a568_0,-238.3319,-5354.9883,-1572.0105,Corpse,20.0,Custom,,,Corpse_Peasant,,,,
SceneComponent,Loot_Corpse_Male_01a_Spawner_C,UNP_Loot_Corpse_Male_01a_835fc5480d0cc780_0,1000.6396,-5023.856,-1511.2247,Corpse,3.0,Custom,,,Corpse_Peasant,,,,
SceneComponent,Loot_Corpse_Male_01a_Spawner_C,UNP_Loot_Corpse_Male_01a_8418679c8d07a0f0_0,10247.152,-8694.14,-884.5391,Corpse,50.0,Blueprint,,,Corpse_Peasant,,,,
SceneComponent,Loot_Corpse_Male_01a_Spawner_C,UNP_Loot_Corpse_Male_01a_85a536a5a632a626_0,11952.078,27546.814,-2334.6238,Corpse,50.0,Blueprint,,,Corpse_Peasant,,,,
SceneComponent,Loot_Corpse_Male_01a_Spawner_C,UNP_Loot_Corpse_Male_01a_8697f811e81ed34c_0,-20752.568,-3532.9607,-1941.2904,Corpse,3.0,Custom,,,Corpse_Peasant,,,,
SceneComponent,Loot_Corpse_Male_01a_Spawner_C,UNP_Loot_Corpse_Male_01a_8dbb415bd73acb01_0,4274.6343,18852.72,-2291.4668,Corpse,25.0,Custom,,,Corpse_Peasant,,,,
SceneComponent,Loot_Corpse_Male_01a_Spawner_C,UNP_Loot_Corpse_Male_01a_Spawner_C_11c294cc824aeaf3_0,26141.27,17336.281,-2597.3286,Corpse,50.0,Blueprint,,,Corpse_Peasant,,,,
SceneComponent,Loot_Corpse_Male_01a_Spawner_C,UNP_Loot_Corpse_Male_01a_Spawner_UAID_046874882494449B02_be84b45a7f1a85a5_1513222043,43767.902,28380.691,-2167.0098,Corpse,50.0,Blueprint,,,Corpse_Peasant,,,,
SceneComponent,Loot_Corpse_Male_01a_Spawner_C,UNP_Loot_Corpse_Male_01a_Spawner_UAID_04687488249466B302_11c294cc824aeaf3_1364758501,24227.236,15996.372,-2597.3286,Corpse,50.0,Blueprint,,,Corpse_Peasant,,,,
SceneComponent,Loot_Corpse_Male_01a_Spawner_C,UNP_Loot_Corpse_Male_01a_UAID_00FF8EFC2BEF4ABA02_5a6840b2e853ea4f_1323667769,-29944.305,47827.875,451.3886,Corpse,50.0,Blueprint,,,Corpse_Peasant,,,,
SceneComponent,Loot_Corpse_Male_01a_Spawner_C,UNP_Loot_Corpse_Male_01a_a1088320ad7534bd_0,16582.053,43530.53,-976.3055,Corpse,50.0,Blueprint,,,Corpse_Peasant,,,,
SceneComponent,Loot_Corpse_Male_01a_Spawner_C,UNP_Loot_Corpse_Male_01a_a522dfe50723e27b_0,7394.365,22123.146,-1987.936,Corpse,20.0,Custom,,,Corpse_Peasant,,,,
SceneComponent,Loot_Corpse_Male_01a_Spawner_C,UNP_Loot_Corpse_Male_01a_a63cf938e8388778_0,31797.832,55675.625,-2120.5208,Corpse,3.0,Custom,,,Corpse_Peasant,,,,
SceneComponent,Loot_Corpse_Male_01a_Spawner_C,UNP_Loot_Corpse_Male_01a_a98b53ac110687e4_0,914.53357,19136.934,-2381.0898,Corpse,25.0,Custom,,,Corpse_Peasant,,,,
SceneComponent,Loot_Corpse_Male_01a_Spawner_C,UNP_Loot_Corpse_Male_01a_acdc6cbbfb3c7051_0,19549.955,38963.42,-1737.9952,Corpse,20.0,Custom,,,Corpse_Peasant,,,,
SceneComponent,Loot_Corpse_Male_01a_Spawner_C,UNP_Loot_Corpse_Male_01a_ae54c015e4f59828_0,-27636.514,13200.034,-1308.3,Corpse,50.0,Blueprint,,,Corpse_Peasant,,,,
SceneComponent,Loot_Corpse_Male_01a_Spawner_C,UNP_Loot_Corpse_Male_01a_b7c910930395766a_0,9266.451,44924.44,-1969.0587,Corpse,3.0,Custom,,,Corpse_Peasant,,,,
SceneComponent,Loot_Corpse_Male_01a_Spawner_C,UNP_Loot_Corpse_Male_01a_bc603417abab8b29_0,31270.934,36897.188,-1991.4552,Corpse,50.0,Blueprint,,,Corpse_Peasant,,,,
SceneComponent,Loot_Corpse_Male_01a_Spawner_C,UNP_Loot_Corpse_Male_01a_d2aff93975d15515_0,17295.15,37097.37,-1778.4417,Corpse,3.0,Custom,,,Corpse_Peasant,,,,
SceneComponent,Loot_Corpse_Male_01a_Spawner_C,UNP_Loot_Corpse_Male_01a_d4478a9b7cd386d2_0,-27718.992,-6252.836,-2340.3542,Corpse,50.0,Blueprint,,,Corpse_Peasant,,,,
SceneComponent,Loot_Corpse_Male_01a_Spawner_C,UNP_Loot_Corpse_Male_01a_de2a49b8017d0bce_0,-5888.661,35197.074,-791.36145,Corpse,3.0,Custom,,,Corpse_Peasant,,,,
SceneComponent,Loot_Corpse_Male_01a_Spawner_C,UNP_Loot_Corpse_Male_01a_e1b8acfad82a37aa_0,-22325.18,10756.319,-1760.7125,Corpse,20.0,Custom,,,Corpse_Peasant,,,,
SceneComponent,Loot_Corpse_Male_01a_Spawner_C,UNP_Loot_Corpse_Male_01a_e607fb89039b1e13_0,-24013.363,9234.474,-1628.6058,Corpse,3.0,Custom,,,Corpse_Peasant,,,,
SceneComponent,Loot_Corpse_Male_01a_Spawner_C,UNP_Loot_Corpse_Male_01a_e6303f35b03feb75_0,-746.7305,35367.93,-1107.6128,Corpse,20.0,Custom,,,Corpse_Peasant,,,,
SceneComponent,Loot_Corpse_Male_01a_Spawner_C,UNP_Loot_Corpse_Male_01a_fff152065d50a3af_0,30268.432,32435.861,-1615.9186,Corpse,50.0,Blueprint,,,Corpse_Peasant,,,,
SceneComponent,Loot_Corpse_Male_02a_C,Loot_Corpse_Male_02a_C_2fa6262d75ac1966_202,40247.555,17085.283,-1615.1674,,,,,,,,,,
SceneComponent,Loot_Corpse_Male_02a_C,Loot_Corpse_Male_02a_C_513,-7734.7627,-6460.1123,-1546.6898,,,,,,,,,,
SceneComponent,Loot_Corpse_Male_02a_C,Loot_Corpse_Male_02a_C_68479541b25a7529_1,25483.229,44629.484,-2607.457,,,,,,,,,,
SceneComponent,Loot_Corpse_Male_02a_C,Loot_Corpse_Male_02a_C_68479541b25a7529_2,25365.252,44441.887,-2114.291,,,,,,,,,,
SceneComponent,Loot_Corpse_Male_02a_C,UNP_Loot_Corpse_Male_02a_4481ef720ae1ae21_0,-10912.093,-6033.187,-1476.65,,,,,,,,,,
SceneComponent,Loot_Corpse_Male_02a_C,UNP_Loot_Corpse_Male_02a_4980766c61eef4cd_0,-4522.0054,11122.013,-1966.4907,,,,,,,,,,
SceneComponent,Loot_Corpse_Male_02a_C,UNP_Loot_Corpse_Male_02a_UAID_046874882494449B02_be84b45a7f1a85a5_1513233051,43581.14,29368.006,-2165.5125,,,,,,,,,,
SceneComponent,Loot_Corpse_Male_02a_C,UNP_Loot_Corpse_Male_02a_ae54c015e4f59828_0,-26915.846,12752.722,-867.9729,,,,,,,,,,
SceneComponent,Loot_Corpse_Male_02a_C,UNP_Loot_Corpse_Male_02a_bc603417abab8b29_0,28086.154,41493.49,-2011.2223,,,,,,,,,,
SceneComponent,Loot_Dirt_Mound_01a_Spawner_C,Loot_Dirt_Mound_01a_Spawner_C_UAID_00FF8EFC2BEF945D02_231f257a3b5c6e5e_1880272809,26759.295,49538.15,-1996.6465,Pile of Dirt,50.0,Blueprint,,,Corpse_Peasant,,,,
SceneComponent,Loot_Dirt_Mound_01a_Spawner_C,Loot_Dirt_Mound_01a_Spawner_C_UAID_00FF8EFC2BEF945D02_46be1b8904a5208b_1880272809,-17291.428,23546.527,-819.4219,Pile of Dirt,50.0,Blueprint,,,Corpse_Peasant,,,,
SceneComponent,Loot_Dirt_Mound_01a_Spawner_C,Loot_Dirt_Mound_01a_Spawner_C_UAID_00FF8EFC2BEF945D02_6b8db8a0eef0b6d5_1880272809,22624.123,52131.918,-1639.5588,Pile of Dirt,50.0,Blueprint,,,Corpse_Peasant,,,,
SceneComponent,Loot_Dirt_Mound_01a_Spawner_C,Loot_Dirt_Mound_01a_Spawner_C_UAID_00FF8EFC2BEF945D02_ae361f3a82f81a1a_1880272809,24302.182,50760.535,-1934.0264,Pile of Dirt,50.0,Blueprint,,,Corpse_Peasant,,,,
SceneComponent,Loot_Dirt_Mound_01a_Spawner_C,UNP_Loot_Dirt_Mound_01a_0dbf95f2dd1e552f_0,32629.572,42252.574,-2096.3525,Pile of Dirt,50.0,Blueprint,,,Corpse_Peasant,,,,
SceneComponent,Loot_Dirt_Mound_01a_Spawner_C,UNP_Loot_Dirt_Mound_01a_19e66bb69324c711_0,45750.83,50217.48,-2096.3525,Pile of Dirt,50.0,Blueprint,,,Corpse_Peasant,,,,
SceneComponent,Loot_Dirt_Mound_01a_Spawner_C,UNP_Loot_Dirt_Mound_01a_28f6925f2bba127d_0,29268.46,14664.088,-1892.5804,Pile of Dirt,50.0,Blueprint,,,Corpse_Peasant,,,,
SceneComponent,Loot_Dirt_Mound_01a_Spawner_C,UNP_Loot_Dirt_Mound_01a_8418679c8d07a0f0_0,9864.792,-8905.561,-881.7218,Pile of Dirt,50.0,Blueprint,,,Corpse_Peasant,,,,
SceneComponent,Loot_Dirt_Mound_01a_Spawner_C,UNP_Loot_Dirt_Mound_01a_85a536a5a632a626_0,12733.629,28702.395,-2108.9827,Pile of Dirt,50.0,Blueprint,,,Corpse_Peasant,,,,
SceneComponent,Loot_Dirt_Mound_01a_Spawner_C,UNP_Loot_Dirt_Mound_01a_8dbb415bd73acb01_0,4640.664,16934.494,-2293.3083,Pile of Dirt,50.0,Blueprint,,,Corpse_Peasant,,,,
SceneComponent,Loot_Dirt_Mound_01a_Spawner_C,UNP_Loot_Dirt_Mound_01a_a98b53ac110687e4_0,1709.872,20920.475,-2381.3833,Pile of Dirt,50.0,Blueprint,,,Corpse_Peasant,,,,
SceneComponent,Loot_Dirt_Mound_01a_Spawner_C,UNP_Loot_Dirt_Mound_01a_d4478a9b7cd386d2_0,-27750.36,-7647.541,-2114.7134,Pile of Dirt,50.0,Blueprint,,,Corpse_Peasant,,,,
SceneComponent,Loot_DungeonM01_01a_Spawner_C,Loot_DungeonM01_01a_Spawner_C_UAID_04D9F5F93AD5698B02_684b6515b932cad9_1815313037,41792.41,-22543.133,-5710.6743,Bishop's Crypt,,,,InventoryDefinition_Key'ID_Key_U_BishopsCrypt',Dungeon_M01,,,,
SceneComponent,Loot_FancyWallCabinet_Small_01a_Spawner_C,Loot_FancyWallCabinet_Small_01a_Spawner_C_UAID_D843AE1A93E5058202_0c42b2381b479eb1_2120976986,9364.547,17677.514,-1789.6443,Wall Cabinet,90.0,Blueprint,,,ChinawareCupboard_Small,,,,
SceneComponent,Loot_FancyWallCabinet_Small_01a_Spawner_C,Loot_FancyWallCabinet_Small_01a_Spawner_C_UAID_D843AE1A93E5058202_2b1cf6401ef78c3e_1647868728,15629.364,19063.059,-1513.2948,Wall Cabinet,90.0,Blueprint,,,ChinawareCupboard_Small,,,,
SceneComponent,Loot_FancyWallCabinet_Small_01a_Spawner_C,Loot_FancyWallCabinet_Small_01a_Spawner_C_UAID_D843AE1A93E5058202_4980766c61eef4cd_1808671922,-5462.593,10664.955,-1820.9326,Wall Cabinet,90.0,Blueprint,,,ChinawareCupboard_Small,,,,
SceneComponent,Loot_FancyWallCabinet_Small_01a_Spawner_C,Loot_FancyWallCabinet_Small_01a_Spawner_C_UAID_D843AE1A93E5068202_0c42b2381b479eb1_1105879168,9043.78,17605.33,-1789.6443,Wall Cabinet,90.0,Blueprint,,,ChinawareCupboard_Small,,,,
SceneComponent,Loot_FlourSack_01_Spawner_C,Loot_FlourSack_01_Spawner_C_UAID_0468748824944E9B02_11b5b0c7a6f183d8_1426218142,-22636.527,24511.111,-840.8495,Flour Sack,75.0,Blueprint,,,Sack_Flour,,,,
SceneComponent,Loot_FlourSack_01_Spawner_C,Loot_FlourSack_01_Spawner_C_UAID_0468748824944E9B02_f233e748422b1e57_1426218142,8910.132,-1249.2062,-1106.4504,Flour Sack,75.0,Blueprint,,,Sack_Flour,,,,
SceneComponent,Loot_FlourSack_01_Spawner_C,Loot_FlourSack_01_Spawner_C_UAID_0468748824944E9B02_faed06f6124ced22_1426218142,-17490.064,-3496.6912,-1776.2374,Flour Sack,75.0,Blueprint,,,Sack_Flour,,,,
SceneComponent,Loot_FlourSack_01_Spawner_C,Loot_FlourSack_01_Spawner_C_UAID_0468748824945D9802_31b34140d09411f6_1722381700,-17432.463,44275.32,574.80096,Flour Sack,75.0,Blueprint,,,Sack_Flour,,,,
SceneComponent,Loot_FlourSack_01_Spawner_C,Loot_FlourSack_01_Spawner_C_UAID_0468748824945D9802_85570c7134ea172a_1722381700,-2501.6997,16862.613,-1772.4038,Flour Sack,75.0,Blueprint,,,Sack_Flour,,,,
SceneComponent,Loot_FlourSack_01_Spawner_C,Loot_FlourSack_01_Spawner_C_UAID_04687488249466B302_11c294cc824aeaf3_1343933256,23353.936,17166.857,-2535.587,Flour Sack,75.0,Blueprint,,,Sack_Flour,,,,
SceneComponent,Loot_FlourSack_01_Spawner_C,Loot_FlourSack_01_Spawner_C_UAID_046874882494A69802_68e0512c24d92e8f_1242728244,13656.521,22286.969,-1930.307,Flour Sack,75.0,Blueprint,,,Sack_Flour,,,,
SceneComponent,Loot_FlourSack_01_Spawner_C,Loot_FlourSack_01_Spawner_C_UAID_046874882494A69802_68e0512c24d92e8f_1338444957,14886.302,22444.932,-1990.1097,Flour Sack,75.0,Blueprint,,,Sack_Flour,,,,
SceneComponent,Loot_FlourSack_01_Spawner_C,Loot_FlourSack_01_Spawner_C_UAID_046874882494A69802_68e0512c24d92e8f_1338842990,16253.698,19766.89,-1996.5892,Flour Sack,75.0,Blueprint,,,Sack_Flour,,,,
SceneComponent,Loot_FlourSack_01_Spawner_C,Loot_FlourSack_01_Spawner_C_UAID_581CF8B72315B08202_48fc168e6384f634_1287430909,39327.67,-12330.467,-3606.51,Flour Sack,75.0,Blueprint,,,Sack_Flour,,,,
SceneComponent,Loot_FlourSack_01_Spawner_C,UNP_Container_FlourSack_01_UAID_046874882494069902_ae54c015e4f59828_2095790528,-28629.29,13081.32,-1284.7727,Flour Sack,75.0,Blueprint,,,Sack_Flour,,,,
SceneComponent,Loot_FlourSack_01_Spawner_C,UNP_Container_FlourSack_01_UAID_046874882494069902_ae54c015e4f59828_2095913534,-28182.002,13262.099,-1284.7727,Flour Sack,75.0,Blueprint,,,Sack_Flour,,,,
SceneComponent,Loot_FlourSack_01_Spawner_C,UNP_Container_FlourSack_01_UAID_0468748824941A9902_5bce2d7608ceaeda_1786752638,10727.211,18971.156,-1343.6201,Flour Sack,75.0,Blueprint,,,Sack_Flour,,,,
SceneComponent,Loot_FlourSack_01_Spawner_C,UNP_Container_FlourSack_01_UAID_0468748824941A9902_5bce2d7608ceaeda_1787342659,10845.679,18644.549,-1348.5712,Flour Sack,75.0,Blueprint,,,Sack_Flour,,,,
SceneComponent,Loot_FlourSack_01_Spawner_C,UNP_Container_FlourSack_01_UAID_0468748824944D9B02_039ab8d01f784483_1449804252,-22121.682,23597.52,-397.47577,Flour Sack,75.0,Blueprint,,,Sack_Flour,,,,
SceneComponent,Loot_FlourSack_01_Spawner_C,UNP_Container_FlourSack_01_UAID_0468748824944D9B02_039ab8d01f784483_1449873258,-22028.41,23505.842,-397.47577,Flour Sack,75.0,Blueprint,,,Sack_Flour,,,,
SceneComponent,Loot_FlourSack_01_Spawner_C,UNP_Container_FlourSack_01_UAID_0468748824944D9B02_039ab8d01f784483_1449943264,-22144.635,23643.498,-394.1719,Flour Sack,75.0,Blueprint,,,Sack_Flour,,,,
SceneComponent,Loot_FlourSack_01_Spawner_C,UNP_Container_FlourSack_01_UAID_0468748824944D9B02_039ab8d01f784483_1450013270,-22175.371,24020.89,-394.1719,Flour Sack,75.0,Blueprint,,,Sack_Flour,,,,
SceneComponent,Loot_FlourSack_01_Spawner_C,UNP_Container_FlourSack_01_UAID_0468748824944D9B02_039ab8d01f784483_1450081276,-22546.098,24295.871,-373.06668,Flour Sack,75.0,Blueprint,,,Sack_Flour,,,,
SceneComponent,Loot_FlourSack_01_Spawner_C,UNP_Container_FlourSack_01_UAID_0468748824944D9B02_039ab8d01f784483_1450151282,-22616.018,23776.03,-381.62714,Flour Sack,75.0,Blueprint,,,Sack_Flour,,,,
SceneComponent,Loot_FlourSack_01_Spawner_C,UNP_Container_FlourSack_01_UAID_0468748824944D9B02_039ab8d01f784483_1450220288,-22541.963,23743.629,-390.98312,Flour Sack,75.0,Blueprint,,,Sack_Flour,,,,
SceneComponent,Loot_FlourSack_01_Spawner_C,UNP_Container_FlourSack_01_UAID_0468748824944D9B02_039ab8d01f784483_1450289294,-22137.125,23910.541,-830.5442,Flour Sack,75.0,Blueprint,,,Sack_Flour,,,,
SceneComponent,Loot_FlourSack_01_Spawner_C,UNP_Container_FlourSack_01_UAID_0468748824944D9B02_039ab8d01f784483_1450358300,-22025.467,23649.23,-864.49945,Flour Sack,75.0,Blueprint,,,Sack_Flour,,,,
SceneComponent,Loot_FlourSack_01_Spawner_C,UNP_Container_FlourSack_01_UAID_0468748824944D9B02_3059d67b4bbc9d72_1449804252,9945.162,-1417.8125,-663.0767,Flour Sack,75.0,Blueprint,,,Sack_Flour,,,,
SceneComponent,Loot_FlourSack_01_Spawner_C,UNP_Container_FlourSack_01_UAID_0468748824944D9B02_3059d67b4bbc9d72_1449873258,10075.016,-1402.2399,-663.0767,Flour Sack,75.0,Blueprint,,,Sack_Flour,,,,
SceneComponent,Loot_FlourSack_01_Spawner_C,UNP_Container_FlourSack_01_UAID_0468748824944D9B02_3059d67b4bbc9d72_1449943264,9894.919,-1407.0171,-659.7728,Flour Sack,75.0,Blueprint,,,Sack_Flour,,,,
SceneComponent,Loot_FlourSack_01_Spawner_C,UNP_Container_FlourSack_01_UAID_0468748824944D9B02_3059d67b4bbc9d72_1450013270,9581.007,-1195.2883,-659.7728,Flour Sack,75.0,Blueprint,,,Sack_Flour,,,,
SceneComponent,Loot_FlourSack_01_Spawner_C,UNP_Container_FlourSack_01_UAID_0468748824944D9B02_3059d67b4bbc9d72_1450081276,9134.702,-1313.0342,-638.6676,Flour Sack,75.0,Blueprint,,,Sack_Flour,,,,
SceneComponent,Loot_FlourSack_01_Spawner_C,UNP_Container_FlourSack_01_UAID_0468748824944D9B02_3059d67b4bbc9d72_1450151282,9496.982,-1692.3451,-647.2281,Flour Sack,75.0,Blueprint,,,Sack_Flour,,,,
SceneComponent,Loot_FlourSack_01_Spawner_C,UNP_Container_FlourSack_01_UAID_0468748824944D9B02_3059d67b4bbc9d72_1450220288,9568.541,-1654.753,-656.58405,Flour Sack,75.0,Blueprint,,,Sack_Flour,,,,
SceneComponent,Loot_FlourSack_01_Spawner_C,UNP_Container_FlourSack_01_UAID_0468748824944D9B02_3059d67b4bbc9d72_1450289294,9691.07,-1234.349,-1096.1451,Flour Sack,75.0,Blueprint,,,Sack_Flour,,,,
SceneComponent,Loot_FlourSack_01_Spawner_C,UNP_Container_FlourSack_01_UAID_0468748824944D9B02_3059d67b4bbc9d72_1450358300,9964.878,-1310.3761,-1130.1003,Flour Sack,75.0,Blueprint,,,Sack_Flour,,,,
SceneComponent,Loot_FlourSack_01_Spawner_C,UNP_Container_FlourSack_01_UAID_0468748824944D9B02_3d7e79e141461900_1449804252,-17852.273,-2512.556,-1332.8638,Flour Sack,75.0,Blueprint,,,Sack_Flour,,,,
SceneComponent,Loot_FlourSack_01_Spawner_C,UNP_Container_FlourSack_01_UAID_0468748824944D9B02_3d7e79e141461900_1449873258,-17929.693,-2407.1492,-1332.8638,Flour Sack,75.0,Blueprint,,,Sack_Flour,,,,
SceneComponent,Loot_FlourSack_01_Spawner_C,UNP_Container_FlourSack_01_UAID_0468748824944D9B02_3d7e79e141461900_1449943264,-17836.963,-2561.6128,-1329.5599,Flour Sack,75.0,Blueprint,,,Sack_Flour,,,,
SceneComponent,Loot_FlourSack_01_Spawner_C,UNP_Container_FlourSack_01_UAID_0468748824944D9B02_3d7e79e141461900_1450013270,-17866.94,-2939.067,-1329.5599,Flour Sack,75.0,Blueprint,,,Sack_Flour,,,,
SceneComponent,Loot_FlourSack_01_Spawner_C,UNP_Container_FlourSack_01_UAID_0468748824944D9B02_3d7e79e141461900_1450081276,-17544.93,-3269.7646,-1308.4547,Flour Sack,75.0,Blueprint,,,Sack_Flour,,,,
SceneComponent,Loot_FlourSack_01_Spawner_C,UNP_Container_FlourSack_01_UAID_0468748824944D9B02_3d7e79e141461900_1450151282,-17392.824,-2767.781,-1317.0151,Flour Sack,75.0,Blueprint,,,Sack_Flour,,,,
SceneComponent,Loot_FlourSack_01_Spawner_C,UNP_Container_FlourSack_01_UAID_0468748824944D9B02_3d7e79e141461900_1450220288,-17460.748,-2723.9612,-1326.3711,Flour Sack,75.0,Blueprint,,,Sack_Flour,,,,
SceneComponent,Loot_FlourSack_01_Spawner_C,UNP_Container_FlourSack_01_UAID_0468748824944D9B02_3d7e79e141461900_1450289294,-17887.057,-2824.0234,-1765.9321,Flour Sack,75.0,Blueprint,,,Sack_Flour,,,,
SceneComponent,Loot_FlourSack_01_Spawner_C,UNP_Container_FlourSack_01_UAID_0468748824944D9B02_3d7e79e141461900_1450358300,-17955.516,-2548.225,-1799.8875,Flour Sack,75.0,Blueprint,,,Sack_Flour,,,,
SceneComponent,Loot_FlourSack_01_Spawner_C,UNP_Container_FlourSack_01_UAID_0468748824945C9802_2f00d91e4ecd5bd9_1872879817,10784.744,23389.37,-1948.9375,Flour Sack,75.0,Blueprint,,,Sack_Flour,,,,
SceneComponent,Loot_FlourSack_01_Spawner_C,UNP_Container_FlourSack_01_UAID_0468748824945C9802_612b8435ec5bfafe_1872879817,-4742.6934,13906.675,-1971.3066,Flour Sack,75.0,Blueprint,,,Sack_Flour,,,,
SceneComponent,Loot_FlourSack_01_Spawner_C,UNP_Container_FlourSack_01_UAID_0468748824945C9802_a60450cc09cd4878_1872879817,-805.77673,17097.816,-2036.8365,Flour Sack,75.0,Blueprint,,,Sack_Flour,,,,
SceneComponent,Loot_FlourSack_01_Spawner_C,UNP_Container_FlourSack_01_UAID_0468748824945E9802_02262a5d03e70a69_2080310823,15460.604,22438.816,-1347.4286,Flour Sack,75.0,Blueprint,,,Sack_Flour,,,,
SceneComponent,Loot_FlourSack_01_Spawner_C,UNP_Container_FlourSack_01_UAID_0468748824945E9802_02262a5d03e70a69_2080395829,15540.317,22100.658,-1342.4777,Flour Sack,75.0,Blueprint,,,Sack_Flour,,,,
SceneComponent,Loot_FlourSack_01_Spawner_C,UNP_Container_FlourSack_01_UAID_0468748824945E9802_25ca934595595c8c_2080310823,37595.87,24100.918,-1660.3282,Flour Sack,75.0,Blueprint,,,Sack_Flour,,,,
SceneComponent,Loot_FlourSack_01_Spawner_C,UNP_Container_FlourSack_01_UAID_0468748824945E9802_25ca934595595c8c_2080395829,37343.19,23862.441,-1656.526,Flour Sack,75.0,Blueprint,,,Sack_Flour,,,,
SceneComponent,Loot_FlourSack_01_Spawner_C,UNP_Container_FlourSack_01_UAID_0468748824945E9802_51a1ca1d1dfeb498_2080310823,-28315.662,15357.388,-667.39636,Flour Sack,75.0,Blueprint,,,Sack_Flour,,,,
SceneComponent,Loot_FlourSack_01_Spawner_C,UNP_Container_FlourSack_01_UAID_0468748824945E9802_51a1ca1d1dfeb498_2080395829,-28644.762,15468.74,-662.4453,Flour Sack,75.0,Blueprint,,,Sack_Flour,,,,
SceneComponent,Loot_FlourSack_01_Spawner_C,UNP_Container_FlourSack_01_UAID_0468748824945E9802_68311c2d437c6b8f_2080310823,24049.37,46192.277,-1474.5217,Flour Sack,75.0,Blueprint,,,Sack_Flour,,,,
SceneComponent,Loot_FlourSack_01_Spawner_C,UNP_Container_FlourSack_01_UAID_0468748824945E9802_68311c2d437c6b8f_2080395829,24272.984,46458.176,-1469.5707,Flour Sack,75.0,Blueprint,,,Sack_Flour,,,,
SceneComponent,Loot_FlourSack_01_Spawner_C,UNP_Container_FlourSack_01_UAID_04687488249466B302_11c294cc824aeaf3_1342201161,25644.398,15649.385,-2571.3286,Flour Sack,75.0,Blueprint,,,Sack_Flour,,,,
SceneComponent,Loot_FlourSack_01_Spawner_C,UNP_Container_FlourSack_01_UAID_04687488249466B302_11c294cc824aeaf3_1342743178,26135.584,16598.928,-2575.0737,Flour Sack,75.0,Blueprint,,,Sack_Flour,,,,
SceneComponent,Loot_FlourSack_01_Spawner_C,UNP_Container_FlourSack_01_UAID_04687488249466B302_11c294cc824aeaf3_1368214634,26140.984,17404.602,-2570.901,Flour Sack,75.0,Blueprint,,,Sack_Flour,,,,
SceneComponent,Loot_FlourSack_01_Spawner_C,UNP_Container_FlourSack_01_UAID_046874882494A69802_68e0512c24d92e8f_1338298952,15837.627,18836.035,-1974.6759,Flour Sack,75.0,Blueprint,,,Sack_Flour,,,,
SceneComponent,Loot_FlourSack_01_Spawner_C,UNP_Container_FlourSack_01_UAID_046874882494B3B302_b672bb6c668a37ab_2000855435,-17073.643,40549.098,627.32166,Flour Sack,75.0,Blueprint,,,Sack_Flour,,,,
SceneComponent,Loot_FlourSack_01_Spawner_C,UNP_Container_FlourSack_01_UAID_046874882494B4B302_75f24b53c5c4d0ce_1535930550,-18437.996,39992.16,2995.8547,Flour Sack,75.0,Blueprint,,,Sack_Flour,,,,
SceneComponent,Loot_FlourSack_01_Spawner_C,UNP_Container_FlourSack_01_UAID_046874882494B4B302_75f24b53c5c4d0ce_1536068555,-18509.943,39513.562,2063.0461,Flour Sack,75.0,Blueprint,,,Sack_Flour,,,,
SceneComponent,Loot_FlourSack_01_Spawner_C,UNP_Container_FlourSack_01_UAID_046874882494B4B302_75f24b53c5c4d0ce_1536208560,-18590.771,39929.074,2063.0461,Flour Sack,75.0,Blueprint,,,Sack_Flour,,,,
SceneComponent,Loot_FlourSack_01_Spawner_C,UNP_Container_FlourSack_01_UAID_046874882494B4B302_75f24b53c5c4d0ce_1536348565,-17485.29,39349.453,2505.7878,Flour Sack,75.0,Blueprint,,,Sack_Flour,,,,
SceneComponent,Loot_FlourSack_01_Spawner_C,UNP_Container_FlourSack_01_UAID_046874882494B4B302_75f24b53c5c4d0ce_1536485570,-17417.473,39358.945,1223.1853,Flour Sack,75.0,Blueprint,,,Sack_Flour,,,,
SceneComponent,Loot_FlourSack_01_Spawner_C,UNP_Container_FlourSack_01_UAID_046874882494B4B302_75f24b53c5c4d0ce_1536619575,-18609.299,40403.508,775.68896,Flour Sack,75.0,Blueprint,,,Sack_Flour,,,,
SceneComponent,Loot_FlourSack_01_Spawner_C,UNP_Container_FlourSack_01_UAID_046874882494B4B302_75f24b53c5c4d0ce_1536755580,-18498.627,40370.395,753.9902,Flour Sack,75.0,Blueprint,,,Sack_Flour,,,,
SceneComponent,Loot_FlourSack_01_Spawner_C,UNP_Container_FlourSack_01_UAID_046874882494B4B302_75f24b53c5c4d0ce_1536892585,-17786.914,38452.87,938.0969,Flour Sack,75.0,Blueprint,,,Sack_Flour,,,,
SceneComponent,Loot_FlourSack_01_Spawner_C,UNP_Container_FlourSack_01_UAID_046874882494B4B302_75f24b53c5c4d0ce_1537028590,-17244.238,39184.727,1665.1023,Flour Sack,75.0,Blueprint,,,Sack_Flour,,,,
SceneComponent,Loot_FlourSack_01_Spawner_C,UNP_Container_FlourSack_01_UAID_046874882494B4B302_75f24b53c5c4d0ce_1537166595,-17150.705,39223.715,1642.0555,Flour Sack,75.0,Blueprint,,,Sack_Flour,,,,
SceneComponent,Loot_FlourSack_01_Spawner_C,UNP_Container_FlourSack_01_UAID_046874882494B4B302_75f24b53c5c4d0ce_1537302600,-16973.354,39728.48,1665.1023,Flour Sack,75.0,Blueprint,,,Sack_Flour,,,,
SceneComponent,Loot_FlourSack_01_Spawner_C,UNP_Container_FlourSack_01_UAID_046874882494B4B302_75f24b53c5c4d0ce_1537442605,-18312.49,40097.312,2995.8547,Flour Sack,75.0,Blueprint,,,Sack_Flour,,,,
SceneComponent,Loot_FlourSack_01_Spawner_C,UNP_Container_FlourSack_01_UAID_046874882494B4B302_75f24b53c5c4d0ce_1537581610,-17271.94,38837.543,3001.7097,Flour Sack,75.0,Blueprint,,,Sack_Flour,,,,
SceneComponent,Loot_FlourSack_01_Spawner_C,UNP_Container_FlourSack_01_UAID_046874882494B4B302_75f24b53c5c4d0ce_1537719615,-17360.082,38830.96,2998.2444,Flour Sack,75.0,Blueprint,,,Sack_Flour,,,,
SceneComponent,Loot_FlourSack_01_Spawner_C,UNP_Container_FlourSack_01_UAID_046874882494B4B302_75f24b53c5c4d0ce_1537857620,-17570.742,40147.5,2901.286,Flour Sack,75.0,Blueprint,,,Sack_Flour,,,,
SceneComponent,Loot_FlourSack_01_Spawner_C,UNP_Container_FlourSack_01_UAID_046874882494B4B302_75f24b53c5c4d0ce_1537994625,-18547.027,38945.457,2505.648,Flour Sack,75.0,Blueprint,,,Sack_Flour,,,,
SceneComponent,Loot_FlourSack_01_Spawner_C,UNP_Container_FlourSack_01_UAID_046874882494B4B302_75f24b53c5c4d0ce_1538131630,-18637.25,39839.723,1638.7699,Flour Sack,75.0,Blueprint,,,Sack_Flour,,,,
SceneComponent,Loot_FlourSack_01_Spawner_C,UNP_Container_FlourSack_01_UAID_046874882494B4B302_75f24b53c5c4d0ce_1538266635,-18480.797,40456.27,749.9409,Flour Sack,75.0,Blueprint,,,Sack_Flour,,,,
SceneComponent,Loot_FlourSack_01_Spawner_C,UNP_Container_FlourSack_01_UAID_046874882494B4B302_75f24b53c5c4d0ce_1538403640,-16990.611,39725.453,1086.3508,Flour Sack,75.0,Blueprint,,,Sack_Flour,,,,
SceneComponent,Loot_FlourSack_01_Spawner_C,UNP_Container_FlourSack_01_UAID_046874882494B4B302_75f24b53c5c4d0ce_1538541645,-17169.97,39766.605,1515.4426,Flour Sack,75.0,Blueprint,,,Sack_Flour,,,,
SceneComponent,Loot_FlourSack_01_Spawner_C,UNP_Container_FlourSack_01_UAID_046874882494D99A02_b9ed3e3c39f77a44_1799622566,40417.074,14650.55,-1798.2861,Flour Sack,75.0,Blueprint,,,Sack_Flour,,,,
SceneComponent,Loot_FlourSack_01_Spawner_C,UNP_Container_FlourSack_01_UAID_046874882494D99A02_ef5e067ba124a252_1799622566,-2480.199,14693.427,-1620.6437,Flour Sack,75.0,Blueprint,,,Sack_Flour,,,,
SceneComponent,Loot_FlourSack_01_Spawner_C,UNP_Container_FlourSack_01_UAID_08BFB82FEC6A9BE102_dca082373cf3e830_2145028895,19807.328,-2457.6543,-716.32715,Flour Sack,75.0,Blueprint,,,Sack_Flour,,,,
SceneComponent,Loot_FlourSack_01_Spawner_C,UNP_Loot_FlourSack_01_02262a5d03e70a69_0,15791.7295,22452.373,-2005.0626,Flour Sack,75.0,Blueprint,,,Sack_Flour,,,,
SceneComponent,Loot_FlourSack_01_Spawner_C,UNP_Loot_FlourSack_01_23aa820f55155872_0,11864.566,38907.715,-1528.6316,Flour Sack,75.0,Blueprint,,,Sack_Flour,,,,
SceneComponent,Loot_FlourSack_01_Spawner_C,UNP_Loot_FlourSack_01_25ca934595595c8c_0,37767.2,23831.004,-2323.7305,Flour Sack,75.0,Blueprint,,,Sack_Flour,,,,
SceneComponent,Loot_FlourSack_01_Spawner_C,UNP_Loot_FlourSack_01_285d8d0438310b65_1,27585.945,46374.418,-1978.5981,Flour Sack,75.0,Blueprint,,,Sack_Flour,,,,
SceneComponent,Loot_FlourSack_01_Spawner_C,UNP_Loot_FlourSack_01_2c41d36172fa17b5_0,19922.229,45247.152,-1501.1053,Flour Sack,75.0,Blueprint,,,Sack_Flour,,,,
SceneComponent,Loot_FlourSack_01_Spawner_C,UNP_Loot_FlourSack_01_30cd6cf515d85fed_0,-3218.0217,29454.281,-848.7303,Flour Sack,75.0,Blueprint,,,Sack_Flour,,,,
SceneComponent,Loot_FlourSack_01_Spawner_C,UNP_Loot_FlourSack_01_371c11b2824f0597_0,-18995.219,-2870.789,-1728.9514,Flour Sack,75.0,Blueprint,,,Sack_Flour,,,,
SceneComponent,Loot_FlourSack_01_Spawner_C,UNP_Loot_FlourSack_01_422d6b670e0938ee_0,-162.8898,13762.934,-1868.2238,Flour Sack,75.0,Blueprint,,,Sack_Flour,,,,
SceneComponent,Loot_FlourSack_01_Spawner_C,UNP_Loot_FlourSack_01_4b003ba387a57fa1_0,18754.014,-4469.948,-746.9461,Flour Sack,75.0,Blueprint,,,Sack_Flour,,,,
SceneComponent,Loot_FlourSack_01_Spawner_C,UNP_Loot_FlourSack_01_4fe50a54e7b13401_0,26286.65,52523.844,-1825.6796,Flour Sack,75.0,Blueprint,,,Sack_Flour,,,,
SceneComponent,Loot_FlourSack_01_Spawner_C,UNP_Loot_FlourSack_01_51a1ca1d1dfeb498_0,-28479.424,15069.271,-1325.0303,Flour Sack,75.0,Blueprint,,,Sack_Flour,,,,
SceneComponent,Loot_FlourSack_01_Spawner_C,UNP_Loot_FlourSack_01_5bc9f13cc4058ef4_0,37725.746,34571.473,-1329.1024,Flour Sack,75.0,Blueprint,,,Sack_Flour,,,,
SceneComponent,Loot_FlourSack_01_Spawner_C,UNP_Loot_FlourSack_01_5bce2d7608ceaeda_0,10518.371,18592.61,-2006.2051,Flour Sack,75.0,Blueprint,,,Sack_Flour,,,,
SceneComponent,Loot_FlourSack_01_Spawner_C,UNP_Loot_FlourSack_01_6008345fb009f353_0,-25414.184,14855.358,-1165.5652,Flour Sack,75.0,Blueprint,,,Sack_Flour,,,,
SceneComponent,Loot_FlourSack_01_Spawner_C,UNP_Loot_FlourSack_01_6039e6d9e712c2af_0,-24511.06,8702.013,-1520.0406,Flour Sack,75.0,Blueprint,,,Sack_Flour,,,,
SceneComponent,Loot_FlourSack_01_Spawner_C,UNP_Loot_FlourSack_01_677e0ee335f6ec0e_0,-6354.6504,37892.113,-487.72665,Flour Sack,75.0,Blueprint,,,Sack_Flour,,,,
SceneComponent,Loot_FlourSack_01_Spawner_C,UNP_Loot_FlourSack_01_68311c2d437c6b8f_0,23840.732,46449.76,-2132.1558,Flour Sack,75.0,Blueprint,,,Sack_Flour,,,,
SceneComponent,Loot_FlourSack_01_Spawner_C,UNP_Loot_FlourSack_01_6b35c6cb42f3c630_0,32308.87,45665.836,-1887.3337,Flour Sack,75.0,Blueprint,,,Sack_Flour,,,,
SceneComponent,Loot_FlourSack_01_Spawner_C,UNP_Loot_FlourSack_01_75f24b53c5c4d0ce_22,-18384.352,39844.87,2034.2495,Flour Sack,75.0,Blueprint,,,Sack_Flour,,,,
SceneComponent,Loot_FlourSack_01_Spawner_C,UNP_Loot_FlourSack_01_7e945ee4210d475d_0,48464.777,4804.7583,-922.93164,Flour Sack,75.0,Blueprint,,,Sack_Flour,,,,
SceneComponent,Loot_FlourSack_01_Spawner_C,UNP_Loot_FlourSack_01_7e945ee4210d475d_1,49001.03,5275.0293,-919.0899,Flour Sack,75.0,Blueprint,,,Sack_Flour,,,,
SceneComponent,Loot_FlourSack_01_Spawner_C,UNP_Loot_FlourSack_01_7e945ee4210d475d_2,48633.95,5360.778,-829.3878,Flour Sack,75.0,Blueprint,,,Sack_Flour,,,,
SceneComponent,Loot_FlourSack_01_Spawner_C,UNP_Loot_FlourSack_01_8d74ee310e6406d5_0,25202.385,18343.398,-2596.6892,Flour Sack,75.0,Blueprint,,,Sack_Flour,,,,
SceneComponent,Loot_FlourSack_01_Spawner_C,UNP_Loot_FlourSack_01_8d74ee310e6406d5_1,25766.129,18780.334,-2592.8474,Flour Sack,75.0,Blueprint,,,Sack_Flour,,,,
SceneComponent,Loot_FlourSack_01_Spawner_C,UNP_Loot_FlourSack_01_8d74ee310e6406d5_2,25404.914,18888.154,-2503.1453,Flour Sack,75.0,Blueprint,,,Sack_Flour,,,,
SceneComponent,Loot_FlourSack_01_Spawner_C,UNP_Loot_FlourSack_01_9645418cb71a551d_0,-8049.1553,11558.324,-1833.7285,Flour Sack,75.0,Blueprint,,,Sack_Flour,,,,
SceneComponent,Loot_FlourSack_01_Spawner_C,UNP_Loot_FlourSack_01_98282efb71aa9bdf_0,38088.695,21831.506,-2108.9194,Flour Sack,75.0,Blueprint,,,Sack_Flour,,,,
SceneComponent,Loot_FlourSack_01_Spawner_C,UNP_Loot_FlourSack_01_Spawner_UAID_0468748824945BB902_11158c6f7229cdc0_1721095318,6969.9087,10659.697,-2228.4644,Flour Sack,75.0,Blueprint,,,Sack_Flour,,,,
SceneComponent,Loot_FlourSack_01_Spawner_C,UNP_Loot_FlourSack_01_Spawner_UAID_04687488249466B302_11c294cc824aeaf3_1341905145,25165.016,15758.258,-2598.642,Flour Sack,75.0,Blueprint,,,Sack_Flour,,,,
SceneComponent,Loot_FlourSack_01_Spawner_C,UNP_Loot_FlourSack_01_Spawner_UAID_04687488249466B302_11c294cc824aeaf3_1367731613,26156.977,17098.68,-2598.2146,Flour Sack,75.0,Blueprint,,,Sack_Flour,,,,
SceneComponent,Loot_FlourSack_01_Spawner_C,UNP_Loot_FlourSack_01_Spawner_UAID_046874882494977D02_be6a6beac2196855_1269428619,10130.345,33866.387,-1903.953,Flour Sack,75.0,Blueprint,,,Sack_Flour,,,,
SceneComponent,Loot_FlourSack_01_Spawner_C,UNP_Loot_FlourSack_01_Spawner_UAID_046874882494FE9802_e515a311258b40d3_1782621278,-10158.708,40182.113,-192.2381,Flour Sack,75.0,Blueprint,,,Sack_Flour,,,,
SceneComponent,Loot_FlourSack_01_Spawner_C,UNP_Loot_FlourSack_01_Spawner_UAID_581CF8B723156E9C02_70a1cae7777e20a4_1373413036,39184.297,-2708.8787,-1988.938,Flour Sack,75.0,Blueprint,,,Sack_Flour,,,,
SceneComponent,Loot_FlourSack_01_Spawner_C,UNP_Loot_FlourSack_01_Spawner_UAID_D843AE1A93E5DB2C02_2e5bcb6f1ebb3a01_1527750138,39184.297,-2708.8787,-1988.938,Flour Sack,75.0,Blueprint,,,Sack_Flour,,,,
SceneComponent,Loot_FlourSack_01_Spawner_C,UNP_Loot_FlourSack_01_Spawner_UAID_D843AE1A93E5DB2C02_65f84aacc33ccdb0_1527750138,49159.973,47964.67,-2256.7012,Flour Sack,75.0,Blueprint,,,Sack_Flour,,,,
SceneComponent,Loot_FlourSack_01_Spawner_C,UNP_Loot_FlourSack_01_Spawner_UAID_D843AE1A93E5DB2C02_bcc0ce472eb84be6_1527750138,12677.138,8112.3657,-1821.2661,Flour Sack,75.0,Blueprint,,,Sack_Flour,,,,
SceneComponent,Loot_FlourSack_01_Spawner_C,UNP_Loot_FlourSack_01_UAID_04687488249400B902_4980766c61eef4cd_1695599770,-4975.89,10645.843,-1967.6824,Flour Sack,75.0,Blueprint,,,Sack_Flour,,,,
SceneComponent,Loot_FlourSack_01_Spawner_C,UNP_Loot_FlourSack_01_UAID_04687488249400B902_4980766c61eef4cd_1710303203,-3343.1555,11170.405,-1997.8926,Flour Sack,75.0,Blueprint,,,Sack_Flour,,,,
SceneComponent,Loot_FlourSack_01_Spawner_C,UNP_Loot_FlourSack_01_UAID_04687488249400B902_4980766c61eef4cd_1713641280,-4546.9307,10569.634,-1968.3131,Flour Sack,75.0,Blueprint,,,Sack_Flour,,,,
SceneComponent,Loot_FlourSack_01_Spawner_C,UNP_Loot_FlourSack_01_UAID_046874882494069902_ae54c015e4f59828_2096492551,-29054.363,12665.991,-1312.6023,Flour Sack,75.0,Blueprint,,,Sack_Flour,,,,
SceneComponent,Loot_FlourSack_01_Spawner_C,UNP_Loot_FlourSack_01_UAID_046874882494069902_ae54c015e4f59828_2096609557,-26810.021,12315.156,-1312.6023,Flour Sack,75.0,Blueprint,,,Sack_Flour,,,,
SceneComponent,Loot_FlourSack_01_Spawner_C,UNP_Loot_FlourSack_01_UAID_046874882494069902_ae54c015e4f59828_2096725563,-28471.643,13495.602,-869.0674,Flour Sack,75.0,Blueprint,,,Sack_Flour,,,,
SceneComponent,Loot_FlourSack_01_Spawner_C,UNP_Loot_FlourSack_01_UAID_046874882494069902_ae54c015e4f59828_2096840569,-28776.174,13141.698,-1312.6023,Flour Sack,75.0,Blueprint,,,Sack_Flour,,,,
SceneComponent,Loot_FlourSack_01_Spawner_C,UNP_Loot_FlourSack_01_UAID_046874882494069902_ae54c015e4f59828_2096957575,-28862.74,13120.338,-1312.6022,Flour Sack,75.0,Blueprint,,,Sack_Flour,,,,
SceneComponent,Loot_FlourSack_01_Spawner_C,UNP_Loot_FlourSack_01_UAID_046874882494069902_ae54c015e4f59828_2097072581,-29336.418,12808.884,-1083.9486,Flour Sack,75.0,Blueprint,,,Sack_Flour,,,,
SceneComponent,Loot_FlourSack_01_Spawner_C,UNP_Loot_FlourSack_01_UAID_046874882494069902_ae54c015e4f59828_2097186586,-29092.016,12748.371,-1312.6023,Flour Sack,75.0,Blueprint,,,Sack_Flour,,,,
SceneComponent,Loot_FlourSack_01_Spawner_C,UNP_Loot_FlourSack_01_UAID_046874882494069902_ae54c015e4f59828_2097303592,-29262.729,12944.999,-1312.6023,Flour Sack,75.0,Blueprint,,,Sack_Flour,,,,
SceneComponent,Loot_FlourSack_01_Spawner_C,UNP_Loot_FlourSack_01_UAID_046874882494069902_ae54c015e4f59828_2097420598,-28580.074,13292.941,-1312.6023,Flour Sack,75.0,Blueprint,,,Sack_Flour,,,,
SceneComponent,Loot_FlourSack_01_Spawner_C,UNP_Loot_FlourSack_01_UAID_046874882494089902_3f0e6d0dd4e4221e_1093796562,-26692.84,14467.282,-1306.1449,Flour Sack,75.0,Blueprint,,,Sack_Flour,,,,
SceneComponent,Loot_FlourSack_01_Spawner_C,UNP_Loot_FlourSack_01_UAID_046874882494089902_3f0e6d0dd4e4221e_1093803565,-26576.729,14664.157,-1071.4077,Flour Sack,75.0,Blueprint,,,Sack_Flour,,,,
SceneComponent,Loot_FlourSack_01_Spawner_C,UNP_Loot_FlourSack_01_UAID_046874882494089902_3f0e6d0dd4e4221e_1093805567,-26764.127,14773.457,-1284.7523,Flour Sack,75.0,Blueprint,,,Sack_Flour,,,,
SceneComponent,Loot_FlourSack_01_Spawner_C,UNP_Loot_FlourSack_01_UAID_046874882494089902_3f0e6d0dd4e4221e_1093878579,-28054.959,10669.651,-1333.6005,Flour Sack,75.0,Blueprint,,,Sack_Flour,,,,
SceneComponent,Loot_FlourSack_01_Spawner_C,UNP_Loot_FlourSack_01_UAID_046874882494089902_3f0e6d0dd4e4221e_1099660964,-27749.55,11126.409,-1186.6936,Flour Sack,75.0,Blueprint,,,Sack_Flour,,,,
SceneComponent,Loot_FlourSack_01_Spawner_C,UNP_Loot_FlourSack_01_UAID_046874882494089902_3f0e6d0dd4e4221e_1099664966,-27995.012,11117.338,-1321.344,Flour Sack,75.0,Blueprint,,,Sack_Flour,,,,
SceneComponent,Loot_FlourSack_01_Spawner_C,UNP_Loot_FlourSack_01_UAID_046874882494089902_3f0e6d0dd4e4221e_1099666968,-27748.48,10970.639,-1325.8401,Flour Sack,75.0,Blueprint,,,Sack_Flour,,,,
SceneComponent,Loot_FlourSack_01_Spawner_C,UNP_Loot_FlourSack_01_UAID_046874882494089902_3f0e6d0dd4e4221e_1102328405,-28980.07,12465.055,-1323.3597,Flour Sack,75.0,Blueprint,,,Sack_Flour,,,,
SceneComponent,Loot_FlourSack_01_Spawner_C,UNP_Loot_FlourSack_01_UAID_046874882494089902_3f0e6d0dd4e4221e_1102390411,-28598.135,12351.542,-1323.3599,Flour Sack,75.0,Blueprint,,,Sack_Flour,,,,
SceneComponent,Loot_FlourSack_01_Spawner_C,UNP_Loot_FlourSack_01_UAID_046874882494089902_3f0e6d0dd4e4221e_1106419889,-29433.092,14341.132,-1333.6005,Flour Sack,75.0,Blueprint,,,Sack_Flour,,,,
SceneComponent,Loot_FlourSack_01_Spawner_C,UNP_Loot_FlourSack_01_UAID_0468748824941A9902_5bce2d7608ceaeda_1786092619,11022.747,18611.508,-1521.0527,Flour Sack,75.0,Blueprint,,,Sack_Flour,,,,
SceneComponent,Loot_FlourSack_01_Spawner_C,UNP_Loot_FlourSack_01_UAID_046874882494359A02_68479541b25a7529_1290457146,25627.129,46323.21,-2125.4106,Flour Sack,75.0,Blueprint,,,Sack_Flour,,,,
SceneComponent,Loot_FlourSack_01_Spawner_C,UNP_Loot_FlourSack_01_UAID_046874882494449B02_be84b45a7f1a85a5_1513406078,43997.094,28782.074,-2167.9436,Flour Sack,75.0,Blueprint,,,Sack_Flour,,,,
SceneComponent,Loot_FlourSack_01_Spawner_C,UNP_Loot_FlourSack_01_UAID_0468748824944D9B02_039ab8d01f784483_1448944215,-22125.193,23689.324,-419.33493,Flour Sack,75.0,Blueprint,,,Sack_Flour,,,,
SceneComponent,Loot_FlourSack_01_Spawner_C,UNP_Loot_FlourSack_01_UAID_0468748824944D9B02_039ab8d01f784483_1449013221,-22071.184,23881.164,-419.33493,Flour Sack,75.0,Blueprint,,,Sack_Flour,,,,
SceneComponent,Loot_FlourSack_01_Spawner_C,UNP_Loot_FlourSack_01_UAID_0468748824944D9B02_3059d67b4bbc9d72_1448944215,9871.277,-1363.2106,-684.93585,Flour Sack,75.0,Blueprint,,,Sack_Flour,,,,
SceneComponent,Loot_FlourSack_01_Spawner_C,UNP_Loot_FlourSack_01_UAID_0468748824944D9B02_3059d67b4bbc9d72_1449013221,9755.201,-1201.2041,-684.93585,Flour Sack,75.0,Blueprint,,,Sack_Flour,,,,
SceneComponent,Loot_FlourSack_01_Spawner_C,UNP_Loot_FlourSack_01_UAID_0468748824944D9B02_3d7e79e141461900_1448944215,-17863.48,-2603.7417,-1354.7229,Flour Sack,75.0,Blueprint,,,Sack_Flour,,,,
SceneComponent,Loot_FlourSack_01_Spawner_C,UNP_Loot_FlourSack_01_UAID_0468748824944D9B02_3d7e79e141461900_1449013221,-17947.457,-2784.4836,-1354.7229,Flour Sack,75.0,Blueprint,,,Sack_Flour,,,,
SceneComponent,Loot_FlourSack_01_Spawner_C,UNP_Loot_FlourSack_01_UAID_0468748824944E8902_4481ef720ae1ae21_1143059735,-9742.418,-7476.8477,-1971.7052,Flour Sack,75.0,Blueprint,,,Sack_Flour,,,,
SceneComponent,Loot_FlourSack_01_Spawner_C,UNP_Loot_FlourSack_01_UAID_0468748824944E8902_4481ef720ae1ae21_1143505743,-10174.33,-7268.7593,-980.3175,Flour Sack,75.0,Blueprint,,,Sack_Flour,,,,
SceneComponent,Loot_FlourSack_01_Spawner_C,UNP_Loot_FlourSack_01_UAID_0468748824944E8902_4481ef720ae1ae21_1146461772,-9802.616,-6855.666,-979.83026,Flour Sack,75.0,Blueprint,,,Sack_Flour,,,,
SceneComponent,Loot_FlourSack_01_Spawner_C,UNP_Loot_FlourSack_01_UAID_0468748824944E8902_4481ef720ae1ae21_1147144783,-10267.092,-6960.808,-1099.8517,Flour Sack,75.0,Blueprint,,,Sack_Flour,,,,
SceneComponent,Loot_FlourSack_01_Spawner_C,UNP_Loot_FlourSack_01_UAID_0468748824944E8902_4481ef720ae1ae21_1147369789,-10167.404,-6947.0923,-1099.8517,Flour Sack,75.0,Blueprint,,,Sack_Flour,,,,
SceneComponent,Loot_FlourSack_01_Spawner_C,UNP_Loot_FlourSack_01_UAID_0468748824944E8902_4481ef720ae1ae21_1254905208,-12275.168,-7013.5195,-1477.9116,Flour Sack,75.0,Blueprint,,,Sack_Flour,,,,
SceneComponent,Loot_FlourSack_01_Spawner_C,UNP_Loot_FlourSack_01_UAID_046874882494549802_6944a5393d194d48_1870916983,11491.927,20661.621,-1689.4456,Flour Sack,75.0,Blueprint,,,Sack_Flour,,,,
SceneComponent,Loot_FlourSack_01_Spawner_C,UNP_Loot_FlourSack_01_UAID_046874882494549802_6944a5393d194d48_1871062989,11746.224,20257.61,-1689.1317,Flour Sack,75.0,Blueprint,,,Sack_Flour,,,,
SceneComponent,Loot_FlourSack_01_Spawner_C,UNP_Loot_FlourSack_01_UAID_046874882494549802_6944a5393d194d48_1871211995,11717.715,20524.152,-1689.4456,Flour Sack,75.0,Blueprint,,,Sack_Flour,,,,
SceneComponent,Loot_FlourSack_01_Spawner_C,UNP_Loot_FlourSack_01_UAID_046874882494549802_6944a5393d194d48_1871363001,11505.677,20743.594,-1689.4456,Flour Sack,75.0,Blueprint,,,Sack_Flour,,,,
SceneComponent,Loot_FlourSack_01_Spawner_C,UNP_Loot_FlourSack_01_UAID_04687488249456B902_40332391da5e1e80_1344967265,-2212.6406,14519.559,-2052.9287,Flour Sack,75.0,Blueprint,,,Sack_Flour,,,,
SceneComponent,Loot_FlourSack_01_Spawner_C,UNP_Loot_FlourSack_01_UAID_04687488249456B902_40332391da5e1e80_1345150270,-3796.7446,13258.304,-1973.8739,Flour Sack,75.0,Blueprint,,,Sack_Flour,,,,
SceneComponent,Loot_FlourSack_01_Spawner_C,UNP_Loot_FlourSack_01_UAID_04687488249456B902_40332391da5e1e80_1345156273,-3819.2986,13485.752,-1739.1367,Flour Sack,75.0,Blueprint,,,Sack_Flour,,,,
SceneComponent,Loot_FlourSack_01_Spawner_C,UNP_Loot_FlourSack_01_UAID_04687488249456B902_40332391da5e1e80_1345157275,-4035.0767,13463.299,-1952.4813,Flour Sack,75.0,Blueprint,,,Sack_Flour,,,,
SceneComponent,Loot_FlourSack_01_Spawner_C,UNP_Loot_FlourSack_01_UAID_04687488249456B902_40332391da5e1e80_1345340283,-5595.7,14697.856,-1979.8809,Flour Sack,75.0,Blueprint,,,Sack_Flour,,,,
SceneComponent,Loot_FlourSack_01_Spawner_C,UNP_Loot_FlourSack_01_UAID_04687488249456B902_40332391da5e1e80_1345346286,-5606.1475,14926.182,-1745.1437,Flour Sack,75.0,Blueprint,,,Sack_Flour,,,,
SceneComponent,Loot_FlourSack_01_Spawner_C,UNP_Loot_FlourSack_01_UAID_04687488249456B902_40332391da5e1e80_1345347288,-5822.8135,14915.215,-1958.4883,Flour Sack,75.0,Blueprint,,,Sack_Flour,,,,
SceneComponent,Loot_FlourSack_01_Spawner_C,UNP_Loot_FlourSack_01_UAID_04687488249456B902_40332391da5e1e80_1345533299,-2607.2551,17253.238,-2041.7852,Flour Sack,75.0,Blueprint,,,Sack_Flour,,,,
SceneComponent,Loot_FlourSack_01_Spawner_C,UNP_Loot_FlourSack_01_UAID_0468748824945BB902_11158c6f7229cdc0_1691419784,5736.7656,9940.8125,-2234.1665,Flour Sack,75.0,Blueprint,,,Sack_Flour,,,,
SceneComponent,Loot_FlourSack_01_Spawner_C,UNP_Loot_FlourSack_01_UAID_0468748824945BB902_11158c6f7229cdc0_1711527382,1743.8297,7604.285,-2236.6436,Flour Sack,75.0,Blueprint,,,Sack_Flour,,,,
SceneComponent,Loot_FlourSack_01_Spawner_C,UNP_Loot_FlourSack_01_UAID_0468748824945BB902_11158c6f7229cdc0_1711532385,1527.3292,7594.0996,-1990.9474,Flour Sack,75.0,Blueprint,,,Sack_Flour,,,,
SceneComponent,Loot_FlourSack_01_Spawner_C,UNP_Loot_FlourSack_01_UAID_0468748824945BB902_11158c6f7229cdc0_1711533387,1506.5034,7397.5205,-2222.255,Flour Sack,75.0,Blueprint,,,Sack_Flour,,,,
SceneComponent,Loot_FlourSack_01_Spawner_C,UNP_Loot_FlourSack_01_UAID_0468748824945C9802_2f00d91e4ecd5bd9_1873841845,10487.795,23152.158,-1621.6748,Flour Sack,75.0,Blueprint,,,Sack_Flour,,,,
SceneComponent,Loot_FlourSack_01_Spawner_C,UNP_Loot_FlourSack_01_UAID_0468748824945C9802_612b8435ec5bfafe_1873841845,-5029.8154,13657.659,-1644.044,Flour Sack,75.0,Blueprint,,,Sack_Flour,,,,
SceneComponent,Loot_FlourSack_01_Spawner_C,UNP_Loot_FlourSack_01_UAID_0468748824945C9802_a60450cc09cd4878_1873841845,-513.2181,17340.422,-1709.5739,Flour Sack,75.0,Blueprint,,,Sack_Flour,,,,
SceneComponent,Loot_FlourSack_01_Spawner_C,UNP_Loot_FlourSack_01_UAID_0468748824945D9802_31b34140d09411f6_1724546814,-18027.379,44434.51,349.4682,Flour Sack,75.0,Blueprint,,,Sack_Flour,,,,
SceneComponent,Loot_FlourSack_01_Spawner_C,UNP_Loot_FlourSack_01_UAID_0468748824945D9802_85570c7134ea172a_1724546814,-3116.5007,16826.756,-1997.7366,Flour Sack,75.0,Blueprint,,,Sack_Flour,,,,
SceneComponent,Loot_FlourSack_01_Spawner_C,UNP_Loot_FlourSack_01_UAID_046874882494609802_6bd21faec174208a_1810461959,8563.444,20469.11,-1491.3813,Flour Sack,75.0,Blueprint,,,Sack_Flour,,,,
SceneComponent,Loot_FlourSack_01_Spawner_C,UNP_Loot_FlourSack_01_UAID_046874882494609802_6bd21faec174208a_1810628964,8668.132,21039.004,-1491.3813,Flour Sack,75.0,Blueprint,,,Sack_Flour,,,,
SceneComponent,Loot_FlourSack_01_Spawner_C,UNP_Loot_FlourSack_01_UAID_046874882494609802_6bd21faec174208a_1810804972,8495.521,21339.053,-1491.3813,Flour Sack,75.0,Blueprint,,,Sack_Flour,,,,
SceneComponent,Loot_FlourSack_01_Spawner_C,UNP_Loot_FlourSack_01_UAID_046874882494619802_c1357729720cf173_1318439319,14928.636,21547.941,-1607.3962,Flour Sack,75.0,Blueprint,,,Sack_Flour,,,,
SceneComponent,Loot_FlourSack_01_Spawner_C,UNP_Loot_FlourSack_01_UAID_046874882494619802_c1357729720cf173_1318610325,13719.769,20761.64,-1607.278,Flour Sack,75.0,Blueprint,,,Sack_Flour,,,,
SceneComponent,Loot_FlourSack_01_Spawner_C,UNP_Loot_FlourSack_01_UAID_046874882494619802_c1357729720cf173_1318786331,13889.329,21253.527,-1606.5557,Flour Sack,75.0,Blueprint,,,Sack_Flour,,,,
SceneComponent,Loot_FlourSack_01_Spawner_C,UNP_Loot_FlourSack_01_UAID_046874882494619802_c1357729720cf173_1318964337,13968.371,21208.084,-1606.5557,Flour Sack,75.0,Blueprint,,,Sack_Flour,,,,
SceneComponent,Loot_FlourSack_01_Spawner_C,UNP_Loot_FlourSack_01_UAID_04687488249475B202_dca082373cf3e830_1869945241,18008.115,-4658.1226,-759.62854,Flour Sack,75.0,Blueprint,,,Sack_Flour,,,,
SceneComponent,Loot_FlourSack_01_Spawner_C,UNP_Loot_FlourSack_01_UAID_04687488249475B202_dca082373cf3e830_1870172246,19474.467,-3826.5588,-761.45123,Flour Sack,75.0,Blueprint,,,Sack_Flour,,,,
SceneComponent,Loot_FlourSack_01_Spawner_C,UNP_Loot_FlourSack_01_UAID_046874882494798B02_48587e268a079417_1743558995,36535.79,36489.664,-1238.7689,Flour Sack,75.0,Blueprint,,,Sack_Flour,,,,
SceneComponent,Loot_FlourSack_01_Spawner_C,UNP_Loot_FlourSack_01_UAID_046874882494977D02_be6a6beac2196855_1270056664,8894.307,32251.738,-1909.2483,Flour Sack,75.0,Blueprint,,,Sack_Flour,,,,
SceneComponent,Loot_FlourSack_01_Spawner_C,UNP_Loot_FlourSack_01_UAID_046874882494977D02_be6a6beac2196855_1329884981,11367.858,30418.812,-1914.4482,Flour Sack,75.0,Blueprint,,,Sack_Flour,,,,
SceneComponent,Loot_FlourSack_01_Spawner_C,UNP_Loot_FlourSack_01_UAID_046874882494A69802_68e0512c24d92e8f_1333531664,8023.9536,20453.037,-2000.4559,Flour Sack,75.0,Blueprint,,,Sack_Flour,,,,
SceneComponent,Loot_FlourSack_01_Spawner_C,UNP_Loot_FlourSack_01_UAID_046874882494A69802_68e0512c24d92e8f_1333674670,14463.264,22922.32,-1998.4387,Flour Sack,75.0,Blueprint,,,Sack_Flour,,,,
SceneComponent,Loot_FlourSack_01_Spawner_C,UNP_Loot_FlourSack_01_UAID_046874882494A69802_68e0512c24d92e8f_1365489885,9044.226,16440.139,-2008.4241,Flour Sack,75.0,Blueprint,,,Sack_Flour,,,,
SceneComponent,Loot_FlourSack_01_Spawner_C,UNP_Loot_FlourSack_01_UAID_046874882494A69802_68e0512c24d92e8f_1365492887,9194.34,16479.871,-2072.847,Flour Sack,75.0,Blueprint,,,Sack_Flour,,,,
SceneComponent,Loot_FlourSack_01_Spawner_C,UNP_Loot_FlourSack_01_UAID_046874882494B3B302_b672bb6c668a37ab_1996044569,-20308.361,44347.53,348.8158,Flour Sack,75.0,Blueprint,,,Sack_Flour,,,,
SceneComponent,Loot_FlourSack_01_Spawner_C,UNP_Loot_FlourSack_01_UAID_046874882494B3B302_b672bb6c668a37ab_2003878552,-16929.568,40830.91,589.2514,Flour Sack,75.0,Blueprint,,,Sack_Flour,,,,
SceneComponent,Loot_FlourSack_01_Spawner_C,UNP_Loot_FlourSack_01_UAID_046874882494B3B302_b672bb6c668a37ab_2004370558,-15778.557,40673.367,736.1583,Flour Sack,75.0,Blueprint,,,Sack_Flour,,,,
SceneComponent,Loot_FlourSack_01_Spawner_C,UNP_Loot_FlourSack_01_UAID_046874882494B3B302_b672bb6c668a37ab_2004373560,-15534.458,40646.0,601.50793,Flour Sack,75.0,Blueprint,,,Sack_Flour,,,,
SceneComponent,Loot_FlourSack_01_Spawner_C,UNP_Loot_FlourSack_01_UAID_046874882494B3B302_b672bb6c668a37ab_2004532571,-15036.796,41553.785,115.82399,Flour Sack,75.0,Blueprint,,,Sack_Flour,,,,
SceneComponent,Loot_FlourSack_01_Spawner_C,UNP_Loot_FlourSack_01_UAID_046874882494B3B302_b672bb6c668a37ab_2004690576,-20646.896,42190.543,408.18384,Flour Sack,75.0,Blueprint,,,Sack_Flour,,,,
SceneComponent,Loot_FlourSack_01_Spawner_C,UNP_Loot_FlourSack_01_UAID_046874882494B3B302_b672bb6c668a37ab_2004840581,-17373.525,40701.207,599.3643,Flour Sack,75.0,Blueprint,,,Sack_Flour,,,,
SceneComponent,Loot_FlourSack_01_Spawner_C,UNP_Loot_FlourSack_01_UAID_046874882494B3B302_b672bb6c668a37ab_2005135594,-19153.295,43206.035,603.8702,Flour Sack,75.0,Blueprint,,,Sack_Flour,,,,
SceneComponent,Loot_FlourSack_01_Spawner_C,UNP_Loot_FlourSack_01_UAID_046874882494B3B302_b672bb6c668a37ab_2005287605,-17579.318,43006.67,366.9376,Flour Sack,75.0,Blueprint,,,Sack_Flour,,,,
SceneComponent,Loot_FlourSack_01_Spawner_C,UNP_Loot_FlourSack_01_UAID_046874882494B3B302_b672bb6c668a37ab_2005592610,-16490.926,40236.773,611.8915,Flour Sack,75.0,Blueprint,,,Sack_Flour,,,,
SceneComponent,Loot_FlourSack_01_Spawner_C,UNP_Loot_FlourSack_01_UAID_046874882494B3B302_b672bb6c668a37ab_2005596613,-16654.219,40076.848,846.62866,Flour Sack,75.0,Blueprint,,,Sack_Flour,,,,
SceneComponent,Loot_FlourSack_01_Spawner_C,UNP_Loot_FlourSack_01_UAID_046874882494B3B302_b672bb6c668a37ab_2005597615,-16501.674,39922.594,633.28406,Flour Sack,75.0,Blueprint,,,Sack_Flour,,,,
SceneComponent,Loot_FlourSack_01_Spawner_C,UNP_Loot_FlourSack_01_UAID_046874882494B3B302_b672bb6c668a37ab_2005747624,-17972.545,41585.78,505.02667,Flour Sack,75.0,Blueprint,,,Sack_Flour,,,,
SceneComponent,Loot_FlourSack_01_Spawner_C,UNP_Loot_FlourSack_01_UAID_046874882494B3B302_b672bb6c668a37ab_2005895629,-20572.035,42525.53,406.89816,Flour Sack,75.0,Blueprint,,,Sack_Flour,,,,
SceneComponent,Loot_FlourSack_01_Spawner_C,UNP_Loot_FlourSack_01_UAID_046874882494B3B302_b672bb6c668a37ab_2006040634,-15290.317,41452.47,217.989,Flour Sack,75.0,Blueprint,,,Sack_Flour,,,,
SceneComponent,Loot_FlourSack_01_Spawner_C,UNP_Loot_FlourSack_01_UAID_046874882494B3B302_b672bb6c668a37ab_2006186639,-16673.594,42009.42,599.49207,Flour Sack,75.0,Blueprint,,,Sack_Flour,,,,
SceneComponent,Loot_FlourSack_01_Spawner_C,UNP_Loot_FlourSack_01_UAID_046874882494B4B302_75f24b53c5c4d0ce_1261671435,-18202.08,39903.637,1195.2297,Flour Sack,75.0,Blueprint,,,Sack_Flour,,,,
SceneComponent,Loot_FlourSack_01_Spawner_C,UNP_Loot_FlourSack_01_UAID_046874882494B4B302_75f24b53c5c4d0ce_1261963440,-17477.254,40274.137,1195.0194,Flour Sack,75.0,Blueprint,,,Sack_Flour,,,,
SceneComponent,Loot_FlourSack_01_Spawner_C,UNP_Loot_FlourSack_01_UAID_046874882494B4B302_75f24b53c5c4d0ce_1262418448,-16990.842,39518.31,738.94696,Flour Sack,75.0,Blueprint,,,Sack_Flour,,,,
SceneComponent,Loot_FlourSack_01_Spawner_C,UNP_Loot_FlourSack_01_UAID_046874882494B4B302_75f24b53c5c4d0ce_1262554453,-17579.037,39877.77,748.9927,Flour Sack,75.0,Blueprint,,,Sack_Flour,,,,
SceneComponent,Loot_FlourSack_01_Spawner_C,UNP_Loot_FlourSack_01_UAID_046874882494B4B302_75f24b53c5c4d0ce_1262691458,-17726.201,39535.215,748.9927,Flour Sack,75.0,Blueprint,,,Sack_Flour,,,,
SceneComponent,Loot_FlourSack_01_Spawner_C,UNP_Loot_FlourSack_01_UAID_046874882494B4B302_75f24b53c5c4d0ce_1262829463,-18177.934,39161.695,1195.1597,Flour Sack,75.0,Blueprint,,,Sack_Flour,,,,
SceneComponent,Loot_FlourSack_01_Spawner_C,UNP_Loot_FlourSack_01_UAID_046874882494B4B302_75f24b53c5c4d0ce_1263127469,-17026.814,39569.848,741.6842,Flour Sack,75.0,Blueprint,,,Sack_Flour,,,,
SceneComponent,Loot_FlourSack_01_Spawner_C,UNP_Loot_FlourSack_01_UAID_046874882494B4B302_75f24b53c5c4d0ce_1263263474,-17650.299,39404.977,743.2879,Flour Sack,75.0,Blueprint,,,Sack_Flour,,,,
SceneComponent,Loot_FlourSack_01_Spawner_C,UNP_Loot_FlourSack_01_UAID_046874882494B4B302_75f24b53c5c4d0ce_1263539484,-17584.871,39065.293,2477.9583,Flour Sack,75.0,Blueprint,,,Sack_Flour,,,,
SceneComponent,Loot_FlourSack_01_Spawner_C,UNP_Loot_FlourSack_01_UAID_046874882494B4B302_75f24b53c5c4d0ce_1263677489,-17558.072,39230.574,2477.9583,Flour Sack,75.0,Blueprint,,,Sack_Flour,,,,
SceneComponent,Loot_FlourSack_01_Spawner_C,UNP_Loot_FlourSack_01_UAID_046874882494B4B302_75f24b53c5c4d0ce_1263816494,-17373.77,38831.59,2594.928,Flour Sack,75.0,Blueprint,,,Sack_Flour,,,,
SceneComponent,Loot_FlourSack_01_Spawner_C,UNP_Loot_FlourSack_01_UAID_046874882494B4B302_75f24b53c5c4d0ce_1263953499,-17373.994,38819.8,2477.9583,Flour Sack,75.0,Blueprint,,,Sack_Flour,,,,
SceneComponent,Loot_FlourSack_01_Spawner_C,UNP_Loot_FlourSack_01_UAID_046874882494B4B302_75f24b53c5c4d0ce_1264095504,-17244.395,39948.066,2042.4587,Flour Sack,75.0,Blueprint,,,Sack_Flour,,,,
SceneComponent,Loot_FlourSack_01_Spawner_C,UNP_Loot_FlourSack_01_UAID_046874882494B4B302_75f24b53c5c4d0ce_1264654524,-17335.645,38936.855,2872.623,Flour Sack,75.0,Blueprint,,,Sack_Flour,,,,
SceneComponent,Loot_FlourSack_01_Spawner_C,UNP_Loot_FlourSack_01_UAID_046874882494B4B302_75f24b53c5c4d0ce_1264791529,-17129.363,39273.105,2873.8372,Flour Sack,75.0,Blueprint,,,Sack_Flour,,,,
SceneComponent,Loot_FlourSack_01_Spawner_C,UNP_Loot_FlourSack_01_UAID_046874882494B4B302_75f24b53c5c4d0ce_1264927534,-17646.15,39156.22,1195.0194,Flour Sack,75.0,Blueprint,,,Sack_Flour,,,,
SceneComponent,Loot_FlourSack_01_Spawner_C,UNP_Loot_FlourSack_01_UAID_046874882494B4B302_75f24b53c5c4d0ce_1265203544,-18168.35,40324.223,1563.11,Flour Sack,75.0,Blueprint,,,Sack_Flour,,,,
SceneComponent,Loot_FlourSack_01_Spawner_C,UNP_Loot_FlourSack_01_UAID_046874882494B4B302_75f24b53c5c4d0ce_1265341549,-18684.162,39357.684,2875.338,Flour Sack,75.0,Blueprint,,,Sack_Flour,,,,
SceneComponent,Loot_FlourSack_01_Spawner_C,UNP_Loot_FlourSack_01_UAID_046874882494B4B302_75f24b53c5c4d0ce_1290405009,-15811.052,38776.207,692.0701,Flour Sack,75.0,Blueprint,,,Sack_Flour,,,,
SceneComponent,Loot_FlourSack_01_Spawner_C,UNP_Loot_FlourSack_01_UAID_046874882494B4B302_75f24b53c5c4d0ce_1290846028,-16999.63,39279.53,2476.1946,Flour Sack,75.0,Blueprint,,,Sack_Flour,,,,
SceneComponent,Loot_FlourSack_01_Spawner_C,UNP_Loot_FlourSack_01_UAID_046874882494D99A02_b9ed3e3c39f77a44_1817412579,41589.57,14074.21,-2174.3276,Flour Sack,75.0,Blueprint,,,Sack_Flour,,,,
SceneComponent,Loot_FlourSack_01_Spawner_C,UNP_Loot_FlourSack_01_UAID_046874882494D99A02_ef5e067ba124a252_1817412579,-2754.3726,13416.028,-1996.6849,Flour Sack,75.0,Blueprint,,,Sack_Flour,,,,
SceneComponent,Loot_FlourSack_01_Spawner_C,UNP_Loot_FlourSack_01_UAID_046874882494DB9A02_2fa6262d75ac1966_2083770075,40388.445,16472.387,-1689.3721,Flour Sack,75.0,Blueprint,,,Sack_Flour,,,,
SceneComponent,Loot_FlourSack_01_Spawner_C,UNP_Loot_FlourSack_01_UAID_046874882494DD9A02_129128160f00dfd4_1606751750,41116.3,17602.697,-2063.9468,Flour Sack,75.0,Blueprint,,,Sack_Flour,,,,
SceneComponent,Loot_FlourSack_01_Spawner_C,UNP_Loot_FlourSack_01_UAID_046874882494DD9A02_129128160f00dfd4_1645139745,38760.273,14429.741,-2172.7375,Flour Sack,75.0,Blueprint,,,Sack_Flour,,,,
SceneComponent,Loot_FlourSack_01_Spawner_C,UNP_Loot_FlourSack_01_UAID_046874882494FE9802_e515a311258b40d3_1765940504,-12645.16,40005.02,-203.95625,Flour Sack,75.0,Blueprint,,,Sack_Flour,,,,
SceneComponent,Loot_FlourSack_01_Spawner_C,UNP_Loot_FlourSack_01_UAID_046874882494FE9802_e515a311258b40d3_1772185650,-9855.795,38440.91,-195.06271,Flour Sack,75.0,Blueprint,,,Sack_Flour,,,,
SceneComponent,Loot_FlourSack_01_Spawner_C,UNP_Loot_FlourSack_01_UAID_046874882494FE9802_e515a311258b40d3_1772191653,-10259.721,38122.953,-243.0276,Flour Sack,75.0,Blueprint,,,Sack_Flour,,,,
SceneComponent,Loot_FlourSack_01_Spawner_C,UNP_Loot_FlourSack_01_UAID_046874882494FE9802_e515a311258b40d3_1772757666,-11298.06,42631.984,-195.06271,Flour Sack,75.0,Blueprint,,,Sack_Flour,,,,
SceneComponent,Loot_FlourSack_01_Spawner_C,UNP_Loot_FlourSack_01_UAID_046874882494FE9802_e515a311258b40d3_1772763669,-11778.441,42814.977,-243.02762,Flour Sack,75.0,Blueprint,,,Sack_Flour,,,,
SceneComponent,Loot_FlourSack_01_Spawner_C,UNP_Loot_FlourSack_01_UAID_046874882494FE9802_e515a311258b40d3_1773310683,-9163.623,40368.516,-182.07469,Flour Sack,75.0,Blueprint,,,Sack_Flour,,,,
SceneComponent,Loot_FlourSack_01_Spawner_C,UNP_Loot_FlourSack_01_UAID_046874882494FE9802_e515a311258b40d3_1773316687,-9448.344,40012.305,-187.94641,Flour Sack,75.0,Blueprint,,,Sack_Flour,,,,
SceneComponent,Loot_FlourSack_01_Spawner_C,UNP_Loot_FlourSack_01_UAID_046874882494FE9802_e515a311258b40d3_1773326693,-9547.159,39428.504,-190.48183,Flour Sack,75.0,Blueprint,,,Sack_Flour,,,,
SceneComponent,Loot_FlourSack_01_Spawner_C,UNP_Loot_FlourSack_01_UAID_046874882494FE9802_e515a311258b40d3_1773914720,-11186.036,44151.992,-199.03204,Flour Sack,75.0,Blueprint,,,Sack_Flour,,,,
SceneComponent,Loot_FlourSack_01_Spawner_C,UNP_Loot_FlourSack_01_UAID_046874882494FE9802_e515a311258b40d3_1773917722,-11342.139,44190.73,-266.73297,Flour Sack,75.0,Blueprint,,,Sack_Flour,,,,
SceneComponent,Loot_FlourSack_01_Spawner_C,UNP_Loot_FlourSack_01_UAID_046874882494FE9802_e515a311258b40d3_1773920724,-10520.914,43968.973,-190.93681,Flour Sack,75.0,Blueprint,,,Sack_Flour,,,,
SceneComponent,Loot_FlourSack_01_Spawner_C,UNP_Loot_FlourSack_01_UAID_50EBF6D299696E7502_c1baa625991dc360_1355125062,14428.612,22927.756,-1998.4347,Flour Sack,75.0,Blueprint,,,Sack_Flour,,,,
SceneComponent,Loot_FlourSack_01_Spawner_C,UNP_Loot_FlourSack_01_UAID_50EBF6D299696E7502_c1baa625991dc360_1355370068,14228.627,22785.14,-1863.7843,Flour Sack,75.0,Blueprint,,,Sack_Flour,,,,
SceneComponent,Loot_FlourSack_01_Spawner_C,UNP_Loot_FlourSack_01_UAID_50EBF6D299696E7502_c1baa625991dc360_1365032074,14142.036,22914.63,-2002.9308,Flour Sack,75.0,Blueprint,,,Sack_Flour,,,,
SceneComponent,Loot_FlourSack_01_Spawner_C,UNP_Loot_FlourSack_01_b24b83461a382783_1,10737.168,22201.521,-1855.4249,Flour Sack,75.0,Blueprint,,,Sack_Flour,,,,
SceneComponent,Loot_FlourSack_01_Spawner_C,UNP_Loot_FlourSack_01_b722561395c93a4f_0,1715.4838,-8653.19,-1170.624,Flour Sack,75.0,Blueprint,,,Sack_Flour,,,,
SceneComponent,Loot_FlourSack_01_Spawner_C,UNP_Loot_FlourSack_01_bcce546c1dc183c6_1,-1028.5004,15028.154,-1919.653,Flour Sack,75.0,Blueprint,,,Sack_Flour,,,,
SceneComponent,Loot_FlourSack_01_Spawner_C,UNP_Loot_FlourSack_01_c84182c7688d87ba_0,-21451.336,38113.28,628.4562,Flour Sack,75.0,Blueprint,,,Sack_Flour,,,,
SceneComponent,Loot_FlourSack_01_Spawner_C,UNP_Loot_FlourSack_01_e1a7a1d56d0408e1_0,-10785.774,-9048.48,-1272.6567,Flour Sack,75.0,Blueprint,,,Sack_Flour,,,,
SceneComponent,Loot_FlourSack_01_Spawner_C,UNP_Loot_FlourSack_01_e7cd11c1dbe048e4_0,-22572.32,7595.3545,-1590.2874,Flour Sack,75.0,Blueprint,,,Sack_Flour,,,,
SceneComponent,Loot_FlourSack_01_Spawner_C,UNP_Loot_FlourSack_01_e8d7c584448c3be6_1,-3079.0125,10944.851,-1854.6215,Flour Sack,75.0,Blueprint,,,Sack_Flour,,,,
SceneComponent,Loot_FlourSack_01_Spawner_C,UNP_Loot_FlourSack_01_eab6038b221faf29_0,30965.52,37237.957,-1969.6251,Flour Sack,75.0,Blueprint,,,Sack_Flour,,,,
SceneComponent,Loot_FlourSack_01_Spawner_C,UNP_Loot_FlourSack_01a_Hub_75f24b53c5c4d0ce_0,-18036.225,40331.145,2032.8463,Flour Sack,75.0,Blueprint,,,Sack_Flour,,,,
SceneComponent,Loot_FlourSack_01_Spawner_C,UNP_Loot_FlourSack_02_75f24b53c5c4d0ce_27,-17922.355,38561.074,2467.3005,Flour Sack,75.0,Blueprint,,,Sack_Flour,,,,
SceneComponent,Loot_FlourSack_01_Spawner_C,UNP_Loot_FlourSack_02_UAID_046874882494B4B302_75f24b53c5c4d0ce_1290843018,-16968.633,39372.715,2564.347,Flour Sack,75.0,Blueprint,,,Sack_Flour,,,,
SceneComponent,Loot_FlourSack_01_Spawner_C,UNP_Loot_FlourSack_03_75f24b53c5c4d0ce_28,-18068.086,38887.89,2478.765,Flour Sack,75.0,Blueprint,,,Sack_Flour,,,,
SceneComponent,Loot_FlourSack_01_Spawner_C,UNP_Loot_FlourSack_04_75f24b53c5c4d0ce_34,-16932.969,39513.37,2131.197,Flour Sack,75.0,Blueprint,,,Sack_Flour,,,,
SceneComponent,Loot_FlourSack_01_Spawner_C,UNP_Loot_FlourSack_05_75f24b53c5c4d0ce_35,-17204.055,39634.9,2030.6908,Flour Sack,75.0,Blueprint,,,Sack_Flour,,,,
SceneComponent,Loot_FlourSack_01_Spawner_C,UNP_Loot_FlourSack_06_75f24b53c5c4d0ce_36,-17339.486,38979.73,1188.5148,Flour Sack,75.0,Blueprint,,,Sack_Flour,,,,
SceneComponent,Loot_Guillotine_01a_C,Loot_Guillotine_01a_C_68e0512c24d92e8f_1,16860.068,19254.791,-1838.8217,,,,,,,,,,
SceneComponent,Loot_Horn_01a_Spawner_C,Loot_Horn_01a_Spawner_C_UAID_04687488249400B902_4980766c61eef4cd_1705134073,-3610.293,10796.257,-1380.3928,Horn Case,25.0,Blueprint,,,Generic_Global_Medium,,,,
SceneComponent,Loot_Horn_01a_Spawner_C,Loot_Horn_01a_Spawner_C_UAID_04687488249400B902_4980766c61eef4cd_1720887499,-4810.665,11501.951,-1375.954,Horn Case,25.0,Blueprint,,,Generic_Global_Medium,,,,
SceneComponent,Loot_JewelleryTin_Medium_01a_Spawner_C,Loot_JewelleryTin_Medium_01a_Spawner_C_UAID_00FF8EFC2BEFDC7402_1c01bf7b401000ca_1372649031,-4406.2554,44734.22,-444.12238,Jewellery Box,10.0,Blueprint,,,BullionBox,,,,
SceneComponent,Loot_JewelleryTin_Medium_01a_Spawner_C,Loot_JewelleryTin_Medium_01a_Spawner_C_UAID_00FF8EFC2BEFDC7402_34524a75c16023c3_1372649031,-26901.074,40515.83,281.4527,Jewellery Box,10.0,Blueprint,,,BullionBox,,,,
SceneComponent,Loot_JewelleryTin_Medium_01a_Spawner_C,Loot_JewelleryTin_Medium_01a_Spawner_C_UAID_00FF8EFC2BEFDC7402_4b0eede8f74eeabe_1372649031,46225.438,-7182.4546,202.2794,Jewellery Box,10.0,Blueprint,,,BullionBox,,,,
SceneComponent,Loot_JewelleryTin_Medium_01a_Spawner_C,Loot_JewelleryTin_Medium_01a_Spawner_C_UAID_00FF8EFC2BEFDC7402_6ffdcc8800eb99e1_1372649031,-27365.85,38726.64,207.42682,Jewellery Box,10.0,Blueprint,,,BullionBox,,,,
SceneComponent,Loot_JewelleryTin_Medium_01a_Spawner_C,Loot_JewelleryTin_Medium_01a_Spawner_C_UAID_00FF8EFC2BEFDC7402_94e027eda96a359e_1372649031,-12889.503,6842.4395,-1889.3672,Jewellery Box,10.0,Blueprint,,,BullionBox,,,,
SceneComponent,Loot_JewelleryTin_Medium_01a_Spawner_C,Loot_JewelleryTin_Medium_01a_Spawner_C_UAID_00FF8EFC2BEFDC7402_b601f6deedbd78af_1372649031,14372.877,47529.277,-814.53625,Jewellery Box,10.0,Blueprint,,,BullionBox,,,,
SceneComponent,Loot_JewelleryTin_Medium_01a_Spawner_C,Loot_JewelleryTin_Medium_01a_Spawner_C_UAID_00FF8EFC2BEFDC7402_b775862f7515f8f6_1372649031,10343.0205,2932.4656,-1343.8257,Jewellery Box,10.0,Blueprint,,,BullionBox,,,,
SceneComponent,Loot_JewelleryTin_Medium_01a_Spawner_C,Loot_JewelleryTin_Medium_01a_Spawner_C_UAID_00FF8EFC2BEFDC7402_bfff84f011ec2fa4_1372649031,7465.8506,-10463.883,-884.09125,Jewellery Box,10.0,Blueprint,,,BullionBox,,,,
SceneComponent,Loot_JewelleryTin_Medium_01a_Spawner_C,Loot_JewelleryTin_Medium_01a_Spawner_C_UAID_00FF8EFC2BEFDC7402_d50f32f1276f0484_1372649031,48893.703,3751.6501,-804.5652,Jewellery Box,10.0,Blueprint,,,BullionBox,,,,
SceneComponent,Loot_JewelleryTin_Medium_01a_Spawner_C,Loot_JewelleryTin_Medium_01a_Spawner_C_UAID_00FF8EFC2BEFDC7402_dbbb2b62a481983d_1372649031,40867.695,2229.0793,-922.4576,Jewellery Box,10.0,Blueprint,,,BullionBox,,,,
SceneComponent,Loot_JewelleryTin_Medium_01a_Spawner_C,Loot_JewelleryTin_Medium_01a_Spawner_C_UAID_00FF8EFC2BEFDC7402_dc3f295327fd1338_1372649031,-17104.844,47452.53,397.84766,Jewellery Box,10.0,Blueprint,,,BullionBox,,,,
SceneComponent,Loot_JewelleryTin_Medium_01a_Spawner_C,Loot_JewelleryTin_Medium_01a_Spawner_C_UAID_00FF8EFC2BEFDC7402_e0f3998861feef1a_1372649031,47871.316,4500.8086,-936.49634,Jewellery Box,10.0,Blueprint,,,BullionBox,,,,
SceneComponent,Loot_JewelleryTin_Medium_01a_Spawner_C,Loot_JewelleryTin_Medium_01a_Spawner_C_UAID_04687488249408A302_d84ddc0f38b16161_1997337516,8689.769,-11691.628,-681.5248,Jewellery Box,10.0,Blueprint,,,BullionBox,,,,
SceneComponent,Loot_JewelleryTin_Medium_01a_Spawner_C,Loot_JewelleryTin_Medium_01a_Spawner_C_UAID_04687488249408A302_d84ddc0f38b16161_1998500548,9738.931,-11464.928,-612.3404,Jewellery Box,10.0,Blueprint,,,BullionBox,,,,
SceneComponent,Loot_JewelleryTin_Medium_01a_Spawner_C,Loot_JewelleryTin_Medium_01a_Spawner_C_UAID_04687488249415B302_067538a4a975e719_1747601181,-77747.01,-46750.05,-903.1104,Jewellery Box,10.0,Blueprint,,,BullionBox,,,,
SceneComponent,Loot_JewelleryTin_Medium_01a_Spawner_C,Loot_JewelleryTin_Medium_01a_Spawner_C_UAID_04687488249415B302_067538a4a975e719_1756019906,-78424.55,-45528.723,-836.0794,Jewellery Box,10.0,Blueprint,,,BullionBox,,,,
SceneComponent,Loot_JewelleryTin_Medium_01a_Spawner_C,Loot_JewelleryTin_Medium_01a_Spawner_C_UAID_04687488249415B302_28dfaf69cd5986be_1747601181,-70298.49,32283.875,559.2907,Jewellery Box,10.0,Blueprint,,,BullionBox,,,,
SceneComponent,Loot_JewelleryTin_Medium_01a_Spawner_C,Loot_JewelleryTin_Medium_01a_Spawner_C_UAID_04687488249415B302_28dfaf69cd5986be_1756019906,-68635.83,32434.373,486.19305,Jewellery Box,10.0,Blueprint,,,BullionBox,,,,
SceneComponent,Loot_JewelleryTin_Medium_01a_Spawner_C,Loot_JewelleryTin_Medium_01a_Spawner_C_UAID_04687488249415B302_30791b7cfa1a96e9_1747601181,-82367.664,-54083.07,-1080.4755,Jewellery Box,10.0,Blueprint,,,BullionBox,,,,
SceneComponent,Loot_JewelleryTin_Medium_01a_Spawner_C,Loot_JewelleryTin_Medium_01a_Spawner_C_UAID_04687488249415B302_30791b7cfa1a96e9_1756019906,-83649.59,-54640.906,-1054.7051,Jewellery Box,10.0,Blueprint,,,BullionBox,,,,
SceneComponent,Loot_JewelleryTin_Medium_01a_Spawner_C,Loot_JewelleryTin_Medium_01a_Spawner_C_UAID_04687488249415B302_48f494e7442bfe39_1747601181,-50085.89,92035.85,-789.45703,Jewellery Box,10.0,Blueprint,,,BullionBox,,,,
SceneComponent,Loot_JewelleryTin_Medium_01a_Spawner_C,Loot_JewelleryTin_Medium_01a_Spawner_C_UAID_04687488249415B302_48f494e7442bfe39_1756019906,-51443.527,91948.82,-466.27908,Jewellery Box,10.0,Blueprint,,,BullionBox,,,,
SceneComponent,Loot_JewelleryTin_Medium_01a_Spawner_C,Loot_JewelleryTin_Medium_01a_Spawner_C_UAID_04687488249415B302_78fb629afb2a31e2_1747601181,-83751.34,-49369.926,-981.41205,Jewellery Box,10.0,Blueprint,,,BullionBox,,,,
SceneComponent,Loot_JewelleryTin_Medium_01a_Spawner_C,Loot_JewelleryTin_Medium_01a_Spawner_C_UAID_04687488249415B302_78fb629afb2a31e2_1756019906,-85033.28,-49927.758,-955.64166,Jewellery Box,10.0,Blueprint,,,BullionBox,,,,
SceneComponent,Loot_JewelleryTin_Medium_01a_Spawner_C,Loot_JewelleryTin_Medium_01a_Spawner_C_UAID_04687488249415B302_b3585c0b23f7b273_1747601181,-77446.73,-50433.75,-983.2161,Jewellery Box,10.0,Blueprint,,,BullionBox,,,,
SceneComponent,Loot_JewelleryTin_Medium_01a_Spawner_C,Loot_JewelleryTin_Medium_01a_Spawner_C_UAID_04687488249415B302_b3585c0b23f7b273_1756019906,-78728.664,-50991.586,-957.44574,Jewellery Box,10.0,Blueprint,,,BullionBox,,,,
SceneComponent,Loot_JewelleryTin_Medium_01a_Spawner_C,Loot_JewelleryTin_Medium_01a_Spawner_C_UAID_04687488249415B302_e454552d2ccc2ea8_1747601181,-50176.67,87472.28,-847.8855,Jewellery Box,10.0,Blueprint,,,BullionBox,,,,
SceneComponent,Loot_JewelleryTin_Medium_01a_Spawner_C,Loot_JewelleryTin_Medium_01a_Spawner_C_UAID_04687488249415B302_e454552d2ccc2ea8_1756019906,-51534.31,87385.25,-524.7075,Jewellery Box,10.0,Blueprint,,,BullionBox,,,,
SceneComponent,Loot_JewelleryTin_Medium_01a_Spawner_C,Loot_JewelleryTin_Medium_01a_Spawner_C_UAID_581CF8B723153E8F02_d2b622e41626617e_1951858887,45717.344,-17416.418,-5290.538,Jewellery Box,10.0,Blueprint,,,BullionBox,,,,
SceneComponent,Loot_JewelleryTin_Medium_01a_Spawner_C,Loot_JewelleryTin_Medium_01a_Spawner_C_UAID_581CF8B72315648D02_458a0a47b52aac31_2033645158,42033.008,-16075.287,-6200.4263,Jewellery Box,10.0,Blueprint,,,BullionBox,,,,
SceneComponent,Loot_JewelleryTin_Medium_01a_Spawner_C,Loot_JewelleryTin_Medium_01a_Spawner_C_UAID_581CF8B72315648D02_c93707b1a66009af_2033645158,38097.344,-17712.127,-8010.3022,Jewellery Box,10.0,Blueprint,,,BullionBox,,,,
SceneComponent,Loot_JewelleryTin_Medium_01a_Spawner_C,Loot_JewelleryTin_Medium_01a_Spawner_C_UAID_581CF8B72315678D02_289b204959a58d51_1341517762,36696.145,-16278.846,-8029.6743,Jewellery Box,10.0,Blueprint,,,BullionBox,,,,
SceneComponent,Loot_JewelleryTin_Medium_01a_Spawner_C,Loot_JewelleryTin_Medium_01a_Spawner_C_UAID_581CF8B723157C8602_297b636c1481f881_1902842235,33785.84,-12020.421,-4236.051,Jewellery Box,10.0,Blueprint,,,BullionBox,,,,
SceneComponent,Loot_JewelleryTin_Medium_01a_Spawner_C,Loot_JewelleryTin_Medium_01a_Spawner_C_UAID_581CF8B723157C8602_adcabc3b77726472_1902842235,36937.496,-18639.535,-4656.133,Jewellery Box,10.0,Blueprint,,,BullionBox,,,,
SceneComponent,Loot_JewelleryTin_Medium_01a_Spawner_C,Loot_JewelleryTin_Medium_01a_Spawner_C_UAID_581CF8B72315E85202_0c42b2381b479eb1_1979797730,8820.887,17945.092,-1435.4723,Jewellery Box,10.0,Blueprint,,,BullionBox,,,,
SceneComponent,Loot_JewelleryTin_Medium_01a_Spawner_C,Loot_JewelleryTin_Medium_01a_Spawner_C_UAID_581CF8B72315F18202_451b1d6fea101154_1368680618,35159.05,-11885.981,-3074.1533,Jewellery Box,10.0,Blueprint,,,BullionBox,,,,
SceneComponent,Loot_JewelleryTin_Medium_01a_Spawner_C,Loot_JewelleryTin_Medium_01a_Spawner_C_UAID_581CF8B72315F18202_58ed27a752adb11f_1368680618,39356.137,-15086.695,-4490.9,Jewellery Box,10.0,Blueprint,,,BullionBox,,,,
SceneComponent,Loot_JewelleryTin_Medium_01a_Spawner_C,Loot_JewelleryTin_Medium_01a_Spawner_C_UAID_D843AE1A93E5949302_dca082373cf3e830_1560605430,20661.234,-3531.5156,-757.922,Jewellery Box,10.0,Blueprint,,,BullionBox,,,,
SceneComponent,Loot_JewelleryTin_Small_01a_Spawner_C,Loot_JewelleryTin_Small_01a_Spawner_C_UAID_046874882494829A02_68e0512c24d92e8f_1230511533,12182.806,19134.578,-1333.7334,Jewellery Box,50.0,Blueprint,,,BullionBox,,,,
SceneComponent,Loot_JewelleryTin_Small_01a_Spawner_C,Loot_JewelleryTin_Small_01a_Spawner_C_UAID_046874882494FE9802_e515a311258b40d3_1776840843,-8649.317,43453.59,-181.06729,Jewellery Box,50.0,Blueprint,,,BullionBox,,,,
SceneComponent,Loot_JewelleryTin_Small_01a_Spawner_C,Loot_JewelleryTin_Small_01a_Spawner_C_UAID_046874882494FE9802_e515a311258b40d3_1779043990,-11121.436,38727.35,-182.18207,Jewellery Box,50.0,Blueprint,,,BullionBox,,,,
SceneComponent,Loot_JewelleryTin_Small_01a_Spawner_C,Loot_JewelleryTin_Small_01a_Spawner_C_UAID_581CF8B72315328002_dca082373cf3e830_1494173067,20693.92,-5772.9106,-710.14026,Jewellery Box,50.0,Blueprint,,,BullionBox,,,,
SceneComponent,Loot_Jug_01a_Spawner_C,Loot_Jug_01a_Spawner_C_UAID_04687488249400B902_4980766c61eef4cd_1697038795,-5530.6377,10892.021,-1748.4137,Sealed Brass Jug,25.0,Blueprint,,,Distillery_Small,,,,
SceneComponent,Loot_Jug_01a_Spawner_C,Loot_Jug_01a_Spawner_C_UAID_04687488249400B902_4980766c61eef4cd_1699163863,-4268.8174,10872.092,-1339.6757,Sealed Brass Jug,25.0,Blueprint,,,Distillery_Small,,,,
SceneComponent,Loot_Jug_01a_Spawner_C,Loot_Jug_01a_Spawner_C_UAID_04687488249400B902_4980766c61eef4cd_1715414362,-5162.2812,10648.421,-1348.94,Sealed Brass Jug,25.0,Blueprint,,,Distillery_Small,,,,
SceneComponent,Loot_Jug_01a_Spawner_C,Loot_Jug_01a_Spawner_C_UAID_046874882494359A02_68479541b25a7529_1277679625,24779.617,44709.22,-1578.4227,Sealed Brass Jug,25.0,Blueprint,,,Distillery_Small,,,,
SceneComponent,Loot_Jug_01a_Spawner_C,Loot_Jug_01a_Spawner_C_UAID_046874882494359A02_68479541b25a7529_1277767631,25527.014,44761.137,-1588.0101,Sealed Brass Jug,25.0,Blueprint,,,Distillery_Small,,,,
SceneComponent,Loot_Jug_01a_Spawner_C,Loot_Jug_01a_Spawner_C_UAID_046874882494359A02_68479541b25a7529_1277856637,25185.408,44303.14,-1908.8777,Sealed Brass Jug,25.0,Blueprint,,,Distillery_Small,,,,
SceneComponent,Loot_Jug_01a_Spawner_C,Loot_Jug_01a_Spawner_C_UAID_046874882494359A02_68479541b25a7529_1277946643,25308.217,44181.367,-1567.0116,Sealed Brass Jug,25.0,Blueprint,,,Distillery_Small,,,,
SceneComponent,Loot_Jug_01a_Spawner_C,Loot_Jug_01a_Spawner_C_UAID_046874882494359A02_68479541b25a7529_1278037649,24823.482,44666.13,-1961.2643,Sealed Brass Jug,25.0,Blueprint,,,Distillery_Small,,,,
SceneComponent,Loot_Jug_01a_Spawner_C,Loot_Jug_01a_Spawner_C_UAID_046874882494359A02_68479541b25a7529_1278427667,25059.814,44429.74,-1528.3164,Sealed Brass Jug,25.0,Blueprint,,,Distillery_Small,,,,
SceneComponent,Loot_Jug_01a_Spawner_C,Loot_Jug_01a_Spawner_C_UAID_046874882494359A02_68479541b25a7529_1284669939,25454.547,45559.484,-2023.6423,Sealed Brass Jug,25.0,Blueprint,,,Distillery_Small,,,,
SceneComponent,Loot_Jug_01a_Spawner_C,Loot_Jug_01a_Spawner_C_UAID_046874882494359A02_68479541b25a7529_1284901957,26249.123,45132.81,-2022.5824,Sealed Brass Jug,25.0,Blueprint,,,Distillery_Small,,,,
SceneComponent,Loot_Jug_01a_Spawner_C,Loot_Jug_01a_Spawner_C_UAID_046874882494359A02_68479541b25a7529_1290548152,25647.426,44575.5,-1582.9579,Sealed Brass Jug,25.0,Blueprint,,,Distillery_Small,,,,
SceneComponent,Loot_Jug_01a_Spawner_C,Loot_Jug_01a_Spawner_C_UAID_0468748824944E8902_4481ef720ae1ae21_1226874494,-9243.361,-7602.2324,-799.7963,Sealed Brass Jug,25.0,Blueprint,,,Distillery_Small,,,,
SceneComponent,Loot_Jug_01a_Spawner_C,Loot_Jug_01a_Spawner_C_UAID_0468748824944E8902_4481ef720ae1ae21_1227100501,-9871.457,-7688.904,-813.6945,Sealed Brass Jug,25.0,Blueprint,,,Distillery_Small,,,,
SceneComponent,Loot_Jug_01a_Spawner_C,Loot_Jug_01a_Spawner_C_UAID_046874882494619802_c1357729720cf173_1316085276,14696.779,20902.918,-1740.9221,Sealed Brass Jug,25.0,Blueprint,,,Distillery_Small,,,,
SceneComponent,Loot_Jug_01a_Spawner_C,Loot_Jug_01a_Spawner_C_UAID_046874882494789602_2b1cf6401ef78c3e_2059814000,15584.187,19042.035,-1749.7675,Sealed Brass Jug,25.0,Blueprint,,,Distillery_Small,,,,
SceneComponent,Loot_Jug_01a_Spawner_C,Loot_Jug_01a_Spawner_C_UAID_046874882494789602_2b1cf6401ef78c3e_2059905014,15407.591,19612.371,-1440.7675,Sealed Brass Jug,25.0,Blueprint,,,Distillery_Small,,,,
SceneComponent,Loot_Jug_01a_Spawner_C,Loot_Jug_01a_Spawner_C_UAID_046874882494789602_2b1cf6401ef78c3e_2059988024,15060.947,19535.912,-1429.5022,Sealed Brass Jug,25.0,Blueprint,,,Distillery_Small,,,,
SceneComponent,Loot_Jug_01a_Spawner_C,Loot_Jug_01a_Spawner_C_UAID_046874882494789602_8120ab00ad815ff9_2059814000,11824.494,21395.441,-1752.9935,Sealed Brass Jug,25.0,Blueprint,,,Distillery_Small,,,,
SceneComponent,Loot_Jug_01a_Spawner_C,Loot_Jug_01a_Spawner_C_UAID_046874882494789602_8120ab00ad815ff9_2059905014,11926.001,20803.082,-1638.4729,Sealed Brass Jug,25.0,Blueprint,,,Distillery_Small,,,,
SceneComponent,Loot_Jug_01a_Spawner_C,Loot_Jug_01a_Spawner_C_UAID_046874882494829A02_68e0512c24d92e8f_1230454503,13375.313,18919.486,-1821.3826,Sealed Brass Jug,50.0,Custom,,,Distillery_Small,,,,
SceneComponent,Loot_Jug_01a_Spawner_C,Loot_Jug_01a_Spawner_C_UAID_046874882494829A02_68e0512c24d92e8f_1230478519,13191.311,18958.857,-1749.7675,Sealed Brass Jug,25.0,Blueprint,,,Distillery_Small,,,,
SceneComponent,Loot_Jug_01a_Spawner_C,Loot_Jug_01a_Spawner_C_UAID_046874882494829A02_68e0512c24d92e8f_1230516537,13342.738,18898.232,-1821.3826,Sealed Brass Jug,50.0,Custom,,,Distillery_Small,,,,
SceneComponent,Loot_Jug_01a_Spawner_C,Loot_Jug_01a_Spawner_C_UAID_046874882494829A02_68e0512c24d92e8f_1230564572,11858.413,18986.219,-1379.336,Sealed Brass Jug,50.0,Custom,,,Distillery_Small,,,,
SceneComponent,Loot_Jug_01a_Spawner_C,Loot_Jug_01a_Spawner_C_UAID_046874882494B4B302_75f24b53c5c4d0ce_1281791726,-17345.043,39077.96,2726.6658,Sealed Brass Jug,25.0,Blueprint,,,Distillery_Small,,,,
SceneComponent,Loot_Kindling_01a_Spawner_C,Loot_Kindling_01a_Spawner_C_UAID_581CF8B72315318002_dca082373cf3e830_1506961777,21126.521,-4279.3203,-757.09906,Kindling Pile,100.0,Custom,,,KindlingPile,,,,
SceneComponent,Loot_Kindling_01a_Spawner_C,StaticMeshActor_UAID_00FF8EFC2BEFA7C402_fce76c5a11c947db_1543884468,9065.352,13957.319,-1759.2028,Kindling Pile,50.0,Blueprint,,,KindlingPile,,,,
SceneComponent,Loot_Kindling_01a_Spawner_C,StaticMeshActor_UAID_00FF8EFC2BEFA7C402_fce76c5a11c947db_1543887469,9226.238,14022.729,-1758.2607,Kindling Pile,50.0,Blueprint,,,KindlingPile,,,,
SceneComponent,Loot_Kindling_01a_Spawner_C,StaticMeshActor_UAID_00FF8EFC2BEFA7C402_fce76c5a11c947db_1620997478,8894.496,13982.939,-1746.4406,Kindling Pile,50.0,Blueprint,,,KindlingPile,,,,
SceneComponent,Loot_Latrine_01a_Spawner_C,Loot_Latrine_01a_Spawner_C_UAID_046874882494499B02_35f6576d0925a26d_1878318568,765.54944,15869.243,-2164.969,Latrine,50.0,Blueprint,,,Latrine,,,,
SceneComponent,Loot_Latrine_01a_Spawner_C,Loot_Latrine_01a_Spawner_C_UAID_0468748824944E8902_4481ef720ae1ae21_1257743244,-12623.749,-7196.836,-1563.4222,Latrine,50.0,Blueprint,,,Latrine,,,,
SceneComponent,Loot_Latrine_01a_Spawner_C,Loot_Latrine_01a_Spawner_C_UAID_046874882494A69802_68e0512c24d92e8f_1373903135,9671.387,16637.588,-1954.6858,Latrine,50.0,Blueprint,,,Latrine,,,,
SceneComponent,Loot_LedgerDesk_Medium_01a_Spawner_C,Loot_LedgerDesk_Medium_01a_Spawner_C_4481ef720ae1ae21_1,-10454.079,-7746.6123,-982.5294,Ledger,,,,InventoryDefinition_Key'ID_Key_Bronze',Ledger,,,,
SceneComponent,Loot_LedgerDesk_Medium_01a_Spawner_C,Loot_LedgerDesk_Medium_01a_Spawner_C_UAID_04D9F5F93AD5644A02_2fa6262d75ac1966_1594650407,40024.312,17229.588,-1615.17,Ledger,,,,InventoryDefinition_Key'ID_Key_Bronze',Ledger,,,,
SceneComponent,Loot_LedgerDesk_Medium_01a_Spawner_C,Loot_LedgerDesk_Medium_01a_Spawner_C_UAID_581CF8B723158F5202_0c42b2381b479eb1_2108649050,8766.096,17719.557,-1525.2778,Ledger,,,,InventoryDefinition_Key'ID_Key_Bronze',Ledger,,,,
SceneComponent,Loot_LedgerDesk_Medium_01a_Spawner_C,UNP_Loot_LedgerDesk_Medium_01a_4980766c61eef4cd_0,-3244.7769,10908.53,-1556.4907,Ledger,,,,InventoryDefinition_Key'ID_Key_Bronze',Ledger,,,,
SceneComponent,Loot_LedgerDesk_Medium_01a_Spawner_C,UNP_Loot_LedgerDesk_Medium_01a_UAID_04D9F5F93AD5114502_4980766c61eef4cd_1457584607,-5039.1997,10260.932,-1556.4907,Ledger,,,,InventoryDefinition_Key'ID_Key_Bronze',Ledger,,,,
SceneComponent,Loot_LedgerDesk_Medium_02a_Spawner_C,Loot_LedgerDesk_Medium_02a_Spawner_C_0c42b2381b479eb1_1,9188.235,18037.535,-1525.4027,Ledger Desk,,,,InventoryDefinition_Key'ID_Key_Bronze',Ledger,,,,
SceneComponent,Loot_LedgerDesk_Medium_02a_Spawner_C,Loot_LedgerDesk_Medium_02a_Spawner_C_2b1cf6401ef78c3e_1,15099.997,20204.662,-1635.2306,Ledger Desk,,,,InventoryDefinition_Key'ID_Key_Bronze',Ledger,,,,
SceneComponent,Loot_LedgerDesk_Medium_02a_Spawner_C,Loot_LedgerDesk_Medium_02a_Spawner_C_UAID_04687488249400B902_4980766c61eef4cd_1709385178,-4966.806,10476.168,-1551.5862,Ledger Desk,,,,InventoryDefinition_Key'ID_Key_Bronze',Ledger,,,,
SceneComponent,Loot_LedgerDesk_Medium_02a_Spawner_C,Loot_LedgerDesk_Medium_02a_Spawner_C_UAID_046874882494359A02_68479541b25a7529_1286793078,24724.5,45094.395,-1747.3428,Ledger Desk,,,,InventoryDefinition_Key'ID_Key_Bronze',Ledger,,,,
SceneComponent,Loot_LedgerDesk_Medium_02a_Spawner_C,Loot_LedgerDesk_Medium_02a_Spawner_C_UAID_046874882494359A02_68479541b25a7529_1286892086,25604.506,44676.316,-1750.2524,Ledger Desk,,,,InventoryDefinition_Key'ID_Key_Bronze',Ledger,,,,
SceneComponent,Loot_LedgerDesk_Medium_02a_Spawner_C,Loot_LedgerDesk_Medium_02a_Spawner_C_UAID_0468748824944E8902_4481ef720ae1ae21_1244087127,-10172.632,-7348.517,-981.3027,Ledger Desk,,,,InventoryDefinition_Key'ID_Key_Bronze',Ledger,,,,
SceneComponent,Loot_LedgerDesk_Medium_02a_Spawner_C,Loot_LedgerDesk_Medium_02a_Spawner_C_UAID_046874882494829A02_68e0512c24d92e8f_1230549562,13531.214,19657.441,-1636.5526,Ledger Desk,,,,InventoryDefinition_Key'ID_Key_Bronze',Ledger,,,,
SceneComponent,Loot_LedgerDesk_Medium_02a_Spawner_C,Loot_LedgerDesk_Medium_02a_Spawner_C_UAID_046874882494B4B302_75f24b53c5c4d0ce_1280786678,-18139.828,40256.91,2041.6383,Ledger Desk,,,,InventoryDefinition_Key'ID_Key_Bronze',Ledger,,,,
SceneComponent,Loot_MedicalBag_Medium_01a_Spawner_C,Loot_MedicalBag_Medium_01a_Spawner_C_7e945ee4210d475d_0,48500.43,4783.779,-870.1055,Physician Bag,100.0,Custom,,,Medical_Medium,,,,
SceneComponent,Loot_MedicalBag_Medium_01a_Spawner_C,Loot_MedicalBag_Medium_01a_Spawner_C_8d74ee310e6406d5_0,25236.7,18320.299,-2543.863,Physician Bag,100.0,Custom,,,Medical_Medium,,,,
SceneComponent,Loot_MedicalBag_Medium_01a_Spawner_C,Loot_MedicalBag_Medium_01a_Spawner_C_UAID_046874882494829A02_68e0512c24d92e8f_1230432488,12332.557,18838.385,-1920.224,Physician Bag,100.0,Custom,,,Medical_Medium,,,,
SceneComponent,Loot_MedicalBag_Medium_01a_Spawner_C,Loot_MedicalBag_Medium_01a_Spawner_C_UAID_046874882494977D02_be6a6beac2196855_1270702795,11042.203,31410.42,-1362.6339,Physician Bag,20.0,Custom,,,Medical_Medium,,,,
SceneComponent,Loot_MedicalBag_Medium_01a_Spawner_C,Loot_MedicalBag_Medium_01a_Spawner_C_UAID_046874882494FE9802_e515a311258b40d3_1768581592,-11517.023,43482.832,-81.03419,Physician Bag,50.0,Blueprint,,,Medical_Medium,,,,
SceneComponent,Loot_MedicalBag_Medium_01a_Spawner_C,Loot_MedicalBag_Medium_01a_Spawner_C_UAID_581CF8B723152A8002_dca082373cf3e830_1850554428,18908.387,-1996.0085,-710.03326,Physician Bag,50.0,Blueprint,,,Medical_Medium,,,,
SceneComponent,Loot_MedicalBag_Medium_01a_Spawner_C,Loot_MedicalBag_Medium_01a_Spawner_C_UAID_581CF8B72315488E02_dfb147756528da82_1450497553,34284.83,-13180.681,-4330.3394,Physician Bag,50.0,Blueprint,,,Medical_Medium,,,,
SceneComponent,Loot_MedicalBag_Medium_01a_Spawner_C,Loot_MedicalBag_Medium_01a_Spawner_C_UAID_581CF8B72315678D02_289b204959a58d51_1370377773,36658.062,-16429.22,-8148.9805,Physician Bag,50.0,Blueprint,,,Medical_Medium,,,,
SceneComponent,Loot_MedicalBag_Medium_01a_Spawner_C,Loot_MedicalBag_Medium_01a_Spawner_C_UAID_581CF8B72315689102_d2b622e41626617e_1572317067,42295.96,-15948.554,-6334.472,Physician Bag,50.0,Blueprint,,,Medical_Medium,,,,
SceneComponent,Loot_MedicalBag_Medium_01a_Spawner_C,Loot_MedicalBag_Medium_01a_Spawner_C_UAID_D843AE1A93E5588702_4980766c61eef4cd_1077501726,-5469.301,11324.876,-1528.2693,Physician Bag,50.0,Blueprint,,,Medical_Medium,,,,
SceneComponent,Loot_MedicalBag_Medium_01a_Spawner_C,Loot_MedicalBag_Medium_01a_Spawner_C_UAID_D843AE1A93E55DDF02_e9710943a2517302_1659797962,12144.396,19176.754,-1439.7456,Physician Bag,100.0,Custom,,,Medical_Medium,,,,
SceneComponent,Loot_MedicalBag_Medium_01a_Spawner_C,Loot_MedicalBag_Medium_01a_Spawner_C_UAID_D843AE1A93E55EDF02_e9710943a2517302_1103107257,11319.216,20223.547,-1882.1199,Physician Bag,50.0,Blueprint,,,Medical_Medium,,,,
SceneComponent,Loot_MedicalBag_Medium_01a_Spawner_C,Loot_MedicalBag_Medium_01a_Spawner_C_UAID_D843AE1A93E5A37D02_68479541b25a7529_1925763733,24458.252,44896.266,-2429.5093,Physician Bag,50.0,Blueprint,,,Medical_Medium,,,,
SceneComponent,Loot_MedicalBag_Medium_01a_Spawner_C,Loot_MedicalBag_Medium_01a_Spawner_C_UAID_D843AE1A93E5DA7902_75f24b53c5c4d0ce_1391078482,-17337.625,39037.242,2476.6257,Physician Bag,50.0,Blueprint,,,Medical_Medium,,,,
SceneComponent,Loot_MedicalBag_Medium_01a_Spawner_C,Loot_MedicalBag_Medium_01a_Spawner_C_UAID_D843AE1A93E5E37902_4481ef720ae1ae21_1520959679,-9030.423,-6439.3335,-1782.2056,Physician Bag,100.0,Custom,,,Medical_Medium,,,,
SceneComponent,Loot_MedicalChest_01a_C,Loot_MedicalChest_01a_C_UAID_046874882494FE9802_e515a311258b40d3_1767214527,-11384.854,43564.34,-99.48766,Physician’s Cabinet,,,,,Medical_UREL_Medium,,,,
SceneComponent,Loot_MedicalChest_Medium_01a_Spawner_C,Loot_MedicalChest_Medium_01a_Spawner_C_UAID_046874882494FE9802_e515a311258b40d3_1768570587,-11511.906,43493.836,-20.450344,Medical Chest,50.0,Blueprint,,,Medical_Medium,,,,
SceneComponent,Loot_MedicalChest_Medium_01a_Spawner_C,Loot_MedicalChest_Medium_01a_Spawner_C_UAID_D843AE1A93E5D67902_4980766c61eef4cd_2079948722,-4953.025,10404.893,-1556.49,Medical Chest,100.0,Custom,,,Medical_Medium,,,,
SceneComponent,Loot_MedicalChest_Medium_01a_Spawner_C,Loot_MedicalChest_Medium_01a_Spawner_C_UAID_D843AE1A93E5DA7902_75f24b53c5c4d0ce_1483220494,-17011.521,39553.965,2476.6257,Medical Chest,100.0,Custom,,,Medical_Medium,,,,
SceneComponent,Loot_MedicalChest_Medium_01a_Spawner_C,UNP_Loot_MedicalChest_Medium_01a_Spawner_6cece6cb50bed0e4_0,18568.086,-7396.7573,-624.28955,Medical Chest,50.0,Blueprint,,,Medical_Medium,,,,
SceneComponent,Loot_MedicalChest_Medium_01a_Spawner_C,UNP_Loot_MedicalChest_Medium_01a_Spawner_UAID_0468748824945BB902_11158c6f7229cdc0_1707534653,4765.152,10074.048,-1622.2458,Medical Chest,50.0,Blueprint,,,Medical_Medium,,,,
SceneComponent,Loot_MedicalChest_Medium_01a_Spawner_C,UNP_Loot_MedicalChest_Medium_01a_Spawner_UAID_0468748824945BB902_11158c6f7229cdc0_1707538655,4693.2075,10152.712,-1622.4293,Medical Chest,50.0,Blueprint,,,Medical_Medium,,,,
SceneComponent,Loot_MedicalChest_Medium_01a_Spawner_C,UNP_Loot_MedicalChest_Medium_01a_Spawner_UAID_D843AE1A93E5B78702_6cece6cb50bed0e4_1527209718,18647.498,-7467.873,-624.4731,Medical Chest,50.0,Blueprint,,,Medical_Medium,,,,
SceneComponent,Loot_MeleeWeaponCrate_01a_Spawner_C,Loot_MeleeWeaponCrate_01a_Spawner_C_UAID_0468748824945BB902_11158c6f7229cdc0_1707540657,4769.075,10103.581,-1556.5416,Melee Weapon Chest,100.0,Custom,,,Weapon_Melee,,,,
SceneComponent,Loot_MeleeWeaponCrate_01a_Spawner_C,Loot_MeleeWeaponCrate_01a_Spawner_C_UAID_581CF8B72315488E02_dfb147756528da82_1419474548,32058.719,-13155.778,-4313.046,Melee Weapon Chest,50.0,Blueprint,,,Weapon_Melee,,,,
SceneComponent,Loot_MeleeWeaponCrate_01a_Spawner_C,Loot_MeleeWeaponCrate_01a_Spawner_C_UAID_D843AE1A93E582DD02_4980766c61eef4cd_1619868437,-3405.4487,11081.822,-1556.4895,Melee Weapon Chest,100.0,Custom,,,Weapon_Melee,,,,
SceneComponent,Loot_MeleeWeaponCrate_01a_Spawner_C,Loot_MeleeWeaponCrate_01a_Spawner_C_UAID_D843AE1A93E586DD02_e9710943a2517302_1435815600,11457.135,20777.816,-1887.3025,Melee Weapon Chest,100.0,Custom,,,Weapon_Melee,,,,
SceneComponent,Loot_MeleeWeaponCrate_01a_Spawner_C,Loot_MeleeWeaponCrate_01a_Spawner_C_UAID_D843AE1A93E5B78702_6cece6cb50bed0e4_1962362839,18567.121,-7426.534,-558.5853,Melee Weapon Chest,100.0,Custom,,,Weapon_Melee,,,,
SceneComponent,Loot_MeleeWeaponCrate_01a_Spawner_C,Loot_WeaponCrate_01a_C_UAID_0468748824944D9B02_039ab8d01f784483_1449729246,-22550.059,23513.596,-736.2542,Melee Weapon Chest,50.0,Blueprint,,,Weapon_Melee,,,,
SceneComponent,Loot_MeleeWeaponCrate_01a_Spawner_C,Loot_WeaponCrate_01a_C_UAID_0468748824944D9B02_3059d67b4bbc9d72_1449729246,9743.121,-1804.7612,-1001.85516,Melee Weapon Chest,50.0,Blueprint,,,Weapon_Melee,,,,
SceneComponent,Loot_MeleeWeaponCrate_01a_Spawner_C,Loot_WeaponCrate_01a_C_UAID_0468748824944D9B02_3d7e79e141461900_1449729246,-17415.99,-2498.1792,-1671.6422,Melee Weapon Chest,50.0,Blueprint,,,Weapon_Melee,,,,
SceneComponent,Loot_MeleeWeaponCrate_01a_Spawner_C,Loot_WeaponCrate_01a_C_UAID_04687488249472BD02_e1f78a4abc3bf4ef_1743431729,-25945.27,-3337.8782,-1319.6866,Melee Weapon Chest,50.0,Blueprint,,,Weapon_Melee,,,,
SceneComponent,Loot_MeleeWeaponCrate_01a_Spawner_C,Loot_WeaponCrate_01a_C_UAID_046874882494A69802_68e0512c24d92e8f_1247207804,8776.407,16967.969,-1828.7607,Melee Weapon Chest,50.0,Blueprint,,,Weapon_Melee,,,,
SceneComponent,Loot_MeleeWeaponCrate_01a_Spawner_C,Loot_WeaponCrate_01a_C_UAID_046874882494B4B302_75f24b53c5c4d0ce_1285402807,-17338.738,39149.637,2638.428,Melee Weapon Chest,100.0,Custom,,,Weapon_Melee,,,,
SceneComponent,Loot_MeleeWeaponCrate_01a_Spawner_C,Loot_WeaponCrate_01a_C_UAID_046874882494DB9A02_2fa6262d75ac1966_2084398109,39799.875,16229.243,-1655.0522,Melee Weapon Chest,100.0,Custom,,,Weapon_Melee,,,,
SceneComponent,Loot_MeleeWeaponCrate_01a_Spawner_C,UNP_Loot_WeaponCrate_Rare_01a1_0652e36efe70cb34_1,43073.027,38968.574,-2105.1885,Melee Weapon Chest,50.0,Blueprint,,,Weapon_Melee,,,,
SceneComponent,Loot_MeleeWeaponCrate_01a_Spawner_C,UNP_Loot_WeaponCrate_Rare_01a1_25d0212baf162d62_1,7994.199,42603.51,-1784.0293,Melee Weapon Chest,50.0,Blueprint,,,Weapon_Melee,,,,
SceneComponent,Loot_MeleeWeaponCrate_01a_Spawner_C,UNP_Loot_WeaponCrate_Rare_01a1_686706cd5f32e31c_1,15702.222,33114.11,-2028.2667,Melee Weapon Chest,50.0,Blueprint,,,Weapon_Melee,,,,
SceneComponent,Loot_MeleeWeaponCrate_01a_Spawner_C,UNP_Loot_WeaponCrate_Rare_01a1_UAID_046874882494449B02_be84b45a7f1a85a5_1511931766,44592.992,26659.38,-2156.32,Melee Weapon Chest,50.0,Blueprint,,,Weapon_Melee,,,,
SceneComponent,Loot_MeleeWeaponCrate_01a_Spawner_C,UNP_Loot_WeaponCrate_Rare_01a1_UAID_046874882494FE9802_e515a311258b40d3_1764168424,-11920.291,40062.95,-160.4269,Melee Weapon Chest,50.0,Blueprint,,,Weapon_Melee,,,,
SceneComponent,Loot_MeleeWeaponCrate_REL_01a_Spawner_C,Loot_WeaponCrate_01a_C_UAID_04687488249456B902_40332391da5e1e80_1363663371,-4152.731,10338.112,-1902.4602,Reinforced Melee Weapon Chest,50.0,Blueprint,,InventoryDefinition_Key'ID_Key_Silver',Weapon_Melee_REL,,,,
SceneComponent,Loot_MeleeWeaponCrate_REL_01a_Spawner_C,Loot_WeaponCrate_01a_C_UAID_046874882494FE9802_e515a311258b40d3_1769083600,-10550.4375,39077.258,-139.11328,Reinforced Melee Weapon Chest,50.0,Blueprint,,InventoryDefinition_Key'ID_Key_Silver',Weapon_Melee_REL,,,,
SceneComponent,Loot_MeleeWeaponCrate_REL_01a_Unlocked_Spawner_C,Loot_MeleeWeaponCrate_REL_01a_Spawner_C_UAID_04D9F5F93AD57B3302_46788bd73785bd52_1372747076,36533.27,-15078.384,-7331.9697,Reinforced Melee Weapon Chest,50.0,Blueprint,,InventoryDefinition_Key'ID_Key_Silver',Weapon_Melee_REL,,,,
SceneComponent,Loot_MeleeWeaponCrate_REL_01a_Unlocked_Spawner_C,Loot_MeleeWeaponCrate_REL_01a_Unlocked_Spawner_C_UAID_581CF8B72315488902_668bffaf429d00f2_1984488454,36104.562,-22051.816,-4759.8506,Reinforced Melee Weapon Chest,50.0,Blueprint,,InventoryDefinition_Key'ID_Key_Silver',Weapon_Melee_REL,,,,
SceneComponent,Loot_MeleeWeaponCrate_REL_01a_Unlocked_Spawner_C,Loot_WeaponCrate_01a_C_UAID_04687488249400B902_4980766c61eef4cd_1706021088,-5432.1577,10575.405,-1480.1803,Reinforced Melee Weapon Chest,25.0,Custom,,InventoryDefinition_Key'ID_Key_Silver',Weapon_Melee_REL,,,,
SceneComponent,Loot_MeleeWeaponCrate_REL_01a_Unlocked_Spawner_C,Loot_WeaponCrate_01a_C_UAID_0468748824944E8902_4481ef720ae1ae21_1223650372,-9068.375,-6247.942,-1918.5114,Reinforced Melee Weapon Chest,50.0,Blueprint,,InventoryDefinition_Key'ID_Key_Silver',Weapon_Melee_REL,,,,
SceneComponent,Loot_MeleeWeaponCrate_REL_01a_Unlocked_Spawner_C,Loot_WeaponCrate_01a_C_UAID_0468748824945BB902_11158c6f7229cdc0_1720579299,4297.7695,10385.342,-1709.646,Reinforced Melee Weapon Chest,50.0,Blueprint,,InventoryDefinition_Key'ID_Key_Silver',Weapon_Melee_REL,,,,
SceneComponent,Loot_MeleeWeaponCrate_REL_01a_Unlocked_Spawner_C,Loot_WeaponCrate_01a_C_UAID_046874882494789602_2b1cf6401ef78c3e_2058928932,15318.761,18912.246,-1587.9257,Reinforced Melee Weapon Chest,50.0,Blueprint,,InventoryDefinition_Key'ID_Key_Silver',Weapon_Melee_REL,,,,
SceneComponent,Loot_MeleeWeaponCrate_REL_01a_Unlocked_Spawner_C,Loot_WeaponCrate_01a_C_UAID_046874882494A69802_68e0512c24d92e8f_1365853910,10820.758,17915.336,-1920.5685,Reinforced Melee Weapon Chest,50.0,Blueprint,,InventoryDefinition_Key'ID_Key_Silver',Weapon_Melee_REL,,,,
SceneComponent,Loot_MeleeWeaponCrate_REL_01a_Unlocked_Spawner_C,Loot_WeaponCrate_01a_C_UAID_046874882494B3B302_b672bb6c668a37ab_1992228415,-20877.414,43279.363,604.3102,Reinforced Melee Weapon Chest,50.0,Blueprint,,InventoryDefinition_Key'ID_Key_Silver',Weapon_Melee_REL,,,,
SceneComponent,Loot_MeleeWeaponCrate_REL_01a_Unlocked_Spawner_C,Loot_WeaponCrate_01a_C_UAID_046874882494B3B302_b672bb6c668a37ab_1992575438,-20108.387,41675.52,486.07678,Reinforced Melee Weapon Chest,50.0,Blueprint,,InventoryDefinition_Key'ID_Key_Silver',Weapon_Melee_REL,,,,
SceneComponent,Loot_MeleeWeaponCrate_REL_01a_Unlocked_Spawner_C,Loot_WeaponCrate_01a_C_UAID_046874882494B4B302_75f24b53c5c4d0ce_1285264802,-18262.527,38962.465,903.4367,Reinforced Melee Weapon Chest,50.0,Blueprint,,InventoryDefinition_Key'ID_Key_Silver',Weapon_Melee_REL,,,,
SceneComponent,Loot_MeleeWeaponCrate_REL_01a_Unlocked_Spawner_C,Loot_WeaponCrate_01a_C_UAID_581CF8B72315169D02_d2b622e41626617e_1893279492,39813.957,-17729.73,-5282.7197,Reinforced Melee Weapon Chest,50.0,Blueprint,,InventoryDefinition_Key'ID_Key_Silver',Weapon_Melee_REL,,,,
SceneComponent,Loot_MeleeWeaponCrate_REL_01a_Unlocked_Spawner_C,Loot_WeaponCrate_01a_C_UAID_581CF8B723154B9402_a517a7b494159cca_1277619449,36557.28,-11532.898,-3137.2908,Reinforced Melee Weapon Chest,50.0,Blueprint,,InventoryDefinition_Key'ID_Key_Silver',Weapon_Melee_REL,,,,
SceneComponent,Loot_MeleeWeaponCrate_REL_01a_Unlocked_Spawner_C,Loot_WeaponCrate_01a_C_UAID_581CF8B723159E9802_2f97df07b1f97260_1465115080,44753.285,-14899.996,-6264.147,Reinforced Melee Weapon Chest,50.0,Blueprint,,InventoryDefinition_Key'ID_Key_Silver',Weapon_Melee_REL,,,,
SceneComponent,Loot_MeleeWeaponCrate_REL_01a_Unlocked_Spawner_C,Loot_WeaponCrate_01a_C_UAID_581CF8B723159E9802_3887107067263f04_1465115080,37586.145,-15033.332,-8046.9214,Reinforced Melee Weapon Chest,50.0,Blueprint,,InventoryDefinition_Key'ID_Key_Silver',Weapon_Melee_REL,,,,
SceneComponent,Loot_OldStool_01a_Spawner_C,UNP_BP_ForestFloor_09a2_067538a4a975e719_0,-79718.25,-45826.434,-831.37103,Stool Drawer,,,,,Chest_Global_Small,,,,
SceneComponent,Loot_OldStool_01a_Spawner_C,UNP_BP_ForestFloor_09a2_28dfaf69cd5986be_0,-68338.14,33991.89,436.05997,Stool Drawer,,,,,Chest_Global_Small,,,,
SceneComponent,Loot_OldStool_01a_Spawner_C,UNP_BP_ForestFloor_09a2_30791b7cfa1a96e9_0,-83477.445,-55957.164,-1067.4022,Stool Drawer,,,,,Chest_Global_Small,,,,
SceneComponent,Loot_OldStool_01a_Spawner_C,UNP_BP_ForestFloor_09a2_48f494e7442bfe39_0,-51725.957,90652.75,-413.6605,Stool Drawer,,,,,Chest_Global_Small,,,,
SceneComponent,Loot_OldStool_01a_Spawner_C,UNP_BP_ForestFloor_09a2_78fb629afb2a31e2_0,-84861.125,-51244.016,-968.33887,Stool Drawer,,,,,Chest_Global_Small,,,,
SceneComponent,Loot_OldStool_01a_Spawner_C,UNP_BP_ForestFloor_09a2_b3585c0b23f7b273_0,-78556.516,-52307.844,-970.1429,Stool Drawer,,,,,Chest_Global_Small,,,,
SceneComponent,Loot_OldStool_01a_Spawner_C,UNP_BP_ForestFloor_09a2_e454552d2ccc2ea8_0,-51816.742,86089.19,-472.08896,Stool Drawer,,,,,Chest_Global_Small,,,,
SceneComponent,Loot_OldStool_01a_Spawner_C,UNP_Loot_OldStool_01a_Spawner_UAID_046874882494FE9802_e515a311258b40d3_1783183300,-10869.438,40472.63,-191.85043,Stool Drawer,,,,,Chest_Global_Small,,,,
SceneComponent,Loot_OldStool_01a_Spawner_C,UNP_PG_CC_Barrels_09_48587e268a079417_0,36185.242,37568.535,-1338.5013,Stool Drawer,,,,,Chest_Global_Small,,,,
SceneComponent,Loot_OpiumBox_01a_Spawner_C,Loot_OpiumBox_01a_Spawner_C_UAID_046874882494829A02_68e0512c24d92e8f_1230444497,12438.841,18797.494,-1755.6815,Jewellery Box,50.0,Blueprint,,,ValuablesBox,,,,
SceneComponent,Loot_OpiumBox_01a_Spawner_C,Loot_OpiumBox_01a_Spawner_C_UAID_046874882494A69802_68e0512c24d92e8f_1373906137,9664.078,16634.785,-1952.6028,Jewellery Box,50.0,Blueprint,,,ValuablesBox,,,,
SceneComponent,Loot_OpiumBox_01a_Spawner_C,Loot_OpiumBox_01a_Spawner_C_UAID_581CF8B723152F9002_d2b622e41626617e_2074714815,42334.445,-16583.65,-4807.4727,Jewellery Box,50.0,Blueprint,,,ValuablesBox,,,,
SceneComponent,Loot_OpiumBox_01a_Spawner_C,Loot_OpiumBox_01a_Spawner_C_UAID_581CF8B72315A68D02_289b204959a58d51_1600309845,36602.06,-18544.559,-7750.153,Jewellery Box,50.0,Blueprint,,,ValuablesBox,,,,
SceneComponent,Loot_OpiumBox_01a_Spawner_C,Loot_OpiumBox_01a_Spawner_C_UAID_D843AE1A93E5A37D02_68479541b25a7529_1925758731,24942.93,44092.277,-2443.0403,Jewellery Box,50.0,Blueprint,,,ValuablesBox,,,,
SceneComponent,Loot_PowderLocker_01a_Spawner_C,Loot_PowderLocker_01a_Spawner_C_UAID_D843AE1A93E550E502_1796597687,-11608.377,42752.906,-180.85155,Powder Locker,50.0,Blueprint,,,PowderLocker,,,,
SceneComponent,Loot_PowderLocker_01a_Spawner_C,Loot_PowderLocker_01a_Spawner_C_UAID_D843AE1A93E551E502_1419042886,40920.16,14709.928,-2160.6384,Powder Locker,50.0,Blueprint,,,PowderLocker,,,,
SceneComponent,Loot_PowderLocker_01a_Spawner_C,Loot_PowderLocker_01a_Spawner_C_UAID_D843AE1A93E5A5E502_1141348294,-2292.3733,14216.694,-1981.8729,Powder Locker,50.0,Blueprint,,,PowderLocker,,,,
SceneComponent,Loot_RangedWeaponCrate_01a_Spawner_C,Loot_RangedWeaponCrate_01a_Spawner_C_UAID_D843AE1A93E586DD02_e9710943a2517302_1297521903,11738.6875,19317.525,-1358.6797,Ranged Weapon Chest,100.0,Custom,,,Weapon_Ranged,,,,
SceneComponent,Loot_RangedWeaponCrate_01a_Spawner_C,Loot_WeaponCrate_01a_C_e515a311258b40d3_2,-10326.092,42675.52,-21.793116,Ranged Weapon Chest,25.0,Blueprint,,,Weapon_Ranged,,,,
SceneComponent,Loot_RangedWeaponCrate_01a_Spawner_C,UNP_Loot_WeaponCrate_01a_Spawner_UAID_04687488249466B302_11c294cc824aeaf3_1364755498,24138.062,15868.816,-2598.3286,Ranged Weapon Chest,10.0,Custom,,,Weapon_Ranged,,,,
SceneComponent,Loot_RangedWeaponCrate_01a_Spawner_C,UNP_Loot_WeaponCrate_Rare_01a_0652e36efe70cb34_0,43016.01,39165.133,-2001.765,Ranged Weapon Chest,25.0,Blueprint,,,Weapon_Ranged,,,,
SceneComponent,Loot_RangedWeaponCrate_01a_Spawner_C,UNP_Loot_WeaponCrate_Rare_01a_25d0212baf162d62_0,8174.676,42517.242,-1671.9214,Ranged Weapon Chest,25.0,Blueprint,,,Weapon_Ranged,,,,
SceneComponent,Loot_RangedWeaponCrate_01a_Spawner_C,UNP_Loot_WeaponCrate_Rare_01a_686706cd5f32e31c_0,15861.509,33246.047,-1929.2635,Ranged Weapon Chest,25.0,Blueprint,,,Weapon_Ranged,,,,
SceneComponent,Loot_RangedWeaponCrate_01a_Spawner_C,UNP_Loot_WeaponCrate_Rare_01a_UAID_046874882494449B02_be84b45a7f1a85a5_1511935768,44740.336,26869.047,-2056.6772,Ranged Weapon Chest,25.0,Blueprint,,,Weapon_Ranged,,,,
SceneComponent,Loot_RangedWeaponCrate_01a_Spawner_C,UNP_Loot_WeaponCrate_Rare_01a_UAID_046874882494FE9802_e515a311258b40d3_1764172426,-11974.644,40269.47,-77.39109,Ranged Weapon Chest,25.0,Blueprint,,,Weapon_Ranged,,,,
SceneComponent,Loot_RangedWeaponCrate_REL_01a_Spawner_C,Loot_RangedWeaponCrate_REL_01a_Spawner_C_UAID_04687488249472BD02_e1f78a4abc3bf4ef_1746623775,-26915.121,-2733.8186,-1224.7726,Reinforced Ranged Weapon Chest,50.0,Blueprint,,InventoryDefinition_Key'ID_Key_Silver',Weapon_Ranged_REL,,,,
SceneComponent,Loot_RangedWeaponCrate_REL_01a_Spawner_C,Loot_WeaponCrate_01a_C_UAID_04687488249400B902_4980766c61eef4cd_1710477209,-3834.7334,10587.162,-1505.7223,Reinforced Ranged Weapon Chest,50.0,Blueprint,,InventoryDefinition_Key'ID_Key_Silver',Weapon_Ranged_REL,,,,
SceneComponent,Loot_RangedWeaponCrate_REL_01a_Spawner_C,Loot_WeaponCrate_01a_C_UAID_0468748824945BB902_11158c6f7229cdc0_1720340294,2332.0225,8296.073,-2272.7563,Reinforced Ranged Weapon Chest,50.0,Blueprint,,InventoryDefinition_Key'ID_Key_Silver',Weapon_Ranged_REL,,,,
SceneComponent,Loot_RangedWeaponCrate_REL_01a_Spawner_C,Loot_WeaponCrate_01a_C_UAID_04687488249475B202_dca082373cf3e830_2038566016,19690.752,-3893.7788,-670.5726,Reinforced Ranged Weapon Chest,50.0,Blueprint,,InventoryDefinition_Key'ID_Key_Silver',Weapon_Ranged_REL,,,,
SceneComponent,Loot_RangedWeaponCrate_REL_01a_Spawner_C,Loot_WeaponCrate_01a_C_UAID_046874882494977D02_be6a6beac2196855_1268930555,11376.751,29917.06,-1673.8218,Reinforced Ranged Weapon Chest,50.0,Blueprint,,InventoryDefinition_Key'ID_Key_Silver',Weapon_Ranged_REL,,,,
SceneComponent,Loot_RangedWeaponCrate_REL_01a_Spawner_C,Loot_WeaponCrate_01a_C_UAID_046874882494A69802_68e0512c24d92e8f_1366219936,13343.309,21242.74,-1949.411,Reinforced Ranged Weapon Chest,50.0,Blueprint,,InventoryDefinition_Key'ID_Key_Silver',Weapon_Ranged_REL,,,,
SceneComponent,Loot_RangedWeaponCrate_REL_01a_Spawner_C,Loot_WeaponCrate_01a_C_UAID_046874882494B4B302_75f24b53c5c4d0ce_1281652721,-17311.285,39466.113,2527.1812,Reinforced Ranged Weapon Chest,50.0,Blueprint,,InventoryDefinition_Key'ID_Key_Silver',Weapon_Ranged_REL,,,,
SceneComponent,Loot_RangedWeaponCrate_REL_01a_Spawner_C,Loot_WeaponCrate_01a_C_UAID_046874882494FE9802_e515a311258b40d3_1774593773,-9954.423,38339.375,53.23659,Reinforced Ranged Weapon Chest,50.0,Blueprint,,InventoryDefinition_Key'ID_Key_Silver',Weapon_Ranged_REL,,,,
SceneComponent,Loot_RangedWeaponCrate_REL_01a_Spawner_C,Loot_WeaponCrate_01a_C_UAID_581CF8B72315E49A02_0f7a0ffded9e9812_1517461495,33746.94,-10201.78,-1008.5199,Reinforced Ranged Weapon Chest,50.0,Blueprint,,InventoryDefinition_Key'ID_Key_Silver',Weapon_Ranged_REL,,,,
SceneComponent,Loot_RangedWeaponCrate_REL_01a_Unlocked_Spawner_C,Loot_RangedWeaponCrate_REL_01a_Unlocked_Spawner_C_UAID_D843AE1A93E586DD02_143482fa8e70245c_1827702249,-9616.066,-5598.9087,-1885.3076,Reinforced Ranged Weapon Chest,100.0,Custom,,InventoryDefinition_Key'ID_Key_Silver',Weapon_Ranged_REL,,,,
SceneComponent,Loot_RangedWeaponCrate_REL_01a_Unlocked_Spawner_C,Loot_WeaponCrate_01a_C_UAID_04687488249400B902_4980766c61eef4cd_1707741137,-5098.634,10612.767,-1506.2582,Reinforced Ranged Weapon Chest,100.0,Custom,,InventoryDefinition_Key'ID_Key_Silver',Weapon_Ranged_REL,,,,
SceneComponent,Loot_RangedWeaponCrate_REL_01a_Unlocked_Spawner_C,Loot_WeaponCrate_01a_C_UAID_04687488249400B902_4980766c61eef4cd_1708660166,-5410.4185,10420.426,-1473.9539,Reinforced Ranged Weapon Chest,25.0,Custom,,InventoryDefinition_Key'ID_Key_Silver',Weapon_Ranged_REL,,,,
SceneComponent,Loot_RangedWeaponCrate_REL_01a_Unlocked_Spawner_C,Loot_WeaponCrate_01a_C_UAID_046874882494DB9A02_2fa6262d75ac1966_2084763126,40072.684,15933.826,-1637.1908,Reinforced Ranged Weapon Chest,50.0,Blueprint,,InventoryDefinition_Key'ID_Key_Silver',Weapon_Ranged_REL,,,,
SceneComponent,Loot_RangedWeaponCrate_REL_01a_Unlocked_Spawner_C,Loot_WeaponCrate_01a_C_UAID_04D9F5F93AD57B3302_354f917364157b04_2002938121,42906.996,-18401.047,-5720.5044,Reinforced Ranged Weapon Chest,50.0,Blueprint,,InventoryDefinition_Key'ID_Key_Silver',Weapon_Ranged_REL,,,,
SceneComponent,Loot_RangedWeaponCrate_REL_01a_Unlocked_Spawner_C,Loot_WeaponCrate_01a_C_UAID_581CF8B72315169D02_d2b622e41626617e_1893148486,43435.113,-15633.453,-5779.6606,Reinforced Ranged Weapon Chest,50.0,Blueprint,,InventoryDefinition_Key'ID_Key_Silver',Weapon_Ranged_REL,,,,
SceneComponent,Loot_RangedWeaponCrate_REL_01a_Unlocked_Spawner_C,Loot_WeaponCrate_01a_C_UAID_581CF8B72315169D02_d2b622e41626617e_1897673408,39537.664,-19729.004,-4897.0244,Reinforced Ranged Weapon Chest,50.0,Blueprint,,InventoryDefinition_Key'ID_Key_Silver',Weapon_Ranged_REL,,,,
SceneComponent,Loot_RangedWeaponCrate_REL_01a_Unlocked_Spawner_C,Loot_WeaponCrate_01a_C_UAID_581CF8B72315169D02_d2b622e41626617e_1897813415,44028.375,-16462.895,-6246.656,Reinforced Ranged Weapon Chest,50.0,Blueprint,,InventoryDefinition_Key'ID_Key_Silver',Weapon_Ranged_REL,,,,
SceneComponent,Loot_RangedWeaponCrate_REL_01a_Unlocked_Spawner_C,Loot_WeaponCrate_01a_C_UAID_581CF8B72315459A02_fd9254d4c43048e0_2011074712,49642.67,-15974.932,-5946.3496,Reinforced Ranged Weapon Chest,50.0,Blueprint,,InventoryDefinition_Key'ID_Key_Silver',Weapon_Ranged_REL,,,,
SceneComponent,Loot_RangedWeaponCrate_REL_01a_Unlocked_Spawner_C,Loot_WeaponCrate_01a_C_UAID_581CF8B72315A39802_289b204959a58d51_1533604834,38037.094,-17969.85,-8096.3667,Reinforced Ranged Weapon Chest,50.0,Blueprint,,InventoryDefinition_Key'ID_Key_Silver',Weapon_Ranged_REL,,,,
SceneComponent,Loot_RangedWeaponCrate_REL_01a_Unlocked_Spawner_C,Loot_WeaponCrate_01a_C_UAID_581CF8B72315B39802_9e8da11e2d3b4773_1747026829,43227.027,-22961.0,-3221.8315,Reinforced Ranged Weapon Chest,50.0,Blueprint,,InventoryDefinition_Key'ID_Key_Silver',Weapon_Ranged_REL,,,,
SceneComponent,Loot_RangedWeaponCrate_REL_01a_Unlocked_Spawner_C,Loot_WeaponCrate_01a_C_UAID_581CF8B72315E99302_32f0a05e6358b9c5_1823806950,37068.844,-8965.058,-2845.984,Reinforced Ranged Weapon Chest,50.0,Blueprint,,InventoryDefinition_Key'ID_Key_Silver',Weapon_Ranged_REL,,,,
SceneComponent,Loot_SideTable_01a_Spawner_C,Loot_SideTable_01a_Spawner_C_68479541b25a7529_1,25041.787,44849.73,-1753.1151,Bottom Drawer,,,,,CivilianCupboard_Small,,,,
SceneComponent,Loot_SideTable_01a_Spawner_C,Loot_SideTable_01a_Spawner_C_68479541b25a7529_2,26259.219,44894.19,-1753.1151,Bottom Drawer,,,,,CivilianCupboard_Small,,,,
SceneComponent,Loot_SideTable_01a_Spawner_C,Loot_SideTable_01a_Spawner_C_68479541b25a7529_4,25213.35,44333.79,-1753.1151,Bottom Drawer,,,,,CivilianCupboard_Small,,,,
SceneComponent,Loot_SideTable_01a_Spawner_C,Loot_SideTable_01a_Spawner_C_UAID_04D9F5F93AD5444102_4980766c61eef4cd_1118471941,-4908.578,10791.029,-1556.4905,Bottom Drawer,,,,,CivilianCupboard_Small,,,,
SceneComponent,Loot_SideTable_01a_Spawner_C,Loot_SideTable_01a_Spawner_C_UAID_04D9F5F93AD5BD4902_0c42b2381b479eb1_1758226770,8763.751,18880.23,-1525.2777,Bottom Drawer,,,,,CivilianCupboard_Small,,,,
SceneComponent,Loot_SlopBin_01a_Spawner_C,Loot_SlopBin_01a_Spawner_C_UAID_D843AE1A93E550E502_1715490682,-5473.428,10889.2,-1875.8716,Slop Bin,50.0,Blueprint,,,SlopBin,,,,
SceneComponent,Loot_SlopBin_01a_Spawner_C,Loot_SlopBin_01a_Spawner_C_UAID_D843AE1A93E551E502_1242532874,12633.063,19557.223,-1898.6892,Slop Bin,50.0,Blueprint,,,SlopBin,,,,
SceneComponent,Loot_SlopBin_01a_Spawner_C,Loot_SlopBin_01a_Spawner_C_UAID_D843AE1A93E551E502_1362082880,25038.242,44446.105,-2607.9702,Slop Bin,50.0,Blueprint,,,SlopBin,,,,
SceneComponent,Loot_SlopBin_01a_Spawner_C,Loot_SlopBin_01a_Spawner_C_UAID_D843AE1A93E552E502_1326802074,-11074.388,-5859.953,-1476.8568,Slop Bin,50.0,Blueprint,,,SlopBin,,,,
SceneComponent,Loot_StrongboxMedium_01a_Locked_Spawner_C,Loot_Strongbox_Large_01a_Spawner_C_UAID_046874882494069902_ae54c015e4f59828_2095130485,-28397.33,13778.256,-1310.9623,Strongbox,50.0,Blueprint,,InventoryDefinition_Key'ID_Key_Silver',Chest_Valuable_Medium,,,,
SceneComponent,Loot_StrongboxMedium_01a_Locked_Spawner_C,Loot_Strongbox_Large_01a_Spawner_C_UAID_0468748824945BB902_11158c6f7229cdc0_1691642788,5766.25,9585.512,-2231.458,Strongbox,50.0,Blueprint,,InventoryDefinition_Key'ID_Key_Silver',Chest_Valuable_Medium,,,,
SceneComponent,Loot_StrongboxMedium_01a_Locked_Spawner_C,Loot_Strongbox_Large_01a_Spawner_C_UAID_046874882494977D02_be6a6beac2196855_1269024559,10152.74,30483.186,-1909.0789,Strongbox,50.0,Blueprint,,InventoryDefinition_Key'ID_Key_Silver',Chest_Valuable_Medium,,,,
SceneComponent,Loot_StrongboxMedium_01a_Locked_Spawner_C,Loot_Strongbox_Large_01a_Spawner_C_UAID_046874882494B4B302_75f24b53c5c4d0ce_1281229702,-17793.193,38778.504,906.8514,Strongbox,50.0,Blueprint,,InventoryDefinition_Key'ID_Key_Silver',Chest_Valuable_Medium,,,,
SceneComponent,Loot_StrongboxMedium_01a_Locked_Spawner_C,Loot_Strongbox_Large_01a_Spawner_C_UAID_046874882494B4B302_75f24b53c5c4d0ce_1281369710,-18768.393,39610.094,1617.2435,Strongbox,50.0,Blueprint,,InventoryDefinition_Key'ID_Key_Silver',Chest_Valuable_Medium,,,,
SceneComponent,Loot_StrongboxMedium_01a_Locked_Spawner_C,Loot_Strongbox_Large_01a_Spawner_C_UAID_046874882494FE9802_e515a311258b40d3_1768315579,-11423.215,43276.758,-186.99185,Strongbox,50.0,Blueprint,,InventoryDefinition_Key'ID_Key_Silver',Chest_Valuable_Medium,,,,
SceneComponent,Loot_StrongboxMedium_01a_Locked_Spawner_C,Loot_Strongbox_Large_01a_Spawner_C_UAID_046874882494FE9802_e515a311258b40d3_1781286249,-11171.13,42580.312,-190.54385,Strongbox,50.0,Blueprint,,InventoryDefinition_Key'ID_Key_Silver',Chest_Valuable_Medium,,,,
SceneComponent,Loot_StrongboxMedium_01a_Locked_Spawner_C,Loot_Strongbox_Large_01a_Spawner_C_UAID_046874882494FE9802_e515a311258b40d3_1781558257,-11703.034,39235.016,-191.60083,Strongbox,50.0,Blueprint,,InventoryDefinition_Key'ID_Key_Silver',Chest_Valuable_Medium,,,,
SceneComponent,Loot_StrongboxMedium_01a_Locked_Spawner_C,Loot_Strongbox_Large_01a_Spawner_C_UAID_581CF8B72315F49302_70a1cae7777e20a4_1486560641,37713.46,-3504.3853,-1979.4519,Strongbox,50.0,Blueprint,,InventoryDefinition_Key'ID_Key_Silver',Chest_Valuable_Medium,,,,
SceneComponent,Loot_StrongboxMedium_01a_Spawner_C,Loot_StrongboxMedium_01a_Locked_Spawner_C_UAID_581CF8B72315488E02_dfb147756528da82_1467679559,33667.547,-12737.655,-4335.638,Strongbox,50.0,Blueprint,,,Chest_Valuable_Medium,,,,
SceneComponent,Loot_StrongboxMedium_01a_Spawner_C,Loot_StrongboxMedium_01a_Locked_Spawner_C_UAID_581CF8B72315698D02_2f97df07b1f97260_1104780273,44161.7,-14321.377,-6296.0967,Strongbox,50.0,Blueprint,,,Chest_Valuable_Medium,,,,
SceneComponent,Loot_StrongboxMedium_01a_Spawner_C,Loot_StrongboxMedium_01a_Locked_Spawner_C_UAID_581CF8B72315698D02_3887107067263f04_1104780273,36850.863,-14653.68,-8078.871,Strongbox,50.0,Blueprint,,,Chest_Valuable_Medium,,,,
SceneComponent,Loot_StrongboxMedium_01a_Spawner_C,Loot_StrongboxMedium_01a_Locked_Spawner_C_UAID_581CF8B72315A68D02_289b204959a58d51_1639233850,36767.164,-19858.076,-7811.0806,Strongbox,50.0,Blueprint,,,Chest_Valuable_Medium,,,,
SceneComponent,Loot_StrongboxMedium_01a_Spawner_C,Loot_StrongboxMedium_01a_Spawner_C_UAID_04D9F5F93AD57B3302_46788bd73785bd52_1169368058,36484.984,-14824.385,-6375.4155,Strongbox,50.0,Blueprint,,,Chest_Valuable_Medium,,,,
SceneComponent,Loot_StrongboxMedium_01a_Spawner_C,Loot_StrongboxMedium_01a_Spawner_C_UAID_04D9F5F93AD57B3302_46788bd73785bd52_1254844064,36455.934,-14758.338,-6173.7246,Strongbox,50.0,Blueprint,,,Chest_Valuable_Medium,,,,
SceneComponent,Loot_StrongboxMedium_01a_Spawner_C,Loot_StrongboxMedium_01a_Spawner_C_UAID_581CF8B72315488902_668bffaf429d00f2_2008962459,36075.652,-22581.193,-4743.5522,Strongbox,50.0,Blueprint,,,Chest_Valuable_Medium,,,,
SceneComponent,Loot_StrongboxMedium_01a_Spawner_C,Loot_StrongboxMedium_01a_Spawner_C_UAID_581CF8B723157C8602_297b636c1481f881_1986245252,34346.383,-11872.691,-4336.55,Strongbox,50.0,Blueprint,,,Chest_Valuable_Medium,,,,
SceneComponent,Loot_StrongboxMedium_01a_Spawner_C,Loot_StrongboxMedium_01a_Spawner_C_UAID_581CF8B723157C8602_adcabc3b77726472_1986245252,36313.48,-19004.18,-4746.4316,Strongbox,50.0,Blueprint,,,Chest_Valuable_Medium,,,,
SceneComponent,Loot_StrongboxMedium_01a_Spawner_C,Loot_StrongboxMedium_01a_Spawner_C_UAID_581CF8B72315838B02_abfa6e52c4152467_1097169616,38013.883,-19419.016,-7760.648,Strongbox,50.0,Blueprint,,,Chest_Valuable_Medium,,,,
SceneComponent,Loot_StrongboxMedium_01a_Spawner_C,Loot_StrongboxMedium_01a_Spawner_C_UAID_D843AE1A93E5D97902_2fa6262d75ac1966_1367440495,39904.496,16429.59,-1687.7767,Strongbox,50.0,Blueprint,,,Chest_Valuable_Medium,,,,
SceneComponent,Loot_StrongboxMedium_01a_Spawner_C,Loot_Strongbox_Large_01a_Spawner_C_UAID_0468748824944E8902_4481ef720ae1ae21_1237272924,-9142.216,-5698.576,-1968.9241,Strongbox,50.0,Blueprint,,,Chest_Valuable_Medium,,,,
SceneComponent,Loot_StrongboxMedium_01a_Spawner_C,Loot_Strongbox_Large_01a_Spawner_C_UAID_581CF8B72315059802_46788bd73785bd52_1339960632,35864.867,-15977.993,-4511.0728,Strongbox,50.0,Blueprint,,,Chest_Valuable_Medium,,,,
SceneComponent,Loot_StrongboxMedium_01a_Spawner_C,Loot_Strongbox_Large_01a_Spawner_C_UAID_581CF8B72315459A02_fd9254d4c43048e0_2011299721,47620.28,-16628.85,-6156.884,Strongbox,50.0,Blueprint,,,Chest_Valuable_Medium,,,,
SceneComponent,Loot_StrongboxSmall_01a_Locked_Spawner_C,Loot_StrongboxSmall_01a_Spawner_C_7e945ee4210d475d_0,48888.832,5248.5615,-646.7701,Small Strongbox,50.0,Blueprint,,InventoryDefinition_Key'ID_Key_Bronze',Chest_Valuable_Small,,,,
SceneComponent,Loot_StrongboxSmall_01a_Locked_Spawner_C,Loot_StrongboxSmall_01a_Spawner_C_8d74ee310e6406d5_0,25652.533,18760.709,-2320.5276,Small Strongbox,50.0,Blueprint,,InventoryDefinition_Key'ID_Key_Bronze',Chest_Valuable_Small,,,,
SceneComponent,Loot_StrongboxSmall_01a_Spawner_Open_C,Loot_StrongboxSmall_01a_Locked_Spawner_C_UAID_581CF8B723152F9002_d2b622e41626617e_2016699809,39944.562,-18321.57,-5348.687,Small Strongbox,50.0,Blueprint,,,Chest_Valuable_Small,,,,
SceneComponent,Loot_StrongboxSmall_01a_Spawner_Open_C,Loot_StrongboxSmall_01a_Locked_Spawner_C_UAID_581CF8B72315358F02_d2b622e41626617e_1422175668,35722.85,-16090.27,-5672.273,Small Strongbox,50.0,Blueprint,,,Chest_Valuable_Small,,,,
SceneComponent,Loot_StrongboxSmall_01a_Spawner_Open_C,Loot_StrongboxSmall_01a_Locked_Spawner_C_UAID_581CF8B72315F18202_451b1d6fea101154_1264384607,35151.387,-12498.729,-3163.531,Small Strongbox,50.0,Blueprint,,,Chest_Valuable_Small,,,,
SceneComponent,Loot_StrongboxSmall_01a_Spawner_Open_C,Loot_StrongboxSmall_01a_Locked_Spawner_C_UAID_581CF8B72315F18202_58ed27a752adb11f_1264384607,39267.812,-15700.596,-4501.4653,Small Strongbox,50.0,Blueprint,,,Chest_Valuable_Small,,,,
SceneComponent,Loot_StrongboxSmall_01a_Spawner_Open_C,Loot_StrongboxSmall_01a_Locked_Spawner_C_UAID_581CF8B72315F18202_668bffaf429d00f2_1264384607,36707.91,-21809.41,-4757.7646,Small Strongbox,50.0,Blueprint,,,Chest_Valuable_Small,,,,
SceneComponent,Loot_StrongboxSmall_01a_Spawner_Open_C,Loot_StrongboxSmall_01a_Spawner_C_UAID_04D9F5F93AD57A3302_46788bd73785bd52_1577423852,37167.598,-15277.497,-7421.6104,Small Strongbox,50.0,Blueprint,,,Chest_Valuable_Small,,,,
SceneComponent,Loot_StrongboxSmall_01a_Spawner_Open_C,Loot_StrongboxSmall_01a_Spawner_Open_C_UAID_04D9F5F93AD5FB8602_48fc168e6384f634_1623929594,39391.77,-11765.613,-3564.1938,Small Strongbox,50.0,Blueprint,,,Chest_Valuable_Small,,,,
SceneComponent,Loot_StrongboxSmall_01a_Spawner_Open_C,Loot_StrongboxSmall_01a_Spawner_Open_C_UAID_581CF8B72315198C02_9e8da11e2d3b4773_1148794095,43149.28,-23536.057,-3279.883,Small Strongbox,50.0,Blueprint,,,Chest_Valuable_Small,,,,
SceneComponent,Loot_StrongboxSmall_01a_Spawner_Open_C,Loot_StrongboxSmall_01a_Spawner_Open_C_UAID_581CF8B723153E8F02_d2b622e41626617e_1918167881,45391.348,-17057.021,-5318.575,Small Strongbox,50.0,Blueprint,,,Chest_Valuable_Small,,,,
SceneComponent,Loot_StrongboxSmall_01a_Spawner_Open_C,Loot_Strongbox_Large_01a_Spawner_C_UAID_046874882494069902_ae54c015e4f59828_2095257494,-28670.602,13700.97,-869.2797,Small Strongbox,50.0,Blueprint,,,Chest_Valuable_Small,,,,
SceneComponent,Loot_StrongboxSmall_01a_Spawner_Open_C,Loot_Strongbox_Large_01a_Spawner_C_UAID_0468748824945BB902_11158c6f7229cdc0_1691175776,5689.1,9827.166,-2231.4578,Small Strongbox,100.0,Custom,,,Chest_Valuable_Small,,,,
SceneComponent,Loot_StrongboxSmall_01a_Spawner_Open_C,Loot_Strongbox_Large_01a_Spawner_C_UAID_046874882494B4B302_75f24b53c5c4d0ce_1280933687,-17325.285,39205.516,2477.4976,Small Strongbox,50.0,Blueprint,,,Chest_Valuable_Small,,,,
SceneComponent,Loot_StrongboxSmall_01a_Spawner_Open_C,Loot_Strongbox_Large_01a_Spawner_C_UAID_046874882494B4B302_75f24b53c5c4d0ce_1281085695,-18806.482,39432.062,852.9684,Small Strongbox,50.0,Blueprint,,,Chest_Valuable_Small,,,,
SceneComponent,Loot_StrongboxSmall_01a_Spawner_Open_C,Loot_Strongbox_Large_01a_Spawner_C_UAID_581CF8B72315F29802_abfa6e52c4152467_2088113346,37207.742,-20551.707,-5378.8604,Small Strongbox,50.0,Blueprint,,,Chest_Valuable_Small,,,,
SceneComponent,Loot_Strongbox_Large_01a_Unlocked_Spawner_C,Loot_Strongbox_Large_01a_Spawner_C_UAID_04687488249400B902_4980766c61eef4cd_1702140997,-4913.1973,10292.317,-1556.4907,Large Strongbox,100.0,Custom,,InventoryDefinition_Key'ID_Key_Silver',Chest_Valuable_Large,,,,
SceneComponent,Loot_Strongbox_Large_01a_Unlocked_Spawner_C,Loot_Strongbox_Large_01a_Spawner_C_UAID_581CF8B72315A39802_289b204959a58d51_1633465847,35532.543,-17935.18,-8084.482,Large Strongbox,50.0,Blueprint,,InventoryDefinition_Key'ID_Key_Silver',Chest_Valuable_Large,,,,
SceneComponent,Loot_Strongbox_Large_01a_Unlocked_Spawner_C,Loot_Strongbox_Large_01a_Spawner_C_UAID_581CF8B72315E99302_32f0a05e6358b9c5_1815463777,38264.766,-8254.356,-2894.9143,Large Strongbox,50.0,Blueprint,,InventoryDefinition_Key'ID_Key_Silver',Chest_Valuable_Large,,,,
SceneComponent,Loot_Strongbox_Large_01a_Unlocked_Spawner_C,Loot_Strongbox_Large_01a_Spawner_C_UAID_581CF8B72315E99302_32f0a05e6358b9c5_1815648781,37613.402,-8151.034,-2894.9143,Large Strongbox,50.0,Blueprint,,InventoryDefinition_Key'ID_Key_Silver',Chest_Valuable_Large,,,,
SceneComponent,Loot_Strongbox_Large_01a_Unlocked_Spawner_C,Loot_Strongbox_Large_01a_Spawner_C_UAID_581CF8B72315E99302_32f0a05e6358b9c5_1815818785,38345.246,-7707.6934,-2896.0906,Large Strongbox,50.0,Blueprint,,InventoryDefinition_Key'ID_Key_Silver',Chest_Valuable_Large,,,,
SceneComponent,Loot_Strongbox_Large_01a_Unlocked_Spawner_C,Loot_Strongbox_Large_01a_Spawner_C_UAID_581CF8B72315E99302_32f0a05e6358b9c5_1815998789,37715.035,-7616.406,-2896.0906,Large Strongbox,50.0,Blueprint,,InventoryDefinition_Key'ID_Key_Silver',Chest_Valuable_Large,,,,
SceneComponent,Loot_Strongbox_Large_01a_Unlocked_Spawner_C,Loot_Strongbox_Large_01a_Unlocked_Spawner_C_UAID_581CF8B723155E8702_d2b622e41626617e_1216705229,40033.55,-20759.062,-4961.177,Large Strongbox,50.0,Blueprint,,InventoryDefinition_Key'ID_Key_Silver',Chest_Valuable_Large,,,,
SceneComponent,Loot_Strongbox_Large_01a_Unlocked_Spawner_C,Loot_Strongbox_Large_01a_Unlocked_Spawner_C_UAID_581CF8B72315838B02_abfa6e52c4152467_1133916622,37545.105,-19843.904,-7808.17,Large Strongbox,50.0,Blueprint,,InventoryDefinition_Key'ID_Key_Silver',Chest_Valuable_Large,,,,
SceneComponent,Loot_Stump_01a_C,Loot_Stump_01a_C_UAID_04D9F5F93AD5B13E02_11158c6f7229cdc0_1262539857,4337.863,12731.709,-2337.5864,Rotten Stump,,,,,Generic_Global_Medium,,,,
SceneComponent,Loot_TinkerCase_01a_Spawner_C,Loot_TinkerCase_01a_Spawner_C_UAID_D843AE1A93E550E502_1622818677,-4225.8745,11366.129,-1461.4065,Tinker's Case,50.0,Blueprint,,,TinkerCase,,,,
SceneComponent,Loot_TinkerCase_01a_Spawner_C,Loot_TinkerCase_01a_Spawner_C_UAID_D843AE1A93E550E502_1930615692,12145.503,19191.693,-1348.8768,Tinker's Case,50.0,Blueprint,,,TinkerCase,,,,
SceneComponent,Loot_TinkerCase_01a_Spawner_C,Loot_TinkerCase_01a_Spawner_C_UAID_D843AE1A93E551E502_1802737892,40450.414,16740.39,-1560.7736,Tinker's Case,50.0,Blueprint,,,TinkerCase,,,,
SceneComponent,Loot_TinkerCase_01a_Spawner_C,Loot_TinkerCase_01a_Spawner_C_UAID_D843AE1A93E5A4E502_1794656112,-12776.434,40583.508,-71.38909,Tinker's Case,50.0,Blueprint,,,TinkerCase,,,,
SceneComponent,Loot_Wardrobe_03a_Spawner_C,C_Wardrobe_03a_Spawner_C_2fa6262d75ac1966_124,40333.758,16544.064,-1623.7354,Cupboard,,,,,HighClassCiv_Small,,,,
SceneComponent,Loot_Wardrobe_03a_Spawner_C,C_Wardrobe_03a_Spawner_C_68479541b25a7529_3,25984.398,45506.402,-2114.244,Cupboard,,,,,HighClassCiv_Small,,,,
SceneComponent,Loot_Wardrobe_03a_Spawner_C,LevelInstance_68479541b25a7529_11,24879.283,45236.664,-1753.1155,Cupboard,,,,,HighClassCiv_Small,,,,
SceneComponent,Loot_Wardrobe_03a_Spawner_C,LevelInstance_UAID_046874882494829A02_68e0512c24d92e8f_1230390463,13314.321,19292.018,-1637.7668,Cupboard,,,,,HighClassCiv_Small,,,,
SceneComponent,Loot_Wardrobe_03a_Spawner_C,Loot_Wardrobe_03a_Spawner_C_2b1cf6401ef78c3e_1,14790.06,20137.162,-1636.3743,Cupboard,,,,,HighClassCiv_Small,,,,
SceneComponent,Loot_Wardrobe_03a_Spawner_C,Loot_Wardrobe_03a_Spawner_C_4980766c61eef4cd_1,-3908.8254,11750.172,-1556.4891,Cupboard,,,,,HighClassCiv_Small,,,,
SceneComponent,Loot_Wardrobe_03a_Spawner_C,Loot_Wardrobe_03a_Spawner_C_68479541b25a7529_1,26209.06,45295.35,-1753.1152,Cupboard,,,,,HighClassCiv_Small,,,,
SceneComponent,Loot_Wardrobe_03a_Spawner_C,Loot_Wardrobe_03a_Spawner_C_68479541b25a7529_3,25849.248,45109.664,-1753.1141,Cupboard,,,,,HighClassCiv_Small,,,,
SceneComponent,Loot_Wardrobe_03a_Spawner_C,Loot_Wardrobe_03a_Spawner_C_68479541b25a7529_5,25723.121,44405.48,-1753.6587,Cupboard,,,,,HighClassCiv_Small,,,,
SceneComponent,Loot_Wardrobe_03a_Spawner_C,Loot_Wardrobe_03a_Spawner_C_UAID_04D9F5F93AD50F4B02_0c42b2381b479eb1_1376448445,9485.737,18701.771,-1931.8573,Cupboard,,,,,HighClassCiv_Small,,,,
SceneComponent,Loot_Wardrobe_03a_Spawner_C,Loot_Wardrobe_03a_Spawner_C_UAID_04D9F5F93AD5BD4902_0c42b2381b479eb1_1834522790,8760.721,18987.602,-1525.2777,Cupboard,,,,,HighClassCiv_Small,,,,
SceneComponent,Loot_Wardrobe_03a_Spawner_C,UNP_C_Wardrobe_01a2_4980766c61eef4cd_0,-5606.48,11272.277,-1556.4907,Cupboard,,,,,HighClassCiv_Small,,,,
SceneComponent,Loot_Wardrobe_03a_Spawner_C,UNP_C_Wardrobe_01a6_4980766c61eef4cd_2,-3280.5303,11064.124,-1556.4907,Cupboard,,,,,HighClassCiv_Small,,,,
SceneComponent,PG_CampFire_Smouldering_C,UNP_PG_CampFire_Smouldering1_UAID_581CF8B723156B9C02_684b6515b932cad9_1493283883,41815.395,-21689.44,-5447.503,,,,,,,,,,
SceneComponent,PG_CampFire_Smouldering_C,UNP_PG_CampFire_Smouldering1_UAID_581CF8B723156B9C02_684b6515b932cad9_1493390887,42301.062,-21986.393,-5447.503,,,,,,,,,,
SceneComponent,PG_CampFire_Smouldering_C,UNP_PG_CampFire_Smouldering1_UAID_581CF8B723156B9C02_684b6515b932cad9_1493496891,41520.582,-23153.703,-5448.213,,,,,,,,,,
SceneComponent,PG_CampFire_Smouldering_C,UNP_PG_CampFire_Smouldering1_UAID_581CF8B72315729602_dfb147756528da82_1567435359,34136.53,-13187.157,-4115.684,,,,,,,,,,
SceneComponent,PG_CampFire_Smouldering_C,UNP_PG_CampFire_Smouldering1_UAID_581CF8B72315E99302_32f0a05e6358b9c5_1822782922,38393.426,-7756.6865,-2635.0222,,,,,,,,,,
SceneComponent,PG_CampFire_Smouldering_C,UNP_PG_CampFire_Smouldering1_UAID_581CF8B72315E99302_32f0a05e6358b9c5_1822985926,38297.754,-8301.56,-2635.0222,,,,,,,,,,
SceneComponent,PG_CampFire_Smouldering_C,UNP_PG_CampFire_Smouldering1_UAID_581CF8B72315E99302_32f0a05e6358b9c5_1823188930,37564.137,-8187.2485,-2635.851,,,,,,,,,,
SceneComponent,PG_CampFire_Smouldering_C,UNP_PG_CampFire_Smouldering1_UAID_581CF8B72315E99302_32f0a05e6358b9c5_1823384934,37658.805,-7648.0825,-2635.851,,,,,,,,,,
SceneComponent,PG_Debris_01a_C,UNP_PG_Debris_01a_bc603417abab8b29_0,29738.178,39319.605,-1877.8044,,50.0,Blueprint,,,,,,,
SceneComponent,PG_GraveStone_02a_Spawner_C,PG_GraveStone_02a_Spawner_C_UAID_04687488249475B202_dca082373cf3e830_1884121153,20142.092,-2748.7454,-746.8478,Stone Grave,,,,,Grave_Large,,,,
SceneComponent,PG_GraveStone_02a_Spawner_C,PG_GraveStone_02a_Spawner_C_UAID_08BFB82FEC6AA4E002_dca082373cf3e830_1763936257,18999.234,-1268.7668,-746.8478,Stone Grave,,,,,Grave_Large,,,,
SceneComponent,PG_MossyStump_03_C,UNP_PG_MossyStump_03_0b2b7ca065924e7c_0,48009.023,4287.5884,-925.7982,,,,,,LIT_Item_Timber,,,,
SceneComponent,PG_OldShelf_01_C,PG_OldShelf_01_C_UAID_0468748824945BB902_11158c6f7229cdc0_1714317887,6716.3438,9746.897,-2097.0,,,,,,LIT_Item_Civilian_Shelf,,,,
SceneComponent,PG_SC_Barrels_08_C,UNP_PG_SC_Barrels_08_UAID_0468748824944E8902_4481ef720ae1ae21_1135167676,67.35573,33.719067,20.627756,,,,,,,,,,
SceneComponent,PG_SC_Barrels_08_C,UNP_PG_SC_Barrels_08_UAID_0468748824944E8902_4481ef720ae1ae21_1135394683,67.35573,33.71907,20.627756,,,,,,,,,,
SceneComponent,PG_SC_Barrels_08_C,UNP_PG_SC_Barrels_08_UAID_046874882494977D02_be6a6beac2196855_1434291216,67.35573,33.71907,20.627758,,,,,,,,,,
SceneComponent,PG_Soundtrap_Beam_Crows_01a_C,PG_Soundtrap_Beam_Crows_01a_C_UAID_046874882494829A02_68e0512c24d92e8f_1230537550,12084.669,18600.432,-1427.9984,Nest,10.0,Blueprint,,,Nest,,,,
SceneComponent,PG_Soundtrap_Beam_Crows_01a_C,UNP_PG_Soundtrap_Beam_Crows_01a2_75f24b53c5c4d0ce_0,-18735.889,39013.387,2121.9668,Nest,10.0,Blueprint,,,Nest,,,,
SceneComponent,PG_Soundtrap_Beam_Crows_01a_C,UNP_PG_Soundtrap_Beam_Crows_01a_4481ef720ae1ae21_0,-9729.383,-7648.0747,-1005.56726,Nest,10.0,Blueprint,,,Nest,,,,
SceneComponent,PG_Soundtrap_Beam_Crows_01a_C,UNP_PG_Soundtrap_Beam_Crows_01a_68479541b25a7529_0,24679.322,45141.938,-1241.0421,Nest,10.0,Blueprint,,,Nest,,,,
SceneComponent,PG_Soundtrap_Beam_Crows_01a_C,UNP_PG_Soundtrap_Beam_Crows_01a_bc603417abab8b29_0,29666.625,38943.207,-1865.6324,Nest,10.0,Blueprint,,,Nest,,,,
SceneComponent,PG_StoneTomb_01a_Spawner_C,StaticMeshActor_UAID_0468748824945C9202_657d6e388841b1cf_1137662890,46136.234,-17347.693,-5316.342,Stone Grave,,,,,Grave_Large,,,,
SceneComponent,PG_StoneTomb_01a_Spawner_C,StaticMeshActor_UAID_0468748824945C9202_657d6e388841b1cf_1138002911,46001.727,-16910.684,-5317.051,Stone Grave,,,,,Grave_Large,,,,
SceneComponent,PG_StoneTomb_01a_Spawner_C,StaticMeshActor_UAID_0468748824945C9202_c55de4808a095fe8_1137662890,38833.9,-18094.766,-6377.277,Stone Grave,,,,,Grave_Large,,,,
SceneComponent,PG_StoneTomb_01a_Spawner_C,StaticMeshActor_UAID_0468748824945C9202_c55de4808a095fe8_1138002911,39282.6,-18006.807,-6377.9854,Stone Grave,,,,,Grave_Large,,,,
SceneComponent,PG_StoneTomb_01a_Spawner_C,StaticMeshActor_UAID_0468748824945C9202_da5a71a943bc0697_1137662890,40227.938,-9803.252,-3956.623,Stone Grave,,,,,Grave_Large,,,,
SceneComponent,PG_StoneTomb_01a_Spawner_C,StaticMeshActor_UAID_0468748824945C9202_da5a71a943bc0697_1138002911,39771.97,-9837.385,-3957.3318,Stone Grave,,,,,Grave_Large,,,,
SceneComponent,PG_StoneTomb_01a_Spawner_C,StaticMeshActor_UAID_581CF8B72315169D02_d2b622e41626617e_1898628429,43002.77,-21277.906,-5749.4443,Stone Grave,,,,,Grave_Large,,,,
SceneComponent,PG_StoneTomb_01a_Spawner_C,StaticMeshActor_UAID_581CF8B72315169D02_d2b622e41626617e_1898766433,44698.492,-20760.281,-5906.715,Stone Grave,,,,,Grave_Large,,,,
SceneComponent,PG_StoneTomb_01a_Spawner_C,StaticMeshActor_UAID_581CF8B72315169D02_d2b622e41626617e_1898891437,42067.652,-20068.973,-5747.404,Stone Grave,,,,,Grave_Large,,,,
SceneComponent,PG_StoneTomb_01a_Spawner_C,StaticMeshActor_UAID_581CF8B72315169D02_d2b622e41626617e_1899015441,41740.11,-19976.838,-5748.4043,Stone Grave,,,,,Grave_Large,,,,
SceneComponent,PG_StoneTomb_01a_Spawner_C,StaticMeshActor_UAID_581CF8B72315169D02_d2b622e41626617e_1899293446,36480.234,-16344.306,-5737.3154,Stone Grave,,,,,Grave_Large,,,,
SceneComponent,PG_StoneTomb_01a_Spawner_C,StaticMeshActor_UAID_581CF8B72315169D02_d2b622e41626617e_1899430450,42970.254,-20298.053,-5752.3203,Stone Grave,,,,,Grave_Large,,,,
SceneComponent,PG_StoneTomb_01a_Spawner_C,StaticMeshActor_UAID_581CF8B72315409902_bfaf1c80d4eae32c_1302640816,36575.98,-18053.7,-5730.5557,Stone Grave,,,,,Grave_Large,,,,
SceneComponent,PG_StoneTomb_01a_Spawner_C,StaticMeshActor_UAID_581CF8B723156B9C02_684b6515b932cad9_1491191822,41211.16,-22329.389,-5681.8022,Stone Grave,,,,,Grave_Large,,,,
SceneComponent,PG_StoneTomb_01a_Spawner_C,StaticMeshActor_UAID_581CF8B723158C9402_1a842de26cb95987_1965010779,36025.47,-11609.532,-4335.464,Stone Grave,,,,,Grave_Large,,,,
SceneComponent,PG_StoneTomb_01a_Spawner_C,StaticMeshActor_UAID_581CF8B723158C9402_e12df52cbada3660_1965010779,36281.754,-18054.572,-8123.8433,Stone Grave,,,,,Grave_Large,,,,
SceneComponent,PG_StoneTomb_01a_Spawner_C,StaticMeshActor_UAID_581CF8B723158C9402_f7355c7f8d829090_1965010779,36046.414,-16816.928,-5732.0283,Stone Grave,,,,,Grave_Large,,,,
SceneComponent,PG_StoneTomb_01a_Spawner_C,StaticMeshActor_UAID_581CF8B72315909402_6bc8f51c3aeebb98_2054328333,34944.676,-11157.678,-4264.6343,Stone Grave,,,,,Grave_Large,,,,
SceneComponent,PG_StoneTomb_01a_Spawner_C,StaticMeshActor_UAID_581CF8B72315909402_6bc8f51c3aeebb98_2054468337,34952.676,-11159.276,-4126.64,Stone Grave,,,,,Grave_Large,,,,
SceneComponent,PG_StoneTomb_01a_Spawner_C,StaticMeshActor_UAID_581CF8B72315909402_6bc8f51c3aeebb98_2054607341,34978.754,-11582.825,-4126.652,Stone Grave,,,,,Grave_Large,,,,
SceneComponent,PG_StoneTomb_01a_Spawner_C,StaticMeshActor_UAID_581CF8B72315909402_802d02d6fea48c75_2054328333,37661.203,-16412.396,-8147.7144,Stone Grave,,,,,Grave_Large,,,,
SceneComponent,PG_StoneTomb_01a_Spawner_C,StaticMeshActor_UAID_581CF8B72315909402_802d02d6fea48c75_2054468337,37661.69,-16420.54,-8009.72,Stone Grave,,,,,Grave_Large,,,,
SceneComponent,PG_StoneTomb_01a_Spawner_C,StaticMeshActor_UAID_581CF8B72315909402_802d02d6fea48c75_2054607341,37258.723,-16553.54,-8009.732,Stone Grave,,,,,Grave_Large,,,,
SceneComponent,PG_StoneTomb_01a_Spawner_C,StaticMeshActor_UAID_581CF8B72315909402_a38daa17bbeeaef2_2054328333,36658.87,-16723.35,-8145.1196,Stone Grave,,,,,Grave_Large,,,,
SceneComponent,PG_StoneTomb_01a_Spawner_C,StaticMeshActor_UAID_581CF8B72315909402_a38daa17bbeeaef2_2054468337,36658.38,-16715.207,-8007.1255,Stone Grave,,,,,Grave_Large,,,,
SceneComponent,PG_StoneTomb_01a_Spawner_C,StaticMeshActor_UAID_581CF8B72315909402_a38daa17bbeeaef2_2054607341,37061.348,-16582.209,-8007.137,Stone Grave,,,,,Grave_Large,,,,
SceneComponent,PG_StoneTomb_01a_Spawner_C,StaticMeshActor_UAID_581CF8B72315969402_458a0a47b52aac31_2024182829,42291.523,-15737.289,-6338.472,Stone Grave,,,,,Grave_Large,,,,
SceneComponent,PG_StoneTomb_01a_Spawner_C,StaticMeshActor_UAID_581CF8B72315969402_458a0a47b52aac31_2024306833,42299.746,-15720.296,-6200.4062,Stone Grave,,,,,Grave_Large,,,,
SceneComponent,PG_StoneTomb_01a_Spawner_C,StaticMeshActor_UAID_581CF8B72315969402_c93707b1a66009af_2024182829,37766.53,-17979.783,-8148.348,Stone Grave,,,,,Grave_Large,,,,
SceneComponent,PG_StoneTomb_01a_Spawner_C,StaticMeshActor_UAID_581CF8B72315969402_c93707b1a66009af_2024306833,37754.543,-17994.363,-8010.282,Stone Grave,,,,,Grave_Large,,,,
SceneComponent,PG_StoneTomb_01a_Spawner_C,StaticMeshActor_UAID_581CF8B72315969402_fc2fc59ed8810916_1627016695,38512.047,-17154.428,-8010.779,Stone Grave,,,,,Grave_Large,,,,
SceneComponent,PG_StoneTomb_01a_Spawner_C,StaticMeshActor_UAID_581CF8B72315969402_fc2fc59ed8810916_1627123699,38368.35,-16744.66,-8010.7905,Stone Grave,,,,,Grave_Large,,,,
SceneComponent,PG_StoneTomb_01a_Spawner_C,StaticMeshActor_UAID_581CF8B72315999302_58ed27a752adb11f_1942517773,39080.81,-15636.337,-4498.238,Stone Grave,,,,,Grave_Large,,,,
SceneComponent,PG_StoneTomb_01a_Spawner_C,StaticMeshActor_UAID_581CF8B72315999302_58ed27a752adb11f_1942619777,39176.723,-15089.9375,-4493.8965,Stone Grave,,,,,Grave_Large,,,,
SceneComponent,PG_StoneTomb_01a_Spawner_C,StaticMeshActor_UAID_581CF8B723159E9802_2f97df07b1f97260_1464460040,43840.125,-15013.277,-6354.591,Stone Grave,,,,,Grave_Large,,,,
SceneComponent,PG_StoneTomb_01a_Spawner_C,StaticMeshActor_UAID_581CF8B723159E9802_2f97df07b1f97260_1478466091,44481.4,-15013.347,-6356.5137,Stone Grave,,,,,Grave_Large,,,,
SceneComponent,PG_StoneTomb_01a_Spawner_C,StaticMeshActor_UAID_581CF8B723159E9802_3887107067263f04_1464460040,36746.375,-15409.471,-8137.365,Stone Grave,,,,,Grave_Large,,,,
SceneComponent,PG_StoneTomb_01a_Spawner_C,StaticMeshActor_UAID_581CF8B723159E9802_3887107067263f04_1478466091,37359.465,-15221.444,-8139.288,Stone Grave,,,,,Grave_Large,,,,
SceneComponent,PG_Workbench_01_Spawner_C,PG_Workbench_01_C_3,41305.094,45456.84,-2188.2158,Workbench Drawer,,,,,Workbench_Small,,,,
SceneComponent,PG_Workbench_01_Spawner_C,PG_Workbench_01_Spawner_C_75f24b53c5c4d0ce_1,-17500.201,38625.793,2036.6305,Workbench Drawer,,,,,Workbench_Small,,,,
SceneComponent,PG_Workbench_01_Spawner_C,PG_Workbench_01_Spawner_C_UAID_046874882494829A02_68e0512c24d92e8f_1230437492,13683.214,18666.605,-1990.1251,Workbench Drawer,,,,,Workbench_Small,,,,
SceneComponent,PG_Workbench_01_Spawner_C,PG_Workbench_01_Spawner_C_UAID_046874882494977D02_be6a6beac2196855_1270171681,9841.163,30679.654,-1909.0312,Workbench Drawer,,,,,Workbench_Small,,,,
SceneComponent,PG_Workbench_01_Spawner_C,PG_Workbench_01_Spawner_C_UAID_04D9F5F93AD5624002_40332391da5e1e80_1683076004,-2779.1006,14901.001,-1645.1163,Workbench Drawer,,,,,Workbench_Small,,,,
SceneComponent,PG_Workbench_01_Spawner_C,PG_Workbench_01_Spawner_C_UAID_04D9F5F93AD5984102_ae54c015e4f59828_2044823278,-27814.672,12890.138,-871.0287,Workbench Drawer,,,,,Workbench_Small,,,,
SceneComponent,PG_Workbench_01_Spawner_C,PG_Workbench_01_Spawner_C_UAID_50EBF6D299694D4102_2fa6262d75ac1966_1395269718,39355.926,16741.49,-2166.6987,Workbench Drawer,,,,,Workbench_Small,,,,
SceneComponent,PG_Workbench_01_Spawner_C,PG_Workbench_01_Spawner_C_UAID_581CF8B72315A15202_68e0512c24d92e8f_1804720976,9014.186,17467.545,-1999.0542,Workbench Drawer,,,,,Workbench_Small,,,,
SceneComponent,PG_Workbench_01_Spawner_C,UNP_PG_Workbench_01_75f24b53c5c4d0ce_0,-18356.021,38778.566,2876.7397,Workbench Drawer,,,,,Workbench_Small,,,,
SphereComponent,BP_RaidExtractionPoint_Dirigible_C,BP_RaidExtractionPoint_Dirigible_C_0,44421.63,46869.5,-1655.0853,South River Dirigible,,,,,,,,,
SphereComponent,BP_RaidExtractionPoint_Dirigible_C,BP_RaidExtractionPoint_Dirigible_C_1,1909.6812,-6118.696,-1066.4912,East Field Dirigible,,,,,,,,,
SphereComponent,BP_RaidExtractionPoint_Dirigible_C,BP_RaidExtractionPoint_Dirigible_C_2,-27320.924,-5300.983,-2080.3115,Broken Bridge Dirigible,,,,,,,,,
SphereComponent,BP_RaidExtractionPoint_Dirigible_C,BP_RaidExtractionPoint_Dirigible_C_3,48498.516,11739.544,-913.3543,Farrier Dirigible,,,,,,,,,
SphereComponent,BP_RaidExtractionPoint_Dirigible_C,BP_RaidExtractionPoint_Dirigible_C_4,-4084.577,28680.344,-741.32184,Gunline Fort Dirigible,,,,,,,,,
SphereComponent,BP_RaidExtractionPoint_Dirigible_C,BP_RaidExtractionPoint_Dirigible_C_5,7123.816,46532.785,-1675.3534,Causeway Dirigible,,,,,,,,,
SphereComponent,BP_RaidExtractionPoint_Dirigible_C,BP_RaidExtractionPoint_Dirigible_C_6,-29110.65,22487.082,-620.7559,North Road Dirigible,,,,,,,,,
SphereComponent,BP_RaidExtractionPoint_Dirigible_C,BP_RaidExtractionPoint_Dirigible_C_UAID_04D9F5F93AD5CE5D02_1903761212,36432.16,39091.51,-967.62195,Southern Hill Dirigible,,,,,,,,,
SphereComponent,BP_RaidExtractionPoint_Dirigible_C,BP_RaidExtractionPoint_Dirigible_C_UAID_04D9F5F93AD5CE5D02_1985995333,32282.531,46502.875,-1830.4482,Well Of Stars Dirigible,,,,,,,,,
SphereComponent,BP_RaidExtractionPoint_Dirigible_C,BP_RaidExtractionPoint_Dirigible_C_UAID_04D9F5F93AD5D15D02_1343617043,32906.902,11781.11,-1354.2784,Forest Clearing Dirigible,,,,,,,,,
SphereComponent,BP_RaidExtractionPoint_Dirigible_C,BP_RaidExtractionPoint_Dirigible_C_UAID_04D9F5F93AD5D45D02_1141766803,3471.626,8594.339,-2084.246,Sarlat Bridge Dirigible,,,,,,,,,
StaticMeshComponent,Actor,Actor_09d611775904f069_0,-1950.4769,13318.23,-2017.8794,,,,,,,,,,
StaticMeshComponent,Actor,Actor_09d611775904f069_3,-1950.69,13404.733,-2034.244,,,,,,,,,,
StaticMeshComponent,Actor,Actor_10f82c0973ea311b_0,10379.236,42418.066,-1598.1111,,,,,,,,,,
StaticMeshComponent,Actor,Actor_7e945ee4210d475d_2,48568.18,4996.702,-610.0785,,,,,,,,False,,
StaticMeshComponent,Actor,Actor_84e22533154aa600_0,35443.453,36630.227,-1459.498,,,,,,,,,,
StaticMeshComponent,Actor,Actor_8d74ee310e6406d5_2,25317.219,18528.729,-2283.836,,,,,,,,False,,
StaticMeshComponent,Actor,Actor_UAID_00FF8EFC2BEFB95002_2a538c7dea25e717_1505287539,-14319.136,20132.367,-1083.2876,,,,,,,,False,,
StaticMeshComponent,Actor,Actor_UAID_00FF8EFC2BEFB95002_2bc76d6e5ff5aa5d_1505287539,-24672.848,8099.099,-1538.8542,,,,,,,,False,,
StaticMeshComponent,Actor,Actor_UAID_00FF8EFC2BEFB95002_6afd850c92c4bd89_1505287539,-8677.995,-8044.078,-1305.0281,,,,,,,,False,,
StaticMeshComponent,Actor,Actor_UAID_00FF8EFC2BEFB95002_76850bb7dd0eb628_1505287539,32147.6,34539.92,-1653.0024,,,,,,,,False,,
StaticMeshComponent,Actor,Actor_UAID_00FF8EFC2BEFB95002_bff200006534fd24_1505287539,-8763.721,29312.87,-714.7512,,,,,,,,False,,
StaticMeshComponent,Actor,Actor_UAID_0468748824944E8902_4481ef720ae1ae21_1135169677,209.34428,-54.332253,95.166954,,,,,,,,True,,
StaticMeshComponent,Actor,Actor_UAID_0468748824944E8902_4481ef720ae1ae21_1135396684,209.34427,-54.332256,95.166954,,,,,,,,True,,
StaticMeshComponent,Actor,Actor_UAID_046874882494977D02_be6a6beac2196855_1434293217,209.3443,-54.332256,95.16696,,,,,,,,True,,
StaticMeshComponent,Actor,Actor_UAID_D843AE1A93E58A5202_047ae0c4c7c68e78_1130343077,45587.92,-18896.9,-7611.1235,,,,,,,,False,,
StaticMeshComponent,Actor,Actor_UAID_D843AE1A93E58A5202_09189fd51d4ed112_1211372092,25047.309,18792.336,-2460.9397,,,,,,,,False,,
StaticMeshComponent,Actor,Actor_UAID_D843AE1A93E58A5202_09c36da6a85657d6_1130343077,9947.807,33181.383,-1731.253,,,,,,,,False,,
StaticMeshComponent,Actor,Actor_UAID_D843AE1A93E58A5202_0ae8458a9f980907_1130343077,7984.649,42611.79,-1737.5083,,,,,,,,False,,
StaticMeshComponent,Actor,Actor_UAID_D843AE1A93E58A5202_0f69390b6b5db159_1130343077,25454.877,18483.777,-2434.5466,,,,,,,,False,,
StaticMeshComponent,Actor,Actor_UAID_D843AE1A93E58A5202_1ab41f23a4511407_1130343077,43078.84,38959.656,-2058.172,,,,,,,,False,,
StaticMeshComponent,Actor,Actor_UAID_D843AE1A93E58A5202_3c176898c715c233_1130343077,41730.363,45916.46,-1958.8906,,,,,,,,False,,
StaticMeshComponent,Actor,Actor_UAID_D843AE1A93E58A5202_46013bd432af5843_1130343077,-6373.8896,35226.62,-450.73337,,,,,,,,False,,
StaticMeshComponent,Actor,Actor_UAID_D843AE1A93E58A5202_46c3e23024492e88_1130343077,27580.951,-2518.034,-218.6338,,,,,,,,False,,
StaticMeshComponent,Actor,Actor_UAID_D843AE1A93E58A5202_4cc37a1ff6234faf_1151383084,36863.336,-18644.271,-7721.8804,,,,,,,,False,,
StaticMeshComponent,Actor,Actor_UAID_D843AE1A93E58A5202_4cd5f8195c94ec1a_1130343077,48708.31,4960.17,-760.78906,,,,,,,,False,,
StaticMeshComponent,Actor,Actor_UAID_D843AE1A93E58A5202_5181745c69758868_1130343077,12276.137,19008.438,-1261.7511,,,,,,,,False,,
StaticMeshComponent,Actor,Actor_UAID_D843AE1A93E58A5202_6006a92d64382ce0_1130343077,19867.174,37121.55,-1779.4268,,,,,,,,False,,
StaticMeshComponent,Actor,Actor_UAID_D843AE1A93E58A5202_6c35b8d0baefcfbd_1130343077,28510.021,40987.344,-1804.5042,,,,,,,,False,,
StaticMeshComponent,Actor,Actor_UAID_D843AE1A93E58A5202_77fd15c02ebf74cb_1130343077,38089.598,15552.581,-1994.44,,,,,,,,False,,
StaticMeshComponent,Actor,Actor_UAID_D843AE1A93E58A5202_8b4b4cabcba6105b_1130343077,44030.645,26377.502,-1810.9119,,,,,,,,False,,
StaticMeshComponent,Actor,Actor_UAID_D843AE1A93E58A5202_8e50ea4ea54d18f5_1130343077,1074.7373,33885.496,-1015.8847,,,,,,,,False,,
StaticMeshComponent,Actor,Actor_UAID_D843AE1A93E58A5202_8edfa91929901f7e_1130343077,20559.223,26131.459,-1207.9443,,,,,,,,False,,
StaticMeshComponent,Actor,Actor_UAID_D843AE1A93E58A5202_a8a1d66a6d89b1d2_1151383084,38775.605,15121.061,-2077.649,,,,,,,,False,,
StaticMeshComponent,Actor,Actor_UAID_D843AE1A93E58A5202_a8e1c65d57b4c3b9_1130343077,-27608.875,25003.988,-314.59256,,,,,,,,False,,
StaticMeshComponent,Actor,Actor_UAID_D843AE1A93E58A5202_aa1d8ab246ca3517_1130343077,-8934.152,2225.5022,-1974.3789,,,,,,,,False,,
StaticMeshComponent,Actor,Actor_UAID_D843AE1A93E58A5202_ad793eb08b2d4699_1130343077,16018.705,9668.42,-1633.7998,,,,,,,,False,,
StaticMeshComponent,Actor,Actor_UAID_D843AE1A93E58A5202_b4d8823d64877c1f_1130343077,22862.67,5229.8213,-1052.4937,,,,,,,,False,,
StaticMeshComponent,Actor,Actor_UAID_D843AE1A93E58A5202_b895ff53c443934e_1130343077,15694.065,33109.523,-1980.9764,,,,,,,,False,,
StaticMeshComponent,Actor,Actor_UAID_D843AE1A93E58A5202_c05a7f97c07d044f_1130343077,-1229.5745,12731.9375,-1785.5476,,,,,,,,False,,
StaticMeshComponent,Actor,Actor_UAID_D843AE1A93E58A5202_c06373c44821e5ac_1130343077,-22437.893,19299.434,-1123.3077,,,,,,,,False,,
StaticMeshComponent,Actor,Actor_UAID_D843AE1A93E58A5202_c9f6463dcd280362_1130343077,-3057.7527,15629.4795,-1858.1396,,,,,,,,False,,
StaticMeshComponent,Actor,Actor_UAID_D843AE1A93E58A5202_e988ed8674c4da2f_1130343077,-22547.494,25579.225,-741.78046,,,,,,,,False,,
StaticMeshComponent,Actor,Actor_UAID_D843AE1A93E58A5202_ee77858e2fa60238_1130343077,31269.39,33188.03,-1551.338,,,,,,,,False,,
StaticMeshComponent,Actor,Actor_UAID_D843AE1A93E58A5202_f0d5a38b542e471b_1130343077,18519.762,-7455.906,-595.7592,,,,,,,,False,,
StaticMeshComponent,Actor,Actor_UAID_D843AE1A93E58A5202_f93be2fe7b551c4e_1130343077,25833.459,-8269.936,-209.2419,,,,,,,,False,,
StaticMeshComponent,Actor,Actor_UAID_D843AE1A93E58A5202_fb0f9fb4f585ccca_1211372092,48282.8,5243.482,-787.182,,,,,,,,False,,
StaticMeshComponent,BP_Horse_Corpse_03a_C,BP_Horse_Corpse_03a_C_1,34854.508,27860.23,-2121.9612,,,,,,,,,,
StaticMeshComponent,BP_Horse_Corpse_03a_C,BP_Horse_Corpse_03a_C_UAID_04D9F5F93AD5BB3E02_11158c6f7229cdc0_1316747803,7179.835,9797.6045,-1763.5203,,,,,,,,,,
StaticMeshComponent,BP_SoundTrap_Corpse_Fem_Hung04a_C,UNP_NT_CorpseFemale_Hanging_05_70289b78fbb72873_0,19118.607,40746.605,-968.48474,,,,,,,,,,
StaticMeshComponent,LootNode,LootNode_7e945ee4210d475d_0,48776.258,4869.0815,-636.57666,,,,,,ID_Lore_Uncommon_Note03_U,,,,
StaticMeshComponent,LootNode,LootNode_8d74ee310e6406d5_0,25517.186,18388.742,-2310.3342,,,,,,ID_Lore_Uncommon_Note03_U,,,,
StaticMeshComponent,LootNode,LootNode_UAID_046874882494829A02_68e0512c24d92e8f_1230615596,12124.699,19231.059,-1348.3743,,,,,,LIT_Ampoules,,,,
StaticMeshComponent,LootNode,LootNode_UAID_046874882494FE9802_e515a311258b40d3_1767243542,-11182.392,43433.418,-129.05818,,,,,,LIT_Ampoules,,,,
StaticMeshComponent,LootNode,LootNode_UAID_046874882494FE9802_e515a311258b40d3_1767245543,-10998.752,43370.12,-115.81205,,,,,,LIT_Ampoules,,,,
StaticMeshComponent,LootNode,LootNode_UAID_04D9F5F93AD589DC02_fee95617eaee0162_1286817171,33991.324,-14465.486,-4622.73,,,,,,LIT_Keys_M01_Dungeon,,,,
StaticMeshComponent,LootNode,LootNode_UAID_04D9F5F93AD589DC02_fee95617eaee0162_1460133172,41981.26,-18516.666,-7021.69,,,,,,LIT_M01_Dungeon_Figurine_03,,,,
StaticMeshComponent,LootNode,LootNode_UAID_04D9F5F93AD589DC02_fee95617eaee0162_1693251185,36327.31,-14987.926,-5338.6323,,,,,,LIT_M01_Dungeon_Figurine_01,,,,
StaticMeshComponent,LootNode,LootNode_UAID_04D9F5F93AD5B15602_e9710943a2517302_1811506049,9280.311,18191.203,-1828.5503,,,,,,LIT_Loose_M01SarlatHamlet_01a,,,,
StaticMeshComponent,LootNode,LootNode_UAID_04D9F5F93AD5DA8A02_fee95617eaee0162_1904459918,35087.023,-12402.223,-3049.6667,,,,,,LIT_Keys_M01_Dungeon,,,,
StaticMeshComponent,LootNode,LootNode_UAID_04D9F5F93AD5DA8A02_fee95617eaee0162_2002214921,35735.23,-22146.219,-4666.6704,,,,,,LIT_Keys_M01_Dungeon,,,,
StaticMeshComponent,LootNode,LootNode_UAID_04D9F5F93AD5DA8A02_fee95617eaee0162_2019802922,38166.047,-18156.996,-4652.7163,,,,,,LIT_Keys_M01_Dungeon,,,,
StaticMeshComponent,LootNode,LootNode_UAID_D843AE1A93E500A402_1283014024,-9428.247,-6373.3345,-1875.0603,,,,,,LIT_Sindle_Loose,,,,
StaticMeshComponent,LootNode,LootNode_UAID_D843AE1A93E500A402_1359251034,-26880.236,-2757.794,-1309.7887,,,,,,LIT_Tenebris_Loose,,,,
StaticMeshComponent,LootNode,LootNode_UAID_D843AE1A93E500A402_1994876035,-3524.7664,10750.932,-1366.9209,,,,,,LIT_Loose_VeenstrasSwine,,,,
StaticMeshComponent,LootNode,LootNode_UAID_D843AE1A93E50A9D02_132b055a24ba3278_1571953617,36835.15,-18693.783,-7739.545,,,,,,LIT_Loose_Money,,,,
StaticMeshComponent,LootNode,LootNode_UAID_D843AE1A93E50BE102_fee95617eaee0162_1604368234,39204.105,-12958.137,-3462.7505,,,,,,LIT_Keys_M01_Dungeon,,,,
StaticMeshComponent,LootNode,LootNode_UAID_D843AE1A93E50BE102_fee95617eaee0162_1633533513,37013.727,-19957.602,-4654.3784,,,,,,LIT_Loose_SmallItems,,,,
StaticMeshComponent,LootNode,LootNode_UAID_D843AE1A93E51AD902_2115214800,11084.65,31434.164,-1818.5072,,,,,,LIT_Loose_Ammo,,,,
StaticMeshComponent,LootNode,LootNode_UAID_D843AE1A93E51BD902_1580772977,10251.263,33956.223,-1861.5305,,,,,,LIT_Loose_Ammo,,,,
StaticMeshComponent,LootNode,LootNode_UAID_D843AE1A93E51BD902_1679714979,-10759.026,42560.895,95.93853,,,,,,LIT_Loose_Ammo,,,,
StaticMeshComponent,LootNode,LootNode_UAID_D843AE1A93E51BD902_1722049980,-12769.691,40525.19,-72.3142,,,,,,LIT_Loose_Ammo,,,,
StaticMeshComponent,LootNode,LootNode_UAID_D843AE1A93E51BD902_1883684981,-9819.254,38521.367,-119.041405,,,,,,LIT_Loose_Ammo,,,,
StaticMeshComponent,LootNode,LootNode_UAID_D843AE1A93E51BD902_2067741987,-5162.289,10643.926,-1437.0981,,,,,,LIT_Loose_Ammo,,,,
StaticMeshComponent,LootNode,LootNode_UAID_D843AE1A93E51CD902_1646547418,36679.977,-15189.6875,-7425.0254,,,,,,LIT_Loose_Ammo,,,,
StaticMeshComponent,LootNode,LootNode_UAID_D843AE1A93E547D102_143482fa8e70245c_1778493023,-9191.562,-5809.5474,-1859.2766,,,,,,ID_Lore_Rare_Note13,,,,
StaticMeshComponent,LootNode,LootNode_UAID_D843AE1A93E5498902_0c42b2381b479eb1_1192751061,8773.128,18857.182,-1445.0819,,,,,,LIT_Loose_MediumItems,,,,
StaticMeshComponent,LootNode,LootNode_UAID_D843AE1A93E5688602_4980766c61eef4cd_1090854612,-5124.2153,10658.917,-1438.2922,,,,,,LIT_Loose_Valuables,,,,
StaticMeshComponent,LootNode,LootNode_UAID_D843AE1A93E571D202_1598555895,35438.04,36882.812,-1327.4308,,,,,,LIT_Loose_Medicine,,,,
StaticMeshComponent,LootNode,LootNode_UAID_D843AE1A93E595A502_1171483884,15755.137,21744.912,-1907.8713,,,,,,LIT_AppleRecipe_Common_Loose,,,,
StaticMeshComponent,LootNode,LootNode_UAID_D843AE1A93E595A502_1933366885,9950.794,31271.002,-1746.1405,,,,,,LIT_MaceRecipe_Uncommon_Loose,,,,
StaticMeshComponent,LootNode,LootNode_UAID_D843AE1A93E596A502_1326816062,-10983.286,38594.04,422.76852,,,,,,LIT_AusterRecipe_Uncommon_Loose,,,,
StaticMeshComponent,LootNode,LootNode_UAID_D843AE1A93E59FCF02_8060a7a068a2c590_2115475218,43857.496,-23497.94,-3199.4006,,,,,,LIT_Loose_ChestArmour_All,,,,
StaticMeshComponent,LootNode,LootNode_UAID_D843AE1A93E5A3CF02_1833610537,40263.51,16023.586,-1614.1818,,,,,,LIT_SpearRecipe_Rare_Loose,,,,
StaticMeshComponent,LootNode,LootNode_UAID_D843AE1A93E5A9D502_2132775469,42445.25,-17918.467,-5636.475,,,,,,LIT_Basilisk_Loose,,,,
StaticMeshComponent,LootNode,LootNode_UAID_D843AE1A93E5AACF02_1902975741,-18793.334,39331.957,933.3598,,,,,,LIT_FreshBaguetteRecipe_Uncommon_Loose,,,,
StaticMeshComponent,LootNode,LootNode_UAID_D843AE1A93E5AAD502_1805783901,39296.684,-3215.2664,-1192.045,,,,,,LIT_BruteFemur_Loose,,,,
StaticMeshComponent,LootNode,LootNode_UAID_D843AE1A93E5AECF02_1996414450,18391.842,-5102.4277,-655.9004,,,,,,LIT_BloodbagRecipe_Uncommon_Loose,,,,
StaticMeshComponent,LootNode,LootNode_UAID_D843AE1A93E5AFCF02_1225995627,9206.941,18029.146,-1425.7683,,,,,,LIT_MurielsBoxRecipe_Uncommon_Loose,,,,
StaticMeshComponent,LootNode,LootNode_UAID_D843AE1A93E5B8D402_1206950769,19525.254,-4235.519,-620.0574,,,,,,LIT_PadresReply_Loose,,,,
StaticMeshComponent,LootNode,LootNode_UAID_D843AE1A93E5B8D402_1947616770,11743.491,19121.262,-1377.2091,,,,,,LIT_ItalianStandard_Loose,,,,
StaticMeshComponent,LootNode,LootNode_UAID_D843AE1A93E5B9D402_1887577165,-18853.223,39171.02,1725.8955,,,,,,LIT_PrussianEagle_Loose,,,,
StaticMeshComponent,LootNode,LootNode_UAID_D843AE1A93E5BAD402_1128679708,-16971.303,39319.32,2566.166,,,,,,LIT_Schlag_Loose,,,,
StaticMeshComponent,LootNode,LootNode_UAID_D843AE1A93E5BAD402_1838750733,15178.715,22815.172,-1515.1936,,,,,,LIT_Highlander_Loose,,,,
StaticMeshComponent,LootNode,LootNode_UAID_D843AE1A93E5CBD802_1763238114,25642.61,44375.188,-2599.8193,,,,,,LIT_Loose_ShortSword,,,,
StaticMeshComponent,LootNode,LootNode_UAID_D843AE1A93E5CBD802_1763241115,25713.797,44425.254,-2607.7444,,,,,,LIT_Loose_Schlag,,,,
StaticMeshComponent,LootNode,LootNode_UAID_D843AE1A93E5CC7F02_46788bd73785bd52_1703129891,36776.973,-15308.939,-7339.134,,,,,,LIT_Loose_Jager,,,,
StaticMeshComponent,LootNode,LootNode_UAID_D843AE1A93E5D1E302_8060a7a068a2c590_1080284255,43857.496,-23497.94,-3199.4006,,,,,,LIT_Loose_HeadArmour_All,,,,
StaticMeshComponent,LootNode,LootNode_UAID_D843AE1A93E5D2D802_68479541b25a7529_1707365617,26120.875,45273.418,-2023.0011,,,,,,LIT_Loose_Tavern,,,,
StaticMeshComponent,LootNode,LootNode_UAID_D843AE1A93E5D2D802_68479541b25a7529_1818948618,24729.814,46033.766,-2024.6833,,,,,,LIT_Loose_Tavern,,,,
StaticMeshComponent,LootNode,LootNode_UAID_D843AE1A93E5D2D802_68479541b25a7529_1905749859,25478.5,44674.48,-2101.4802,,,,,,LIT_Loose_Tavern,,,,
StaticMeshComponent,LootNode,LootNode_UAID_D843AE1A93E5E18802_4980766c61eef4cd_1366043887,-4886.721,10792.68,-1476.0675,,,,,,LIT_Loose_MediumItems,,,,
StaticMeshComponent,LootNode,LootNode_UAID_D843AE1A93E5E18802_4980766c61eef4cd_1463166894,-4103.47,11337.986,-1462.274,,,,,,LIT_Loose_MediumItems,,,,
StaticMeshComponent,LootNode,LootNode_UAID_D843AE1A93E5E18802_4980766c61eef4cd_1485519895,-4448.2686,10947.193,-1466.9691,,,,,,LIT_Ampoules,,,,
StaticMeshComponent,LootNode,LootNode_UAID_D843AE1A93E5E48802_2b1cf6401ef78c3e_1426198853,15121.132,20198.56,-1535.1792,,,,,,LIT_Loose_MediumItems,,,,
StaticMeshComponent,LootNode,LootNode_UAID_D843AE1A93E5E97E02_7d3a26b01e2473f7_1970050753,25541.549,44674.824,-2011.3433,,,,,,LIT_Loose_Louiseville,,,,
StaticMeshComponent,LootNode,LootNode_UAID_D843AE1A93E5EFE102_1004ba2f6eb96028_1943193475,-5315.344,10311.898,-1854.4348,,,,,,LIT_Loose_SmallItems,,,,
StaticMeshComponent,LootNode,LootNode_c0d00f95928ec9fe_0,24612.299,32303.457,-1434.5276,,,,,,LIT_Loose_WarAxe,,,,
StaticMeshComponent,LootNode,UNP_ChildActor_UAID_046874882494B4B302_75f24b53c5c4d0ce_1288394886,-16970.607,39494.59,2576.9531,,,,,,LIT_Loose_Medicine,,,,
StaticMeshComponent,LootNode,UNP_ChildActor_UAID_046874882494B4B302_75f24b53c5c4d0ce_1288695897,-18290.598,40224.33,2133.9011,,,,,,LIT_Loose_Medicine,,,,
StaticMeshComponent,LootNode,UNP_LootNode1_8618e39bceab8e31_1,-30233.277,15524.113,-1285.8347,,,,,,LIT_Item_Apple,,,,
StaticMeshComponent,LootNode,UNP_LootNode1_9d3335e2d56fbb0c_1,-30771.225,14543.2,-1262.9642,,,,,,LIT_Item_Apple,,,,
StaticMeshComponent,LootNode,UNP_LootNode1_UAID_0468748824944E8902_4481ef720ae1ae21_1129141542,-10996.495,-7183.1455,-1390.054,,,,,,LIT_Loose_MediumItems,,,,
StaticMeshComponent,LootNode,UNP_LootNode1_UAID_046874882494619802_c1357729720cf173_1310911147,14780.2705,20936.059,-2222.85,,,,,,LIT_Item_Table_Chapel,,,,
StaticMeshComponent,LootNode,UNP_LootNode1_UAID_046874882494829A02_68e0512c24d92e8f_1230589585,11729.595,19072.857,-1351.4526,,,,,,LIT_Loose_MediumItems,,,,
StaticMeshComponent,LootNode,UNP_LootNode1_UAID_046874882494FE9802_e515a311258b40d3_1783186302,-11093.365,40425.62,-138.92735,,,,,,LIT_Loose_MediumItems,,,,
StaticMeshComponent,LootNode,UNP_LootNode2_8618e39bceab8e31_2,-30303.389,15423.1,-1279.7927,,,,,,LIT_Item_Apple,,,,
StaticMeshComponent,LootNode,UNP_LootNode2_9d3335e2d56fbb0c_2,-30840.896,14442.277,-1252.1901,,,,,,LIT_Item_Apple,,,,
StaticMeshComponent,LootNode,UNP_LootNode2_UAID_046874882494359A02_68479541b25a7529_1286606065,24943.174,44568.54,-2014.15,,,,,,LIT_Loose_Table,,,,
StaticMeshComponent,LootNode,UNP_LootNode2_UAID_0468748824944E8902_4481ef720ae1ae21_1243407106,-8896.3545,-7459.5293,-883.4589,,,,,,LIT_Loose_SmallItems,,,,
StaticMeshComponent,LootNode,UNP_LootNode2_UAID_0468748824944E8902_4481ef720ae1ae21_1243873126,-10574.892,-6983.6475,-879.9883,,,,,,LIT_Loose_MediumItems,,,,
StaticMeshComponent,LootNode,UNP_LootNode2_UAID_046874882494977D02_be6a6beac2196855_1269563635,10112.052,30865.408,-1913.3849,,,,,,LIT_Item_Quarry,,,,
StaticMeshComponent,LootNode,UNP_LootNode2_UAID_046874882494B3B302_b672bb6c668a37ab_1994131514,-20883.19,44334.06,368.4152,,,,,,LIT_Item_Quarry,,,,
StaticMeshComponent,LootNode,UNP_LootNode2_UAID_046874882494FE9802_e515a311258b40d3_1773925728,-10720.9,43933.59,-181.32616,,,,,,LIT_Item_Quarry,,,,
StaticMeshComponent,LootNode,UNP_LootNode2_UAID_D843AE1A93E55EDF02_e9710943a2517302_1099977256,11645.152,20626.232,-1821.3286,,,,,,LIT_Loose_MediumItems,,,,
StaticMeshComponent,LootNode,UNP_LootNode3_8618e39bceab8e31_3,-30136.225,15441.822,-1288.48,,,,,,LIT_Item_Apple,,,,
StaticMeshComponent,LootNode,UNP_LootNode3_9d3335e2d56fbb0c_3,-30674.658,14460.788,-1271.9889,,,,,,LIT_Item_Apple,,,,
StaticMeshComponent,LootNode,UNP_LootNode_8618e39bceab8e31_0,-30320.5,15305.814,-1281.5635,,,,,,LIT_Item_Apple,,,,
StaticMeshComponent,LootNode,UNP_LootNode_9d3335e2d56fbb0c_0,-30858.227,14325.013,-1252.7219,,,,,,LIT_Item_Apple,,,,
StaticMeshComponent,LootNode,UNP_LootNode_UAID_04687488249400B902_4980766c61eef4cd_1701405992,-3761.5374,11192.121,-1966.4907,,,,,,LIT_Item_Currency,,,,
StaticMeshComponent,LootNode,UNP_LootNode_UAID_046874882494089902_3f0e6d0dd4e4221e_1094082601,-30096.027,12804.836,-1087.0704,,,,,,LIT_Item_Currency,,,,
StaticMeshComponent,LootNode,UNP_LootNode_UAID_046874882494359A02_68479541b25a7529_1283938880,25627.713,44771.285,-2011.4764,,,,,,LIT_Loose_MediumItems,,,,
StaticMeshComponent,LootNode,UNP_LootNode_UAID_046874882494359A02_68479541b25a7529_1284181899,26338.781,45064.336,-1661.7966,,,,,,LIT_Loose_Table,,,,
StaticMeshComponent,LootNode,UNP_LootNode_UAID_046874882494359A02_68479541b25a7529_1285341988,25132.104,46100.332,-2024.5957,,,,,,LIT_Loose_MediumItems,,,,
StaticMeshComponent,LootNode,UNP_LootNode_UAID_046874882494359A02_68479541b25a7529_1286420057,25230.809,44580.92,-2513.5686,,,,,,LIT_Loose_SmallItems,,,,
StaticMeshComponent,LootNode,UNP_LootNode_UAID_046874882494359A02_68479541b25a7529_1291275206,24607.127,44920.074,-1664.9838,,,,,,LIT_Loose_MediumItems,,,,
StaticMeshComponent,LootNode,UNP_LootNode_UAID_0468748824944E8902_4481ef720ae1ae21_1241380069,-11344.565,-5744.6235,-1799.2786,,,,,,LIT_Loose_MediumItems,,,,
StaticMeshComponent,LootNode,UNP_LootNode_UAID_0468748824944E8902_4481ef720ae1ae21_1242285086,-10593.38,-6143.7583,-1767.8685,,,,,,LIT_Loose_MediumItems,,,,
StaticMeshComponent,LootNode,UNP_LootNode_UAID_046874882494519802_0c42b2381b479eb1_1984626551,9059.604,18996.225,-1740.3922,,,,,,LIT_Loose_Medicine,,,,
StaticMeshComponent,LootNode,UNP_LootNode_UAID_046874882494519802_0c42b2381b479eb1_1986287676,9425.745,18951.514,-1433.81,,,,,,LIT_Loose_Table,,,,
StaticMeshComponent,LootNode,UNP_LootNode_UAID_046874882494519802_0c42b2381b479eb1_1986479703,9360.324,19117.549,-1842.9159,,,,,,LIT_Loose_Table,,,,
StaticMeshComponent,LootNode,UNP_LootNode_UAID_04687488249456B902_40332391da5e1e80_1375996722,-3126.3972,15296.495,-1771.6738,,,,,,LIT_Item_Currency,,,,
StaticMeshComponent,LootNode,UNP_LootNode_UAID_04687488249456B902_40332391da5e1e80_1376620752,-4657.8545,14760.438,-1764.6272,,,,,,LIT_Item_Currency,,,,
StaticMeshComponent,LootNode,UNP_LootNode_UAID_046874882494619802_c1357729720cf173_1309128073,14988.39,21247.02,-2155.9197,,,,,,LIT_Loose_Valuables,,,,
StaticMeshComponent,LootNode,UNP_LootNode_UAID_04687488249475B202_dca082373cf3e830_2034308902,20311.727,-3551.2295,-517.0265,,,,,,LIT_Item_Currency,,,,
StaticMeshComponent,LootNode,UNP_LootNode_UAID_046874882494B3B302_b672bb6c668a37ab_1984118251,-17066.86,42331.07,484.10245,,,,,,LIT_Item_Currency,,,,
StaticMeshComponent,LootNode,UNP_LootNode_UAID_046874882494DB9A02_2fa6262d75ac1966_2079325581,40369.797,17218.654,-1525.9252,,,,,,LIT_Loose_Ammo,,,,
StaticMeshComponent,LootNode,UNP_LootNode_UAID_046874882494FE9802_e515a311258b40d3_1783189303,-10912.417,40662.15,-132.6423,,,,,,LIT_Loose_MediumItems,,,,
StaticMeshComponent,LootNode,UNP_LootNode_UAID_D843AE1A93E5282D02_67c013df11cd7e5e_1545118561,-14656.152,20134.031,-1010.60034,,,,,,LIT_Item_Currency,,,,
StaticMeshComponent,LootNode,UNP_LootNode_UAID_D843AE1A93E5282D02_b1fc96e2eacecf14_1545118561,-24335.832,8100.828,-1466.1671,,,,,,LIT_Item_Currency,,,,
StaticMeshComponent,LootNode,UNP_LootNode_UAID_D843AE1A93E5282D02_d9e01533475b207b_1545118561,-9099.6045,29340.525,-642.06396,,,,,,LIT_Item_Currency,,,,
StaticMeshComponent,Loot_FlourSacks_03_C,Loot_FlourSacks_03_C_UAID_04687488249456B902_40332391da5e1e80_1310813296,-5819.603,16505.504,-1977.6018,Flour Sack,75.0,Blueprint,,,Sack_Flour,,,,
StaticMeshComponent,Loot_FlourSacks_03_C,Loot_FlourSacks_03_C_UAID_04687488249456B902_40332391da5e1e80_1310815299,-5495.0396,16458.924,-1977.6018,Flour Sack,75.0,Blueprint,,,Sack_Flour,,,,
StaticMeshComponent,Loot_FlourSacks_03_C,UNP_Loot_FlourSacks_03_0dbf95f2dd1e552f_0,33664.75,42337.984,-2172.9875,Flour Sack,75.0,Blueprint,,,Sack_Flour,,,,
StaticMeshComponent,Loot_FlourSacks_03_C,UNP_Loot_FlourSacks_03_19e66bb69324c711_0,46759.17,49968.223,-2172.9875,Flour Sack,75.0,Blueprint,,,Sack_Flour,,,,
StaticMeshComponent,Loot_FlourSacks_03_C,UNP_Loot_FlourSacks_03_285d8d0438310b65_0,26369.861,46813.938,-1765.7274,Flour Sack,75.0,Blueprint,,,Sack_Flour,,,,
StaticMeshComponent,Loot_FlourSacks_03_C,UNP_Loot_FlourSacks_03_2f00d91e4ecd5bd9_2,10832.492,22846.473,-1626.3887,Flour Sack,75.0,Blueprint,,,Sack_Flour,,,,
StaticMeshComponent,Loot_FlourSacks_03_C,UNP_Loot_FlourSacks_03_612b8435ec5bfafe_2,-4673.0483,13366.151,-1648.7578,Flour Sack,75.0,Blueprint,,,Sack_Flour,,,,
StaticMeshComponent,Loot_FlourSacks_03_C,UNP_Loot_FlourSacks_03_85a536a5a632a626_0,13751.671,28496.295,-2185.618,Flour Sack,75.0,Blueprint,,,Sack_Flour,,,,
StaticMeshComponent,Loot_FlourSacks_03_C,UNP_Loot_FlourSacks_03_a60450cc09cd4878_2,-863.4513,17639.746,-1714.2877,Flour Sack,75.0,Blueprint,,,Sack_Flour,,,,
StaticMeshComponent,Loot_FlourSacks_03_C,UNP_Loot_FlourSacks_03_b24b83461a382783_0,9700.503,21428.63,-1642.5541,Flour Sack,75.0,Blueprint,,,Sack_Flour,,,,
StaticMeshComponent,Loot_FlourSacks_03_C,UNP_Loot_FlourSacks_03_bcce546c1dc183c6_0,23.838226,15779.566,-1706.7822,Flour Sack,75.0,Blueprint,,,Sack_Flour,,,,
StaticMeshComponent,Loot_FlourSacks_03_C,UNP_Loot_FlourSacks_03_d4478a9b7cd386d2_0,-28717.85,-8025.4985,-2191.3484,Flour Sack,75.0,Blueprint,,,Sack_Flour,,,,
StaticMeshComponent,Loot_FlourSacks_03_C,UNP_Loot_FlourSacks_03_e8d7c584448c3be6_0,-2076.8318,11761.962,-1641.7507,Flour Sack,75.0,Blueprint,,,Sack_Flour,,,,
StaticMeshComponent,Loot_FlourSacks_03_C,UNP_PG_FlourSacks_04_150853ea8c65ef5f_0,-25974.438,-278.3214,-2080.6575,Flour Sack,75.0,Blueprint,,,Sack_Flour,,,,
StaticMeshComponent,Loot_FlourSacks_03_C,UNP_PG_FlourSacks_04_283447ad8419eb18_0,40924.05,46005.727,-2187.1072,Flour Sack,75.0,Blueprint,,,Sack_Flour,,,,
StaticMeshComponent,Loot_FlourSacks_03_C,UNP_PG_FlourSacks_04_UAID_046874882494B4B302_75f24b53c5c4d0ce_1292806077,-15852.334,38570.707,697.94586,Flour Sack,75.0,Blueprint,,,Sack_Flour,,,,
StaticMeshComponent,Loot_FlourSacks_03_C,UNP_PG_FlourSacks_09a34_2f00d91e4ecd5bd9_1,10523.705,23078.537,-1624.7219,Flour Sack,75.0,Blueprint,,,Sack_Flour,,,,
StaticMeshComponent,Loot_FlourSacks_03_C,UNP_PG_FlourSacks_09a34_612b8435ec5bfafe_1,-4990.96,13585.551,-1647.0911,Flour Sack,75.0,Blueprint,,,Sack_Flour,,,,
StaticMeshComponent,Loot_FlourSacks_03_C,UNP_PG_FlourSacks_09a34_a60450cc09cd4878_1,-550.4692,17413.371,-1712.6208,Flour Sack,75.0,Blueprint,,,Sack_Flour,,,,
StaticMeshComponent,Loot_FlourSacks_03_C,UNP_PG_FlourSacks_10a12_UAID_0468748824944D9B02_039ab8d01f784483_1448027161,-22446.846,24313.385,-905.4928,Flour Sack,75.0,Blueprint,,,Sack_Flour,,,,
StaticMeshComponent,Loot_FlourSacks_03_C,UNP_PG_FlourSacks_10a12_UAID_0468748824944D9B02_3059d67b4bbc9d72_1448027161,9183.021,-1224.5876,-1171.0938,Flour Sack,75.0,Blueprint,,,Sack_Flour,,,,
StaticMeshComponent,Loot_FlourSacks_03_C,UNP_PG_FlourSacks_10a12_UAID_0468748824944D9B02_3d7e79e141461900_1448027161,-17645.705,-3271.1892,-1840.8807,Flour Sack,75.0,Blueprint,,,Sack_Flour,,,,
StaticMeshComponent,Loot_FlourSacks_03_C,UNP_PG_FlourSacks_10a12_UAID_0468748824944E8902_4481ef720ae1ae21_1239782014,-9594.733,-7026.898,-1970.6564,Flour Sack,75.0,Blueprint,,,Sack_Flour,,,,
StaticMeshComponent,Loot_FlourSacks_03_C,UNP_PG_FlourSacks_10a12_UAID_0468748824944E8902_4481ef720ae1ae21_1240010027,-10584.397,-7684.026,-1478.7787,Flour Sack,75.0,Blueprint,,,Sack_Flour,,,,
StaticMeshComponent,Loot_FlourSacks_03_C,UNP_PG_FlourSacks_10a12_UAID_04687488249456B902_40332391da5e1e80_1374052661,-4115.9795,9763.317,-1946.6117,Flour Sack,75.0,Blueprint,,,Sack_Flour,,,,
StaticMeshComponent,Loot_FlourSacks_03_C,UNP_PG_FlourSacks_10a12_UAID_04687488249456B902_40332391da5e1e80_1374249673,-2198.1033,14468.685,-2032.7628,Flour Sack,75.0,Blueprint,,,Sack_Flour,,,,
StaticMeshComponent,Loot_FlourSacks_03_C,UNP_PG_FlourSacks_10a12_UAID_046874882494A69802_68e0512c24d92e8f_1367174961,12491.59,17776.945,-2020.184,Flour Sack,75.0,Blueprint,,,Sack_Flour,,,,
StaticMeshComponent,Loot_FlourSacks_03_C,UNP_PG_FlourSacks_10a12_UAID_046874882494A69802_68e0512c24d92e8f_1376705329,15096.176,21325.146,-2000.5918,Flour Sack,75.0,Blueprint,,,Sack_Flour,,,,
StaticMeshComponent,Loot_FlourSacks_03_C,UNP_PG_FlourSacks_10a12_UAID_046874882494A69802_68e0512c24d92e8f_1376871342,9563.64,16596.633,-1994.0023,Flour Sack,75.0,Blueprint,,,Sack_Flour,,,,
StaticMeshComponent,Loot_FlourSacks_03_C,UNP_PG_FlourSacks_10a12_UAID_046874882494B3B302_b672bb6c668a37ab_1985100276,-16235.778,41489.664,321.92572,Flour Sack,75.0,Blueprint,,,Sack_Flour,,,,
StaticMeshComponent,MapMarkerActor,MapMarkerActor_UAID_AC361BEF659428BC02_1274681270,7175.732,20098.232,25000.0,,,,,,,,,,
StaticMeshComponent,Node_Con_BarrelLathe_C,Node_Con_BarrelLathe_C_UAID_04D9F5F93AD58D9402_225042f66057c18b_1445608601,37493.13,-19669.56,-7697.4688,,,,,,,,,Profession.Conservator,Resource.Con.Mech.BarrelLathe
StaticMeshComponent,Node_Con_BarrelLathe_C,Node_Con_BarrelLathe_C_UAID_04D9F5F93AD58D9402_7af4e756f794af79_1445608601,36568.37,-19269.004,-7696.262,,,,,,,,,Profession.Conservator,Resource.Con.Mech.BarrelLathe
StaticMeshComponent,Node_Con_BarrelLathe_C,Node_Con_BarrelLathe_C_UAID_581CF8B72315BC9602_adcabc3b77726472_1241388293,36976.297,-19742.07,-4632.359,,,,,,,,,Profession.Conservator,Resource.Con.Mech.BarrelLathe
StaticMeshComponent,Node_Con_BlackenedStriker_C,Node_Con_BlackenedStriker_C_UAID_0468748824945BB902_11158c6f7229cdc0_1716446098,5937.2695,11334.002,-2233.7666,,,,,,,,,Profession.Conservator,Resource.Con.Mech.BlackenedStriker
StaticMeshComponent,Node_Con_BlackenedStriker_C,Node_Con_BlackenedStriker_C_UAID_04687488249472BD02_e1f78a4abc3bf4ef_1745536751,-23218.338,-5697.111,-1406.0858,,,,,,,,,Profession.Conservator,Resource.Con.Mech.BlackenedStriker
StaticMeshComponent,Node_Con_BlackenedStriker_C,Node_Con_BlackenedStriker_C_UAID_D843AE1A93E560B902_145448ba0480e9ec_1583786791,45285.645,-15594.406,-6252.827,,,,,,,,,Profession.Conservator,Resource.Con.Mech.BlackenedStriker
StaticMeshComponent,Node_Con_BlackenedStriker_C,Node_Con_BlackenedStriker_C_UAID_D843AE1A93E560B902_223c28f66d45e27d_1583786791,41495.63,-16791.703,-4721.093,,,,,,,,,Profession.Conservator,Resource.Con.Mech.BlackenedStriker
StaticMeshComponent,Node_Con_BlackenedStriker_C,Node_Con_BlackenedStriker_C_UAID_D843AE1A93E560B902_49e6f1ab3adcf2db_1583786791,-9484.135,39638.29,91.23123,,,,,,,,,Profession.Conservator,Resource.Con.Mech.BlackenedStriker
StaticMeshComponent,Node_Con_BlackenedStriker_C,Node_Con_BlackenedStriker_C_UAID_D843AE1A93E560B902_7a3b4ffa2d55fdd9_1583786791,12325.234,31760.81,-1866.3889,,,,,,,,,Profession.Conservator,Resource.Con.Mech.BlackenedStriker
StaticMeshComponent,Node_Con_BrokenRifle_C,Node_Con_BrokenRifle_C_UAID_D843AE1A93E50BAE02_1952147924,5967.0273,9570.89,-2232.9844,,,,,,,,,Profession.Conservator,Resource.Con.Mech.BrokenRifle
StaticMeshComponent,Node_Con_Chronometer_C,Node_Con_Chronometer_C_UAID_D843AE1A93E57CA102_1113872783,9901.456,30696.008,-1809.5653,,,,,,,,,Profession.Conservator,Resource.Con.Mech.Chronometer
StaticMeshComponent,Node_Con_Chronometer_C,Node_Con_Chronometer_C_UAID_D843AE1A93E57DA102_2130366351,41364.41,45487.74,-2088.849,,,,,,,,,Profession.Conservator,Resource.Con.Mech.Chronometer
StaticMeshComponent,Node_Con_Chronometer_C,Node_Con_Chronometer_C_UAID_D843AE1A93E57EA102_1147392528,6309.5703,9576.768,-2114.0789,,,,,,,,,Profession.Conservator,Resource.Con.Mech.Chronometer
StaticMeshComponent,Node_Con_Chronometer_C,Node_Con_Chronometer_C_UAID_D843AE1A93E5BFA102_1851783066,45269.5,-19523.578,-7862.745,,,,,,,,,Profession.Conservator,Resource.Con.Mech.Chronometer
StaticMeshComponent,Node_Con_Chronometer_C,Node_Con_Chronometer_C_UAID_D843AE1A93E5C0A102_1105604244,39248.66,-12948.743,-3462.7412,,,,,,,,,Profession.Conservator,Resource.Con.Mech.Chronometer
StaticMeshComponent,Node_Con_ConvexGlass_C,Node_Con_ConvexGlass_C_UAID_D843AE1A93E527B702_935d3b38bef081bf_1136638560,-10719.267,38735.047,473.0451,,,,,,,,,Profession.Conservator,Resource.Con.Curio.ChromaticLens
StaticMeshComponent,Node_Con_ConvexGlass_C,Node_Con_ConvexGlass_C_UAID_D843AE1A93E527B702_be787e9b8e9e8744_1136638560,11749.764,19231.467,-1320.4454,,,,,,,,,Profession.Conservator,Resource.Con.Curio.ChromaticLens
StaticMeshComponent,Node_Con_ConvexGlass_C,Node_Con_ConvexGlass_C_UAID_D843AE1A93E5CDA102_1751356040,33948.562,-14403.155,-4620.2603,,,,,,,,,Profession.Conservator,Resource.Con.Curio.ChromaticLens
StaticMeshComponent,Node_Con_ConvexGlass_C,Node_Con_ConvexGlass_C_UAID_D843AE1A93E5CEA102_1466470243,36723.887,-16252.601,-8024.2583,,,,,,,,,Profession.Conservator,Resource.Con.Curio.ChromaticLens
StaticMeshComponent,Node_Con_CopperTwine_C,Node_Con_CopperTwine_C_UAID_04D9F5F93AD5FB9102_19d26681369108ce_1743312393,-28829.219,12593.148,-1212.5176,,,,,,,,,Profession.Conservator,Resource.Con.Curio.CopperTwine
StaticMeshComponent,Node_Con_CopperTwine_C,Node_Con_CopperTwine_C_UAID_04D9F5F93AD5FB9102_2b8a4002d77c085e_1743312393,-23974.45,24288.867,-861.14905,,,,,,,,,Profession.Conservator,Resource.Con.Curio.CopperTwine
StaticMeshComponent,Node_Con_CopperTwine_C,Node_Con_CopperTwine_C_UAID_04D9F5F93AD5FB9102_42d637c7e4b1f897_1743312393,24070.5,16236.431,-2538.9485,,,,,,,,,Profession.Conservator,Resource.Con.Curio.CopperTwine
StaticMeshComponent,Node_Con_CopperTwine_C,Node_Con_CopperTwine_C_UAID_04D9F5F93AD5FB9102_6171c2e7d533acd3_1743312393,48129.754,-6654.8003,151.05325,,,,,,,,,Profession.Conservator,Resource.Con.Curio.CopperTwine
StaticMeshComponent,Node_Con_CopperTwine_C,Node_Con_CopperTwine_C_UAID_04D9F5F93AD5FB9102_a6e45220b6abf449_1743312393,12526.62,8017.8755,-1777.4126,,,,,,,,,Profession.Conservator,Resource.Con.Curio.CopperTwine
StaticMeshComponent,Node_Con_CopperTwine_C,Node_Con_CopperTwine_C_UAID_04D9F5F93AD5FB9102_ccfd6265dcd477e5_1743312393,24850.488,46718.023,-2088.2693,,,,,,,,,Profession.Conservator,Resource.Con.Curio.CopperTwine
StaticMeshComponent,Node_Con_CopperTwine_C,Node_Con_CopperTwine_C_UAID_04D9F5F93AD5FB9102_d2e53d55955bf94f_1743312393,39947.688,17229.035,-1514.7042,,,,,,,,,Profession.Conservator,Resource.Con.Curio.CopperTwine
StaticMeshComponent,Node_Con_CopperTwine_C,Node_Con_CopperTwine_C_UAID_D843AE1A93E5DEA002_1308170842,10558.282,41525.91,-1583.754,,,,,,,,,Profession.Conservator,Resource.Con.Curio.CopperTwine
StaticMeshComponent,Node_Con_DamagedScrew_C,Node_Con_DamagedScrew_C_UAID_0468748824945BB902_11158c6f7229cdc0_1725284582,2805.5674,11194.385,-2238.1545,,,,,,,,,Profession.Conservator,Resource.Con.Mech.DamagedScrew
StaticMeshComponent,Node_Con_DamagedScrew_C,Node_Con_DamagedScrew_C_UAID_04D9F5F93AD5639202_5226fa055173cbb2_1099971453,48650.727,48590.01,-2238.1035,,,,,,,,,Profession.Conservator,Resource.Con.Mech.DamagedScrew
StaticMeshComponent,Node_Con_DamagedScrew_C,Node_Con_DamagedScrew_C_UAID_04D9F5F93AD5639202_56b863cb2c0c9162_1099971453,-11415.762,43492.56,-114.3198,,,,,,,,,Profession.Conservator,Resource.Con.Mech.DamagedScrew
StaticMeshComponent,Node_Con_DamagedScrew_C,Node_Con_DamagedScrew_C_UAID_04D9F5F93AD5639202_77bf9ec8539af306_1099971453,-25893.986,-190.5067,-2060.682,,,,,,,,,Profession.Conservator,Resource.Con.Mech.DamagedScrew
StaticMeshComponent,Node_Con_DamagedScrew_C,Node_Con_DamagedScrew_C_UAID_04D9F5F93AD5639202_9186ef93f902ae10_1099971453,32864.445,41249.074,-2269.6375,,,,,,,,,Profession.Conservator,Resource.Con.Mech.DamagedScrew
StaticMeshComponent,Node_Con_DamagedScrew_C,Node_Con_DamagedScrew_C_UAID_04D9F5F93AD5639202_a03399067c0759c2_1099971453,12329.953,27780.191,-2250.644,,,,,,,,,Profession.Conservator,Resource.Con.Mech.DamagedScrew
StaticMeshComponent,Node_Con_DamagedScrew_C,Node_Con_DamagedScrew_C_UAID_04D9F5F93AD5639202_d31602e80c5b3d86_1099971453,6434.1875,10834.638,-2127.181,,,,,,,,,Profession.Conservator,Resource.Con.Mech.DamagedScrew
StaticMeshComponent,Node_Con_DamagedScrew_C,Node_Con_DamagedScrew_C_UAID_04D9F5F93AD5639202_f2e262a7d75edeff_1099971453,-9192.851,2488.6626,-2252.7078,,,,,,,,,Profession.Conservator,Resource.Con.Mech.DamagedScrew
StaticMeshComponent,Node_Con_LeverArm_C,Node_Con_LeverArm_C_UAID_D843AE1A93E55BB902_2066923027,-11149.465,-7289.874,-1405.2056,,,,,,,,,Profession.Conservator,Resource.Con.Mech.LeverArm
StaticMeshComponent,Node_Con_LeverArm_C,Node_Con_LeverArm_C_UAID_D843AE1A93E55CB902_1120457314,-10884.063,38152.23,-123.97034,,,,,,,,,Profession.Conservator,Resource.Con.Mech.LeverArm
StaticMeshComponent,Node_Con_LeverArm_C,Node_Con_LeverArm_C_UAID_D843AE1A93E55CB902_1198373388,24914.21,44107.56,-2500.2893,,,,,,,,,Profession.Conservator,Resource.Con.Mech.LeverArm
StaticMeshComponent,Node_Con_LeverArm_C,Node_Con_LeverArm_C_UAID_D843AE1A93E55CB902_1271846595,39964.336,17198.027,-2082.9666,,,,,,,,,Profession.Conservator,Resource.Con.Mech.LeverArm
StaticMeshComponent,Node_Con_LeverArm_C,Node_Con_LeverArm_C_UAID_D843AE1A93E55CB902_1321585599,-26593.705,-2986.4265,-1380.3116,,,,,,,,,Profession.Conservator,Resource.Con.Mech.LeverArm
StaticMeshComponent,Node_Con_LeverArm_C,Node_Con_LeverArm_C_UAID_D843AE1A93E55CB902_1405612961,10148.123,32234.883,-1753.5234,,,,,,,,,Profession.Conservator,Resource.Con.Mech.LeverArm
StaticMeshComponent,Node_Con_LodestoneSlag_C,Node_Con_LodestoneSlag_C_UAID_D843AE1A93E519A102_1204614404,39981.035,14751.202,-2167.052,,,,,,,,,Profession.Conservator,Resource.Con.Curio.LodestoneSlag
StaticMeshComponent,Node_Con_LodestoneSlag_C,Node_Con_LodestoneSlag_C_UAID_D843AE1A93E519A102_1240682405,39761.254,15777.851,-2177.917,,,,,,,,,Profession.Conservator,Resource.Con.Curio.LodestoneSlag
StaticMeshComponent,Node_Con_LodestoneSlag_C,Node_Con_LodestoneSlag_C_UAID_D843AE1A93E519A102_1408505406,-11846.907,37779.848,-193.17525,,,,,,,,,Profession.Conservator,Resource.Con.Curio.LodestoneSlag
StaticMeshComponent,Node_Con_LodestoneSlag_C,Node_Con_LodestoneSlag_C_UAID_D843AE1A93E519A102_1459980407,9252.3125,17414.566,-2000.1625,,,,,,,,,Profession.Conservator,Resource.Con.Curio.LodestoneSlag
StaticMeshComponent,Node_Con_LodestoneSlag_C,Node_Con_LodestoneSlag_C_UAID_D843AE1A93E519A102_1655206408,36229.65,37519.06,-1339.7418,,,,,,,,,Profession.Conservator,Resource.Con.Curio.LodestoneSlag
StaticMeshComponent,Node_Con_LodestoneSlag_C,Node_Con_LodestoneSlag_C_UAID_D843AE1A93E519A102_1824929409,9713.598,33836.56,-1912.987,,,,,,,,,Profession.Conservator,Resource.Con.Curio.LodestoneSlag
StaticMeshComponent,Node_Con_OldGunpowder_C,Node_Con_OldGunpowder_C_UAID_D843AE1A93E50FA302_1794351715,36544.953,-18643.846,-7809.7695,,,,,,,,,Profession.Conservator,Resource.Con.Mech.OldGunpowder
StaticMeshComponent,Node_Con_OldGunpowder_C,Node_Con_OldGunpowder_C_UAID_D843AE1A93E510A302_1645552701,-12370.419,39081.938,-192.3138,,,,,,,,,Profession.Conservator,Resource.Con.Mech.OldGunpowder
StaticMeshComponent,Node_Con_OldGunpowder_C,Node_Con_OldGunpowder_C_UAID_D843AE1A93E510A302_1670500702,-12110.653,42632.79,-192.14389,,,,,,,,,Profession.Conservator,Resource.Con.Mech.OldGunpowder
StaticMeshComponent,Node_Con_OldGunpowder_C,Node_Con_OldGunpowder_C_UAID_D843AE1A93E510A302_1713589703,-9333.378,40094.926,-192.00085,,,,,,,,,Profession.Conservator,Resource.Con.Mech.OldGunpowder
StaticMeshComponent,Node_Con_OldGunpowder_C,Node_Con_OldGunpowder_C_UAID_D843AE1A93E510A302_1743592704,-8874.982,43347.043,-186.21704,,,,,,,,,Profession.Conservator,Resource.Con.Mech.OldGunpowder
StaticMeshComponent,Node_Con_OldGunpowder_C,Node_Con_OldGunpowder_C_UAID_D843AE1A93E510A302_1820871706,9769.533,34220.72,-1910.901,,,,,,,,,Profession.Conservator,Resource.Con.Mech.OldGunpowder
StaticMeshComponent,Node_Con_OldGunpowder_C,Node_Con_OldGunpowder_C_UAID_D843AE1A93E510A302_1855501707,10947.524,30044.533,-1915.4963,,,,,,,,,Profession.Conservator,Resource.Con.Mech.OldGunpowder
StaticMeshComponent,Node_Con_OldGunpowder_C,Node_Con_OldGunpowder_C_UAID_D843AE1A93E510A302_1885052709,10947.524,29997.453,-1913.829,,,,,,,,,Profession.Conservator,Resource.Con.Mech.OldGunpowder
StaticMeshComponent,Node_Con_OldGunpowder_C,Node_Con_OldGunpowder_C_UAID_D843AE1A93E510A302_1947153710,-10053.637,38280.824,-185.33334,,,,,,,,,Profession.Conservator,Resource.Con.Mech.OldGunpowder
StaticMeshComponent,Node_Con_OldGunpowder_C,Node_Con_OldGunpowder_C_UAID_D843AE1A93E510A302_1964980711,-10870.192,38228.867,-92.73362,,,,,,,,,Profession.Conservator,Resource.Con.Mech.OldGunpowder
StaticMeshComponent,Node_Con_OldGunpowder_C,Node_Con_OldGunpowder_C_UAID_D843AE1A93E510A302_1997699712,-11937.877,39190.91,-192.26991,,,,,,,,,Profession.Conservator,Resource.Con.Mech.OldGunpowder
StaticMeshComponent,Node_Con_OldGunpowder_C,Node_Con_OldGunpowder_C_UAID_D843AE1A93E510A302_2025067713,-11030.615,43999.594,-189.34856,,,,,,,,,Profession.Conservator,Resource.Con.Mech.OldGunpowder
StaticMeshComponent,Node_Con_OldGunpowder_C,Node_Con_OldGunpowder_C_UAID_D843AE1A93E54EA302_1324597241,-20184.21,44408.0,347.2653,,,,,,,,,Profession.Conservator,Resource.Con.Mech.OldGunpowder
StaticMeshComponent,Node_Con_OldGunpowder_C,Node_Con_OldGunpowder_C_UAID_D843AE1A93E54EA302_1355547242,-19905.258,41794.66,412.5576,,,,,,,,,Profession.Conservator,Resource.Con.Mech.OldGunpowder
StaticMeshComponent,Node_Con_OldGunpowder_C,Node_Con_OldGunpowder_C_UAID_D843AE1A93E54EA302_1374016243,-20646.553,41947.574,412.9561,,,,,,,,,Profession.Conservator,Resource.Con.Mech.OldGunpowder
StaticMeshComponent,Node_Con_TarnishedQuicksilver_01a_C,Node_Con_TarnishedQuicksilver_01a_C_UAID_D843AE1A93E50A9D02_132b055a24ba3278_1571956618,36855.754,-18688.04,-7721.7437,,,,,,,,,Profession.Conservator,Resource.Con.Curio.TarnishedQuicksilver
StaticMeshComponent,Node_Con_TarnishedQuicksilver_01a_C,Node_Con_TarnishedQuicksilver_01a_C_UAID_D843AE1A93E50A9D02_51a0c18d89e022b5_1571956618,-17014.428,39266.277,2573.647,,,,,,,,,Profession.Conservator,Resource.Con.Curio.TarnishedQuicksilver
StaticMeshComponent,Node_Con_TarnishedQuicksilver_01a_C,Node_Con_TarnishedQuicksilver_01a_C_UAID_D843AE1A93E5CDA102_1381131795,37049.848,-19939.703,-4655.124,,,,,,,,,Profession.Conservator,Resource.Con.Curio.TarnishedQuicksilver
StaticMeshComponent,Node_Con_TarnishedQuicksilver_01a_C,Node_Con_TarnishedQuicksilver_01a_C_UAID_D843AE1A93E5CDA102_1460302796,42220.19,-22220.506,-5622.003,,,,,,,,,Profession.Conservator,Resource.Con.Curio.TarnishedQuicksilver
StaticMeshComponent,Node_Con_WhaleOil_C,Node_Con_WhaleOil_C_UAID_581CF8B72315409402_48fc168e6384f634_1441991445,39119.938,-12999.824,-3461.934,,,,,,,,,Profession.Conservator,Resource.Con.Curio.WhaleOil
StaticMeshComponent,Node_Con_WhaleOil_C,Node_Con_WhaleOil_C_UAID_D843AE1A93E56AA102_2075416641,-28162.758,13648.445,-1228.0166,,,,,,,,,Profession.Conservator,Resource.Con.Curio.WhaleOil
StaticMeshComponent,Node_Con_WhaleOil_C,Node_Con_WhaleOil_C_UAID_D843AE1A93E56BA102_1292528818,-18070.238,39616.973,2575.354,,,,,,,,,Profession.Conservator,Resource.Con.Curio.WhaleOil
StaticMeshComponent,Node_Con_WhaleOil_C,Node_Con_WhaleOil_C_UAID_D843AE1A93E56BA102_1449481819,-2568.8184,17062.27,-1659.391,,,,,,,,,Profession.Conservator,Resource.Con.Curio.WhaleOil
StaticMeshComponent,Node_Con_WhaleOil_C,Node_Con_WhaleOil_C_UAID_D843AE1A93E56BA102_1955365536,26404.975,45122.504,-1661.802,,,,,,,,,Profession.Conservator,Resource.Con.Curio.WhaleOil
StaticMeshComponent,Node_Con_WhaleOil_C,Node_Con_WhaleOil_C_UAID_D843AE1A93E56BA102_2078028537,18518.236,-3729.89,-664.6723,,,,,,,,,Profession.Conservator,Resource.Con.Curio.WhaleOil
StaticMeshComponent,Node_Con_WhaleOil_C,Node_Con_WhaleOil_C_UAID_D843AE1A93E5CDA102_1751354039,32495.053,-12737.484,-4242.2393,,,,,,,,,Profession.Conservator,Resource.Con.Curio.WhaleOil
StaticMeshComponent,Node_Nat_CinnamonBark_C,Node_Nat_CinnamonBark_C_UAID_D843AE1A93E579AC02_1408390891,37070.094,-16337.576,-4511.935,,,,,,,,,Profession.Naturalist,Resource.Nat.Spice.CinnamonBark
StaticMeshComponent,Node_Nat_CinnamonBark_C,Node_Nat_CinnamonBark_C_UAID_D843AE1A93E579AC02_2138637905,41307.766,-22972.006,-5709.8125,,,,,,,,,Profession.Naturalist,Resource.Nat.Spice.CinnamonBark
StaticMeshComponent,Node_Nat_CinnamonBark_C,Node_Nat_CinnamonBark_C_UAID_D843AE1A93E57AAC02_1076723082,41352.32,-23057.906,-5709.8125,,,,,,,,,Profession.Naturalist,Resource.Nat.Spice.CinnamonBark
StaticMeshComponent,Node_Nat_CinnamonBark_C,Node_Nat_CinnamonBark_C_UAID_D843AE1A93E57AAC02_1357611086,43309.023,-22830.1,-5710.245,,,,,,,,,Profession.Naturalist,Resource.Nat.Spice.CinnamonBark
StaticMeshComponent,Node_Nat_CinnamonBark_C,Node_Nat_CinnamonBark_C_UAID_D843AE1A93E57AAC02_1457174087,43198.25,-22791.256,-5710.245,,,,,,,,,Profession.Naturalist,Resource.Nat.Spice.CinnamonBark
StaticMeshComponent,Node_Nat_CinnamonBark_C,Node_Nat_CinnamonBark_C_UAID_D843AE1A93E57AAC02_1683083088,41507.387,-16377.897,-4806.282,,,,,,,,,Profession.Naturalist,Resource.Nat.Spice.CinnamonBark
StaticMeshComponent,Node_Nat_CinnamonBark_C,Node_Nat_CinnamonBark_C_UAID_D843AE1A93E57AAC02_1729188089,41666.496,-16369.112,-4806.282,,,,,,,,,Profession.Naturalist,Resource.Nat.Spice.CinnamonBark
StaticMeshComponent,Node_Nat_Cinnamon_C,Node_Nat_Cinnamon_C_UAID_D843AE1A93E576A102_1203247665,32308.955,18595.385,-1966.9948,,,,,,,,,Profession.Naturalist,Resource.Nat.Spice.Cinnamon
StaticMeshComponent,Node_Nat_Cinnamon_C,Node_Nat_Cinnamon_C_UAID_D843AE1A93E576A102_1237091666,30643.639,18613.826,-2100.068,,,,,,,,,Profession.Naturalist,Resource.Nat.Spice.Cinnamon
StaticMeshComponent,Node_Nat_Cinnamon_C,Node_Nat_Cinnamon_C_UAID_D843AE1A93E576A102_1296868667,34403.676,17176.516,-1649.8127,,,,,,,,,Profession.Naturalist,Resource.Nat.Spice.Cinnamon
StaticMeshComponent,Node_Nat_Cinnamon_C,Node_Nat_Cinnamon_C_UAID_D843AE1A93E576A102_1399449668,29085.979,14241.221,-1867.7057,,,,,,,,,Profession.Naturalist,Resource.Nat.Spice.Cinnamon
StaticMeshComponent,Node_Nat_Cinnamon_C,Node_Nat_Cinnamon_C_UAID_D843AE1A93E576A102_1563324669,28228.248,20253.35,-2212.1304,,,,,,,,,Profession.Naturalist,Resource.Nat.Spice.Cinnamon
StaticMeshComponent,Node_Nat_Cinnamon_C,Node_Nat_Cinnamon_C_UAID_D843AE1A93E576A102_1717904670,33603.316,5049.9175,-995.9054,,,,,,,,,Profession.Naturalist,Resource.Nat.Spice.Cinnamon
StaticMeshComponent,Node_Nat_Cinnamon_C,Node_Nat_Cinnamon_C_UAID_D843AE1A93E576A102_2084140671,35509.625,6492.017,-1097.9384,,,,,,,,,Profession.Naturalist,Resource.Nat.Spice.Cinnamon
StaticMeshComponent,Node_Nat_Cinnamon_C,Node_Nat_Cinnamon_C_UAID_D843AE1A93E576A102_2109442672,38361.17,7277.7246,-1078.2291,,,,,,,,,Profession.Naturalist,Resource.Nat.Spice.Cinnamon
StaticMeshComponent,Node_Nat_Cinnamon_C,Node_Nat_Cinnamon_C_UAID_D843AE1A93E576A102_2129144673,31846.531,2637.3037,-854.15515,,,,,,,,,Profession.Naturalist,Resource.Nat.Spice.Cinnamon
StaticMeshComponent,Node_Nat_Cinnamon_C,Node_Nat_Cinnamon_C_UAID_D843AE1A93E577A102_1176732850,25614.447,3762.86,-871.3962,,,,,,,,,Profession.Naturalist,Resource.Nat.Spice.Cinnamon
StaticMeshComponent,Node_Nat_Cinnamon_C,Node_Nat_Cinnamon_C_UAID_D843AE1A93E577A102_1211904851,27230.533,3809.995,-808.2514,,,,,,,,,Profession.Naturalist,Resource.Nat.Spice.Cinnamon
StaticMeshComponent,Node_Nat_Cinnamon_C,Node_Nat_Cinnamon_C_UAID_D843AE1A93E577A102_1298249852,15689.655,42214.0,-984.39636,,,,,,,,,Profession.Naturalist,Resource.Nat.Spice.Cinnamon
StaticMeshComponent,Node_Nat_Cinnamon_C,Node_Nat_Cinnamon_C_UAID_D843AE1A93E577A102_1308042853,14427.7295,45146.664,-939.2969,,,,,,,,,Profession.Naturalist,Resource.Nat.Spice.Cinnamon
StaticMeshComponent,Node_Nat_Cinnamon_C,Node_Nat_Cinnamon_C_UAID_D843AE1A93E577A102_1351366854,16890.424,44208.02,-950.8501,,,,,,,,,Profession.Naturalist,Resource.Nat.Spice.Cinnamon
StaticMeshComponent,Node_Nat_Cinnamon_C,Node_Nat_Cinnamon_C_UAID_D843AE1A93E577A102_1412964855,2752.5078,45200.375,-1148.3201,,,,,,,,,Profession.Naturalist,Resource.Nat.Spice.Cinnamon
StaticMeshComponent,Node_Nat_Cinnamon_C,Node_Nat_Cinnamon_C_UAID_D843AE1A93E577A102_1417313856,2134.169,46398.94,-867.22833,,,,,,,,,Profession.Naturalist,Resource.Nat.Spice.Cinnamon
StaticMeshComponent,Node_Nat_Cinnamon_C,Node_Nat_Cinnamon_C_UAID_D843AE1A93E577A102_1436538857,2413.3396,47809.566,-691.2303,,,,,,,,,Profession.Naturalist,Resource.Nat.Spice.Cinnamon
StaticMeshComponent,Node_Nat_Cinnamon_C,Node_Nat_Cinnamon_C_UAID_D843AE1A93E577A102_1457891858,-2349.2297,46716.83,-468.6925,,,,,,,,,Profession.Naturalist,Resource.Nat.Spice.Cinnamon
StaticMeshComponent,Node_Nat_Clove_C,Node_Nat_Clove_C_UAID_D843AE1A93E52DA102_2133924330,17575.95,2421.2815,-1018.4243,,,,,,,,,Profession.Naturalist,Resource.Nat.Spice.Clove
StaticMeshComponent,Node_Nat_Clove_C,Node_Nat_Clove_C_UAID_D843AE1A93E52EA102_1153965507,16999.15,2414.203,-1046.958,,,,,,,,,Profession.Naturalist,Resource.Nat.Spice.Clove
StaticMeshComponent,Node_Nat_Clove_C,Node_Nat_Clove_C_UAID_D843AE1A93E52EA102_1177350508,16253.509,2675.906,-1064.4471,,,,,,,,,Profession.Naturalist,Resource.Nat.Spice.Clove
StaticMeshComponent,Node_Nat_Clove_C,Node_Nat_Clove_C_UAID_D843AE1A93E52EA102_1216313509,15948.21,2896.5955,-1117.6124,,,,,,,,,Profession.Naturalist,Resource.Nat.Spice.Clove
StaticMeshComponent,Node_Nat_Clove_C,Node_Nat_Clove_C_UAID_D843AE1A93E52EA102_1266652510,17340.416,1696.3708,-938.4089,,,,,,,,,Profession.Naturalist,Resource.Nat.Spice.Clove
StaticMeshComponent,Node_Nat_Clove_C,Node_Nat_Clove_C_UAID_D843AE1A93E52EA102_1524875511,10226.787,-4952.5664,-908.4287,,,,,,,,,Profession.Naturalist,Resource.Nat.Spice.Clove
StaticMeshComponent,Node_Nat_Clove_C,Node_Nat_Clove_C_UAID_D843AE1A93E52EA102_1537840512,10715.39,-4716.9575,-926.02875,,,,,,,,,Profession.Naturalist,Resource.Nat.Spice.Clove
StaticMeshComponent,Node_Nat_Clove_C,Node_Nat_Clove_C_UAID_D843AE1A93E52EA102_1561583513,9401.593,-5102.401,-938.8883,,,,,,,,,Profession.Naturalist,Resource.Nat.Spice.Clove
StaticMeshComponent,Node_Nat_Clove_C,Node_Nat_Clove_C_UAID_D843AE1A93E52EA102_1603670514,11057.305,-5242.0176,-880.10284,,,,,,,,,Profession.Naturalist,Resource.Nat.Spice.Clove
StaticMeshComponent,Node_Nat_Clove_C,Node_Nat_Clove_C_UAID_D843AE1A93E52EA102_1633807515,11149.624,-4881.3965,-910.42004,,,,,,,,,Profession.Naturalist,Resource.Nat.Spice.Clove
StaticMeshComponent,Node_Nat_Clove_C,Node_Nat_Clove_C_UAID_D843AE1A93E52EA102_1707521516,4173.4937,-2241.3694,-1355.886,,,,,,,,,Profession.Naturalist,Resource.Nat.Spice.Clove
StaticMeshComponent,Node_Nat_Clove_C,Node_Nat_Clove_C_UAID_D843AE1A93E52EA102_1722807517,4577.279,-1389.2563,-1411.4829,,,,,,,,,Profession.Naturalist,Resource.Nat.Spice.Clove
StaticMeshComponent,Node_Nat_Clove_C,Node_Nat_Clove_C_UAID_D843AE1A93E52EA102_1807058518,4201.0493,-1031.569,-1508.9376,,,,,,,,,Profession.Naturalist,Resource.Nat.Spice.Clove
StaticMeshComponent,Node_Nat_Clove_C,Node_Nat_Clove_C_UAID_D843AE1A93E52EA102_1842922519,2664.842,-2453.9019,-1434.388,,,,,,,,,Profession.Naturalist,Resource.Nat.Spice.Clove
StaticMeshComponent,Node_Nat_Clove_C,Node_Nat_Clove_C_UAID_D843AE1A93E52EA102_1930627520,16325.722,40008.277,-1221.7906,,,,,,,,,Profession.Naturalist,Resource.Nat.Spice.Clove
StaticMeshComponent,Node_Nat_Clove_C,Node_Nat_Clove_C_UAID_D843AE1A93E52EA102_1947872521,16538.246,39448.28,-1303.3289,,,,,,,,,Profession.Naturalist,Resource.Nat.Spice.Clove
StaticMeshComponent,Node_Nat_Clove_C,Node_Nat_Clove_C_UAID_D843AE1A93E52EA102_1966702522,15741.839,39931.79,-1225.2476,,,,,,,,,Profession.Naturalist,Resource.Nat.Spice.Clove
StaticMeshComponent,Node_Nat_Clove_C,Node_Nat_Clove_C_UAID_D843AE1A93E52EA102_1987032523,15074.377,39821.38,-1261.2091,,,,,,,,,Profession.Naturalist,Resource.Nat.Spice.Clove
StaticMeshComponent,Node_Nat_Clove_C,Node_Nat_Clove_C_UAID_D843AE1A93E52EA102_2007085524,14690.051,40961.562,-1190.5967,,,,,,,,,Profession.Naturalist,Resource.Nat.Spice.Clove
StaticMeshComponent,Node_Nat_Clove_C,Node_Nat_Clove_C_UAID_D843AE1A93E52EA102_2025047525,13820.356,41637.33,-1231.783,,,,,,,,,Profession.Naturalist,Resource.Nat.Spice.Clove
StaticMeshComponent,Node_Nat_Clove_C,Node_Nat_Clove_C_UAID_D843AE1A93E52EA102_2046196526,13290.016,40898.406,-1349.7504,,,,,,,,,Profession.Naturalist,Resource.Nat.Spice.Clove
StaticMeshComponent,Node_Nat_Clove_C,Node_Nat_Clove_C_UAID_D843AE1A93E52EA102_2138117527,20078.762,40696.03,-1619.7166,,,,,,,,,Profession.Naturalist,Resource.Nat.Spice.Clove
StaticMeshComponent,Node_Nat_Clove_C,Node_Nat_Clove_C_UAID_D843AE1A93E52FA102_1075399704,20157.352,41156.44,-1623.9421,,,,,,,,,Profession.Naturalist,Resource.Nat.Spice.Clove
StaticMeshComponent,Node_Nat_Clove_C,Node_Nat_Clove_C_UAID_D843AE1A93E52FA102_1088199705,19359.209,41809.6,-1406.9851,,,,,,,,,Profession.Naturalist,Resource.Nat.Spice.Clove
StaticMeshComponent,Node_Nat_Clove_C,Node_Nat_Clove_C_UAID_D843AE1A93E52FA102_1113805706,19051.03,43598.465,-1422.887,,,,,,,,,Profession.Naturalist,Resource.Nat.Spice.Clove
StaticMeshComponent,Node_Nat_Clove_C,Node_Nat_Clove_C_UAID_D843AE1A93E52FA102_1137594707,19497.176,44310.33,-1540.6019,,,,,,,,,Profession.Naturalist,Resource.Nat.Spice.Clove
StaticMeshComponent,Node_Nat_Clove_C,Node_Nat_Clove_C_UAID_D843AE1A93E52FA102_1282597708,24812.564,40453.12,-2060.1467,,,,,,,,,Profession.Naturalist,Resource.Nat.Spice.Clove
StaticMeshComponent,Node_Nat_Clove_C,Node_Nat_Clove_C_UAID_D843AE1A93E52FA102_1292616709,25905.973,40073.36,-2075.9524,,,,,,,,,Profession.Naturalist,Resource.Nat.Spice.Clove
StaticMeshComponent,Node_Nat_Clove_C,Node_Nat_Clove_C_UAID_D843AE1A93E52FA102_1308836710,23738.797,38991.11,-2074.461,,,,,,,,,Profession.Naturalist,Resource.Nat.Spice.Clove
StaticMeshComponent,Node_Nat_Clove_C,Node_Nat_Clove_C_UAID_D843AE1A93E52FA102_1324731711,23118.852,39052.594,-1993.6302,,,,,,,,,Profession.Naturalist,Resource.Nat.Spice.Clove
StaticMeshComponent,Node_Nat_Clove_C,Node_Nat_Clove_C_UAID_D843AE1A93E52FA102_1342680712,24146.549,38418.633,-2022.3522,,,,,,,,,Profession.Naturalist,Resource.Nat.Spice.Clove
StaticMeshComponent,Node_Nat_Clove_C,Node_Nat_Clove_C_UAID_D843AE1A93E52FA102_1373402713,27170.922,41249.4,-2096.6655,,,,,,,,,Profession.Naturalist,Resource.Nat.Spice.Clove
StaticMeshComponent,Node_Nat_Clove_C,Node_Nat_Clove_C_UAID_D843AE1A93E52FA102_1398505714,27733.893,40480.727,-2056.071,,,,,,,,,Profession.Naturalist,Resource.Nat.Spice.Clove
StaticMeshComponent,Node_Nat_Clove_C,Node_Nat_Clove_C_UAID_D843AE1A93E52FA102_1467952715,5102.469,39053.94,-1719.3777,,,,,,,,,Profession.Naturalist,Resource.Nat.Spice.Clove
StaticMeshComponent,Node_Nat_Clove_C,Node_Nat_Clove_C_UAID_D843AE1A93E52FA102_1480161716,4010.3257,38891.676,-1550.1095,,,,,,,,,Profession.Naturalist,Resource.Nat.Spice.Clove
StaticMeshComponent,Node_Nat_Clove_C,Node_Nat_Clove_C_UAID_D843AE1A93E52FA102_1554654717,5596.33,39421.215,-1738.304,,,,,,,,,Profession.Naturalist,Resource.Nat.Spice.Clove
StaticMeshComponent,Node_Nat_Fungi_C,Node_Nat_Fungi_C_UAID_D843AE1A93E577A102_1975921859,26265.922,44970.984,-2605.439,,,,,,,,,Profession.Naturalist,Resource.Herb.Fungi
StaticMeshComponent,Node_Nat_Fungi_C,Node_Nat_Fungi_C_UAID_D843AE1A93E578A102_1166647036,24459.307,44804.79,-2609.8672,,,,,,,,,Profession.Naturalist,Resource.Herb.Fungi
StaticMeshComponent,Node_Nat_Fungi_C,Node_Nat_Fungi_C_UAID_D843AE1A93E578A102_1313265037,-18085.81,39133.867,738.65564,,,,,,,,,Profession.Naturalist,Resource.Herb.Fungi
StaticMeshComponent,Node_Nat_Fungi_C,Node_Nat_Fungi_C_UAID_D843AE1A93E578A102_1457563038,-18006.402,38917.062,737.32996,,,,,,,,,Profession.Naturalist,Resource.Herb.Fungi
StaticMeshComponent,Node_Nat_Fungi_C,Node_Nat_Fungi_C_UAID_D843AE1A93E578A102_1572038039,5780.271,9908.593,-2229.8596,,,,,,,,,Profession.Naturalist,Resource.Herb.Fungi
StaticMeshComponent,Node_Nat_Fungi_C,Node_Nat_Fungi_C_UAID_D843AE1A93E578A102_1888382040,5954.974,10061.273,-2234.4072,,,,,,,,,Profession.Naturalist,Resource.Herb.Fungi
StaticMeshComponent,Node_Nat_Fungi_C,Node_Nat_Fungi_C_UAID_D843AE1A93E578A102_2056262041,39293.496,-3375.844,-1194.9291,,,,,,,,,Profession.Naturalist,Resource.Herb.Fungi
StaticMeshComponent,Node_Nat_Fungi_C,Node_Nat_Fungi_C_UAID_D843AE1A93E5CBA102_1996805434,36452.1,-19342.518,-4661.7627,,,,,,,,,Profession.Naturalist,Resource.Herb.Fungi
StaticMeshComponent,Node_Nat_Fungi_C,Node_Nat_Fungi_C_UAID_D843AE1A93E5CBA102_2115014435,36666.246,-19527.84,-4630.527,,,,,,,,,Profession.Naturalist,Resource.Herb.Fungi
StaticMeshComponent,Node_Nat_Fungi_C,Node_Nat_Fungi_C_UAID_D843AE1A93E5CCA102_1208247613,38703.234,-17996.848,-6370.8677,,,,,,,,,Profession.Naturalist,Resource.Herb.Fungi
StaticMeshComponent,Node_Nat_Fungi_C,Node_Nat_Fungi_C_UAID_D843AE1A93E5CCA102_1583898614,37011.293,-19568.215,-4731.3823,,,,,,,,,Profession.Naturalist,Resource.Herb.Fungi
StaticMeshComponent,Node_Nat_Fungi_C,Node_Nat_Fungi_C_UAID_D843AE1A93E5CCA102_1646096616,36775.64,-20328.367,-4733.912,,,,,,,,,Profession.Naturalist,Resource.Herb.Fungi
StaticMeshComponent,Node_Nat_GarlicHanging_C,Node_Nat_GarlicHanging_C_UAID_D843AE1A93E543DC02_1634246900,-5079.389,10808.903,-1747.0438,,,,,,,,,Profession.Naturalist,Resource.Nat.Spice.GarlicHanging
StaticMeshComponent,Node_Nat_GarlicHanging_C,Node_Nat_GarlicHanging_C_UAID_D843AE1A93E543DC02_1664194901,-5089.089,10825.626,-1753.9828,,,,,,,,,Profession.Naturalist,Resource.Nat.Spice.GarlicHanging
StaticMeshComponent,Node_Nat_GarlicHanging_C,Node_Nat_GarlicHanging_C_UAID_D843AE1A93E543DC02_1674275902,-5086.953,10838.688,-1741.7837,,,,,,,,,Profession.Naturalist,Resource.Nat.Spice.GarlicHanging
StaticMeshComponent,Node_Nat_GarlicHanging_C,Node_Nat_GarlicHanging_C_UAID_D843AE1A93E543DC02_1696422903,-5141.959,11035.959,-1743.3767,,,,,,,,,Profession.Naturalist,Resource.Nat.Spice.GarlicHanging
StaticMeshComponent,Node_Nat_GarlicHanging_C,Node_Nat_GarlicHanging_C_UAID_D843AE1A93E543DC02_1696429904,-5143.967,11065.504,-1758.0974,,,,,,,,,Profession.Naturalist,Resource.Nat.Spice.GarlicHanging
StaticMeshComponent,Node_Nat_GarlicHanging_C,Node_Nat_GarlicHanging_C_UAID_D843AE1A93E543DC02_1696430905,-5133.089,11022.535,-1755.5671,,,,,,,,,Profession.Naturalist,Resource.Nat.Spice.GarlicHanging
StaticMeshComponent,Node_Nat_Garlic_C,Node_Nat_Garlic_C_UAID_D843AE1A93E530DC02_6554dec95985719d_1290175800,7780.1953,-2329.8398,-1157.3019,,,,,,,,,Profession.Naturalist,Resource.Nat.Spice.Garlic
StaticMeshComponent,Node_Nat_Garlic_C,Node_Nat_Garlic_C_UAID_D843AE1A93E530DC02_6554dec95985719d_1290177801,7818.7144,-2340.884,-1155.8848,,,,,,,,,Profession.Naturalist,Resource.Nat.Spice.Garlic
StaticMeshComponent,Node_Nat_Garlic_C,Node_Nat_Garlic_C_UAID_D843AE1A93E530DC02_6554dec95985719d_1290179802,7867.2725,-2356.479,-1155.8848,,,,,,,,,Profession.Naturalist,Resource.Nat.Spice.Garlic
StaticMeshComponent,Node_Nat_Garlic_C,Node_Nat_Garlic_C_UAID_D843AE1A93E530DC02_6554dec95985719d_1290180803,7887.4277,-2305.9812,-1156.115,,,,,,,,,Profession.Naturalist,Resource.Nat.Spice.Garlic
StaticMeshComponent,Node_Nat_Garlic_C,Node_Nat_Garlic_C_UAID_D843AE1A93E530DC02_6554dec95985719d_1290181804,7837.77,-2287.623,-1156.9731,,,,,,,,,Profession.Naturalist,Resource.Nat.Spice.Garlic
StaticMeshComponent,Node_Nat_Garlic_C,Node_Nat_Garlic_C_UAID_D843AE1A93E530DC02_6554dec95985719d_1290182805,7788.4106,-2277.884,-1155.816,,,,,,,,,Profession.Naturalist,Resource.Nat.Spice.Garlic
StaticMeshComponent,Node_Nat_Garlic_C,Node_Nat_Garlic_C_UAID_D843AE1A93E530DC02_68e3b25b670e2041_1290175800,24405.676,14994.196,-2578.3755,,,,,,,,,Profession.Naturalist,Resource.Nat.Spice.Garlic
StaticMeshComponent,Node_Nat_Garlic_C,Node_Nat_Garlic_C_UAID_D843AE1A93E530DC02_68e3b25b670e2041_1290177801,24445.568,14990.429,-2576.9585,,,,,,,,,Profession.Naturalist,Resource.Nat.Spice.Garlic
StaticMeshComponent,Node_Nat_Garlic_C,Node_Nat_Garlic_C_UAID_D843AE1A93E530DC02_68e3b25b670e2041_1290179802,24496.168,14984.036,-2576.9585,,,,,,,,,Profession.Naturalist,Resource.Nat.Spice.Garlic
StaticMeshComponent,Node_Nat_Garlic_C,Node_Nat_Garlic_C_UAID_D843AE1A93E530DC02_68e3b25b670e2041_1290180803,24506.686,15037.381,-2577.1887,,,,,,,,,Profession.Naturalist,Resource.Nat.Spice.Garlic
StaticMeshComponent,Node_Nat_Garlic_C,Node_Nat_Garlic_C_UAID_D843AE1A93E530DC02_68e3b25b670e2041_1290181804,24454.496,15046.287,-2578.0469,,,,,,,,,Profession.Naturalist,Resource.Nat.Spice.Garlic
StaticMeshComponent,Node_Nat_Garlic_C,Node_Nat_Garlic_C_UAID_D843AE1A93E530DC02_68e3b25b670e2041_1290182805,24404.19,15046.776,-2576.8896,,,,,,,,,Profession.Naturalist,Resource.Nat.Spice.Garlic
StaticMeshComponent,Node_Nat_Garlic_C,Node_Nat_Garlic_C_UAID_D843AE1A93E530DC02_832f0d97a11b18c5_1290175800,-22416.441,23103.553,-881.1222,,,,,,,,,Profession.Naturalist,Resource.Nat.Spice.Garlic
StaticMeshComponent,Node_Nat_Garlic_C,Node_Nat_Garlic_C_UAID_D843AE1A93E530DC02_832f0d97a11b18c5_1290177801,-22376.828,23109.7,-880.29065,,,,,,,,,Profession.Naturalist,Resource.Nat.Spice.Garlic
StaticMeshComponent,Node_Nat_Garlic_C,Node_Nat_Garlic_C_UAID_D843AE1A93E530DC02_832f0d97a11b18c5_1290179802,-22326.215,23115.934,-881.04205,,,,,,,,,Profession.Naturalist,Resource.Nat.Spice.Garlic
StaticMeshComponent,Node_Nat_Garlic_C,Node_Nat_Garlic_C_UAID_D843AE1A93E530DC02_832f0d97a11b18c5_1290180803,-22329.127,23170.229,-881.12805,,,,,,,,,Profession.Naturalist,Resource.Nat.Spice.Garlic
StaticMeshComponent,Node_Nat_Garlic_C,Node_Nat_Garlic_C_UAID_D843AE1A93E530DC02_832f0d97a11b18c5_1290181804,-22381.91,23166.041,-881.1984,,,,,,,,,Profession.Naturalist,Resource.Nat.Spice.Garlic
StaticMeshComponent,Node_Nat_Garlic_C,Node_Nat_Garlic_C_UAID_D843AE1A93E530DC02_832f0d97a11b18c5_1290182805,-22430.775,23154.154,-879.3266,,,,,,,,,Profession.Naturalist,Resource.Nat.Spice.Garlic
StaticMeshComponent,Node_Nat_Garlic_C,Node_Nat_Garlic_C_UAID_D843AE1A93E530DC02_98571ca1e1a45d8c_1290175800,11434.776,18078.092,-1974.0242,,,,,,,,,Profession.Naturalist,Resource.Nat.Spice.Garlic
StaticMeshComponent,Node_Nat_Garlic_C,Node_Nat_Garlic_C_UAID_D843AE1A93E530DC02_98571ca1e1a45d8c_1290177801,11447.064,18039.951,-1972.607,,,,,,,,,Profession.Naturalist,Resource.Nat.Spice.Garlic
StaticMeshComponent,Node_Nat_Garlic_C,Node_Nat_Garlic_C_UAID_D843AE1A93E530DC02_98571ca1e1a45d8c_1290179802,11461.166,17990.938,-1972.607,,,,,,,,,Profession.Naturalist,Resource.Nat.Spice.Garlic
StaticMeshComponent,Node_Nat_Garlic_C,Node_Nat_Garlic_C_UAID_D843AE1A93E530DC02_98571ca1e1a45d8c_1290180803,11514.33,18002.332,-1972.8373,,,,,,,,,Profession.Naturalist,Resource.Nat.Spice.Garlic
StaticMeshComponent,Node_Nat_Garlic_C,Node_Nat_Garlic_C_UAID_D843AE1A93E530DC02_98571ca1e1a45d8c_1290181804,11501.91,18053.799,-1973.6954,,,,,,,,,Profession.Naturalist,Resource.Nat.Spice.Garlic
StaticMeshComponent,Node_Nat_Garlic_C,Node_Nat_Garlic_C_UAID_D843AE1A93E530DC02_98571ca1e1a45d8c_1290182805,11482.499,18100.213,-1972.5383,,,,,,,,,Profession.Naturalist,Resource.Nat.Spice.Garlic
StaticMeshComponent,Node_Nat_Garlic_C,Node_Nat_Garlic_C_UAID_D843AE1A93E530DC02_db1a3e8e9f25ebff_1290175800,24078.902,15018.884,-2556.5605,,,,,,,,,Profession.Naturalist,Resource.Nat.Spice.Garlic
StaticMeshComponent,Node_Nat_Garlic_C,Node_Nat_Garlic_C_UAID_D843AE1A93E530DC02_db1a3e8e9f25ebff_1290177801,24117.775,15009.159,-2555.1436,,,,,,,,,Profession.Naturalist,Resource.Nat.Spice.Garlic
StaticMeshComponent,Node_Nat_Garlic_C,Node_Nat_Garlic_C_UAID_D843AE1A93E530DC02_db1a3e8e9f25ebff_1290179802,24166.838,14995.2295,-2555.1436,,,,,,,,,Profession.Naturalist,Resource.Nat.Spice.Garlic
StaticMeshComponent,Node_Nat_Garlic_C,Node_Nat_Garlic_C_UAID_D843AE1A93E530DC02_db1a3e8e9f25ebff_1290180803,24185.258,15046.385,-2555.3738,,,,,,,,,Profession.Naturalist,Resource.Nat.Spice.Garlic
StaticMeshComponent,Node_Nat_Garlic_C,Node_Nat_Garlic_C_UAID_D843AE1A93E530DC02_db1a3e8e9f25ebff_1290181804,24135.004,15063.039,-2556.232,,,,,,,,,Profession.Naturalist,Resource.Nat.Spice.Garlic
StaticMeshComponent,Node_Nat_Garlic_C,Node_Nat_Garlic_C_UAID_D843AE1A93E530DC02_db1a3e8e9f25ebff_1290182805,24085.342,15071.089,-2555.0747,,,,,,,,,Profession.Naturalist,Resource.Nat.Spice.Garlic
StaticMeshComponent,Node_Nat_Lavender_C,Node_Nat_Lavender_C_UAID_D843AE1A93E5D5A002_1568232687,2708.5537,-4055.8345,-1407.9166,,,,,,,,,Profession.Naturalist,Resource.Herb.Lavender
StaticMeshComponent,Node_Nat_Lavender_C,Node_Nat_Lavender_C_UAID_D843AE1A93E5D5A002_1592289688,2817.3076,-4473.11,-1378.7128,,,,,,,,,Profession.Naturalist,Resource.Herb.Lavender
StaticMeshComponent,Node_Nat_Lavender_C,Node_Nat_Lavender_C_UAID_D843AE1A93E5D5A002_1632268689,2180.389,-3767.0896,-1423.9758,,,,,,,,,Profession.Naturalist,Resource.Herb.Lavender
StaticMeshComponent,Node_Nat_Lavender_C,Node_Nat_Lavender_C_UAID_D843AE1A93E5D5A002_1652144690,1463.8909,-4381.02,-1489.7803,,,,,,,,,Profession.Naturalist,Resource.Herb.Lavender
StaticMeshComponent,Node_Nat_Lavender_C,Node_Nat_Lavender_C_UAID_D843AE1A93E5D5A002_1673342691,1661.9485,-3069.8389,-1481.2273,,,,,,,,,Profession.Naturalist,Resource.Herb.Lavender
StaticMeshComponent,Node_Nat_Lavender_C,Node_Nat_Lavender_C_UAID_D843AE1A93E5D5A002_1854014692,-6283.179,-4239.019,-1520.7426,,,,,,,,,Profession.Naturalist,Resource.Herb.Lavender
StaticMeshComponent,Node_Nat_Lavender_C,Node_Nat_Lavender_C_UAID_D843AE1A93E5D5A002_1867418693,-6184.8906,-4553.989,-1522.5653,,,,,,,,,Profession.Naturalist,Resource.Herb.Lavender
StaticMeshComponent,Node_Nat_Lavender_C,Node_Nat_Lavender_C_UAID_D843AE1A93E5D5A002_1878236694,-6422.8438,-4958.7773,-1488.0952,,,,,,,,,Profession.Naturalist,Resource.Herb.Lavender
StaticMeshComponent,Node_Nat_Lavender_C,Node_Nat_Lavender_C_UAID_D843AE1A93E5D5A002_1894592695,-6819.5137,-4707.179,-1480.6884,,,,,,,,,Profession.Naturalist,Resource.Herb.Lavender
StaticMeshComponent,Node_Nat_Lavender_C,Node_Nat_Lavender_C_UAID_D843AE1A93E5D5A002_1912111696,-5722.615,-4223.364,-1550.5795,,,,,,,,,Profession.Naturalist,Resource.Herb.Lavender
StaticMeshComponent,Node_Nat_Lavender_C,Node_Nat_Lavender_C_UAID_D843AE1A93E5D6A002_1076134873,-18805.545,-3455.498,-1870.5516,,,,,,,,,Profession.Naturalist,Resource.Herb.Lavender
StaticMeshComponent,Node_Nat_Lavender_C,Node_Nat_Lavender_C_UAID_D843AE1A93E5D6A002_1091985874,-19225.145,-3843.432,-1866.1843,,,,,,,,,Profession.Naturalist,Resource.Herb.Lavender
StaticMeshComponent,Node_Nat_Lavender_C,Node_Nat_Lavender_C_UAID_D843AE1A93E5D6A002_1121228875,-19827.207,-3176.894,-1921.6857,,,,,,,,,Profession.Naturalist,Resource.Herb.Lavender
StaticMeshComponent,Node_Nat_Lavender_C,Node_Nat_Lavender_C_UAID_D843AE1A93E5D6A002_1137376876,-20199.008,-3554.2795,-1907.8306,,,,,,,,,Profession.Naturalist,Resource.Herb.Lavender
StaticMeshComponent,Node_Nat_Lavender_C,Node_Nat_Lavender_C_UAID_D843AE1A93E5D6A002_1311315877,-20966.23,-3741.4182,-1916.6555,,,,,,,,,Profession.Naturalist,Resource.Herb.Lavender
StaticMeshComponent,Node_Nat_Lavender_C,Node_Nat_Lavender_C_UAID_D843AE1A93E5D6A002_1343025878,-21085.516,-3085.234,-1999.2104,,,,,,,,,Profession.Naturalist,Resource.Herb.Lavender
StaticMeshComponent,Node_Nat_Lavender_C,Node_Nat_Lavender_C_UAID_D843AE1A93E5D6A002_1579204879,34490.992,49130.566,-2045.8022,,,,,,,,,Profession.Naturalist,Resource.Herb.Lavender
StaticMeshComponent,Node_Nat_Lavender_C,Node_Nat_Lavender_C_UAID_D843AE1A93E5D6A002_1594998880,34870.168,49550.543,-2089.63,,,,,,,,,Profession.Naturalist,Resource.Herb.Lavender
StaticMeshComponent,Node_Nat_Lavender_C,Node_Nat_Lavender_C_UAID_D843AE1A93E5D6A002_1761072881,34986.504,50025.055,-2064.7576,,,,,,,,,Profession.Naturalist,Resource.Herb.Lavender
StaticMeshComponent,Node_Nat_Lavender_C,Node_Nat_Lavender_C_UAID_D843AE1A93E5D6A002_1779578882,34109.996,49941.367,-2120.6335,,,,,,,,,Profession.Naturalist,Resource.Herb.Lavender
StaticMeshComponent,Node_Nat_Lavender_C,Node_Nat_Lavender_C_UAID_D843AE1A93E5D6A002_1782153883,33295.637,49989.89,-2141.9612,,,,,,,,,Profession.Naturalist,Resource.Herb.Lavender
StaticMeshComponent,Node_Nat_Lavender_C,Node_Nat_Lavender_C_UAID_D843AE1A93E5D6A002_1953195884,32706.146,48506.754,-2060.2063,,,,,,,,,Profession.Naturalist,Resource.Herb.Lavender
StaticMeshComponent,Node_Nat_Lavender_C,Node_Nat_Lavender_C_UAID_D843AE1A93E5D6A002_1965864885,32015.643,48127.047,-2060.2063,,,,,,,,,Profession.Naturalist,Resource.Herb.Lavender
StaticMeshComponent,Node_Nat_Lavender_C,Node_Nat_Lavender_C_UAID_D843AE1A93E5D6A002_2065691886,31720.1,48515.848,-2060.2063,,,,,,,,,Profession.Naturalist,Resource.Herb.Lavender
StaticMeshComponent,Node_Nat_PepperPlate_C,Node_Nat_PepperPlate_C_UAID_D843AE1A93E55AB902_2714cb9537170a2c_1669144536,42466.742,-22472.018,-5655.461,,,,,,,,,Profession.Naturalist,Resource.Nat.Spice.PepperPlate
StaticMeshComponent,Node_Nat_PepperPlate_C,Node_Nat_PepperPlate_C_UAID_D843AE1A93E55AB902_37d6a2ff3e443f83_1669144536,35718.367,-22124.064,-4665.7217,,,,,,,,,Profession.Naturalist,Resource.Nat.Spice.PepperPlate
StaticMeshComponent,Node_Nat_PepperPlate_C,Node_Nat_PepperPlate_C_UAID_D843AE1A93E55AB902_496f8894528561b6_1669144536,38940.66,-12195.006,-3514.7705,,,,,,,,,Profession.Naturalist,Resource.Nat.Spice.PepperPlate
StaticMeshComponent,Node_Nat_PepperPlate_C,Node_Nat_PepperPlate_C_UAID_D843AE1A93E55AB902_53c4080ace57d351_1669144536,35089.535,-11935.847,-3066.7559,,,,,,,,,Profession.Naturalist,Resource.Nat.Spice.PepperPlate
StaticMeshComponent,Node_Nat_PepperPlate_C,Node_Nat_PepperPlate_C_UAID_D843AE1A93E55AB902_58571bf069406bb1_1669144536,34151.594,-13198.122,-4197.4673,,,,,,,,,Profession.Naturalist,Resource.Nat.Spice.PepperPlate
StaticMeshComponent,Node_Nat_PepperPlate_C,Node_Nat_PepperPlate_C_UAID_D843AE1A93E55AB902_652a7d4a92eb5cd8_1669144536,42412.418,-21698.479,-5667.0073,,,,,,,,,Profession.Naturalist,Resource.Nat.Spice.PepperPlate
StaticMeshComponent,Node_Nat_PepperPlate_C,Node_Nat_PepperPlate_C_UAID_D843AE1A93E55AB902_6ac03f7be6784d9b_1669144536,37314.44,-19832.922,-7710.1353,,,,,,,,,Profession.Naturalist,Resource.Nat.Spice.PepperPlate
StaticMeshComponent,Node_Nat_PepperPlate_C,Node_Nat_PepperPlate_C_UAID_D843AE1A93E55AB902_6efbcccfe32c8a06_1669144536,34110.51,-14419.272,-4623.529,,,,,,,,,Profession.Naturalist,Resource.Nat.Spice.PepperPlate
StaticMeshComponent,Node_Nat_PepperPlate_C,Node_Nat_PepperPlate_C_UAID_D843AE1A93E55AB902_9aaed9c5d4604f99_1669144536,42445.54,-22454.455,-5655.461,,,,,,,,,Profession.Naturalist,Resource.Nat.Spice.PepperPlate
StaticMeshComponent,Node_Nat_PepperPlate_C,Node_Nat_PepperPlate_C_UAID_D843AE1A93E55AB902_bf1436fb186849dd_1669144536,36736.95,-16289.218,-8026.297,,,,,,,,,Profession.Naturalist,Resource.Nat.Spice.PepperPlate
StaticMeshComponent,Node_Nat_PepperPlate_C,Node_Nat_PepperPlate_C_UAID_D843AE1A93E55AB902_c0092ab5b7b1f614_1669144536,37207.36,-19647.953,-7644.0986,,,,,,,,,Profession.Naturalist,Resource.Nat.Spice.PepperPlate
StaticMeshComponent,Node_Nat_PepperPlate_C,Node_Nat_PepperPlate_C_UAID_D843AE1A93E55AB902_d57af61f5937110f_1669144536,36966.984,-20004.773,-4654.6797,,,,,,,,,Profession.Naturalist,Resource.Nat.Spice.PepperPlate
StaticMeshComponent,Node_Nat_PepperPlate_C,Node_Nat_PepperPlate_C_UAID_D843AE1A93E55AB902_f1f1e82d500553b3_1669144536,37203.023,-19607.31,-7714.899,,,,,,,,,Profession.Naturalist,Resource.Nat.Spice.PepperPlate
StaticMeshComponent,Node_Nat_PepperPlate_C,Node_Nat_PepperPlate_C_UAID_D843AE1A93E55AB902_f78ee2755d8f9935_1669144536,37765.547,-17846.15,-8008.553,,,,,,,,,Profession.Naturalist,Resource.Nat.Spice.PepperPlate
StaticMeshComponent,Node_Nat_Pepper_C,Node_Nat_Pepper_C_UAID_D843AE1A93E5B9A102_1563146114,37482.25,-1166.148,644.7473,,,,,,,,,Profession.Naturalist,Resource.Nat.Spice.Pepper
StaticMeshComponent,Node_Nat_Pepper_C,Node_Nat_Pepper_C_UAID_D843AE1A93E5B9A102_1814848115,34738.77,-685.8821,118.03668,,,,,,,,,Profession.Naturalist,Resource.Nat.Spice.Pepper
StaticMeshComponent,Node_Nat_Pepper_C,Node_Nat_Pepper_C_UAID_D843AE1A93E5B9A102_1859522116,32936.867,-372.4613,-401.29,,,,,,,,,Profession.Naturalist,Resource.Nat.Spice.Pepper
StaticMeshComponent,Node_Nat_Pepper_C,Node_Nat_Pepper_C_UAID_D843AE1A93E5B9A102_2015364117,39211.57,1163.3143,-1093.903,,,,,,,,,Profession.Naturalist,Resource.Nat.Spice.Pepper
StaticMeshComponent,Node_Nat_PinkYarrowVase_C,Node_Nat_PinkYarrowVase_C_UAID_D843AE1A93E579AC02_1631823896,34052.04,-14444.017,-4624.169,,,,,,,,,Profession.Naturalist,Resource.Herb.PinkYarrowVase
StaticMeshComponent,Node_Nat_PinkYarrowVase_C,Node_Nat_PinkYarrowVase_C_UAID_D843AE1A93E579AC02_1665756897,33965.91,-14443.875,-4624.1426,,,,,,,,,Profession.Naturalist,Resource.Herb.PinkYarrowVase
StaticMeshComponent,Node_Nat_PinkYarrowVase_C,Node_Nat_PinkYarrowVase_C_UAID_D843AE1A93E579AC02_1746556899,38915.465,-15722.223,-4408.3555,,,,,,,,,Profession.Naturalist,Resource.Herb.PinkYarrowVase
StaticMeshComponent,Node_Nat_PinkYarrowVase_C,Node_Nat_PinkYarrowVase_C_UAID_D843AE1A93E579AC02_2022656902,41774.523,-21762.637,-5529.9985,,,,,,,,,Profession.Naturalist,Resource.Herb.PinkYarrowVase
StaticMeshComponent,Node_Nat_PinkYarrowVase_C,Node_Nat_PinkYarrowVase_C_UAID_D843AE1A93E579AC02_2047159903,42291.77,-22144.518,-5622.518,,,,,,,,,Profession.Naturalist,Resource.Herb.PinkYarrowVase
StaticMeshComponent,Node_Nat_PinkYarrow_C,Node_Nat_PinkYarrow_C_UAID_D843AE1A93E574A102_1352309300,2552.3452,24344.125,-1928.8359,,,,,,,,,Profession.Naturalist,Resource.Herb.PinkYarrow
StaticMeshComponent,Node_Nat_PinkYarrow_C,Node_Nat_PinkYarrow_C_UAID_D843AE1A93E574A102_1535155302,2563.0605,24272.375,-1935.0881,,,,,,,,,Profession.Naturalist,Resource.Herb.PinkYarrow
StaticMeshComponent,Node_Nat_PinkYarrow_C,Node_Nat_PinkYarrow_C_UAID_D843AE1A93E574A102_1569690303,3703.0054,27921.996,-1698.1567,,,,,,,,,Profession.Naturalist,Resource.Herb.PinkYarrow
StaticMeshComponent,Node_Nat_PinkYarrow_C,Node_Nat_PinkYarrow_C_UAID_D843AE1A93E574A102_1695099304,3746.65,27936.94,-1702.9381,,,,,,,,,Profession.Naturalist,Resource.Herb.PinkYarrow
StaticMeshComponent,Node_Nat_PinkYarrow_C,Node_Nat_PinkYarrow_C_UAID_D843AE1A93E574A102_1816317305,-2389.6455,33312.71,-1075.7325,,,,,,,,,Profession.Naturalist,Resource.Herb.PinkYarrow
StaticMeshComponent,Node_Nat_PinkYarrow_C,Node_Nat_PinkYarrow_C_UAID_D843AE1A93E574A102_1837132306,-2317.8894,33327.83,-1079.7576,,,,,,,,,Profession.Naturalist,Resource.Herb.PinkYarrow
StaticMeshComponent,Node_Nat_PinkYarrow_C,Node_Nat_PinkYarrow_C_UAID_D843AE1A93E574A102_2041947307,-7824.0327,22353.18,-1373.0344,,,,,,,,,Profession.Naturalist,Resource.Herb.PinkYarrow
StaticMeshComponent,Node_Nat_PinkYarrow_C,Node_Nat_PinkYarrow_C_UAID_D843AE1A93E574A102_2077570308,-7875.1313,22351.908,-1373.1638,,,,,,,,,Profession.Naturalist,Resource.Herb.PinkYarrow
StaticMeshComponent,Node_Nat_PinkYarrow_C,Node_Nat_PinkYarrow_C_UAID_D843AE1A93E574A102_2085636309,-7914.427,22345.512,-1376.4575,,,,,,,,,Profession.Naturalist,Resource.Herb.PinkYarrow
StaticMeshComponent,Node_Nat_PinkYarrow_C,Node_Nat_PinkYarrow_C_UAID_D843AE1A93E575A102_1086245486,-15351.534,36700.453,-8.207791,,,,,,,,,Profession.Naturalist,Resource.Herb.PinkYarrow
StaticMeshComponent,Node_Nat_PinkYarrow_C,Node_Nat_PinkYarrow_C_UAID_D843AE1A93E575A102_1107155487,-15396.876,36687.17,-9.099154,,,,,,,,,Profession.Naturalist,Resource.Herb.PinkYarrow
StaticMeshComponent,Node_Nat_PinkYarrow_C,Node_Nat_PinkYarrow_C_UAID_D843AE1A93E575A102_1121797488,-15445.259,36686.15,-15.717192,,,,,,,,,Profession.Naturalist,Resource.Herb.PinkYarrow
StaticMeshComponent,Node_Nat_PoppyDried_01a_C,Node_Nat_PoppyDried_01a_C_UAID_D843AE1A93E508A302_021d0c926e91ab6d_1442192787,33940.562,-14420.891,-4624.283,,,,,,,,,Profession.Naturalist,Resource.Herb.PoppyDried01a
StaticMeshComponent,Node_Nat_PoppyDried_01a_C,Node_Nat_PoppyDried_01a_C_UAID_D843AE1A93E508A302_140d85c4c8a4128b_1442192787,42219.766,-22918.742,-5657.2114,,,,,,,,,Profession.Naturalist,Resource.Herb.PoppyDried01a
StaticMeshComponent,Node_Nat_PoppyDried_01a_C,Node_Nat_PoppyDried_01a_C_UAID_D843AE1A93E508A302_28cf464c4ea01195_1442192787,38111.723,-18157.352,-4585.0933,,,,,,,,,Profession.Naturalist,Resource.Herb.PoppyDried01a
StaticMeshComponent,Node_Nat_PoppyDried_01a_C,Node_Nat_PoppyDried_01a_C_UAID_D843AE1A93E508A302_4c599afacda174fc_1442192787,37052.73,-19913.688,-4655.6157,,,,,,,,,Profession.Naturalist,Resource.Herb.PoppyDried01a
StaticMeshComponent,Node_Nat_PoppyDried_01a_C,Node_Nat_PoppyDried_01a_C_UAID_D843AE1A93E508A302_8aca10fea835949c_1442192787,35076.62,-11957.368,-3069.5583,,,,,,,,,Profession.Naturalist,Resource.Herb.PoppyDried01a
StaticMeshComponent,Node_Nat_PoppyDried_01a_C,Node_Nat_PoppyDried_01a_C_UAID_D843AE1A93E508A302_c2cce2b572c78b80_1442192787,42426.14,-21591.885,-5667.7417,,,,,,,,,Profession.Naturalist,Resource.Herb.PoppyDried01a
StaticMeshComponent,Node_Nat_PoppyDried_01a_C,Node_Nat_PoppyDried_01a_C_UAID_D843AE1A93E508A302_c8c2ee961a150328_1442192787,42228.55,-22186.307,-5622.4204,,,,,,,,,Profession.Naturalist,Resource.Herb.PoppyDried01a
StaticMeshComponent,Node_Nat_PoppyDried_01a_C,Node_Nat_PoppyDried_01a_C_UAID_D843AE1A93E508A302_e9ddea7915f6b9cd_1442192787,38963.062,-12906.535,-3431.073,,,,,,,,,Profession.Naturalist,Resource.Herb.PoppyDried01a
StaticMeshComponent,Node_Nat_PoppyDried_01a_C,Node_Nat_PoppyDried_01a_C_UAID_D843AE1A93E508A302_eff64ccb51fee2c0_1442192787,35753.91,-22207.643,-4667.6865,,,,,,,,,Profession.Naturalist,Resource.Herb.PoppyDried01a
StaticMeshComponent,Node_Nat_Poppy_C,Node_Nat_Poppy_C_UAID_D843AE1A93E57FA102_1578982163,-11361.89,37185.14,-178.64804,,,,,,,,,Profession.Naturalist,Resource.Herb.Poppy
StaticMeshComponent,Node_Nat_Poppy_C,Node_Nat_Poppy_C_UAID_D843AE1A93E57FA102_1688485164,16248.078,32512.973,-1989.7566,,,,,,,,,Profession.Naturalist,Resource.Herb.Poppy
StaticMeshComponent,Node_Nat_Poppy_C,Node_Nat_Poppy_C_UAID_D843AE1A93E57FA102_1717766165,-4436.2407,12726.001,-1978.8026,,,,,,,,,Profession.Naturalist,Resource.Herb.Poppy
StaticMeshComponent,Node_Nat_Rosemary_C,Node_Nat_Rosemary_C_UAID_D843AE1A93E52DA102_1424903311,34946.535,38375.633,-1204.7617,,,,,,,,,Profession.Naturalist,Resource.Herb.Rosemary
StaticMeshComponent,Node_Nat_Rosemary_C,Node_Nat_Rosemary_C_UAID_D843AE1A93E52DA102_1444279312,34342.94,37516.52,-1282.5631,,,,,,,,,Profession.Naturalist,Resource.Herb.Rosemary
StaticMeshComponent,Node_Nat_Rosemary_C,Node_Nat_Rosemary_C_UAID_D843AE1A93E52DA102_1468180313,34213.48,36823.84,-1293.1145,,,,,,,,,Profession.Naturalist,Resource.Herb.Rosemary
StaticMeshComponent,Node_Nat_Rosemary_C,Node_Nat_Rosemary_C_UAID_D843AE1A93E52DA102_1530578314,33538.875,38489.51,-1732.0854,,,,,,,,,Profession.Naturalist,Resource.Herb.Rosemary
StaticMeshComponent,Node_Nat_Rosemary_C,Node_Nat_Rosemary_C_UAID_D843AE1A93E52DA102_1556127315,35629.566,40122.348,-1482.6188,,,,,,,,,Profession.Naturalist,Resource.Herb.Rosemary
StaticMeshComponent,Node_Nat_Rosemary_C,Node_Nat_Rosemary_C_UAID_D843AE1A93E52DA102_1579051316,35810.7,41626.758,-1771.1068,,,,,,,,,Profession.Naturalist,Resource.Herb.Rosemary
StaticMeshComponent,Node_Nat_Rosemary_C,Node_Nat_Rosemary_C_UAID_D843AE1A93E52DA102_1643044317,43558.758,41964.453,-2041.979,,,,,,,,,Profession.Naturalist,Resource.Herb.Rosemary
StaticMeshComponent,Node_Nat_Rosemary_C,Node_Nat_Rosemary_C_UAID_D843AE1A93E52DA102_1659658318,44516.203,41607.477,-2042.5178,,,,,,,,,Profession.Naturalist,Resource.Herb.Rosemary
StaticMeshComponent,Node_Nat_Rosemary_C,Node_Nat_Rosemary_C_UAID_D843AE1A93E52DA102_1690336319,45027.84,41073.625,-2052.0212,,,,,,,,,Profession.Naturalist,Resource.Herb.Rosemary
StaticMeshComponent,Node_Nat_Rosemary_C,Node_Nat_Rosemary_C_UAID_D843AE1A93E52DA102_1702232320,44731.824,40533.793,-2167.851,,,,,,,,,Profession.Naturalist,Resource.Herb.Rosemary
StaticMeshComponent,Node_Nat_Rosemary_C,Node_Nat_Rosemary_C_UAID_D843AE1A93E52DA102_1725079321,44084.99,41231.785,-2156.7534,,,,,,,,,Profession.Naturalist,Resource.Herb.Rosemary
StaticMeshComponent,Node_Nat_Rosemary_C,Node_Nat_Rosemary_C_UAID_D843AE1A93E52DA102_1846861322,21842.668,26734.793,-1267.0203,,,,,,,,,Profession.Naturalist,Resource.Herb.Rosemary
StaticMeshComponent,Node_Nat_Rosemary_C,Node_Nat_Rosemary_C_UAID_D843AE1A93E52DA102_1862005323,22921.158,27726.176,-1155.4243,,,,,,,,,Profession.Naturalist,Resource.Herb.Rosemary
StaticMeshComponent,Node_Nat_Rosemary_C,Node_Nat_Rosemary_C_UAID_D843AE1A93E52DA102_1878716324,23619.68,27855.191,-1131.6537,,,,,,,,,Profession.Naturalist,Resource.Herb.Rosemary
StaticMeshComponent,Node_Nat_Rosemary_C,Node_Nat_Rosemary_C_UAID_D843AE1A93E52DA102_1891586325,24516.648,27140.63,-1178.3491,,,,,,,,,Profession.Naturalist,Resource.Herb.Rosemary
StaticMeshComponent,Node_Nat_Rosemary_C,Node_Nat_Rosemary_C_UAID_D843AE1A93E52DA102_1900751326,22670.867,26085.152,-1299.2205,,,,,,,,,Profession.Naturalist,Resource.Herb.Rosemary
StaticMeshComponent,Node_Nat_Rosemary_C,Node_Nat_Rosemary_C_UAID_D843AE1A93E52DA102_1935025327,21244.951,25442.213,-1378.5316,,,,,,,,,Profession.Naturalist,Resource.Herb.Rosemary
StaticMeshComponent,Node_Nat_Rosemary_C,Node_Nat_Rosemary_C_UAID_D843AE1A93E52DA102_1961055328,21990.22,25572.572,-1354.47,,,,,,,,,Profession.Naturalist,Resource.Herb.Rosemary
StaticMeshComponent,Node_Nat_Rosemary_C,Node_Nat_Rosemary_C_UAID_D843AE1A93E52DA102_1976553329,22182.68,24541.72,-1457.4294,,,,,,,,,Profession.Naturalist,Resource.Herb.Rosemary
StaticMeshComponent,Node_Nat_SaffronBasket_C,Node_Nat_SaffronBasket_C_UAID_D843AE1A93E578AC02_2028961706,34250.53,-10916.5,-4329.4634,,,,,,,,,Profession.Naturalist,Resource.Nat.Spice.SaffronBasket
StaticMeshComponent,Node_Nat_SaffronBasket_C,Node_Nat_SaffronBasket_C_UAID_D843AE1A93E579AC02_1171555886,32812.85,-13311.759,-4150.328,,,,,,,,,Profession.Naturalist,Resource.Nat.Spice.SaffronBasket
StaticMeshComponent,Node_Nat_SaffronBasket_C,Node_Nat_SaffronBasket_C_UAID_D843AE1A93E579AC02_1218393887,32552.684,-12719.761,-4212.753,,,,,,,,,Profession.Naturalist,Resource.Nat.Spice.SaffronBasket
StaticMeshComponent,Node_Nat_SaffronBasket_C,Node_Nat_SaffronBasket_C_UAID_D843AE1A93E579AC02_1349543889,36010.348,-16045.511,-4509.1187,,,,,,,,,Profession.Naturalist,Resource.Nat.Spice.SaffronBasket
StaticMeshComponent,Node_Nat_SaffronBasket_C,Node_Nat_SaffronBasket_C_UAID_D843AE1A93E579AC02_1817174901,38972.19,-15053.44,-4489.003,,,,,,,,,Profession.Naturalist,Resource.Nat.Spice.SaffronBasket
StaticMeshComponent,Node_Nat_SaffronBasket_C,Node_Nat_SaffronBasket_C_UAID_D843AE1A93E579AC02_2083601904,42294.36,-22955.77,-5654.693,,,,,,,,,Profession.Naturalist,Resource.Nat.Spice.SaffronBasket
StaticMeshComponent,Node_Nat_SaffronBasket_C,Node_Nat_SaffronBasket_C_UAID_D843AE1A93E57AAC02_1164830083,41791.395,-23218.797,-5709.907,,,,,,,,,Profession.Naturalist,Resource.Nat.Spice.SaffronBasket
StaticMeshComponent,Node_Nat_SaffronBasket_C,Node_Nat_SaffronBasket_C_UAID_D843AE1A93E57AAC02_1762680091,40936.426,-16635.53,-4800.053,,,,,,,,,Profession.Naturalist,Resource.Nat.Spice.SaffronBasket
StaticMeshComponent,Node_Nat_SaffronBasket_C,Node_Nat_SaffronBasket_C_UAID_D843AE1A93E57AAC02_1866928092,42838.75,-22726.762,-5706.907,,,,,,,,,Profession.Naturalist,Resource.Nat.Spice.SaffronBasket
StaticMeshComponent,Node_Nat_SaffronBasket_C,Node_Nat_SaffronBasket_C_UAID_D843AE1A93E57AAC02_1922706093,42996.81,-23217.309,-3269.6536,,,,,,,,,Profession.Naturalist,Resource.Nat.Spice.SaffronBasket
StaticMeshComponent,Node_Nat_SaffronBasket_C,Node_Nat_SaffronBasket_C_UAID_D843AE1A93E57AAC02_1954111094,44164.17,-23459.148,-3256.2207,,,,,,,,,Profession.Naturalist,Resource.Nat.Spice.SaffronBasket
StaticMeshComponent,Node_Nat_Saffron_C,Node_Nat_Saffron_C_UAID_D843AE1A93E579A102_1189685218,15409.626,16255.904,-1853.2428,,,,,,,,,Profession.Naturalist,Resource.Nat.Spice.Saffron
StaticMeshComponent,Node_Nat_Saffron_C,Node_Nat_Saffron_C_UAID_D843AE1A93E579A102_1226920219,15614.686,16474.486,-1913.4775,,,,,,,,,Profession.Naturalist,Resource.Nat.Spice.Saffron
StaticMeshComponent,Node_Nat_Saffron_C,Node_Nat_Saffron_C_UAID_D843AE1A93E579A102_1241567220,14930.869,16207.168,-1830.1122,,,,,,,,,Profession.Naturalist,Resource.Nat.Spice.Saffron
StaticMeshComponent,Node_Nat_Saffron_C,Node_Nat_Saffron_C_UAID_D843AE1A93E579A102_1366738221,7471.8926,12820.457,-1669.9441,,,,,,,,,Profession.Naturalist,Resource.Nat.Spice.Saffron
StaticMeshComponent,Node_Nat_Saffron_C,Node_Nat_Saffron_C_UAID_D843AE1A93E579A102_1384963222,7024.7964,13448.301,-1755.8094,,,,,,,,,Profession.Naturalist,Resource.Nat.Spice.Saffron
StaticMeshComponent,Node_Nat_Saffron_C,Node_Nat_Saffron_C_UAID_D843AE1A93E579A102_1460321223,-9313.403,28118.27,-852.60065,,,,,,,,,Profession.Naturalist,Resource.Nat.Spice.Saffron
StaticMeshComponent,Node_Nat_Saffron_C,Node_Nat_Saffron_C_UAID_D843AE1A93E579A102_1473235224,-9507.55,27698.064,-871.864,,,,,,,,,Profession.Naturalist,Resource.Nat.Spice.Saffron
StaticMeshComponent,Node_Nat_Saffron_C,Node_Nat_Saffron_C_UAID_D843AE1A93E579A102_1511598225,-10441.303,28461.436,-867.3624,,,,,,,,,Profession.Naturalist,Resource.Nat.Spice.Saffron
StaticMeshComponent,Node_Nat_Saffron_C,Node_Nat_Saffron_C_UAID_D843AE1A93E579A102_1615622226,-14239.528,35504.35,-130.61711,,,,,,,,,Profession.Naturalist,Resource.Nat.Spice.Saffron
StaticMeshComponent,Node_Nat_Saffron_C,Node_Nat_Saffron_C_UAID_D843AE1A93E579A102_1640031227,-14533.1,35668.484,-79.218636,,,,,,,,,Profession.Naturalist,Resource.Nat.Spice.Saffron
StaticMeshComponent,Node_Nat_Saffron_C,Node_Nat_Saffron_C_UAID_D843AE1A93E579A102_1658162228,-14049.949,35180.562,-170.36913,,,,,,,,,Profession.Naturalist,Resource.Nat.Spice.Saffron
StaticMeshComponent,Node_Scav_Copper_C,Node_Scav_Copper_C_UAID_D843AE1A93E569A102_1573992451,-19887.56,3983.1768,-2156.354,,,,,,,,,Profession.Scavenger,Resource.Scav.Ore.Copper
StaticMeshComponent,Node_Scav_Copper_C,Node_Scav_Copper_C_UAID_D843AE1A93E569A102_1699621453,-19269.195,4234.0947,-2216.274,,,,,,,,,Profession.Scavenger,Resource.Scav.Ore.Copper
StaticMeshComponent,Node_Scav_Copper_C,Node_Scav_Copper_C_UAID_D843AE1A93E569A102_1736070454,-18036.344,4050.668,-2304.069,,,,,,,,,Profession.Scavenger,Resource.Scav.Ore.Copper
StaticMeshComponent,Node_Scav_Copper_C,Node_Scav_Copper_C_UAID_D843AE1A93E569A102_1987458455,-17422.164,5905.9653,-2118.7922,,,,,,,,,Profession.Scavenger,Resource.Scav.Ore.Copper
StaticMeshComponent,Node_Scav_Copper_C,Node_Scav_Copper_C_UAID_D843AE1A93E569A102_2040344456,-18451.01,7633.06,-2043.4034,,,,,,,,,Profession.Scavenger,Resource.Scav.Ore.Copper
StaticMeshComponent,Node_Scav_Copper_C,Node_Scav_Copper_C_UAID_D843AE1A93E569A102_2069187457,-16025.175,3798.7537,-1991.862,,,,,,,,,Profession.Scavenger,Resource.Scav.Ore.Copper
StaticMeshComponent,Node_Scav_Copper_C,Node_Scav_Copper_C_UAID_D843AE1A93E569A102_2145402458,-10749.316,3927.0828,-2304.4353,,,,,,,,,Profession.Scavenger,Resource.Scav.Ore.Copper
StaticMeshComponent,Node_Scav_Copper_C,Node_Scav_Copper_C_UAID_D843AE1A93E56AA102_1299181635,-8427.529,4069.8948,-2104.736,,,,,,,,,Profession.Scavenger,Resource.Scav.Ore.Copper
StaticMeshComponent,Node_Scav_Copper_C,Node_Scav_Copper_C_UAID_D843AE1A93E56AA102_1328565636,-5479.703,1432.7769,-2119.4956,,,,,,,,,Profession.Scavenger,Resource.Scav.Ore.Copper
StaticMeshComponent,Node_Scav_Copper_C,Node_Scav_Copper_C_UAID_D843AE1A93E56AA102_1398385637,20924.34,3249.5793,-1442.7308,,,,,,,,,Profession.Scavenger,Resource.Scav.Ore.Copper
StaticMeshComponent,Node_Scav_Copper_C,Node_Scav_Copper_C_UAID_D843AE1A93E56AA102_1555551638,20787.977,2108.4011,-1325.2112,,,,,,,,,Profession.Scavenger,Resource.Scav.Ore.Copper
StaticMeshComponent,Node_Scav_Copper_C,Node_Scav_Copper_C_UAID_D843AE1A93E56AA102_1906511639,22847.166,91.67465,-1115.2635,,,,,,,,,Profession.Scavenger,Resource.Scav.Ore.Copper
StaticMeshComponent,Node_Scav_Copper_C,Node_Scav_Copper_C_UAID_D843AE1A93E56AA102_1937665640,23139.973,-1172.5833,-1227.3073,,,,,,,,,Profession.Scavenger,Resource.Scav.Ore.Copper
StaticMeshComponent,Node_Scav_CottonBasket_C,Node_Scav_CottonBasket_C_UAID_D843AE1A93E55FAE02_1584870623,39187.098,-12994.7295,-3461.4275,,,,,,,,,Profession.Scavenger,Resource.Scav.Cloth.CottonBasket
StaticMeshComponent,Node_Scav_CottonBasket_C,Node_Scav_CottonBasket_C_UAID_D843AE1A93E55FAE02_1816350624,34233.047,-10669.892,-4292.123,,,,,,,,,Profession.Scavenger,Resource.Scav.Cloth.CottonBasket
StaticMeshComponent,Node_Scav_CottonBasket_C,Node_Scav_CottonBasket_C_UAID_D843AE1A93E55FAE02_1959631626,42940.227,-22712.637,-5708.057,,,,,,,,,Profession.Scavenger,Resource.Scav.Cloth.CottonBasket
StaticMeshComponent,Node_Scav_Cotton_C,Node_Scav_Cotton_C_UAID_D843AE1A93E579A102_1816366229,-11595.344,32517.193,-672.1813,,,,,,,,,Profession.Scavenger,Resource.Scav.Cloth.Cotton
StaticMeshComponent,Node_Scav_Cotton_C,Node_Scav_Cotton_C_UAID_D843AE1A93E579A102_1828163230,-11415.747,29167.383,-851.0354,,,,,,,,,Profession.Scavenger,Resource.Scav.Cloth.Cotton
StaticMeshComponent,Node_Scav_Cotton_C,Node_Scav_Cotton_C_UAID_D843AE1A93E579A102_1855718231,-14860.068,26614.648,-810.8024,,,,,,,,,Profession.Scavenger,Resource.Scav.Cloth.Cotton
StaticMeshComponent,Node_Scav_Cotton_C,Node_Scav_Cotton_C_UAID_D843AE1A93E579A102_1908035232,-18113.334,27160.518,-670.38837,,,,,,,,,Profession.Scavenger,Resource.Scav.Cloth.Cotton
StaticMeshComponent,Node_Scav_Cotton_C,Node_Scav_Cotton_C_UAID_D843AE1A93E579A102_1939739233,-14088.788,32875.92,-413.47882,,,,,,,,,Profession.Scavenger,Resource.Scav.Cloth.Cotton
StaticMeshComponent,Node_Scav_Cotton_C,Node_Scav_Cotton_C_UAID_D843AE1A93E57AA102_1103922410,-13021.669,35655.258,-203.47487,,,,,,,,,Profession.Scavenger,Resource.Scav.Cloth.Cotton
StaticMeshComponent,Node_Scav_Cotton_C,Node_Scav_Cotton_C_UAID_D843AE1A93E57AA102_1166364411,-7950.1235,28997.645,-894.88983,,,,,,,,,Profession.Scavenger,Resource.Scav.Cloth.Cotton
StaticMeshComponent,Node_Scav_Cotton_C,Node_Scav_Cotton_C_UAID_D843AE1A93E57AA102_1178301412,-15299.253,25768.84,-841.37085,,,,,,,,,Profession.Scavenger,Resource.Scav.Cloth.Cotton
StaticMeshComponent,Node_Scav_Flax_C,Node_Scav_Flax_C_UAID_D843AE1A93E52FA102_2120006719,21519.695,30865.988,-2183.525,,,,,,,,,Profession.Scavenger,Resource.Scav.Cloth.Flax
StaticMeshComponent,Node_Scav_Flax_C,Node_Scav_Flax_C_UAID_D843AE1A93E52FA102_2143717720,22099.717,31058.66,-2160.5933,,,,,,,,,Profession.Scavenger,Resource.Scav.Cloth.Flax
StaticMeshComponent,Node_Scav_Flax_C,Node_Scav_Flax_C_UAID_D843AE1A93E530A102_1198741897,8568.652,37624.63,-2132.7368,,,,,,,,,Profession.Scavenger,Resource.Scav.Cloth.Flax
StaticMeshComponent,Node_Scav_Flax_C,Node_Scav_Flax_C_UAID_D843AE1A93E530A102_1216969898,8397.953,38174.438,-2152.1597,,,,,,,,,Profession.Scavenger,Resource.Scav.Cloth.Flax
StaticMeshComponent,Node_Scav_Flax_C,Node_Scav_Flax_C_UAID_D843AE1A93E530A102_1308574899,8335.407,44712.707,-2120.0403,,,,,,,,,Profession.Scavenger,Resource.Scav.Cloth.Flax
StaticMeshComponent,Node_Scav_Flax_C,Node_Scav_Flax_C_UAID_D843AE1A93E530A102_1335147900,8614.887,44342.0,-2087.5498,,,,,,,,,Profession.Scavenger,Resource.Scav.Cloth.Flax
StaticMeshComponent,Node_Scav_Flax_C,Node_Scav_Flax_C_UAID_D843AE1A93E530A102_1400144901,-25949.389,4372.4976,-1991.9437,,,,,,,,,Profession.Scavenger,Resource.Scav.Cloth.Flax
StaticMeshComponent,Node_Scav_Flax_C,Node_Scav_Flax_C_UAID_D843AE1A93E530A102_1417431902,-25608.006,3860.7712,-2153.5273,,,,,,,,,Profession.Scavenger,Resource.Scav.Cloth.Flax
StaticMeshComponent,Node_Scav_Flax_C,Node_Scav_Flax_C_UAID_D843AE1A93E530A102_1531665903,-21421.205,11624.307,-1948.0524,,,,,,,,,Profession.Scavenger,Resource.Scav.Cloth.Flax
StaticMeshComponent,Node_Scav_Flax_C,Node_Scav_Flax_C_UAID_D843AE1A93E530A102_1548510904,-21769.033,11368.309,-1868.1003,,,,,,,,,Profession.Scavenger,Resource.Scav.Cloth.Flax
StaticMeshComponent,Node_Scav_Flax_C,Node_Scav_Flax_C_UAID_D843AE1A93E530A102_1611818905,-6502.182,4156.5347,-2211.1343,,,,,,,,,Profession.Scavenger,Resource.Scav.Cloth.Flax
StaticMeshComponent,Node_Scav_Flax_C,Node_Scav_Flax_C_UAID_D843AE1A93E530A102_1635767906,-6956.4727,4533.0635,-2118.313,,,,,,,,,Profession.Scavenger,Resource.Scav.Cloth.Flax
StaticMeshComponent,Node_Scav_Flax_C,Node_Scav_Flax_C_UAID_D843AE1A93E530A102_1662027907,-7421.701,4439.223,-2150.2463,,,,,,,,,Profession.Scavenger,Resource.Scav.Cloth.Flax
StaticMeshComponent,Node_Scav_Gold_C,Node_Scav_Gold_C_UAID_D843AE1A93E57EA102_1597472529,2274.4727,20879.49,-2354.0864,,,,,,,,,Profession.Scavenger,Resource.Scav.Ore.Gold
StaticMeshComponent,Node_Scav_Gold_C,Node_Scav_Gold_C_UAID_D843AE1A93E57EA102_1806431530,3035.8193,11603.022,-2335.0632,,,,,,,,,Profession.Scavenger,Resource.Scav.Ore.Gold
StaticMeshComponent,Node_Scav_Gold_C,Node_Scav_Gold_C_UAID_D843AE1A93E5BCA102_2035083222,42336.832,-19805.268,-5783.2856,,,,,,,,,Profession.Scavenger,Resource.Scav.Ore.Gold
StaticMeshComponent,Node_Scav_Gold_C,Node_Scav_Gold_C_UAID_D843AE1A93E5BDA102_1347975401,43288.125,-16822.572,-6814.314,,,,,,,,,Profession.Scavenger,Resource.Scav.Ore.Gold
StaticMeshComponent,Node_Scav_Gold_C,Node_Scav_Gold_C_UAID_D843AE1A93E5BDA102_1397070403,41497.445,-16659.514,-5925.982,,,,,,,,,Profession.Scavenger,Resource.Scav.Ore.Gold
StaticMeshComponent,Node_Scav_Gold_C,Node_Scav_Gold_C_UAID_D843AE1A93E5BDA102_1786800703,42303.27,-19510.11,-7655.2935,,,,,,,,,Profession.Scavenger,Resource.Scav.Ore.Gold
StaticMeshComponent,Node_Scav_Gold_C,Node_Scav_Gold_C_UAID_D843AE1A93E5BDA102_1959959705,42754.21,-16931.658,-7870.28,,,,,,,,,Profession.Scavenger,Resource.Scav.Ore.Gold
StaticMeshComponent,Node_Scav_Hemp_C,Node_Scav_Hemp_C_UAID_D843AE1A93E5DAA002_1693450099,22660.342,15802.403,-2582.3545,,,,,,,,,Profession.Scavenger,Resource.Scav.Cloth.Hemp
StaticMeshComponent,Node_Scav_Hemp_C,Node_Scav_Hemp_C_UAID_D843AE1A93E5DAA002_1709774100,22702.133,15994.918,-2582.3545,,,,,,,,,Profession.Scavenger,Resource.Scav.Cloth.Hemp
StaticMeshComponent,Node_Scav_Hemp_C,Node_Scav_Hemp_C_UAID_D843AE1A93E5DAA002_1716933101,22569.508,15907.641,-2582.3545,,,,,,,,,Profession.Scavenger,Resource.Scav.Cloth.Hemp
StaticMeshComponent,Node_Scav_Hemp_C,Node_Scav_Hemp_C_UAID_D843AE1A93E5DAA002_1727185102,22483.938,16020.539,-2582.3545,,,,,,,,,Profession.Scavenger,Resource.Scav.Cloth.Hemp
StaticMeshComponent,Node_Scav_Hemp_C,Node_Scav_Hemp_C_UAID_D843AE1A93E5DAA002_1791815103,35373.336,23860.766,-2656.6877,,,,,,,,,Profession.Scavenger,Resource.Scav.Cloth.Hemp
StaticMeshComponent,Node_Scav_Hemp_C,Node_Scav_Hemp_C_UAID_D843AE1A93E5DAA002_1802992104,35440.207,23975.826,-2642.3667,,,,,,,,,Profession.Scavenger,Resource.Scav.Cloth.Hemp
StaticMeshComponent,Node_Scav_Hemp_C,Node_Scav_Hemp_C_UAID_D843AE1A93E5DAA002_1823321105,35250.68,23950.9,-2621.917,,,,,,,,,Profession.Scavenger,Resource.Scav.Cloth.Hemp
StaticMeshComponent,Node_Scav_Hemp_C,Node_Scav_Hemp_C_UAID_D843AE1A93E5DAA002_1896272106,-23778.135,5483.1714,-2215.366,,,,,,,,,Profession.Scavenger,Resource.Scav.Cloth.Hemp
StaticMeshComponent,Node_Scav_Hemp_C,Node_Scav_Hemp_C_UAID_D843AE1A93E5DAA002_1908063107,-23948.758,5456.882,-2202.3323,,,,,,,,,Profession.Scavenger,Resource.Scav.Cloth.Hemp
StaticMeshComponent,Node_Scav_Hemp_C,Node_Scav_Hemp_C_UAID_D843AE1A93E5DAA002_1917696108,-23835.893,5324.407,-2250.546,,,,,,,,,Profession.Scavenger,Resource.Scav.Cloth.Hemp
StaticMeshComponent,Node_Scav_Hemp_C,Node_Scav_Hemp_C_UAID_D843AE1A93E5DBA002_1259313285,-23831.73,-60.157825,-2277.0862,,,,,,,,,Profession.Scavenger,Resource.Scav.Cloth.Hemp
StaticMeshComponent,Node_Scav_Hemp_C,Node_Scav_Hemp_C_UAID_D843AE1A93E5DBA002_1270330286,-23910.248,-148.1299,-2290.6628,,,,,,,,,Profession.Scavenger,Resource.Scav.Cloth.Hemp
StaticMeshComponent,Node_Scav_Hemp_C,Node_Scav_Hemp_C_UAID_D843AE1A93E5DBA002_1281382287,-23708.695,-91.709274,-2269.2036,,,,,,,,,Profession.Scavenger,Resource.Scav.Cloth.Hemp
StaticMeshComponent,Node_Scav_Hemp_C,Node_Scav_Hemp_C_UAID_D843AE1A93E5DBA002_1327875288,-23901.11,140.53091,-2290.4595,,,,,,,,,Profession.Scavenger,Resource.Scav.Cloth.Hemp
StaticMeshComponent,Node_Scav_Hemp_C,Node_Scav_Hemp_C_UAID_D843AE1A93E5DBA002_1584812289,-23718.219,5280.36,-2272.4219,,,,,,,,,Profession.Scavenger,Resource.Scav.Cloth.Hemp
StaticMeshComponent,Node_Scav_Hemp_C,Node_Scav_Hemp_C_UAID_D843AE1A93E5DBA002_1714111290,35149.965,23843.701,-2640.0537,,,,,,,,,Profession.Scavenger,Resource.Scav.Cloth.Hemp
StaticMeshComponent,Node_Scav_Iron_C,Node_Scav_Iron_C_UAID_D843AE1A93E57AA102_1937356418,27031.697,-2441.4346,-1167.951,,,,,,,,,Profession.Scavenger,Resource.Scav.Ore.Iron
StaticMeshComponent,Node_Scav_Iron_C,Node_Scav_Iron_C_UAID_D843AE1A93E57AA102_1980156419,25289.422,-2140.1692,-1201.8132,,,,,,,,,Profession.Scavenger,Resource.Scav.Ore.Iron
StaticMeshComponent,Node_Scav_Iron_C,Node_Scav_Iron_C_UAID_D843AE1A93E57AA102_2013946420,35557.727,93.26352,-1220.1139,,,,,,,,,Profession.Scavenger,Resource.Scav.Ore.Iron
StaticMeshComponent,Node_Scav_Iron_C,Node_Scav_Iron_C_UAID_D843AE1A93E57AA102_2052813421,38849.26,446.98224,-1722.8231,,,,,,,,,Profession.Scavenger,Resource.Scav.Ore.Iron
StaticMeshComponent,Node_Scav_Iron_C,Node_Scav_Iron_C_UAID_D843AE1A93E57BA102_1077802598,38485.344,-791.0737,-1621.4066,,,,,,,,,Profession.Scavenger,Resource.Scav.Ore.Iron
StaticMeshComponent,Node_Scav_Iron_C,Node_Scav_Iron_C_UAID_D843AE1A93E57BA102_1114411599,36576.12,-247.05392,-1688.3268,,,,,,,,,Profession.Scavenger,Resource.Scav.Ore.Iron
StaticMeshComponent,Node_Scav_Iron_C,Node_Scav_Iron_C_UAID_D843AE1A93E57BA102_1164287600,38738.44,-2375.951,-533.3333,,,,,,,,,Profession.Scavenger,Resource.Scav.Ore.Iron
StaticMeshComponent,Node_Scav_Iron_C,Node_Scav_Iron_C_UAID_D843AE1A93E57BA102_1196834601,38651.44,-3377.3718,-667.0803,,,,,,,,,Profession.Scavenger,Resource.Scav.Ore.Iron
StaticMeshComponent,Node_Scav_Iron_C,Node_Scav_Iron_C_UAID_D843AE1A93E5BEA102_1829050882,36575.965,-12271.508,-3140.0986,,,,,,,,,Profession.Scavenger,Resource.Scav.Ore.Iron
StaticMeshComponent,Node_Scav_Iron_C,Node_Scav_Iron_C_UAID_D843AE1A93E5BEA102_1903213884,38326.156,-9549.073,-4196.7163,,,,,,,,,Profession.Scavenger,Resource.Scav.Ore.Iron
StaticMeshComponent,Node_Scav_Iron_C,Node_Scav_Iron_C_UAID_D843AE1A93E5BEA102_1945391886,36470.625,-16478.996,-4452.7266,,,,,,,,,Profession.Scavenger,Resource.Scav.Ore.Iron
StaticMeshComponent,Node_Scav_Lead_C,Node_Scav_Lead_C_UAID_D843AE1A93E5DCA002_1136453468,24175.326,13154.629,-2391.5505,,,,,,,,,Profession.Scavenger,Resource.Scav.Ore.Lead
StaticMeshComponent,Node_Scav_Lead_C,Node_Scav_Lead_C_UAID_D843AE1A93E5DCA002_1354804469,24412.527,13920.926,-2504.4707,,,,,,,,,Profession.Scavenger,Resource.Scav.Ore.Lead
StaticMeshComponent,Node_Scav_Lead_C,Node_Scav_Lead_C_UAID_D843AE1A93E5DCA002_1505158470,22778.068,10382.805,-2426.0886,,,,,,,,,Profession.Scavenger,Resource.Scav.Ore.Lead
StaticMeshComponent,Node_Scav_Lead_C,Node_Scav_Lead_C_UAID_D843AE1A93E5DCA002_1606121471,23900.422,10415.263,-2408.7844,,,,,,,,,Profession.Scavenger,Resource.Scav.Ore.Lead
StaticMeshComponent,Node_Scav_Lead_C,Node_Scav_Lead_C_UAID_D843AE1A93E5DCA002_1630409472,23979.072,9052.392,-2339.558,,,,,,,,,Profession.Scavenger,Resource.Scav.Ore.Lead
StaticMeshComponent,Node_Scav_Lead_C,Node_Scav_Lead_C_UAID_D843AE1A93E5DCA002_1707396473,23462.121,7675.18,-1904.7941,,,,,,,,,Profession.Scavenger,Resource.Scav.Ore.Lead
StaticMeshComponent,Node_Scav_Lead_C,Node_Scav_Lead_C_UAID_D843AE1A93E5DCA002_1938338474,21986.143,841.0668,-1340.9281,,,,,,,,,Profession.Scavenger,Resource.Scav.Ore.Lead
StaticMeshComponent,Node_Scav_Lead_C,Node_Scav_Lead_C_UAID_D843AE1A93E5DCA002_1979508475,22634.56,-903.9164,-1231.7178,,,,,,,,,Profession.Scavenger,Resource.Scav.Ore.Lead
StaticMeshComponent,Node_Scav_Lead_C,Node_Scav_Lead_C_UAID_D843AE1A93E5DCA002_2004595476,24575.309,-2690.072,-1017.2082,,,,,,,,,Profession.Scavenger,Resource.Scav.Ore.Lead
StaticMeshComponent,Node_Scav_Lead_C,Node_Scav_Lead_C_UAID_D843AE1A93E5DCA002_2049787477,26020.172,-2110.6428,-1144.9032,,,,,,,,,Profession.Scavenger,Resource.Scav.Ore.Lead
StaticMeshComponent,Node_Scav_Lead_C,Node_Scav_Lead_C_UAID_D843AE1A93E5DCA002_2090947478,27889.912,-2204.9893,-1113.1415,,,,,,,,,Profession.Scavenger,Resource.Scav.Ore.Lead
StaticMeshComponent,Node_Scav_Lead_C,Node_Scav_Lead_C_UAID_D843AE1A93E5DDA002_1509310655,29449.717,23024.299,-2440.7217,,,,,,,,,Profession.Scavenger,Resource.Scav.Ore.Lead
StaticMeshComponent,Node_Scav_Lead_C,Node_Scav_Lead_C_UAID_D843AE1A93E5DDA002_1552761656,28786.13,22319.361,-2566.375,,,,,,,,,Profession.Scavenger,Resource.Scav.Ore.Lead
StaticMeshComponent,Node_Scav_Lead_C,Node_Scav_Lead_C_UAID_D843AE1A93E5DDA002_1572447657,28430.582,21998.941,-2525.7803,,,,,,,,,Profession.Scavenger,Resource.Scav.Ore.Lead
StaticMeshComponent,Node_Scav_Lead_C,Node_Scav_Lead_C_UAID_D843AE1A93E5DDA002_1689228658,27954.275,21068.006,-2529.2542,,,,,,,,,Profession.Scavenger,Resource.Scav.Ore.Lead
StaticMeshComponent,Node_Scav_Lead_C,Node_Scav_Lead_C_UAID_D843AE1A93E5DDA002_1709408659,27602.021,20572.598,-2590.2437,,,,,,,,,Profession.Scavenger,Resource.Scav.Ore.Lead
StaticMeshComponent,Node_Scav_SilkBanner_01a_C,Node_Scav_SilkBanner_01a_C_UAID_D843AE1A93E511A302_1334989900,36249.367,-21696.646,-4757.6875,,,,,,,,,Profession.Scavenger,Resource.Scav.Cloth.SilkBanner01a
StaticMeshComponent,Node_Scav_SilkBanner_01a_C,Node_Scav_SilkBanner_01a_C_UAID_D843AE1A93E511A302_1407412902,38904.17,-15620.188,-4491.732,,,,,,,,,Profession.Scavenger,Resource.Scav.Cloth.SilkBanner01a
StaticMeshComponent,Node_Scav_SilkBanner_01a_C,Node_Scav_SilkBanner_01a_C_UAID_D843AE1A93E511A302_1598802904,34206.684,-10465.543,-4316.887,,,,,,,,,Profession.Scavenger,Resource.Scav.Cloth.SilkBanner01a
StaticMeshComponent,Node_Scav_SilkBanner_01b_C,Node_Scav_SilkBanner_01b_C_UAID_D843AE1A93E511A302_1141424895,37095.047,-16967.96,-8142.5786,,,,,,,,,Profession.Scavenger,Resource.Scav.Cloth.SilkBanner01b
StaticMeshComponent,Node_Scav_SilkBanner_01b_C,Node_Scav_SilkBanner_01b_C_UAID_D843AE1A93E511A302_1728777908,37532.383,-20372.527,-7801.9175,,,,,,,,,Profession.Scavenger,Resource.Scav.Cloth.SilkBanner01b
StaticMeshComponent,Node_Scav_SilkBanner_01c_C,Node_Scav_SilkBanner_01c_C_UAID_D843AE1A93E507A302_204d74242e2c1ae0_1782002610,33643.266,-14517.006,-4610.006,,,,,,,,,Profession.Scavenger,Resource.Scav.Cloth.SilkBanner01c
StaticMeshComponent,Node_Scav_Silk_C,Node_Scav_Silk_C_UAID_D843AE1A93E5BAA102_1126463294,37453.035,1280.707,-1710.1019,,,,,,,,,Profession.Scavenger,Resource.Scav.Cloth.Silk
StaticMeshComponent,Node_Scav_Silk_C,Node_Scav_Silk_C_UAID_D843AE1A93E5BAA102_1288120295,36830.54,1566.8302,-1673.1252,,,,,,,,,Profession.Scavenger,Resource.Scav.Cloth.Silk
StaticMeshComponent,Node_Scav_Silver_C,Node_Scav_Silver_C_UAID_581CF8B72315B29D02_d2b622e41626617e_2022869909,38273.574,-20195.246,-4764.4673,,,,,,,,,Profession.Scavenger,Resource.Scav.Ore.Silver
StaticMeshComponent,Node_Scav_Silver_C,Node_Scav_Silver_C_UAID_D843AE1A93E57BA102_1399197602,39306.848,-3075.5806,-1193.5388,,,,,,,,,Profession.Scavenger,Resource.Scav.Ore.Silver
StaticMeshComponent,Node_Scav_Silver_C,Node_Scav_Silver_C_UAID_D843AE1A93E57BA102_1422267603,37906.457,-3759.1313,-1964.9059,,,,,,,,,Profession.Scavenger,Resource.Scav.Ore.Silver
StaticMeshComponent,Node_Scav_Silver_C,Node_Scav_Silver_C_UAID_D843AE1A93E57BA102_1461392604,39474.133,-2624.6682,-1467.5858,,,,,,,,,Profession.Scavenger,Resource.Scav.Ore.Silver
StaticMeshComponent,Node_Scav_Silver_C,Node_Scav_Silver_C_UAID_D843AE1A93E57BA102_1523848605,38022.01,-3561.1538,-384.89792,,,,,,,,,Profession.Scavenger,Resource.Scav.Ore.Silver
StaticMeshComponent,Node_Scav_Silver_C,Node_Scav_Silver_C_UAID_D843AE1A93E57BA102_1643177606,39118.133,-207.91454,-400.2764,,,,,,,,,Profession.Scavenger,Resource.Scav.Ore.Silver
StaticMeshComponent,Node_Scav_Silver_C,Node_Scav_Silver_C_UAID_D843AE1A93E5CDA102_1751342035,36156.91,-16427.822,-4449.7295,,,,,,,,,Profession.Scavenger,Resource.Scav.Ore.Silver
StaticMeshComponent,Node_Scav_Silver_C,Node_Scav_Silver_C_UAID_D843AE1A93E5CDA102_1751350036,36983.68,-9634.386,-4213.378,,,,,,,,,Profession.Scavenger,Resource.Scav.Ore.Silver
StaticMeshComponent,Node_Scav_Silver_C,Node_Scav_Silver_C_UAID_D843AE1A93E5CDA102_1751352037,37840.973,-9920.493,-2734.9453,,,,,,,,,Profession.Scavenger,Resource.Scav.Ore.Silver
StaticMeshComponent,Node_Scav_Silver_C,Node_Scav_Silver_C_UAID_D843AE1A93E5CDA102_1751353038,42379.78,-16684.252,-4734.594,,,,,,,,,Profession.Scavenger,Resource.Scav.Ore.Silver
StaticMeshComponent,Node_Scav_WoolPillow_C,Node_Scav_WoolPillow_C_UAID_D843AE1A93E511A302_1862280909,37903.395,-20266.803,-7803.8247,,,,,,,,,Profession.Scavenger,Resource.Scav.Cloth.Wool.Pillow
StaticMeshComponent,Node_Scav_WoolPillow_C,Node_Scav_WoolPillow_C_UAID_D843AE1A93E511A302_1980017911,36787.082,-21774.383,-4758.891,,,,,,,,,Profession.Scavenger,Resource.Scav.Cloth.Wool.Pillow
StaticMeshComponent,Node_Scav_WoolPillow_C,Node_Scav_WoolPillow_C_UAID_D843AE1A93E512A302_1095868090,41882.387,-21584.07,-5661.8677,,,,,,,,,Profession.Scavenger,Resource.Scav.Cloth.Wool.Pillow
StaticMeshComponent,Node_Scav_WoolPillow_C,Node_Scav_WoolPillow_C_UAID_D843AE1A93E512A302_1195894092,39594.484,-12121.093,-3562.1194,,,,,,,,,Profession.Scavenger,Resource.Scav.Cloth.Wool.Pillow
StaticMeshComponent,Node_Scav_WoolPillow_C,Node_Scav_WoolPillow_C_UAID_D843AE1A93E512A302_1219392093,39099.54,-11915.413,-3572.3936,,,,,,,,,Profession.Scavenger,Resource.Scav.Cloth.Wool.Pillow
StaticMeshComponent,Node_Scav_Wool_C,Node_Scav_Wool_C_UAID_D843AE1A93E57AA102_1272856413,-5268.9375,12828.993,-1992.85,,,,,,,,,Profession.Scavenger,Resource.Scav.Cloth.Wool
StaticMeshComponent,Node_Scav_Wool_C,Node_Scav_Wool_C_UAID_D843AE1A93E57AA102_1300415414,-15576.416,13201.842,-1767.3137,,,,,,,,,Profession.Scavenger,Resource.Scav.Cloth.Wool
StaticMeshComponent,Node_Scav_Wool_C,Node_Scav_Wool_C_UAID_D843AE1A93E57AA102_1369221415,-18624.209,43514.145,361.69348,,,,,,,,,Profession.Scavenger,Resource.Scav.Cloth.Wool
StaticMeshComponent,Node_Scav_Wool_C,Node_Scav_Wool_C_UAID_D843AE1A93E57AA102_1454572416,10217.698,20620.479,-1996.7534,,,,,,,,,Profession.Scavenger,Resource.Scav.Cloth.Wool
StaticMeshComponent,Node_Scav_Wool_C,Node_Scav_Wool_C_UAID_D843AE1A93E57AA102_1624565417,25301.568,17250.936,-2596.9854,,,,,,,,,Profession.Scavenger,Resource.Scav.Cloth.Wool
StaticMeshComponent,StaticMeshActor,Cube5_1048,41550.09,-11792.988,3102.6558,,,,,,,,,,
StaticMeshComponent,StaticMeshActor,MapEdge01_1050,-0.00012739183,-12162.81,2009.896,,,,,,,,,,
StaticMeshComponent,StaticMeshActor,MapEdge02,-9324.289,50085.0,-2243.2732,,,,,,,,,,
StaticMeshComponent,StaticMeshActor,MapEdge02_UAID_00FF8EFC2BEF475D02_1745590879,24436.928,54309.34,-2243.2732,,,,,,,,,,
StaticMeshComponent,StaticMeshActor,MapEdge02_UAID_00FF8EFC2BEF475D02_1771612880,39698.938,58570.703,-2243.2732,,,,,,,,,,
StaticMeshComponent,StaticMeshActor,MapEdge03_1051,-31519.168,11512.835,0.0,,,,,,,,,,
StaticMeshComponent,StaticMeshActor,MapEdge03_UAID_00FF8EFC2BEFA9C402_1205517076,-30894.826,40765.152,1.364242e-12,,,,,,,,,,
StaticMeshComponent,StaticMeshActor,MapEdge03_UAID_00FF8EFC2BEFA9C402_1406215153,-9889.381,50298.33,761.26135,,,,,,,,,,
StaticMeshComponent,StaticMeshActor,MapEdge03_UAID_00FF8EFC2BEFA9C402_1427831154,-8983.891,49158.06,761.26135,,,,,,,,,,
StaticMeshComponent,StaticMeshActor,MapEdge03_UAID_00FF8EFC2BEFA9C402_1449067155,-7926.525,48964.99,761.26135,,,,,,,,,,
StaticMeshComponent,StaticMeshActor,MapEdge03_UAID_00FF8EFC2BEFA9C402_1478254156,-6770.751,49340.84,761.26135,,,,,,,,,,
StaticMeshComponent,StaticMeshActor,MapEdge03_UAID_00FF8EFC2BEFA9C402_1488295157,-6051.407,49574.035,761.26135,,,,,,,,,,
StaticMeshComponent,StaticMeshActor,MapEdge03_UAID_00FF8EFC2BEFA9C402_1541728158,-18912.828,50011.535,761.26135,,,,,,,,,,
StaticMeshComponent,StaticMeshActor,MapEdge03_UAID_00FF8EFC2BEFA9C402_1546943159,-19695.55,48847.98,761.26135,,,,,,,,,,
StaticMeshComponent,StaticMeshActor,MapEdge03_UAID_00FF8EFC2BEFA9C402_1558056160,-19618.021,49221.12,761.26135,,,,,,,,,,
StaticMeshComponent,StaticMeshActor,MapEdge03_UAID_00FF8EFC2BEFA9C402_1560418161,-20600.867,48244.164,761.26135,,,,,,,,,,
StaticMeshComponent,StaticMeshActor,MapEdge03_UAID_00FF8EFC2BEFA9C402_1573932162,-21867.918,48332.06,754.256,,,,,,,,,,
StaticMeshComponent,StaticMeshActor,MapEdge03_UAID_00FF8EFC2BEFA9C402_1584337163,-22474.031,48481.32,754.256,,,,,,,,,,
StaticMeshComponent,StaticMeshActor,MapEdge03_UAID_00FF8EFC2BEFA9C402_1595678164,-23386.9,48324.1,754.256,,,,,,,,,,
StaticMeshComponent,StaticMeshActor,MapEdge03_UAID_00FF8EFC2BEFA9C402_1604778165,-24222.596,48484.496,754.256,,,,,,,,,,
StaticMeshComponent,StaticMeshActor,MapEdge03_UAID_00FF8EFC2BEFA9C402_1609199166,-24782.28,48552.71,754.256,,,,,,,,,,
StaticMeshComponent,StaticMeshActor,MapEdge03_UAID_00FF8EFC2BEFA9C402_1612970167,-25559.73,48956.41,754.256,,,,,,,,,,
StaticMeshComponent,StaticMeshActor,MapEdge03_UAID_00FF8EFC2BEFA9C402_1628880168,-25937.959,50115.76,762.1387,,,,,,,,,,
StaticMeshComponent,StaticMeshActor,MapEdge03_UAID_00FF8EFC2BEFA9C402_1715526169,-30682.645,41587.89,0.0,,,,,,,,,,
StaticMeshComponent,StaticMeshActor,MapEdge03_UAID_00FF8EFC2BEFA9C402_1721099170,-30425.533,43082.266,0.0,,,,,,,,,,
StaticMeshComponent,StaticMeshActor,MapEdge03_UAID_00FF8EFC2BEFA9C402_1736612171,-31032.678,44419.82,0.0,,,,,,,,,,
StaticMeshComponent,StaticMeshActor,MapEdge04,50000.0,-14741.68,-311.36108,,,,,,,,,,
StaticMeshComponent,StaticMeshActor,MapEdge04_UAID_00FF8EFC2BEF1C7502_1471996096,50000.0,33726.008,-311.36108,,,,,,,,,,
StaticMeshComponent,StaticMeshActor,MapEdge04_UAID_00FF8EFC2BEF1C7502_1601257098,50681.383,2873.3699,-311.36108,,,,,,,,,,
StaticMeshComponent,StaticMeshActor,MapEdge04_UAID_00FF8EFC2BEF1C7502_1639808099,50805.434,7910.2207,-311.36108,,,,,,,,,,
StaticMeshComponent,StaticMeshActor,MapEdge04_UAID_00FF8EFC2BEF1C7502_1651860100,51425.727,5469.2207,-311.36108,,,,,,,,,,
StaticMeshComponent,StaticMeshActor,StaticMeshActor_1511,26908.047,41918.074,-1808.2969,,,,,,,,,,
StaticMeshComponent,StaticMeshActor,StaticMeshActor_1598,36557.4,1495.5645,-1192.8785,,,,,,,,,,
StaticMeshComponent,StaticMeshActor,StaticMeshActor_1715,22938.555,4737.4155,-816.469,,,,,,,,,,
StaticMeshComponent,StaticMeshActor,StaticMeshActor_2355,10433.685,9754.213,-1572.087,,,,,,,,,,
StaticMeshComponent,StaticMeshActor,StaticMeshActor_2991,-3225.3506,-8227.576,-1492.0049,,,,,,,,,,
StaticMeshComponent,StaticMeshActor,StaticMeshActor_3002,-10235.04,-12011.09,-1254.3491,,,,,,,,,,
StaticMeshComponent,StaticMeshActor,StaticMeshActor_3004,-21986.04,26013.22,-698.0972,,,,,,,,,,
StaticMeshComponent,StaticMeshActor,StaticMeshActor_3005,-11109.763,40175.11,-62.96594,,,,,,,,,,
StaticMeshComponent,StaticMeshActor,StaticMeshActor_3028,-10682.095,30448.584,-515.6788,,,,,,,,,,
StaticMeshComponent,StaticMeshActor,StaticMeshActor_3029,-5244.1294,37200.656,-744.12756,,,,,,,,,,
StaticMeshComponent,StaticMeshActor,StaticMeshActor_776,42893.715,39197.16,-2052.4004,,,,,,,,,,
StaticMeshComponent,StaticMeshActor,StaticMeshActor_803,33233.26,34217.785,-1176.8545,,,,,,,,,,
StaticMeshComponent,StaticMeshActor,StaticMeshActor_818,39229.883,20200.965,-1895.7589,,,,,,,,,,
StaticMeshComponent,StaticMeshActor,StaticMeshActor_860,47466.188,7167.7207,-878.01917,,,,,,,,,,
StaticMeshComponent,StaticMeshActor,StaticMeshActor_UAID_50EBF6D2996917A802_60e189acded2d404_2035121977,730317.0,175674.0,427411.0,,,,,,,,,,
