RootType,OuterType,OuterName,X,Y,Z,DisplayName,SpawnChance,ChanceType,Health,Keyed,LootSource,AISpawner,Visible
FastGeoContainer,StaticMesh,SM_StairIntegrated_01a,-69179.84,5625.047,-979.2397,,,,,,,,True
FastGeoContainer,StaticMesh,SM_StairIntegrated_01a,-65666.49,-13616.552,777.8049,,,,,,,,True
FastGeoContainer,StaticMesh,SM_StairIntegrated_01a,-59223.723,-15221.666,2038.506,,,,,,,,True
FastGeoContainer,StaticMesh,SM_StairIntegrated_01a,-47647.152,-18158.225,3185.7952,,,,,,,,True
FastGeoContainer,StaticMesh,SM_StairIntegrated_01a,-36534.477,-13153.144,765.6604,,,,,,,,True
FastGeoContainer,StaticMesh,SM_StairIntegrated_01a,-27439.387,-42905.105,1549.3907,,,,,,,,True
FastGeoContainer,StaticMesh,SM_StairIntegrated_01a,-25747.42,43705.414,391.1004,,,,,,,,True
FastGeoContainer,StaticMesh,SM_StairIntegrated_01a,-19736.592,-48496.92,1398.5198,,,,,,,,True
FastGeoContainer,StaticMesh,SM_StairIntegrated_01a,-11587.638,-9659.182,-1442.5765,,,,,,,,True
FastGeoContainer,StaticMesh,SM_StairIntegrated_01a,-6182.2417,-11636.196,-2655.077,,,,,,,,True
FastGeoContainer,StaticMesh,SM_StairIntegrated_01a,-1331.5986,-12694.544,-1257.3333,,,,,,,,True
FastGeoContainer,StaticMesh,SM_StairIntegrated_01a,2482.3953,20934.627,-1878.3401,,,,,,,,True
FastGeoContainer,StaticMesh,SM_StairIntegrated_01a,12614.427,2254.9546,-1152.024,,,,,,,,True
FastGeoContainer,StaticMesh,SM_StairIntegrated_01a,13642.347,28132.191,-1354.4147,,,,,,,,True
FastGeoContainer,StaticMesh,SM_StairIntegrated_01a,21658.615,-14064.054,-191.1247,,,,,,,,True
FastGeoContainer,StaticMesh,SM_StairIntegrated_01a,23287.072,6851.556,-13219.875,,,,,,,,True
FastGeoContainer,StaticMesh,SM_StairIntegrated_03a,-58508.793,-18151.229,5550.8955,,,,,,,,True
FastGeoContainer,StaticMesh,SM_StairIntegrated_03a,-7908.7407,-20283.3,-309.6143,,,,,,,,True
FastGeoContainer,StaticMesh,SM_StairIntegrated_03a,22530.326,5978.901,1833.0793,,,,,,,,True
FastGeoContainer,StaticMesh,SM_StairIntegrated_03a,24180.248,-262.30698,1829.0391,,,,,,,,True
SceneComponent,AGV_Biomme_C,AGV_Biomme_C_UAID_107C614ADD4207C402_700315af74d79223_1655319628,26689.0,33918.0,4351.0,,,,,,,,
SceneComponent,AGV_Biomme_C,AGV_Biomme_C_UAID_107C614ADD4207C402_700315af74d79223_1703745629,12842.0,40698.0,2519.0,,,,,,,,
SceneComponent,AGV_Biomme_C,AGV_Biomme_C_UAID_107C614ADD4207C402_700315af74d79223_1732746630,31039.0,1694.0,-10.0,,,,,,,,
SceneComponent,AGV_Biomme_C,AGV_Biomme_C_UAID_107C614ADD4207C402_700315af74d79223_1756961631,6736.0,2894.0,-646.0,,,,,,,,
SceneComponent,AGV_Biomme_C,AGV_Biomme_C_UAID_107C614ADD42D6BB02_700315af74d79223_1112040162,-30735.0,34675.0,2825.0,,,,,,,,
SceneComponent,AGV_Biomme_C,AGV_Biomme_C_UAID_107C614ADD42D6BB02_700315af74d79223_1257709163,-65870.0,45675.0,2825.0,,,,,,,,
SceneComponent,AGV_Biomme_C,AGV_Biomme_C_UAID_107C614ADD42D6BB02_700315af74d79223_1325422164,-51911.223,-28599.78,4385.0,,,,,,,,
SceneComponent,AGV_Biomme_C,AGV_Biomme_C_UAID_107C614ADD42D6BB02_700315af74d79223_1749705165,16894.602,-27424.096,1360.0,,,,,,,,
SceneComponent,AGV_Biomme_C,AGV_Biomme_C_UAID_107C614ADD42D6BB02_700315af74d79223_1850059166,1480.0,-19270.0,325.0,,,,,,,,
SceneComponent,AGV_Biomme_C,AGV_Biomme_C_UAID_107C614ADD42D6BB02_700315af74d79223_1961826169,-5985.0,42320.0,3800.0,,,,,,,,
SceneComponent,AGV_Biomme_C,AGV_Biomme_C_UAID_107C614ADD42D6BB02_700315af74d79223_2006777170,-63757.676,25665.213,785.0,,,,,,,,
SceneComponent,AGV_Biomme_C,AGV_Biomme_C_UAID_107C614ADD42D6BB02_700315af74d79223_2035001171,-16589.162,3700.7688,1050.0,,,,,,,,
SceneComponent,AGV_Biomme_C,AGV_Biomme_C_UAID_107C614ADD42D6BB02_700315af74d79223_2051252172,-11690.0,-13165.0,645.0,,,,,,,,
SceneComponent,AGV_Biomme_C,AGV_Biomme_C_UAID_107C614ADD42D6BB02_700315af74d79223_2080319173,-23900.0,14375.0,0.0,,,,,,,,
SceneComponent,AISpawner,AISpawner_UAID_04D9F5F93AD5356F02_3df28b0128384e50_1839142457,33222.668,-9602.115,-19.317404,,,,,,,AISpawnerConfigSet'DA_AISpawner_Military',
SceneComponent,AISpawner,AISpawner_UAID_04D9F5F93AD5356F02_3df28b0128384e50_1840309458,32316.883,-10897.942,-19.317404,,,,,,,AISpawnerConfigSet'DA_AISpawner_Military',
SceneComponent,AISpawner,AISpawner_UAID_04D9F5F93AD5359B02_37bd26559c49d275_1531482675,-7595.415,-16478.11,1937.5774,,,,,,,AISpawnerConfigSet'DA_AISpawner_Military',
SceneComponent,AISpawner,AISpawner_UAID_04D9F5F93AD5545C02_c71ad3ef090f6a00_1352701803,-54731.945,37279.387,1768.7845,,,,,,,AISpawnerConfigSet'DA_AISpawner_Infirmary',
SceneComponent,AISpawner,AISpawner_UAID_04D9F5F93AD5545C02_c71ad3ef090f6a00_1352708804,-54042.285,37519.508,1768.7845,,,,,,,AISpawnerConfigSet'DA_AISpawner_Infirmary',
SceneComponent,AISpawner,AISpawner_UAID_04D9F5F93AD5545C02_c71ad3ef090f6a00_1352712805,-56155.95,36852.008,1768.7845,,,,,,,AISpawnerConfigSet'DA_AISpawner_Infirmary',
SceneComponent,AISpawner,AISpawner_UAID_04D9F5F93AD5545C02_c71ad3ef090f6a00_1352717806,-56248.94,35876.875,1768.7845,,,,,,,AISpawnerConfigSet'DA_AISpawner_Infirmary',
SceneComponent,AISpawner,AISpawner_UAID_04D9F5F93AD5545C02_c71ad3ef090f6a00_1352721807,-56967.793,36054.707,1823.5277,,,,,,,AISpawnerConfigSet'DA_AISpawner_Infirmary',
SceneComponent,AISpawner,AISpawner_UAID_04D9F5F93AD5545C02_c71ad3ef090f6a00_1352726808,-56637.152,34398.277,1797.4845,,,,,,,AISpawnerConfigSet'DA_AISpawner_Infirmary',
SceneComponent,AISpawner,AISpawner_UAID_04D9F5F93AD5545C02_c71ad3ef090f6a00_1352730809,-56589.062,33534.12,1797.4845,,,,,,,AISpawnerConfigSet'DA_AISpawner_Infirmary',
SceneComponent,AISpawner,AISpawner_UAID_04D9F5F93AD5545C02_c71ad3ef090f6a00_1352734810,-55682.977,33450.67,1797.4845,,,,,,,AISpawnerConfigSet'DA_AISpawner_Infirmary',
SceneComponent,AISpawner,AISpawner_UAID_04D9F5F93AD5545C02_c71ad3ef090f6a00_1352738811,-55165.39,32978.27,1797.4845,,,,,,,AISpawnerConfigSet'DA_AISpawner_Infirmary',
SceneComponent,AISpawner,AISpawner_UAID_04D9F5F93AD5545C02_c71ad3ef090f6a00_1352742812,-53642.44,33195.41,1797.4845,,,,,,,AISpawnerConfigSet'DA_AISpawner_Infirmary',
SceneComponent,AISpawner,AISpawner_UAID_04D9F5F93AD5545C02_c71ad3ef090f6a00_1352747813,-52513.32,33602.23,1797.4845,,,,,,,AISpawnerConfigSet'DA_AISpawner_Infirmary',
SceneComponent,AISpawner,AISpawner_UAID_04D9F5F93AD5545C02_c71ad3ef090f6a00_1352751814,-52626.27,34561.43,1797.4845,,,,,,,AISpawnerConfigSet'DA_AISpawner_Infirmary',
SceneComponent,AISpawner,AISpawner_UAID_04D9F5F93AD5545C02_c71ad3ef090f6a00_1352755815,-52870.926,35621.93,1797.4845,,,,,,,AISpawnerConfigSet'DA_AISpawner_Infirmary',
SceneComponent,AISpawner,AISpawner_UAID_04D9F5F93AD5545C02_c71ad3ef090f6a00_1352759816,-53281.812,36848.586,1797.4845,,,,,,,AISpawnerConfigSet'DA_AISpawner_Infirmary',
SceneComponent,AISpawner,AISpawner_UAID_04D9F5F93AD5545C02_c71ad3ef090f6a00_1362072817,-55825.504,34822.195,1797.4845,,,,,,,AISpawnerConfigSet'DA_AISpawner_Infirmary',
SceneComponent,AISpawner,AISpawner_UAID_04D9F5F93AD5C69602_3df28b0128384e50_1652785186,34186.992,-9941.353,-19.317402,,,,,,,AISpawnerConfigSet'DA_AISpawner_Military',
SceneComponent,AISpawner,AISpawner_UAID_04D9F5F93AD5C69602_3df28b0128384e50_1664004187,32975.82,-11776.107,-19.31739,,,,,,,AISpawnerConfigSet'DA_AISpawner_Military',
SceneComponent,AISpawner,AISpawner_UAID_04D9F5F93AD5C79602_3df28b0128384e50_2121455114,36017.69,-11282.182,-19.317394,,,,,,,AISpawnerConfigSet'DA_AISpawner_Military',
SceneComponent,AISpawner,AISpawner_UAID_04D9F5F93AD5C79602_3df28b0128384e50_2131503115,36927.28,-11912.007,-19.317394,,,,,,,AISpawnerConfigSet'DA_AISpawner_Military',
SceneComponent,AISpawner,AISpawner_UAID_04D9F5F93AD5C79602_3df28b0128384e50_2145842116,33869.7,-12299.446,-19.317406,,,,,,,AISpawnerConfigSet'DA_AISpawner_Military',
SceneComponent,AISpawner,AISpawner_UAID_04D9F5F93AD5C89602_3df28b0128384e50_1075872293,34824.89,-13002.584,-19.317406,,,,,,,AISpawnerConfigSet'DA_AISpawner_Military',
SceneComponent,AISpawner,AISpawner_UAID_04D9F5F93AD5C89602_3df28b0128384e50_1090707294,36185.773,-13944.899,-19.317406,,,,,,,AISpawnerConfigSet'DA_AISpawner_Military',
SceneComponent,AISpawner,AISpawner_UAID_04D9F5F93AD5C89602_3df28b0128384e50_1095195295,37233.438,-14670.333,-19.317406,,,,,,,AISpawnerConfigSet'DA_AISpawner_Military',
SceneComponent,AISpawner,AISpawner_UAID_04D9F5F93AD5C89602_3df28b0128384e50_1108809296,37715.08,-12457.5,-19.317394,,,,,,,AISpawnerConfigSet'DA_AISpawner_Military',
SceneComponent,AISpawner,AISpawner_UAID_04D9F5F93AD5FC6C02_4fd79de106d61a35_1818158325,-14969.953,-14210.96,1136.7335,,,,,,,AISpawnerConfigSet'DA_AISpawner_Workers',
SceneComponent,AISpawner,AISpawner_UAID_04D9F5F93AD5FC6C02_4fd79de106d61a35_1830378326,-15705.167,-13855.264,1136.7335,,,,,,,AISpawnerConfigSet'DA_AISpawner_Workers',
SceneComponent,AISpawner,AISpawner_UAID_04D9F5F93AD5FC6C02_4fd79de106d61a35_1847519327,-16777.082,-11605.22,1136.7335,,,,,,,AISpawnerConfigSet'DA_AISpawner_Workers',
SceneComponent,AISpawner,AISpawner_UAID_04D9F5F93AD5FC6C02_4fd79de106d61a35_1847526328,-17582.398,-11741.322,1136.7335,,,,,,,AISpawnerConfigSet'DA_AISpawner_Workers',
SceneComponent,AISpawner,AISpawner_UAID_04D9F5F93AD5FC6C02_4fd79de106d61a35_1879619329,-15820.126,-10358.517,1136.7335,,,,,,,AISpawnerConfigSet'DA_AISpawner_Workers',
SceneComponent,AISpawner,AISpawner_UAID_04D9F5F93AD5FC6C02_4fd79de106d61a35_1879626330,-16625.441,-10494.619,1136.7335,,,,,,,AISpawnerConfigSet'DA_AISpawner_Workers',
SceneComponent,AISpawner,AISpawner_UAID_04D9F5F93AD5FC6C02_4fd79de106d61a35_1890014331,-15078.365,-9985.165,1136.7335,,,,,,,AISpawnerConfigSet'DA_AISpawner_Workers',
SceneComponent,AISpawner,AISpawner_UAID_04D9F5F93AD5FC6C02_4fd79de106d61a35_1890021332,-15732.512,-9496.136,1191.4696,,,,,,,AISpawnerConfigSet'DA_AISpawner_Workers',
SceneComponent,AISpawner,AISpawner_UAID_04D9F5F93AD5FC6C02_4fd79de106d61a35_1921166333,-13490.488,-11134.228,1191.4696,,,,,,,AISpawnerConfigSet'DA_AISpawner_Workers',
SceneComponent,BP_AISpawner_C,BP_AIBaseCharacter_C_UAID_9C6B002263F77D3802_1533832668,-16838.705,-18642.777,1789.7645,,,,,,,AISpawnerConfigSet'DA_AISpawner_Military',
SceneComponent,BP_AISpawner_C,BP_AIBaseCharacter_C_UAID_9C6B002263F77D3802_1533833669,-14858.115,-36334.83,973.23834,,,,,,,AISpawnerConfigSet'DA_AISpawner_Peasants',
SceneComponent,BP_AISpawner_C,BP_AIBaseCharacter_C_UAID_9C6B002263F77D3802_1533836673,-19689.174,-17157.574,1773.3853,,,,,,,AISpawnerConfigSet'DA_AISpawner_Military',
SceneComponent,BP_AISpawner_C,BP_AIBaseCharacter_C_UAID_9C6B002263F77D3802_1533840677,-16806.008,-20486.775,1781.1785,,,,,,,AISpawnerConfigSet'DA_AISpawner_Military',
SceneComponent,BP_AISpawner_C,BP_AIBaseCharacter_C_UAID_9C6B002263F77D3802_1533864702,-18065.686,-18952.062,1794.6072,,,,,,,AISpawnerConfigSet'DA_AISpawner_Military',
SceneComponent,BP_AISpawner_C,BP_AIBaseCharacter_C_UAID_9C6B002263F77D3802_1533870709,-18348.762,-20472.375,1796.844,,,,,,,AISpawnerConfigSet'DA_AISpawner_Peasants',
SceneComponent,BP_AISpawner_C,BP_AISpawner_C_1bef1ea065e33b47_732,-48086.535,-7380.886,3012.3115,,,,,,,AISpawnerConfigSet'DA_AISpawner_Workers',
SceneComponent,BP_AISpawner_C,BP_AISpawner_C_1bef1ea065e33b47_733,-49185.16,-8392.577,2982.3115,,,,,,,AISpawnerConfigSet'DA_AISpawner_Workers',
SceneComponent,BP_AISpawner_C,BP_AISpawner_C_1bef1ea065e33b47_734,-47972.508,-9229.218,2982.3115,,,,,,,AISpawnerConfigSet'DA_AISpawner_Workers',
SceneComponent,BP_AISpawner_C,BP_AISpawner_C_1bef1ea065e33b47_735,-49565.61,-8466.51,3001.5176,,,,,,,AISpawnerConfigSet'DA_AISpawner_Workers',
SceneComponent,BP_AISpawner_C,BP_AISpawner_C_1c556f47455d4841_25,-3369.9639,1937.7212,-23.832224,,,,,,,AISpawnerConfigSet'DA_AISpawner_Workers',
SceneComponent,BP_AISpawner_C,BP_AISpawner_C_1c556f47455d4841_26,-3646.3745,2883.7273,-23.138777,,,,,,,AISpawnerConfigSet'DA_AISpawner_Workers',
SceneComponent,BP_AISpawner_C,BP_AISpawner_C_1c556f47455d4841_29,-4660.3613,4540.4946,-27.761932,,,,,,,AISpawnerConfigSet'DA_AISpawner_Workers',
SceneComponent,BP_AISpawner_C,BP_AISpawner_C_1c556f47455d4841_30,-5129.555,3496.7249,-26.570885,,,,,,,AISpawnerConfigSet'DA_AISpawner_Workers',
SceneComponent,BP_AISpawner_C,BP_AISpawner_C_1c556f47455d4841_32,-4172.523,3576.896,-27.219034,,,,,,,AISpawnerConfigSet'DA_AISpawner_Workers',
SceneComponent,BP_AISpawner_C,BP_AISpawner_C_1c556f47455d4841_33,-3994.2905,2362.0437,-23.923286,,,,,,,AISpawnerConfigSet'DA_AISpawner_Workers',
SceneComponent,BP_AISpawner_C,BP_AISpawner_C_1c556f47455d4841_35,-3432.1548,705.7653,-20.999151,,,,,,,AISpawnerConfigSet'DA_AISpawner_Workers',
SceneComponent,BP_AISpawner_C,BP_AISpawner_C_1c556f47455d4841_36,-2755.2693,3380.2612,467.8507,,,,,,,AISpawnerConfigSet'DA_AISpawner_Civilian',
SceneComponent,BP_AISpawner_C,BP_AISpawner_C_1c556f47455d4841_37,-2570.4197,2765.63,468.1846,,,,,,,AISpawnerConfigSet'DA_AISpawner_Civilian',
SceneComponent,BP_AISpawner_C,BP_AISpawner_C_1c556f47455d4841_40,-3743.9888,4951.118,-27.191711,,,,,,,AISpawnerConfigSet'DA_AISpawner_Workers',
SceneComponent,BP_AISpawner_C,BP_AISpawner_C_1c556f47455d4841_42,-2957.604,4301.978,-8.365538,,,,,,,AISpawnerConfigSet'DA_AISpawner_Workers',
SceneComponent,BP_AISpawner_C,BP_AISpawner_C_1c556f47455d4841_43,-2649.6077,2369.9922,-24.209923,,,,,,,AISpawnerConfigSet'DA_AISpawner_Workers',
SceneComponent,BP_AISpawner_C,BP_AISpawner_C_1c556f47455d4841_51,-2664.813,3345.086,-521.28766,,,,,,,AISpawnerConfigSet'DA_AISpawner_Workers',
SceneComponent,BP_AISpawner_C,BP_AISpawner_C_2f23f936f64b5dad_1,30795.107,-10888.31,305.37836,,,,,,,AISpawnerConfigSet'DA_AISpawner_Waifs',
SceneComponent,BP_AISpawner_C,BP_AISpawner_C_2f23f936f64b5dad_2,30620.06,-11944.4,65.36619,,,,,,,AISpawnerConfigSet'DA_AISpawner_Waifs',
SceneComponent,BP_AISpawner_C,BP_AISpawner_C_2f23f936f64b5dad_3,29947.188,-12298.681,170.04759,,,,,,,AISpawnerConfigSet'DA_AISpawner_Waifs',
SceneComponent,BP_AISpawner_C,BP_AISpawner_C_643191a2278730e7_0,17182.986,-1788.4894,972.1705,,,,,,,AISpawnerConfigSet'DA_AISpawner_Miniboss',
SceneComponent,BP_AISpawner_C,BP_AISpawner_C_UAID_00FF8EFC2BEF4F5602_c3ec7d0135d62a79_1295213927,-13959.355,13222.349,-117.60419,,,,,,,AISpawnerConfigSet'DA_AISpawner_Miniboss',
SceneComponent,BP_AISpawner_C,BP_AISpawner_C_UAID_00FF8EFC2BEF4F5602_c3ec7d0135d62a79_1304879928,-13667.271,14128.926,-168.07675,,,,,,,AISpawnerConfigSet'DA_AISpawner_Miniboss',
SceneComponent,BP_AISpawner_C,BP_AISpawner_C_UAID_00FF8EFC2BEF4F5602_c3ec7d0135d62a79_1311879929,-12953.458,13569.113,-160.01251,,,,,,,AISpawnerConfigSet'DA_AISpawner_Miniboss',
SceneComponent,BP_AISpawner_C,BP_AISpawner_C_UAID_00FF8EFC2BEF5D8202_1bef1ea065e33b47_1210159073,-49608.246,-8942.851,3001.5176,,,,,,,AISpawnerConfigSet'DA_AISpawner_Workers',
SceneComponent,BP_AISpawner_C,BP_AISpawner_C_UAID_00FF8EFC2BEF5D8202_1bef1ea065e33b47_1215857074,-48747.074,-8821.5205,3001.5176,,,,,,,AISpawnerConfigSet'DA_AISpawner_Workers',
SceneComponent,BP_AISpawner_C,BP_AISpawner_C_UAID_00FF8EFC2BEF5D8202_1bef1ea065e33b47_1806059165,-48729.24,-9363.997,2982.3115,,,,,,,AISpawnerConfigSet'DA_AISpawner_Workers',
SceneComponent,BP_AISpawner_C,BP_AISpawner_C_UAID_00FF8EFC2BEF738B02_1977554235,10603.793,5760.2197,652.2505,,,,,,,AISpawnerConfigSet'DA_AISpawner_Peasants',
SceneComponent,BP_AISpawner_C,BP_AISpawner_C_UAID_00FF8EFC2BEF738B02_1983882236,11149.684,4507.311,701.58594,,,,,,,AISpawnerConfigSet'DA_AISpawner_Peasants',
SceneComponent,BP_AISpawner_C,BP_AISpawner_C_UAID_00FF8EFC2BEF738B02_1987576237,11072.26,4776.967,689.09467,,,,,,,AISpawnerConfigSet'DA_AISpawner_Peasants',
SceneComponent,BP_AISpawner_C,BP_AISpawner_C_UAID_00FF8EFC2BEF738B02_1991492238,10640.14,4153.4917,706.8042,,,,,,,AISpawnerConfigSet'DA_AISpawner_Peasants',
SceneComponent,BP_AISpawner_C,BP_AISpawner_C_UAID_00FF8EFC2BEF738B02_1995379239,11634.442,4878.4316,728.9786,,,,,,,AISpawnerConfigSet'DA_AISpawner_Peasants',
SceneComponent,BP_AISpawner_C,BP_AISpawner_C_UAID_00FF8EFC2BEF738B02_2000646240,10276.134,5373.8037,639.80743,,,,,,,AISpawnerConfigSet'DA_AISpawner_Peasants',
SceneComponent,BP_AISpawner_C,BP_AISpawner_C_UAID_00FF8EFC2BEF738B02_2005197241,10949.394,4006.1597,728.1919,,,,,,,AISpawnerConfigSet'DA_AISpawner_Peasants',
SceneComponent,BP_AISpawner_C,BP_AISpawner_C_UAID_00FF8EFC2BEF738B02_2011679242,10060.738,3641.149,687.2962,,,,,,,AISpawnerConfigSet'DA_AISpawner_Peasants',
SceneComponent,BP_AISpawner_C,BP_AISpawner_C_UAID_00FF8EFC2BEF738B02_2016032243,10272.913,4241.5854,668.5062,,,,,,,AISpawnerConfigSet'DA_AISpawner_Peasants',
SceneComponent,BP_AISpawner_C,BP_AISpawner_C_UAID_00FF8EFC2BEF738B02_2023810244,10754.938,6912.599,646.7919,,,,,,,AISpawnerConfigSet'DA_AISpawner_Peasants',
SceneComponent,BP_AISpawner_C,BP_AISpawner_C_UAID_00FF8EFC2BEF738B02_2028470245,10267.351,6402.1987,602.2707,,,,,,,AISpawnerConfigSet'DA_AISpawner_Peasants',
SceneComponent,BP_AISpawner_C,BP_AISpawner_C_UAID_00FF8EFC2BEF738B02_2032783246,10060.411,6602.052,602.2707,,,,,,,AISpawnerConfigSet'DA_AISpawner_Peasants',
SceneComponent,BP_AISpawner_C,BP_AISpawner_C_UAID_00FF8EFC2BEF738B02_2035469247,9934.659,6369.1343,602.2707,,,,,,,AISpawnerConfigSet'DA_AISpawner_Peasants',
SceneComponent,BP_AISpawner_C,BP_AISpawner_C_UAID_00FF8EFC2BEF738B02_2038335248,10408.018,6695.9907,602.2707,,,,,,,AISpawnerConfigSet'DA_AISpawner_Peasants',
SceneComponent,BP_AISpawner_C,BP_AISpawner_C_UAID_00FF8EFC2BEFB18202_1bef1ea065e33b47_1256408505,-48164.766,-8046.835,3010.0525,,,,,,,AISpawnerConfigSet'DA_AISpawner_Workers',
SceneComponent,BP_AISpawner_C,BP_AISpawner_C_UAID_00FF8EFC2BEFB18202_1bef1ea065e33b47_1280313506,-49514.492,-7283.396,2982.3115,,,,,,,AISpawnerConfigSet'DA_AISpawner_Workers',
SceneComponent,BP_AISpawner_C,BP_AISpawner_C_UAID_00FF8EFC2BEFB18202_1bef1ea065e33b47_1300035507,-47100.883,-8100.5024,2982.3115,,,,,,,AISpawnerConfigSet'DA_AISpawner_Workers',
SceneComponent,BP_AISpawner_C,BP_AISpawner_C_UAID_0468748824944C9B02_d0e23cfe7f59ca33_2006376751,-25084.549,-6032.0625,1816.6688,,,,,,,AISpawnerConfigSet'DA_AISpawner_Peasants',
SceneComponent,BP_AISpawner_C,BP_AISpawner_C_UAID_0468748824944C9B02_d0e23cfe7f59ca33_2006389784,-25099.168,-5569.171,1816.4481,,,,,,,AISpawnerConfigSet'DA_AISpawner_Peasants',
SceneComponent,BP_AISpawner_C,BP_AISpawner_C_UAID_0468748824944C9B02_e1ce29a85d20fd8c_2006376751,-13707.973,-37230.426,976.3612,,,,,,,AISpawnerConfigSet'DA_AISpawner_Peasants',
SceneComponent,BP_AISpawner_C,BP_AISpawner_C_UAID_0468748824944C9B02_e1ce29a85d20fd8c_2006389784,-14158.705,-37336.832,976.14056,,,,,,,AISpawnerConfigSet'DA_AISpawner_Peasants',
SceneComponent,BP_AISpawner_C,BP_AISpawner_C_UAID_046874882494859A02_367755be1ccb9d60_1584993272,-27270.395,-5793.6396,1803.4282,,,,,,,AISpawnerConfigSet'DA_AISpawner_Workers',
SceneComponent,BP_AISpawner_C,BP_AISpawner_C_UAID_046874882494859A02_367755be1ccb9d60_1585040298,-25254.35,-6940.7104,1793.4241,,,,,,,AISpawnerConfigSet'DA_AISpawner_Civilian',
SceneComponent,BP_AISpawner_C,BP_AISpawner_C_UAID_046874882494859A02_367755be1ccb9d60_1585091332,-27450.861,-5217.918,1803.4282,,,,,,,AISpawnerConfigSet'DA_AISpawner_Workers',
SceneComponent,BP_AISpawner_C,BP_AISpawner_C_UAID_046874882494859A02_367755be1ccb9d60_1585103340,-25887.324,-6953.1777,1746.0614,,,,,,,AISpawnerConfigSet'DA_AISpawner_Civilian',
SceneComponent,BP_AISpawner_C,BP_AISpawner_C_UAID_046874882494859A02_367755be1ccb9d60_1585117349,-25232.547,-11567.457,1814.634,,,,,,,AISpawnerConfigSet'DA_AISpawner_Civilian',
SceneComponent,BP_AISpawner_C,BP_AISpawner_C_UAID_046874882494859A02_367755be1ccb9d60_1585141365,-24606.621,-8530.142,1804.6892,,,,,,,AISpawnerConfigSet'DA_AISpawner_Civilian',
SceneComponent,BP_AISpawner_C,BP_AISpawner_C_UAID_046874882494859A02_367755be1ccb9d60_1585143366,-25490.578,-7947.737,1746.0614,,,,,,,AISpawnerConfigSet'DA_AISpawner_Civilian',
SceneComponent,BP_AISpawner_C,BP_AISpawner_C_UAID_046874882494859A02_367755be1ccb9d60_1585153372,-28344.879,-8775.411,1805.6642,,,,,,,AISpawnerConfigSet'DA_AISpawner_Civilian',
SceneComponent,BP_AISpawner_C,BP_AISpawner_C_UAID_046874882494859A02_367755be1ccb9d60_1585155373,-28115.836,-7361.3145,1794.8392,,,,,,,AISpawnerConfigSet'DA_AISpawner_Civilian',
SceneComponent,BP_AISpawner_C,BP_AISpawner_C_UAID_046874882494859A02_367755be1ccb9d60_1585205411,-28450.352,-12500.344,1800.4133,,,,,,,AISpawnerConfigSet'DA_AISpawner_Civilian',
SceneComponent,BP_AISpawner_C,BP_AISpawner_C_UAID_046874882494859A02_367755be1ccb9d60_1585246437,-28918.406,-10930.3,1813.6521,,,,,,,AISpawnerConfigSet'DA_AISpawner_Civilian',
SceneComponent,BP_AISpawner_C,BP_AISpawner_C_UAID_046874882494859A02_367755be1ccb9d60_1585268448,-25833.754,-5360.466,1822.6636,,,,,,,AISpawnerConfigSet'DA_AISpawner_Civilian',
SceneComponent,BP_AISpawner_C,BP_AISpawner_C_UAID_046874882494859A02_367755be1ccb9d60_1585343498,-25068.87,-9827.345,1800.241,,,,,,,AISpawnerConfigSet'DA_AISpawner_Civilian',
SceneComponent,BP_AISpawner_C,BP_AISpawner_C_UAID_046874882494859A02_367755be1ccb9d60_1585426549,-27202.594,-9703.07,1820.2604,,,,,,,AISpawnerConfigSet'DA_AISpawner_Civilian',
SceneComponent,BP_AISpawner_C,BP_AISpawner_C_UAID_046874882494859A02_367755be1ccb9d60_1585429550,-27690.225,-8423.552,1791.8981,,,,,,,AISpawnerConfigSet'DA_AISpawner_Civilian',
SceneComponent,BP_AISpawner_C,BP_AISpawner_C_UAID_046874882494859A02_367755be1ccb9d60_1585597657,-26601.94,-7121.5176,1803.4282,,,,,,,AISpawnerConfigSet'DA_AISpawner_Workers',
SceneComponent,BP_AISpawner_C,BP_AISpawner_C_UAID_046874882494859A02_367755be1ccb9d60_1585612667,-28398.955,-8943.062,2190.1938,,,,,,,AISpawnerConfigSet'DA_AISpawner_Civilian',
SceneComponent,BP_AISpawner_C,BP_AISpawner_C_UAID_046874882494859A02_367755be1ccb9d60_1585698712,-28788.201,-3949.0254,1857.8734,,,,,,,AISpawnerConfigSet'DA_AISpawner_Civilian',
SceneComponent,BP_AISpawner_C,BP_AISpawner_C_UAID_046874882494859A02_367755be1ccb9d60_1585734733,-27652.145,-13475.63,1792.1584,,,,,,,AISpawnerConfigSet'DA_AISpawner_Civilian',
SceneComponent,BP_AISpawner_C,BP_AISpawner_C_UAID_046874882494859A02_367755be1ccb9d60_1585743738,-28809.248,-7813.2275,1748.9226,,,,,,,AISpawnerConfigSet'DA_AISpawner_Civilian',
SceneComponent,BP_AISpawner_C,BP_AISpawner_C_UAID_046874882494859A02_367755be1ccb9d60_1585758747,-26506.25,-11029.614,1753.572,,,,,,,AISpawnerConfigSet'DA_AISpawner_Civilian',
SceneComponent,BP_AISpawner_C,BP_AISpawner_C_UAID_046874882494AD8D02_c71ad3ef090f6a00_1994888630,-53369.066,34904.973,1749.2201,,,,,,,AISpawnerConfigSet'DA_AISpawner_Infirmary',
SceneComponent,BP_AISpawner_C,BP_AISpawner_C_UAID_046874882494AD8D02_c71ad3ef090f6a00_1995785688,-55137.91,35787.773,1751.5071,,,,,,,AISpawnerConfigSet'DA_AISpawner_Infirmary',
SceneComponent,BP_AISpawner_C,BP_AISpawner_C_UAID_046874882494AD8D02_c71ad3ef090f6a00_1996695750,-53074.07,33885.637,1746.7324,,,,,,,AISpawnerConfigSet'DA_AISpawner_Infirmary',
SceneComponent,BP_AISpawner_C,BP_AISpawner_C_UAID_046874882494AD8D02_c71ad3ef090f6a00_1997725825,-54521.855,34466.465,1750.7096,,,,,,,AISpawnerConfigSet'DA_AISpawner_Infirmary',
SceneComponent,BP_AISpawner_C,BP_AISpawner_C_UAID_046874882494AD8D02_c71ad3ef090f6a00_1998719889,-55345.7,36571.36,1750.6661,,,,,,,AISpawnerConfigSet'DA_AISpawner_Infirmary',
SceneComponent,BP_AISpawner_C,BP_AISpawner_C_UAID_046874882494AD8D02_c71ad3ef090f6a00_1999793979,-54035.71,36817.652,1737.2552,,,,,,,AISpawnerConfigSet'DA_AISpawner_Infirmary',
SceneComponent,BP_AISpawner_C,BP_AISpawner_C_UAID_046874882494AD8D02_c71ad3ef090f6a00_2000672037,-54355.32,33660.906,1740.8042,,,,,,,AISpawnerConfigSet'DA_AISpawner_Infirmary',
SceneComponent,BP_AISpawner_C,BP_AISpawner_C_UAID_046874882494AD8D02_c71ad3ef090f6a00_2001498066,-53716.668,35779.57,1742.6472,,,,,,,AISpawnerConfigSet'DA_AISpawner_Infirmary',
SceneComponent,BP_AISpawner_C,BP_AISpawner_C_UAID_046874882494FE9802_29c4ea76462ed633_1767239540,-28590.574,20779.008,-295.4022,,,,,,,AISpawnerConfigSet'DA_AISpawner_MilitaryInfirmary',
SceneComponent,BP_AISpawner_C,BP_AISpawner_C_UAID_04D9F5F93AD5003A02_004a8f1a0fc075b2_1601522772,-44958.367,-47053.59,6108.9067,,,,,,,AISpawnerConfigSet'DA_AISpawner_Mobs_Rare',
SceneComponent,BP_AISpawner_C,BP_AISpawner_C_UAID_04D9F5F93AD5003A02_04bfb14f6ed1c174_1601522772,-48060.992,6754.9316,530.59595,,,,,,,AISpawnerConfigSet'DA_AISpawner_Mobs_Rare',
SceneComponent,BP_AISpawner_C,BP_AISpawner_C_UAID_04D9F5F93AD5003A02_065faaf543adab8d_1601522772,-4413.494,-4511.444,110.39423,,,,,,,AISpawnerConfigSet'DA_AISpawner_Mobs_Rare',
SceneComponent,BP_AISpawner_C,BP_AISpawner_C_UAID_04D9F5F93AD5003A02_0bde9d19cfbc9d47_1601522772,-68147.59,10504.374,647.9558,,,,,,,AISpawnerConfigSet'DA_AISpawner_Mobs_Rare',
SceneComponent,BP_AISpawner_C,BP_AISpawner_C_UAID_04D9F5F93AD5003A02_0f5aed097e1f1329_1601522772,-63397.203,-13669.106,3472.201,,,,,,,AISpawnerConfigSet'DA_AISpawner_Mobs_Rare',
SceneComponent,BP_AISpawner_C,BP_AISpawner_C_UAID_04D9F5F93AD5003A02_1260f4b6fd220d6a_1601522772,6517.466,5471.965,489.0028,,,,,,,AISpawnerConfigSet'DA_AISpawner_Mobs_Rare',
SceneComponent,BP_AISpawner_C,BP_AISpawner_C_UAID_04D9F5F93AD5003A02_1603cf1a3f45f7cb_1601522772,-12304.481,-25892.783,1077.2655,,,,,,,AISpawnerConfigSet'DA_AISpawner_Mobs_Rare',
SceneComponent,BP_AISpawner_C,BP_AISpawner_C_UAID_04D9F5F93AD5003A02_1707a413a35c763e_1601522772,3797.599,-2835.0598,689.38324,,,,,,,AISpawnerConfigSet'DA_AISpawner_Mobs_Rare',
SceneComponent,BP_AISpawner_C,BP_AISpawner_C_UAID_04D9F5F93AD5003A02_18bd32f28e759362_1601522772,1768.9044,-296.2196,277.55984,,,,,,,AISpawnerConfigSet'DA_AISpawner_Mobs_Rare',
SceneComponent,BP_AISpawner_C,BP_AISpawner_C_UAID_04D9F5F93AD5003A02_1be29605860e4130_1601522772,-42083.87,-43574.793,5903.6836,,,,,,,AISpawnerConfigSet'DA_AISpawner_Mobs_Rare',
SceneComponent,BP_AISpawner_C,BP_AISpawner_C_UAID_04D9F5F93AD5003A02_1c9badeecf1f93ad_1601522772,-47990.586,15891.869,-183.86272,,,,,,,AISpawnerConfigSet'DA_AISpawner_Mobs_Rare',
SceneComponent,BP_AISpawner_C,BP_AISpawner_C_UAID_04D9F5F93AD5003A02_1e77eb1760e62224_1601522772,24989.82,-5132.958,2364.8276,,,,,,,AISpawnerConfigSet'DA_AISpawner_Mobs_Rare',
SceneComponent,BP_AISpawner_C,BP_AISpawner_C_UAID_04D9F5F93AD5003A02_1fa77c3f31248363_1601522772,1522.9949,-7785.127,1293.1958,,,,,,,AISpawnerConfigSet'DA_AISpawner_Mobs_Rare',
SceneComponent,BP_AISpawner_C,BP_AISpawner_C_UAID_04D9F5F93AD5003A02_2865d6c788a83308_1601522772,7072.2056,-8424.885,1962.3818,,,,,,,AISpawnerConfigSet'DA_AISpawner_Mobs_Rare',
SceneComponent,BP_AISpawner_C,BP_AISpawner_C_UAID_04D9F5F93AD5003A02_2c44abfa7eef6702_1601522772,-6887.0967,-28935.865,298.78864,,,,,,,AISpawnerConfigSet'DA_AISpawner_Mobs_Rare',
SceneComponent,BP_AISpawner_C,BP_AISpawner_C_UAID_04D9F5F93AD5003A02_354f52e531c4f269_1601522772,-53212.65,4203.903,1305.0328,,,,,,,AISpawnerConfigSet'DA_AISpawner_Mobs_Rare',
SceneComponent,BP_AISpawner_C,BP_AISpawner_C_UAID_04D9F5F93AD5003A02_381e9b57acb12a9c_1601522772,-54920.25,14815.278,19.04878,,,,,,,AISpawnerConfigSet'DA_AISpawner_Mobs_Rare',
SceneComponent,BP_AISpawner_C,BP_AISpawner_C_UAID_04D9F5F93AD5003A02_3893cbfa72227a7f_1601522772,-42163.547,-27659.984,6988.5337,,,,,,,AISpawnerConfigSet'DA_AISpawner_Mobs_Rare',
SceneComponent,BP_AISpawner_C,BP_AISpawner_C_UAID_04D9F5F93AD5003A02_429a2a80cdbc9754_1601522772,-65944.05,21914.014,-126.90383,,,,,,,AISpawnerConfigSet'DA_AISpawner_Mobs_Rare',
SceneComponent,BP_AISpawner_C,BP_AISpawner_C_UAID_04D9F5F93AD5003A02_4b2883f4d4a2fbf9_1601522772,-57737.195,-9970.313,3399.2688,,,,,,,AISpawnerConfigSet'DA_AISpawner_Mobs_Rare',
SceneComponent,BP_AISpawner_C,BP_AISpawner_C_UAID_04D9F5F93AD5003A02_5315288f13cf5310_1601522772,28946.834,1193.6847,2368.2986,,,,,,,AISpawnerConfigSet'DA_AISpawner_Mobs_Rare',
SceneComponent,BP_AISpawner_C,BP_AISpawner_C_UAID_04D9F5F93AD5003A02_561d8847cfed8c3e_1601522772,-51922.785,10240.552,474.722,,,,,,,AISpawnerConfigSet'DA_AISpawner_Mobs_Rare',
SceneComponent,BP_AISpawner_C,BP_AISpawner_C_UAID_04D9F5F93AD5003A02_5fe1ca82e2e97170_1601522772,-46626.285,-25678.469,6418.6777,,,,,,,AISpawnerConfigSet'DA_AISpawner_Mobs_Rare',
SceneComponent,BP_AISpawner_C,BP_AISpawner_C_UAID_04D9F5F93AD5003A02_6775fb28465db403_1601522772,-60511.062,-13185.52,3565.8005,,,,,,,AISpawnerConfigSet'DA_AISpawner_Mobs_Rare',
SceneComponent,BP_AISpawner_C,BP_AISpawner_C_UAID_04D9F5F93AD5003A02_6811117479bf65f0_1601522772,-34225.02,-1631.8807,1867.1388,,,,,,,AISpawnerConfigSet'DA_AISpawner_Mobs_Rare',
SceneComponent,BP_AISpawner_C,BP_AISpawner_C_UAID_04D9F5F93AD5003A02_709323a4a51076cf_1601522772,17000.05,-9505.455,2393.1138,,,,,,,AISpawnerConfigSet'DA_AISpawner_Mobs_Rare',
SceneComponent,BP_AISpawner_C,BP_AISpawner_C_UAID_04D9F5F93AD5003A02_7726d5acce371b70_1601522772,-33104.14,-33872.434,6104.234,,,,,,,AISpawnerConfigSet'DA_AISpawner_Mobs_Rare',
SceneComponent,BP_AISpawner_C,BP_AISpawner_C_UAID_04D9F5F93AD5003A02_776f850ac6e2421a_1601522772,-61387.836,15449.443,-184.21072,,,,,,,AISpawnerConfigSet'DA_AISpawner_Mobs_Rare',
SceneComponent,BP_AISpawner_C,BP_AISpawner_C_UAID_04D9F5F93AD5003A02_77faaee28d462264_1601522772,27211.791,4548.1323,2395.9238,,,,,,,AISpawnerConfigSet'DA_AISpawner_Mobs_Rare',
SceneComponent,BP_AISpawner_C,BP_AISpawner_C_UAID_04D9F5F93AD5003A02_78859bb5e78903a2_1601522772,-47699.004,17491.164,-220.2113,,,,,,,AISpawnerConfigSet'DA_AISpawner_Mobs_Rare',
SceneComponent,BP_AISpawner_C,BP_AISpawner_C_UAID_04D9F5F93AD5003A02_7b2f79e0cf922148_1601522772,-71431.99,11817.607,605.3941,,,,,,,AISpawnerConfigSet'DA_AISpawner_Mobs_Rare',
SceneComponent,BP_AISpawner_C,BP_AISpawner_C_UAID_04D9F5F93AD5003A02_7d662486e05231a9_1601522772,-63157.957,26906.404,883.74927,,,,,,,AISpawnerConfigSet'DA_AISpawner_Mobs_Rare',
SceneComponent,BP_AISpawner_C,BP_AISpawner_C_UAID_04D9F5F93AD5003A02_84dc62a600877f4f_1601522772,4447.179,-31188.06,-85.558975,,,,,,,AISpawnerConfigSet'DA_AISpawner_Mobs_Rare',
SceneComponent,BP_AISpawner_C,BP_AISpawner_C_UAID_04D9F5F93AD5003A02_8e8fb2bdcb8532a8_1601522772,-57290.676,-6070.6387,2105.7976,,,,,,,AISpawnerConfigSet'DA_AISpawner_Mobs_Rare',
SceneComponent,BP_AISpawner_C,BP_AISpawner_C_UAID_04D9F5F93AD5003A02_94c96f1bd9f02ab0_1601522772,-60128.387,3239.9563,1382.8203,,,,,,,AISpawnerConfigSet'DA_AISpawner_Mobs_Rare',
SceneComponent,BP_AISpawner_C,BP_AISpawner_C_UAID_04D9F5F93AD5003A02_999e255e634d38f7_1601522772,-41812.99,-9779.8545,3703.1184,,,,,,,AISpawnerConfigSet'DA_AISpawner_Mobs_Rare',
SceneComponent,BP_AISpawner_C,BP_AISpawner_C_UAID_04D9F5F93AD5003A02_a02a94b53074c845_1601522772,-54217.11,2836.8462,1446.4822,,,,,,,AISpawnerConfigSet'DA_AISpawner_Mobs_Rare',
SceneComponent,BP_AISpawner_C,BP_AISpawner_C_UAID_04D9F5F93AD5003A02_a2adb16aa0a819b3_1601522772,18012.182,11892.781,1763.1835,,,,,,,AISpawnerConfigSet'DA_AISpawner_Mobs_Rare',
SceneComponent,BP_AISpawner_C,BP_AISpawner_C_UAID_04D9F5F93AD5003A02_a86ca8a0b386e689_1601522772,-57521.797,3754.7266,1314.9314,,,,,,,AISpawnerConfigSet'DA_AISpawner_Mobs_Rare',
SceneComponent,BP_AISpawner_C,BP_AISpawner_C_UAID_04D9F5F93AD5003A02_a9bab529702c6d16_1601522772,-68344.03,-16016.023,3457.7249,,,,,,,AISpawnerConfigSet'DA_AISpawner_Mobs_Rare',
SceneComponent,BP_AISpawner_C,BP_AISpawner_C_UAID_04D9F5F93AD5003A02_aa7badf6a42c3a8b_1601522772,-32937.973,-38027.316,5748.7163,,,,,,,AISpawnerConfigSet'DA_AISpawner_Mobs_Rare',
SceneComponent,BP_AISpawner_C,BP_AISpawner_C_UAID_04D9F5F93AD5003A02_aee0f3cfd4f2b0e6_1601522772,-29326.84,38933.207,1789.6381,,,,,,,AISpawnerConfigSet'DA_AISpawner_Mobs_Rare',
SceneComponent,BP_AISpawner_C,BP_AISpawner_C_UAID_04D9F5F93AD5003A02_b44aa1d5352f0b02_1601522772,-19903.812,-23045.568,2325.4382,,,,,,,AISpawnerConfigSet'DA_AISpawner_Mobs_Rare',
SceneComponent,BP_AISpawner_C,BP_AISpawner_C_UAID_04D9F5F93AD5003A02_b58188313959a960_1601522772,-41546.55,-24417.852,6814.36,,,,,,,AISpawnerConfigSet'DA_AISpawner_Mobs_Rare',
SceneComponent,BP_AISpawner_C,BP_AISpawner_C_UAID_04D9F5F93AD5003A02_b618840c33baf374_1601522772,-39712.105,-43148.57,5796.3193,,,,,,,AISpawnerConfigSet'DA_AISpawner_Mobs_Rare',
SceneComponent,BP_AISpawner_C,BP_AISpawner_C_UAID_04D9F5F93AD5003A02_bccaf1c1c396559f_1601522772,-11997.248,-34314.152,1034.2865,,,,,,,AISpawnerConfigSet'DA_AISpawner_Mobs_Rare',
SceneComponent,BP_AISpawner_C,BP_AISpawner_C_UAID_04D9F5F93AD5003A02_bf2ec97c8c3fdbb7_1601522772,26440.549,-1449.3566,2360.3887,,,,,,,AISpawnerConfigSet'DA_AISpawner_Mobs_Rare',
SceneComponent,BP_AISpawner_C,BP_AISpawner_C_UAID_04D9F5F93AD5003A02_c38e976343afcf4f_1601522772,-6134.221,-8067.2964,74.51608,,,,,,,AISpawnerConfigSet'DA_AISpawner_Mobs_Rare',
SceneComponent,BP_AISpawner_C,BP_AISpawner_C_UAID_04D9F5F93AD5003A02_c73e6ddf6efee045_1601522772,3352.0842,-7528.431,1311.4656,,,,,,,AISpawnerConfigSet'DA_AISpawner_Mobs_Rare',
SceneComponent,BP_AISpawner_C,BP_AISpawner_C_UAID_04D9F5F93AD5003A02_c74a293f65bc68ed_1601522772,28382.223,-914.3303,2316.6423,,,,,,,AISpawnerConfigSet'DA_AISpawner_Mobs_Rare',
SceneComponent,BP_AISpawner_C,BP_AISpawner_C_UAID_04D9F5F93AD5003A02_db9ac863610b490e_1601522772,-45403.426,-22021.035,6193.792,,,,,,,AISpawnerConfigSet'DA_AISpawner_Mobs_Rare',
SceneComponent,BP_AISpawner_C,BP_AISpawner_C_UAID_04D9F5F93AD5003A02_dca260c2e3e98e68_1601522772,-66055.79,-15080.562,3456.828,,,,,,,AISpawnerConfigSet'DA_AISpawner_Mobs_Rare',
SceneComponent,BP_AISpawner_C,BP_AISpawner_C_UAID_04D9F5F93AD5003A02_e50f6ad190b79426_1601522772,5045.4175,4249.554,470.06967,,,,,,,AISpawnerConfigSet'DA_AISpawner_Mobs_Rare',
SceneComponent,BP_AISpawner_C,BP_AISpawner_C_UAID_04D9F5F93AD5003A02_ef4b5e85a9d94d49_1601522772,-71185.89,5061.087,1754.2684,,,,,,,AISpawnerConfigSet'DA_AISpawner_Mobs_Rare',
SceneComponent,BP_AISpawner_C,BP_AISpawner_C_UAID_04D9F5F93AD5154502_665a04c56e1f24ee_1459022106,-35285.582,-25396.236,8159.55,,,,,,,AISpawnerConfigSet'DA_AISpawner_Military',
SceneComponent,BP_AISpawner_C,BP_AISpawner_C_UAID_04D9F5F93AD5154502_bbbfac29b2972afa_1416609068,-38709.184,-24595.342,8186.719,,,,,,,AISpawnerConfigSet'DA_AISpawner_Military',
SceneComponent,BP_AISpawner_C,BP_AISpawner_C_UAID_04D9F5F93AD5154502_e3d28eea39077f84_1459022106,-36483.85,-29079.982,8179.28,,,,,,,AISpawnerConfigSet'DA_AISpawner_Military',
SceneComponent,BP_AISpawner_C,BP_AISpawner_C_UAID_04D9F5F93AD5265F02_09b253a8aea41573_1122890528,34942.785,-16995.531,-100.27477,,,,,,,AISpawnerConfigSet'DA_AISpawner_Military',
SceneComponent,BP_AISpawner_C,BP_AISpawner_C_UAID_04D9F5F93AD5265F02_0d3d88d307a018df_1122890528,37494.39,-8320.782,-100.27477,,,,,,,AISpawnerConfigSet'DA_AISpawner_Military',
SceneComponent,BP_AISpawner_C,BP_AISpawner_C_UAID_04D9F5F93AD5265F02_0ee7a365402e2b65_1122890528,32642.791,-15402.95,-100.27477,,,,,,,AISpawnerConfigSet'DA_AISpawner_Military',
SceneComponent,BP_AISpawner_C,BP_AISpawner_C_UAID_04D9F5F93AD5265F02_6dfd51d988941e94_1122890528,39790.64,-9910.775,-100.27477,,,,,,,AISpawnerConfigSet'DA_AISpawner_Military',
SceneComponent,BP_AISpawner_C,BP_AISpawner_C_UAID_04D9F5F93AD5265F02_7b0b2d09dbcdc51c_1122890528,35194.85,-6728.513,-100.27477,,,,,,,AISpawnerConfigSet'DA_AISpawner_Military',
SceneComponent,BP_AISpawner_C,BP_AISpawner_C_UAID_04D9F5F93AD5265F02_e28dd75b0dfb6fe0_1122890528,30759.758,-13526.541,-100.14372,,,,,,,AISpawnerConfigSet'DA_AISpawner_Military',
SceneComponent,BP_AISpawner_C,BP_AISpawner_C_UAID_04D9F5F93AD5484102_05baab7f5b4cebe0_1838873708,-68557.97,24459.18,-58.11874,,,,,,,AISpawnerConfigSet'DA_AISpawner_Peasants',
SceneComponent,BP_AISpawner_C,BP_AISpawner_C_UAID_04D9F5F93AD5484102_0dd8334608871ecd_1838873708,-17888.756,6577.3164,487.15805,,,,,,,AISpawnerConfigSet'DA_AISpawner_Peasants',
SceneComponent,BP_AISpawner_C,BP_AISpawner_C_UAID_04D9F5F93AD5484102_0e060000a26ed1bb_1809853707,-1803.8007,25684.715,55.407616,,,,,,,AISpawnerConfigSet'DA_AISpawner_Peasants',
SceneComponent,BP_AISpawner_C,BP_AISpawner_C_UAID_04D9F5F93AD5484102_0f32ae8dc9eedf8c_1809853707,-4710.669,26777.076,-199.12581,,,,,,,AISpawnerConfigSet'DA_AISpawner_Peasants',
SceneComponent,BP_AISpawner_C,BP_AISpawner_C_UAID_04D9F5F93AD5484102_0fa3f6a4d71be723_1838873708,-19876.764,5778.768,795.08795,,,,,,,AISpawnerConfigSet'DA_AISpawner_Peasants',
SceneComponent,BP_AISpawner_C,BP_AISpawner_C_UAID_04D9F5F93AD5484102_12674d002ebbce0d_1809853707,-59887.227,28531.17,1317.3307,,,,,,,AISpawnerConfigSet'DA_AISpawner_Peasants',
SceneComponent,BP_AISpawner_C,BP_AISpawner_C_UAID_04D9F5F93AD5484102_1303ca66333940b1_1809853707,-22297.03,-4724.24,1543.4354,,,,,,,AISpawnerConfigSet'DA_AISpawner_Peasants',
SceneComponent,BP_AISpawner_C,BP_AISpawner_C_UAID_04D9F5F93AD5484102_14018269d8987f51_1809853707,-64748.086,32099.037,1447.7982,,,,,,,AISpawnerConfigSet'DA_AISpawner_Peasants',
SceneComponent,BP_AISpawner_C,BP_AISpawner_C_UAID_04D9F5F93AD5484102_1575123fd7389b02_1809853707,-65980.31,32563.396,1360.883,,,,,,,AISpawnerConfigSet'DA_AISpawner_Peasants',
SceneComponent,BP_AISpawner_C,BP_AISpawner_C_UAID_04D9F5F93AD5484102_15c3d9652a14f6da_1809853707,1751.4579,18164.053,-37.061916,,,,,,,AISpawnerConfigSet'DA_AISpawner_Peasants',
SceneComponent,BP_AISpawner_C,BP_AISpawner_C_UAID_04D9F5F93AD5484102_1b071ffdbdfc5857_1809853707,-18057.303,9045.843,233.74448,,,,,,,AISpawnerConfigSet'DA_AISpawner_Peasants',
SceneComponent,BP_AISpawner_C,BP_AISpawner_C_UAID_04D9F5F93AD5484102_1cc29b0bfea1ce47_1838873708,2701.6462,28397.564,763.5899,,,,,,,AISpawnerConfigSet'DA_AISpawner_Peasants',
SceneComponent,BP_AISpawner_C,BP_AISpawner_C_UAID_04D9F5F93AD5484102_1ece26fb64fb46ba_1838873708,-18478.354,11585.5205,2.5616636,,,,,,,AISpawnerConfigSet'DA_AISpawner_Peasants',
SceneComponent,BP_AISpawner_C,BP_AISpawner_C_UAID_04D9F5F93AD5484102_1f1d4a1241d344eb_1809853707,-51054.027,22868.732,-12.085094,,,,,,,AISpawnerConfigSet'DA_AISpawner_Peasants',
SceneComponent,BP_AISpawner_C,BP_AISpawner_C_UAID_04D9F5F93AD5484102_2632ae8743b489e7_1838873708,-16796.408,6775.138,403.8727,,,,,,,AISpawnerConfigSet'DA_AISpawner_Peasants',
SceneComponent,BP_AISpawner_C,BP_AISpawner_C_UAID_04D9F5F93AD5484102_2855bb6575c47f2f_1809853707,-23814.438,11943.117,139.39539,,,,,,,AISpawnerConfigSet'DA_AISpawner_Peasants',
SceneComponent,BP_AISpawner_C,BP_AISpawner_C_UAID_04D9F5F93AD5484102_2aa4bc25e6683eae_1838873708,-17023.277,11689.223,-31.049318,,,,,,,AISpawnerConfigSet'DA_AISpawner_Peasants',
SceneComponent,BP_AISpawner_C,BP_AISpawner_C_UAID_04D9F5F93AD5484102_2d077d93eeea2033_1838873708,-68518.39,21986.855,-308.53394,,,,,,,AISpawnerConfigSet'DA_AISpawner_Peasants',
SceneComponent,BP_AISpawner_C,BP_AISpawner_C_UAID_04D9F5F93AD5484102_2dd5e805014a3078_1809853707,-14085.867,1355.5374,439.65637,,,,,,,AISpawnerConfigSet'DA_AISpawner_Peasants',
SceneComponent,BP_AISpawner_C,BP_AISpawner_C_UAID_04D9F5F93AD5484102_2dde81a79b43bda6_1809853707,-4244.1133,21886.492,-320.20856,,,,,,,AISpawnerConfigSet'DA_AISpawner_Peasants',
SceneComponent,BP_AISpawner_C,BP_AISpawner_C_UAID_04D9F5F93AD5484102_2fc93c4f65197b49_1809853707,-22247.38,7150.2065,874.8232,,,,,,,AISpawnerConfigSet'DA_AISpawner_Peasants',
SceneComponent,BP_AISpawner_C,BP_AISpawner_C_UAID_04D9F5F93AD5484102_3204a2c0b714bc99_1809853707,1409.673,30329.535,783.28235,,,,,,,AISpawnerConfigSet'DA_AISpawner_Peasants',
SceneComponent,BP_AISpawner_C,BP_AISpawner_C_UAID_04D9F5F93AD5484102_346ee02f3ab2978b_1838873708,-18894.635,-975.9919,1162.9423,,,,,,,AISpawnerConfigSet'DA_AISpawner_Peasants',
SceneComponent,BP_AISpawner_C,BP_AISpawner_C_UAID_04D9F5F93AD5484102_36f0dbba0015f192_1809853707,-57368.848,25306.385,646.20886,,,,,,,AISpawnerConfigSet'DA_AISpawner_Peasants',
SceneComponent,BP_AISpawner_C,BP_AISpawner_C_UAID_04D9F5F93AD5484102_3e52eb3b585d0d97_1809853707,-54009.36,25459.611,621.56757,,,,,,,AISpawnerConfigSet'DA_AISpawner_Peasants',
SceneComponent,BP_AISpawner_C,BP_AISpawner_C_UAID_04D9F5F93AD5484102_3f34aeaad5e3f6dd_1838873708,-17148.35,-445.35226,887.69977,,,,,,,AISpawnerConfigSet'DA_AISpawner_Peasants',
SceneComponent,BP_AISpawner_C,BP_AISpawner_C_UAID_04D9F5F93AD5484102_407cdfad6b9fad5e_1838873708,-69710.21,25208.238,-74.73601,,,,,,,AISpawnerConfigSet'DA_AISpawner_Peasants',
SceneComponent,BP_AISpawner_C,BP_AISpawner_C_UAID_04D9F5F93AD5484102_40d9cad8e70cde6c_1809853707,-58705.13,25395.732,689.26825,,,,,,,AISpawnerConfigSet'DA_AISpawner_Peasants',
SceneComponent,BP_AISpawner_C,BP_AISpawner_C_UAID_04D9F5F93AD5484102_4237e891a3f6186c_1838873708,-4596.3696,19163.098,-356.38104,,,,,,,AISpawnerConfigSet'DA_AISpawner_Peasants',
SceneComponent,BP_AISpawner_C,BP_AISpawner_C_UAID_04D9F5F93AD5484102_449e4ad3340eb5e4_1809853707,-57171.875,28373.098,1246.2266,,,,,,,AISpawnerConfigSet'DA_AISpawner_Peasants',
SceneComponent,BP_AISpawner_C,BP_AISpawner_C_UAID_04D9F5F93AD5484102_567ff0d1ae6284fc_1809853707,-60086.58,25472.72,697.6635,,,,,,,AISpawnerConfigSet'DA_AISpawner_Peasants',
SceneComponent,BP_AISpawner_C,BP_AISpawner_C_UAID_04D9F5F93AD5484102_5dc307c360d9d30d_1838873708,-25555.225,7327.0176,682.0849,,,,,,,AISpawnerConfigSet'DA_AISpawner_Peasants',
SceneComponent,BP_AISpawner_C,BP_AISpawner_C_UAID_04D9F5F93AD5484102_5e85fea153ba75bb_1809853707,-67436.57,23809.22,-30.777082,,,,,,,AISpawnerConfigSet'DA_AISpawner_Peasants',
SceneComponent,BP_AISpawner_C,BP_AISpawner_C_UAID_04D9F5F93AD5484102_5fc339ecc7af6166_1838873708,-69644.96,22717.596,-322.3692,,,,,,,AISpawnerConfigSet'DA_AISpawner_Peasants',
SceneComponent,BP_AISpawner_C,BP_AISpawner_C_UAID_04D9F5F93AD5484102_65bdb849488f082a_1838873708,-50935.742,34781.33,1800.5967,,,,,,,AISpawnerConfigSet'DA_AISpawner_Peasants',
SceneComponent,BP_AISpawner_C,BP_AISpawner_C_UAID_04D9F5F93AD5484102_666fbd2a94dfcaa3_1809853707,-30606.588,-14218.433,2192.5012,,,,,,,AISpawnerConfigSet'DA_AISpawner_Peasants',
SceneComponent,BP_AISpawner_C,BP_AISpawner_C_UAID_04D9F5F93AD5484102_67b1d96cf8b65678_1809853707,-13537.364,-636.1204,389.72696,,,,,,,AISpawnerConfigSet'DA_AISpawner_Peasants',
SceneComponent,BP_AISpawner_C,BP_AISpawner_C_UAID_04D9F5F93AD5484102_69a8702499903187_1809853707,-380.208,32677.414,772.1752,,,,,,,AISpawnerConfigSet'DA_AISpawner_Peasants',
SceneComponent,BP_AISpawner_C,BP_AISpawner_C_UAID_04D9F5F93AD5484102_760c0570a749410f_1838873708,-53505.04,22454.723,-40.046474,,,,,,,AISpawnerConfigSet'DA_AISpawner_Peasants',
SceneComponent,BP_AISpawner_C,BP_AISpawner_C_UAID_04D9F5F93AD5484102_78e8d3300a4adea3_1838873708,-24737.465,5446.1133,826.95526,,,,,,,AISpawnerConfigSet'DA_AISpawner_Peasants',
SceneComponent,BP_AISpawner_C,BP_AISpawner_C_UAID_04D9F5F93AD5484102_8068ba14c4544590_1838873708,-15281.695,11588.756,-80.05669,,,,,,,AISpawnerConfigSet'DA_AISpawner_Peasants',
SceneComponent,BP_AISpawner_C,BP_AISpawner_C_UAID_04D9F5F93AD5484102_8fa66341a0643b24_1809853707,-13018.034,1828.8396,348.3258,,,,,,,AISpawnerConfigSet'DA_AISpawner_Peasants',
SceneComponent,BP_AISpawner_C,BP_AISpawner_C_UAID_04D9F5F93AD5484102_90c9e6634453f57f_1809853707,-52705.824,25709.547,624.9408,,,,,,,AISpawnerConfigSet'DA_AISpawner_Peasants',
SceneComponent,BP_AISpawner_C,BP_AISpawner_C_UAID_04D9F5F93AD5484102_958b026d35f35710_1838873708,-13901.528,11184.06,-113.939964,,,,,,,AISpawnerConfigSet'DA_AISpawner_Peasants',
SceneComponent,BP_AISpawner_C,BP_AISpawner_C_UAID_04D9F5F93AD5484102_96af4bc3fd3a73f8_1809853707,-20844.045,-8768.656,1603.3296,,,,,,,AISpawnerConfigSet'DA_AISpawner_Peasants',
SceneComponent,BP_AISpawner_C,BP_AISpawner_C_UAID_04D9F5F93AD5484102_9951deff59268300_1838873708,-20880.2,7479.3013,761.3359,,,,,,,AISpawnerConfigSet'DA_AISpawner_Peasants',
SceneComponent,BP_AISpawner_C,BP_AISpawner_C_UAID_04D9F5F93AD5484102_9a94561674a1f99c_1838873708,2448.8955,31128.457,877.7974,,,,,,,AISpawnerConfigSet'DA_AISpawner_Peasants',
SceneComponent,BP_AISpawner_C,BP_AISpawner_C_UAID_04D9F5F93AD5484102_9af5e5cab58d25ef_1809853707,-5615.171,28767.879,-102.827034,,,,,,,AISpawnerConfigSet'DA_AISpawner_Peasants',
SceneComponent,BP_AISpawner_C,BP_AISpawner_C_UAID_04D9F5F93AD5484102_9b1bafce11582c22_1838873708,-17381.168,863.525,820.1206,,,,,,,AISpawnerConfigSet'DA_AISpawner_Peasants',
SceneComponent,BP_AISpawner_C,BP_AISpawner_C_UAID_04D9F5F93AD5484102_9cb3b19554436f1b_1809853707,-58507.35,28459.473,1302.7257,,,,,,,AISpawnerConfigSet'DA_AISpawner_Peasants',
SceneComponent,BP_AISpawner_C,BP_AISpawner_C_UAID_04D9F5F93AD5484102_9f45a24c45393eec_1809853707,-13561.644,6898.8755,129.86447,,,,,,,AISpawnerConfigSet'DA_AISpawner_Peasants',
SceneComponent,BP_AISpawner_C,BP_AISpawner_C_UAID_04D9F5F93AD5484102_9fa050678f7db649_1838873708,-52182.5,22653.344,-26.983679,,,,,,,AISpawnerConfigSet'DA_AISpawner_Peasants',
SceneComponent,BP_AISpawner_C,BP_AISpawner_C_UAID_04D9F5F93AD5484102_9fdc0bc55819c892_1809853707,-14935.557,-726.78534,524.35266,,,,,,,AISpawnerConfigSet'DA_AISpawner_Peasants',
SceneComponent,BP_AISpawner_C,BP_AISpawner_C_UAID_04D9F5F93AD5484102_ad6841de6b855dcc_1809853707,785.1667,33493.832,812.13153,,,,,,,AISpawnerConfigSet'DA_AISpawner_Peasants',
SceneComponent,BP_AISpawner_C,BP_AISpawner_C_UAID_04D9F5F93AD5484102_b24cb39133c74077_1809853707,-51486.094,25872.436,631.4703,,,,,,,AISpawnerConfigSet'DA_AISpawner_Peasants',
SceneComponent,BP_AISpawner_C,BP_AISpawner_C_UAID_04D9F5F93AD5484102_b3f0adab96cc539c_1838873708,3842.2495,29184.873,931.144,,,,,,,AISpawnerConfigSet'DA_AISpawner_Peasants',
SceneComponent,BP_AISpawner_C,BP_AISpawner_C_UAID_04D9F5F93AD5484102_b7600b5e649b8573_1809853707,-13619.357,9310.743,-63.159447,,,,,,,AISpawnerConfigSet'DA_AISpawner_Peasants',
SceneComponent,BP_AISpawner_C,BP_AISpawner_C_UAID_04D9F5F93AD5484102_bffdfc1e9e380954_1838873708,-16860.533,9191.462,167.3835,,,,,,,AISpawnerConfigSet'DA_AISpawner_Peasants',
SceneComponent,BP_AISpawner_C,BP_AISpawner_C_UAID_04D9F5F93AD5484102_c5f496cbc9b960a0_1838873708,-22753.074,-3305.2727,1507.081,,,,,,,AISpawnerConfigSet'DA_AISpawner_Peasants',
SceneComponent,BP_AISpawner_C,BP_AISpawner_C_UAID_04D9F5F93AD5484102_d0c70101976327a6_1838873708,-21546.625,5161.04,944.04285,,,,,,,AISpawnerConfigSet'DA_AISpawner_Peasants',
SceneComponent,BP_AISpawner_C,BP_AISpawner_C_UAID_04D9F5F93AD5484102_d6924da645431678_1809853707,-23364.91,11207.508,219.23282,,,,,,,AISpawnerConfigSet'DA_AISpawner_Peasants',
SceneComponent,BP_AISpawner_C,BP_AISpawner_C_UAID_04D9F5F93AD5484102_d8d4e641e7e935c9_1809853707,-49936.324,34714.555,1793.6448,,,,,,,AISpawnerConfigSet'DA_AISpawner_Peasants',
SceneComponent,BP_AISpawner_C,BP_AISpawner_C_UAID_04D9F5F93AD5484102_da0b4882ea50e330_1838873708,-15010.505,6944.1724,279.81186,,,,,,,AISpawnerConfigSet'DA_AISpawner_Peasants',
SceneComponent,BP_AISpawner_C,BP_AISpawner_C_UAID_04D9F5F93AD5484102_dbd0fdeca45b12ed_1838873708,-23995.445,2597.2354,975.77185,,,,,,,AISpawnerConfigSet'DA_AISpawner_Peasants',
SceneComponent,BP_AISpawner_C,BP_AISpawner_C_UAID_04D9F5F93AD5484102_e03d1958c412c382_1838873708,-15072.798,9359.571,76.58236,,,,,,,AISpawnerConfigSet'DA_AISpawner_Peasants',
SceneComponent,BP_AISpawner_C,BP_AISpawner_C_UAID_04D9F5F93AD5484102_e2b9014a2199ad13_1838873708,-1840.2118,34654.38,763.5761,,,,,,,AISpawnerConfigSet'DA_AISpawner_Peasants',
SceneComponent,BP_AISpawner_C,BP_AISpawner_C_UAID_04D9F5F93AD5484102_e4eeedd085b12beb_1838873708,-12445.554,-517.3559,295.96948,,,,,,,AISpawnerConfigSet'DA_AISpawner_Peasants',
SceneComponent,BP_AISpawner_C,BP_AISpawner_C_UAID_04D9F5F93AD5484102_e9dc6358ea2d0143_1838873708,-15216.466,1362.0753,534.0886,,,,,,,AISpawnerConfigSet'DA_AISpawner_Peasants',
SceneComponent,BP_AISpawner_C,BP_AISpawner_C_UAID_04D9F5F93AD5484102_eb1c100fea56a712_1838873708,-50032.504,25979.45,619.54614,,,,,,,AISpawnerConfigSet'DA_AISpawner_Peasants',
SceneComponent,BP_AISpawner_C,BP_AISpawner_C_UAID_04D9F5F93AD5484102_f2cf5de9cf2f7221_1838873708,-675.9153,35469.695,821.4278,,,,,,,AISpawnerConfigSet'DA_AISpawner_Peasants',
SceneComponent,BP_AISpawner_C,BP_AISpawner_C_UAID_04D9F5F93AD5484102_f3726eea779196bb_1838873708,-70735.8,23426.738,-338.10095,,,,,,,AISpawnerConfigSet'DA_AISpawner_Peasants',
SceneComponent,BP_AISpawner_C,BP_AISpawner_C_UAID_04D9F5F93AD5484102_ff7ee98040cf88c7_1809853707,-63374.05,31755.871,1508.8058,,,,,,,AISpawnerConfigSet'DA_AISpawner_Peasants',
SceneComponent,BP_AISpawner_C,BP_AISpawner_C_UAID_04D9F5F93AD5564502_307909d31b9b9ada_1145098590,-38504.44,-28413.73,8100.2314,,,,,,,AISpawnerConfigSet'DA_AISpawner_Military',
SceneComponent,BP_AISpawner_C,BP_AISpawner_C_UAID_04D9F5F93AD5564502_307909d31b9b9ada_1145105591,-37337.383,-28772.166,8100.2314,,,,,,,AISpawnerConfigSet'DA_AISpawner_Military',
SceneComponent,BP_AISpawner_C,BP_AISpawner_C_UAID_04D9F5F93AD5564502_6329e284061ca9fb_1084319579,-39717.812,-27395.266,8112.0063,,,,,,,AISpawnerConfigSet'DA_AISpawner_Military',
SceneComponent,BP_AISpawner_C,BP_AISpawner_C_UAID_04D9F5F93AD5564502_6329e284061ca9fb_1088337580,-39243.22,-26177.127,8100.2314,,,,,,,AISpawnerConfigSet'DA_AISpawner_Military',
SceneComponent,BP_AISpawner_C,BP_AISpawner_C_UAID_04D9F5F93AD5564502_7ed34a54df1d9850_1173293596,-36157.695,-28408.92,8100.2314,,,,,,,AISpawnerConfigSet'DA_AISpawner_Military',
SceneComponent,BP_AISpawner_C,BP_AISpawner_C_UAID_04D9F5F93AD5564502_7ed34a54df1d9850_1173299597,-36066.4,-27714.936,8100.2314,,,,,,,AISpawnerConfigSet'DA_AISpawner_Military',
SceneComponent,BP_AISpawner_C,BP_AISpawner_C_UAID_04D9F5F93AD5564502_dd9000abe4fb1d99_1084319579,-36726.93,-25065.17,8100.2314,,,,,,,AISpawnerConfigSet'DA_AISpawner_Military',
SceneComponent,BP_AISpawner_C,BP_AISpawner_C_UAID_04D9F5F93AD5564502_dd9000abe4fb1d99_1088337580,-37514.5,-24905.68,8100.2314,,,,,,,AISpawnerConfigSet'DA_AISpawner_Military',
SceneComponent,BP_AISpawner_C,BP_AISpawner_C_UAID_04D9F5F93AD5605B02_0af8d68b152618b4_1231643736,25790.357,-8194.585,1001.2156,,,,,,,AISpawnerConfigSet'DA_AISpawner_Military',
SceneComponent,BP_AISpawner_C,BP_AISpawner_C_UAID_04D9F5F93AD5605B02_0af8d68b152618b4_1257345737,26364.201,-7556.835,969.85626,,,,,,,AISpawnerConfigSet'DA_AISpawner_Military',
SceneComponent,BP_AISpawner_C,BP_AISpawner_C_UAID_04D9F5F93AD5605B02_0af8d68b152618b4_1261989738,26668.752,-6926.0146,969.85626,,,,,,,AISpawnerConfigSet'DA_AISpawner_Military',
SceneComponent,BP_AISpawner_C,BP_AISpawner_C_UAID_04D9F5F93AD5605B02_20e2b082a6cc054c_1231643736,24313.266,-9040.085,1001.2156,,,,,,,AISpawnerConfigSet'DA_AISpawner_Military',
SceneComponent,BP_AISpawner_C,BP_AISpawner_C_UAID_04D9F5F93AD5605B02_20e2b082a6cc054c_1257345737,23675.516,-8466.241,969.85626,,,,,,,AISpawnerConfigSet'DA_AISpawner_Military',
SceneComponent,BP_AISpawner_C,BP_AISpawner_C_UAID_04D9F5F93AD5605B02_20e2b082a6cc054c_1261989738,23044.695,-8161.69,969.85626,,,,,,,AISpawnerConfigSet'DA_AISpawner_Military',
SceneComponent,BP_AISpawner_C,BP_AISpawner_C_UAID_04D9F5F93AD5605B02_263882d4f35b9b05_1231643736,31657.844,-9554.6045,3.4486394,,,,,,,AISpawnerConfigSet'DA_AISpawner_Military',
SceneComponent,BP_AISpawner_C,BP_AISpawner_C_UAID_04D9F5F93AD5605B02_c3245b26535725e1_1231643736,24551.83,-7295.637,969.85626,,,,,,,AISpawnerConfigSet'DA_AISpawner_Military',
SceneComponent,BP_AISpawner_C,BP_AISpawner_C_UAID_04D9F5F93AD5605B02_c3245b26535725e1_1257345737,23852.186,-6811.182,969.85626,,,,,,,AISpawnerConfigSet'DA_AISpawner_Military',
SceneComponent,BP_AISpawner_C,BP_AISpawner_C_UAID_04D9F5F93AD5605B02_c3245b26535725e1_1261989738,23283.26,-6417.2417,969.85626,,,,,,,AISpawnerConfigSet'DA_AISpawner_Military',
SceneComponent,BP_AISpawner_C,BP_AISpawner_C_UAID_04D9F5F93AD5608702_263882d4f35b9b05_1486057748,29809.068,-8151.316,373.28586,,,,,,,AISpawnerConfigSet'DA_AISpawner_Military',
SceneComponent,BP_AISpawner_C,BP_AISpawner_C_UAID_04D9F5F93AD565BD02_29c4ea76462ed633_1799276614,-29333.324,20176.455,-295.4022,,,,,,,AISpawnerConfigSet'DA_AISpawner_MilitaryInfirmary',
SceneComponent,BP_AISpawner_C,BP_AISpawner_C_UAID_04D9F5F93AD565BD02_29c4ea76462ed633_1806572625,-30897.264,22430.984,-295.4022,,,,,,,AISpawnerConfigSet'DA_AISpawner_MilitaryInfirmary',
SceneComponent,BP_AISpawner_C,BP_AISpawner_C_UAID_04D9F5F93AD565BD02_29c4ea76462ed633_1811578636,-32795.51,23140.068,-295.4022,,,,,,,AISpawnerConfigSet'DA_AISpawner_MilitaryInfirmary',
SceneComponent,BP_AISpawner_C,BP_AISpawner_C_UAID_04D9F5F93AD565BD02_29c4ea76462ed633_1818932647,-32712.928,21120.285,-295.4022,,,,,,,AISpawnerConfigSet'DA_AISpawner_MilitaryInfirmary',
SceneComponent,BP_AISpawner_C,BP_AISpawner_C_UAID_04D9F5F93AD565BD02_29c4ea76462ed633_1822027658,-33934.016,22573.898,-229.9993,,,,,,,AISpawnerConfigSet'DA_AISpawner_MilitaryInfirmary',
SceneComponent,BP_AISpawner_C,BP_AISpawner_C_UAID_04D9F5F93AD565BD02_29c4ea76462ed633_1847306684,-31920.314,23380.352,-295.4022,,,,,,,AISpawnerConfigSet'DA_AISpawner_MilitaryInfirmary',
SceneComponent,BP_AISpawner_C,BP_AISpawner_C_UAID_04D9F5F93AD5734902_25c38f96bd642657_1593403542,-26517.207,-7813.779,1829.2161,,,,,,,AISpawnerConfigSet'DA_AISpawner_Civilian',
SceneComponent,BP_AISpawner_C,BP_AISpawner_C_UAID_04D9F5F93AD5734902_25c38f96bd642657_1601028543,-27211.0,-8190.36,2156.3193,,,,,,,AISpawnerConfigSet'DA_AISpawner_Civilian',
SceneComponent,BP_AISpawner_C,BP_AISpawner_C_UAID_04D9F5F93AD5734902_613646c311d01d8e_1593403542,-27892.434,-11383.953,1832.4421,,,,,,,AISpawnerConfigSet'DA_AISpawner_Civilian',
SceneComponent,BP_AISpawner_C,BP_AISpawner_C_UAID_04D9F5F93AD5735002_fa61c736281e8a8a_2144691035,-38296.445,-29423.916,7010.876,,,,,,,AISpawnerConfigSet'DA_AISpawner_Military',
SceneComponent,BP_AISpawner_C,BP_AISpawner_C_UAID_04D9F5F93AD5745002_fa61c736281e8a8a_1084502212,-37807.945,-29937.047,7010.876,,,,,,,AISpawnerConfigSet'DA_AISpawner_Military',
SceneComponent,BP_AISpawner_C,BP_AISpawner_C_UAID_04D9F5F93AD57D3302_f5f3745e62dd497c_1541619938,-67330.75,-587.82996,1767.6786,,,,,,,AISpawnerConfigSet'DA_AISpawner_Military',
SceneComponent,BP_AISpawner_C,BP_AISpawner_C_UAID_04D9F5F93AD57D3302_f5f3745e62dd497c_1551298939,-68179.97,-464.9309,1767.6786,,,,,,,AISpawnerConfigSet'DA_AISpawner_Military',
SceneComponent,BP_AISpawner_C,BP_AISpawner_C_UAID_04D9F5F93AD58A3102_f5f3745e62dd497c_1935061350,-65844.625,-2526.2104,1792.488,,,,,,,AISpawnerConfigSet'DA_AISpawner_Miniboss',
SceneComponent,BP_AISpawner_C,BP_AISpawner_C_UAID_04D9F5F93AD58A3102_f5f3745e62dd497c_1953378351,-65623.945,-1238.583,1792.488,,,,,,,AISpawnerConfigSet'DA_AISpawner_Military',
SceneComponent,BP_AISpawner_C,BP_AISpawner_C_UAID_04D9F5F93AD58A3102_f5f3745e62dd497c_1956434352,-65054.598,-1426.7611,1792.488,,,,,,,AISpawnerConfigSet'DA_AISpawner_Military',
SceneComponent,BP_AISpawner_C,BP_AISpawner_C_UAID_04D9F5F93AD58A3102_f5f3745e62dd497c_1958194353,-65023.543,-659.8289,1792.488,,,,,,,AISpawnerConfigSet'DA_AISpawner_Military',
SceneComponent,BP_AISpawner_C,BP_AISpawner_C_UAID_04D9F5F93AD58A3102_f5f3745e62dd497c_1994605354,-65823.66,-461.73596,1792.488,,,,,,,AISpawnerConfigSet'DA_AISpawner_Military',
SceneComponent,BP_AISpawner_C,BP_AISpawner_C_UAID_04D9F5F93AD58A3102_f5f3745e62dd497c_2000649355,-65639.2,204.86302,1792.488,,,,,,,AISpawnerConfigSet'DA_AISpawner_Military',
SceneComponent,BP_AISpawner_C,BP_AISpawner_C_UAID_04D9F5F93AD58A3102_f5f3745e62dd497c_2008212356,-66752.59,-3163.7751,1792.488,,,,,,,AISpawnerConfigSet'DA_AISpawner_Military',
SceneComponent,BP_AISpawner_C,BP_AISpawner_C_UAID_04D9F5F93AD58A3102_f5f3745e62dd497c_2012371357,-65757.0,-3139.5686,1792.488,,,,,,,AISpawnerConfigSet'DA_AISpawner_Military',
SceneComponent,BP_AISpawner_C,BP_AISpawner_C_UAID_04D9F5F93AD58A3102_f5f3745e62dd497c_2016717358,-65219.855,-2527.4233,1792.488,,,,,,,AISpawnerConfigSet'DA_AISpawner_Military',
SceneComponent,BP_AISpawner_C,BP_AISpawner_C_UAID_04D9F5F93AD5935202_71619fc7e70fc919_1617566221,-14489.584,22145.76,-234.047,,,,,,,AISpawnerConfigSet'DA_AISpawner_Workers',
SceneComponent,BP_AISpawner_C,BP_AISpawner_C_UAID_04D9F5F93AD5935202_71619fc7e70fc919_1638757222,-14659.807,23390.498,-234.047,,,,,,,AISpawnerConfigSet'DA_AISpawner_Workers',
SceneComponent,BP_AISpawner_C,BP_AISpawner_C_UAID_04D9F5F93AD5935202_71619fc7e70fc919_1645713223,-13599.775,22982.238,-234.047,,,,,,,AISpawnerConfigSet'DA_AISpawner_Workers',
SceneComponent,BP_AISpawner_C,BP_AISpawner_C_UAID_04D9F5F93AD5935202_71619fc7e70fc919_1650641224,-12697.838,22931.316,-234.047,,,,,,,AISpawnerConfigSet'DA_AISpawner_Workers',
SceneComponent,BP_AISpawner_C,BP_AISpawner_C_UAID_04D9F5F93AD5935202_71619fc7e70fc919_1653839225,-12691.42,21836.266,-234.047,,,,,,,AISpawnerConfigSet'DA_AISpawner_Workers',
SceneComponent,BP_AISpawner_C,BP_AISpawner_C_UAID_04D9F5F93AD5935202_71619fc7e70fc919_1660613226,-12929.56,20008.156,-234.047,,,,,,,AISpawnerConfigSet'DA_AISpawner_Workers',
SceneComponent,BP_AISpawner_C,BP_AISpawner_C_UAID_04D9F5F93AD5935202_71619fc7e70fc919_1666632227,-14149.859,19706.781,-234.047,,,,,,,AISpawnerConfigSet'DA_AISpawner_Workers',
SceneComponent,BP_AISpawner_C,BP_AISpawner_C_UAID_04D9F5F93AD5974802_170009526a2c1544_2057677120,-28047.691,-4644.834,1756.0327,,,,,,,AISpawnerConfigSet'DA_AISpawner_Peasants',
SceneComponent,BP_AISpawner_C,BP_AISpawner_C_UAID_04D9F5F93AD5974802_170009526a2c1544_2071697121,-27542.59,-4172.394,1756.0327,,,,,,,AISpawnerConfigSet'DA_AISpawner_Peasants',
SceneComponent,BP_AISpawner_C,BP_AISpawner_C_UAID_04D9F5F93AD597D102_0175dc137d0ae3d8_1239160730,-40358.79,-41439.63,5931.0864,,,,,,,AISpawnerConfigSet'DA_AISpawner_Mobs_Rare',
SceneComponent,BP_AISpawner_C,BP_AISpawner_C_UAID_04D9F5F93AD597D102_02a3acab560f8a3b_1239160730,-37994.785,-42919.406,5635.0723,,,,,,,AISpawnerConfigSet'DA_AISpawner_Mobs_Rare',
SceneComponent,BP_AISpawner_C,BP_AISpawner_C_UAID_04D9F5F93AD597D102_04d2cde6aadbb919_1239160730,20109.354,-27678.84,1896.4741,,,,,,,AISpawnerConfigSet'DA_AISpawner_Mobs_Rare',
SceneComponent,BP_AISpawner_C,BP_AISpawner_C_UAID_04D9F5F93AD597D102_084d2950358071e7_1239160730,16601.812,25128.998,1178.294,,,,,,,AISpawnerConfigSet'DA_AISpawner_Mobs_Rare',
SceneComponent,BP_AISpawner_C,BP_AISpawner_C_UAID_04D9F5F93AD597D102_095d7877d7f867d4_1239160730,1782.1593,-8913.538,1316.48,,,,,,,AISpawnerConfigSet'DA_AISpawner_Mobs_Rare',
SceneComponent,BP_AISpawner_C,BP_AISpawner_C_UAID_04D9F5F93AD597D102_09a243ef68569c35_1239160730,25899.87,-20402.152,1826.1089,,,,,,,AISpawnerConfigSet'DA_AISpawner_Mobs_Rare',
SceneComponent,BP_AISpawner_C,BP_AISpawner_C_UAID_04D9F5F93AD597D102_0c74142f0fbbff8a_1239160730,23848.291,-18067.457,1179.8292,,,,,,,AISpawnerConfigSet'DA_AISpawner_Mobs_Rare',
SceneComponent,BP_AISpawner_C,BP_AISpawner_C_UAID_04D9F5F93AD597D102_0fc95811bd4064f9_1239160730,22578.883,26942.984,2024.775,,,,,,,AISpawnerConfigSet'DA_AISpawner_Mobs_Rare',
SceneComponent,BP_AISpawner_C,BP_AISpawner_C_UAID_04D9F5F93AD597D102_105f26f99fe63122_1239160730,24657.65,19109.064,2373.0374,,,,,,,AISpawnerConfigSet'DA_AISpawner_Mobs_Rare',
SceneComponent,BP_AISpawner_C,BP_AISpawner_C_UAID_04D9F5F93AD597D102_11e0739410e6bc1c_1239160730,-35519.824,-35107.316,6289.4126,,,,,,,AISpawnerConfigSet'DA_AISpawner_Mobs_Rare',
SceneComponent,BP_AISpawner_C,BP_AISpawner_C_UAID_04D9F5F93AD597D102_1302e40ae390f45a_1239160730,-43063.527,-35475.723,6510.8774,,,,,,,AISpawnerConfigSet'DA_AISpawner_Mobs_Rare',
SceneComponent,BP_AISpawner_C,BP_AISpawner_C_UAID_04D9F5F93AD597D102_135a6e0cd0c2a654_1239160730,-31433.934,-42511.777,5100.486,,,,,,,AISpawnerConfigSet'DA_AISpawner_Mobs_Rare',
SceneComponent,BP_AISpawner_C,BP_AISpawner_C_UAID_04D9F5F93AD597D102_1856644be87f1aab_1239160730,-26140.65,24109.996,-144.90007,,,,,,,AISpawnerConfigSet'DA_AISpawner_Mobs_Rare',
SceneComponent,BP_AISpawner_C,BP_AISpawner_C_UAID_04D9F5F93AD597D102_1936d972a5d8196c_1239160730,17312.643,14421.775,1634.8673,,,,,,,AISpawnerConfigSet'DA_AISpawner_Mobs_Rare',
SceneComponent,BP_AISpawner_C,BP_AISpawner_C_UAID_04D9F5F93AD597D102_1ecb603f9be97e92_1239160730,-35597.32,-41293.65,5663.8325,,,,,,,AISpawnerConfigSet'DA_AISpawner_Mobs_Rare',
SceneComponent,BP_AISpawner_C,BP_AISpawner_C_UAID_04D9F5F93AD597D102_2144f58cd876639f_1239160730,-35046.188,-36732.68,6060.3335,,,,,,,AISpawnerConfigSet'DA_AISpawner_Mobs_Rare',
SceneComponent,BP_AISpawner_C,BP_AISpawner_C_UAID_04D9F5F93AD597D102_21c46abadde37241_1239160730,-11474.212,-14696.366,1160.9363,,,,,,,AISpawnerConfigSet'DA_AISpawner_Mobs_Rare',
SceneComponent,BP_AISpawner_C,BP_AISpawner_C_UAID_04D9F5F93AD597D102_225384e00fae7920_1239160730,-30144.514,-1762.7487,1871.2666,,,,,,,AISpawnerConfigSet'DA_AISpawner_Mobs_Rare',
SceneComponent,BP_AISpawner_C,BP_AISpawner_C_UAID_04D9F5F93AD597D102_23d7caaecaa2fcc9_1239160730,22334.787,-24026.55,1968.7219,,,,,,,AISpawnerConfigSet'DA_AISpawner_Mobs_Rare',
SceneComponent,BP_AISpawner_C,BP_AISpawner_C_UAID_04D9F5F93AD597D102_243a4280b47ba73e_1239160730,16564.652,22361.309,1194.5483,,,,,,,AISpawnerConfigSet'DA_AISpawner_Mobs_Rare',
SceneComponent,BP_AISpawner_C,BP_AISpawner_C_UAID_04D9F5F93AD597D102_258afdda1d89aa83_1239160730,26155.705,20292.88,2582.27,,,,,,,AISpawnerConfigSet'DA_AISpawner_Mobs_Rare',
SceneComponent,BP_AISpawner_C,BP_AISpawner_C_UAID_04D9F5F93AD597D102_27dbe7bc76c20332_1239160730,28298.635,16514.602,2819.9521,,,,,,,AISpawnerConfigSet'DA_AISpawner_Mobs_Rare',
SceneComponent,BP_AISpawner_C,BP_AISpawner_C_UAID_04D9F5F93AD597D102_28912168ce2ae7d9_1239160730,26017.973,-18730.771,1393.5518,,,,,,,AISpawnerConfigSet'DA_AISpawner_Mobs_Rare',
SceneComponent,BP_AISpawner_C,BP_AISpawner_C_UAID_04D9F5F93AD597D102_2a2d25a0d2c5b89e_1239160730,12696.51,-23296.377,525.67163,,,,,,,AISpawnerConfigSet'DA_AISpawner_Mobs_Rare',
SceneComponent,BP_AISpawner_C,BP_AISpawner_C_UAID_04D9F5F93AD597D102_2d593f43f134aed9_1239160730,18226.088,-18569.734,1099.2532,,,,,,,AISpawnerConfigSet'DA_AISpawner_Mobs_Rare',
SceneComponent,BP_AISpawner_C,BP_AISpawner_C_UAID_04D9F5F93AD597D102_35acceb09b5f3658_1239160730,-32244.523,-3341.0845,1824.8439,,,,,,,AISpawnerConfigSet'DA_AISpawner_Mobs_Rare',
SceneComponent,BP_AISpawner_C,BP_AISpawner_C_UAID_04D9F5F93AD597D102_3afeb64ccca2925d_1239160730,-38220.76,-34144.336,6731.141,,,,,,,AISpawnerConfigSet'DA_AISpawner_Mobs_Rare',
SceneComponent,BP_AISpawner_C,BP_AISpawner_C_UAID_04D9F5F93AD597D102_3c59a56b0c19ec5b_1239160730,-42159.258,-40477.668,6125.3364,,,,,,,AISpawnerConfigSet'DA_AISpawner_Mobs_Rare',
SceneComponent,BP_AISpawner_C,BP_AISpawner_C_UAID_04D9F5F93AD597D102_3d0a39f4ae91c251_1239160730,11813.163,-25819.521,822.61365,,,,,,,AISpawnerConfigSet'DA_AISpawner_Mobs_Rare',
SceneComponent,BP_AISpawner_C,BP_AISpawner_C_UAID_04D9F5F93AD597D102_3eca4c6ab94d3f20_1239160730,-19059.908,23129.877,-191.0586,,,,,,,AISpawnerConfigSet'DA_AISpawner_Mobs_Rare',
SceneComponent,BP_AISpawner_C,BP_AISpawner_C_UAID_04D9F5F93AD597D102_406d1c429ea65548_1239160730,18197.645,-24148.47,1503.5797,,,,,,,AISpawnerConfigSet'DA_AISpawner_Mobs_Rare',
SceneComponent,BP_AISpawner_C,BP_AISpawner_C_UAID_04D9F5F93AD597D102_4121bcab562f1bb2_1239160730,20883.629,-24635.215,1918.4711,,,,,,,AISpawnerConfigSet'DA_AISpawner_Mobs_Rare',
SceneComponent,BP_AISpawner_C,BP_AISpawner_C_UAID_04D9F5F93AD597D102_4224c2b8760db7c4_1239160730,20687.328,-5032.2803,2283.6125,,,,,,,AISpawnerConfigSet'DA_AISpawner_Mobs_Rare',
SceneComponent,BP_AISpawner_C,BP_AISpawner_C_UAID_04D9F5F93AD597D102_4a9906ba21d567b6_1239160730,23082.467,16611.559,2198.1707,,,,,,,AISpawnerConfigSet'DA_AISpawner_Mobs_Rare',
SceneComponent,BP_AISpawner_C,BP_AISpawner_C_UAID_04D9F5F93AD597D102_4bd302b3c9786551_1239160730,13366.976,-22111.135,466.53302,,,,,,,AISpawnerConfigSet'DA_AISpawner_Mobs_Rare',
SceneComponent,BP_AISpawner_C,BP_AISpawner_C_UAID_04D9F5F93AD597D102_4def43b9e3fbed81_1239160730,-33469.965,-43634.883,5290.9595,,,,,,,AISpawnerConfigSet'DA_AISpawner_Mobs_Rare',
SceneComponent,BP_AISpawner_C,BP_AISpawner_C_UAID_04D9F5F93AD597D102_51f937c91382f596_1239160730,-40325.54,-35063.57,6668.627,,,,,,,AISpawnerConfigSet'DA_AISpawner_Mobs_Rare',
SceneComponent,BP_AISpawner_C,BP_AISpawner_C_UAID_04D9F5F93AD597D102_524eb2130369c267_1239160730,17500.172,-23625.64,1351.2572,,,,,,,AISpawnerConfigSet'DA_AISpawner_Mobs_Rare',
SceneComponent,BP_AISpawner_C,BP_AISpawner_C_UAID_04D9F5F93AD597D102_52caf11239ac7afc_1239160730,24872.965,27644.371,2248.976,,,,,,,AISpawnerConfigSet'DA_AISpawner_Mobs_Rare',
SceneComponent,BP_AISpawner_C,BP_AISpawner_C_UAID_04D9F5F93AD597D102_54359be11bc4fa25_1239160730,-29635.03,26083.115,-76.80038,,,,,,,AISpawnerConfigSet'DA_AISpawner_Mobs_Rare',
SceneComponent,BP_AISpawner_C,BP_AISpawner_C_UAID_04D9F5F93AD597D102_55ef6eaa69e231e6_1239160730,-42784.06,-41527.707,6065.684,,,,,,,AISpawnerConfigSet'DA_AISpawner_Mobs_Rare',
SceneComponent,BP_AISpawner_C,BP_AISpawner_C_UAID_04D9F5F93AD597D102_57888a9196659017_1239160730,16139.575,-20604.271,904.8152,,,,,,,AISpawnerConfigSet'DA_AISpawner_Mobs_Rare',
SceneComponent,BP_AISpawner_C,BP_AISpawner_C_UAID_04D9F5F93AD597D102_59e6bcbeb282aff0_1239160730,19067.326,-21386.883,1299.1796,,,,,,,AISpawnerConfigSet'DA_AISpawner_Mobs_Rare',
SceneComponent,BP_AISpawner_C,BP_AISpawner_C_UAID_04D9F5F93AD597D102_5ce59c16cc38d2e4_1239160730,22104.488,-26639.379,1903.5271,,,,,,,AISpawnerConfigSet'DA_AISpawner_Mobs_Rare',
SceneComponent,BP_AISpawner_C,BP_AISpawner_C_UAID_04D9F5F93AD597D102_5e36d2927ea9f060_1239160730,-36611.72,-39184.234,6022.186,,,,,,,AISpawnerConfigSet'DA_AISpawner_Mobs_Rare',
SceneComponent,BP_AISpawner_C,BP_AISpawner_C_UAID_04D9F5F93AD597D102_64d927c73e481866_1239160730,16942.287,27483.846,1146.5177,,,,,,,AISpawnerConfigSet'DA_AISpawner_Mobs_Rare',
SceneComponent,BP_AISpawner_C,BP_AISpawner_C_UAID_04D9F5F93AD597D102_64ed3622be3e6d01_1239160730,25190.293,24336.084,2361.5552,,,,,,,AISpawnerConfigSet'DA_AISpawner_Mobs_Rare',
SceneComponent,BP_AISpawner_C,BP_AISpawner_C_UAID_04D9F5F93AD597D102_66d8d0a475e3cbb1_1239160730,23535.598,25327.182,2130.6375,,,,,,,AISpawnerConfigSet'DA_AISpawner_Mobs_Rare',
SceneComponent,BP_AISpawner_C,BP_AISpawner_C_UAID_04D9F5F93AD597D102_733a842a5d16f566_1239160730,19782.818,13974.444,1920.0312,,,,,,,AISpawnerConfigSet'DA_AISpawner_Mobs_Rare',
SceneComponent,BP_AISpawner_C,BP_AISpawner_C_UAID_04D9F5F93AD597D102_7d5f9ed02e025a19_1239160730,-43183.207,-38845.38,6282.236,,,,,,,AISpawnerConfigSet'DA_AISpawner_Mobs_Rare',
SceneComponent,BP_AISpawner_C,BP_AISpawner_C_UAID_04D9F5F93AD597D102_7ea12244bbf92f39_1239160730,20157.785,21302.254,1583.3716,,,,,,,AISpawnerConfigSet'DA_AISpawner_Mobs_Rare',
SceneComponent,BP_AISpawner_C,BP_AISpawner_C_UAID_04D9F5F93AD597D102_80cd9441811fae54_1239160730,-44286.4,-43267.215,6111.1865,,,,,,,AISpawnerConfigSet'DA_AISpawner_Mobs_Rare',
SceneComponent,BP_AISpawner_C,BP_AISpawner_C_UAID_04D9F5F93AD597D102_85ce3ddd7a14777a_1239160730,8470.488,23786.348,1053.0773,,,,,,,AISpawnerConfigSet'DA_AISpawner_Mobs_Rare',
SceneComponent,BP_AISpawner_C,BP_AISpawner_C_UAID_04D9F5F93AD597D102_89b3a8bf2af21838_1239160730,19935.68,28000.549,1596.2164,,,,,,,AISpawnerConfigSet'DA_AISpawner_Mobs_Rare',
SceneComponent,BP_AISpawner_C,BP_AISpawner_C_UAID_04D9F5F93AD597D102_8b16b21e12e62cdf_1239160730,22373.617,-7287.6997,2376.122,,,,,,,AISpawnerConfigSet'DA_AISpawner_Mobs_Rare',
SceneComponent,BP_AISpawner_C,BP_AISpawner_C_UAID_04D9F5F93AD597D102_8fa57dd526f10ad0_1239160730,23717.176,-6661.3794,2343.5864,,,,,,,AISpawnerConfigSet'DA_AISpawner_Mobs_Rare',
SceneComponent,BP_AISpawner_C,BP_AISpawner_C_UAID_04D9F5F93AD597D102_96d4c0c76195b782_1239160730,22510.463,21387.715,1962.0493,,,,,,,AISpawnerConfigSet'DA_AISpawner_Mobs_Rare',
SceneComponent,BP_AISpawner_C,BP_AISpawner_C_UAID_04D9F5F93AD597D102_9a1b096f22e65eba_1239160730,-27771.988,25171.943,-110.210754,,,,,,,AISpawnerConfigSet'DA_AISpawner_Mobs_Rare',
SceneComponent,BP_AISpawner_C,BP_AISpawner_C_UAID_04D9F5F93AD597D102_aca681378abeb07b_1239160730,-29221.295,28309.568,215.5699,,,,,,,AISpawnerConfigSet'DA_AISpawner_Mobs_Rare',
SceneComponent,BP_AISpawner_C,BP_AISpawner_C_UAID_04D9F5F93AD597D102_ae74f9fa79ced116_1239160730,19869.455,-17357.53,1051.0144,,,,,,,AISpawnerConfigSet'DA_AISpawner_Mobs_Rare',
SceneComponent,BP_AISpawner_C,BP_AISpawner_C_UAID_04D9F5F93AD597D102_b1e19abbc90aac7b_1239160730,4130.4585,-9092.12,1455.6481,,,,,,,AISpawnerConfigSet'DA_AISpawner_Mobs_Rare',
SceneComponent,BP_AISpawner_C,BP_AISpawner_C_UAID_04D9F5F93AD597D102_b447576344bf3670_1239160730,-40074.008,-37656.395,6343.8813,,,,,,,AISpawnerConfigSet'DA_AISpawner_Mobs_Rare',
SceneComponent,BP_AISpawner_C,BP_AISpawner_C_UAID_04D9F5F93AD597D102_b46fed6463dfedc5_1239160730,15233.432,-22888.502,862.8331,,,,,,,AISpawnerConfigSet'DA_AISpawner_Mobs_Rare',
SceneComponent,BP_AISpawner_C,BP_AISpawner_C_UAID_04D9F5F93AD597D102_b54e5d2b8f920267_1239160730,26624.021,13427.14,2557.7852,,,,,,,AISpawnerConfigSet'DA_AISpawner_Mobs_Rare',
SceneComponent,BP_AISpawner_C,BP_AISpawner_C_UAID_04D9F5F93AD597D102_b63fb7ea5e0f963b_1239160730,18756.996,29031.883,1293.4274,,,,,,,AISpawnerConfigSet'DA_AISpawner_Mobs_Rare',
SceneComponent,BP_AISpawner_C,BP_AISpawner_C_UAID_04D9F5F93AD597D102_b7062e828b76918f_1239160730,29277.537,16334.862,2925.0576,,,,,,,AISpawnerConfigSet'DA_AISpawner_Mobs_Rare',
SceneComponent,BP_AISpawner_C,BP_AISpawner_C_UAID_04D9F5F93AD597D102_bb868f63c6fd595b_1239160730,-40506.76,-39311.164,6105.3687,,,,,,,AISpawnerConfigSet'DA_AISpawner_Mobs_Rare',
SceneComponent,BP_AISpawner_C,BP_AISpawner_C_UAID_04D9F5F93AD597D102_be60ea1fbd92a210_1239160730,15229.507,-24305.705,1015.39667,,,,,,,AISpawnerConfigSet'DA_AISpawner_Mobs_Rare',
SceneComponent,BP_AISpawner_C,BP_AISpawner_C_UAID_04D9F5F93AD597D102_c2ecb787759907c0_1239160730,-26760.42,27102.244,107.28667,,,,,,,AISpawnerConfigSet'DA_AISpawner_Mobs_Rare',
SceneComponent,BP_AISpawner_C,BP_AISpawner_C_UAID_04D9F5F93AD597D102_c3cb200a4f423779_1239160730,18390.867,24542.617,1380.6443,,,,,,,AISpawnerConfigSet'DA_AISpawner_Mobs_Rare',
SceneComponent,BP_AISpawner_C,BP_AISpawner_C_UAID_04D9F5F93AD597D102_c8cb92dc7f4bc261_1239160730,24704.47,21375.107,2341.838,,,,,,,AISpawnerConfigSet'DA_AISpawner_Mobs_Rare',
SceneComponent,BP_AISpawner_C,BP_AISpawner_C_UAID_04D9F5F93AD597D102_c93e191169c13eb9_1239160730,-46998.453,43181.75,2312.4578,,,,,,,AISpawnerConfigSet'DA_AISpawner_Mobs_Rare',
SceneComponent,BP_AISpawner_C,BP_AISpawner_C_UAID_04D9F5F93AD597D102_c9721f066cb777a8_1239160730,15980.968,-4140.0264,1852.0211,,,,,,,AISpawnerConfigSet'DA_AISpawner_Mobs_Rare',
SceneComponent,BP_AISpawner_C,BP_AISpawner_C_UAID_04D9F5F93AD597D102_cbcfa9371c77a6d9_1239160730,-15639.859,25361.072,-196.29187,,,,,,,AISpawnerConfigSet'DA_AISpawner_Mobs_Rare',
SceneComponent,BP_AISpawner_C,BP_AISpawner_C_UAID_04D9F5F93AD597D102_cbeb6c614c4a5928_1239160730,10369.747,3730.323,665.1365,,,,,,,AISpawnerConfigSet'DA_AISpawner_Mobs_Rare',
SceneComponent,BP_AISpawner_C,BP_AISpawner_C_UAID_04D9F5F93AD597D102_cee9de7c23d7c9c4_1239160730,21851.86,28816.3,1884.8894,,,,,,,AISpawnerConfigSet'DA_AISpawner_Mobs_Rare',
SceneComponent,BP_AISpawner_C,BP_AISpawner_C_UAID_04D9F5F93AD597D102_d505d2ea9905bba3_1239160730,-42186.57,-36810.97,6364.577,,,,,,,AISpawnerConfigSet'DA_AISpawner_Mobs_Rare',
SceneComponent,BP_AISpawner_C,BP_AISpawner_C_UAID_04D9F5F93AD597D102_d68dabb024951a29_1239160730,-18034.336,25242.916,-193.29105,,,,,,,AISpawnerConfigSet'DA_AISpawner_Mobs_Rare',
SceneComponent,BP_AISpawner_C,BP_AISpawner_C_UAID_04D9F5F93AD597D102_d9344e7698b026c9_1239160730,16285.213,19469.705,1221.5698,,,,,,,AISpawnerConfigSet'DA_AISpawner_Mobs_Rare',
SceneComponent,BP_AISpawner_C,BP_AISpawner_C_UAID_04D9F5F93AD597D102_d949f76af0923a4b_1239160730,13717.831,-13684.995,2062.808,,,,,,,AISpawnerConfigSet'DA_AISpawner_Mobs_Rare',
SceneComponent,BP_AISpawner_C,BP_AISpawner_C_UAID_04D9F5F93AD597D102_dd597467d22eee83_1239160730,14133.51,-2513.8264,1718.5249,,,,,,,AISpawnerConfigSet'DA_AISpawner_Mobs_Rare',
SceneComponent,BP_AISpawner_C,BP_AISpawner_C_UAID_04D9F5F93AD597D102_dd90f654632e6832_1239160730,18750.184,-26495.867,1881.2203,,,,,,,AISpawnerConfigSet'DA_AISpawner_Mobs_Rare',
SceneComponent,BP_AISpawner_C,BP_AISpawner_C_UAID_04D9F5F93AD597D102_e03654e1213822b8_1239160730,12995.269,-26275.34,981.60443,,,,,,,AISpawnerConfigSet'DA_AISpawner_Mobs_Rare',
SceneComponent,BP_AISpawner_C,BP_AISpawner_C_UAID_04D9F5F93AD597D102_e318d6be04866e89_1239160730,20568.902,24954.281,1674.2445,,,,,,,AISpawnerConfigSet'DA_AISpawner_Mobs_Rare',
SceneComponent,BP_AISpawner_C,BP_AISpawner_C_UAID_04D9F5F93AD597D102_e662eeaf6f92d8f6_1239160730,26735.352,6283.2607,2392.7305,,,,,,,AISpawnerConfigSet'DA_AISpawner_Mobs_Rare',
SceneComponent,BP_AISpawner_C,BP_AISpawner_C_UAID_04D9F5F93AD597D102_e917e435a7d489f4_1239160730,21868.562,23680.402,1889.7512,,,,,,,AISpawnerConfigSet'DA_AISpawner_Mobs_Rare',
SceneComponent,BP_AISpawner_C,BP_AISpawner_C_UAID_04D9F5F93AD597D102_f3bf24f93ce03696_1239160730,-38493.555,-40518.82,5977.368,,,,,,,AISpawnerConfigSet'DA_AISpawner_Mobs_Rare',
SceneComponent,BP_AISpawner_C,BP_AISpawner_C_UAID_04D9F5F93AD597D102_f601fab651187473_1239160730,-32371.523,-44975.867,5076.191,,,,,,,AISpawnerConfigSet'DA_AISpawner_Mobs_Rare',
SceneComponent,BP_AISpawner_C,BP_AISpawner_C_UAID_04D9F5F93AD597D102_f65fefcb9257810f_1239160730,9599.247,26017.693,1174.5609,,,,,,,AISpawnerConfigSet'DA_AISpawner_Mobs_Rare',
SceneComponent,BP_AISpawner_C,BP_AISpawner_C_UAID_04D9F5F93AD597D102_f8deab81eec91212_1239160730,25344.754,16299.44,2421.0571,,,,,,,AISpawnerConfigSet'DA_AISpawner_Mobs_Rare',
SceneComponent,BP_AISpawner_C,BP_AISpawner_C_UAID_04D9F5F93AD597D102_fa6c1c2f2f38aa12_1239160730,22672.986,17994.84,2083.4695,,,,,,,AISpawnerConfigSet'DA_AISpawner_Mobs_Rare',
SceneComponent,BP_AISpawner_C,BP_AISpawner_C_UAID_04D9F5F93AD597D102_fcbe93d7995b648a_1239160730,26845.275,17886.39,2681.3042,,,,,,,AISpawnerConfigSet'DA_AISpawner_Mobs_Rare',
SceneComponent,BP_AISpawner_C,BP_AISpawner_C_UAID_04D9F5F93AD59D4602_fa61c736281e8a8a_1608810707,-38150.195,-27863.67,7010.876,,,,,,,AISpawnerConfigSet'DA_AISpawner_Military',
SceneComponent,BP_AISpawner_C,BP_AISpawner_C_UAID_04D9F5F93AD59D4602_fa61c736281e8a8a_1614050708,-38676.15,-27213.754,7010.876,,,,,,,AISpawnerConfigSet'DA_AISpawner_Military',
SceneComponent,BP_AISpawner_C,BP_AISpawner_C_UAID_04D9F5F93AD59D4602_fa61c736281e8a8a_1619201709,-37788.156,-27450.543,7010.876,,,,,,,AISpawnerConfigSet'DA_AISpawner_Military',
SceneComponent,BP_AISpawner_C,BP_AISpawner_C_UAID_04D9F5F93AD59D4602_fa61c736281e8a8a_1624244710,-37783.797,-26911.441,7010.876,,,,,,,AISpawnerConfigSet'DA_AISpawner_Military',
SceneComponent,BP_AISpawner_C,BP_AISpawner_C_UAID_04D9F5F93AD59D4602_fa61c736281e8a8a_1635395711,-38449.707,-27622.447,7010.876,,,,,,,AISpawnerConfigSet'DA_AISpawner_Military',
SceneComponent,BP_AISpawner_C,BP_AISpawner_C_UAID_04D9F5F93AD59E5602_d40d86cadf850e91_1328261312,-49546.523,-30771.36,6988.3145,,,,,,,AISpawnerConfigSet'DA_AISpawner_Civilian_NoBloat',
SceneComponent,BP_AISpawner_C,BP_AISpawner_C_UAID_04D9F5F93AD59E5602_d40d86cadf850e91_1344846313,-48955.457,-31686.828,6988.3145,,,,,,,AISpawnerConfigSet'DA_AISpawner_Civilian_NoBloat',
SceneComponent,BP_AISpawner_C,BP_AISpawner_C_UAID_04D9F5F93AD59E5602_d40d86cadf850e91_1351066314,-48958.61,-30131.855,6988.3145,,,,,,,AISpawnerConfigSet'DA_AISpawner_Civilian_NoBloat',
SceneComponent,BP_AISpawner_C,BP_AISpawner_C_UAID_04D9F5F93AD59E5602_d40d86cadf850e91_1356526315,-50478.61,-29958.062,6988.3145,,,,,,,AISpawnerConfigSet'DA_AISpawner_Civilian_NoBloat',
SceneComponent,BP_AISpawner_C,BP_AISpawner_C_UAID_04D9F5F93AD59E5602_d40d86cadf850e91_1363417316,-50943.29,-30888.664,6988.3145,,,,,,,AISpawnerConfigSet'DA_AISpawner_Civilian_NoBloat',
SceneComponent,BP_AISpawner_C,BP_AISpawner_C_UAID_04D9F5F93AD59E5602_d40d86cadf850e91_1367063317,-50767.43,-31654.098,6988.3145,,,,,,,AISpawnerConfigSet'DA_AISpawner_Civilian_NoBloat',
SceneComponent,BP_AISpawner_C,BP_AISpawner_C_UAID_04D9F5F93AD59E5602_d40d86cadf850e91_1423640318,-49385.43,-32621.402,6988.3145,,,,,,,AISpawnerConfigSet'DA_AISpawner_Civilian_NoBloat',
SceneComponent,BP_AISpawner_C,BP_AISpawner_C_UAID_04D9F5F93AD5A04602_9fac250d5149b043_1263948684,-15366.161,22244.922,-234.0164,,,,,,,AISpawnerConfigSet'DA_AISpawner_Peasants',
SceneComponent,BP_AISpawner_C,BP_AISpawner_C_UAID_04D9F5F93AD5A04602_bda10b7c50163ff5_1263948684,-16786.96,19111.096,-236.55406,,,,,,,AISpawnerConfigSet'DA_AISpawner_Peasants',
SceneComponent,BP_AISpawner_C,BP_AISpawner_C_UAID_04D9F5F93AD5A13A02_1c556f47455d4841_2002859087,-3750.0315,3589.0396,-520.13153,,,,,,,AISpawnerConfigSet'DA_AISpawner_Workers',
SceneComponent,BP_AISpawner_C,BP_AISpawner_C_UAID_04D9F5F93AD5A13A02_1c556f47455d4841_2024067088,-4055.8772,2079.8005,-519.59094,,,,,,,AISpawnerConfigSet'DA_AISpawner_Workers',
SceneComponent,BP_AISpawner_C,BP_AISpawner_C_UAID_04D9F5F93AD5AB4602_97971df2a4ca033d_1266346070,-35590.59,-27063.617,9454.1,,,,,,,AISpawnerConfigSet'DA_AISpawner_Military',
SceneComponent,BP_AISpawner_C,BP_AISpawner_C_UAID_04D9F5F93AD5AB4602_97971df2a4ca033d_1274014072,-35406.195,-26798.484,9001.641,,,,,,,AISpawnerConfigSet'DA_AISpawner_Military',
SceneComponent,BP_AISpawner_C,BP_AISpawner_C_UAID_04D9F5F93AD5AB4602_97971df2a4ca033d_1274020073,-36179.06,-26826.598,9001.641,,,,,,,AISpawnerConfigSet'DA_AISpawner_Military',
SceneComponent,BP_AISpawner_C,BP_AISpawner_C_UAID_04D9F5F93AD5AB4602_97971df2a4ca033d_1285215074,-36131.895,-26900.32,8529.15,,,,,,,AISpawnerConfigSet'DA_AISpawner_Military',
SceneComponent,BP_AISpawner_C,BP_AISpawner_C_UAID_04D9F5F93AD5AB4602_97971df2a4ca033d_1285221075,-35474.34,-26688.836,8529.15,,,,,,,AISpawnerConfigSet'DA_AISpawner_Military',
SceneComponent,BP_AISpawner_C,BP_AISpawner_C_UAID_04D9F5F93AD5AF5002_2fce2bbb89772178_1531014268,-57278.805,21056.646,-423.88547,,,,,,,AISpawnerConfigSet'DA_AISpawner_Peasants',
SceneComponent,BP_AISpawner_C,BP_AISpawner_C_UAID_04D9F5F93AD5AF5002_2fce2bbb89772178_1556798269,-56566.215,21256.885,-423.88547,,,,,,,AISpawnerConfigSet'DA_AISpawner_Peasants',
SceneComponent,BP_AISpawner_C,BP_AISpawner_C_UAID_04D9F5F93AD5AF5002_a83e5bb339f92cca_1531014268,-1612.0044,18958.83,-198.38922,,,,,,,AISpawnerConfigSet'DA_AISpawner_Peasants',
SceneComponent,BP_AISpawner_C,BP_AISpawner_C_UAID_04D9F5F93AD5AF5002_a83e5bb339f92cca_1556798269,-1565.1886,18220.125,-198.38922,,,,,,,AISpawnerConfigSet'DA_AISpawner_Peasants',
SceneComponent,BP_AISpawner_C,BP_AISpawner_C_UAID_04D9F5F93AD5B55B02_0af8d68b152618b4_1234287550,25401.66,-8855.459,1001.2156,,,,,,,AISpawnerConfigSet'DA_AISpawner_Military',
SceneComponent,BP_AISpawner_C,BP_AISpawner_C_UAID_04D9F5F93AD5B55B02_20e2b082a6cc054c_1234287550,24901.404,-9463.561,1001.2156,,,,,,,AISpawnerConfigSet'DA_AISpawner_Military',
SceneComponent,BP_AISpawner_C,BP_AISpawner_C_UAID_04D9F5F93AD5B94502_97971df2a4ca033d_1260081698,-35800.004,-26586.14,8103.3027,,,,,,,AISpawnerConfigSet'DA_AISpawner_Military',
SceneComponent,BP_AISpawner_C,BP_AISpawner_C_UAID_04D9F5F93AD5B94502_97971df2a4ca033d_1265044699,-36010.195,-27096.088,8103.3027,,,,,,,AISpawnerConfigSet'DA_AISpawner_Military',
SceneComponent,BP_AISpawner_C,BP_AISpawner_C_UAID_04D9F5F93AD5D95202_6bf7ed90f87edc78_1976241726,-7364.7764,-16364.609,4115.416,,,,,,,AISpawnerConfigSet'DA_AISpawner_Military',
SceneComponent,BP_AISpawner_C,BP_AISpawner_C_UAID_04D9F5F93AD5DE4602_d4266f8cc18702c5_1517521588,-12926.572,-36624.406,972.732,,,,,,,AISpawnerConfigSet'DA_AISpawner_Workers',
SceneComponent,BP_AISpawner_C,BP_AISpawner_C_UAID_04D9F5F93AD5DE4602_d4266f8cc18702c5_1520680589,-13753.673,-35708.996,973.0069,,,,,,,AISpawnerConfigSet'DA_AISpawner_Workers',
SceneComponent,BP_AISpawner_C,BP_AISpawner_C_UAID_04D9F5F93AD5DE4602_d4266f8cc18702c5_1523801590,-14628.681,-36194.31,972.7163,,,,,,,AISpawnerConfigSet'DA_AISpawner_Workers',
SceneComponent,BP_AISpawner_C,BP_AISpawner_C_UAID_04D9F5F93AD5DE4602_d4266f8cc18702c5_1529274591,-15250.986,-36580.047,971.9412,,,,,,,AISpawnerConfigSet'DA_AISpawner_Workers',
SceneComponent,BP_AISpawner_C,BP_AISpawner_C_UAID_04D9F5F93AD5DE4602_d4266f8cc18702c5_1538776592,-13859.464,-36248.465,974.00946,,,,,,,AISpawnerConfigSet'DA_AISpawner_Workers',
SceneComponent,BP_AISpawner_C,BP_AISpawner_C_UAID_04D9F5F93AD5EC5202_85bb18fbbf27a88e_1763819419,-27547.414,-6956.068,1837.6218,,,,,,,AISpawnerConfigSet'DA_AISpawner_Peasants',
SceneComponent,BP_AISpawner_C,BP_AISpawner_C_UAID_04D9F5F93AD5EC5C02_09b253a8aea41573_1858466244,36324.56,-14999.989,-100.27477,,,,,,,AISpawnerConfigSet'DA_AISpawner_Military',
SceneComponent,BP_AISpawner_C,BP_AISpawner_C_UAID_04D9F5F93AD5EC5C02_09b253a8aea41573_1865891245,35857.75,-15674.148,-100.27477,,,,,,,AISpawnerConfigSet'DA_AISpawner_Military',
SceneComponent,BP_AISpawner_C,BP_AISpawner_C_UAID_04D9F5F93AD5EC5C02_09b253a8aea41573_1888773246,35405.17,-16327.754,-100.27477,,,,,,,AISpawnerConfigSet'DA_AISpawner_Military',
SceneComponent,BP_AISpawner_C,BP_AISpawner_C_UAID_04D9F5F93AD5EC5C02_0d3d88d307a018df_1858466244,36112.617,-10316.325,-100.27477,,,,,,,AISpawnerConfigSet'DA_AISpawner_Military',
SceneComponent,BP_AISpawner_C,BP_AISpawner_C_UAID_04D9F5F93AD5EC5C02_0d3d88d307a018df_1865891245,36579.426,-9642.166,-100.27477,,,,,,,AISpawnerConfigSet'DA_AISpawner_Military',
SceneComponent,BP_AISpawner_C,BP_AISpawner_C_UAID_04D9F5F93AD5EC5C02_0d3d88d307a018df_1888773246,37153.547,-8813.024,-100.27477,,,,,,,AISpawnerConfigSet'DA_AISpawner_Military',
SceneComponent,BP_AISpawner_C,BP_AISpawner_C_UAID_04D9F5F93AD5EC5C02_0ee7a365402e2b65_1858466244,34024.562,-13407.407,-100.27477,,,,,,,AISpawnerConfigSet'DA_AISpawner_Military',
SceneComponent,BP_AISpawner_C,BP_AISpawner_C_UAID_04D9F5F93AD5EC5C02_0ee7a365402e2b65_1865891245,33557.758,-14081.566,-100.27477,,,,,,,AISpawnerConfigSet'DA_AISpawner_Military',
SceneComponent,BP_AISpawner_C,BP_AISpawner_C_UAID_04D9F5F93AD5EC5C02_0ee7a365402e2b65_1888773246,32995.97,-14892.894,-100.27477,,,,,,,AISpawnerConfigSet'DA_AISpawner_Military',
SceneComponent,BP_AISpawner_C,BP_AISpawner_C_UAID_04D9F5F93AD5EC5C02_6dfd51d988941e94_1858466244,38408.87,-11906.318,-100.27477,,,,,,,AISpawnerConfigSet'DA_AISpawner_Military',
SceneComponent,BP_AISpawner_C,BP_AISpawner_C_UAID_04D9F5F93AD5EC5C02_6dfd51d988941e94_1865891245,38875.676,-11232.159,-100.27477,,,,,,,AISpawnerConfigSet'DA_AISpawner_Military',
SceneComponent,BP_AISpawner_C,BP_AISpawner_C_UAID_04D9F5F93AD5EC5C02_6dfd51d988941e94_1888773246,39328.254,-10578.554,-100.27477,,,,,,,AISpawnerConfigSet'DA_AISpawner_Military',
SceneComponent,BP_AISpawner_C,BP_AISpawner_C_UAID_04D9F5F93AD5EC5C02_7b0b2d09dbcdc51c_1858466244,33813.08,-8724.057,-100.27477,,,,,,,AISpawnerConfigSet'DA_AISpawner_Military',
SceneComponent,BP_AISpawner_C,BP_AISpawner_C_UAID_04D9F5F93AD5EC5C02_7b0b2d09dbcdc51c_1865891245,34279.887,-8049.897,-100.27477,,,,,,,AISpawnerConfigSet'DA_AISpawner_Military',
SceneComponent,BP_AISpawner_C,BP_AISpawner_C_UAID_04D9F5F93AD5EC5C02_7b0b2d09dbcdc51c_1888773246,34732.46,-7396.2915,-100.27477,,,,,,,AISpawnerConfigSet'DA_AISpawner_Military',
SceneComponent,BP_AISpawner_C,BP_AISpawner_C_UAID_04D9F5F93AD5EC5C02_aa00791f1230a3b5_1865891245,36364.773,-8219.191,-100.14372,,,,,,,AISpawnerConfigSet'DA_AISpawner_Military',
SceneComponent,BP_AISpawner_C,BP_AISpawner_C_UAID_04D9F5F93AD5EC5C02_aa00791f1230a3b5_1888773246,35711.168,-7766.6157,-100.14372,,,,,,,AISpawnerConfigSet'DA_AISpawner_Military',
SceneComponent,BP_AISpawner_C,BP_AISpawner_C_UAID_04D9F5F93AD5EC5C02_b70ca0ae9df1c85d_1865891245,38688.586,-9781.677,-100.14372,,,,,,,AISpawnerConfigSet'DA_AISpawner_Military',
SceneComponent,BP_AISpawner_C,BP_AISpawner_C_UAID_04D9F5F93AD5EC5C02_b70ca0ae9df1c85d_1888773246,38034.98,-9329.101,-100.14372,,,,,,,AISpawnerConfigSet'DA_AISpawner_Military',
SceneComponent,BP_AISpawner_C,BP_AISpawner_C_UAID_04D9F5F93AD5EC5C02_e28dd75b0dfb6fe0_1858466244,32755.3,-14908.313,-100.14372,,,,,,,AISpawnerConfigSet'DA_AISpawner_Military',
SceneComponent,BP_AISpawner_C,BP_AISpawner_C_UAID_04D9F5F93AD5EC5C02_e28dd75b0dfb6fe0_1865891245,32081.14,-14441.506,-100.14372,,,,,,,AISpawnerConfigSet'DA_AISpawner_Military',
SceneComponent,BP_AISpawner_C,BP_AISpawner_C_UAID_04D9F5F93AD5EC5C02_e28dd75b0dfb6fe0_1888773246,31427.535,-13988.931,-100.14372,,,,,,,AISpawnerConfigSet'DA_AISpawner_Military',
SceneComponent,BP_AISpawner_C,BP_AISpawner_C_UAID_04D9F5F93AD5F39802_0af8d68b152618b4_1577317374,27197.791,-6118.427,977.00946,,,,,,,AISpawnerConfigSet'DA_AISpawner_Military',
SceneComponent,BP_AISpawner_C,BP_AISpawner_C_UAID_04D9F5F93AD5F39802_0af8d68b152618b4_1585916375,28099.873,-4882.065,781.0862,,,,,,,AISpawnerConfigSet'DA_AISpawner_Military',
SceneComponent,BP_AISpawner_C,BP_AISpawner_C_UAID_04D9F5F93AD5F39802_0af8d68b152618b4_1593168376,29387.453,-5694.3135,577.18976,,,,,,,AISpawnerConfigSet'DA_AISpawner_Military',
SceneComponent,BP_AISpawner_C,BP_AISpawner_C_UAID_04D9F5F93AD5F44B02_25c38f96bd642657_1673767766,-26734.834,-7903.5254,2160.228,,,,,,,AISpawnerConfigSet'DA_AISpawner_Civilian',
SceneComponent,BP_AISpawner_C,BP_AISpawner_C_UAID_04D9F5F93AD5F44B02_25c38f96bd642657_1832342801,-27132.47,-8058.3516,1822.0463,,,,,,,AISpawnerConfigSet'DA_AISpawner_Civilian',
SceneComponent,BP_AISpawner_C,BP_AISpawner_C_UAID_04D9F5F93AD5F44B02_613646c311d01d8e_1673767766,-27676.816,-11289.478,2163.454,,,,,,,AISpawnerConfigSet'DA_AISpawner_Civilian',
SceneComponent,BP_AISpawner_C,BP_AISpawner_C_UAID_04D9F5F93AD5FE3F02_7895f44951635563_1520996058,-47660.617,-9765.115,3023.3433,,,,,,,AISpawnerConfigSet'DA_AISpawner_Peasants',
SceneComponent,BP_AISpawner_C,BP_AISpawner_C_UAID_04D9F5F93AD5FE3F02_9fac250d5149b043_1557280095,-15615.549,21854.682,-235.44511,,,,,,,AISpawnerConfigSet'DA_AISpawner_Peasants',
SceneComponent,BP_AISpawner_C,BP_AISpawner_C_UAID_04D9F5F93AD5FE3F02_bda10b7c50163ff5_1557280095,-17177.201,19360.482,-237.98276,,,,,,,AISpawnerConfigSet'DA_AISpawner_Peasants',
SceneComponent,BP_AISpawner_C,BP_AISpawner_C_UAID_581CF8B72315DCD602_79f9a36b537b5426_1471507007,33553.773,-15424.778,-100.14373,,,,,,,AISpawnerConfigSet'DA_AISpawner_Military',
SceneComponent,BP_AISpawner_C,BP_AISpawner_C_UAID_581CF8B72315DCD602_79f9a36b537b5426_1471508008,34567.383,-16124.666,-100.14373,,,,,,,AISpawnerConfigSet'DA_AISpawner_Military',
SceneComponent,BP_AISpawner_C,BP_AISpawner_C_UAID_581CF8B72315F4D502_a9a338b10a444bbb_2062129835,30798.104,-13086.945,-32.64175,,,,,,,AISpawnerConfigSet'DA_AISpawner_Waifs',
SceneComponent,BP_AISpawner_C,BP_AISpawner_C_UAID_581CF8D81CD7447802_37bd26559c49d275_1624449524,-4530.1567,-15003.018,1897.1398,,,,,,,AISpawnerConfigSet'DA_AISpawner_Miniboss',
SceneComponent,BP_AISpawner_C,BP_AISpawner_C_UAID_9C6B002263F77D3802_1533816653,-21706.21,25114.146,-138.47394,,,,,,,AISpawnerConfigSet'DA_AISpawner_Peasants',
SceneComponent,BP_AISpawner_C,BP_AISpawner_C_UAID_9C6B002263F77D3802_1533834670,-21442.648,24294.023,-205.06259,,,,,,,AISpawnerConfigSet'DA_AISpawner_Peasants',
SceneComponent,BP_AISpawner_C,BP_AISpawner_C_UAID_9C6B002263F77D3802_1533853689,-22168.941,24173.443,-199.5357,,,,,,,AISpawnerConfigSet'DA_AISpawner_Peasants',
SceneComponent,BP_AISpawner_C,BP_AISpawner_C_UAID_9C6B002263F77D3802_1533859696,9103.401,7607.0938,589.8499,,,,,,,AISpawnerConfigSet'DA_AISpawner_Peasants',
SceneComponent,BP_AISpawner_C,BP_AISpawner_C_UAID_9C6B002263F77D3802_1533868706,-22936.19,30361.562,455.03494,,,,,,,AISpawnerConfigSet'DA_AISpawner_Peasants',
SceneComponent,BP_AISpawner_C,BP_AISpawner_C_UAID_9C6B002263F77D3802_1533878714,-7396.6294,35876.23,-237.79582,,,,,,,AISpawnerConfigSet'DA_AISpawner_Peasants',
SceneComponent,BP_AISpawner_C,BP_AISpawner_C_UAID_9C6B002263F77D3802_1533884721,-21112.717,26265.13,-78.04368,,,,,,,AISpawnerConfigSet'DA_AISpawner_Peasants',
SceneComponent,BP_AISpawner_C,BP_AISpawner_C_UAID_D843AE1A93E59CC002_29c4ea76462ed633_1552242266,-28586.055,21722.014,-295.4022,,,,,,,AISpawnerConfigSet'DA_AISpawner_DregPhysician',
SceneComponent,BP_AISpawner_C,BP_AISpawner_C_UAID_D843AE1A93E59CC002_29c4ea76462ed633_1562519291,-29425.99,21904.531,-295.4022,,,,,,,AISpawnerConfigSet'DA_AISpawner_MilitaryInfirmary',
SceneComponent,BP_AISpawner_C,BP_AISpawner_C_UAID_D843AE1A93E59CC002_29c4ea76462ed633_1566744316,-30717.857,23143.285,-295.4022,,,,,,,AISpawnerConfigSet'DA_AISpawner_MilitaryInfirmary',
SceneComponent,BP_AISpawner_C,BP_AISpawner_C_UAID_D843AE1A93E59CC002_29c4ea76462ed633_1588602353,-31916.588,20747.506,-295.4022,,,,,,,AISpawnerConfigSet'DA_AISpawner_MilitaryInfirmary',
SceneComponent,BP_AISpawner_C,BP_AISpawner_C_UAID_D843AE1A93E59CC002_29c4ea76462ed633_1593031378,-30357.336,20225.904,-295.4022,,,,,,,AISpawnerConfigSet'DA_AISpawner_MilitaryInfirmary',
SceneComponent,BP_AISpawner_C,BP_AISpawner_C_UAID_D843AE1A93E59CC002_29c4ea76462ed633_1609133403,-30035.707,21187.367,-295.4022,,,,,,,AISpawnerConfigSet'DA_AISpawner_MilitaryInfirmary',
SceneComponent,BP_AISpawner_C,BP_AISpawner_C_UAID_D843AE1A93E59CC002_29c4ea76462ed633_1680002440,-32420.71,22236.094,-295.4022,,,,,,,AISpawnerConfigSet'DA_AISpawner_MilitaryInfirmary',
SceneComponent,BP_AISpawner_C,BP_AISpawner_C_afe4a3bbeb7c2068_13,3390.2388,-12978.034,1484.7615,,,,,,,AISpawnerConfigSet'DA_AISpawner_Civilian',
SceneComponent,BP_AISpawner_C,BP_AISpawner_C_afe4a3bbeb7c2068_14,3523.7983,-13134.31,1809.0116,,,,,,,AISpawnerConfigSet'DA_AISpawner_Civilian',
SceneComponent,BP_AISpawner_C,BP_AISpawner_C_afe4a3bbeb7c2068_15,3945.2896,-12927.343,1807.9585,,,,,,,AISpawnerConfigSet'DA_AISpawner_Civilian',
SceneComponent,BP_AISpawner_C,BP_AISpawner_C_afe4a3bbeb7c2068_17,4149.9233,-12578.964,957.9079,,,,,,,AISpawnerConfigSet'DA_AISpawner_Civilian',
SceneComponent,BP_AISpawner_C,BP_AISpawner_C_afe4a3bbeb7c2068_21,4825.794,-11675.107,1494.7483,,,,,,,AISpawnerConfigSet'DA_AISpawner_Civilian',
SceneComponent,BP_AISpawner_C,BP_AISpawner_C_afe4a3bbeb7c2068_22,3218.6213,-11430.506,1450.1691,,,,,,,AISpawnerConfigSet'DA_AISpawner_Civilian',
SceneComponent,BP_AISpawner_C,BP_AISpawner_C_afe4a3bbeb7c2068_24,3747.1711,-11559.297,1456.6064,,,,,,,AISpawnerConfigSet'DA_AISpawner_Civilian',
SceneComponent,BP_AISpawner_C,BP_AISpawner_C_afe4a3bbeb7c2068_25,4460.3916,-10559.714,1476.0665,,,,,,,AISpawnerConfigSet'DA_AISpawner_Civilian',
SceneComponent,BP_AISpawner_C,BP_AISpawner_C_afe4a3bbeb7c2068_26,4262.6196,-12634.339,1483.2767,,,,,,,AISpawnerConfigSet'DA_AISpawner_Civilian',
SceneComponent,BP_AISpawner_C,BP_AISpawner_C_afe4a3bbeb7c2068_28,4264.8135,-10729.104,1484.2445,,,,,,,AISpawnerConfigSet'DA_AISpawner_Civilian',
SceneComponent,BP_AISpawner_C,UNP_BP_AISpawner1_0152a6d4152e1e50_1,-64245.457,-1673.4122,1731.4897,,,,,,,AISpawnerConfigSet'DA_AISpawner_Peasants',
SceneComponent,BP_AISpawner_C,UNP_BP_AISpawner1_04efd090dd5a393f_1,-23812.07,38063.355,664.242,,,,,,,AISpawnerConfigSet'DA_AISpawner_Peasants',
SceneComponent,BP_AISpawner_C,UNP_BP_AISpawner1_0bbdd86c1f74f9f6_1,-19514.967,-19088.365,1823.7479,,,,,,,AISpawnerConfigSet'DA_AISpawner_Peasants',
SceneComponent,BP_AISpawner_C,UNP_BP_AISpawner1_1269a2340174aaa3_0,-62885.16,-13967.427,1624.4304,,,,,,,AISpawnerConfigSet'DA_AISpawner_Peasants',
SceneComponent,BP_AISpawner_C,UNP_BP_AISpawner1_1466ae8ec43e27f1_1,15.5049095,-27068.283,-573.4631,,,,,,,AISpawnerConfigSet'DA_AISpawner_Peasants',
SceneComponent,BP_AISpawner_C,UNP_BP_AISpawner1_200fe159653a847b_0,-62162.23,-17111.904,1645.7166,,,,,,,AISpawnerConfigSet'DA_AISpawner_Peasants',
SceneComponent,BP_AISpawner_C,UNP_BP_AISpawner1_25ca5e96655365b7_0,-62796.74,-15207.988,1624.4304,,,,,,,AISpawnerConfigSet'DA_AISpawner_Peasants',
SceneComponent,BP_AISpawner_C,UNP_BP_AISpawner1_2d71cfae02a1eb4f_1,21492.975,-7249.3467,1217.0201,,,,,,,AISpawnerConfigSet'DA_AISpawner_Peasants',
SceneComponent,BP_AISpawner_C,UNP_BP_AISpawner1_32787930e307ffa0_0,32221.39,-4268.836,615.21075,,,,,,,AISpawnerConfigSet'DA_AISpawner_Peasants',
SceneComponent,BP_AISpawner_C,UNP_BP_AISpawner1_34103052c501f18e_0,12209.074,20314.385,1028.9891,,,,,,,AISpawnerConfigSet'DA_AISpawner_Peasants',
SceneComponent,BP_AISpawner_C,UNP_BP_AISpawner1_47ebfb098dd31df7_1,-58898.086,-5666.116,2013.073,,,,,,,AISpawnerConfigSet'DA_AISpawner_Peasants',
SceneComponent,BP_AISpawner_C,UNP_BP_AISpawner1_4c0740ed445982b4_1,-15332.647,-11092.404,1156.6483,,,,,,,AISpawnerConfigSet'DA_AISpawner_Peasants',
SceneComponent,BP_AISpawner_C,UNP_BP_AISpawner1_4f36605deaaf1c91_1,-7430.9004,18631.803,-74.51297,,,,,,,AISpawnerConfigSet'DA_AISpawner_Peasants',
SceneComponent,BP_AISpawner_C,UNP_BP_AISpawner1_5a5767cc339294e0_4,40779.637,-13599.587,-27.990253,,,,,,,AISpawnerConfigSet'DA_AISpawner_Peasants',
SceneComponent,BP_AISpawner_C,UNP_BP_AISpawner1_643191a2278730e7_0,22294.615,-4594.3706,568.509,,,,,,,AISpawnerConfigSet'DA_AISpawner_Military',
SceneComponent,BP_AISpawner_C,UNP_BP_AISpawner1_643191a2278730e7_1,25067.123,-4581.557,1017.64966,,,,,,,AISpawnerConfigSet'DA_AISpawner_Peasants',
SceneComponent,BP_AISpawner_C,UNP_BP_AISpawner1_643191a2278730e7_3,20061.52,-2632.0798,655.39233,,,,,,,AISpawnerConfigSet'DA_AISpawner_Peasants',
SceneComponent,BP_AISpawner_C,UNP_BP_AISpawner1_6984ed3ba0e8bf47_1,12437.757,-14932.541,2069.1724,,,,,,,AISpawnerConfigSet'DA_AISpawner_Peasants',
SceneComponent,BP_AISpawner_C,UNP_BP_AISpawner1_6aa29054035e3474_0,23613.922,-11159.436,814.05365,,,,,,,AISpawnerConfigSet'DA_AISpawner_Peasants',
SceneComponent,BP_AISpawner_C,UNP_BP_AISpawner1_7452f14d53d824c3_1,25494.963,-14035.303,2469.4258,,,,,,,AISpawnerConfigSet'DA_AISpawner_Peasants',
SceneComponent,BP_AISpawner_C,UNP_BP_AISpawner1_7bc00f6ec963c845_1,21013.09,-9038.026,2450.319,,,,,,,AISpawnerConfigSet'DA_AISpawner_Peasants',
SceneComponent,BP_AISpawner_C,UNP_BP_AISpawner1_86279adec2ec3b27_1,-15533.931,18358.28,-613.625,,,,,,,AISpawnerConfigSet'DA_AISpawner_Workers',
SceneComponent,BP_AISpawner_C,UNP_BP_AISpawner1_UAID_00FF8EFC2BEF728B02_86279adec2ec3b27_1287287447,-15385.198,18547.729,-613.625,,,,,,,AISpawnerConfigSet'DA_AISpawner_Workers',
SceneComponent,BP_AISpawner_C,UNP_BP_AISpawner1_UAID_00FF8EFC2BEF728B02_86279adec2ec3b27_1290207448,-15467.387,18777.191,-613.625,,,,,,,AISpawnerConfigSet'DA_AISpawner_Workers',
SceneComponent,BP_AISpawner_C,UNP_BP_AISpawner1_UAID_0468748824943B9B02_5f70c77cbc927b1f_1752697284,-43243.617,32875.484,940.5769,,,,,,,AISpawnerConfigSet'DA_AISpawner_Military',
SceneComponent,BP_AISpawner_C,UNP_BP_AISpawner1_UAID_0468748824943B9B02_5f70c77cbc927b1f_1753017301,-46053.527,33187.465,1455.7344,,,,,,,AISpawnerConfigSet'DA_AISpawner_Military',
SceneComponent,BP_AISpawner_C,UNP_BP_AISpawner1_UAID_0468748824943B9B02_5f70c77cbc927b1f_1754351362,-43316.453,33968.105,957.0094,,,,,,,AISpawnerConfigSet'DA_AISpawner_Military',
SceneComponent,BP_AISpawner_C,UNP_BP_AISpawner1_UAID_0468748824943B9B02_5f70c77cbc927b1f_1761679320,-43173.1,33344.355,1390.5499,,,,,,,AISpawnerConfigSet'DA_AISpawner_Military',
SceneComponent,BP_AISpawner_C,UNP_BP_AISpawner1_UAID_0468748824943B9B02_ee048d778535517c_1752697284,-26436.307,17512.47,-651.12805,,,,,,,AISpawnerConfigSet'DA_AISpawner_Military',
SceneComponent,BP_AISpawner_C,UNP_BP_AISpawner1_UAID_0468748824943B9B02_ee048d778535517c_1753017301,-26848.758,14715.546,-135.97054,,,,,,,AISpawnerConfigSet'DA_AISpawner_Military',
SceneComponent,BP_AISpawner_C,UNP_BP_AISpawner1_UAID_0468748824943B9B02_ee048d778535517c_1754351362,-27530.838,17478.828,-634.6955,,,,,,,AISpawnerConfigSet'DA_AISpawner_Military',
SceneComponent,BP_AISpawner_C,UNP_BP_AISpawner1_UAID_0468748824943B9B02_ee048d778535517c_1761679320,-26902.35,17599.74,-201.15501,,,,,,,AISpawnerConfigSet'DA_AISpawner_Military',
SceneComponent,BP_AISpawner_C,UNP_BP_AISpawner1_UAID_0468748824943F9B02_25a8e10f80183f94_1308685768,-34271.445,34949.76,1179.6619,,,,,,,AISpawnerConfigSet'DA_AISpawner_Peasants',
SceneComponent,BP_AISpawner_C,UNP_BP_AISpawner1_UAID_046874882494449B02_566cfd8f809d947c_1510155401,7433.8643,-19697.986,192.62625,,,,,,,AISpawnerConfigSet'DA_AISpawner_Military',
SceneComponent,BP_AISpawner_C,UNP_BP_AISpawner1_UAID_046874882494449B02_566cfd8f809d947c_1513164009,8801.251,-21802.697,129.58678,,,,,,,AISpawnerConfigSet'DA_AISpawner_Military',
SceneComponent,BP_AISpawner_C,UNP_BP_AISpawner1_UAID_046874882494449B02_566cfd8f809d947c_1513983190,8517.256,-21132.602,-335.45032,,,,,,,AISpawnerConfigSet'DA_AISpawner_Military',
SceneComponent,BP_AISpawner_C,UNP_BP_AISpawner1_UAID_046874882494459902_f3f59c752bd0a4d9_1433334296,-59519.17,9262.603,569.9444,,,,,,,AISpawnerConfigSet'DA_AISpawner_Peasants',
SceneComponent,BP_AISpawner_C,UNP_BP_AISpawner1_UAID_0468748824944E8902_1c556f47455d4841_1129883564,-5239.358,5127.186,-678.62695,,,,,,,AISpawnerConfigSet'DA_AISpawner_Workers',
SceneComponent,BP_AISpawner_C,UNP_BP_AISpawner1_UAID_046874882494977D02_f5f3745e62dd497c_1267377325,-66790.414,-3631.6758,1793.6467,,,,,,,AISpawnerConfigSet'DA_AISpawner_Military',
SceneComponent,BP_AISpawner_C,UNP_BP_AISpawner1_UAID_046874882494A69E02_bd0f96a5981d5c04_1172253603,-38399.867,12336.455,-666.0137,,,,,,,AISpawnerConfigSet'DA_AISpawner_Peasants',
SceneComponent,BP_AISpawner_C,UNP_BP_AISpawner1_UAID_046874882494A69E02_bd0f96a5981d5c04_1172259615,-41271.324,10845.807,-687.2181,,,,,,,AISpawnerConfigSet'DA_AISpawner_Peasants',
SceneComponent,BP_AISpawner_C,UNP_BP_AISpawner1_UAID_046874882494A69E02_bd0f96a5981d5c04_1172264627,-42251.78,14159.892,-688.8696,,,,,,,AISpawnerConfigSet'DA_AISpawner_Peasants',
SceneComponent,BP_AISpawner_C,UNP_BP_AISpawner1_UAID_046874882494A69E02_bd0f96a5981d5c04_1172271639,-36044.57,14479.813,-590.26196,,,,,,,AISpawnerConfigSet'DA_AISpawner_Military',
SceneComponent,BP_AISpawner_C,UNP_BP_AISpawner1_UAID_046874882494A69E02_bd0f96a5981d5c04_1172277651,-35274.465,11537.235,-363.63846,,,,,,,AISpawnerConfigSet'DA_AISpawner_Peasants',
SceneComponent,BP_AISpawner_C,UNP_BP_AISpawner1_UAID_046874882494FB9802_8c02e6579b800a74_1080499663,-13245.415,30479.406,-560.4669,,,,,,,AISpawnerConfigSet'DA_AISpawner_Peasants',
SceneComponent,BP_AISpawner_C,UNP_BP_AISpawner1_UAID_18C04DA8201B437902_1955f5d21cbe47a4_1437672230,23234.5,7289.274,2442.5576,,,,,,,AISpawnerConfigSet'DA_AISpawner_Mobs',
SceneComponent,BP_AISpawner_C,UNP_BP_AISpawner1_UAID_D843AE1A93E5282D02_01d97e21be7d6cbc_1715930627,-16870.332,-22243.748,1813.5828,,,,,,,AISpawnerConfigSet'DA_AISpawner_Peasants',
SceneComponent,BP_AISpawner_C,UNP_BP_AISpawner1_UAID_D843AE1A93E5282D02_105e36e63df75a11_1715930627,21918.312,-8135.7715,2441.6487,,,,,,,AISpawnerConfigSet'DA_AISpawner_Peasants',
SceneComponent,BP_AISpawner_C,UNP_BP_AISpawner1_UAID_D843AE1A93E5282D02_157de0d512dcf7f7_1715930627,-14710.406,-17077.703,1075.1162,,,,,,,AISpawnerConfigSet'DA_AISpawner_Peasants',
SceneComponent,BP_AISpawner_C,UNP_BP_AISpawner1_UAID_D843AE1A93E5282D02_3334af38d652329d_1715930627,-2584.32,-21712.947,-522.12335,,,,,,,AISpawnerConfigSet'DA_AISpawner_Peasants',
SceneComponent,BP_AISpawner_C,UNP_BP_AISpawner1_UAID_D843AE1A93E5282D02_4432c52a23700f75_1715930627,-55139.453,24890.234,513.57715,,,,,,,AISpawnerConfigSet'DA_AISpawner_Peasants',
SceneComponent,BP_AISpawner_C,UNP_BP_AISpawner1_UAID_D843AE1A93E5282D02_4b3a75f6c02ae43c_1715930627,2265.0933,16557.05,-161.92357,,,,,,,AISpawnerConfigSet'DA_AISpawner_Peasants',
SceneComponent,BP_AISpawner_C,UNP_BP_AISpawner1_UAID_D843AE1A93E5282D02_4b7ed1faf8da75ed_1715930627,6669.9297,16568.553,-28.538065,,,,,,,AISpawnerConfigSet'DA_AISpawner_Peasants',
SceneComponent,BP_AISpawner_C,UNP_BP_AISpawner1_UAID_D843AE1A93E5282D02_52bc9bce1656c1f0_1715930627,-21227.74,-14604.508,1913.2167,,,,,,,AISpawnerConfigSet'DA_AISpawner_Peasants',
SceneComponent,BP_AISpawner_C,UNP_BP_AISpawner1_UAID_D843AE1A93E5282D02_551f0f11fbf40985_1715930627,-46594.46,-4478.196,2998.258,,,,,,,AISpawnerConfigSet'DA_AISpawner_Peasants',
SceneComponent,BP_AISpawner_C,UNP_BP_AISpawner1_UAID_D843AE1A93E5282D02_57c2143040938786_1715930627,24494.06,-19295.416,1436.8666,,,,,,,AISpawnerConfigSet'DA_AISpawner_Peasants',
SceneComponent,BP_AISpawner_C,UNP_BP_AISpawner1_UAID_D843AE1A93E5282D02_58f62d7e848515ca_1715930627,-19342.094,-18517.193,1811.7935,,,,,,,AISpawnerConfigSet'DA_AISpawner_Peasants',
SceneComponent,BP_AISpawner_C,UNP_BP_AISpawner1_UAID_D843AE1A93E5282D02_5bcfd5ade251acc6_1715930627,-12207.839,-18259.803,292.38348,,,,,,,AISpawnerConfigSet'DA_AISpawner_Peasants',
SceneComponent,BP_AISpawner_C,UNP_BP_AISpawner1_UAID_D843AE1A93E5282D02_736987ef0083d90b_1715930627,-16286.927,-16003.9,1327.5728,,,,,,,AISpawnerConfigSet'DA_AISpawner_Peasants',
SceneComponent,BP_AISpawner_C,UNP_BP_AISpawner1_UAID_D843AE1A93E5282D02_76921dd1d9f6885f_1715930627,19569.49,15414.46,1902.1476,,,,,,,AISpawnerConfigSet'DA_AISpawner_Peasants',
SceneComponent,BP_AISpawner_C,UNP_BP_AISpawner1_UAID_D843AE1A93E5282D02_79a26a4ec86d4b86_1715930627,-671.6372,26167.982,184.61792,,,,,,,AISpawnerConfigSet'DA_AISpawner_Peasants',
SceneComponent,BP_AISpawner_C,UNP_BP_AISpawner1_UAID_D843AE1A93E5282D02_930fd382332c0260_1715930627,-2972.0364,24961.195,-189.95804,,,,,,,AISpawnerConfigSet'DA_AISpawner_Peasants',
SceneComponent,BP_AISpawner_C,UNP_BP_AISpawner1_UAID_D843AE1A93E5282D02_996f624db6fee3d1_1715930627,-25509.893,22112.293,-233.19281,,,,,,,AISpawnerConfigSet'DA_AISpawner_Peasants',
SceneComponent,BP_AISpawner_C,UNP_BP_AISpawner1_UAID_D843AE1A93E5282D02_bed23d4517c05ec4_1715930627,-17438.602,-2567.999,858.5777,,,,,,,AISpawnerConfigSet'DA_AISpawner_Peasants',
SceneComponent,BP_AISpawner_C,UNP_BP_AISpawner1_UAID_D843AE1A93E5282D02_c27b86af85e24857_1715930627,14820.477,-2783.2385,1749.1951,,,,,,,AISpawnerConfigSet'DA_AISpawner_Peasants',
SceneComponent,BP_AISpawner_C,UNP_BP_AISpawner1_UAID_D843AE1A93E5282D02_cc49a2bac2beee4c_1715930627,-4517.1074,11267.188,-125.77685,,,,,,,AISpawnerConfigSet'DA_AISpawner_Peasants',
SceneComponent,BP_AISpawner_C,UNP_BP_AISpawner1_UAID_D843AE1A93E5282D02_d81bd370f953deb5_1715930627,-21179.832,-1326.5134,1120.2506,,,,,,,AISpawnerConfigSet'DA_AISpawner_Peasants',
SceneComponent,BP_AISpawner_C,UNP_BP_AISpawner1_UAID_D843AE1A93E5282D02_e114023dbb226341_1715930627,3840.0662,-13399.818,1507.1088,,,,,,,AISpawnerConfigSet'DA_AISpawner_Peasants',
SceneComponent,BP_AISpawner_C,UNP_BP_AISpawner1_ab75eebd8e6104e7_1,-21884.436,12547.575,-17.887669,,,,,,,AISpawnerConfigSet'DA_AISpawner_Mobs_Rare',
SceneComponent,BP_AISpawner_C,UNP_BP_AISpawner1_b787c659fad3114a_1,9772.257,29954.064,1046.2797,,,,,,,AISpawnerConfigSet'DA_AISpawner_Peasants',
SceneComponent,BP_AISpawner_C,UNP_BP_AISpawner1_bac7a270072cbf77_1,-19261.695,657.5935,1091.4117,,,,,,,AISpawnerConfigSet'DA_AISpawner_Mobs_Rare',
SceneComponent,BP_AISpawner_C,UNP_BP_AISpawner1_d52d91af14afa8f4_1,41756.78,-11871.255,-27.997097,,,,,,,AISpawnerConfigSet'DA_AISpawner_Peasants',
SceneComponent,BP_AISpawner_C,UNP_BP_AISpawner1_e2ff3d6a2e99c6e4_1,-6327.4478,16987.193,-560.4669,,,,,,,AISpawnerConfigSet'DA_AISpawner_Peasants',
SceneComponent,BP_AISpawner_C,UNP_BP_AISpawner1_e52402bc25166cd3_1,-3591.2913,-37841.273,258.0017,,,,,,,AISpawnerConfigSet'DA_AISpawner_Peasants',
SceneComponent,BP_AISpawner_C,UNP_BP_AISpawner1_e98bd0678c45fec8_1,-21533.266,11026.402,196.2633,,,,,,,AISpawnerConfigSet'DA_AISpawner_Mobs_Rare',
SceneComponent,BP_AISpawner_C,UNP_BP_AISpawner1_f924a7753b3a5b43_0,-38991.145,-27728.945,6387.3784,,,,,,,AISpawnerConfigSet'DA_AISpawner_Peasants',
SceneComponent,BP_AISpawner_C,UNP_BP_AISpawner1_fa7bcc8dea0c77fa_4,38064.016,-16148.185,-27.990253,,,,,,,AISpawnerConfigSet'DA_AISpawner_Peasants',
SceneComponent,BP_AISpawner_C,UNP_BP_AISpawner1_fc8c0294abca7aab_0,25759.156,-12760.701,662.15063,,,,,,,AISpawnerConfigSet'DA_AISpawner_Peasants',
SceneComponent,BP_AISpawner_C,UNP_BP_AISpawner2_04efd090dd5a393f_2,-24282.004,37563.32,659.1534,,,,,,,AISpawnerConfigSet'DA_AISpawner_Peasants',
SceneComponent,BP_AISpawner_C,UNP_BP_AISpawner2_32787930e307ffa0_0,32613.924,-4732.02,641.0193,,,,,,,AISpawnerConfigSet'DA_AISpawner_Peasants',
SceneComponent,BP_AISpawner_C,UNP_BP_AISpawner2_34103052c501f18e_2,12706.378,19708.404,1014.25916,,,,,,,AISpawnerConfigSet'DA_AISpawner_Peasants',
SceneComponent,BP_AISpawner_C,UNP_BP_AISpawner2_47ebfb098dd31df7_2,-59132.63,-6292.765,2024.4293,,,,,,,AISpawnerConfigSet'DA_AISpawner_Peasants',
SceneComponent,BP_AISpawner_C,UNP_BP_AISpawner2_4c0740ed445982b4_2,-15430.839,-12237.144,1158.0359,,,,,,,AISpawnerConfigSet'DA_AISpawner_Peasants',
SceneComponent,BP_AISpawner_C,UNP_BP_AISpawner2_4f36605deaaf1c91_2,-6303.1777,18483.338,-124.51297,,,,,,,AISpawnerConfigSet'DA_AISpawner_Peasants',
SceneComponent,BP_AISpawner_C,UNP_BP_AISpawner2_5a5767cc339294e0_1,40361.53,-12550.638,-27.990253,,,,,,,AISpawnerConfigSet'DA_AISpawner_Peasants',
SceneComponent,BP_AISpawner_C,UNP_BP_AISpawner2_6aa29054035e3474_0,26355.393,-12623.337,648.5959,,,,,,,AISpawnerConfigSet'DA_AISpawner_Peasants',
SceneComponent,BP_AISpawner_C,UNP_BP_AISpawner2_7452f14d53d824c3_2,26080.604,-13842.963,2468.1033,,,,,,,AISpawnerConfigSet'DA_AISpawner_Peasants',
SceneComponent,BP_AISpawner_C,UNP_BP_AISpawner2_86279adec2ec3b27_2,-14991.721,18779.254,-613.625,,,,,,,AISpawnerConfigSet'DA_AISpawner_Workers',
SceneComponent,BP_AISpawner_C,UNP_BP_AISpawner2_UAID_0468748824943F9B02_25a8e10f80183f94_1308693779,-36453.633,36150.633,1532.2786,,,,,,,AISpawnerConfigSet'DA_AISpawner_Peasants',
SceneComponent,BP_AISpawner_C,UNP_BP_AISpawner2_UAID_18C04DA8201B437902_1955f5d21cbe47a4_1437700250,22246.441,6934.216,2442.5576,,,,,,,AISpawnerConfigSet'DA_AISpawner_Mobs',
SceneComponent,BP_AISpawner_C,UNP_BP_AISpawner2_b155a0e4697d664a_1,-38526.42,-26355.252,6390.6064,,,,,,,AISpawnerConfigSet'DA_AISpawner_Peasants',
SceneComponent,BP_AISpawner_C,UNP_BP_AISpawner2_b787c659fad3114a_2,12226.758,29402.887,1046.2797,,,,,,,AISpawnerConfigSet'DA_AISpawner_Peasants',
SceneComponent,BP_AISpawner_C,UNP_BP_AISpawner2_e52402bc25166cd3_2,-4061.2913,-38341.273,260.34018,,,,,,,AISpawnerConfigSet'DA_AISpawner_Peasants',
SceneComponent,BP_AISpawner_C,UNP_BP_AISpawner2_fa7bcc8dea0c77fa_1,38482.125,-17197.133,-27.990253,,,,,,,AISpawnerConfigSet'DA_AISpawner_Peasants',
SceneComponent,BP_AISpawner_C,UNP_BP_AISpawner3_0152a6d4152e1e50_2,-63278.37,-2183.3406,1731.4897,,,,,,,AISpawnerConfigSet'DA_AISpawner_Peasants',
SceneComponent,BP_AISpawner_C,UNP_BP_AISpawner3_04efd090dd5a393f_3,-23682.1,37083.39,672.5703,,,,,,,AISpawnerConfigSet'DA_AISpawner_Peasants',
SceneComponent,BP_AISpawner_C,UNP_BP_AISpawner3_32787930e307ffa0_0,32357.855,-5762.3496,589.0476,,,,,,,AISpawnerConfigSet'DA_AISpawner_Peasants',
SceneComponent,BP_AISpawner_C,UNP_BP_AISpawner3_47ebfb098dd31df7_3,-59610.21,-6113.811,2035.5796,,,,,,,AISpawnerConfigSet'DA_AISpawner_Peasants',
SceneComponent,BP_AISpawner_C,UNP_BP_AISpawner3_4c0740ed445982b4_3,-16682.594,-12557.108,1156.6146,,,,,,,AISpawnerConfigSet'DA_AISpawner_Peasants',
SceneComponent,BP_AISpawner_C,UNP_BP_AISpawner3_4f36605deaaf1c91_3,-9778.376,19219.814,-104.51297,,,,,,,AISpawnerConfigSet'DA_AISpawner_Peasants',
SceneComponent,BP_AISpawner_C,UNP_BP_AISpawner3_5a5767cc339294e0_3,40723.28,-12954.445,-27.990255,,,,,,,AISpawnerConfigSet'DA_AISpawner_Peasants',
SceneComponent,BP_AISpawner_C,UNP_BP_AISpawner3_6aa29054035e3474_0,25798.834,-11612.789,587.8846,,,,,,,AISpawnerConfigSet'DA_AISpawner_Peasants',
SceneComponent,BP_AISpawner_C,UNP_BP_AISpawner3_7452f14d53d824c3_3,25962.893,-13164.475,2465.474,,,,,,,AISpawnerConfigSet'DA_AISpawner_Peasants',
SceneComponent,BP_AISpawner_C,UNP_BP_AISpawner3_86279adec2ec3b27_3,-14234.211,18379.963,-613.625,,,,,,,AISpawnerConfigSet'DA_AISpawner_Workers',
SceneComponent,BP_AISpawner_C,UNP_BP_AISpawner3_UAID_0468748824943B9B02_5f70c77cbc927b1f_1761676319,-44266.332,33356.01,1391.3204,,,,,,,AISpawnerConfigSet'DA_AISpawner_Military',
SceneComponent,BP_AISpawner_C,UNP_BP_AISpawner3_UAID_0468748824943B9B02_ee048d778535517c_1761676319,-26953.166,16507.63,-200.38452,,,,,,,AISpawnerConfigSet'DA_AISpawner_Military',
SceneComponent,BP_AISpawner_C,UNP_BP_AISpawner3_UAID_0468748824943F9B02_25a8e10f80183f94_1308711809,-34667.645,36413.05,1432.9084,,,,,,,AISpawnerConfigSet'DA_AISpawner_Peasants',
SceneComponent,BP_AISpawner_C,UNP_BP_AISpawner3_UAID_046874882494449B02_566cfd8f809d947c_1513196028,8238.75,-20867.193,129.58678,,,,,,,AISpawnerConfigSet'DA_AISpawner_Military',
SceneComponent,BP_AISpawner_C,UNP_BP_AISpawner3_UAID_04D9F5F93AD54A4102_4c0740ed445982b4_2094289003,-16085.701,-13149.589,1125.012,,,,,,,AISpawnerConfigSet'DA_AISpawner_Peasants',
SceneComponent,BP_AISpawner_C,UNP_BP_AISpawner3_UAID_04D9F5F93AD54A4102_4c0740ed445982b4_2105859004,-15820.496,-12763.173,1156.9547,,,,,,,AISpawnerConfigSet'DA_AISpawner_Peasants',
SceneComponent,BP_AISpawner_C,UNP_BP_AISpawner3_b155a0e4697d664a_2,-37465.527,-26314.564,6338.635,,,,,,,AISpawnerConfigSet'DA_AISpawner_Peasants',
SceneComponent,BP_AISpawner_C,UNP_BP_AISpawner3_b787c659fad3114a_3,10583.674,28648.723,1046.2797,,,,,,,AISpawnerConfigSet'DA_AISpawner_Peasants',
SceneComponent,BP_AISpawner_C,UNP_BP_AISpawner3_bdbb7e7b1f782033_0,-44314.098,-6386.1616,2925.8547,,,,,,,AISpawnerConfigSet'DA_AISpawner_Peasants',
SceneComponent,BP_AISpawner_C,UNP_BP_AISpawner3_e52402bc25166cd3_3,-3461.2913,-38821.273,268.26236,,,,,,,AISpawnerConfigSet'DA_AISpawner_Peasants',
SceneComponent,BP_AISpawner_C,UNP_BP_AISpawner3_fa7bcc8dea0c77fa_3,38120.375,-16793.324,-27.990255,,,,,,,AISpawnerConfigSet'DA_AISpawner_Peasants',
SceneComponent,BP_AISpawner_C,UNP_BP_AISpawner4_32787930e307ffa0_0,32918.32,-5048.246,589.76337,,,,,,,AISpawnerConfigSet'DA_AISpawner_Peasants',
SceneComponent,BP_AISpawner_C,UNP_BP_AISpawner4_4c0740ed445982b4_4,-14540.387,-11018.788,1145.6908,,,,,,,AISpawnerConfigSet'DA_AISpawner_Peasants',
SceneComponent,BP_AISpawner_C,UNP_BP_AISpawner4_4f36605deaaf1c91_4,-11204.322,19576.996,-184.51297,,,,,,,AISpawnerConfigSet'DA_AISpawner_Peasants',
SceneComponent,BP_AISpawner_C,UNP_BP_AISpawner4_5a5767cc339294e0_5,40105.63,-13295.793,-27.990253,,,,,,,AISpawnerConfigSet'DA_AISpawner_Peasants',
SceneComponent,BP_AISpawner_C,UNP_BP_AISpawner4_6aa29054035e3474_0,26512.938,-12173.255,588.60034,,,,,,,AISpawnerConfigSet'DA_AISpawner_Peasants',
SceneComponent,BP_AISpawner_C,UNP_BP_AISpawner4_86279adec2ec3b27_4,-15122.751,18935.357,215.67606,,,,,,,AISpawnerConfigSet'DA_AISpawner_Workers',
SceneComponent,BP_AISpawner_C,UNP_BP_AISpawner4_UAID_0468748824943F9B02_25a8e10f80183f94_1308702798,-34595.348,37122.5,1535.0778,,,,,,,AISpawnerConfigSet'DA_AISpawner_Peasants',
SceneComponent,BP_AISpawner_C,UNP_BP_AISpawner4_b155a0e4697d664a_3,-38307.367,-25974.895,6339.3506,,,,,,,AISpawnerConfigSet'DA_AISpawner_Peasants',
SceneComponent,BP_AISpawner_C,UNP_BP_AISpawner4_b787c659fad3114a_4,10722.434,27941.807,1046.2797,,,,,,,AISpawnerConfigSet'DA_AISpawner_Peasants',
SceneComponent,BP_AISpawner_C,UNP_BP_AISpawner4_fa7bcc8dea0c77fa_5,38738.023,-16451.979,-27.990253,,,,,,,AISpawnerConfigSet'DA_AISpawner_Peasants',
SceneComponent,BP_AISpawner_C,UNP_BP_AISpawner5_32787930e307ffa0_0,32168.992,-6180.4575,571.0193,,,,,,,AISpawnerConfigSet'DA_AISpawner_Peasants',
SceneComponent,BP_AISpawner_C,UNP_BP_AISpawner5_4c0740ed445982b4_5,-16167.546,-12952.237,1572.0228,,,,,,,AISpawnerConfigSet'DA_AISpawner_Peasants',
SceneComponent,BP_AISpawner_C,UNP_BP_AISpawner5_6aa29054035e3474_0,25380.727,-11423.926,569.85626,,,,,,,AISpawnerConfigSet'DA_AISpawner_Peasants',
SceneComponent,BP_AISpawner_C,UNP_BP_AISpawner5_86279adec2ec3b27_5,-14552.264,18530.799,565.6178,,,,,,,AISpawnerConfigSet'DA_AISpawner_Workers',
SceneComponent,BP_AISpawner_C,UNP_BP_AISpawner5_UAID_04D9F5F93AD5984102_4c0740ed445982b4_1945170276,-15824.957,-12522.312,1572.0228,,,,,,,AISpawnerConfigSet'DA_AISpawner_Peasants',
SceneComponent,BP_AISpawner_C,UNP_BP_AISpawner5_UAID_04D9F5F93AD5994102_4c0740ed445982b4_1171692472,-15117.245,-11756.909,1572.0228,,,,,,,AISpawnerConfigSet'DA_AISpawner_Peasants',
SceneComponent,BP_AISpawner_C,UNP_BP_AISpawner5_UAID_04D9F5F93AD5994102_4c0740ed445982b4_1179101473,-14627.669,-11044.415,1572.0228,,,,,,,AISpawnerConfigSet'DA_AISpawner_Peasants',
SceneComponent,BP_AISpawner_C,UNP_BP_AISpawner5_UAID_D843AE1A93E5EAC002_97971df2a4ca033d_1460474247,-36288.33,-26883.266,6320.6064,,,,,,,AISpawnerConfigSet'DA_AISpawner_DregPhysician',
SceneComponent,BP_AISpawner_C,UNP_BP_AISpawner5_b155a0e4697d664a_4,-37011.383,-26379.65,6320.6064,,,,,,,AISpawnerConfigSet'DA_AISpawner_Peasants',
SceneComponent,BP_AISpawner_C,UNP_BP_AISpawner7_32787930e307ffa0_0,32375.973,-6566.0713,606.82635,,,,,,,AISpawnerConfigSet'DA_AISpawner_Peasants',
SceneComponent,BP_AISpawner_C,UNP_BP_AISpawner7_6aa29054035e3474_0,24995.113,-11630.907,605.6633,,,,,,,AISpawnerConfigSet'DA_AISpawner_Peasants',
SceneComponent,BP_AISpawner_C,UNP_BP_AISpawner7_b155a0e4697d664a_6,-36698.58,-26073.56,6356.4136,,,,,,,AISpawnerConfigSet'DA_AISpawner_Peasants',
SceneComponent,BP_AISpawner_C,UNP_BP_AISpawner_0152a6d4152e1e50_0,-64047.133,-1939.1074,1731.4897,,,,,,,AISpawnerConfigSet'DA_AISpawner_Peasants',
SceneComponent,BP_AISpawner_C,UNP_BP_AISpawner_04efd090dd5a393f_0,-23482.125,37693.4,672.27734,,,,,,,AISpawnerConfigSet'DA_AISpawner_Peasants',
SceneComponent,BP_AISpawner_C,UNP_BP_AISpawner_0bbdd86c1f74f9f6_0,-19172.266,-19316.564,1823.7479,,,,,,,AISpawnerConfigSet'DA_AISpawner_Peasants',
SceneComponent,BP_AISpawner_C,UNP_BP_AISpawner_0c7769a481dddbd5_0,-9809.225,14633.804,-530.2769,,,,,,,AISpawnerConfigSet'DA_AISpawner_Peasants',
SceneComponent,BP_AISpawner_C,UNP_BP_AISpawner_0d0dea5677a86eb2_0,-10821.793,30774.342,-543.7188,,,,,,,AISpawnerConfigSet'DA_AISpawner_Peasants',
SceneComponent,BP_AISpawner_C,UNP_BP_AISpawner_113aac40dd19cce1_0,-15049.341,-35610.234,994.84485,,,,,,,AISpawnerConfigSet'DA_AISpawner_Peasants',
SceneComponent,BP_AISpawner_C,UNP_BP_AISpawner_1466ae8ec43e27f1_0,292.2558,-27514.512,-573.4631,,,,,,,AISpawnerConfigSet'DA_AISpawner_Peasants',
SceneComponent,BP_AISpawner_C,UNP_BP_AISpawner_20a12a9e4c9a08fc_0,-17012.68,35466.926,-104.68694,,,,,,,AISpawnerConfigSet'DA_AISpawner_Peasants',
SceneComponent,BP_AISpawner_C,UNP_BP_AISpawner_2d71cfae02a1eb4f_0,21512.379,-6909.4595,1217.0201,,,,,,,AISpawnerConfigSet'DA_AISpawner_Peasants',
SceneComponent,BP_AISpawner_C,UNP_BP_AISpawner_32787930e307ffa0_0,32693.172,-6068.248,671.0193,,,,,,,AISpawnerConfigSet'DA_AISpawner_Peasants',
SceneComponent,BP_AISpawner_C,UNP_BP_AISpawner_32787930e307ffa0_1,31685.096,-4257.23,610.63055,,,,,,,AISpawnerConfigSet'DA_AISpawner_Peasants',
SceneComponent,BP_AISpawner_C,UNP_BP_AISpawner_34103052c501f18e_1,11501.729,20218.805,1205.5813,,,,,,,AISpawnerConfigSet'DA_AISpawner_Peasants',
SceneComponent,BP_AISpawner_C,UNP_BP_AISpawner_3f38c665698b60e9_0,21219.201,8870.686,1713.5504,,,,,,,AISpawnerConfigSet'DA_AISpawner_Mobs_Rare',
SceneComponent,BP_AISpawner_C,UNP_BP_AISpawner_42e60c0f2dfe0fa8_0,-13071.44,-11808.639,1158.2783,,,,,,,AISpawnerConfigSet'DA_AISpawner_Peasants',
SceneComponent,BP_AISpawner_C,UNP_BP_AISpawner_47ebfb098dd31df7_0,-59375.668,-5487.162,2024.2234,,,,,,,AISpawnerConfigSet'DA_AISpawner_Peasants',
SceneComponent,BP_AISpawner_C,UNP_BP_AISpawner_4a2730cf612ca505_0,20633.771,6463.948,1012.976,,,,,,,AISpawnerConfigSet'DA_AISpawner_Mobs_Rare',
SceneComponent,BP_AISpawner_C,UNP_BP_AISpawner_4c0740ed445982b4_0,-15656.752,-11424.349,1215.012,,,,,,,AISpawnerConfigSet'DA_AISpawner_Miniboss',
SceneComponent,BP_AISpawner_C,UNP_BP_AISpawner_4c08294943a98cdb_0,20445.812,-7534.02,1230.8015,,,,,,,AISpawnerConfigSet'DA_AISpawner_Peasants',
SceneComponent,BP_AISpawner_C,UNP_BP_AISpawner_4c08294943a98cdb_1,19019.549,-9563.735,2030.8015,,,,,,,AISpawnerConfigSet'DA_AISpawner_Peasants',
SceneComponent,BP_AISpawner_C,UNP_BP_AISpawner_4c08294943a98cdb_2,20965.184,-7715.544,1225.8066,,,,,,,AISpawnerConfigSet'DA_AISpawner_Peasants',
SceneComponent,BP_AISpawner_C,UNP_BP_AISpawner_4d20d5aec88d041f_0,23326.709,10702.803,2311.8723,,,,,,,AISpawnerConfigSet'DA_AISpawner_Mobs_Rare',
SceneComponent,BP_AISpawner_C,UNP_BP_AISpawner_4f36605deaaf1c91_0,-8303.929,18850.484,-54.512974,,,,,,,AISpawnerConfigSet'DA_AISpawner_Peasants',
SceneComponent,BP_AISpawner_C,UNP_BP_AISpawner_55a6bec73623a530_0,-22466.527,31.877283,1067.9401,,,,,,,AISpawnerConfigSet'DA_AISpawner_Workers',
SceneComponent,BP_AISpawner_C,UNP_BP_AISpawner_5a5767cc339294e0_0,41300.035,-13285.628,-27.990253,,,,,,,AISpawnerConfigSet'DA_AISpawner_Peasants',
SceneComponent,BP_AISpawner_C,UNP_BP_AISpawner_5ae0c4d66e670413_0,-61816.07,-15437.253,1612.2943,,,,,,,AISpawnerConfigSet'DA_AISpawner_Peasants',
SceneComponent,BP_AISpawner_C,UNP_BP_AISpawner_5cd45a4e3089d131_0,-29387.842,-6966.3296,1763.0542,,,,,,,AISpawnerConfigSet'DA_AISpawner_Peasants',
SceneComponent,BP_AISpawner_C,UNP_BP_AISpawner_643191a2278730e7_0,22712.14,-3102.65,605.3391,,,,,,,AISpawnerConfigSet'DA_AISpawner_Peasants',
SceneComponent,BP_AISpawner_C,UNP_BP_AISpawner_643191a2278730e7_1,22133.854,-4585.6997,568.509,,,,,,,AISpawnerConfigSet'DA_AISpawner_Military',
SceneComponent,BP_AISpawner_C,UNP_BP_AISpawner_643191a2278730e7_2,20866.63,-4424.119,619.2199,,,,,,,AISpawnerConfigSet'DA_AISpawner_Peasants',
SceneComponent,BP_AISpawner_C,UNP_BP_AISpawner_643191a2278730e7_3,21262.066,-4091.802,619.7114,,,,,,,AISpawnerConfigSet'DA_AISpawner_Peasants',
SceneComponent,BP_AISpawner_C,UNP_BP_AISpawner_643191a2278730e7_4,21793.756,-4279.981,605.3391,,,,,,,AISpawnerConfigSet'DA_AISpawner_Peasants',
SceneComponent,BP_AISpawner_C,UNP_BP_AISpawner_643191a2278730e7_5,24020.033,-3875.3923,1005.3391,,,,,,,AISpawnerConfigSet'DA_AISpawner_Peasants',
SceneComponent,BP_AISpawner_C,UNP_BP_AISpawner_643191a2278730e7_6,24530.826,-4569.951,1013.06946,,,,,,,AISpawnerConfigSet'DA_AISpawner_Peasants',
SceneComponent,BP_AISpawner_C,UNP_BP_AISpawner_643191a2278730e7_7,25779.916,-5212.0093,1001.63824,,,,,,,AISpawnerConfigSet'DA_AISpawner_Peasants',
SceneComponent,BP_AISpawner_C,UNP_BP_AISpawner_643191a2278730e7_8,20465.588,-4090.1755,605.3884,,,,,,,AISpawnerConfigSet'DA_AISpawner_Peasants',
SceneComponent,BP_AISpawner_C,UNP_BP_AISpawner_643191a2278730e7_9,18555.414,-1942.0696,755.7578,,,,,,,AISpawnerConfigSet'DA_AISpawner_Peasants',
SceneComponent,BP_AISpawner_C,UNP_BP_AISpawner_6984ed3ba0e8bf47_0,12675.059,-15269.003,2069.1724,,,,,,,AISpawnerConfigSet'DA_AISpawner_Peasants',
SceneComponent,BP_AISpawner_C,UNP_BP_AISpawner_6aa29054035e3474_0,24259.229,-10605.295,806.11053,,,,,,,AISpawnerConfigSet'DA_AISpawner_Peasants',
SceneComponent,BP_AISpawner_C,UNP_BP_AISpawner_6aa29054035e3474_1,25492.936,-11948.105,669.85626,,,,,,,AISpawnerConfigSet'DA_AISpawner_Peasants',
SceneComponent,BP_AISpawner_C,UNP_BP_AISpawner_6ac92bc826c117f3_0,-61945.51,-12901.721,1612.2943,,,,,,,AISpawnerConfigSet'DA_AISpawner_Peasants',
SceneComponent,BP_AISpawner_C,UNP_BP_AISpawner_73b7a2b36244c8f2_0,37198.902,-17861.338,16.56439,,,,,,,AISpawnerConfigSet'DA_AISpawner_Military',
SceneComponent,BP_AISpawner_C,UNP_BP_AISpawner_7452f14d53d824c3_0,25443.807,-13542.166,2470.774,,,,,,,AISpawnerConfigSet'DA_AISpawner_Peasants',
SceneComponent,BP_AISpawner_C,UNP_BP_AISpawner_7bc00f6ec963c845_0,20817.643,-8729.107,2450.319,,,,,,,AISpawnerConfigSet'DA_AISpawner_Peasants',
SceneComponent,BP_AISpawner_C,UNP_BP_AISpawner_86279adec2ec3b27_0,-15551.07,19112.72,-613.625,,,,,,,AISpawnerConfigSet'DA_AISpawner_Workers',
SceneComponent,BP_AISpawner_C,UNP_BP_AISpawner_90429aff829b7e94_0,2709.6392,-10711.968,1472.4633,,,,,,,AISpawnerConfigSet'DA_AISpawner_Peasants',
SceneComponent,BP_AISpawner_C,UNP_BP_AISpawner_UAID_046874882494089902_4fd79de106d61a35_1108842147,-13912.724,-12538.534,1150.7623,,,,,,,AISpawnerConfigSet'DA_AISpawner_Bloats',
SceneComponent,BP_AISpawner_C,UNP_BP_AISpawner_UAID_046874882494089902_4fd79de106d61a35_1108844148,-14202.127,-12580.153,1150.7623,,,,,,,AISpawnerConfigSet'DA_AISpawner_Bloats',
SceneComponent,BP_AISpawner_C,UNP_BP_AISpawner_UAID_046874882494089902_4fd79de106d61a35_1108846149,-14087.357,-12843.56,1150.7623,,,,,,,AISpawnerConfigSet'DA_AISpawner_Bloats',
SceneComponent,BP_AISpawner_C,UNP_BP_AISpawner_UAID_0468748824943B9B02_5f70c77cbc927b1f_1752707289,-43280.81,32426.938,943.25824,,,,,,,AISpawnerConfigSet'DA_AISpawner_Military',
SceneComponent,BP_AISpawner_C,UNP_BP_AISpawner_UAID_0468748824943B9B02_5f70c77cbc927b1f_1753028306,-45469.87,33362.266,1455.7344,,,,,,,AISpawnerConfigSet'DA_AISpawner_Military',
SceneComponent,BP_AISpawner_C,UNP_BP_AISpawner_UAID_0468748824943B9B02_5f70c77cbc927b1f_1754362367,-43229.25,34290.273,949.2407,,,,,,,AISpawnerConfigSet'DA_AISpawner_Military',
SceneComponent,BP_AISpawner_C,UNP_BP_AISpawner_UAID_0468748824943B9B02_5f70c77cbc927b1f_1761666314,-43470.92,33490.06,1389.7214,,,,,,,AISpawnerConfigSet'DA_AISpawner_Military',
SceneComponent,BP_AISpawner_C,UNP_BP_AISpawner_UAID_0468748824943B9B02_5f70c77cbc927b1f_1767521203,-42458.207,33484.367,1449.1753,,,,,,,AISpawnerConfigSet'DA_AISpawner_Miniboss',
SceneComponent,BP_AISpawner_C,UNP_BP_AISpawner_UAID_0468748824943B9B02_ee048d778535517c_1752707289,-25989.38,17459.234,-648.4467,,,,,,,AISpawnerConfigSet'DA_AISpawner_Military',
SceneComponent,BP_AISpawner_C,UNP_BP_AISpawner_UAID_0468748824943B9B02_ee048d778535517c_1753028306,-27002.537,15305.087,-135.97054,,,,,,,AISpawnerConfigSet'DA_AISpawner_Military',
SceneComponent,BP_AISpawner_C,UNP_BP_AISpawner_UAID_0468748824943B9B02_ee048d778535517c_1754362367,-27849.672,17577.52,-642.4642,,,,,,,AISpawnerConfigSet'DA_AISpawner_Military',
SceneComponent,BP_AISpawner_C,UNP_BP_AISpawner_UAID_0468748824943B9B02_ee048d778535517c_1761666314,-27058.633,17307.332,-201.98355,,,,,,,AISpawnerConfigSet'DA_AISpawner_Military',
SceneComponent,BP_AISpawner_C,UNP_BP_AISpawner_UAID_0468748824943B9B02_ee048d778535517c_1767521203,-27016.66,18319.195,-142.5297,,,,,,,AISpawnerConfigSet'DA_AISpawner_Miniboss',
SceneComponent,BP_AISpawner_C,UNP_BP_AISpawner_UAID_0468748824943F9B02_25a8e10f80183f94_1308687773,-34691.156,35761.55,1335.7421,,,,,,,AISpawnerConfigSet'DA_AISpawner_Peasants',
SceneComponent,BP_AISpawner_C,UNP_BP_AISpawner_UAID_046874882494449B02_566cfd8f809d947c_1510165406,7401.19,-19400.404,192.62625,,,,,,,AISpawnerConfigSet'DA_AISpawner_Military',
SceneComponent,BP_AISpawner_C,UNP_BP_AISpawner_UAID_046874882494449B02_566cfd8f809d947c_1511820764,9346.641,-22804.387,210.10371,,,,,,,AISpawnerConfigSet'DA_AISpawner_Miniboss',
SceneComponent,BP_AISpawner_C,UNP_BP_AISpawner_UAID_046874882494449B02_566cfd8f809d947c_1513215039,8476.02,-21135.904,129.58678,,,,,,,AISpawnerConfigSet'DA_AISpawner_Military',
SceneComponent,BP_AISpawner_C,UNP_BP_AISpawner_UAID_046874882494449B02_566cfd8f809d947c_1513994195,8418.071,-21415.062,-335.45032,,,,,,,AISpawnerConfigSet'DA_AISpawner_Military',
SceneComponent,BP_AISpawner_C,UNP_BP_AISpawner_UAID_046874882494459902_f3f59c752bd0a4d9_1433334297,-59223.62,8975.951,569.9444,,,,,,,AISpawnerConfigSet'DA_AISpawner_Peasants',
SceneComponent,BP_AISpawner_C,UNP_BP_AISpawner_UAID_0468748824944E8902_1c556f47455d4841_1130148573,-3709.8008,4973.254,-675.17035,,,,,,,AISpawnerConfigSet'DA_AISpawner_Workers',
SceneComponent,BP_AISpawner_C,UNP_BP_AISpawner_UAID_046874882494977D02_f5f3745e62dd497c_1267385329,-66495.87,-3685.19,1793.6467,,,,,,,AISpawnerConfigSet'DA_AISpawner_Military',
SceneComponent,BP_AISpawner_C,UNP_BP_AISpawner_UAID_046874882494A69E02_bd0f96a5981d5c04_1172255608,-38391.336,11565.219,-687.2568,,,,,,,AISpawnerConfigSet'DA_AISpawner_Peasants',
SceneComponent,BP_AISpawner_C,UNP_BP_AISpawner_UAID_046874882494A69E02_bd0f96a5981d5c04_1172261620,-41695.406,10202.656,-675.9724,,,,,,,AISpawnerConfigSet'DA_AISpawner_Peasants',
SceneComponent,BP_AISpawner_C,UNP_BP_AISpawner_UAID_046874882494A69E02_bd0f96a5981d5c04_1172267632,-42816.984,14397.579,-678.7231,,,,,,,AISpawnerConfigSet'DA_AISpawner_Peasants',
SceneComponent,BP_AISpawner_C,UNP_BP_AISpawner_UAID_046874882494A69E02_bd0f96a5981d5c04_1172273644,-37366.996,14580.238,-590.26196,,,,,,,AISpawnerConfigSet'DA_AISpawner_Military',
SceneComponent,BP_AISpawner_C,UNP_BP_AISpawner_UAID_046874882494A69E02_bd0f96a5981d5c04_1172279656,-36266.14,11154.764,-567.69916,,,,,,,AISpawnerConfigSet'DA_AISpawner_Peasants',
SceneComponent,BP_AISpawner_C,UNP_BP_AISpawner_UAID_046874882494A69E02_bd0f96a5981d5c04_1172833484,-40141.156,10817.027,-685.27625,,,,,,,AISpawnerConfigSet'DA_AISpawner_Military',
SceneComponent,BP_AISpawner_C,UNP_BP_AISpawner_UAID_046874882494A69E02_bd0f96a5981d5c04_1172833485,-40171.316,11078.869,-686.6089,,,,,,,AISpawnerConfigSet'DA_AISpawner_Workers',
SceneComponent,BP_AISpawner_C,UNP_BP_AISpawner_UAID_046874882494A69E02_bd0f96a5981d5c04_1172834486,-40301.863,11688.03,-690.07526,,,,,,,AISpawnerConfigSet'DA_AISpawner_Military',
SceneComponent,BP_AISpawner_C,UNP_BP_AISpawner_UAID_046874882494A69E02_bd0f96a5981d5c04_1172834487,-39522.977,10569.558,-666.9047,,,,,,,AISpawnerConfigSet'DA_AISpawner_Dregs',
SceneComponent,BP_AISpawner_C,UNP_BP_AISpawner_UAID_046874882494A69E02_bd0f96a5981d5c04_1172835488,-40200.215,11293.197,-692.4024,,,,,,,AISpawnerConfigSet'DA_AISpawner_Military',
SceneComponent,BP_AISpawner_C,UNP_BP_AISpawner_UAID_046874882494A69E02_bd0f96a5981d5c04_1172835489,-40412.586,11614.723,-691.7397,,,,,,,AISpawnerConfigSet'DA_AISpawner_Workers',
SceneComponent,BP_AISpawner_C,UNP_BP_AISpawner_UAID_046874882494A69E02_bd0f96a5981d5c04_1172835490,-40362.457,11909.236,-693.466,,,,,,,AISpawnerConfigSet'DA_AISpawner_Military',
SceneComponent,BP_AISpawner_C,UNP_BP_AISpawner_UAID_046874882494A69E02_bd0f96a5981d5c04_1172836491,-40250.996,10920.6,-688.6331,,,,,,,AISpawnerConfigSet'DA_AISpawner_Military',
SceneComponent,BP_AISpawner_C,UNP_BP_AISpawner_UAID_046874882494A69E02_bd0f96a5981d5c04_1172837492,-40426.72,10881.027,-678.37555,,,,,,,AISpawnerConfigSet'DA_AISpawner_Dregs',
SceneComponent,BP_AISpawner_C,UNP_BP_AISpawner_UAID_046874882494A69E02_bd0f96a5981d5c04_1172838493,-40525.883,11505.383,-697.7427,,,,,,,AISpawnerConfigSet'DA_AISpawner_Military',
SceneComponent,BP_AISpawner_C,UNP_BP_AISpawner_UAID_046874882494A69E02_bd0f96a5981d5c04_1172838494,-40390.71,11313.198,-683.35474,,,,,,,AISpawnerConfigSet'DA_AISpawner_Military',
SceneComponent,BP_AISpawner_C,UNP_BP_AISpawner_UAID_046874882494A69E02_bd0f96a5981d5c04_1172839495,-39896.523,11382.924,-696.5135,,,,,,,AISpawnerConfigSet'DA_AISpawner_Military',
SceneComponent,BP_AISpawner_C,UNP_BP_AISpawner_UAID_046874882494A69E02_bd0f96a5981d5c04_1172839496,-40103.52,10652.28,-685.27625,,,,,,,AISpawnerConfigSet'DA_AISpawner_Military',
SceneComponent,BP_AISpawner_C,UNP_BP_AISpawner_UAID_046874882494A69E02_bd0f96a5981d5c04_1172840497,-40992.32,12383.046,-698.83154,,,,,,,AISpawnerConfigSet'DA_AISpawner_Military',
SceneComponent,BP_AISpawner_C,UNP_BP_AISpawner_UAID_046874882494A69E02_bd0f96a5981d5c04_1172840498,-41095.47,11854.827,-690.42505,,,,,,,AISpawnerConfigSet'DA_AISpawner_Workers',
SceneComponent,BP_AISpawner_C,UNP_BP_AISpawner_UAID_046874882494AD8D02_c71ad3ef090f6a00_2003821310,-54175.17,34828.82,1786.9327,,,,,,,AISpawnerConfigSet'DA_AISpawner_Miniboss',
SceneComponent,BP_AISpawner_C,UNP_BP_AISpawner_UAID_046874882494CC9502_97971df2a4ca033d_1233144239,-35726.746,-26479.496,10241.854,,,,,,,AISpawnerConfigSet'DA_AISpawner_Miniboss',
SceneComponent,BP_AISpawner_C,UNP_BP_AISpawner_UAID_046874882494D39502_c28b544d044813cd_1677161257,-37434.668,-25395.674,7063.1997,,,,,,,AISpawnerConfigSet'DA_AISpawner_Peasants',
SceneComponent,BP_AISpawner_C,UNP_BP_AISpawner_UAID_046874882494D39502_c28b544d044813cd_1678154833,-37847.098,-26247.133,7062.31,,,,,,,AISpawnerConfigSet'DA_AISpawner_Miniboss',
SceneComponent,BP_AISpawner_C,UNP_BP_AISpawner_UAID_046874882494F39502_fa61c736281e8a8a_1308233479,-39769.27,-29538.865,7050.998,,,,,,,AISpawnerConfigSet'DA_AISpawner_Dregs',
SceneComponent,BP_AISpawner_C,UNP_BP_AISpawner_UAID_046874882494F39502_fa61c736281e8a8a_1308237480,-40116.152,-29946.25,7050.998,,,,,,,AISpawnerConfigSet'DA_AISpawner_MilitaryDregs',
SceneComponent,BP_AISpawner_C,UNP_BP_AISpawner_UAID_046874882494F39502_fa61c736281e8a8a_1308239481,-40222.934,-29674.064,7050.998,,,,,,,AISpawnerConfigSet'DA_AISpawner_MilitaryDregs',
SceneComponent,BP_AISpawner_C,UNP_BP_AISpawner_UAID_046874882494F39502_fa61c736281e8a8a_1308242482,-39946.555,-29985.004,7050.998,,,,,,,AISpawnerConfigSet'DA_AISpawner_MilitaryDregs',
SceneComponent,BP_AISpawner_C,UNP_BP_AISpawner_UAID_046874882494F39502_fa61c736281e8a8a_1308246484,-40047.965,-29654.148,7050.998,,,,,,,AISpawnerConfigSet'DA_AISpawner_MilitaryDregs',
SceneComponent,BP_AISpawner_C,UNP_BP_AISpawner_UAID_046874882494F39502_fa61c736281e8a8a_1308247485,-40194.36,-29529.732,7050.998,,,,,,,AISpawnerConfigSet'DA_AISpawner_MilitaryDregs',
SceneComponent,BP_AISpawner_C,UNP_BP_AISpawner_UAID_046874882494F39502_fa61c736281e8a8a_1308250486,-39927.125,-29832.688,7050.998,,,,,,,AISpawnerConfigSet'DA_AISpawner_MilitaryDregs',
SceneComponent,BP_AISpawner_C,UNP_BP_AISpawner_UAID_046874882494F39502_fa61c736281e8a8a_1308252487,-40087.58,-29801.916,7050.998,,,,,,,AISpawnerConfigSet'DA_AISpawner_MilitaryDregs',
SceneComponent,BP_AISpawner_C,UNP_BP_AISpawner_UAID_046874882494F39502_fa61c736281e8a8a_1308254488,-40256.137,-29799.988,7050.998,,,,,,,AISpawnerConfigSet'DA_AISpawner_MilitaryDregs',
SceneComponent,BP_AISpawner_C,UNP_BP_AISpawner_UAID_046874882494F39502_fa61c736281e8a8a_1308256489,-38909.152,-32329.2,6930.159,,,,,,,AISpawnerConfigSet'DA_AISpawner_MilitaryDregs',
SceneComponent,BP_AISpawner_C,UNP_BP_AISpawner_UAID_046874882494F39502_fa61c736281e8a8a_1308258490,-39771.63,-29857.838,7050.998,,,,,,,AISpawnerConfigSet'DA_AISpawner_Dregs',
SceneComponent,BP_AISpawner_C,UNP_BP_AISpawner_UAID_046874882494F39502_fa61c736281e8a8a_1308260491,-39914.84,-29692.191,7050.998,,,,,,,AISpawnerConfigSet'DA_AISpawner_MilitaryDregs',
SceneComponent,BP_AISpawner_C,UNP_BP_AISpawner_UAID_046874882494F39502_fa61c736281e8a8a_1308262492,-38738.04,-31028.326,7050.998,,,,,,,AISpawnerConfigSet'DA_AISpawner_Dregs',
SceneComponent,BP_AISpawner_C,UNP_BP_AISpawner_UAID_046874882494F39502_fa61c736281e8a8a_1308264493,-40050.66,-29521.785,7050.998,,,,,,,AISpawnerConfigSet'DA_AISpawner_Dregs',
SceneComponent,BP_AISpawner_C,UNP_BP_AISpawner_UAID_046874882494F39502_fa61c736281e8a8a_1308266494,-39770.934,-29712.045,7050.998,,,,,,,AISpawnerConfigSet'DA_AISpawner_Dregs',
SceneComponent,BP_AISpawner_C,UNP_BP_AISpawner_UAID_046874882494F39502_fa61c736281e8a8a_1308268495,-39903.582,-29539.701,7050.998,,,,,,,AISpawnerConfigSet'DA_AISpawner_MilitaryDregs',
SceneComponent,BP_AISpawner_C,UNP_BP_AISpawner_UAID_046874882494FB9802_8c02e6579b800a74_1080510667,-13319.161,30999.285,-560.4669,,,,,,,AISpawnerConfigSet'DA_AISpawner_Peasants',
SceneComponent,BP_AISpawner_C,UNP_BP_AISpawner_UAID_046874882494FB9A02_71619fc7e70fc919_1232629940,-15230.127,20802.127,-241.97482,,,,,,,AISpawnerConfigSet'DA_AISpawner_Bloats',
SceneComponent,BP_AISpawner_C,UNP_BP_AISpawner_UAID_046874882494FB9A02_71619fc7e70fc919_1232630941,-15123.345,20529.943,-241.97482,,,,,,,AISpawnerConfigSet'DA_AISpawner_Bloats',
SceneComponent,BP_AISpawner_C,UNP_BP_AISpawner_UAID_046874882494FB9A02_71619fc7e70fc919_1232631942,-14893.218,20701.98,-241.97482,,,,,,,AISpawnerConfigSet'DA_AISpawner_Bloats',
SceneComponent,BP_AISpawner_C,UNP_BP_AISpawner_UAID_046874882494FE9802_29c4ea76462ed633_1740985032,-31184.27,21116.926,-261.54996,,,,,,,AISpawnerConfigSet'DA_AISpawner_Miniboss',
SceneComponent,BP_AISpawner_C,UNP_BP_AISpawner_UAID_04D9F5F93AD5213F02_04219e2f0574bca7_1094741304,-29147.314,23951.26,-250.57977,,,,,,,AISpawnerConfigSet'DA_AISpawner_DregHorde',
SceneComponent,BP_AISpawner_C,UNP_BP_AISpawner_UAID_04D9F5F93AD5213F02_04219e2f0574bca7_1102046305,-28808.574,23759.623,-269.00394,,,,,,,AISpawnerConfigSet'DA_AISpawner_DregHorde',
SceneComponent,BP_AISpawner_C,UNP_BP_AISpawner_UAID_04D9F5F93AD5213F02_0b144492525c6862_1094741304,-1266.0518,-25000.832,-646.49744,,,,,,,AISpawnerConfigSet'DA_AISpawner_MilitaryDregs',
SceneComponent,BP_AISpawner_C,UNP_BP_AISpawner_UAID_04D9F5F93AD5213F02_0b144492525c6862_1102046305,-2230.9768,-25064.701,-646.49744,,,,,,,AISpawnerConfigSet'DA_AISpawner_MilitaryDregs',
SceneComponent,BP_AISpawner_C,UNP_BP_AISpawner_UAID_04D9F5F93AD5213F02_cbe2077bdf47f0a2_1094741304,-20357.504,-3292.0554,1178.5839,,,,,,,AISpawnerConfigSet'DA_AISpawner_Bloats',
SceneComponent,BP_AISpawner_C,UNP_BP_AISpawner_UAID_04D9F5F93AD5213F02_cbe2077bdf47f0a2_1102046305,-20250.723,-3564.2395,1178.5839,,,,,,,AISpawnerConfigSet'DA_AISpawner_Bloats',
SceneComponent,BP_AISpawner_C,UNP_BP_AISpawner_UAID_04D9F5F93AD5397302_ef24bfe3d12f0669_2113535235,22551.078,3511.5605,197.51588,,,,,,,AISpawnerConfigSet'DA_AISpawner_Bloats',
SceneComponent,BP_AISpawner_C,UNP_BP_AISpawner_UAID_04D9F5F93AD5397302_ef24bfe3d12f0669_2113549238,21508.932,1325.3153,199.51872,,,,,,,AISpawnerConfigSet'DA_AISpawner_Workers',
SceneComponent,BP_AISpawner_C,UNP_BP_AISpawner_UAID_04D9F5F93AD5397302_ef24bfe3d12f0669_2113553239,22413.824,1172.3799,199.51869,,,,,,,AISpawnerConfigSet'DA_AISpawner_Workers',
SceneComponent,BP_AISpawner_C,UNP_BP_AISpawner_UAID_04D9F5F93AD5397302_ef24bfe3d12f0669_2113562241,22392.367,2144.9321,222.07979,,,,,,,AISpawnerConfigSet'DA_AISpawner_Miniboss',
SceneComponent,BP_AISpawner_C,UNP_BP_AISpawner_UAID_04D9F5F93AD5397302_ef24bfe3d12f0669_2113578245,21920.818,1195.2184,199.51872,,,,,,,AISpawnerConfigSet'DA_AISpawner_Workers',
SceneComponent,BP_AISpawner_C,UNP_BP_AISpawner_UAID_04D9F5F93AD5397302_ef24bfe3d12f0669_2113586247,22248.6,3690.5693,197.51588,,,,,,,AISpawnerConfigSet'DA_AISpawner_Bloats',
SceneComponent,BP_AISpawner_C,UNP_BP_AISpawner_UAID_04D9F5F93AD5397302_ef24bfe3d12f0669_2113595249,22738.658,1045.8573,199.51872,,,,,,,AISpawnerConfigSet'DA_AISpawner_Workers',
SceneComponent,BP_AISpawner_C,UNP_BP_AISpawner_UAID_04D9F5F93AD5397302_ef24bfe3d12f0669_2113603251,21673.121,1285.3169,199.51872,,,,,,,AISpawnerConfigSet'DA_AISpawner_Workers',
SceneComponent,BP_AISpawner_C,UNP_BP_AISpawner_UAID_04D9F5F93AD5397302_ef24bfe3d12f0669_2113607252,22228.514,1286.684,199.51869,,,,,,,AISpawnerConfigSet'DA_AISpawner_Workers',
SceneComponent,BP_AISpawner_C,UNP_BP_AISpawner_UAID_04D9F5F93AD5397302_ef24bfe3d12f0669_2113611253,23013.3,1061.4119,199.51872,,,,,,,AISpawnerConfigSet'DA_AISpawner_Workers',
SceneComponent,BP_AISpawner_C,UNP_BP_AISpawner_UAID_04D9F5F93AD59C4602_04219e2f0574bca7_1962422013,-28659.746,23880.197,-269.98535,,,,,,,AISpawnerConfigSet'DA_AISpawner_DregHorde',
SceneComponent,BP_AISpawner_C,UNP_BP_AISpawner_UAID_04D9F5F93AD59C4602_04219e2f0574bca7_1962428014,-29296.715,24005.732,-243.49763,,,,,,,AISpawnerConfigSet'DA_AISpawner_DregHorde',
SceneComponent,BP_AISpawner_C,UNP_BP_AISpawner_UAID_04D9F5F93AD59C4602_04219e2f0574bca7_1962433015,-29010.479,24087.174,-250.61179,,,,,,,AISpawnerConfigSet'DA_AISpawner_DregHorde',
SceneComponent,BP_AISpawner_C,UNP_BP_AISpawner_UAID_04D9F5F93AD59C4602_04219e2f0574bca7_1968351016,-28138.723,23495.92,-301.43365,,,,,,,AISpawnerConfigSet'DA_AISpawner_DregHorde',
SceneComponent,BP_AISpawner_C,UNP_BP_AISpawner_UAID_04D9F5F93AD59C4602_04219e2f0574bca7_1968357017,-28528.812,23428.94,-290.20953,,,,,,,AISpawnerConfigSet'DA_AISpawner_DregHorde',
SceneComponent,BP_AISpawner_C,UNP_BP_AISpawner_UAID_04D9F5F93AD59C4602_04219e2f0574bca7_1968361018,-28281.69,23585.662,-293.34988,,,,,,,AISpawnerConfigSet'DA_AISpawner_DregHorde',
SceneComponent,BP_AISpawner_C,UNP_BP_AISpawner_UAID_04D9F5F93AD59C4602_04219e2f0574bca7_1977382019,-28432.506,23581.14,-288.26785,,,,,,,AISpawnerConfigSet'DA_AISpawner_DregHorde',
SceneComponent,BP_AISpawner_C,UNP_BP_AISpawner_UAID_04D9F5F93AD59C4602_04219e2f0574bca7_1983369020,-28487.943,23749.262,-280.5019,,,,,,,AISpawnerConfigSet'DA_AISpawner_DregHorde',
SceneComponent,BP_AISpawner_C,UNP_BP_AISpawner_UAID_04D9F5F93AD59C4602_04219e2f0574bca7_1985126021,-29356.549,24145.46,-236.56516,,,,,,,AISpawnerConfigSet'DA_AISpawner_DregHorde',
SceneComponent,BP_AISpawner_C,UNP_BP_AISpawner_UAID_04D9F5F93AD59C4602_04219e2f0574bca7_1987351022,-29628.664,24311.205,-221.35483,,,,,,,AISpawnerConfigSet'DA_AISpawner_DregHorde',
SceneComponent,BP_AISpawner_C,UNP_BP_AISpawner_UAID_04D9F5F93AD59C4602_04219e2f0574bca7_2007543024,-29215.865,24148.973,-241.33028,,,,,,,AISpawnerConfigSet'DA_AISpawner_DregHorde',
SceneComponent,BP_AISpawner_C,UNP_BP_AISpawner_UAID_04D9F5F93AD59C4602_04219e2f0574bca7_2014071025,-29481.121,24220.889,-229.6176,,,,,,,AISpawnerConfigSet'DA_AISpawner_DregHorde',
SceneComponent,BP_AISpawner_C,UNP_BP_AISpawner_UAID_04D9F5F93AD59C4602_0b144492525c6862_1962422013,-1183.4264,-25675.42,-646.49744,,,,,,,AISpawnerConfigSet'DA_AISpawner_MilitaryDregs',
SceneComponent,BP_AISpawner_C,UNP_BP_AISpawner_UAID_04D9F5F93AD59C4602_0b144492525c6862_1962428014,-516.5246,-25183.203,-646.49744,,,,,,,AISpawnerConfigSet'DA_AISpawner_MilitaryDregs',
SceneComponent,BP_AISpawner_C,UNP_BP_AISpawner_UAID_04D9F5F93AD59C4602_0b144492525c6862_1962433015,-1158.328,-25393.193,-646.49744,,,,,,,AISpawnerConfigSet'DA_AISpawner_MilitaryDregs',
SceneComponent,BP_AISpawner_C,UNP_BP_AISpawner_UAID_04D9F5F93AD59C4602_0b144492525c6862_1968351016,-2003.1034,-24757.3,-646.49744,,,,,,,AISpawnerConfigSet'DA_AISpawner_MilitaryDregs',
SceneComponent,BP_AISpawner_C,UNP_BP_AISpawner_UAID_04D9F5F93AD59C4602_0b144492525c6862_1968357017,-1502.8633,-24652.83,-646.49744,,,,,,,AISpawnerConfigSet'DA_AISpawner_MilitaryDregs',
SceneComponent,BP_AISpawner_C,UNP_BP_AISpawner_UAID_04D9F5F93AD59C4602_0b144492525c6862_1968361018,-1854.4072,-24366.182,-646.49744,,,,,,,AISpawnerConfigSet'DA_AISpawner_MilitaryDregs',
SceneComponent,BP_AISpawner_C,UNP_BP_AISpawner_UAID_04D9F5F93AD59C4602_0b144492525c6862_1977382019,-1695.0787,-24858.996,-646.49744,,,,,,,AISpawnerConfigSet'DA_AISpawner_MilitaryDregs',
SceneComponent,BP_AISpawner_C,UNP_BP_AISpawner_UAID_04D9F5F93AD59C4602_0b144492525c6862_1983369020,-1751.5148,-25242.545,-646.49744,,,,,,,AISpawnerConfigSet'DA_AISpawner_MilitaryDregs',
SceneComponent,BP_AISpawner_C,UNP_BP_AISpawner_UAID_04D9F5F93AD59C4602_0b144492525c6862_1985126021,-260.48758,-25582.268,-646.49744,,,,,,,AISpawnerConfigSet'DA_AISpawner_MilitaryDregs',
SceneComponent,BP_AISpawner_C,UNP_BP_AISpawner_UAID_04D9F5F93AD59C4602_0b144492525c6862_1987351022,-413.29056,-26063.174,-646.49744,,,,,,,AISpawnerConfigSet'DA_AISpawner_MilitaryDregs',
SceneComponent,BP_AISpawner_C,UNP_BP_AISpawner_UAID_04D9F5F93AD59C4602_0b144492525c6862_2007543024,-877.4356,-25295.02,-646.49744,,,,,,,AISpawnerConfigSet'DA_AISpawner_MilitaryDregs',
SceneComponent,BP_AISpawner_C,UNP_BP_AISpawner_UAID_04D9F5F93AD59C4602_0b144492525c6862_2014071025,-722.52765,-25616.586,-646.49744,,,,,,,AISpawnerConfigSet'DA_AISpawner_MilitaryDregs',
SceneComponent,BP_AISpawner_C,UNP_BP_AISpawner_UAID_08BFB82FEC6A85DC02_3df28b0128384e50_1199044521,38073.21,-13945.829,-20.713682,,,,,,,AISpawnerConfigSet'DA_AISpawner_Miniboss',
SceneComponent,BP_AISpawner_C,UNP_BP_AISpawner_UAID_08BFB82FEC6A85DC02_3df28b0128384e50_1199241527,38126.094,-13923.888,-28.266216,,,,,,,AISpawnerConfigSet'DA_AISpawner_Bloats',
SceneComponent,BP_AISpawner_C,UNP_BP_AISpawner_UAID_08BFB82FEC6A85DC02_3df28b0128384e50_1199242528,38058.934,-14208.451,-28.266216,,,,,,,AISpawnerConfigSet'DA_AISpawner_Bloats',
SceneComponent,BP_AISpawner_C,UNP_BP_AISpawner_UAID_08BFB82FEC6A85DC02_3df28b0128384e50_1199243529,38346.07,-14198.019,-28.266216,,,,,,,AISpawnerConfigSet'DA_AISpawner_Bloats',
SceneComponent,BP_AISpawner_C,UNP_BP_AISpawner_UAID_18C04DA8201B437902_1955f5d21cbe47a4_1437662223,22577.602,7036.9604,2442.5576,,,,,,,AISpawnerConfigSet'DA_AISpawner_Mobs',
SceneComponent,BP_AISpawner_C,UNP_BP_AISpawner_UAID_581CF8B723150CBE02_c3245b26535725e1_1582615345,24836.404,-7715.6836,1020.29175,,,,,,,AISpawnerConfigSet'DA_AISpawner_Bloats',
SceneComponent,BP_AISpawner_C,UNP_BP_AISpawner_UAID_581CF8B723150CBE02_c3245b26535725e1_1582617346,25120.967,-7782.841,1020.29175,,,,,,,AISpawnerConfigSet'DA_AISpawner_Bloats',
SceneComponent,BP_AISpawner_C,UNP_BP_AISpawner_UAID_581CF8B723150CBE02_c3245b26535725e1_1582618347,25110.535,-7495.707,1020.29175,,,,,,,AISpawnerConfigSet'DA_AISpawner_Bloats',
SceneComponent,BP_AISpawner_C,UNP_BP_AISpawner_UAID_581CF8B7231549DB02_3df28b0128384e50_1113948574,39255.816,-14905.738,25.223894,,,,,,,AISpawnerConfigSet'DA_AISpawner_Bloats',
SceneComponent,BP_AISpawner_C,UNP_BP_AISpawner_UAID_581CF8B7231549DB02_3df28b0128384e50_1113951575,39322.973,-14621.175,25.223894,,,,,,,AISpawnerConfigSet'DA_AISpawner_Bloats',
SceneComponent,BP_AISpawner_C,UNP_BP_AISpawner_UAID_581CF8B7231549DB02_3df28b0128384e50_1113952576,39542.95,-14895.306,25.223894,,,,,,,AISpawnerConfigSet'DA_AISpawner_Bloats',
SceneComponent,BP_AISpawner_C,UNP_BP_AISpawner_UAID_581CF8B7231553DB02_3df28b0128384e50_2103944808,36973.27,-12925.243,-27.478561,,,,,,,AISpawnerConfigSet'DA_AISpawner_DregHorde',
SceneComponent,BP_AISpawner_C,UNP_BP_AISpawner_UAID_581CF8B7231553DB02_3df28b0128384e50_2103947809,36769.535,-12758.02,-27.478561,,,,,,,AISpawnerConfigSet'DA_AISpawner_DregHorde',
SceneComponent,BP_AISpawner_C,UNP_BP_AISpawner_UAID_581CF8B7231553DB02_3df28b0128384e50_2103948810,36252.164,-12410.965,-27.478561,,,,,,,AISpawnerConfigSet'DA_AISpawner_DregHorde',
SceneComponent,BP_AISpawner_C,UNP_BP_AISpawner_UAID_581CF8B7231553DB02_3df28b0128384e50_2103950811,36047.67,-12345.605,-27.478561,,,,,,,AISpawnerConfigSet'DA_AISpawner_DregHorde',
SceneComponent,BP_AISpawner_C,UNP_BP_AISpawner_UAID_581CF8B7231553DB02_3df28b0128384e50_2103951812,36499.164,-12364.183,-27.478561,,,,,,,AISpawnerConfigSet'DA_AISpawner_DregHorde',
SceneComponent,BP_AISpawner_C,UNP_BP_AISpawner_UAID_581CF8B7231553DB02_3df28b0128384e50_2103953813,36312.08,-12572.797,-27.478594,,,,,,,AISpawnerConfigSet'DA_AISpawner_DregHorde',
SceneComponent,BP_AISpawner_C,UNP_BP_AISpawner_UAID_581CF8B7231553DB02_3df28b0128384e50_2103954814,35953.96,-12762.145,-27.478561,,,,,,,AISpawnerConfigSet'DA_AISpawner_DregHorde',
SceneComponent,BP_AISpawner_C,UNP_BP_AISpawner_UAID_581CF8B7231553DB02_3df28b0128384e50_2103956815,36822.312,-12927.175,-27.478561,,,,,,,AISpawnerConfigSet'DA_AISpawner_DregHorde',
SceneComponent,BP_AISpawner_C,UNP_BP_AISpawner_UAID_581CF8B7231553DB02_3df28b0128384e50_2103957816,36723.527,-13077.792,-27.478561,,,,,,,AISpawnerConfigSet'DA_AISpawner_DregHorde',
SceneComponent,BP_AISpawner_C,UNP_BP_AISpawner_UAID_581CF8B7231553DB02_3df28b0128384e50_2103959817,36113.094,-12544.591,-27.478594,,,,,,,AISpawnerConfigSet'DA_AISpawner_DregHorde',
SceneComponent,BP_AISpawner_C,UNP_BP_AISpawner_UAID_581CF8B7231553DB02_3df28b0128384e50_2103960818,35590.56,-12517.296,-27.478594,,,,,,,AISpawnerConfigSet'DA_AISpawner_DregHorde',
SceneComponent,BP_AISpawner_C,UNP_BP_AISpawner_UAID_581CF8B7231553DB02_3df28b0128384e50_2103961819,35637.277,-12176.199,-27.478561,,,,,,,AISpawnerConfigSet'DA_AISpawner_DregHorde',
SceneComponent,BP_AISpawner_C,UNP_BP_AISpawner_UAID_581CF8B7231553DB02_3df28b0128384e50_2103963820,37114.867,-13017.484,-27.478561,,,,,,,AISpawnerConfigSet'DA_AISpawner_DregHorde',
SceneComponent,BP_AISpawner_C,UNP_BP_AISpawner_UAID_581CF8B7231553DB02_3df28b0128384e50_2103964821,35783.445,-12269.096,-27.478561,,,,,,,AISpawnerConfigSet'DA_AISpawner_DregHorde',
SceneComponent,BP_AISpawner_C,UNP_BP_AISpawner_UAID_581CF8B7231553DB02_3df28b0128384e50_2103966822,35906.867,-12346.7,-27.478561,,,,,,,AISpawnerConfigSet'DA_AISpawner_DregHorde',
SceneComponent,BP_AISpawner_C,UNP_BP_AISpawner_UAID_581CF8B723159BD502_cef4d286548b889d_1201894077,30353.518,-6510.7524,622.2308,,,,,,,AISpawnerConfigSet'DA_AISpawner_DregHorde',
SceneComponent,BP_AISpawner_C,UNP_BP_AISpawner_UAID_581CF8B723159BD502_cef4d286548b889d_1201895078,30548.799,-6687.7715,622.2308,,,,,,,AISpawnerConfigSet'DA_AISpawner_DregHorde',
SceneComponent,BP_AISpawner_C,UNP_BP_AISpawner_UAID_581CF8B723159BD502_cef4d286548b889d_1201896079,31048.518,-7059.795,622.2308,,,,,,,AISpawnerConfigSet'DA_AISpawner_DregHorde',
SceneComponent,BP_AISpawner_C,UNP_BP_AISpawner_UAID_581CF8B723159BD502_cef4d286548b889d_1201897080,31249.557,-7135.11,622.2308,,,,,,,AISpawnerConfigSet'DA_AISpawner_DregHorde',
SceneComponent,BP_AISpawner_C,UNP_BP_AISpawner_UAID_581CF8B723159BD502_cef4d286548b889d_1201898081,30711.81,-6829.893,622.2308,,,,,,,AISpawnerConfigSet'DA_AISpawner_DregHorde',
SceneComponent,BP_AISpawner_C,UNP_BP_AISpawner_UAID_581CF8B723159BD502_cef4d286548b889d_1201899082,30996.62,-6895.218,622.2308,,,,,,,AISpawnerConfigSet'DA_AISpawner_DregHorde',
SceneComponent,BP_AISpawner_C,UNP_BP_AISpawner_UAID_581CF8B723159BD502_cef4d286548b889d_1201899083,31339.598,-6997.4424,622.2308,,,,,,,AISpawnerConfigSet'DA_AISpawner_DregHorde',
SceneComponent,BP_AISpawner_C,UNP_BP_AISpawner_UAID_581CF8B723159BD502_cef4d286548b889d_1201900084,30504.389,-6516.2314,622.2308,,,,,,,AISpawnerConfigSet'DA_AISpawner_DregHorde',
SceneComponent,BP_AISpawner_C,UNP_BP_AISpawner_UAID_581CF8B723159BD502_cef4d286548b889d_1201901085,30610.441,-6370.6416,622.2308,,,,,,,AISpawnerConfigSet'DA_AISpawner_DregHorde',
SceneComponent,BP_AISpawner_C,UNP_BP_AISpawner_UAID_581CF8B723159BD502_cef4d286548b889d_1201902086,31193.979,-6933.154,622.2308,,,,,,,AISpawnerConfigSet'DA_AISpawner_DregHorde',
SceneComponent,BP_AISpawner_C,UNP_BP_AISpawner_UAID_581CF8B723159BD502_cef4d286548b889d_1201903087,30868.244,-6719.363,622.2308,,,,,,,AISpawnerConfigSet'DA_AISpawner_DregHorde',
SceneComponent,BP_AISpawner_C,UNP_BP_AISpawner_UAID_581CF8B723159BD502_cef4d286548b889d_1201903088,31651.145,-7324.4487,622.2308,,,,,,,AISpawnerConfigSet'DA_AISpawner_DregHorde',
SceneComponent,BP_AISpawner_C,UNP_BP_AISpawner_UAID_581CF8B723159BD502_cef4d286548b889d_1201904089,30216.617,-6411.675,622.2308,,,,,,,AISpawnerConfigSet'DA_AISpawner_DregHorde',
SceneComponent,BP_AISpawner_C,UNP_BP_AISpawner_UAID_581CF8B723159BD502_cef4d286548b889d_1201905090,31509.713,-7224.492,622.2308,,,,,,,AISpawnerConfigSet'DA_AISpawner_DregHorde',
SceneComponent,BP_AISpawner_C,UNP_BP_AISpawner_UAID_581CF8B723159BD502_cef4d286548b889d_1201906091,31390.246,-7140.925,622.2308,,,,,,,AISpawnerConfigSet'DA_AISpawner_DregHorde',
SceneComponent,BP_AISpawner_C,UNP_BP_AISpawner_UAID_581CF8B72315FDDA02_3df28b0128384e50_1078181807,34435.41,-11400.149,-7.877914,,,,,,,AISpawnerConfigSet'DA_AISpawner_Miniboss',
SceneComponent,BP_AISpawner_C,UNP_BP_AISpawner_UAID_D843AE1A93E5282D02_01d97e21be7d6cbc_1715930626,-17169.564,-22234.672,1813.5828,,,,,,,AISpawnerConfigSet'DA_AISpawner_Peasants',
SceneComponent,BP_AISpawner_C,UNP_BP_AISpawner_UAID_D843AE1A93E5282D02_04219e2f0574bca7_1792641648,-28948.027,23926.49,-258.363,,,,,,,AISpawnerConfigSet'DA_AISpawner_DregHorde',
SceneComponent,BP_AISpawner_C,UNP_BP_AISpawner_UAID_D843AE1A93E5282D02_0b144492525c6862_1792641648,-1578.7661,-25441.084,-646.49744,,,,,,,AISpawnerConfigSet'DA_AISpawner_MilitaryDregs',
SceneComponent,BP_AISpawner_C,UNP_BP_AISpawner_UAID_D843AE1A93E5282D02_105e36e63df75a11_1715930626,21629.504,-8056.9526,2441.6487,,,,,,,AISpawnerConfigSet'DA_AISpawner_Peasants',
SceneComponent,BP_AISpawner_C,UNP_BP_AISpawner_UAID_D843AE1A93E5282D02_157de0d512dcf7f7_1715930626,-14786.188,-17366.004,1047.5205,,,,,,,AISpawnerConfigSet'DA_AISpawner_Peasants',
SceneComponent,BP_AISpawner_C,UNP_BP_AISpawner_UAID_D843AE1A93E5282D02_3334af38d652329d_1715930626,-2728.3997,-21450.6,-516.106,,,,,,,AISpawnerConfigSet'DA_AISpawner_Peasants',
SceneComponent,BP_AISpawner_C,UNP_BP_AISpawner_UAID_D843AE1A93E5282D02_4432c52a23700f75_1715930626,-55146.78,24599.459,442.74173,,,,,,,AISpawnerConfigSet'DA_AISpawner_Peasants',
SceneComponent,BP_AISpawner_C,UNP_BP_AISpawner_UAID_D843AE1A93E5282D02_4b3a75f6c02ae43c_1715930626,2559.4087,16502.275,-161.92357,,,,,,,AISpawnerConfigSet'DA_AISpawner_Peasants',
SceneComponent,BP_AISpawner_C,UNP_BP_AISpawner_UAID_D843AE1A93E5282D02_4b7ed1faf8da75ed_1715930626,6374.7812,16581.625,-76.896965,,,,,,,AISpawnerConfigSet'DA_AISpawner_Peasants',
SceneComponent,BP_AISpawner_C,UNP_BP_AISpawner_UAID_D843AE1A93E5282D02_52bc9bce1656c1f0_1715930626,-21067.902,-14857.015,1895.4867,,,,,,,AISpawnerConfigSet'DA_AISpawner_Peasants',
SceneComponent,BP_AISpawner_C,UNP_BP_AISpawner_UAID_D843AE1A93E5282D02_551f0f11fbf40985_1715930626,-46893.83,-4478.196,2998.258,,,,,,,AISpawnerConfigSet'DA_AISpawner_Peasants',
SceneComponent,BP_AISpawner_C,UNP_BP_AISpawner_UAID_D843AE1A93E5282D02_57c2143040938786_1715930626,24379.229,-19567.402,1486.4531,,,,,,,AISpawnerConfigSet'DA_AISpawner_Peasants',
SceneComponent,BP_AISpawner_C,UNP_BP_AISpawner_UAID_D843AE1A93E5282D02_58f62d7e848515ca_1715930626,-19608.887,-18653.002,1811.7935,,,,,,,AISpawnerConfigSet'DA_AISpawner_Peasants',
SceneComponent,BP_AISpawner_C,UNP_BP_AISpawner_UAID_D843AE1A93E5282D02_59da705889973446_1792641648,19917.77,-8026.385,2343.7053,,,,,,,AISpawnerConfigSet'DA_AISpawner_Miniboss',
SceneComponent,BP_AISpawner_C,UNP_BP_AISpawner_UAID_D843AE1A93E5282D02_5bcfd5ade251acc6_1715930626,-12031.911,-18498.666,252.1856,,,,,,,AISpawnerConfigSet'DA_AISpawner_Peasants',
SceneComponent,BP_AISpawner_C,UNP_BP_AISpawner_UAID_D843AE1A93E5282D02_736987ef0083d90b_1715930626,-16554.893,-16113.072,1404.3713,,,,,,,AISpawnerConfigSet'DA_AISpawner_Peasants',
SceneComponent,BP_AISpawner_C,UNP_BP_AISpawner_UAID_D843AE1A93E5282D02_76921dd1d9f6885f_1715930626,19274.164,15447.643,1866.0485,,,,,,,AISpawnerConfigSet'DA_AISpawner_Peasants',
SceneComponent,BP_AISpawner_C,UNP_BP_AISpawner_UAID_D843AE1A93E5282D02_79096dc2e790a8fc_1846440660,-47583.875,-8870.603,3016.5317,,,,,,,AISpawnerConfigSet'DA_AISpawner_Miniboss',
SceneComponent,BP_AISpawner_C,UNP_BP_AISpawner_UAID_D843AE1A93E5282D02_79a26a4ec86d4b86_1715930626,-720.27234,25874.04,155.39885,,,,,,,AISpawnerConfigSet'DA_AISpawner_Peasants',
SceneComponent,BP_AISpawner_C,UNP_BP_AISpawner_UAID_D843AE1A93E5282D02_930fd382332c0260_1715930626,-3014.2249,24664.861,-195.35394,,,,,,,AISpawnerConfigSet'DA_AISpawner_Peasants',
SceneComponent,BP_AISpawner_C,UNP_BP_AISpawner_UAID_D843AE1A93E5282D02_996f624db6fee3d1_1715930626,-25671.848,22363.914,-242.15417,,,,,,,AISpawnerConfigSet'DA_AISpawner_Peasants',
SceneComponent,BP_AISpawner_C,UNP_BP_AISpawner_UAID_D843AE1A93E5282D02_bed23d4517c05ec4_1715930626,-17143.436,-2544.9438,814.2211,,,,,,,AISpawnerConfigSet'DA_AISpawner_Peasants',
SceneComponent,BP_AISpawner_C,UNP_BP_AISpawner_UAID_D843AE1A93E5282D02_c27b86af85e24857_1715930626,14660.691,-2531.1445,1725.9625,,,,,,,AISpawnerConfigSet'DA_AISpawner_Peasants',
SceneComponent,BP_AISpawner_C,UNP_BP_AISpawner_UAID_D843AE1A93E5282D02_cbe2077bdf47f0a2_1792641648,-20020.596,-3392.2031,1178.5839,,,,,,,AISpawnerConfigSet'DA_AISpawner_Bloats',
SceneComponent,BP_AISpawner_C,UNP_BP_AISpawner_UAID_D843AE1A93E5282D02_cc49a2bac2beee4c_1715930626,-4458.7017,10973.977,-110.355965,,,,,,,AISpawnerConfigSet'DA_AISpawner_Peasants',
SceneComponent,BP_AISpawner_C,UNP_BP_AISpawner_UAID_D843AE1A93E5282D02_d5111fa661cca381_1846440660,22876.24,8275.342,2440.0093,,,,,,,AISpawnerConfigSet'DA_AISpawner_Miniboss',
SceneComponent,BP_AISpawner_C,UNP_BP_AISpawner_UAID_D843AE1A93E5282D02_d81bd370f953deb5_1715930626,-21242.156,-1033.7034,1120.6868,,,,,,,AISpawnerConfigSet'DA_AISpawner_Peasants',
SceneComponent,BP_AISpawner_C,UNP_BP_AISpawner_UAID_D843AE1A93E5282D02_e114023dbb226341_1715930626,3540.6965,-13399.818,1507.1088,,,,,,,AISpawnerConfigSet'DA_AISpawner_Peasants',
SceneComponent,BP_AISpawner_C,UNP_BP_AISpawner_UAID_D843AE1A93E55C2E02_df3d26b81465e65e_1333795332,-62221.016,-14543.879,1614.2965,,,,,,,AISpawnerConfigSet'DA_AISpawner_Peasants',
SceneComponent,BP_AISpawner_C,UNP_BP_AISpawner_a35d65b072eb250c_0,22258.316,9806.33,2014.3157,,,,,,,AISpawnerConfigSet'DA_AISpawner_Mobs_Rare',
SceneComponent,BP_AISpawner_C,UNP_BP_AISpawner_ab75eebd8e6104e7_0,-21765.57,12114.992,36.069675,,,,,,,AISpawnerConfigSet'DA_AISpawner_Mobs_Rare',
SceneComponent,BP_AISpawner_C,UNP_BP_AISpawner_b155a0e4697d664a_0,-37264.996,-25907.383,6420.6064,,,,,,,AISpawnerConfigSet'DA_AISpawner_Peasants',
SceneComponent,BP_AISpawner_C,UNP_BP_AISpawner_b2ba678834699a72_0,20882.895,5373.364,706.3647,,,,,,,AISpawnerConfigSet'DA_AISpawner_Mobs_Rare',
SceneComponent,BP_AISpawner_C,UNP_BP_AISpawner_b6e1203a46f5f334_0,8888.992,-26512.855,621.19214,,,,,,,AISpawnerConfigSet'DA_AISpawner_Peasants',
SceneComponent,BP_AISpawner_C,UNP_BP_AISpawner_b787c659fad3114a_0,10414.953,29285.885,1046.2797,,,,,,,AISpawnerConfigSet'DA_AISpawner_Peasants',
SceneComponent,BP_AISpawner_C,UNP_BP_AISpawner_bac7a270072cbf77_0,-18845.78,823.535,1031.039,,,,,,,AISpawnerConfigSet'DA_AISpawner_Mobs_Rare',
SceneComponent,BP_AISpawner_C,UNP_BP_AISpawner_bc9e8611b9e607b3_0,-13774.729,21333.729,-221.80014,,,,,,,AISpawnerConfigSet'DA_AISpawner_Workers',
SceneComponent,BP_AISpawner_C,UNP_BP_AISpawner_bd326a7fa0542755_0,20747.76,7941.0884,1424.2675,,,,,,,AISpawnerConfigSet'DA_AISpawner_Mobs_Rare',
SceneComponent,BP_AISpawner_C,UNP_BP_AISpawner_c2de904be5f12f2d_0,-45295.203,-18798.867,5904.6875,,,,,,,AISpawnerConfigSet'DA_AISpawner_Peasants',
SceneComponent,BP_AISpawner_C,UNP_BP_AISpawner_d52d91af14afa8f4_0,41667.617,-11486.324,-27.997097,,,,,,,AISpawnerConfigSet'DA_AISpawner_Peasants',
SceneComponent,BP_AISpawner_C,UNP_BP_AISpawner_d64dd2cdc8b57a25_0,-16560.498,-22862.092,1887.8406,,,,,,,AISpawnerConfigSet'DA_AISpawner_Peasants',
SceneComponent,BP_AISpawner_C,UNP_BP_AISpawner_d7ab05e04fd848b6_0,-24614.06,-11034.994,1764.1968,,,,,,,AISpawnerConfigSet'DA_AISpawner_Peasants',
SceneComponent,BP_AISpawner_C,UNP_BP_AISpawner_e2ff3d6a2e99c6e4_0,-6430.7705,16472.377,-560.4669,,,,,,,AISpawnerConfigSet'DA_AISpawner_Peasants',
SceneComponent,BP_AISpawner_C,UNP_BP_AISpawner_e52402bc25166cd3_0,-3261.2913,-38211.273,255.73666,,,,,,,AISpawnerConfigSet'DA_AISpawner_Peasants',
SceneComponent,BP_AISpawner_C,UNP_BP_AISpawner_e98bd0678c45fec8_0,-21398.22,10600.371,262.80533,,,,,,,AISpawnerConfigSet'DA_AISpawner_Mobs_Rare',
SceneComponent,BP_AISpawner_C,UNP_BP_AISpawner_f5345b2b34b3415e_0,-26516.105,-5399.023,1811.4814,,,,,,,AISpawnerConfigSet'DA_AISpawner_Peasants',
SceneComponent,BP_AISpawner_C,UNP_BP_AISpawner_f5630e569374ca47_0,5464.841,-10997.562,1485.7864,,,,,,,AISpawnerConfigSet'DA_AISpawner_Workers',
SceneComponent,BP_AISpawner_C,UNP_BP_AISpawner_fa7bcc8dea0c77fa_0,37543.62,-16462.143,-27.990253,,,,,,,AISpawnerConfigSet'DA_AISpawner_Peasants',
SceneComponent,BP_AISpawner_C,UNP_BP_AISpawner_fc8c0294abca7aab_0,26127.36,-12979.765,639.0711,,,,,,,AISpawnerConfigSet'DA_AISpawner_Peasants',
SceneComponent,BP_AISpawner_C,UNP_BP_AISpawner_fc8c0294abca7aab_1,25687.742,-14119.349,1473.775,,,,,,,AISpawnerConfigSet'DA_AISpawner_Peasants',
SceneComponent,BP_AISpawner_C,UNP_BP_AISpawner_fc8c0294abca7aab_2,25510.94,-14684.767,1469.7563,,,,,,,AISpawnerConfigSet'DA_AISpawner_Peasants',
SceneComponent,BP_AISpawner_C,UNP_ChildActor1_113aac40dd19cce1_2,-14132.176,-35277.117,997.14246,,,,,,,AISpawnerConfigSet'DA_AISpawner_Peasants',
SceneComponent,BP_AISpawner_C,UNP_ChildActor1_55a6bec73623a530_2,-23436.445,-74.982025,1070.2377,,,,,,,AISpawnerConfigSet'DA_AISpawner_Workers',
SceneComponent,BP_AISpawner_C,UNP_ChildActor1_UAID_046874882494D39502_c28b544d044813cd_1677151251,-36567.535,-25530.852,7065.497,,,,,,,AISpawnerConfigSet'DA_AISpawner_Peasants',
SceneComponent,BP_AISpawner_C,UNP_ChildActor1_bc9e8611b9e607b3_2,-12921.351,20860.541,-219.50253,,,,,,,AISpawnerConfigSet'DA_AISpawner_Workers',
SceneComponent,BP_AISpawner_C,UNP_ChildActor1_f5345b2b34b3415e_2,-26334.701,-6357.7983,1813.779,,,,,,,AISpawnerConfigSet'DA_AISpawner_Peasants',
SceneComponent,BP_AISpawner_C,UNP_ChildActor1_f5630e569374ca47_2,5687.326,-11947.6455,1488.084,,,,,,,AISpawnerConfigSet'DA_AISpawner_Workers',
SceneComponent,BP_AISpawner_C,UNP_ChildActor_113aac40dd19cce1_1,-15029.12,-35612.55,1326.2589,,,,,,,AISpawnerConfigSet'DA_AISpawner_Peasants',
SceneComponent,BP_AISpawner_C,UNP_ChildActor_55a6bec73623a530_1,-22485.627,38.90975,1406.2056,,,,,,,AISpawnerConfigSet'DA_AISpawner_Peasants',
SceneComponent,BP_AISpawner_C,UNP_ChildActor_bc9e8611b9e607b3_1,-13763.203,21316.953,116.4654,,,,,,,AISpawnerConfigSet'DA_AISpawner_Peasants',
SceneComponent,BP_AISpawner_C,UNP_ChildActor_f5345b2b34b3415e_1,-26521.645,-5418.6084,2142.8955,,,,,,,AISpawnerConfigSet'DA_AISpawner_Peasants',
SceneComponent,BP_AISpawner_C,UNP_ChildActor_f5630e569374ca47_1,5460.1514,-11017.367,1824.0519,,,,,,,AISpawnerConfigSet'DA_AISpawner_Peasants',
SceneComponent,BP_BloodSample01_C,StaticMeshActor_UAID_D843AE1A93E55B8202_ef513577cd1d5264_1977886826,25081.262,-8928.491,970.64905,,,,,,,,
SceneComponent,BP_BloodSample02_C,StaticMeshActor_UAID_D843AE1A93E55B8202_5b0b6d6b28f41f96_1483836818,24535.678,-6279.9663,974.68866,,,,,,,,
SceneComponent,BP_BloodSample03_C,StaticMeshActor_UAID_D843AE1A93E55F8202_0453b5c3490604a7_1555099815,23636.916,-11441.962,862.9112,,,,,,,,
SceneComponent,BP_BloodSample04_C,StaticMeshActor_UAID_581CF8B723159BD502_cef4d286548b889d_1204618316,31876.064,-7443.2666,671.7013,,,,,,,,
SceneComponent,BP_BloodSample05_C,StaticMeshActor_UAID_D843AE1A93E5AF8202_d8dd5bbbe3d027f1_1783123864,21946.164,-7422.927,967.8656,,,,,,,,
SceneComponent,BP_BloodSample06_C,StaticMeshActor_UAID_D843AE1A93E5EF8202_85401e660888d46b_1464751412,32363.62,-5496.7812,623.7235,,,,,,,,
SceneComponent,BP_BreakableBridge_01a_C,BP_BreakableBridge_01a_C_UAID_18C04DA8201B437902_1955f5d21cbe47a4_1151888198,20322.53,6231.823,2387.2698,,,,100.0 HP,,,,
SceneComponent,BP_BreakableBridge_02a_C,BP_BreakableBridge_01a_C_UAID_04D9F5F93AD5B04502_6329e284061ca9fb_1941980651,-39546.305,-26871.662,8080.7676,,,,100.0 HP,,,,
SceneComponent,BP_BreakableBridge_02a_C,UNP_BP_BreakableBridge_02a_UAID_0468748824949CD502_37bd26559c49d275_1310078386,-5935.7646,-16060.24,1897.9758,,,,100.0 HP,,,,
SceneComponent,BP_BreakableChapelWindow_05a_C,StaticMeshActor_UAID_04D9F5F93AD5209702_cef4d286548b889d_2077262804,32460.059,-7099.135,1030.4769,,,,10.0 HP,,,,
SceneComponent,BP_BreakableChapelWindow_05a_C,StaticMeshActor_UAID_04D9F5F93AD57A9702_cef4d286548b889d_2089079018,30485.97,-5732.218,1030.4769,,,,10.0 HP,,,,
SceneComponent,BP_BreakableChapelWindow_05a_C,StaticMeshActor_UAID_04D9F5F93AD57B9702_cef4d286548b889d_1106915196,31146.682,-6189.7144,1030.4769,,,,10.0 HP,,,,
SceneComponent,BP_BreakableWall_C,UNP_BP_BreakableWall_32787930e307ffa0_0,32530.08,-4580.255,590.10394,,,,100.0 HP,,,,
SceneComponent,BP_BreakableWall_C,UNP_BP_BreakableWall_6aa29054035e3474_0,26337.645,-12714.037,588.9409,,,,100.0 HP,,,,
SceneComponent,BP_BreakableWall_C,UNP_BP_BreakableWall_b155a0e4697d664a_0,-38648.87,-26478.008,6339.691,,,,100.0 HP,,,,
SceneComponent,BP_BreakableWellCover_01a_C,UNP_BP_BreakableWellCover_01a_UAID_0468748824944E8902_1c556f47455d4841_1129898571,-4953.3823,5221.9897,28.313358,,,,100.0 HP,,,,
SceneComponent,BP_BreakableWellCover_01a_C,UNP_BP_BreakableWellCover_01a_f924a7753b3a5b43_0,-38922.938,-27435.918,7094.4976,,,,100.0 HP,,,,
SceneComponent,BP_ChestDrawers_02a_C,BP_ChestDrawers_02a_C_afe4a3bbeb7c2068_1,3107.2983,-12792.561,1789.4801,,,,,,LIT_Loose_Table,,
SceneComponent,BP_CleansingMark_C,StaticMeshActor_UAID_046874882494F89A02_86279adec2ec3b27_1890426703,-15371.7,19037.22,206.97424,,,,,,,,
SceneComponent,BP_DispatchRider_C,BP_DispatchRider_C_0,-1000.5523,-25969.545,-715.8429,,,,,,,,
SceneComponent,BP_Door_Cage_02a_C,BP_Door_Cage_02a_C_UAID_08BFB82FEC6A85DC02_3df28b0128384e50_1193473426,33183.13,-9070.809,-0.53625685,,,,,,,,
SceneComponent,BP_Door_Cage_02a_C,BP_Door_Cage_02a_C_UAID_08BFB82FEC6A85DC02_3df28b0128384e50_1193644431,34867.426,-12434.4,-48.579025,,,,,,,,
SceneComponent,BP_Door_Cage_02a_C,BP_Door_Cage_02a_C_UAID_08BFB82FEC6A85DC02_3df28b0128384e50_1193815436,36475.746,-12836.544,-44.459846,,,,,,,,
SceneComponent,BP_Door_Cage_02a_C,BP_Door_Cage_02a_C_UAID_08BFB82FEC6A85DC02_3df28b0128384e50_1193990441,37032.66,-11775.876,2.94419,,,,,,,,
SceneComponent,BP_Door_Cage_02a_C,BP_Door_Cage_02a_C_UAID_08BFB82FEC6A85DC02_3df28b0128384e50_1194167446,37919.812,-14374.136,-39.677998,,,,,,,,
SceneComponent,BP_Door_Cage_02a_C,BP_Door_Cage_02a_C_UAID_08BFB82FEC6A85DC02_3df28b0128384e50_1194355451,37821.7,-13112.358,-43.18287,,,,,,,,
SceneComponent,BP_Door_Cage_02a_C,BP_Door_Cage_02a_C_UAID_581CF8B723150CBE02_c3245b26535725e1_1578909271,23520.195,-6351.273,998.3108,,,,,,,,
SceneComponent,BP_Door_Cage_02a_C,BP_Door_Cage_02a_C_UAID_581CF8B723150CBE02_c3245b26535725e1_1579134276,24245.953,-5822.879,1002.20935,,,,,,,,
SceneComponent,BP_Door_Cage_02a_C,BP_Door_Cage_02a_C_UAID_581CF8B7231511D902_6dfd51d988941e94_1528900044,39807.156,-10346.63,-68.85425,,,,,,,,
SceneComponent,BP_Door_Cage_02a_C,BP_Door_Cage_02a_C_UAID_581CF8B7231511D902_6dfd51d988941e94_1529060049,38430.2,-11526.057,-67.46195,,,,,,,,
SceneComponent,BP_Door_Cage_02a_C,BP_Door_Cage_02a_C_UAID_581CF8B7231535D802_7b0b2d09dbcdc51c_2026024955,34628.44,-7160.7485,-73.88011,,,,,,,,
SceneComponent,BP_Door_Cage_02a_C,BP_Door_Cage_02a_C_UAID_581CF8B7231535D802_7b0b2d09dbcdc51c_2026200960,35197.723,-7142.012,-73.88011,,,,,,,,
SceneComponent,BP_Door_Cage_02a_C,BP_Door_Cage_02a_C_UAID_581CF8B723156ABE02_20e2b082a6cc054c_1247907280,23736.816,-8832.265,998.3108,,,,,,,,
SceneComponent,BP_Door_Cage_02a_C,BP_Door_Cage_02a_C_UAID_581CF8B723156ABE02_20e2b082a6cc054c_1248126285,21979.771,-7687.615,999.5072,,,,,,,,
SceneComponent,BP_Door_Cage_02a_C,BP_Door_Cage_02a_C_UAID_581CF8B723156ABE02_20e2b082a6cc054c_1248369290,22115.885,-7317.2,968.1602,,,,,,,,
SceneComponent,BP_Door_Cage_02a_C,BP_Door_Cage_02a_C_UAID_581CF8B723156ABE02_20e2b082a6cc054c_1248604295,24063.621,-7611.76,998.3108,,,,,,,,
SceneComponent,BP_Door_Cage_02a_C,BP_Door_Cage_02a_C_UAID_581CF8B723158CD602_e28dd75b0dfb6fe0_1181395755,32018.45,-14133.733,-72.07333,,,,,,,,
SceneComponent,BP_Door_Cage_02a_C,BP_Door_Cage_02a_C_UAID_581CF8B723159BD502_cef4d286548b889d_1201568072,30276.123,-5759.375,605.8227,,,,,,,,
SceneComponent,BP_Door_Cage_02a_C,BP_Door_Cage_02a_C_UAID_581CF8B72315AACF02_0af8d68b152618b4_1506240163,29117.416,-5730.1836,602.6688,,,,,,,,
SceneComponent,BP_Door_Cage_02a_C,BP_Door_Cage_02a_C_UAID_581CF8B72315AACF02_0af8d68b152618b4_1506482168,26754.818,-7174.7686,999.2597,,,,,,,,
SceneComponent,BP_Door_Cage_02a_C,BP_Door_Cage_02a_C_UAID_581CF8B72315AACF02_0af8d68b152618b4_1506700173,26754.795,-6518.3276,999.2597,,,,,,,,
SceneComponent,BP_Door_Cage_02a_C,BP_Door_Cage_02a_C_UAID_581CF8B72315AACF02_0af8d68b152618b4_1506921178,25823.072,-7853.088,998.3108,,,,,,,,
SceneComponent,BP_Door_Cage_02a_C,BP_Door_Cage_02a_C_UAID_581CF8B72315AACF02_0af8d68b152618b4_1507152183,26991.062,-8236.701,998.22186,,,,,,,,
SceneComponent,BP_Door_Cage_02a_C,BP_Door_Cage_02a_C_UAID_581CF8B72315D2D802_b70ca0ae9df1c85d_1149540455,38630.215,-9486.182,-70.49253,,,,,,,,
SceneComponent,BP_Door_Ext_02a_C,BP_Door_Ext_01a_C_25c38f96bd642657_1,-27413.291,-8189.6616,1765.0895,,,,,,,,
SceneComponent,BP_Door_Ext_02a_C,BP_Door_Ext_01a_C_358ce63c24dd89f2_1,-29700.787,-5913.6777,1810.5117,,,,,,,,
SceneComponent,BP_Door_Ext_02a_C,BP_Door_Ext_01a_C_613646c311d01d8e_1,-27004.768,-10988.598,1768.3156,,,,,,,,
SceneComponent,BP_Door_Ext_02a_C,BP_Door_Ext_01a_C_UAID_04D9F5F93AD50F4B02_358ce63c24dd89f2_1459697452,-30616.23,-5184.682,1810.5117,,,,,,,,
SceneComponent,BP_Door_Ext_02a_C,BP_Door_Ext_01a_C_UAID_04D9F5F93AD5984C02_358ce63c24dd89f2_1271948977,-30093.371,-4956.9146,1810.5117,,,,,,,,
SceneComponent,BP_Door_Ext_Arch_01a_C,BP_Door_Ext_Arch_01a_C_643191a2278730e7_0,20608.53,-3861.2415,570.3284,,,,,InventoryDefinition_Key'ID_Key_U_JacquesFolly',,,
SceneComponent,BP_Door_Ext_Arch_01a_C,BP_Door_Ext_Arch_01a_C_fc8c0294abca7aab_0,25320.768,-15375.386,1439.4844,,,,,InventoryDefinition_Key'ID_Key_U_JacquesFolly',,,
SceneComponent,BP_Door_Ext_Arch_01a_C,UNP_BP_2P_Door_01a_643191a2278730e7_0,26211.582,-5511.3936,971.0527,,,,,,,,
SceneComponent,BP_Door_Ext_Arch_01a_C,UNP_BP_2P_Door_01a_643191a2278730e7_1,24170.281,-4091.2156,968.16895,,,,,,,,
SceneComponent,BP_Door_Ext_Arch_01a_C,UNP_BP_Door_Ext_Arch_01a1_6bf7ed90f87edc78_0,-7660.2876,-16221.914,1890.7637,,,,,,,,
SceneComponent,BP_Door_Ext_Single_01a_C,BP_Door_Ext_Single_01a_C_170009526a2c1544_1,-28010.24,-3751.237,1755.7583,,,,,,,,
SceneComponent,BP_Door_Ext_Single_01a_C,BP_Door_Ext_Single_01a_C_25c38f96bd642657_2,-26544.764,-8223.517,2103.768,,,,,,,,
SceneComponent,BP_Door_Ext_Single_01a_C,BP_Door_Ext_Single_01a_C_613646c311d01d8e_2,-27873.826,-10973.712,2106.9941,,,,,,,,
SceneComponent,BP_Door_Ext_Single_01a_C,BP_Door_Ext_Single_01a_C_UAID_581CF8B72315A35602_170009526a2c1544_1154170674,-27862.072,-4000.7598,1755.7583,,,,,,,,
SceneComponent,BP_Door_Ext_Single_01a_C,UNP_BP_Door_Ext_SingleWood_01a_113aac40dd19cce1_0,-15438.601,-35381.035,930.68243,,,,,,,,
SceneComponent,BP_Door_Ext_Single_01a_C,UNP_BP_Door_Ext_SingleWood_01a_55a6bec73623a530_0,-22142.482,-282.84555,1003.7777,,,,,,,,
SceneComponent,BP_Door_Ext_Single_01a_C,UNP_BP_Door_Ext_SingleWood_01a_bc9e8611b9e607b3_0,-13857.367,21777.83,-285.96252,,,,,,,,
SceneComponent,BP_Door_Ext_Single_01a_C,UNP_BP_Door_Ext_SingleWood_01a_f5345b2b34b3415e_0,-26227.334,-5051.653,1747.3191,,,,,,,,
SceneComponent,BP_Door_Ext_Single_01a_C,UNP_BP_Door_Ext_SingleWood_01a_f5630e569374ca47_0,5738.401,-10638.09,1421.6239,,,,,,,,
SceneComponent,BP_Door_Ext_Single_01a_C,UNP_BP_Door_Ext_Single_01a1_126232618081b8ee_1,-26488.936,-10212.525,1781.5596,,,,,,,,
SceneComponent,BP_Door_Ext_Single_04a_C,UNP_BP_Door_Ext_Single_05a6_afe4a3bbeb7c2068_0,4160.5337,-11976.682,1788.4241,,,,,,,,
SceneComponent,BP_Door_Ext_Single_05a_C,BP_Door_Ext_Single_06b_C_170009526a2c1544_0,-27479.031,-3800.702,1753.6462,,,,,,,,
SceneComponent,BP_Door_Ext_Single_05a_C,BP_Door_Ext_Single_08a_C_UAID_046874882494859A02_367755be1ccb9d60_1585899819,-28949.756,-9568.175,1752.977,,,,,InventoryDefinition_Key'ID_Key_Bronze',,,
SceneComponent,BP_Door_Ext_Single_05a_C,BP_Door_Int_SingleWood_03_C_25c38f96bd642657_1,-25902.408,-7744.0386,1765.6028,,,,,,,,
SceneComponent,BP_Door_Ext_Single_05a_C,BP_Door_Int_SingleWood_03_C_613646c311d01d8e_1,-28505.562,-11467.1,1768.829,,,,,,,,
SceneComponent,BP_Door_Ext_Single_05a_C,BP_Door_Int_SingleWood_03_C_UAID_046874882494859A02_367755be1ccb9d60_1585867806,-28757.996,-8998.37,2105.5488,,,,,,,,
SceneComponent,BP_Door_Ext_Single_05a_C,UNP_BP_Door_Ext_SingleWood_01a1_9fac250d5149b043_1,-14991.546,22532.71,-290.25507,,,,,,,,
SceneComponent,BP_Door_Ext_Single_05a_C,UNP_BP_Door_Ext_SingleWood_01a1_UAID_0468748824944C9B02_d0e23cfe7f59ca33_2006395790,-25231.135,-6481.1406,1768.2616,,,,,,,,
SceneComponent,BP_Door_Ext_Single_05a_C,UNP_BP_Door_Ext_SingleWood_01a1_UAID_0468748824944C9B02_e1ce29a85d20fd8c_2006395790,-13238.71,-37284.75,927.95404,,,,,,,,
SceneComponent,BP_Door_Ext_Single_05a_C,UNP_BP_Door_Ext_SingleWood_01a1_bda10b7c50163ff5_1,-16499.172,18736.48,-292.79272,,,,,,,,
SceneComponent,BP_Door_Ext_Single_05a_C,UNP_BP_Door_Ext_SingleWood_01a3_86279adec2ec3b27_2,-15353.472,19849.29,181.28607,,,,,,,,
SceneComponent,BP_Door_Ext_Single_05a_C,UNP_BP_Door_Ext_SingleWood_01a_9fac250d5149b043_0,-16027.872,21654.84,-289.6297,,,,,,,,
SceneComponent,BP_Door_Ext_Single_05a_C,UNP_BP_Door_Ext_SingleWood_01a_UAID_0468748824944C9B02_d0e23cfe7f59ca33_2006390786,-24871.79,-5171.3696,1768.887,,,,,,,,
SceneComponent,BP_Door_Ext_Single_05a_C,UNP_BP_Door_Ext_SingleWood_01a_UAID_0468748824944C9B02_e1ce29a85d20fd8c_2006390786,-14593.787,-37193.125,928.5794,,,,,,,,
SceneComponent,BP_Door_Ext_Single_05a_C,UNP_BP_Door_Ext_SingleWood_01a_bda10b7c50163ff5_0,-17377.043,19772.807,-292.16736,,,,,,,,
SceneComponent,BP_Door_Ext_Single_05a_C,UNP_BP_Door_Ext_Single_01a2_UAID_18C04DA8201B437902_1955f5d21cbe47a4_1437723261,22456.4,7351.1865,2417.0872,,,,,,,,
SceneComponent,BP_Door_Ext_Single_05a_C,UNP_BP_Door_Ext_Single_01a3_UAID_18C04DA8201B437902_1955f5d21cbe47a4_1437720260,23464.186,7371.7114,2417.0872,,,,,,,,
SceneComponent,BP_Door_Ext_Single_05a_C,UNP_BP_Door_Ext_Single_03a1_afe4a3bbeb7c2068_2,3641.1301,-13267.671,1787.2091,,,,,,,,
SceneComponent,BP_Door_Ext_Single_05a_C,UNP_BP_Door_Ext_Single_03a2_afe4a3bbeb7c2068_3,4180.989,-12071.739,1425.5864,,,,,,,,
SceneComponent,BP_Door_Ext_Single_05a_C,UNP_BP_Door_Ext_Single_03a_afe4a3bbeb7c2068_0,4038.3328,-13035.943,1424.7203,,,,,,,,
SceneComponent,BP_Door_Ext_Single_05a_C,UNP_BP_Door_Ext_Single_04a1_39c53a56517c239f_0,14961.44,13560.963,2589.3687,,,,,,,,
SceneComponent,BP_Door_Ext_Single_05a_C,UNP_BP_Door_Ext_Single_04a1_3e62a173f235e900_0,21897.135,-22223.584,3170.507,,,,,,,,
SceneComponent,BP_Door_Ext_Single_05a_C,UNP_BP_Door_Ext_Single_04a1_6c4c20721545df36_0,-30955.85,-45582.38,6260.3647,,,,,,,,
SceneComponent,BP_Door_Ext_Single_05a_C,UNP_BP_Door_Ext_Single_04a1_a1b8e9568afcd202_0,-57628.855,-19915.562,7460.1704,,,,,,,,
SceneComponent,BP_Door_Ext_Single_05a_C,UNP_BP_Door_Ext_Single_04a1_b48abfd6dd8426a8_0,-24819.816,30384.746,1946.2412,,,,,,,,
SceneComponent,BP_Door_Ext_Single_05a_C,UNP_BP_Door_Ext_Single_05a_afe4a3bbeb7c2068_1,2946.1375,-12064.685,1425.5864,,,,,,,,
SceneComponent,BP_Door_Ext_Single_05a_C,UNP_BP_Door_Ext_Single_06a2_1c556f47455d4841_0,-4133.984,374.1597,-67.909676,,,,,InventoryDefinition_Key'ID_Key_Bronze',,,
SceneComponent,BP_Door_Ext_Single_06a_C,BP_Door_Ext_Single_06a_C_UAID_046874882494089902_4fd79de106d61a35_1107160959,-16361.576,-13577.106,1092.2491,,,,,,,,
SceneComponent,BP_Door_Ext_Single_06a_C,BP_Door_Ext_Single_06a_C_UAID_046874882494089902_4fd79de106d61a35_1108783145,-14323.056,-10506.294,1105.2222,,,,,,,,
SceneComponent,BP_Door_Ext_Single_06a_C,BP_Door_Ext_Single_06a_C_UAID_0468748824944B9B02_d4266f8cc18702c5_1152322781,-15011.175,-37647.598,922.4326,,,,,,,,
SceneComponent,BP_Door_Ext_Single_06a_C,BP_Door_Ext_Single_06a_C_UAID_0468748824944B9B02_d4266f8cc18702c5_1153559838,-13100.8125,-36259.266,917.3601,,,,,,,,
SceneComponent,BP_Door_Ext_Single_06a_C,BP_Door_Ext_Single_06a_C_UAID_0468748824944F9B02_4cae16ed3344ca34_1290622009,-17484.994,34096.57,-247.82758,,,,,,,,
SceneComponent,BP_Door_Ext_Single_06a_C,BP_Door_Ext_Single_06a_C_UAID_046874882494859A02_367755be1ccb9d60_1585830791,-25505.045,-6802.824,1752.989,,,,,,,,
SceneComponent,BP_Door_Ext_Single_06a_C,BP_Door_Ext_Single_06a_C_UAID_046874882494859A02_367755be1ccb9d60_1585832792,-24172.092,-10067.911,1757.1263,,,,,,,,
SceneComponent,BP_Door_Ext_Single_06a_C,BP_Door_Ext_Single_06a_C_UAID_046874882494859A02_367755be1ccb9d60_1585850799,-26743.799,-11746.2,1738.4274,,,,,,,,
SceneComponent,BP_Door_Ext_Single_06a_C,BP_Door_Ext_Single_06a_C_UAID_046874882494859A02_367755be1ccb9d60_1585857802,-30117.312,-7905.406,1753.0017,,,,,,,,
SceneComponent,BP_Door_Ext_Single_06a_C,BP_Door_Ext_Single_06a_C_UAID_046874882494859A02_367755be1ccb9d60_1585877810,-26949.889,-9080.825,1743.2351,,,,,,,,
SceneComponent,BP_Door_Ext_Single_06a_C,BP_Door_Ext_Single_06a_C_UAID_046874882494859A02_367755be1ccb9d60_1585887814,-25674.576,-11156.484,1740.3977,,,,,,,,
SceneComponent,BP_Door_Ext_Single_06a_C,BP_Door_Ext_Single_06a_C_UAID_046874882494859A02_367755be1ccb9d60_1585892816,-29095.396,-9839.413,1755.3895,,,,,,,,
SceneComponent,BP_Door_Ext_Single_06a_C,BP_Door_Ext_Single_06a_C_UAID_046874882494859A02_367755be1ccb9d60_1585902820,-25121.664,-7714.7305,1753.6089,,,,,,,,
SceneComponent,BP_Door_Ext_Single_06a_C,BP_Door_Ext_Single_06a_C_UAID_046874882494FB9A02_71619fc7e70fc919_1233611965,-17129.385,20737.785,-295.62735,,,,,,,,
SceneComponent,BP_Door_Ext_Single_06a_C,BP_Door_Ext_Single_06a_C_UAID_046874882494FB9A02_71619fc7e70fc919_1236820097,-12365.18,20925.354,-292.06552,,,,,,,,
SceneComponent,BP_Door_Ext_Single_06a_C,BP_Door_Ext_Single_06a_C_UAID_046874882494FB9A02_71619fc7e70fc919_1236919099,-13372.732,19050.082,-289.75705,,,,,,,,
SceneComponent,BP_Door_Ext_Single_06a_C,BP_Door_Ext_Single_06a_C_UAID_046874882494FB9A02_71619fc7e70fc919_1237404108,-11629.697,22058.121,-290.66138,,,,,,,,
SceneComponent,BP_Door_Ext_Single_06a_C,UNP_BP_Door_Ext_Single_01a_7bc00f6ec963c845_0,20451.482,-10232.475,2460.5632,,,,,InventoryDefinition_Key'ID_Key_U_JacquesFolly',,,
SceneComponent,BP_Door_Ext_Single_06a_C,UNP_BP_Door_Ext_Single_06a1_1c556f47455d4841_0,-2967.1199,1050.51,-69.194466,,,,,,,,
SceneComponent,BP_Door_Ext_Single_06a_C,UNP_BP_Door_Ext_Single_06a4_1c556f47455d4841_1,-4053.8848,3212.7798,-73.3019,,,,,,,,
SceneComponent,BP_Door_Ext_Single_06b_C,BP_Door_Ext_Single_06b_C_170009526a2c1544_1,-27213.953,-3887.976,1755.9601,,,,,,,,
SceneComponent,BP_Door_Ext_Single_06b_C,BP_Door_Ext_Single_06b_C_85bb18fbbf27a88e_0,-27872.465,-6525.9556,1777.1583,,,,,,,,
SceneComponent,BP_Door_Ext_Single_06b_C,BP_Door_Ext_Single_06b_C_85bb18fbbf27a88e_1,-27848.312,-7166.63,1777.8688,,,,,,,,
SceneComponent,BP_Door_Ext_Single_06b_C,BP_Door_Ext_Single_06b_C_UAID_046874882494859A02_367755be1ccb9d60_1585879811,-28417.678,-7625.3057,1759.6261,,,,,,,,
SceneComponent,BP_Door_Ext_Single_06b_C,BP_Door_Ext_Single_06b_C_UAID_046874882494859A02_367755be1ccb9d60_1585909823,-29145.207,-8045.8467,1757.371,,,,,,,,
SceneComponent,BP_Door_Ext_Single_06b_C,UNP_BP_Door_Ext_SingleWood_01a1_7895f44951635563_1,-48030.73,-9369.393,2953.9626,,,,,,,,
SceneComponent,BP_Door_Ext_Single_06b_C,UNP_BP_Door_Ext_SingleWood_01a1_86279adec2ec3b27_0,-15771.685,17941.658,184.37494,,,,,,,,
SceneComponent,BP_Door_Ext_Single_06b_C,UNP_BP_Door_Ext_SingleWood_01a1_UAID_04D9F5F93AD5DD5102_86279adec2ec3b27_1485053133,-14279.895,17979.533,-613.7136,,,,,,,,
SceneComponent,BP_Door_Ext_Single_06b_C,UNP_BP_Door_Ext_SingleWood_01a_7895f44951635563_0,-47014.895,-10270.892,2954.5881,,,,,,,,
SceneComponent,BP_Door_Ext_Single_06b_C,UNP_BP_Door_Ext_Single_01a_42e60c0f2dfe0fa8_0,-13326.832,-12378.981,1329.3392,,,,,,,,
SceneComponent,BP_Door_Ext_Single_06b_C,UNP_BP_Door_Ext_Single_01a_5cd45a4e3089d131_0,-29873.387,-7359.727,1971.9966,,,,,,,,
SceneComponent,BP_Door_Ext_Single_06b_C,UNP_BP_Door_Ext_Single_01a_90429aff829b7e94_0,2217.5923,-11097.203,1643.5242,,,,,,,,
SceneComponent,BP_Door_Ext_Single_06b_C,UNP_BP_Door_Ext_Single_01a_925fe67b578e1df0_0,-2211.3044,20133.209,-16.593336,,,,,,,,
SceneComponent,BP_Door_Ext_Single_06b_C,UNP_BP_Door_Ext_Single_01a_984f965975ddf80a_0,-58301.914,20225.037,-242.08958,,,,,,,,
SceneComponent,BP_Door_Ext_Single_06b_C,UNP_BP_Door_Ext_Single_01a_d7ab05e04fd848b6_0,-24086.092,-10700.681,1973.1392,,,,,,,,
SceneComponent,BP_Door_Ext_Single_07a_C,BP_Door_Ext_Single_07a_C_1839a5c7e36c7ddc_0,-50273.516,-32614.432,6944.8613,,,,,InventoryDefinition_Key'ID_Key_Bronze',,,
SceneComponent,BP_Door_Ext_Single_07a_C,BP_Door_Ext_Single_07a_C_da1ec3d8da7ef2d5_0,-51592.754,16216.233,-276.16556,,,,,InventoryDefinition_Key'ID_Key_Bronze',,,
SceneComponent,BP_Door_Ext_Single_07a_C,UNP_BP_Door_Ext_SingleWood_01a_d11255364167d4af_0,2643.1025,-35063.72,-578.3503,,,,,,,,
SceneComponent,BP_Door_Ext_Single_08a_C,BP_Door_Ext_Single_08a_C_25c38f96bd642657_1,-27153.305,-8815.705,1759.1702,,,,,,,,
SceneComponent,BP_Door_Ext_Single_08a_C,BP_Door_Ext_Single_08a_C_613646c311d01d8e_1,-27278.36,-10368.38,1762.3964,,,,,,,,
SceneComponent,BP_Door_Ext_Single_08a_C,BP_Door_Ext_Single_08a_C_UAID_046874882494859A02_367755be1ccb9d60_1585889815,-27769.508,-9588.527,1759.2593,,,,,,,,
SceneComponent,BP_Door_Ext_Single_08a_C,BP_Door_Ext_Single_08a_C_UAID_04D9F5F93AD5094502_19fd15dc45ca61b1_1302219011,-39641.836,-28128.707,8139.687,,,,,,,,
SceneComponent,BP_Door_Ext_Single_08a_C,BP_Door_Ext_Single_08a_C_UAID_04D9F5F93AD5094502_19fd15dc45ca61b1_1325941012,-39859.508,-27715.889,8139.687,,,,,,,,
SceneComponent,BP_Door_Ext_Single_08a_C,BP_Door_Ext_Single_08a_C_UAID_04D9F5F93AD5094502_665a04c56e1f24ee_1302219011,-35533.88,-25243.988,8139.687,,,,,,,,
SceneComponent,BP_Door_Ext_Single_08a_C,BP_Door_Ext_Single_08a_C_UAID_04D9F5F93AD5094502_665a04c56e1f24ee_1325941012,-35336.723,-25666.99,8139.687,,,,,,,,
SceneComponent,BP_Door_Ext_Single_08a_C,BP_Door_Ext_Single_08a_C_UAID_04D9F5F93AD5094502_bbbfac29b2972afa_1302219011,-38844.832,-24883.09,8139.687,,,,,,,,
SceneComponent,BP_Door_Ext_Single_08a_C,BP_Door_Ext_Single_08a_C_UAID_04D9F5F93AD5094502_bbbfac29b2972afa_1325941012,-38432.01,-24665.418,8139.687,,,,,,,,
SceneComponent,BP_Door_Ext_Single_08a_C,BP_Door_Ext_Single_08a_C_UAID_04D9F5F93AD5094502_e3d28eea39077f84_1302219011,-36343.97,-28824.514,8139.687,,,,,,,,
SceneComponent,BP_Door_Ext_Single_08a_C,BP_Door_Ext_Single_08a_C_UAID_04D9F5F93AD5094502_e3d28eea39077f84_1325941012,-36756.79,-29042.186,8139.687,,,,,,,,
SceneComponent,BP_Door_Ext_Single_08a_C,BP_Door_Ext_Single_08a_C_UAID_04D9F5F93AD5215F02_0d3d88d307a018df_1776931647,36913.98,-8538.485,-100.27448,,,,,,,,
SceneComponent,BP_Door_Ext_Single_08a_C,BP_Door_Ext_Single_08a_C_UAID_04D9F5F93AD5215F02_0ee7a365402e2b65_1776931647,33223.2,-15185.247,-100.27449,,,,,,,,
SceneComponent,BP_Door_Ext_Single_08a_C,BP_Door_Ext_Single_08a_C_UAID_04D9F5F93AD5215F02_6dfd51d988941e94_1776931647,39210.234,-10128.479,-100.27448,,,,,,,,
SceneComponent,BP_Door_Ext_Single_08a_C,BP_Door_Ext_Single_08a_C_UAID_04D9F5F93AD5215F02_7b0b2d09dbcdc51c_1776931647,35226.94,-7370.328,-100.27448,,,,,,,,
SceneComponent,BP_Door_Ext_Single_08a_C,BP_Door_Ext_Single_08a_C_UAID_04D9F5F93AD5215F02_a9a338b10a444bbb_1776931647,30930.68,-13600.403,-100.27448,,,,,,,,
SceneComponent,BP_Door_Ext_Single_08a_C,BP_Door_Ext_Single_08a_C_UAID_04D9F5F93AD5754502_97971df2a4ca033d_2020661656,-35596.234,-26299.482,8074.3384,,,,,,,,
SceneComponent,BP_Door_Ext_Single_08a_C,BP_Door_Ext_Single_08a_C_UAID_04D9F5F93AD5DE5C02_09b253a8aea41573_1317672726,36594.336,-14566.463,-26.230928,,,,,,,,
SceneComponent,BP_Door_Ext_Single_08a_C,BP_Door_Ext_Single_08a_C_UAID_04D9F5F93AD5DE5C02_0d3d88d307a018df_1317672726,35842.84,-10749.853,-26.230928,,,,,,,,
SceneComponent,BP_Door_Ext_Single_08a_C,BP_Door_Ext_Single_08a_C_UAID_04D9F5F93AD5DE5C02_0ee7a365402e2b65_1317672726,34294.344,-12973.88,-26.230928,,,,,,,,
SceneComponent,BP_Door_Ext_Single_08a_C,BP_Door_Ext_Single_08a_C_UAID_04D9F5F93AD5DE5C02_6dfd51d988941e94_1317672726,38139.09,-12339.845,-26.230928,,,,,,,,
SceneComponent,BP_Door_Ext_Single_08a_C,BP_Door_Ext_Single_08a_C_UAID_04D9F5F93AD5EA9F02_09b253a8aea41573_1538902462,34910.71,-16353.7295,-100.27449,,,,,,,,
SceneComponent,BP_Door_Ext_Single_08a_C,BP_Door_Ext_Single_08a_C_UAID_04D9F5F93AD5EA9F02_0d3d88d307a018df_1538902462,37525.47,-8961.897,-100.27449,,,,,,,,
SceneComponent,BP_Door_Ext_Single_08a_C,BP_Door_Ext_Single_08a_C_UAID_04D9F5F93AD5EA9F02_0ee7a365402e2b65_1538902462,32611.713,-14761.835,-100.27449,,,,,,,,
SceneComponent,BP_Door_Ext_Single_08a_C,BP_Door_Ext_Single_08a_C_UAID_581CF8B7231593D602_09b253a8aea41573_2039952176,35922.24,-16200.528,-100.27449,,,,,,,,
SceneComponent,BP_Door_Ext_Single_08a_C,BP_Door_Ext_Single_08a_C_UAID_581CF8B72315F0D502_a9a338b10a444bbb_2023888975,32001.822,-11389.037,-26.230928,,,,,,,,
SceneComponent,BP_Door_Ext_Single_08a_C,UNP_BP_Door_Ext_01a1_6bf7ed90f87edc78_1,-7655.9507,-16185.739,2802.9697,,,,,,,,
SceneComponent,BP_Door_Ext_Single_08a_C,UNP_BP_Door_Ext_01a1_UAID_50EBF6D29969CAA902_6bf7ed90f87edc78_1351933466,-7442.798,-16928.037,375.81912,,,,,,,,
SceneComponent,BP_Door_Ext_Single_08a_C,UNP_BP_Door_Ext_Single_04a_39c53a56517c239f_0,14655.152,13762.044,1581.377,,,,,,,,
SceneComponent,BP_Door_Ext_Single_08a_C,UNP_BP_Door_Ext_Single_04a_3e62a173f235e900_0,21973.797,-21904.992,2149.2754,,,,,,,,
SceneComponent,BP_Door_Ext_Single_08a_C,UNP_BP_Door_Ext_Single_04a_6c4c20721545df36_0,-30614.4,-45715.27,5252.3735,,,,,,,,
SceneComponent,BP_Door_Ext_Single_08a_C,UNP_BP_Door_Ext_Single_04a_a1b8e9568afcd202_0,-57338.79,-19691.715,6452.1787,,,,,,,,
SceneComponent,BP_Door_Ext_Single_08a_C,UNP_BP_Door_Ext_Single_04a_b48abfd6dd8426a8_0,-24681.062,30045.639,938.24963,,,,,,,,
SceneComponent,BP_Door_Ext_Single_08a_C,UNP_BP_Door_Ext_Single_06a3_1c556f47455d4841_0,-2295.0393,2592.5999,-72.123825,,,,,,,,
SceneComponent,BP_Door_Ext_Single_08a_C,UNP_BP_Door_Ext_Single_06a_a595927790dec5fd_0,-48077.348,-7644.019,2968.339,,,,,,,,
SceneComponent,BP_Door_Ext_Single_08a_C,UNP_BP_Door_Large_01a1_32787930e307ffa0_0,31800.229,-6636.37,572.0193,,,,,,,,
SceneComponent,BP_Door_Ext_Single_08a_C,UNP_BP_Door_Large_01a1_6aa29054035e3474_0,24924.814,-11055.163,570.85626,,,,,,,,
SceneComponent,BP_Door_Ext_Single_08a_C,UNP_BP_Door_Large_01a1_b155a0e4697d664a_0,-36470.88,-26607.018,6321.6064,,,,,,,,
SceneComponent,BP_Door_Int_Keep_01a_C,BP_Door_Int_Prison_02a_C_UAID_04D9F5F93AD5B74502_97971df2a4ca033d_2082088857,-35819.293,-26891.25,8074.2593,,,,,,,,
SceneComponent,BP_Door_Int_Keep_01a_C,BP_Door_Int_Prison_02a_C_UAID_04D9F5F93AD5D94802_97971df2a4ca033d_2082961382,-35825.45,-26759.318,9374.315,,,,,InventoryDefinition_Key'ID_Key_Gold',,,
SceneComponent,BP_Door_Int_Prison_01a_C,BP_Door_Int_Prison_01a_C_UAID_04D9F5F93AD55F5B02_0af8d68b152618b4_1127962023,26626.7,-7643.7217,969.85626,,,,,,,,
SceneComponent,BP_Door_Int_Prison_01a_C,BP_Door_Int_Prison_01a_C_UAID_04D9F5F93AD55F5B02_0af8d68b152618b4_1186921255,27046.912,-6536.219,969.85626,,,,,,,,
SceneComponent,BP_Door_Int_Prison_01a_C,BP_Door_Int_Prison_01a_C_UAID_04D9F5F93AD55F5B02_20e2b082a6cc054c_1127962023,23768.686,-8208.095,969.85626,,,,,,,,
SceneComponent,BP_Door_Int_Prison_01a_C,BP_Door_Int_Prison_01a_C_UAID_04D9F5F93AD55F5B02_20e2b082a6cc054c_1186921255,22643.412,-7803.186,969.85626,,,,,,,,
SceneComponent,BP_Door_Int_Prison_01a_C,BP_Door_Int_Prison_01a_C_UAID_04D9F5F93AD55F5B02_c3245b26535725e1_1127962023,24003.201,-6439.7764,969.85626,,,,,,,,
SceneComponent,BP_Door_Int_Prison_01a_C,BP_Door_Int_Prison_01a_C_UAID_04D9F5F93AD55F5B02_c3245b26535725e1_1153893133,25534.607,-7872.001,969.85626,,,,,,,,
SceneComponent,BP_Door_Int_Prison_01a_C,BP_Door_Int_Prison_01a_C_UAID_04D9F5F93AD55F5B02_c3245b26535725e1_1186921255,22894.9,-6040.0767,969.85626,,,,,,,,
SceneComponent,BP_Door_Int_Prison_01a_C,BP_Door_Int_Prison_01a_C_UAID_04D9F5F93AD56A5B02_20e2b082a6cc054c_1217260545,21987.143,-7902.6587,969.85626,,,,,,,,
SceneComponent,BP_Door_Int_Prison_01a_C,BP_Door_Int_Prison_01a_C_UAID_581CF8B72315DFBB02_20e2b082a6cc054c_1974860338,24020.754,-9234.13,969.85626,,,,,,,,
SceneComponent,BP_Door_Int_Prison_01b_C,BP_Door_Int_Prison_01b_C_UAID_581CF8B723152FBC02_0af8d68b152618b4_2127329781,26913.018,-5905.986,971.50653,,,,,,,,
SceneComponent,BP_Door_Int_Prison_01e_C,BP_Door_Int_Prison_01e_C_UAID_581CF8B723154DDB02_3df28b0128384e50_1645828014,35236.914,-12958.394,-27.858389,,,,,,,,
SceneComponent,BP_Door_Int_Prison_01e_C,BP_Door_Int_Prison_01e_C_UAID_581CF8B723154DDB02_3df28b0128384e50_1807703018,34697.273,-12983.804,-27.858389,,,,,,,,
SceneComponent,BP_Door_Int_Prison_01n_C,BP_Door_Int_Prison_01n_C_UAID_581CF8B723158DD602_09b253a8aea41573_1830399847,36183.836,-15071.427,-99.07812,,,,,,,,
SceneComponent,BP_Door_Int_Prison_01n_C,BP_Door_Int_Prison_01n_C_UAID_581CF8B72315CFD702_7b0b2d09dbcdc51c_1395536160,35153.004,-6920.1846,-99.07807,,,,,,,,
SceneComponent,BP_Door_Int_Prison_01n_C,BP_Door_Int_Prison_01n_C_UAID_581CF8B72315D0D702_7b0b2d09dbcdc51c_2123739491,34258.367,-7473.4097,-99.07811,,,,,,,,
SceneComponent,BP_Door_Int_Prison_01n_C,BP_Door_Int_Prison_01n_C_UAID_581CF8B72315D1D702_7b0b2d09dbcdc51c_1317542687,34389.59,-8570.447,-99.07811,,,,,,,,
SceneComponent,BP_Door_Int_Prison_01n_C,BP_Door_Int_Prison_01n_C_UAID_581CF8B72315F89E02_0d3d88d307a018df_1909322850,36964.883,-8985.935,-99.07806,,,,,,,,
SceneComponent,BP_Door_Int_Prison_01n_C,BP_Door_Int_Prison_01n_C_UAID_581CF8B72315F89E02_0ee7a365402e2b65_1595288846,33883.844,-13478.844,-99.07812,,,,,,,,
SceneComponent,BP_Door_Int_Prison_01n_C,BP_Door_Int_Prison_01n_C_UAID_581CF8B72315F89E02_0ee7a365402e2b65_1909322850,33172.3,-14737.798,-99.07806,,,,,,,,
SceneComponent,BP_Door_Int_Prison_01n_C,BP_Door_Int_Prison_01n_C_UAID_581CF8B72315F99E02_09b253a8aea41573_1396080037,35085.29,-16891.188,-99.07807,,,,,,,,
SceneComponent,BP_Door_Int_Prison_01n_C,BP_Door_Int_Prison_01n_C_UAID_581CF8B72315F99E02_0d3d88d307a018df_1396080037,37351.887,-8425.127,-99.07807,,,,,,,,
SceneComponent,BP_Door_Int_Prison_01n_C,BP_Door_Int_Prison_01n_C_UAID_581CF8B72315F99E02_0ee7a365402e2b65_1396080037,32785.297,-15298.605,-99.07807,,,,,,,,
SceneComponent,BP_Door_Int_Prison_01n_C,BP_Door_Int_Prison_01n_C_UAID_581CF8B72315F99E02_6dfd51d988941e94_1396080037,39753.895,-10105.976,-99.07807,,,,,,,,
SceneComponent,BP_Door_Int_Prison_01n_C,BP_Door_Int_Prison_01n_C_UAID_581CF8B72315F99E02_a9a338b10a444bbb_1396080037,30387.021,-13622.906,-99.07807,,,,,,,,
SceneComponent,BP_Door_Int_Prison_01n_C,UNP_BP_Door_Int_Prison_01b1_32787930e307ffa0_0,32594.574,-5957.9043,591.0193,,,,,,,,
SceneComponent,BP_Door_Int_Prison_01n_C,UNP_BP_Door_Int_Prison_01b1_6aa29054035e3474_0,25603.28,-11849.507,589.85626,,,,,,,,
SceneComponent,BP_Door_Int_Prison_01n_C,UNP_BP_Door_Int_Prison_01b1_b155a0e4697d664a_1,-37343.55,-26032.787,6340.6064,,,,,,,,
SceneComponent,BP_Door_Int_Prison_01n_C,UNP_BP_Door_Int_Prison_01b2_32787930e307ffa0_0,32896.29,-5522.1675,591.0193,,,,,,,,
SceneComponent,BP_Door_Int_Prison_01n_C,UNP_BP_Door_Int_Prison_01b2_6aa29054035e3474_0,26039.018,-12151.224,589.85626,,,,,,,,
SceneComponent,BP_Door_Int_Prison_01n_C,UNP_BP_Door_Int_Prison_01b2_b155a0e4697d664a_2,-37846.023,-25864.207,6340.6064,,,,,,,,
SceneComponent,BP_Door_Int_Prison_01n_C,UNP_BP_Door_Int_Prison_01b3_32787930e307ffa0_0,33198.008,-5086.43,591.0193,,,,,,,,
SceneComponent,BP_Door_Int_Prison_01n_C,UNP_BP_Door_Int_Prison_01b3_6aa29054035e3474_0,26474.754,-12452.94,589.85626,,,,,,,,
SceneComponent,BP_Door_Int_Prison_01n_C,UNP_BP_Door_Int_Prison_01b3_b155a0e4697d664a_3,-38348.5,-25695.627,6340.6064,,,,,,,,
SceneComponent,BP_Door_Int_Prison_01n_C,UNP_BP_Door_Int_Prison_01b4_32787930e307ffa0_0,32680.043,-4885.8994,591.0193,,,,,,,,
SceneComponent,BP_Door_Int_Prison_01n_C,UNP_BP_Door_Int_Prison_01b4_6aa29054035e3474_0,26675.285,-11934.977,589.85626,,,,,,,,
SceneComponent,BP_Door_Int_Prison_01n_C,UNP_BP_Door_Int_Prison_01b4_b155a0e4697d664a_4,-38397.01,-26248.932,6340.6064,,,,,,,,
SceneComponent,BP_Door_Int_Prison_01n_C,UNP_BP_Door_Int_Prison_01b5_32787930e307ffa0_0,32366.94,-5338.079,591.0193,,,,,,,,
SceneComponent,BP_Door_Int_Prison_01n_C,UNP_BP_Door_Int_Prison_01b5_6aa29054035e3474_0,26223.105,-11621.874,589.85626,,,,,,,,
SceneComponent,BP_Door_Int_Prison_01n_C,UNP_BP_Door_Int_Prison_01b5_b155a0e4697d664a_5,-37875.58,-26423.873,6340.6064,,,,,,,,
SceneComponent,BP_Door_Int_Prison_01n_C,UNP_BP_Door_Int_Prison_01b6_32787930e307ffa0_0,32053.838,-5790.2593,591.0193,,,,,,,,
SceneComponent,BP_Door_Int_Prison_01n_C,UNP_BP_Door_Int_Prison_01b6_6aa29054035e3474_0,25770.926,-11308.7705,589.85626,,,,,,,,
SceneComponent,BP_Door_Int_Prison_01n_C,UNP_BP_Door_Int_Prison_01b6_b155a0e4697d664a_6,-37354.14,-26598.816,6340.6064,,,,,,,,
SceneComponent,BP_Door_Int_Prison_01n_C,UNP_BP_Door_Int_Prison_01b7_32787930e307ffa0_0,31763.506,-6209.553,591.0193,,,,,,,,
SceneComponent,BP_Door_Int_Prison_01n_C,UNP_BP_Door_Int_Prison_01b7_6aa29054035e3474_0,25351.63,-11018.439,589.85626,,,,,,,,
SceneComponent,BP_Door_Int_Prison_01n_C,UNP_BP_Door_Int_Prison_01b7_b155a0e4697d664a_7,-36870.63,-26761.035,6340.6064,,,,,,,,
SceneComponent,BP_Door_Int_Prison_01n_C,UNP_BP_Door_Int_Prison_01b_32787930e307ffa0_0,32287.164,-6401.863,591.0193,,,,,,,,
SceneComponent,BP_Door_Int_Prison_01n_C,UNP_BP_Door_Int_Prison_01b_6aa29054035e3474_0,25159.32,-11542.097,589.85626,,,,,,,,
SceneComponent,BP_Door_Int_Prison_01n_C,UNP_BP_Door_Int_Prison_01b_b155a0e4697d664a_0,-36831.594,-26204.549,6340.6064,,,,,,,,
SceneComponent,BP_Door_Int_SingleWood_01_C,BP_Door_Int_SingleWood_01_C_UAID_04D9F5F93AD5584602_97971df2a4ca033d_1155288811,-35502.844,-27384.443,8505.783,,,,,,,,
SceneComponent,BP_Door_Int_SingleWood_01_C,BP_Door_Int_SingleWood_01_C_UAID_04D9F5F93AD5B84502_97971df2a4ca033d_1175916316,-35363.848,-27032.637,8071.011,,,,,InventoryDefinition_Key'ID_Key_Silver',,,
SceneComponent,BP_Door_Int_SingleWood_01_C,UNP_BP_Door_Ext_Single_06a_1c556f47455d4841_0,-2479.1482,2083.2256,-71.15621,,,,,,,,
SceneComponent,BP_Door_Int_SingleWood_03_C,BP_Door_Ext_Single_08a_C_UAID_046874882494859A02_367755be1ccb9d60_1585906822,-27935.941,-9194.231,1759.2767,,,,,InventoryDefinition_Key'ID_Key_Bronze',,,
SceneComponent,BP_Door_Int_SingleWood_03_C,BP_Door_Int_SingleWood_02_C_UAID_04D9F5F93AD5464B02_358ce63c24dd89f2_1697605331,-30049.012,-5832.305,1809.7812,,,,,,,,
SceneComponent,BP_Door_Int_SingleWood_03_C,BP_Door_Int_SingleWood_02_C_UAID_04D9F5F93AD5BD4902_358ce63c24dd89f2_1579412766,-29641.498,-5676.453,1809.7812,,,,,,,,
SceneComponent,BP_Door_Int_SingleWood_03_C,BP_Door_Int_SingleWood_02_C_UAID_04D9F5F93AD5BD4902_358ce63c24dd89f2_1622661767,-29872.775,-5307.123,2219.8394,,,,,,,,
SceneComponent,BP_Door_Int_SingleWood_03_C,BP_Door_Int_SingleWood_03_C_25c38f96bd642657_3,-26926.787,-7908.0586,2103.9365,,,,,,,,
SceneComponent,BP_Door_Int_SingleWood_03_C,BP_Door_Int_SingleWood_03_C_25c38f96bd642657_6,-26771.068,-8271.527,1764.0753,,,,,,,,
SceneComponent,BP_Door_Int_SingleWood_03_C,BP_Door_Int_SingleWood_03_C_613646c311d01d8e_6,-27648.625,-10920.771,1767.3014,,,,,,,,
SceneComponent,BP_Door_Int_SingleWood_03_C,BP_Door_Int_SingleWood_03_C_UAID_046874882494859A02_367755be1ccb9d60_1585845797,-28415.057,-8251.848,1751.2703,,,,,InventoryDefinition_Key'ID_Key_Bronze',,,
SceneComponent,BP_Door_Int_SingleWood_03_C,BP_Door_Int_SingleWood_03_C_UAID_046874882494859A02_367755be1ccb9d60_1585864805,-28412.408,-9423.725,2106.8103,,,,,,,,
SceneComponent,BP_Door_Int_SingleWood_03_C,BP_Door_Int_SingleWood_03_C_UAID_046874882494859A02_367755be1ccb9d60_1585872808,-28439.521,-9655.278,1752.7852,,,,,InventoryDefinition_Key'ID_Key_Bronze',,,
SceneComponent,BP_Door_Int_SingleWood_03_C,BP_Door_Int_SingleWood_03_C_UAID_046874882494859A02_367755be1ccb9d60_1585882812,-27933.75,-9192.637,2108.1125,,,,,,,,
SceneComponent,BP_Door_Int_SingleWood_03_C,BP_Door_Int_SingleWood_03_C_UAID_046874882494859A02_367755be1ccb9d60_1585894817,-28288.836,-8457.137,2107.7131,,,,,,,,
SceneComponent,BP_Door_Int_SingleWood_03_C,BP_Door_Int_SingleWood_03_C_UAID_046874882494859A02_367755be1ccb9d60_1585911824,-28754.91,-8263.551,2305.637,,,,,,,,
SceneComponent,BP_Door_Int_SingleWood_03_C,BP_Door_Int_SingleWood_03_C_UAID_04D9F5F93AD55E4A02_358ce63c24dd89f2_1101153488,-30594.52,-5527.9185,2216.4363,,,,,,,,
SceneComponent,BP_Door_Int_SingleWood_03_C,BP_Door_Int_SingleWood_03_C_UAID_04D9F5F93AD5714902_25c38f96bd642657_1291391082,-26232.986,-7903.207,1764.5458,,,,,,,,
SceneComponent,BP_Door_Int_SingleWood_03_C,BP_Door_Int_SingleWood_03_C_UAID_04D9F5F93AD5714902_613646c311d01d8e_1291391082,-28178.537,-11300.752,1767.7719,,,,,,,,
SceneComponent,BP_Door_Int_SingleWood_03_C,BP_Door_Int_SingleWood_03_C_UAID_04D9F5F93AD5974C02_358ce63c24dd89f2_1939973494,-30404.648,-5967.859,2216.6467,,,,,,,,
SceneComponent,BP_Door_Int_SingleWood_03_C,BP_Door_Int_SingleWood_03_C_UAID_08BFB82FEC6A71E302_613646c311d01d8e_1181363171,-27392.715,-10748.711,2113.642,,,,,,,,
SceneComponent,BP_Door_Int_SingleWood_03_C,BP_Door_Int_SingleWood_03_C_UAID_581CF8B723153C5202_85bb18fbbf27a88e_1286227929,-27398.832,-7073.9634,1777.6218,,,,,InventoryDefinition_Key'ID_Key_Bronze',,,
SceneComponent,BP_Door_Int_SingleWood_03_C,BP_Door_Int_SingleWood_03_C_UAID_581CF8B72315EC5102_25c38f96bd642657_1820459569,-26357.328,-7602.751,2105.8564,,,,,,,,
SceneComponent,BP_Door_Int_SingleWood_03_C,UNP_BP_Door_Ext_SingleWood_01a3_UAID_04D9F5F93AD5DE5102_86279adec2ec3b27_1374782852,-15899.497,19658.113,185.60982,,,,,,,,
SceneComponent,BP_Door_Int_SingleWood_03_C,UNP_BP_Door_Ext_Single_01a3_601a3976627e89c8_0,-48848.617,-8108.6772,2961.2732,,,,,,,,
SceneComponent,BP_Door_Int_SingleWood_03_C,UNP_BP_Door_Ext_Single_01a3_UAID_046874882494859A02_367755be1ccb9d60_1585884813,-29724.596,-8972.002,1756.6627,,,,,,,,
SceneComponent,BP_Door_Int_SingleWood_03_C,UNP_BP_Door_Ext_Single_01a4_UAID_18C04DA8201B437902_1955f5d21cbe47a4_1437730264,22797.295,7129.2812,2417.0872,,,,,,,,
SceneComponent,BP_Door_Int_SingleWood_03_C,UNP_BP_Door_Ext_Single_01a_126232618081b8ee_0,-26031.852,-9777.041,1781.5596,,,,,,,,
SceneComponent,BP_Door_Int_SingleWood_03_C,UNP_BP_Door_Ext_Single_05a1_UAID_04D9F5F93AD53DD102_afe4a3bbeb7c2068_2016772453,3794.4563,-12477.23,1425.5864,,,,,,,,
SceneComponent,BP_Door_Int_SingleWood_03_C,UNP_BP_Door_Ext_Single_05a1_UAID_D843AE1A93E5A37D02_d675ac69400b5c24_1174394603,-3165.0117,3545.0356,-567.8738,,,,,InventoryDefinition_Key'ID_Key_Bronze',,,
SceneComponent,BP_Door_Int_SingleWood_03_C,UNP_BP_Door_Ext_Single_05a1_afe4a3bbeb7c2068_0,3225.0771,-12744.676,1425.5864,,,,,,,,
SceneComponent,BP_Door_Int_SingleWood_03_C,UNP_BP_Door_Ext_Single_05a2_1c556f47455d4841_1,-2421.0474,3115.0732,419.88458,,,,,,,,
SceneComponent,BP_Door_Int_SingleWood_03_C,UNP_BP_Door_Ext_Single_05a2_afe4a3bbeb7c2068_1,3178.6553,-12550.346,1788.4241,,,,,,,,
SceneComponent,BP_Door_Int_SingleWood_03_C,UNP_BP_Door_Ext_Single_05a3_UAID_D843AE1A93E5A37D02_d675ac69400b5c24_1174389602,-4108.044,3228.8152,-569.4037,,,,,InventoryDefinition_Key'ID_Key_Bronze',,,
SceneComponent,BP_Door_Int_SingleWood_03_C,UNP_BP_Door_Ext_Single_05a3_afe4a3bbeb7c2068_2,4330.607,-12423.55,1788.4241,,,,,,,,
SceneComponent,BP_Door_Int_SingleWood_03_C,UNP_BP_Door_Ext_Single_05a4_1c556f47455d4841_4,-2482.5576,2081.0862,-565.09283,,,,,,,,
SceneComponent,BP_Door_Int_SingleWood_03_C,UNP_BP_Door_Ext_Single_05a4_afe4a3bbeb7c2068_3,3861.067,-12645.625,1788.4241,,,,,,,,
SceneComponent,BP_Door_Int_SingleWood_03_C,UNP_BP_Door_Ext_Single_05a5_1c556f47455d4841_0,-2489.967,2539.0627,420.9788,,,,,,,,
SceneComponent,BP_Door_Int_SingleWood_03_C,UNP_BP_Door_Ext_Single_05a5_1c556f47455d4841_5,-2967.2734,2495.5415,421.06146,,,,,,,,
SceneComponent,BP_Door_Int_SingleWood_03_C,UNP_BP_Door_Ext_Single_05a5_afe4a3bbeb7c2068_4,3393.5393,-12867.79,1788.4241,,,,,,,,
SceneComponent,BP_Door_Int_SingleWood_03_C,UNP_BP_Door_Ext_Single_05a_1c556f47455d4841_0,-3165.431,3549.1995,-73.940956,,,,,,,,
SceneComponent,BP_Door_Int_SingleWood_03_C,UNP_BP_Door_Int_SingleWood_01_86279adec2ec3b27_0,-14226.972,18336.02,183.08691,,,,,InventoryDefinition_Key'ID_Key_Bronze',,,
SceneComponent,BP_Door_Int_SingleWood_03_C,UNP_BP_Door_Int_SingleWood_02_86279adec2ec3b27_1,-14598.24,18099.266,183.08691,,,,,,,,
SceneComponent,BP_Door_Int_SingleWood_03_C,UNP_BP_Window_Ext_Single_07a3_UAID_04D9F5F93AD55E4A02_a595927790dec5fd_2120226809,-47970.957,-7656.1157,3513.7212,,,,,InventoryDefinition_Key'ID_Key_Silver',,,
SceneComponent,BP_Door_Int_SingleWood_03_C,UNP_BP_Window_Ext_Single_07a3_a595927790dec5fd_0,-48450.37,-7472.423,3513.7212,,,,,,,,
SceneComponent,BP_Door_Int_SingleWood_04a_C,UNP_BP_Door_Ext_Single_01a3_14c2f7d024ec740e_0,-11981.668,22787.06,-296.33444,,,,,,,,
SceneComponent,BP_Door_Int_SingleWood_04a_C,UNP_BP_Door_Ext_Single_01a3_UAID_046874882494977D02_f5f3745e62dd497c_1270198705,-66556.85,-2264.2954,1701.7963,,,,,InventoryDefinition_Key'ID_Key_Bronze',,,
SceneComponent,BP_Door_Int_Single_08a_C,BP_Door_Int_SingleWood_01_C_UAID_04D9F5F93AD5E04602_97971df2a4ca033d_1222132862,-35723.574,-26983.09,8938.538,,,,,InventoryDefinition_Key'ID_Key_Gold',,,
SceneComponent,BP_Door_Large_01a_C,BP_Door_Large_01a_C_UAID_581CF8B72315CDD702_3df28b0128384e50_1675742688,33541.707,-9162.691,-24.717445,,,,,,,,
SceneComponent,BP_Door_Large_01a_C,UNP_BP_Door_2p_01_W1_4c0740ed445982b4_1,-14513.434,-12368.405,1110.0845,,,,,,,,
SceneComponent,BP_Door_Large_01a_C,UNP_BP_Door_2p_01_W3_4c0740ed445982b4_2,-16442.51,-13091.98,1110.0845,,,,,,,,
SceneComponent,BP_Door_Large_01a_C,UNP_BP_Door_2p_01_W_42e60c0f2dfe0fa8_0,-13121.069,-11491.534,1103.4015,,,,,,,,
SceneComponent,BP_Door_Large_01a_C,UNP_BP_Door_2p_01_W_4c0740ed445982b4_0,-16309.418,-10935.327,1110.0845,,,,,,,,
SceneComponent,BP_Door_Large_01a_C,UNP_BP_Door_2p_01_W_5cd45a4e3089d131_0,-29288.828,-6661.019,1746.0588,,,,,,,,
SceneComponent,BP_Door_Large_01a_C,UNP_BP_Door_2p_01_W_90429aff829b7e94_0,2813.7358,-10408.354,1417.5864,,,,,,,,
SceneComponent,BP_Door_Large_01a_C,UNP_BP_Door_2p_01_W_d7ab05e04fd848b6_0,-24747.879,-11326.731,1747.2014,,,,,,,,
SceneComponent,BP_Door_Large_01a_C,UNP_BP_Door_Large_01a1_5a5767cc339294e0_1,40199.043,-13761.073,-23.581362,,,,,,,,
SceneComponent,BP_Door_Large_01a_C,UNP_BP_Door_Large_01a1_fa7bcc8dea0c77fa_1,38644.61,-15986.697,-23.581362,,,,,,,,
SceneComponent,BP_Door_Large_01a_C,UNP_BP_Door_Large_01a_5a5767cc339294e0_0,41323.957,-12127.46,-27.990248,,,,,,,,
SceneComponent,BP_Door_Large_01a_C,UNP_BP_Door_Large_01a_fa7bcc8dea0c77fa_0,37519.695,-17620.31,-27.990248,,,,,,,,
SceneComponent,BP_Door_Large_02a_C,BP_Door_Large_02a_C_UAID_04D9F5F93AD5754502_97971df2a4ca033d_2020668657,-35921.5,-27418.848,8078.04,,,,,InventoryDefinition_Key'ID_Key_Silver',,,
SceneComponent,BP_Door_Large_02a_C,UNP_BP_Door_2p_01_W_925fe67b578e1df0_0,-1931.473,19266.264,-242.5311,,,,,,,,
SceneComponent,BP_Door_Large_02a_C,UNP_BP_Door_2p_01_W_984f965975ddf80a_0,-57512.64,20679.957,-468.02734,,,,,,,,
SceneComponent,BP_Door_Large_02a_C,UNP_BP_Door_Large_02a1_a595927790dec5fd_0,-48634.402,-6791.726,2961.4956,,,,,,,,
SceneComponent,BP_Door_MedCart_01a_C,UNP_BP_Door_MedCart_01a_44bc51358a0b9d56_0,-38938.105,30054.186,1119.6274,,,,,,,,
SceneComponent,BP_Door_MedCart_01a_C,UNP_BP_Door_MedCart_01a_7c0996856b002674_0,-23572.77,6110.6104,893.356,,,,,,,,
SceneComponent,BP_Door_MedCart_01a_C,UNP_BP_Door_MedCart_01a_UAID_046874882494AD8D02_c71ad3ef090f6a00_1994076602,-53697.105,37706.35,1909.3357,,,,,,,,
SceneComponent,BP_EasyFog_C,BP_EasyFog_C_UAID_9C6B002263F7833802_5bfd8886d610c4d5_2109961727,2454482.8,564250.94,2360292.2,,,,,,,,
SceneComponent,BP_EasyFog_C,BP_EasyFog_C_UAID_9C6B002263F7833802_cf7cc99b57fa7ef6_2082918701,1341588.6,275542.66,461387.44,,,,,,,,
SceneComponent,BP_EasyFog_C,BP_EasyFog_C_UAID_9C6B002263F7833802_cf7cc99b57fa7ef6_2082921702,1341598.6,275552.66,461387.44,,,,,,,,
SceneComponent,BP_ExtractorsCache_M02_C,BP_ExtractorsCache_M02_C_UAID_D843AE1A93E5AFE502_1657872660,-58236.105,20318.99,-445.03958,,,,,,,,
SceneComponent,BP_FogDisableVolume_Base_C,BP_FogDisableVolume_Base_C_UAID_10FFE0F0DC0E25E602_afe4a3bbeb7c2068_1760180213,3555.7524,-12517.798,890.3291,,,,,,,,
SceneComponent,BP_FogDisableVolume_Base_C,BP_FogDisableVolume_Base_C_UAID_D843AE1A93E5D2E302_16430dedd3080722_1476450709,34055.58,-12204.121,715.648,,,,,,,,
SceneComponent,BP_FogDisableVolume_Base_C,BP_FogDisableVolume_Base_C_UAID_D843AE1A93E5D2E302_16430dedd3080722_1938088192,21163.102,-6408.389,858.2835,,,,,,,,
SceneComponent,BP_FortificationBlueprint_C,BP_FortificationBlueprint_C_UAID_04D9F5F93AD5725A02_37bd26559c49d275_1416410779,-7745.1567,-16223.018,4155.6904,,,,,,,,
SceneComponent,BP_HangingHerbRope_C,BP_HangingHerbRope_C_UAID_581CF8B723153D5202_85bb18fbbf27a88e_1141990158,-27696.227,-7306.7466,1958.134,,,,,,,,
SceneComponent,BP_Lift_01C_C,BP_Lift_01B_C_UAID_04D9F5F93AD5F19802_37bd26559c49d275_1674286984,-7863.4126,-17362.252,3912.8862,,,,,,,,
SceneComponent,BP_LouisFather_C,BP_LouisFather_C_UAID_04D9F5F93AD5B85F02_59d975dab9b95df5_1102300090,25910.719,-12276.972,589.85626,,,,,,,,
SceneComponent,BP_LouisFathersNote_C,BP_LouisFathersNote_C_UAID_D843AE1A93E564B302_41d11f5049aa8665_2027616265,26022.605,-12363.906,633.52747,,,,,,,,
SceneComponent,BP_LouisHandkerchief_C,BP_LouisHandkerchief_C_UAID_04D9F5F93AD5B85F02_59d975dab9b95df5_1338912092,25935.875,-12376.669,589.8186,,,,,,,,
SceneComponent,BP_LouisMothersNote2_C,BP_LouisMothersNote2_C_UAID_D843AE1A93E5E97D02_86279adec2ec3b27_1143643313,-15482.325,19165.703,276.3345,,,,,,,,
SceneComponent,BP_LouisQ7Corpse_C,StaticMeshActor_UAID_D843AE1A93E5F07D02_86279adec2ec3b27_1175863571,-15941.794,19826.209,269.1186,,,,,,,,
SceneComponent,BP_Mapzone_01b_C,BP_Mapzone_01b_C_1,-6340.563,-19823.479,1188.6064,,,,,,,,
SceneComponent,BP_Q03_RatsNest01_C,BP_Q03_RatsNest01_C_UAID_D843AE1A93E5485202_8842c8402fd3ec16_1538596869,-62969.176,-13671.425,1561.4503,,,,,,,,
SceneComponent,BP_Q04_Gravestone_C,BP_Q04_Gravestone_C_UAID_04D9F5F93AD5185B02_1394531542,-39076.574,-15591.532,5176.625,,,,,,,,
SceneComponent,BP_Q05_Water03_C,BP_Q05_Water03_C_UAID_04D9F5F93AD5605602_0c3a7d6c1db50755_1268710209,-63080.973,-16135.817,3448.7046,,,,,,,,
SceneComponent,BP_Q06_BodyBeads_C,BP_Q06_BodyBeads_C_651032435c25b62a_1,3149.079,-12243.773,2145.433,,,,,,,,
SceneComponent,BP_QuarantineDiary_C,BP_QuarantineDiary_C_UAID_04D9F5F93AD5B45B02_41d11f5049aa8665_1408769533,23373.012,-11448.092,857.5653,,,,,,,,
SceneComponent,BP_RaidSpawn_C,BP_RaidSpawn_C_0,-27604.807,41700.273,1672.8604,,,,,,,,
SceneComponent,BP_RaidSpawn_C,BP_RaidSpawn_C_1,-6498.6235,-44254.062,1008.9764,,,,,,,,
SceneComponent,BP_RaidSpawn_C,BP_RaidSpawn_C_10,-42534.74,41487.004,1312.8726,,,,,,,,
SceneComponent,BP_RaidSpawn_C,BP_RaidSpawn_C_11,-67170.85,30118.988,907.2454,,,,,,,,
SceneComponent,BP_RaidSpawn_C,BP_RaidSpawn_C_12,-61797.617,-26725.816,6237.71,,,,,,,,
SceneComponent,BP_RaidSpawn_C,BP_RaidSpawn_C_13,-18984.87,-45735.19,2744.6733,,,,,,,,
SceneComponent,BP_RaidSpawn_C,BP_RaidSpawn_C_14,16940.434,29238.416,913.3922,,,,,,,,
SceneComponent,BP_RaidSpawn_C,BP_RaidSpawn_C_15,7473.768,34367.414,1101.6058,,,,,,,,
SceneComponent,BP_RaidSpawn_C,BP_RaidSpawn_C_2,-15856.456,42451.285,-455.1294,,,,,,,,
SceneComponent,BP_RaidSpawn_C,BP_RaidSpawn_C_3,-41831.355,-45596.734,5720.8354,,,,,,,,
SceneComponent,BP_RaidSpawn_C,BP_RaidSpawn_C_4,17049.32,-27704.717,1824.8174,,,,,,,,
SceneComponent,BP_RaidSpawn_C,BP_RaidSpawn_C_5,24375.584,14979.882,2258.6763,,,,,,,,
SceneComponent,BP_RaidSpawn_C,BP_RaidSpawn_C_6,-55636.547,40655.992,2035.433,,,,,,,,
SceneComponent,BP_RaidSpawn_C,BP_RaidSpawn_C_7,27089.613,-8974.403,2456.8052,,,,,,,,
SceneComponent,BP_RaidSpawn_C,BP_RaidSpawn_C_8,-70523.39,-3183.65,2065.6897,,,,,,,,
SceneComponent,BP_RaidSpawn_C,BP_RaidSpawn_C_9,-68112.82,19158.074,-678.4652,,,,,,,,
SceneComponent,BP_SPOI_C,UNP_BP_SPOI_47ebfb098dd31df7_0,-59247.277,-5904.402,1874.206,,,,,,,,
SceneComponent,BP_SignalHorn_M02_C,BP_SignalHorn_C_UAID_04D9F5F93AD5825202_97971df2a4ca033d_1413316095,-35153.62,-26447.914,10178.089,,,,,,,,
SceneComponent,BP_SoundTrap_Corpse_Bagged_C,BP_SoundTrap_Corpse_Bagged_C_UAID_581CF8D81CD7F2C002_506418f5d98a8fad_1208199839,-48805.035,-5714.091,2952.7942,,50.0,Blueprint,10.0 HP,,,,False
SceneComponent,BP_SoundTrap_Corpse_Bagged_C,BP_SoundTrap_Corpse_Bagged_C_UAID_581CF8D81CD7F2C002_506418f5d98a8fad_1380019881,-48682.67,-5719.7085,2927.4773,,50.0,Blueprint,10.0 HP,,,,False
SceneComponent,BP_SoundTrap_Corpse_Bagged_C,BP_SoundTrap_Corpse_Bagged_C_UAID_581CF8D81CD7F2C002_b8c16c41f735ed54_1208199839,-46021.84,-5979.62,2920.9958,,50.0,Blueprint,10.0 HP,,,,False
SceneComponent,BP_SoundTrap_Corpse_Bagged_C,BP_SoundTrap_Corpse_Bagged_C_UAID_581CF8D81CD7F2C002_b8c16c41f735ed54_1380019881,-45953.94,-6082.98,2902.2292,,50.0,Blueprint,10.0 HP,,,,False
SceneComponent,BP_SoundTrap_Corpse_Bagged_C,BP_SoundTrap_Corpse_Bagged_C_UAID_581CF8D81CD7F2C002_cffc62d1748eabb2_1208199839,-45972.52,-4417.3823,2936.3293,,50.0,Blueprint,10.0 HP,,,,False
SceneComponent,BP_SoundTrap_Corpse_Bagged_C,BP_SoundTrap_Corpse_Bagged_C_UAID_581CF8D81CD7F2C002_cffc62d1748eabb2_1380019881,-46074.203,-4483.507,2905.776,,50.0,Blueprint,10.0 HP,,,,False
SceneComponent,BP_SoundTrap_Corpse_Bagged_C,BP_SoundTrap_Corpse_Bagged_C_UAID_581CF8D81CD7F2C002_dab8d5731913d75b_1208199839,-45955.312,-4779.3403,2935.6199,,50.0,Blueprint,10.0 HP,,,,False
SceneComponent,BP_SoundTrap_Corpse_Bagged_C,BP_SoundTrap_Corpse_Bagged_C_UAID_581CF8D81CD7F2C002_dab8d5731913d75b_1380019881,-45834.023,-4784.259,2905.4426,,50.0,Blueprint,10.0 HP,,,,False
SceneComponent,BP_SoundTrap_Corpse_Bagged_C,BP_SoundTrap_Corpse_Bagged_C_UAID_581CF8D81CD7F2C002_ea6f0cf3fa2626f3_1208199839,-48453.543,-5172.248,2946.4954,,50.0,Blueprint,10.0 HP,,,,False
SceneComponent,BP_SoundTrap_Corpse_Bagged_C,BP_SoundTrap_Corpse_Bagged_C_UAID_581CF8D81CD7F2C002_ea6f0cf3fa2626f3_1380019881,-48570.887,-5209.2163,2923.928,,50.0,Blueprint,10.0 HP,,,,False
SceneComponent,BP_SoundTrap_Corpse_Fem_C,BP_Corpse_Hung_01a_C_17,-19886.89,-17421.348,1775.7921,,50.0,Blueprint,10.0 HP,,,,True
SceneComponent,BP_SoundTrap_Corpse_Fem_C,BP_SoundTrap_Corpse_Fem_C_UAID_04D9F5F93AD56B4902_170009526a2c1544_1851829459,-27889.635,-4627.911,2214.2446,,50.0,Blueprint,10.0 HP,,,,True
SceneComponent,BP_SoundTrap_Corpse_Fem_C,BP_SoundTrap_Corpse_Fem_C_UAID_04D9F5F93AD5FD5102_86279adec2ec3b27_1958794094,-15564.045,19002.846,-15.733292,,50.0,Blueprint,10.0 HP,,,,True
SceneComponent,BP_SoundTrap_Corpse_Fem_C,BP_SoundTrap_Corpse_Fem_C_UAID_18C04DA8201B437902_1955f5d21cbe47a4_1151872190,20370.764,6199.4956,1714.1929,,50.0,Blueprint,10.0 HP,,,,True
SceneComponent,BP_SoundTrap_Corpse_Fem_C,BP_SoundTrap_Corpse_Male_C_UAID_00FF8EFC2BEFD45502_29c2b06bf31f4049_1076987282,-59140.387,-18165.67,5655.4146,,50.0,Blueprint,10.0 HP,,,,True
SceneComponent,BP_SoundTrap_Corpse_Fem_C,BP_SoundTrap_Corpse_Male_C_UAID_00FF8EFC2BEFD45502_549ddff7aeb43b0c_1076987282,-7829.436,-19656.537,-205.09523,,50.0,Blueprint,10.0 HP,,,,True
SceneComponent,BP_SoundTrap_Corpse_Fem_C,BP_SoundTrap_Corpse_Male_C_UAID_00FF8EFC2BEFD45502_5c69b16e055916f3_1076987282,23556.35,-361.66885,1933.5581,,50.0,Blueprint,10.0 HP,,,,True
SceneComponent,BP_SoundTrap_Corpse_Fem_C,BP_SoundTrap_Corpse_Male_C_UAID_00FF8EFC2BEFD45502_d990cc2f1f227046_1076987282,23090.219,5686.254,1937.5984,,50.0,Blueprint,10.0 HP,,,,True
SceneComponent,BP_SoundTrap_Corpse_Fem_C,UNP_BP_SoundTrap_Corpse_Fem1_925fe67b578e1df0_0,-2141.731,19847.27,281.2452,,15.0,Custom),10.0 HP,,,,True
SceneComponent,BP_SoundTrap_Corpse_Fem_C,UNP_BP_SoundTrap_Corpse_Fem1_984f965975ddf80a_0,-58036.84,20352.861,55.74898,,15.0,Custom),10.0 HP,,,,True
SceneComponent,BP_SoundTrap_Corpse_Fem_C,UNP_BP_SoundTrap_Corpse_Fem_1c556f47455d4841_0,-3340.8071,2092.7397,697.0878,,50.0,Blueprint,10.0 HP,,,,True
SceneComponent,BP_SoundTrap_Corpse_Fem_C,UNP_BP_SoundTrap_Corpse_Fem_42e60c0f2dfe0fa8_0,-13479.411,-12597.796,1657.4087,,15.0,Custom),10.0 HP,,,,True
SceneComponent,BP_SoundTrap_Corpse_Fem_C,UNP_BP_SoundTrap_Corpse_Fem_5cd45a4e3089d131_0,-30114.508,-7396.769,2318.9177,,15.0,Custom),10.0 HP,,,,True
SceneComponent,BP_SoundTrap_Corpse_Fem_C,UNP_BP_SoundTrap_Corpse_Fem_90429aff829b7e94_0,1980.5298,-11219.52,1971.5938,,15.0,Custom),10.0 HP,,,,True
SceneComponent,BP_SoundTrap_Corpse_Fem_C,UNP_BP_SoundTrap_Corpse_Fem_Hung02a_1fd4deca5db5e0ac_0,22052.186,-6926.1406,2813.3447,,50.0,Blueprint,10.0 HP,,,,True
SceneComponent,BP_SoundTrap_Corpse_Fem_C,UNP_BP_SoundTrap_Corpse_Fem_Hung02a_4c0740ed445982b4_0,-14977.589,-12158.641,1527.7017,,50.0,Blueprint,10.0 HP,,,,True
SceneComponent,BP_SoundTrap_Corpse_Fem_C,UNP_BP_SoundTrap_Corpse_Fem_Hung02a_ae8febe2a299bcdd_0,8868.181,-28162.992,974.4597,,50.0,Blueprint,10.0 HP,,,,True
SceneComponent,BP_SoundTrap_Corpse_Fem_C,UNP_BP_SoundTrap_Corpse_Fem_Hung02a_be7c0cd6f40db8f2_0,-49918.69,9888.464,893.9167,,50.0,Blueprint,10.0 HP,,,,True
SceneComponent,BP_SoundTrap_Corpse_Fem_C,UNP_BP_SoundTrap_Corpse_Fem_Hung02a_dd0e61c6d13391e7_0,-20722.357,-35231.664,2652.9355,,50.0,Blueprint,10.0 HP,,,,True
SceneComponent,BP_SoundTrap_Corpse_Fem_C,UNP_BP_SoundTrap_Corpse_Fem_Hung02a_ed2c1609d64188f5_0,11062.802,5238.8325,1135.7837,,50.0,Blueprint,10.0 HP,,,,True
SceneComponent,BP_SoundTrap_Corpse_Fem_C,UNP_BP_SoundTrap_Corpse_Fem_UAID_046874882494F39502_fa61c736281e8a8a_1309465605,-37789.54,-30932.85,7540.2563,,50.0,Blueprint,10.0 HP,,,,True
SceneComponent,BP_SoundTrap_Corpse_Fem_C,UNP_BP_SoundTrap_Corpse_Fem_UAID_046874882494FE9802_29c4ea76462ed633_1775120792,-28944.746,19816.842,231.22821,,50.0,Blueprint,10.0 HP,,,,True
SceneComponent,BP_SoundTrap_Corpse_Fem_C,UNP_BP_SoundTrap_Corpse_Fem_d7ab05e04fd848b6_0,-23842.3,-10691.908,2320.0603,,15.0,Custom),10.0 HP,,,,True
SceneComponent,BP_SoundTrap_Corpse_Fem_C,UNP_NT_CorpseFemale_Hanging_01_04efd090dd5a393f_0,-24483.916,37397.375,1202.5024,,50.0,Blueprint,10.0 HP,,,,True
SceneComponent,BP_SoundTrap_Corpse_Fem_C,UNP_NT_CorpseFemale_Hanging_01_c3ec7d0135d62a79_2,-13325.649,13053.69,515.10455,,50.0,Blueprint,10.0 HP,,,,True
SceneComponent,BP_SoundTrap_Corpse_Fem_C,UNP_NT_CorpseFemale_Hanging_01_e52402bc25166cd3_0,-4253.728,-38510.582,789.12067,,50.0,Blueprint,10.0 HP,,,,True
SceneComponent,BP_SoundTrap_Corpse_Fem_C,UNP_NT_CorpseFemale_Hanging_02_c3ec7d0135d62a79_0,-13120.74,13589.094,328.84048,,50.0,Blueprint,10.0 HP,,,,True
SceneComponent,BP_SoundTrap_Corpse_Fem_C,UNP_NT_CorpseFemale_Hanging_03_c3ec7d0135d62a79_1,-13839.629,13903.496,403.90216,,50.0,Blueprint,10.0 HP,,,,True
SceneComponent,BP_SoundTrap_Corpse_Fem_C,UNP_NT_CorpseFemale_Hanging_04_c3ec7d0135d62a79_3,-13858.093,13648.807,483.49728,,50.0,Blueprint,10.0 HP,,,,True
SceneComponent,BP_SoundTrap_Corpse_Fem_Hung05a_C,BP_SoundTrap_Corpse_Fem_Hung05a_C_UAID_00FF8EFC2BEF3F5302_8c02e6579b800a74_1357247583,-14550.058,29902.477,-331.32446,,50.0,Blueprint,10.0 HP,,,,True
SceneComponent,BP_SoundTrap_Corpse_Fem_Hung05a_C,BP_SoundTrap_Corpse_Fem_Hung05a_C_UAID_00FF8EFC2BEF5D8202_1bef1ea065e33b47_1728908083,-48615.21,-8406.665,2940.7148,,50.0,Blueprint,10.0 HP,,,,True
SceneComponent,BP_SoundTrap_Corpse_Fem_Hung05a_C,BP_SoundTrap_Corpse_Fem_Hung05a_C_UAID_04D9F5F93AD5044502_71619fc7e70fc919_1921879464,-14501.994,22997.69,-266.99445,,50.0,Blueprint,10.0 HP,,,,True
SceneComponent,BP_SoundTrap_Corpse_Fem_Hung05a_C,BP_SoundTrap_Corpse_Fem_Hung05a_C_UAID_04D9F5F93AD5644402_71619fc7e70fc919_1729646007,-11585.282,21882.92,-376.73193,,50.0,Blueprint,10.0 HP,,,,True
SceneComponent,BP_SoundTrap_Corpse_Fem_Hung05a_C,BP_SoundTrap_Corpse_Fem_Hung05a_C_UAID_04D9F5F93AD5B95002_1874429476,-20192.87,-5131.893,1254.8362,,50.0,Blueprint,10.0 HP,,,,True
SceneComponent,BP_SoundTrap_Corpse_Fem_Hung05a_C,UNP_BP_SoundTrap_Corpse_Fem_Hung01a_0b84b567d65d4e8a_0,724.6812,-19588.084,125.86458,,50.0,Blueprint,10.0 HP,,,,True
SceneComponent,BP_SoundTrap_Corpse_Fem_Hung05a_C,UNP_BP_SoundTrap_Corpse_Fem_Hung01a_68408f179a41f820_0,27218.377,-4262.014,2260.4956,,50.0,Blueprint,10.0 HP,,,,True
SceneComponent,BP_SoundTrap_Corpse_Fem_Hung05a_C,UNP_BP_SoundTrap_Corpse_Fem_Hung01a_71f31aa2fadd74b0_0,-46431.68,-23314.17,6205.1123,,50.0,Blueprint,10.0 HP,,,,True
SceneComponent,BP_SoundTrap_Corpse_Fem_Hung05a_C,UNP_BP_SoundTrap_Corpse_Fem_Hung01a_ec72fb72c2bf0cbe_0,-38117.6,32166.14,1176.2017,,50.0,Blueprint,10.0 HP,,,,True
SceneComponent,BP_SoundTrap_Corpse_Fem_Hung05a_C,UNP_BP_SoundTrap_Corpse_Fem_Hung05a_0d0dea5677a86eb2_0,-10830.147,30025.016,-477.72,,50.0,Blueprint,10.0 HP,,,,True
SceneComponent,BP_SoundTrap_Corpse_Fem_Hung05a_C,UNP_BP_SoundTrap_Corpse_Fem_Hung05a_1839a5c7e36c7ddc_0,-50789.047,-33059.285,7100.091,,50.0,Blueprint,10.0 HP,,,,True
SceneComponent,BP_SoundTrap_Corpse_Fem_Hung05a_C,UNP_BP_SoundTrap_Corpse_Fem_Hung05a_566cfd8f809d947c_0,9352.566,-22079.812,123.914894,,50.0,Blueprint,10.0 HP,,,,True
SceneComponent,BP_SoundTrap_Corpse_Fem_Hung05a_C,UNP_BP_SoundTrap_Corpse_Fem_Hung05a_7144dd4566ea6a39_0,1487.5037,-14725.41,1576.7085,,50.0,Blueprint,10.0 HP,,,,True
SceneComponent,BP_SoundTrap_Corpse_Fem_Hung05a_C,UNP_BP_SoundTrap_Corpse_Fem_Hung05a_da1ec3d8da7ef2d5_0,-52226.652,15967.559,-120.93592,,50.0,Blueprint,10.0 HP,,,,True
SceneComponent,BP_SoundTrap_Corpse_Fem_Hung05a_C,UNP_BP_SoundTrap_Corpse_Fem_Hung05a_e38de8eeb220e3f9_0,-36705.85,-5410.4473,2571.7659,,50.0,Blueprint,10.0 HP,,,,True
SceneComponent,BP_SoundTrap_Corpse_Fem_Hung05a_C,UNP_BP_SoundTrap_Corpse_Fem_Hung05a_ffe6147ae5209860_0,-17404.83,-20832.604,1851.0294,,50.0,Blueprint,10.0 HP,,,,True
SceneComponent,BP_SoundTrap_Corpse_Male_C,UNP_BP_SoundTrap_Corpse_Male_Hung01a_1fd4deca5db5e0ac_0,22201.541,-7034.359,2829.6743,,50.0,Blueprint,10.0 HP,,,,True
SceneComponent,BP_SoundTrap_Corpse_Male_C,UNP_BP_SoundTrap_Corpse_Male_Hung01a_ae8febe2a299bcdd_0,8758.625,-28311.518,989.3725,,50.0,Blueprint,10.0 HP,,,,True
SceneComponent,BP_SoundTrap_Corpse_Male_C,UNP_BP_SoundTrap_Corpse_Male_Hung01a_be7c0cd6f40db8f2_0,-50062.92,10003.629,908.74396,,50.0,Blueprint,10.0 HP,,,,True
SceneComponent,BP_SoundTrap_Corpse_Male_C,UNP_BP_SoundTrap_Corpse_Male_Hung01a_dd0e61c6d13391e7_0,-20866.299,-35118.098,2678.7913,,50.0,Blueprint,10.0 HP,,,,True
SceneComponent,BP_SoundTrap_Corpse_Male_C,UNP_BP_SoundTrap_Corpse_Male_Hung01a_ed2c1609d64188f5_0,11218.483,5335.2524,1163.1923,,50.0,Blueprint,10.0 HP,,,,True
SceneComponent,BP_SoundTrap_Corpse_Male_C,UNP_NT_CorpseMale_Hanging_01_113aac40dd19cce1_0,-14483.824,-35280.89,1568.6997,,50.0,Blueprint,10.0 HP,,,,True
SceneComponent,BP_SoundTrap_Corpse_Male_C,UNP_NT_CorpseMale_Hanging_01_55a6bec73623a530_0,-23093.871,-154.44432,1641.795,,50.0,Blueprint,10.0 HP,,,,True
SceneComponent,BP_SoundTrap_Corpse_Male_C,UNP_NT_CorpseMale_Hanging_01_7bc00f6ec963c845_0,20377.916,-9355.602,2893.2605,,50.0,Blueprint,10.0 HP,,,,True
SceneComponent,BP_SoundTrap_Corpse_Male_C,UNP_NT_CorpseMale_Hanging_01_bc9e8611b9e607b3_0,-13155.043,21123.332,352.05478,,50.0,Blueprint,10.0 HP,,,,True
SceneComponent,BP_SoundTrap_Corpse_Male_C,UNP_NT_CorpseMale_Hanging_01_c3ec7d0135d62a79_0,-13977.43,13451.977,295.36795,,50.0,Blueprint,10.0 HP,,,,True
SceneComponent,BP_SoundTrap_Corpse_Male_C,UNP_NT_CorpseMale_Hanging_01_f5345b2b34b3415e_0,-26281.918,-6010.1133,2385.3364,,50.0,Blueprint,10.0 HP,,,,True
SceneComponent,BP_SoundTrap_Corpse_Male_C,UNP_NT_CorpseMale_Hanging_01_f5630e569374ca47_0,5725.1025,-11598.012,2059.6414,,50.0,Blueprint,10.0 HP,,,,True
SceneComponent,BP_SoundTrap_Corpse_Male_C,UNP_NT_CorpseMale_Hanging_02_c3ec7d0135d62a79_1,-13272.705,13448.246,681.3251,,50.0,Blueprint,10.0 HP,,,,True
SceneComponent,BP_SoundTrap_Crow_C,BP_SoundTrap_Crow_C_UAID_046874882494859A02_367755be1ccb9d60_1585824789,-29841.066,-10856.649,1912.9807,,20.0,Blueprint,10.0 HP,,,,False
SceneComponent,BP_SoundTrap_Crow_C,BP_SoundTrap_Crow_C_UAID_046874882494AD8D02_c71ad3ef090f6a00_1993926592,-53429.734,36637.156,1892.3676,,20.0,Blueprint,10.0 HP,,,,False
SceneComponent,BP_SoundTrap_Crow_C,BP_SoundTrap_Crow_C_UAID_581CF8B72315554C02_fa61c736281e8a8a_1382118752,-40389.863,-28804.816,7158.257,,20.0,Blueprint,10.0 HP,,,,False
SceneComponent,BP_SoundTrap_Crow_C,BP_SoundTrap_Crow_C_UAID_581CF8B72315554C02_fa61c736281e8a8a_1387024753,-40390.094,-28836.08,7159.175,,20.0,Blueprint,10.0 HP,,,,False
SceneComponent,BP_SoundTrap_Crow_C,BP_SoundTrap_Crow_C_UAID_581CF8B72315554C02_fa61c736281e8a8a_1405659754,-40425.152,-29697.436,7023.097,,20.0,Blueprint,10.0 HP,,,,False
SceneComponent,BP_SoundTrap_Crow_C,BP_SoundTrap_Crow_C_UAID_581CF8B72315E15302_c181f4feb11ee8d0_1194610187,24548.275,-18049.57,1301.8173,,20.0,Blueprint,10.0 HP,,,,False
SceneComponent,BP_SoundTrap_Crow_C,UNP_BP_SoundTrap_Crow1_UAID_046874882494977D02_f5f3745e62dd497c_1269204605,-65729.02,-748.77795,1889.5907,,20.0,Blueprint,10.0 HP,,,,False
SceneComponent,BP_SoundTrap_Crow_C,UNP_BP_SoundTrap_Crow2_UAID_046874882494977D02_f5f3745e62dd497c_1269207606,-65173.875,-919.6964,1867.2202,,20.0,Blueprint,10.0 HP,,,,False
SceneComponent,BP_SoundTrap_Crow_C,UNP_BP_SoundTrap_Crow3_UAID_046874882494977D02_f5f3745e62dd497c_1269194602,-65095.727,-928.096,1890.2451,,20.0,Blueprint,10.0 HP,,,,False
SceneComponent,BP_SoundTrap_Crow_C,UNP_BP_SoundTrap_Crow4_UAID_046874882494977D02_f5f3745e62dd497c_1269200604,-65038.312,-921.96643,1883.4062,,20.0,Blueprint,10.0 HP,,,,False
SceneComponent,BP_SoundTrap_Crow_C,UNP_BP_SoundTrap_Crow_34103052c501f18e_4,12984.215,19861.62,928.54913,,20.0,Blueprint,10.0 HP,,,,False
SceneComponent,BP_SoundTrap_Crow_C,UNP_BP_SoundTrap_Crow_UAID_046874882494977D02_f5f3745e62dd497c_1269197603,-65810.586,-658.12823,1886.3293,,20.0,Blueprint,10.0 HP,,,,False
SceneComponent,BP_SoundTrap_Crow_Group_01a_C,UNP_BP_SoundTrap_Crow_Group_01a_0ab9980995dea740_0,9000.31,19789.84,886.16925,,20.0,Blueprint,10.0 HP,,,,False
SceneComponent,BP_SoundTrap_Crow_Group_01a_C,UNP_BP_SoundTrap_Crow_Group_01a_0e3dd7c2cefcb873_0,9000.034,20571.775,938.5032,,20.0,Blueprint,10.0 HP,,,,False
SceneComponent,BP_SoundTrap_Crow_Group_01a_C,UNP_BP_SoundTrap_Crow_Group_01a_6da717ce7c9382d4_0,11302.464,17171.14,691.3895,,20.0,Blueprint,10.0 HP,,,,False
SceneComponent,BP_SoundTrap_Crow_Group_01a_C,UNP_BP_SoundTrap_Crow_Group_01a_851b05b4ddf4fdf9_0,-11270.48,-2637.556,-184.24431,,20.0,Blueprint,10.0 HP,,,,False
SceneComponent,BP_SoundTrap_Crow_Group_01a_C,UNP_BP_SoundTrap_Crow_Group_01a_89130ca842bd8e1c_0,-26537.748,-3361.451,1780.1642,,20.0,Blueprint,10.0 HP,,,,False
SceneComponent,BP_SoundTrap_Crow_Group_01a_C,UNP_BP_SoundTrap_Crow_Group_01a_8d1dd8bc7e374f48_0,-27200.502,-2570.6504,1781.8417,,20.0,Blueprint,10.0 HP,,,,False
SceneComponent,BP_SoundTrap_Crow_Group_01a_C,UNP_BP_SoundTrap_Crow_Group_01a_94cf10f972c68f81_0,-11069.476,-3262.7322,-215.17523,,20.0,Blueprint,10.0 HP,,,,False
SceneComponent,BP_SoundTrap_Crow_Group_01a_C,UNP_BP_SoundTrap_Crow_Group_01a_UAID_0468748824944F9B02_4cae16ed3344ca34_1290848012,-16530.285,33353.39,-216.94838,,20.0,Blueprint,10.0 HP,,,,False
SceneComponent,BP_SoundTrap_Crow_Group_01a_C,UNP_BP_SoundTrap_Crow_Group_01a_UAID_0468748824944F9B02_4cae16ed3344ca34_1291266077,-17074.367,33191.324,-216.94838,,20.0,Blueprint,10.0 HP,,,,False
SceneComponent,BP_SoundTrap_Crow_Group_01a_C,UNP_BP_SoundTrap_Crow_Group_01a_UAID_046874882494859A02_367755be1ccb9d60_1585169386,-30189.266,-8549.829,1773.5481,,20.0,Blueprint,10.0 HP,,,,False
SceneComponent,BP_SoundTrap_Crow_Group_01a_C,UNP_BP_SoundTrap_Crow_Group_01a_UAID_046874882494859A02_367755be1ccb9d60_1585313476,-29713.537,-9701.972,1783.5481,,20.0,Blueprint,10.0 HP,,,,False
SceneComponent,BP_SoundTrap_Crow_Group_01a_C,UNP_BP_SoundTrap_Crow_Group_01a_ad05580df0d63c42_0,-26070.17,-4095.479,1780.1642,,20.0,Blueprint,10.0 HP,,,,False
SceneComponent,BP_SoundTrap_Crow_Group_01a_C,UNP_BP_SoundTrap_Crow_Group_01a_b726a66b0a162fc6_0,-11124.633,-5695.916,-240.66013,,20.0,Blueprint,10.0 HP,,,,False
SceneComponent,BP_SoundTrap_Crow_Group_01a_C,UNP_BP_SoundTrap_Crow_Group_01a_c863489da27fd975_0,-12201.645,-7087.813,-118.49834,,20.0,Blueprint,10.0 HP,,,,False
SceneComponent,BP_SoundTrap_Crow_Group_01a_C,UNP_BP_SoundTrap_Crow_Group_01a_e1696c0503a38531_0,-11541.417,-7675.2783,-181.66328,,20.0,Blueprint,10.0 HP,,,,False
SceneComponent,BP_SoundTrap_Crow_Group_01a_C,UNP_BP_SoundTrap_Crow_Group_01a_f9e818286b772936_0,8731.758,21393.316,1001.9565,,20.0,Blueprint,10.0 HP,,,,False
SceneComponent,BP_SoundTrap_Crow_Line_01a_C,BP_SoundTrap_Crow_Line_01a_C_UAID_046874882494859A02_367755be1ccb9d60_1585073319,-25350.05,-9945.54,1772.5299,,20.0,Blueprint,10.0 HP,,,,False
SceneComponent,BP_SoundTrap_Crow_Line_01a_C,UNP_BP_SoundTrap_Crow_Group_01f4eba15b8ebfc6_0,-40233.844,-35498.77,6748.9624,,20.0,Blueprint,10.0 HP,,,,False
SceneComponent,BP_SoundTrap_Crow_Line_01a_C,UNP_BP_SoundTrap_Crow_Group_0bbdd86c1f74f9f6_0,-19365.69,-19368.652,2178.107,,20.0,Blueprint,10.0 HP,,,,False
SceneComponent,BP_SoundTrap_Crow_Line_01a_C,UNP_BP_SoundTrap_Crow_Group_11a14f73c5f9891c_0,-22383.504,-8603.111,1838.7335,,20.0,Blueprint,10.0 HP,,,,False
SceneComponent,BP_SoundTrap_Crow_Line_01a_C,UNP_BP_SoundTrap_Crow_Group_1270d24101788560_0,4554.4966,29608.611,1020.6216,,20.0,Blueprint,10.0 HP,,,,False
SceneComponent,BP_SoundTrap_Crow_Line_01a_C,UNP_BP_SoundTrap_Crow_Group_20f64c57628797bb_0,6019.0117,-33481.08,-131.86464,,20.0,Blueprint,10.0 HP,,,,False
SceneComponent,BP_SoundTrap_Crow_Line_01a_C,UNP_BP_SoundTrap_Crow_Group_23a05bedb9fda244_0,-46347.797,-5997.983,3021.2441,,20.0,Blueprint,10.0 HP,,,,False
SceneComponent,BP_SoundTrap_Crow_Line_01a_C,UNP_BP_SoundTrap_Crow_Group_2e84bc08acaa4430_0,10751.2295,26580.621,1438.6914,,20.0,Blueprint,10.0 HP,,,,False
SceneComponent,BP_SoundTrap_Crow_Line_01a_C,UNP_BP_SoundTrap_Crow_Group_322d7e97c3586c36_0,-17064.148,25677.2,-237.24498,,20.0,Blueprint,10.0 HP,,,,False
SceneComponent,BP_SoundTrap_Crow_Line_01a_C,UNP_BP_SoundTrap_Crow_Group_344bdf9fe6de7d9f_0,15470.603,24970.658,1108.3652,,20.0,Blueprint,10.0 HP,,,,False
SceneComponent,BP_SoundTrap_Crow_Line_01a_C,UNP_BP_SoundTrap_Crow_Group_4d19e079547017d1_0,-4996.8535,1109.1915,-17.525814,,20.0,Blueprint,10.0 HP,,,,False
SceneComponent,BP_SoundTrap_Crow_Line_01a_C,UNP_BP_SoundTrap_Crow_Group_4ef1bc2b1fcdd218_0,20263.68,14599.921,2118.301,,20.0,Blueprint,10.0 HP,,,,False
SceneComponent,BP_SoundTrap_Crow_Line_01a_C,UNP_BP_SoundTrap_Crow_Group_4f0318749aaf2cf9_0,-1122.6077,22956.172,-166.95955,,20.0,Blueprint,10.0 HP,,,,False
SceneComponent,BP_SoundTrap_Crow_Line_01a_C,UNP_BP_SoundTrap_Crow_Group_6984ed3ba0e8bf47_0,12475.868,-15247.806,2423.5312,,20.0,Blueprint,10.0 HP,,,,False
SceneComponent,BP_SoundTrap_Crow_Line_01a_C,UNP_BP_SoundTrap_Crow_Group_6e923f9bb8ef2323_0,-54235.484,24040.258,297.95178,,20.0,Blueprint,10.0 HP,,,,False
SceneComponent,BP_SoundTrap_Crow_Line_01a_C,UNP_BP_SoundTrap_Crow_Group_6fb77757cb2c6e63_0,8707.238,22833.543,1196.3022,,20.0,Blueprint,10.0 HP,,,,False
SceneComponent,BP_SoundTrap_Crow_Line_01a_C,UNP_BP_SoundTrap_Crow_Group_757c8a14d3f6535f_0,4923.4165,29069.23,1057.6255,,20.0,Blueprint,10.0 HP,,,,False
SceneComponent,BP_SoundTrap_Crow_Line_01a_C,UNP_BP_SoundTrap_Crow_Group_7b151f3566d01df7_0,-1498.9237,30197.293,418.74103,,20.0,Blueprint,10.0 HP,,,,False
SceneComponent,BP_SoundTrap_Crow_Line_01a_C,UNP_BP_SoundTrap_Crow_Group_8438c6b29827bf97_0,-4693.1265,23322.35,-288.16925,,20.0,Blueprint,10.0 HP,,,,False
SceneComponent,BP_SoundTrap_Crow_Line_01a_C,UNP_BP_SoundTrap_Crow_Group_87b9686f07c3d6a9_0,-35871.332,-39572.746,6066.602,,20.0,Blueprint,10.0 HP,,,,False
SceneComponent,BP_SoundTrap_Crow_Line_01a_C,UNP_BP_SoundTrap_Crow_Group_891a4cb743c1570a_0,670.01135,31873.541,787.2914,,20.0,Blueprint,10.0 HP,,,,False
SceneComponent,BP_SoundTrap_Crow_Line_01a_C,UNP_BP_SoundTrap_Crow_Group_8d2fbe454a3badb0_0,17614.4,27834.477,1376.7596,,20.0,Blueprint,10.0 HP,,,,False
SceneComponent,BP_SoundTrap_Crow_Line_01a_C,UNP_BP_SoundTrap_Crow_Group_8eac5fa680ff93e7_0,-38499.3,-33560.766,6938.689,,20.0,Blueprint,10.0 HP,,,,False
SceneComponent,BP_SoundTrap_Crow_Line_01a_C,UNP_BP_SoundTrap_Crow_Group_93ac5932d467598d_0,-66260.01,25962.627,360.04086,,20.0,Blueprint,10.0 HP,,,,False
SceneComponent,BP_SoundTrap_Crow_Line_01a_C,UNP_BP_SoundTrap_Crow_Group_949351fe747b7beb_0,-391.19855,36637.64,887.74963,,20.0,Blueprint,10.0 HP,,,,False
SceneComponent,BP_SoundTrap_Crow_Line_01a_C,UNP_BP_SoundTrap_Crow_Group_UAID_046874882494089902_4fd79de106d61a35_1094299618,-15648.856,-14321.969,1398.0305,,20.0,Blueprint,10.0 HP,,,,False
SceneComponent,BP_SoundTrap_Crow_Line_01a_C,UNP_BP_SoundTrap_Crow_Group_UAID_046874882494089902_4fd79de106d61a35_1096600210,-15589.333,-9067.79,1411.6257,,20.0,Blueprint,10.0 HP,,,,False
SceneComponent,BP_SoundTrap_Crow_Line_01a_C,UNP_BP_SoundTrap_Crow_Group_UAID_046874882494089902_4fd79de106d61a35_1098387775,-14366.832,-14208.508,1398.0305,,20.0,Blueprint,10.0 HP,,,,False
SceneComponent,BP_SoundTrap_Crow_Line_01a_C,UNP_BP_SoundTrap_Crow_Group_UAID_046874882494089902_4fd79de106d61a35_1100832110,-17773.248,-12599.646,1426.3744,,20.0,Blueprint,10.0 HP,,,,False
SceneComponent,BP_SoundTrap_Crow_Line_01a_C,UNP_BP_SoundTrap_Crow_Group_UAID_046874882494089902_4fd79de106d61a35_1100909130,-17705.127,-11033.295,1411.6256,,20.0,Blueprint,10.0 HP,,,,False
SceneComponent,BP_SoundTrap_Crow_Line_01a_C,UNP_BP_SoundTrap_Crow_Group_UAID_046874882494089902_4fd79de106d61a35_1107998046,-16440.742,-9305.917,1411.6257,,20.0,Blueprint,10.0 HP,,,,False
SceneComponent,BP_SoundTrap_Crow_Line_01a_C,UNP_BP_SoundTrap_Crow_Group_UAID_046874882494459902_f3f59c752bd0a4d9_1433335298,-59423.29,8959.863,924.30334,,20.0,Blueprint,10.0 HP,,,,False
SceneComponent,BP_SoundTrap_Crow_Line_01a_C,UNP_BP_SoundTrap_Crow_Group_UAID_046874882494459902_f3f59c752bd0a4d9_1445745564,-59325.08,10535.951,644.38275,,20.0,Blueprint,10.0 HP,,,,False
SceneComponent,BP_SoundTrap_Crow_Line_01a_C,UNP_BP_SoundTrap_Crow_Group_UAID_046874882494459902_f3f59c752bd0a4d9_1446017624,-58763.723,9965.178,644.38275,,20.0,Blueprint,10.0 HP,,,,False
SceneComponent,BP_SoundTrap_Crow_Line_01a_C,UNP_BP_SoundTrap_Crow_Group_UAID_046874882494459902_f3f59c752bd0a4d9_1446260684,-57847.285,10312.05,644.38275,,20.0,Blueprint,10.0 HP,,,,False
SceneComponent,BP_SoundTrap_Crow_Line_01a_C,UNP_BP_SoundTrap_Crow_Group_UAID_046874882494459902_f3f59c752bd0a4d9_1446513744,-57198.97,8741.269,638.6777,,20.0,Blueprint,10.0 HP,,,,False
SceneComponent,BP_SoundTrap_Crow_Line_01a_C,UNP_BP_SoundTrap_Crow_Group_UAID_0468748824944B9B02_d4266f8cc18702c5_1152385783,-12954.845,-35904.996,1221.3541,,20.0,Blueprint,10.0 HP,,,,False
SceneComponent,BP_SoundTrap_Crow_Line_01a_C,UNP_BP_SoundTrap_Crow_Group_UAID_046874882494859A02_367755be1ccb9d60_1585051304,-26937.496,-3329.0845,2073.324,,20.0,Blueprint,10.0 HP,,,,False
SceneComponent,BP_SoundTrap_Crow_Line_01a_C,UNP_BP_SoundTrap_Crow_Group_UAID_046874882494859A02_367755be1ccb9d60_1585768753,-27258.186,-2903.0784,2070.1223,,20.0,Blueprint,10.0 HP,,,,False
SceneComponent,BP_SoundTrap_Crow_Line_01a_C,UNP_BP_SoundTrap_Crow_Group_UAID_0468748824949CD502_37bd26559c49d275_1296728293,-14774.942,-18701.83,1780.3527,,20.0,Blueprint,10.0 HP,,,,False
SceneComponent,BP_SoundTrap_Crow_Line_01a_C,UNP_BP_SoundTrap_Crow_Group_UAID_0468748824949CD502_37bd26559c49d275_1309273347,-8647.319,-17212.49,1978.4924,,20.0,Blueprint,10.0 HP,,,,False
SceneComponent,BP_SoundTrap_Crow_Line_01a_C,UNP_BP_SoundTrap_Crow_Group_UAID_046874882494ED9302_e3d28eea39077f84_1734694387,-36934.31,-28740.082,8511.012,,20.0,Blueprint,10.0 HP,,,,False
SceneComponent,BP_SoundTrap_Crow_Line_01a_C,UNP_BP_SoundTrap_Crow_Group_UAID_046874882494EE9302_19fd15dc45ca61b1_1534512884,-39557.402,-27538.37,8511.012,,20.0,Blueprint,10.0 HP,,,,False
SceneComponent,BP_SoundTrap_Crow_Line_01a_C,UNP_BP_SoundTrap_Crow_Group_UAID_046874882494FB9A02_71619fc7e70fc919_1236700077,-11746.08,21436.113,8.260131,,20.0,Blueprint,10.0 HP,,,,False
SceneComponent,BP_SoundTrap_Crow_Line_01a_C,UNP_BP_SoundTrap_Crow_Group_a8c96b3e551a3376_0,-1072.7969,27004.252,237.66235,,20.0,Blueprint,10.0 HP,,,,False
SceneComponent,BP_SoundTrap_Crow_Line_01a_C,UNP_BP_SoundTrap_Crow_Group_af4a7d32224fd1bd_0,14631.197,23216.635,1031.1674,,20.0,Blueprint,10.0 HP,,,,False
SceneComponent,BP_SoundTrap_Crow_Line_01a_C,UNP_BP_SoundTrap_Crow_Group_b0cb48884c65d508_0,20203.096,20779.062,1753.5283,,20.0,Blueprint,10.0 HP,,,,False
SceneComponent,BP_SoundTrap_Crow_Line_01a_C,UNP_BP_SoundTrap_Crow_Group_b8c8aaaf2f8d2be6_0,-5933.097,27622.549,-169.91452,,20.0,Blueprint,10.0 HP,,,,False
SceneComponent,BP_SoundTrap_Crow_Line_01a_C,UNP_BP_SoundTrap_Crow_Group_b955460d50f9c60c_0,-31598.799,-13857.896,2218.5725,,20.0,Blueprint,10.0 HP,,,,False
SceneComponent,BP_SoundTrap_Crow_Line_01a_C,UNP_BP_SoundTrap_Crow_Group_c2d8d1cee7ff763c_0,1722.3838,33720.855,858.99005,,20.0,Blueprint,10.0 HP,,,,False
SceneComponent,BP_SoundTrap_Crow_Line_01a_C,UNP_BP_SoundTrap_Crow_Group_c742f6491add6fa7_0,15585.402,18789.758,1326.5012,,20.0,Blueprint,10.0 HP,,,,False
SceneComponent,BP_SoundTrap_Crow_Line_01a_C,UNP_BP_SoundTrap_Crow_Group_d7f33b99604b9274_0,-57024.17,29820.014,1453.2947,,20.0,Blueprint,10.0 HP,,,,False
SceneComponent,BP_SoundTrap_Crow_Line_01a_C,UNP_BP_SoundTrap_Crow_Group_e0c9503da1247275_0,-4978.1704,21805.283,-329.2332,,20.0,Blueprint,10.0 HP,,,,False
SceneComponent,BP_SoundTrap_Crow_Line_01a_C,UNP_BP_SoundTrap_Crow_Group_f9ee76864f205887_0,21943.52,27893.367,2063.242,,20.0,Blueprint,10.0 HP,,,,False
SceneComponent,BP_SoundTrap_Crow_Line_01a_C,UNP_BP_SoundTrap_Crow_Group_fb9668637bc4c65e_0,2935.7083,18192.307,-42.630505,,20.0,Blueprint,10.0 HP,,,,False
SceneComponent,BP_SoundTrap_Crow_Line_01a_C,UNP_BP_SoundTrap_Crow_Line_01a_20a12a9e4c9a08fc_0,-16903.297,35309.023,150.8713,,20.0,Blueprint,10.0 HP,,,,False
SceneComponent,BP_SoundTrap_Crow_Line_01a_C,UNP_BP_SoundTrap_Crow_Line_01a_34103052c501f18e_0,11642.393,18920.795,1681.89,,20.0,Blueprint,10.0 HP,,,,False
SceneComponent,BP_SoundTrap_Crow_Line_01a_C,UNP_BP_SoundTrap_Crow_Line_01a_5aa9c7cba1521a97_0,-37195.42,-5760.334,2810.7986,,20.0,Blueprint,10.0 HP,,,,False
SceneComponent,BP_SoundTrap_Crow_Line_01a_C,UNP_BP_SoundTrap_Crow_Line_01a_7bc00f6ec963c845_0,20419.572,-10051.767,3091.3445,,20.0,Blueprint,10.0 HP,,,,False
SceneComponent,BP_SoundTrap_Crow_Line_01a_C,UNP_BP_SoundTrap_Crow_Line_01a_UAID_046874882494977D02_f5f3745e62dd497c_1270685784,-65681.1,-1561.9148,2064.8682,,20.0,Blueprint,10.0 HP,,,,False
SceneComponent,BP_SoundTrap_Crow_Line_01a_C,UNP_BP_SoundTrap_Crow_Line_01a_b6e1203a46f5f334_0,8790.3545,-26348.023,876.75037,,20.0,Blueprint,10.0 HP,,,,False
SceneComponent,BP_SoundTrap_Crow_Line_01a_C,UNP_BP_SoundTrap_Crow_Line_01a_c2de904be5f12f2d_0,-45228.09,-18978.854,6160.246,,20.0,Blueprint,10.0 HP,,,,False
SceneComponent,BP_SoundTrap_Crow_Line_01a_C,UNP_BP_SoundTrap_Crow_Line_01a_d64dd2cdc8b57a25_0,-16379.91,-22796.62,2143.399,,20.0,Blueprint,10.0 HP,,,,False
SceneComponent,BP_SoundTrap_Ground_Glass_C,BP_SoundTrap_Ground_Glass_C_1c556f47455d4841_486,-2440.0796,1508.9812,-71.60196,,50.0,Blueprint,,,,,
SceneComponent,BP_SoundTrap_Ground_Glass_C,BP_SoundTrap_Ground_Glass_C_UAID_00FF8EFC2BEF1C6B02_4fd79de106d61a35_1421475413,-15410.305,-13919.185,1099.3269,,50.0,Blueprint,,,,,
SceneComponent,BP_SoundTrap_Ground_Glass_C,BP_SoundTrap_Ground_Glass_C_UAID_00FF8EFC2BEF1C6B02_4fd79de106d61a35_1430369414,-13694.305,-12329.306,1100.3286,,50.0,Blueprint,,,,,
SceneComponent,BP_SoundTrap_Ground_Glass_C,BP_SoundTrap_Ground_Glass_C_UAID_00FF8EFC2BEF1C6B02_4fd79de106d61a35_1447095415,-16217.942,-13648.063,1099.3269,,50.0,Blueprint,,,,,
SceneComponent,BP_SoundTrap_Ground_Glass_C,BP_SoundTrap_Ground_Glass_C_UAID_00FF8EFC2BEF5F8202_a595927790dec5fd_1735823886,-47982.152,-7109.636,2962.4836,,50.0,Blueprint,,,,,
SceneComponent,BP_SoundTrap_Ground_Glass_C,BP_SoundTrap_Ground_Glass_C_UAID_04D9F5F93AD5953102_39c53a56517c239f_1497996242,14699.133,13577.724,1574.3429,,50.0,Blueprint,,,,,
SceneComponent,BP_SoundTrap_Ground_Glass_C,BP_SoundTrap_Ground_Glass_C_UAID_04D9F5F93AD5953102_3e62a173f235e900_1497996242,21825.322,-22022.822,2143.9104,,50.0,Blueprint,,,,,
SceneComponent,BP_SoundTrap_Ground_Glass_C,BP_SoundTrap_Ground_Glass_C_UAID_04D9F5F93AD5953102_6c4c20721545df36_1497996242,-30695.8,-45544.15,5245.3394,,50.0,Blueprint,,,,,
SceneComponent,BP_SoundTrap_Ground_Glass_C,BP_SoundTrap_Ground_Glass_C_UAID_04D9F5F93AD5953102_a1b8e9568afcd202_1497996242,-57527.367,-19673.104,6445.145,,50.0,Blueprint,,,,,
SceneComponent,BP_SoundTrap_Ground_Glass_C,BP_SoundTrap_Ground_Glass_C_UAID_04D9F5F93AD5953102_b48abfd6dd8426a8_1497996242,-24613.025,30222.5,931.2156,,50.0,Blueprint,,,,,
SceneComponent,BP_SoundTrap_Ground_Glass_C,BP_SoundTrap_Ground_Glass_C_UAID_581CF8B723158C4E02_e3d28eea39077f84_1394927449,-36547.46,-29066.768,8141.7246,,50.0,Blueprint,,,,,
SceneComponent,BP_SoundTrap_Ground_Glass_C,BP_SoundTrap_Ground_Glass_C_a595927790dec5fd_1,-48658.246,-7175.969,2962.4836,,50.0,Blueprint,,,,,
SceneComponent,BP_SoundTrap_Ground_Glass_C,BP_SoundTrap_Ground_Glass_C_a595927790dec5fd_314,-48620.75,-7466.2925,3513.968,,50.0,Blueprint,,,,,
SceneComponent,BP_SoundTrap_Ground_Glass_C,BP_SoundTrap_Ground_Glass_C_afe4a3bbeb7c2068_646,3320.439,-12693.297,1789.01,,50.0,Blueprint,,,,,
SceneComponent,BP_SoundTrap_Ground_Glass_C,UNP_BP_SoundTrap_Ground_Glass1_4c0740ed445982b4_2,-14540.465,-11142.576,1108.1648,,50.0,Blueprint,,,,,
SceneComponent,BP_SoundTrap_Ground_Glass_C,UNP_BP_SoundTrap_Ground_Glass2_4c0740ed445982b4_3,-15401.945,-11170.157,1108.1648,,50.0,Blueprint,,,,,
SceneComponent,BP_SoundTrap_Ground_Glass_C,UNP_BP_SoundTrap_Ground_Glass_0bbdd86c1f74f9f6_0,-19560.617,-19569.172,1741.6309,,50.0,Blueprint,,,,,
SceneComponent,BP_SoundTrap_Ground_Glass_C,UNP_BP_SoundTrap_Ground_Glass_1839a5c7e36c7ddc_0,-50611.195,-32734.28,6953.71,,50.0,Blueprint,,,,,
SceneComponent,BP_SoundTrap_Ground_Glass_C,UNP_BP_SoundTrap_Ground_Glass_32787930e307ffa0_0,32579.568,-5389.956,570.99,,50.0,Blueprint,,,,,
SceneComponent,BP_SoundTrap_Ground_Glass_C,UNP_BP_SoundTrap_Ground_Glass_32787930e307ffa0_1,31958.23,-6429.1133,572.0193,,50.0,Blueprint,,,,,
SceneComponent,BP_SoundTrap_Ground_Glass_C,UNP_BP_SoundTrap_Ground_Glass_32787930e307ffa0_2,31778.225,-4278.411,565.60254,,50.0,Blueprint,,,,,
SceneComponent,BP_SoundTrap_Ground_Glass_C,UNP_BP_SoundTrap_Ground_Glass_4c0740ed445982b4_1,-16453.6,-12858.149,1108.1648,,50.0,Blueprint,,,,,
SceneComponent,BP_SoundTrap_Ground_Glass_C,UNP_BP_SoundTrap_Ground_Glass_643191a2278730e7_0,25615.283,-5058.078,968.17523,,50.0,Blueprint,,,,,
SceneComponent,BP_SoundTrap_Ground_Glass_C,UNP_BP_SoundTrap_Ground_Glass_643191a2278730e7_1,20426.107,-4145.7407,568.153,,50.0,Blueprint,,,,,
SceneComponent,BP_SoundTrap_Ground_Glass_C,UNP_BP_SoundTrap_Ground_Glass_643191a2278730e7_2,24623.957,-4591.1323,968.04144,,50.0,Blueprint,,,,,
SceneComponent,BP_SoundTrap_Ground_Glass_C,UNP_BP_SoundTrap_Ground_Glass_643191a2278730e7_3,22147.738,-4733.68,568.46313,,50.0,Blueprint,,,,,
SceneComponent,BP_SoundTrap_Ground_Glass_C,UNP_BP_SoundTrap_Ground_Glass_6984ed3ba0e8bf47_0,12221.7295,-15364.502,1987.0553,,50.0,Blueprint,,,,,
SceneComponent,BP_SoundTrap_Ground_Glass_C,UNP_BP_SoundTrap_Ground_Glass_6aa29054035e3474_0,23822.041,-10949.419,769.94666,,50.0,Blueprint,,,,,
SceneComponent,BP_SoundTrap_Ground_Glass_C,UNP_BP_SoundTrap_Ground_Glass_6aa29054035e3474_1,25132.07,-11213.164,570.85626,,50.0,Blueprint,,,,,
SceneComponent,BP_SoundTrap_Ground_Glass_C,UNP_BP_SoundTrap_Ground_Glass_6aa29054035e3474_2,26171.229,-11834.503,569.82697,,50.0,Blueprint,,,,,
SceneComponent,BP_SoundTrap_Ground_Glass_C,UNP_BP_SoundTrap_Ground_Glass_C_5f70c77cbc927b1f_0,-43003.766,33437.105,1339.6151,,50.0,Blueprint,,,,,
SceneComponent,BP_SoundTrap_Ground_Glass_C,UNP_BP_SoundTrap_Ground_Glass_C_5f70c77cbc927b1f_1,-44228.543,33259.89,1339.6151,,50.0,Blueprint,,,,,
SceneComponent,BP_SoundTrap_Ground_Glass_C,UNP_BP_SoundTrap_Ground_Glass_C_ee048d778535517c_0,-26988.977,17772.293,-252.08987,,50.0,Blueprint,,,,,
SceneComponent,BP_SoundTrap_Ground_Glass_C,UNP_BP_SoundTrap_Ground_Glass_C_ee048d778535517c_1,-26855.756,16541.953,-252.08987,,50.0,Blueprint,,,,,
SceneComponent,BP_SoundTrap_Ground_Glass_C,UNP_BP_SoundTrap_Ground_Glass_UAID_046874882494039902_4f36605deaaf1c91_1427430711,-8585.521,18795.123,-76.685005,,50.0,Blueprint,,,,,
SceneComponent,BP_SoundTrap_Ground_Glass_C,UNP_BP_SoundTrap_Ground_Glass_UAID_046874882494069902_4c0740ed445982b4_2096144545,-15635.048,-11463.215,1110.0845,,50.0,Blueprint,,,,,
SceneComponent,BP_SoundTrap_Ground_Glass_C,UNP_BP_SoundTrap_Ground_Glass_UAID_046874882494069902_4c0740ed445982b4_2096258547,-15405.974,-12093.648,1553.6194,,50.0,Blueprint,,,,,
SceneComponent,BP_SoundTrap_Ground_Glass_C,UNP_BP_SoundTrap_Ground_Glass_UAID_0468748824941A9902_5cd45a4e3089d131_1786532632,-29200.309,-6933.8374,1746.771,,50.0,Blueprint,,,,,
SceneComponent,BP_SoundTrap_Ground_Glass_C,UNP_BP_SoundTrap_Ground_Glass_UAID_0468748824941A9902_d7ab05e04fd848b6_1786532632,-24804.098,-11045.475,1747.9136,,50.0,Blueprint,,,,,
SceneComponent,BP_SoundTrap_Ground_Glass_C,UNP_BP_SoundTrap_Ground_Glass_UAID_0468748824941E9B02_34103052c501f18e_1968430608,11582.504,19116.863,1300.6859,,50.0,Blueprint,,,,,
SceneComponent,BP_SoundTrap_Ground_Glass_C,UNP_BP_SoundTrap_Ground_Glass_UAID_046874882494209602_55a6bec73623a530_1844962976,-22503.191,-97.833405,1003.74023,,50.0,Blueprint,,,,,
SceneComponent,BP_SoundTrap_Ground_Glass_C,UNP_BP_SoundTrap_Ground_Glass_UAID_046874882494209602_bc9e8611b9e607b3_1844962976,-13669.858,21418.412,-286.0,,50.0,Blueprint,,,,,
SceneComponent,BP_SoundTrap_Ground_Glass_C,UNP_BP_SoundTrap_Ground_Glass_UAID_046874882494209602_f5630e569374ca47_1844962976,5598.014,-11018.395,1421.5864,,50.0,Blueprint,,,,,
SceneComponent,BP_SoundTrap_Ground_Glass_C,UNP_BP_SoundTrap_Ground_Glass_UAID_046874882494359A02_afe4a3bbeb7c2068_1287523109,3313.6865,-12959.793,935.13837,,50.0,Blueprint,,,,,
SceneComponent,BP_SoundTrap_Ground_Glass_C,UNP_BP_SoundTrap_Ground_Glass_UAID_046874882494359A02_afe4a3bbeb7c2068_1288432120,3070.0808,-12313.786,1428.978,,50.0,Blueprint,,,,,
SceneComponent,BP_SoundTrap_Ground_Glass_C,UNP_BP_SoundTrap_Ground_Glass_UAID_046874882494359A02_afe4a3bbeb7c2068_1288520122,3991.4043,-12812.312,1428.3182,,50.0,Blueprint,,,,,
SceneComponent,BP_SoundTrap_Ground_Glass_C,UNP_BP_SoundTrap_Ground_Glass_UAID_046874882494459902_f3f59c752bd0a4d9_1433339304,-59651.4,8798.087,487.8273,,50.0,Blueprint,,,,,
SceneComponent,BP_SoundTrap_Ground_Glass_C,UNP_BP_SoundTrap_Ground_Glass_UAID_0468748824944C9B02_d0e23cfe7f59ca33_2006391787,-25052.836,-6142.275,2121.5166,,50.0,Blueprint,,,,,
SceneComponent,BP_SoundTrap_Ground_Glass_C,UNP_BP_SoundTrap_Ground_Glass_UAID_0468748824944C9B02_d0e23cfe7f59ca33_2006392788,-25055.059,-6045.3813,1770.5166,,50.0,Blueprint,,,,,
SceneComponent,BP_SoundTrap_Ground_Glass_C,UNP_BP_SoundTrap_Ground_Glass_UAID_0468748824944C9B02_e1ce29a85d20fd8c_2006391787,-13606.2705,-37177.42,1281.2091,,50.0,Blueprint,,,,,
SceneComponent,BP_SoundTrap_Ground_Glass_C,UNP_BP_SoundTrap_Ground_Glass_UAID_0468748824944C9B02_e1ce29a85d20fd8c_2006392788,-13700.786,-37198.875,930.2091,,50.0,Blueprint,,,,,
SceneComponent,BP_SoundTrap_Ground_Glass_C,UNP_BP_SoundTrap_Ground_Glass_UAID_0468748824944D9B02_925fe67b578e1df0_1449654240,-2118.0757,19372.197,-242.5311,,50.0,Blueprint,,,,,
SceneComponent,BP_SoundTrap_Ground_Glass_C,UNP_BP_SoundTrap_Ground_Glass_UAID_0468748824944D9B02_984f965975ddf80a_1449654240,-57577.22,20475.328,-468.02734,,50.0,Blueprint,,,,,
SceneComponent,BP_SoundTrap_Ground_Glass_C,UNP_BP_SoundTrap_Ground_Glass_UAID_0468748824944E8902_1c556f47455d4841_1244979141,-4063.1091,3342.809,-75.548904,,50.0,Blueprint,,,,,
SceneComponent,BP_SoundTrap_Ground_Glass_C,UNP_BP_SoundTrap_Ground_Glass_UAID_0468748824944E8902_1c556f47455d4841_1245192143,-2558.8245,1903.1606,-565.3902,,50.0,Blueprint,,,,,
SceneComponent,BP_SoundTrap_Ground_Glass_C,UNP_BP_SoundTrap_Ground_Glass_UAID_0468748824944E8902_1c556f47455d4841_1245411145,-4125.2583,1701.5508,-564.93207,,50.0,Blueprint,,,,,
SceneComponent,BP_SoundTrap_Ground_Glass_C,UNP_BP_SoundTrap_Ground_Glass_UAID_0468748824944E8902_1c556f47455d4841_1245625147,-3799.6143,697.02576,280.4322,,50.0,Blueprint,,,,,
SceneComponent,BP_SoundTrap_Ground_Glass_C,UNP_BP_SoundTrap_Ground_Glass_UAID_0468748824944E8902_1c556f47455d4841_1245845149,-2901.9475,3458.658,420.674,,50.0,Blueprint,,,,,
SceneComponent,BP_SoundTrap_Ground_Glass_C,UNP_BP_SoundTrap_Ground_Glass_UAID_0468748824944E8902_1c556f47455d4841_1246059151,-2531.824,2807.597,423.04373,,50.0,Blueprint,,,,,
SceneComponent,BP_SoundTrap_Ground_Glass_C,UNP_BP_SoundTrap_Ground_Glass_UAID_0468748824944E8902_1c556f47455d4841_1250033170,-2859.5925,2246.5818,422.75073,,50.0,Blueprint,,,,,
SceneComponent,BP_SoundTrap_Ground_Glass_C,UNP_BP_SoundTrap_Ground_Glass_UAID_0468748824944E8902_1c556f47455d4841_1250256172,-3549.3652,3465.387,-568.01215,,50.0,Blueprint,,,,,
SceneComponent,BP_SoundTrap_Ground_Glass_C,UNP_BP_SoundTrap_Ground_Glass_UAID_0468748824944E8902_1c556f47455d4841_1250478174,-2639.7156,2536.5095,-566.31757,,50.0,Blueprint,,,,,
SceneComponent,BP_SoundTrap_Ground_Glass_C,UNP_BP_SoundTrap_Ground_Glass_UAID_0468748824945C9802_9fac250d5149b043_1873094826,-15382.973,22272.568,-288.0,,50.0,Blueprint,,,,,
SceneComponent,BP_SoundTrap_Ground_Glass_C,UNP_BP_SoundTrap_Ground_Glass_UAID_0468748824945C9802_9fac250d5149b043_1873165828,-15330.08,22353.783,63.0,,50.0,Blueprint,,,,,
SceneComponent,BP_SoundTrap_Ground_Glass_C,UNP_BP_SoundTrap_Ground_Glass_UAID_0468748824945C9802_bda10b7c50163ff5_1873094826,-16759.312,19127.906,-290.53766,,50.0,Blueprint,,,,,
SceneComponent,BP_SoundTrap_Ground_Glass_C,UNP_BP_SoundTrap_Ground_Glass_UAID_0468748824945C9802_bda10b7c50163ff5_1873165828,-16678.1,19075.014,60.46235,,50.0,Blueprint,,,,,
SceneComponent,BP_SoundTrap_Ground_Glass_C,UNP_BP_SoundTrap_Ground_Glass_UAID_0468748824945E9802_42e60c0f2dfe0fa8_2081317854,-12918.826,-11694.915,1104.1136,,50.0,Blueprint,,,,,
SceneComponent,BP_SoundTrap_Ground_Glass_C,UNP_BP_SoundTrap_Ground_Glass_UAID_0468748824945E9802_90429aff829b7e94_2081317854,2897.688,-10682.612,1418.2986,,50.0,Blueprint,,,,,
SceneComponent,BP_SoundTrap_Ground_Glass_C,UNP_BP_SoundTrap_Ground_Glass_UAID_046874882494609802_170009526a2c1544_1817922249,-27381.951,-4035.4258,1756.0327,,50.0,Blueprint,,,,,
SceneComponent,BP_SoundTrap_Ground_Glass_C,UNP_BP_SoundTrap_Ground_Glass_UAID_046874882494619802_126232618081b8ee_1321644373,-25951.447,-9965.403,1784.5997,,50.0,Blueprint,,,,,
SceneComponent,BP_SoundTrap_Ground_Glass_C,UNP_BP_SoundTrap_Ground_Glass_UAID_046874882494789602_25c38f96bd642657_2056276812,-26766.049,-8640.396,1708.5251,,50.0,Blueprint,,,,,
SceneComponent,BP_SoundTrap_Ground_Glass_C,UNP_BP_SoundTrap_Ground_Glass_UAID_046874882494789602_25c38f96bd642657_2056564818,-27058.63,-8008.4443,2106.4036,,50.0,Blueprint,,,,,
SceneComponent,BP_SoundTrap_Ground_Glass_C,UNP_BP_SoundTrap_Ground_Glass_UAID_046874882494789602_25c38f96bd642657_2056634820,-26178.352,-7568.6797,2106.4036,,50.0,Blueprint,,,,,
SceneComponent,BP_SoundTrap_Ground_Glass_C,UNP_BP_SoundTrap_Ground_Glass_UAID_046874882494789602_25c38f96bd642657_2057825870,-27019.594,-7861.806,1767.6593,,50.0,Blueprint,,,,,
SceneComponent,BP_SoundTrap_Ground_Glass_C,UNP_BP_SoundTrap_Ground_Glass_UAID_046874882494789602_613646c311d01d8e_2056276812,-27661.695,-10552.101,1711.7512,,50.0,Blueprint,,,,,
SceneComponent,BP_SoundTrap_Ground_Glass_C,UNP_BP_SoundTrap_Ground_Glass_UAID_046874882494789602_613646c311d01d8e_2056564818,-27664.424,-11212.469,2109.6296,,50.0,Blueprint,,,,,
SceneComponent,BP_SoundTrap_Ground_Glass_C,UNP_BP_SoundTrap_Ground_Glass_UAID_046874882494789602_613646c311d01d8e_2057825870,-27415.053,-11346.068,1770.8854,,50.0,Blueprint,,,,,
SceneComponent,BP_SoundTrap_Ground_Glass_C,UNP_BP_SoundTrap_Ground_Glass_UAID_0468748824947D8B02_7bc00f6ec963c845_2004838594,20794.611,-10902.079,2239.5156,,50.0,Blueprint,,,,,
SceneComponent,BP_SoundTrap_Ground_Glass_C,UNP_BP_SoundTrap_Ground_Glass_UAID_046874882494859A02_367755be1ccb9d60_1585837794,-28201.54,-8743.219,2107.495,,50.0,Blueprint,,,,,
SceneComponent,BP_SoundTrap_Ground_Glass_C,UNP_BP_SoundTrap_Ground_Glass_UAID_046874882494859A02_367755be1ccb9d60_1585840795,-28351.592,-8531.019,1757.6732,,50.0,Blueprint,,,,,
SceneComponent,BP_SoundTrap_Ground_Glass_C,UNP_BP_SoundTrap_Ground_Glass_UAID_046874882494859A02_367755be1ccb9d60_1585847798,-26158.959,-8616.366,1746.063,,50.0,Blueprint,,,,,
SceneComponent,BP_SoundTrap_Ground_Glass_C,UNP_BP_SoundTrap_Ground_Glass_UAID_046874882494859A02_367755be1ccb9d60_1585897818,-28764.953,-9690.836,1755.099,,50.0,Blueprint,,,,,
SceneComponent,BP_SoundTrap_Ground_Glass_C,UNP_BP_SoundTrap_Ground_Glass_UAID_0468748824949AD502_6bf7ed90f87edc78_2013988031,-7675.0615,-16645.264,4067.8481,,50.0,Blueprint,,,,,
SceneComponent,BP_SoundTrap_Ground_Glass_C,UNP_BP_SoundTrap_Ground_Glass_UAID_0468748824949AD502_6bf7ed90f87edc78_2014249033,-7661.142,-15968.471,2792.728,,50.0,Blueprint,,,,,
SceneComponent,BP_SoundTrap_Ground_Glass_C,UNP_BP_SoundTrap_Ground_Glass_UAID_0468748824949AD502_6bf7ed90f87edc78_2016091041,-7513.3286,-16059.909,4066.5989,,50.0,Blueprint,,,,,
SceneComponent,BP_SoundTrap_Ground_Glass_C,UNP_BP_SoundTrap_Ground_Glass_UAID_0468748824949AD502_6bf7ed90f87edc78_2032785323,-7441.682,-16175.82,376.27087,,50.0,Blueprint,,,,,
SceneComponent,BP_SoundTrap_Ground_Glass_C,UNP_BP_SoundTrap_Ground_Glass_UAID_0468748824949CD502_37bd26559c49d275_1296736299,-14268.391,-18285.434,1692.5695,,50.0,Blueprint,,,,,
SceneComponent,BP_SoundTrap_Ground_Glass_C,UNP_BP_SoundTrap_Ground_Glass_UAID_0468748824949CD502_37bd26559c49d275_1309279353,-8146.449,-16797.475,1890.7092,,50.0,Blueprint,,,,,
SceneComponent,BP_SoundTrap_Ground_Glass_C,UNP_BP_SoundTrap_Ground_Glass_UAID_0468748824949CD502_37bd26559c49d275_1310077385,-6879.698,-16470.086,1893.252,,50.0,Blueprint,,,,,
SceneComponent,BP_SoundTrap_Ground_Glass_C,UNP_BP_SoundTrap_Ground_Glass_UAID_0468748824949CD502_37bd26559c49d275_1313528389,-5342.875,-15904.411,1893.3151,,50.0,Blueprint,,,,,
SceneComponent,BP_SoundTrap_Ground_Glass_C,UNP_BP_SoundTrap_Ground_Glass_UAID_0468748824949CD502_37bd26559c49d275_1319785611,-4347.9717,-16197.394,1892.9744,,50.0,Blueprint,,,,,
SceneComponent,BP_SoundTrap_Ground_Glass_C,UNP_BP_SoundTrap_Ground_Glass_UAID_046874882494AD8D02_c71ad3ef090f6a00_1994349614,-55179.73,33285.676,1733.2859,,50.0,Blueprint,,,,,
SceneComponent,BP_SoundTrap_Ground_Glass_C,UNP_BP_SoundTrap_Ground_Glass_UAID_046874882494AD8D02_c71ad3ef090f6a00_1994473616,-54317.168,37446.926,1733.2859,,50.0,Blueprint,,,,,
SceneComponent,BP_SoundTrap_Ground_Glass_C,UNP_BP_SoundTrap_Ground_Glass_UAID_046874882494CC9502_97971df2a4ca033d_1229418162,-35413.46,-26842.436,8941.4,,50.0,Blueprint,,,,,
SceneComponent,BP_SoundTrap_Ground_Glass_C,UNP_BP_SoundTrap_Ground_Glass_UAID_046874882494CC9502_97971df2a4ca033d_1244693507,-35657.664,-26681.143,8073.8843,,50.0,Blueprint,,,,,
SceneComponent,BP_SoundTrap_Ground_Glass_C,UNP_BP_SoundTrap_Ground_Glass_UAID_046874882494CC9502_97971df2a4ca033d_1249673580,-35405.785,-27184.775,8073.887,,50.0,Blueprint,,,,,
SceneComponent,BP_SoundTrap_Ground_Glass_C,UNP_BP_SoundTrap_Ground_Glass_UAID_046874882494CC9502_97971df2a4ca033d_1254829656,-35676.695,-27040.852,9374.592,,50.0,Blueprint,,,,,
SceneComponent,BP_SoundTrap_Ground_Glass_C,UNP_BP_SoundTrap_Ground_Glass_UAID_046874882494CC9502_97971df2a4ca033d_1259158729,-36169.086,-26971.154,7657.5044,,50.0,Blueprint,,,,,
SceneComponent,BP_SoundTrap_Ground_Glass_C,UNP_BP_SoundTrap_Ground_Glass_UAID_046874882494DB9A02_a595927790dec5fd_2083405066,-48130.844,-7816.5083,2961.056,,50.0,Blueprint,,,,,
SceneComponent,BP_SoundTrap_Ground_Glass_C,UNP_BP_SoundTrap_Ground_Glass_UAID_046874882494DD9A02_1bef1ea065e33b47_1600869203,-48490.125,-9174.747,2950.8594,,50.0,Blueprint,,,,,
SceneComponent,BP_SoundTrap_Ground_Glass_C,UNP_BP_SoundTrap_Ground_Glass_UAID_046874882494DD9A02_1bef1ea065e33b47_1600996205,-47435.934,-8024.5825,2950.8594,,50.0,Blueprint,,,,,
SceneComponent,BP_SoundTrap_Ground_Glass_C,UNP_BP_SoundTrap_Ground_Glass_UAID_046874882494F79302_b155a0e4697d664a_1685418898,-36713.91,-26512.914,6321.6064,,50.0,Blueprint,,,,,
SceneComponent,BP_SoundTrap_Ground_Glass_C,UNP_BP_SoundTrap_Ground_Glass_UAID_046874882494F79302_b155a0e4697d664a_1685706901,-37884.902,-26205.207,6320.577,,50.0,Blueprint,,,,,
SceneComponent,BP_SoundTrap_Ground_Glass_C,UNP_BP_SoundTrap_Ground_Glass_UAID_046874882494F89A02_86279adec2ec3b27_1892391741,-15412.532,19310.969,566.16223,,50.0,Blueprint,,,,,
SceneComponent,BP_SoundTrap_Ground_Glass_C,UNP_BP_SoundTrap_Ground_Glass_UAID_046874882494F89A02_86279adec2ec3b27_1898203922,-14044.199,18425.238,567.33307,,50.0,Blueprint,,,,,
SceneComponent,BP_SoundTrap_Ground_Glass_C,UNP_BP_SoundTrap_Ground_Glass_UAID_046874882494F89A02_86279adec2ec3b27_1898655930,-13944.527,18569.617,186.37497,,50.0,Blueprint,,,,,
SceneComponent,BP_SoundTrap_Ground_Glass_C,UNP_BP_SoundTrap_Ground_Glass_UAID_046874882494F89A02_86279adec2ec3b27_1899836959,-15960.648,19411.418,186.37497,,50.0,Blueprint,,,,,
SceneComponent,BP_SoundTrap_Ground_Glass_C,UNP_BP_SoundTrap_Ground_Glass_UAID_046874882494F89A02_86279adec2ec3b27_1904194092,-15264.036,19141.662,-612.71576,,50.0,Blueprint,,,,,
SceneComponent,BP_SoundTrap_Ground_Glass_C,UNP_BP_SoundTrap_Ground_Glass_UAID_046874882494F89A02_86279adec2ec3b27_1904305094,-15473.049,18328.916,565.53174,,50.0,Blueprint,,,,,
SceneComponent,BP_SoundTrap_Ground_Glass_C,UNP_BP_SoundTrap_Ground_Glass_UAID_046874882494F89A02_86279adec2ec3b27_1906040140,-15849.724,19034.795,-612.71576,,50.0,Blueprint,,,,,
SceneComponent,BP_SoundTrap_Ground_Glass_C,UNP_BP_SoundTrap_Ground_Glass_UAID_046874882494FA9A02_494699353dfaa609_1773019113,-10820.37,21539.441,-474.25876,,50.0,Blueprint,,,,,
SceneComponent,BP_SoundTrap_Ground_Glass_C,UNP_BP_SoundTrap_Ground_Glass_UAID_046874882494FB9A02_71619fc7e70fc919_1212503041,-17398.85,18467.29,-491.264,,50.0,Blueprint,,,,,
SceneComponent,BP_SoundTrap_Ground_Glass_C,UNP_BP_SoundTrap_Ground_Glass_UAID_08BFB82FEC6A85DC02_3df28b0128384e50_1176400924,33663.72,-12164.268,-26.352194,,50.0,Blueprint,,,,,
SceneComponent,BP_SoundTrap_Ground_Glass_C,UNP_BP_SoundTrap_Ground_Glass_UAID_08BFB82FEC6A85DC02_3df28b0128384e50_1176563926,37461.996,-14946.751,-25.464745,,50.0,Blueprint,,,,,
SceneComponent,BP_SoundTrap_Ground_Glass_C,UNP_BP_SoundTrap_Ground_Glass_UAID_08BFB82FEC6A85DC02_3df28b0128384e50_1176723928,34710.426,-12253.3545,-73.49139,,50.0,Blueprint,,,,,
SceneComponent,BP_SoundTrap_Ground_Glass_C,UNP_BP_SoundTrap_Ground_Glass_UAID_08BFB82FEC6A85DC02_3df28b0128384e50_1176881930,36007.67,-12179.845,-72.799545,,50.0,Blueprint,,,,,
SceneComponent,BP_SoundTrap_Ground_Glass_C,UNP_BP_SoundTrap_Ground_Glass_UAID_08BFB82FEC6A85DC02_3df28b0128384e50_1177041932,37583.438,-13346.56,-72.10254,,50.0,Blueprint,,,,,
SceneComponent,BP_SoundTrap_Ground_Glass_C,UNP_BP_SoundTrap_Ground_Glass_UAID_18C04DA8201B437902_1955f5d21cbe47a4_1438862305,22553.885,7158.6265,2421.0872,,50.0,Blueprint,,,,,
SceneComponent,BP_SoundTrap_Ground_Glass_C,UNP_BP_SoundTrap_Ground_Glass_UAID_18C04DA8201B437902_1955f5d21cbe47a4_1439205332,23185.729,7281.085,2421.0872,,50.0,Blueprint,,,,,
SceneComponent,BP_SoundTrap_Ground_Glass_C,UNP_BP_SoundTrap_Ground_Glass_UAID_581CF8B7231511D902_6dfd51d988941e94_1533257118,38377.047,-12053.064,-100.851,,50.0,Blueprint,,,,,
SceneComponent,BP_SoundTrap_Ground_Glass_C,UNP_BP_SoundTrap_Ground_Glass_UAID_581CF8B723154ED602_a9a338b10a444bbb_1287652987,31432.143,-12261.297,-100.86114,,50.0,Blueprint,,,,,
SceneComponent,BP_SoundTrap_Ground_Glass_C,UNP_BP_SoundTrap_Ground_Glass_UAID_581CF8B723155BD402_263882d4f35b9b05_1769377205,29944.127,-8382.734,372.08807,,50.0,Blueprint,,,,,
SceneComponent,BP_SoundTrap_Ground_Glass_C,UNP_BP_SoundTrap_Ground_Glass_UAID_581CF8B723156ABE02_20e2b082a6cc054c_1237523126,22357.893,-7589.3096,971.0527,,50.0,Blueprint,,,,,
SceneComponent,BP_SoundTrap_Ground_Glass_C,UNP_BP_SoundTrap_Ground_Glass_UAID_581CF8B723156ABE02_20e2b082a6cc054c_1239082134,22806.992,-7972.5005,969.855,,50.0,Blueprint,,,,,
SceneComponent,BP_SoundTrap_Ground_Glass_C,UNP_BP_SoundTrap_Ground_Glass_UAID_581CF8B7231579BD02_2d71cfae02a1eb4f_1788968278,21283.967,-7472.983,1180.8563,,50.0,Blueprint,,,,,
SceneComponent,BP_SoundTrap_Ground_Glass_C,UNP_BP_SoundTrap_Ground_Glass_UAID_581CF8B7231579BD02_2d71cfae02a1eb4f_1789323281,21347.863,-6829.4517,1179.4663,,50.0,Blueprint,,,,,
SceneComponent,BP_SoundTrap_Ground_Glass_C,UNP_BP_SoundTrap_Ground_Glass_UAID_581CF8B723158CD602_e28dd75b0dfb6fe0_1180722743,32176.826,-14385.476,-98.94705,,50.0,Blueprint,,,,,
SceneComponent,BP_SoundTrap_Ground_Glass_C,UNP_BP_SoundTrap_Ground_Glass_UAID_581CF8B723159BD502_cef4d286548b889d_1198053997,31473.986,-7041.801,573.0158,,50.0,Blueprint,,,,,
SceneComponent,BP_SoundTrap_Ground_Glass_C,UNP_BP_SoundTrap_Ground_Glass_UAID_581CF8B723159BD502_cef4d286548b889d_1198213999,30206.816,-6016.1587,574.20654,,50.0,Blueprint,,,,,
SceneComponent,BP_SoundTrap_Ground_Glass_C,UNP_BP_SoundTrap_Ground_Glass_UAID_581CF8B723159BD502_cef4d286548b889d_1198533002,30451.38,-5936.086,574.20654,,50.0,Blueprint,,,,,
SceneComponent,BP_SoundTrap_Ground_Glass_C,UNP_BP_SoundTrap_Ground_Glass_UAID_581CF8B72315AACF02_0af8d68b152618b4_1493124023,26857.941,-6688.313,969.855,,50.0,Blueprint,,,,,
SceneComponent,BP_SoundTrap_Ground_Glass_C,UNP_BP_SoundTrap_Ground_Glass_UAID_581CF8B72315D2D802_b70ca0ae9df1c85d_1146157287,39033.594,-9858.5,-99.93558,,50.0,Blueprint,,,,,
SceneComponent,BP_SoundTrap_Ground_Glass_C,UNP_BP_SoundTrap_Ground_Glass_UAID_581CF8B72315DCD602_79f9a36b537b5426_1471505006,34447.81,-16117.855,-98.94706,,50.0,Blueprint,,,,,
SceneComponent,BP_SoundTrap_Ground_Glass_C,UNP_BP_SoundTrap_Ground_Glass_UAID_581CF8B72315DED602_09b253a8aea41573_1893620292,35960.586,-15191.63,-99.0781,,50.0,Blueprint,,,,,
SceneComponent,BP_SoundTrap_Ground_Glass_C,UNP_BP_SoundTrap_Ground_Glass_UAID_581CF8B72315DED602_09b253a8aea41573_1893764294,36296.707,-14681.829,-100.72366,,50.0,Blueprint,,,,,
SceneComponent,BP_SoundTrap_Ground_Glass_C,UNP_BP_SoundTrap_Ground_Glass_UAID_581CF8B72315DED602_09b253a8aea41573_1894407299,35647.1,-16215.609,-99.078094,,50.0,Blueprint,,,,,
SceneComponent,BP_SoundTrap_Ground_Glass_C,UNP_BP_SoundTrap_Ground_Glass_UAID_581CF8B72315E0D602_5a5767cc339294e0_1773536725,40907.76,-13662.974,-27.63156,,50.0,Blueprint,,,,,
SceneComponent,BP_SoundTrap_Ground_Glass_C,UNP_BP_SoundTrap_Ground_Glass_UAID_581CF8B72315E0D602_5a5767cc339294e0_1774600731,40044.93,-12966.8125,-26.770695,,50.0,Blueprint,,,,,
SceneComponent,BP_SoundTrap_Ground_Glass_C,UNP_BP_SoundTrap_Ground_Glass_UAID_581CF8B72315E0D602_5a5767cc339294e0_1774805733,41319.38,-12673.344,-25.561989,,50.0,Blueprint,,,,,
SceneComponent,BP_SoundTrap_Ground_Glass_C,UNP_BP_SoundTrap_Ground_Glass_UAID_581CF8B72315E0D602_5a5767cc339294e0_1774995735,40403.863,-13670.476,-26.990253,,50.0,Blueprint,,,,,
SceneComponent,BP_SoundTrap_Ground_Glass_C,UNP_BP_SoundTrap_Ground_Glass_UAID_581CF8B72315E0D602_fa7bcc8dea0c77fa_1773536725,37935.895,-16084.797,-27.63156,,50.0,Blueprint,,,,,
SceneComponent,BP_SoundTrap_Ground_Glass_C,UNP_BP_SoundTrap_Ground_Glass_UAID_581CF8B72315E0D602_fa7bcc8dea0c77fa_1774600731,38798.723,-16780.959,-26.770695,,50.0,Blueprint,,,,,
SceneComponent,BP_SoundTrap_Ground_Glass_C,UNP_BP_SoundTrap_Ground_Glass_UAID_581CF8B72315E0D602_fa7bcc8dea0c77fa_1774805733,37524.273,-17074.428,-25.561989,,50.0,Blueprint,,,,,
SceneComponent,BP_SoundTrap_Ground_Glass_C,UNP_BP_SoundTrap_Ground_Glass_UAID_581CF8B72315E0D602_fa7bcc8dea0c77fa_1774995735,38439.793,-16077.296,-26.990253,,50.0,Blueprint,,,,,
SceneComponent,BP_SoundTrap_Ground_Glass_C,UNP_BP_SoundTrap_Ground_Glass_UAID_581CF8B72315E4D602_d52d91af14afa8f4_2106060852,41527.08,-12048.334,-26.990253,,50.0,Blueprint,,,,,
SceneComponent,BP_SoundTrap_Ground_Glass_C,UNP_BP_SoundTrap_Ground_Glass_UAID_581CF8B72315E5D602_73b7a2b36244c8f2_2066953006,37305.11,-17856.639,-28.181156,,50.0,Blueprint,,,,,
SceneComponent,BP_SoundTrap_Ground_Glass_C,UNP_BP_SoundTrap_Ground_Glass_UAID_D843AE1A93E53F4702_3f86c19dfce56e06_2010738114,-47251.902,-10026.667,2956.2178,,50.0,Blueprint,,,,,
SceneComponent,BP_SoundTrap_Ground_Glass_C,UNP_BP_SoundTrap_Ground_Glass_UAID_D843AE1A93E53F4702_728e31eaa6f5cea2_2010738114,-47805.645,-9679.162,3307.2178,,50.0,Blueprint,,,,,
SceneComponent,BP_SoundTrap_Ground_Glass_C,UNP_BP_SoundTrap_Ground_Glass_UAID_D843AE1A93E53F4702_d23c6f87379d28a4_2010738114,21283.967,-7472.983,1180.8563,,50.0,Blueprint,,,,,
SceneComponent,BP_SoundTrap_Ground_Glass_C,UNP_BP_SoundTrap_Ground_Glass_UAID_D843AE1A93E5494702_a331c7d010bdceb9_1310583368,21347.863,-6829.4517,1179.4663,,50.0,Blueprint,,,,,
SceneComponent,BP_SoundTrap_Ground_Glass_C,UNP_BP_SoundTrap_Ground_Glass_UAID_D843AE1A93E5494702_d81157cb3dd43f33_1310583368,-34950.14,41066.09,2631.4048,,50.0,Blueprint,,,,,
SceneComponent,BP_SoundTrap_Ground_Glass_C,UNP_BP_SoundTrap_Ground_Glass_da1ec3d8da7ef2d5_0,-51951.07,16215.175,-267.31674,,50.0,Blueprint,,,,,
SceneComponent,BP_SoundTrap_Ground_Glass_C,UNP_PG_CC_Barrels_07_7bc00f6ec963c845_0,20325.59,-10636.526,2361.7637,,50.0,Blueprint,,,,,
SceneComponent,BP_Spawn_Miniboss_01b_C,BP_Spawn_Miniboss_01b_C_UAID_046874882494859A02_367755be1ccb9d60_1585082327,-28630.268,-6027.695,1743.4502,,,,,,,AISpawnerConfigSet'DA_AISpawner_Miniboss',
SceneComponent,BP_Spawn_Miniboss_01b_C,UNP_BP_Spawn_Miniboss_01b_5a5767cc339294e0_0,41068.46,-12495.83,-27.990278,,,,,,,AISpawnerConfigSet'DA_AISpawner_Miniboss',
SceneComponent,BP_Spawn_Miniboss_01b_C,UNP_BP_Spawn_Miniboss_01b_fa7bcc8dea0c77fa_0,37775.19,-17251.941,-27.990278,,,,,,,AISpawnerConfigSet'DA_AISpawner_Miniboss',
SceneComponent,BP_StoneWallSet_Door_01a_C,UNP_BP_StoneWallSet_Door_01a_1c556f47455d4841_0,-5297.331,3050.6797,-83.89393,,,,,,,,
SceneComponent,BP_TitheLedgerofProvisions_C,BP_TitheLedgerofProvisions_C_UAID_04D9F5F93AD5735A02_d675ac69400b5c24_1755464030,-2647.9402,3210.0056,584.7884,,,,,,,,
SceneComponent,BP_Trap_Ground_Bleed_C,BP_Trap_Ground_Bleed_C_UAID_046874882494449B02_566cfd8f809d947c_1513254064,8545.6045,-21482.424,114.75808,,50.0,Blueprint,1.0 HP,,,,
SceneComponent,BP_Trap_Ground_Bleed_C,BP_Trap_Ground_Bleed_C_UAID_046874882494449B02_566cfd8f809d947c_1513258065,8202.871,-20588.643,115.31739,,50.0,Blueprint,1.0 HP,,,,
SceneComponent,BP_Trap_Ground_Bleed_C,BP_Trap_Ground_Bleed_C_UAID_046874882494449B02_566cfd8f809d947c_1513260066,8930.692,-21966.248,113.88386,,50.0,Blueprint,1.0 HP,,,,
SceneComponent,BP_Trap_Ground_ExplosiveBleed_C,BP_Trap_Ground_ExplosiveBleed_C_UAID_00FF8EFC2BEF215102_10af68cfa2816a47_1509038725,-58591.246,-13222.05,3501.2502,,50.0,Blueprint,1.0 HP,,,,
SceneComponent,BP_Trap_Ground_ExplosiveBleed_C,BP_Trap_Ground_ExplosiveBleed_C_UAID_00FF8EFC2BEF215102_10af68cfa2816a47_1565865727,-57168.207,-11813.249,3430.2341,,50.0,Blueprint,1.0 HP,,,,
SceneComponent,BP_Trap_Ground_ExplosiveBleed_C,BP_Trap_Ground_ExplosiveBleed_C_UAID_00FF8EFC2BEF215102_8c9fe9f5eddf1ec3_1509038725,-44041.465,40450.742,2014.255,,50.0,Blueprint,1.0 HP,,,,
SceneComponent,BP_Trap_Ground_ExplosiveBleed_C,BP_Trap_Ground_ExplosiveBleed_C_UAID_00FF8EFC2BEF215102_8c9fe9f5eddf1ec3_1565865727,-42047.99,40259.39,2079.292,,50.0,Blueprint,1.0 HP,,,,
SceneComponent,BP_Trap_Ground_ExplosiveBleed_C,BP_Trap_Ground_ExplosiveBleed_C_UAID_00FF8EFC2BEFD45502_29c2b06bf31f4049_1237536284,-58768.324,-18159.928,5362.374,,50.0,Blueprint,1.0 HP,,,,
SceneComponent,BP_Trap_Ground_ExplosiveBleed_C,BP_Trap_Ground_ExplosiveBleed_C_UAID_00FF8EFC2BEFD45502_29c2b06bf31f4049_1410034287,-59190.754,-18345.178,4903.0566,,50.0,Blueprint,1.0 HP,,,,
SceneComponent,BP_Trap_Ground_ExplosiveBleed_C,BP_Trap_Ground_ExplosiveBleed_C_UAID_00FF8EFC2BEFD45502_549ddff7aeb43b0c_1237536284,-7878.8867,-20025.348,-498.1355,,50.0,Blueprint,1.0 HP,,,,
SceneComponent,BP_Trap_Ground_ExplosiveBleed_C,BP_Trap_Ground_ExplosiveBleed_C_UAID_00FF8EFC2BEFD45502_549ddff7aeb43b0c_1410034287,-7999.4995,-19580.13,-957.453,,50.0,Blueprint,1.0 HP,,,,
SceneComponent,BP_Trap_Ground_ExplosiveBleed_C,BP_Trap_Ground_ExplosiveBleed_C_UAID_00FF8EFC2BEFD45502_5c69b16e055916f3_1237536284,23924.252,-305.87485,1640.5178,,50.0,Blueprint,1.0 HP,,,,
SceneComponent,BP_Trap_Ground_ExplosiveBleed_C,BP_Trap_Ground_ExplosiveBleed_C_UAID_00FF8EFC2BEFD45502_5c69b16e055916f3_1410034287,23530.615,-546.3241,1181.2003,,50.0,Blueprint,1.0 HP,,,,
SceneComponent,BP_Trap_Ground_ExplosiveBleed_C,BP_Trap_Ground_ExplosiveBleed_C_UAID_00FF8EFC2BEFD45502_d990cc2f1f227046_1237536284,22761.729,5861.0684,1644.5581,,50.0,Blueprint,1.0 HP,,,,
SceneComponent,BP_Trap_Ground_ExplosiveBleed_C,BP_Trap_Ground_ExplosiveBleed_C_UAID_00FF8EFC2BEFD45502_d990cc2f1f227046_1410034287,23221.076,5819.0547,1185.2406,,50.0,Blueprint,1.0 HP,,,,
SceneComponent,BP_Trap_Ground_ExplosiveBleed_C,BP_Trap_Ground_ExplosiveBleed_C_UAID_18C04DA8201B437902_1955f5d21cbe47a4_1151853181,21451.385,6653.878,2374.5698,,50.0,Blueprint,1.0 HP,,,,
SceneComponent,BP_Trap_Ground_ExplosiveBleed_C,BP_Trap_Ground_ExplosiveBleed_C_UAID_18C04DA8201B437902_1955f5d21cbe47a4_1151885197,19685.496,5966.714,2389.1511,,50.0,Blueprint,1.0 HP,,,,
SceneComponent,BP_Trap_Ground_ExplosiveBleed_C,BP_Trap_Ground_ExplosiveBleed_C_UAID_50EBF6D29969097C02_fa61c736281e8a8a_1948608237,-40190.402,-27696.977,8600.024,,50.0,Blueprint,1.0 HP,,,,
SceneComponent,BP_Trap_Ground_ExplosiveBleed_C,BP_Trap_Ground_ExplosiveBleed_C_UAID_50EBF6D29969097C02_fa61c736281e8a8a_1972475238,-39818.44,-28414.078,8642.799,,50.0,Blueprint,1.0 HP,,,,
SceneComponent,BP_Trap_Ground_Explosive_C,BP_Trap_Ground_Explosive_C_UAID_00FF8EFC2BEF215102_10af68cfa2816a47_1542733726,-57838.97,-12368.075,3480.6274,,50.0,Blueprint,1.0 HP,,,,
SceneComponent,BP_Trap_Ground_Explosive_C,BP_Trap_Ground_Explosive_C_UAID_00FF8EFC2BEF215102_8c9fe9f5eddf1ec3_1542733726,-42905.08,40419.47,2071.39,,50.0,Blueprint,1.0 HP,,,,
SceneComponent,BP_Trap_Ground_Explosive_C,BP_Trap_Ground_Explosive_C_UAID_00FF8EFC2BEFD45502_29c2b06bf31f4049_1269162285,-57889.215,-17602.836,5960.904,,50.0,Blueprint,1.0 HP,,,,
SceneComponent,BP_Trap_Ground_Explosive_C,BP_Trap_Ground_Explosive_C_UAID_00FF8EFC2BEFD45502_549ddff7aeb43b0c_1269162285,-7458.206,-20977.299,100.39409,,50.0,Blueprint,1.0 HP,,,,
SceneComponent,BP_Trap_Ground_Explosive_C,BP_Trap_Ground_Explosive_C_UAID_00FF8EFC2BEFD45502_5c69b16e055916f3_1269162285,24720.334,364.52634,2239.0474,,50.0,Blueprint,1.0 HP,,,,
SceneComponent,BP_Trap_Ground_Explosive_C,BP_Trap_Ground_Explosive_C_UAID_00FF8EFC2BEFD45502_d990cc2f1f227046_1269162285,21722.861,5798.305,2243.0876,,50.0,Blueprint,1.0 HP,,,,
SceneComponent,BP_Trap_Ground_Explosive_C,BP_Trap_Ground_Explosive_C_UAID_00FF8EFC2BEFFB5502_0db63d81c574f015_2075180290,14358.007,14113.376,1570.9087,,50.0,Blueprint,1.0 HP,,,,
SceneComponent,BP_Trap_Ground_Explosive_C,BP_Trap_Ground_Explosive_C_UAID_00FF8EFC2BEFFB5502_0db63d81c574f015_2075183291,14813.059,14387.943,1539.161,,50.0,Blueprint,1.0 HP,,,,
SceneComponent,BP_Trap_Ground_Explosive_C,BP_Trap_Ground_Explosive_C_UAID_00FF8EFC2BEFFB5502_0db63d81c574f015_2075188292,13962.665,13889.42,1568.0253,,50.0,Blueprint,1.0 HP,,,,
SceneComponent,BP_Trap_Ground_Explosive_C,BP_Trap_Ground_Explosive_C_UAID_00FF8EFC2BEFFB5502_3c3291fccc4d0ca2_2075180290,-30250.607,-45997.02,5241.9053,,50.0,Blueprint,1.0 HP,,,,
SceneComponent,BP_Trap_Ground_Explosive_C,BP_Trap_Ground_Explosive_C_UAID_00FF8EFC2BEFFB5502_3c3291fccc4d0ca2_2075183291,-30638.506,-46360.33,5210.157,,50.0,Blueprint,1.0 HP,,,,
SceneComponent,BP_Trap_Ground_Explosive_C,BP_Trap_Ground_Explosive_C_UAID_00FF8EFC2BEFFB5502_3c3291fccc4d0ca2_2075188292,-29910.57,-45695.645,5239.0215,,50.0,Blueprint,1.0 HP,,,,
SceneComponent,BP_Trap_Ground_Explosive_C,BP_Trap_Ground_Explosive_C_UAID_00FF8EFC2BEFFB5502_b4eb7b5d453a345a_2075180290,22167.578,-21488.207,2125.2166,,50.0,Blueprint,1.0 HP,,,,
SceneComponent,BP_Trap_Ground_Explosive_C,BP_Trap_Ground_Explosive_C_UAID_00FF8EFC2BEFFB5502_b4eb7b5d453a345a_2075183291,22608.812,-21786.041,2116.5059,,50.0,Blueprint,1.0 HP,,,,
SceneComponent,BP_Trap_Ground_Explosive_C,BP_Trap_Ground_Explosive_C_UAID_00FF8EFC2BEFFB5502_b4eb7b5d453a345a_2075188292,21798.17,-21224.625,2102.3945,,50.0,Blueprint,1.0 HP,,,,
SceneComponent,BP_Trap_Ground_Explosive_C,BP_Trap_Ground_Explosive_C_UAID_00FF8EFC2BEFFB5502_e41ce24b7b9363e5_2075180290,-24634.865,29587.822,927.78143,,50.0,Blueprint,1.0 HP,,,,
SceneComponent,BP_Trap_Ground_Explosive_C,BP_Trap_Ground_Explosive_C_UAID_00FF8EFC2BEFFB5502_e41ce24b7b9363e5_2075183291,-25165.424,29618.934,896.0336,,50.0,Blueprint,1.0 HP,,,,
SceneComponent,BP_Trap_Ground_Explosive_C,BP_Trap_Ground_Explosive_C_UAID_00FF8EFC2BEFFB5502_e41ce24b7b9363e5_2075188292,-24182.178,29548.77,924.89795,,50.0,Blueprint,1.0 HP,,,,
SceneComponent,BP_Trap_Ground_Explosive_C,BP_Trap_Ground_Explosive_C_UAID_00FF8EFC2BEFFB5502_e5dd62a3af5a34cb_2075180290,-56909.69,-19525.566,6441.711,,50.0,Blueprint,1.0 HP,,,,
SceneComponent,BP_Trap_Ground_Explosive_C,BP_Trap_Ground_Explosive_C_UAID_00FF8EFC2BEFFB5502_e5dd62a3af5a34cb_2075183291,-56798.75,-20045.328,6409.963,,50.0,Blueprint,1.0 HP,,,,
SceneComponent,BP_Trap_Ground_Explosive_C,BP_Trap_Ground_Explosive_C_UAID_00FF8EFC2BEFFB5502_e5dd62a3af5a34cb_2075188292,-56992.293,-19078.77,6438.827,,50.0,Blueprint,1.0 HP,,,,
SceneComponent,BP_Trap_Ground_Explosive_C,BP_Trap_Ground_Explosive_C_UAID_04D9F5F93AD54B5D02_c71ad3ef090f6a00_1561015091,-54221.273,34103.492,1733.2859,,50.0,Blueprint,1.0 HP,,,,
SceneComponent,BP_Trap_Ground_Explosive_C,BP_Trap_Ground_Explosive_C_UAID_04D9F5F93AD54B5D02_c71ad3ef090f6a00_1613771092,-55465.574,36191.332,1733.2859,,50.0,Blueprint,1.0 HP,,,,
SceneComponent,BP_Trap_Ground_Explosive_C,BP_Trap_Ground_Explosive_C_UAID_04D9F5F93AD54B5D02_c71ad3ef090f6a00_1613779093,-55084.844,36324.598,1733.2859,,50.0,Blueprint,1.0 HP,,,,
SceneComponent,BP_Trap_Ground_Explosive_C,BP_Trap_Ground_Explosive_C_UAID_04D9F5F93AD55B4B02_126232618081b8ee_1289643629,-26384.676,-9817.094,1434.7335,,50.0,Blueprint,1.0 HP,,,,
SceneComponent,BP_Trap_Ground_Explosive_C,BP_Trap_Ground_Explosive_C_UAID_04D9F5F93AD5616602_1955f5d21cbe47a4_1262224419,21030.402,2908.0684,654.93964,,50.0,Blueprint,1.0 HP,,,,
SceneComponent,BP_Trap_Ground_Explosive_C,BP_Trap_Ground_Explosive_C_UAID_04D9F5F93AD5616602_1955f5d21cbe47a4_1396964425,20300.004,1520.3707,654.93964,,50.0,Blueprint,1.0 HP,,,,
SceneComponent,BP_Trap_Ground_Explosive_C,BP_Trap_Ground_Explosive_C_UAID_04D9F5F93AD5616602_1955f5d21cbe47a4_1402421426,20438.826,1469.8544,654.93964,,50.0,Blueprint,1.0 HP,,,,
SceneComponent,BP_Trap_Ground_Explosive_C,BP_Trap_Ground_Explosive_C_UAID_04D9F5F93AD5616602_1955f5d21cbe47a4_1542160429,21899.424,4552.6685,608.6663,,50.0,Blueprint,1.0 HP,,,,
SceneComponent,BP_Trap_Ground_Explosive_C,BP_Trap_Ground_Explosive_C_UAID_04D9F5F93AD5904702_97971df2a4ca033d_1737071069,-36220.266,-26670.53,7652.963,,50.0,Blueprint,1.0 HP,,,,
SceneComponent,BP_Trap_Ground_Explosive_C,BP_Trap_Ground_Explosive_C_UAID_04D9F5F93AD59A6C02_29c4ea76462ed633_1095488447,-34183.668,22222.088,-310.83167,,50.0,Blueprint,1.0 HP,,,,
SceneComponent,BP_Trap_Ground_Explosive_C,BP_Trap_Ground_Explosive_C_UAID_04D9F5F93AD59A6C02_29c4ea76462ed633_1117437448,-29393.99,21697.885,-309.74924,,50.0,Blueprint,1.0 HP,,,,
SceneComponent,BP_Trap_Ground_Explosive_C,BP_Trap_Ground_Explosive_C_UAID_04D9F5F93AD59A6C02_29c4ea76462ed633_1129265449,-28032.928,20792.879,-314.43887,,50.0,Blueprint,1.0 HP,,,,
SceneComponent,BP_Trap_Ground_Explosive_C,BP_Trap_Ground_Explosive_C_UAID_04D9F5F93AD5A46602_1955f5d21cbe47a4_1569745835,21098.955,249.24959,652.2427,,50.0,Blueprint,1.0 HP,,,,
SceneComponent,BP_Trap_Ground_Explosive_C,BP_Trap_Ground_Explosive_C_UAID_04D9F5F93AD5FA3502_200fe159653a847b_1512651520,-62287.13,-17265.182,1548.0615,,50.0,Blueprint,1.0 HP,,,,
SceneComponent,BP_Trap_Ground_Explosive_C,BP_Trap_Ground_Explosive_C_UAID_04D9F5F93AD5FA3502_200fe159653a847b_1530996528,-62232.383,-17292.992,1548.0615,,50.0,Blueprint,1.0 HP,,,,
SceneComponent,BP_Trap_Ground_Explosive_C,BP_Trap_Ground_Explosive_C_UAID_04D9F5F93AD5FA3502_8842c8402fd3ec16_1411386503,-62127.83,-12380.883,1535.214,,50.0,Blueprint,1.0 HP,,,,
SceneComponent,BP_Trap_Ground_Explosive_C,BP_Trap_Ground_Explosive_C_UAID_04D9F5F93AD5FA3502_8842c8402fd3ec16_1438214504,-62003.27,-13201.969,1554.9851,,50.0,Blueprint,1.0 HP,,,,
SceneComponent,BP_Trap_Ground_Explosive_C,BP_Trap_Ground_Explosive_C_UAID_04D9F5F93AD5FA3502_f5f3745e62dd497c_1867934732,-65481.84,-202.56628,1684.1058,,50.0,Blueprint,1.0 HP,,,,
SceneComponent,BP_Trap_Ground_Explosive_C,BP_Trap_Ground_Explosive_C_UAID_04D9F5F93AD5FA3502_f5f3745e62dd497c_2062591733,-66053.4,-122.82646,1673.0305,,50.0,Blueprint,1.0 HP,,,,
SceneComponent,BP_Trap_Ground_Explosive_C,BP_Trap_Ground_Explosive_C_UAID_04D9F5F93AD5FA3502_f5f3745e62dd497c_2094766734,-66572.55,-455.84702,1686.3689,,50.0,Blueprint,1.0 HP,,,,
SceneComponent,BP_Trap_Ground_Explosive_C,BP_Trap_Ground_Explosive_C_UAID_04D9F5F93AD5FA3502_f5f3745e62dd497c_2114112735,-66253.92,-1696.2605,1687.3304,,50.0,Blueprint,1.0 HP,,,,
SceneComponent,BP_Trap_Ground_Explosive_C,BP_Trap_Ground_Explosive_C_UAID_04D9F5F93AD5FA3502_f5f3745e62dd497c_2138918736,-65074.945,-1859.9346,1697.0632,,50.0,Blueprint,1.0 HP,,,,
SceneComponent,BP_Trap_Ground_Explosive_C,BP_Trap_Ground_Explosive_C_UAID_04D9F5F93AD5FC6102_c71ad3ef090f6a00_1226543492,-52091.555,34490.906,1733.2859,,50.0,Blueprint,1.0 HP,,,,
SceneComponent,BP_Trap_Ground_Explosive_C,BP_Trap_Ground_Explosive_C_UAID_18C04DA8201B437902_1955f5d21cbe47a4_1151865186,20569.053,6209.9985,2385.723,,50.0,Blueprint,1.0 HP,,,,
SceneComponent,BP_Trap_Ground_Explosive_C,BP_Trap_Ground_Explosive_C_UAID_581CF8B72315195002_126232618081b8ee_1781336617,-26302.207,-9402.073,1434.5596,,50.0,Blueprint,1.0 HP,,,,
SceneComponent,BP_Trap_Ground_Explosive_C,BP_Trap_Ground_Explosive_C_UAID_581CF8B72315C15A02_c71ad3ef090f6a00_1522192614,-54870.305,34169.234,1733.2859,,50.0,Blueprint,1.0 HP,,,,
SceneComponent,BP_Trapdoor_01a_C,BP_Trapdoor_01a_C_UAID_046874882494859A02_367755be1ccb9d60_1585869807,-28328.877,-9632.941,2099.298,,,,,,,,
SceneComponent,BP_Trapdoor_01a_C,BP_Trapdoor_01a_C_UAID_04D9F5F93AD5379A02_6bf7ed90f87edc78_1459765992,-7852.4395,-16055.092,2785.9302,,,,,,,,
SceneComponent,BP_Trapdoor_01a_C,BP_Trapdoor_01a_C_UAID_04D9F5F93AD5379A02_6bf7ed90f87edc78_1497893993,-7754.443,-15908.405,2411.04,,,,,,,,
SceneComponent,BP_Trapdoor_01a_C,BP_Trapdoor_01a_C_UAID_04D9F5F93AD5969902_6bf7ed90f87edc78_2008408803,-7778.5693,-15871.31,4062.9414,,,,,,,,
SceneComponent,BP_Trapdoor_01a_C,BP_Trapdoor_01a_C_UAID_04D9F5F93AD5969902_6bf7ed90f87edc78_2034198804,-7619.473,-15916.371,3437.3755,,,,,,,,
SceneComponent,BP_Trapdoor_01a_C,UNP_BP_Trapdoor_01a_39c53a56517c239f_0,14591.719,13383.366,2569.562,,,,,InventoryDefinition_Key'ID_Key_Bronze',,,
SceneComponent,BP_Trapdoor_01a_C,UNP_BP_Trapdoor_01a_3e62a173f235e900_0,21580.936,-21964.4,3132.1594,,,,,InventoryDefinition_Key'ID_Key_Bronze',,,
SceneComponent,BP_Trapdoor_01a_C,UNP_BP_Trapdoor_01a_6c4c20721545df36_0,-30631.215,-45331.684,6240.5586,,,,,InventoryDefinition_Key'ID_Key_Bronze',,,
SceneComponent,BP_Trapdoor_01a_C,UNP_BP_Trapdoor_01a_a1b8e9568afcd202_0,-57676.0,-19508.117,7440.3643,,,,,InventoryDefinition_Key'ID_Key_Bronze',,,
SceneComponent,BP_Trapdoor_01a_C,UNP_BP_Trapdoor_01a_a595927790dec5fd_0,-47747.46,-7986.7197,3436.195,,,,,,,,
SceneComponent,BP_Trapdoor_01a_C,UNP_BP_Trapdoor_01a_b48abfd6dd8426a8_0,-24414.484,30321.967,1926.4347,,,,,InventoryDefinition_Key'ID_Key_Bronze',,,
SceneComponent,BP_Trapdoor_01a_C,UNP_ChildActor_7b548543dc2c1a62_0,-46059.55,32611.182,1903.3402,,,,,,,,
SceneComponent,BP_Trapdoor_01a_C,UNP_ChildActor_UAID_046874882494F39502_fa61c736281e8a8a_1309467606,-38060.64,-31116.033,7545.144,,,,,,,,
SceneComponent,BP_Trapdoor_01a_C,UNP_ChildActor_UAID_046874882494FE9802_29c4ea76462ed633_1775123793,-28821.215,19513.87,236.11624,,,,,,,,
SceneComponent,BP_Trapdoor_01a_C,UNP_ChildActor_UAID_046874882494FE9802_29c4ea76462ed633_1778060949,-33141.53,21957.025,234.24985,,,,,,,,
SceneComponent,BP_Trapdoor_01a_C,UNP_Trapdoor_01_1c556f47455d4841_0,-2710.2693,2960.4092,418.0275,,,,,,,,
SceneComponent,BP_Trapdoor_01a_C,UNP_Trapdoor_01_5aa9c7cba1521a97_0,-37576.906,-5920.2773,2991.204,,,,,,,,
SceneComponent,BP_Trapdoor_01a_C,UNP_Trapdoor_01_UAID_046874882494977D02_f5f3745e62dd497c_1270707798,-65571.4,-1960.7573,2245.2737,,,,,,,,
SceneComponent,BP_Trapdoor_01a_C,UNP_Trapdoor_02_1c556f47455d4841_1,-4053.7263,560.24634,275.13464,,,,,,,,
SceneComponent,BP_Waterwheel_01a_C,UNP_BP_Waterwheel_01a_86279adec2ec3b27_0,-15068.791,18020.77,-369.96313,,,,,,,,
SceneComponent,BP_Window_195x105_BST_02b_C,BP_Window_195x105_BST_02b_C_6bf7ed90f87edc78_1,-7160.099,-16195.015,4149.3105,,,,10.0 HP,,,,
SceneComponent,BP_Window_195x105_BST_02b_C,BP_Window_195x105_BST_02b_C_6bf7ed90f87edc78_2,-7070.826,-16562.312,4149.3105,,,,10.0 HP,,,,
SceneComponent,BP_Window_195x105_BST_02b_C,BP_Window_195x105_BST_02b_C_UAID_04D9F5F93AD5A44502_97971df2a4ca033d_2084680097,-36553.7,-26844.41,9020.649,,,,10.0 HP,,,,
SceneComponent,BP_Window_195x105_BST_02b_C,BP_Window_195x105_BST_02b_C_UAID_04D9F5F93AD5A54502_97971df2a4ca033d_1117608448,-36404.23,-26396.062,9020.649,,,,10.0 HP,,,,
SceneComponent,BP_Window_195x105_BST_02b_C,UNP_Window_195x105_ST_01a4_6bf7ed90f87edc78_3,-8012.182,-16790.496,4153.647,,,,10.0 HP,,,,
SceneComponent,BP_Window_195x105_BST_02b_C,UNP_Window_195x105_ST_01a5_6bf7ed90f87edc78_4,-8101.7827,-16426.225,4153.647,,,,10.0 HP,,,,
SceneComponent,BP_Window_195x105_BST_02b_C,UNP_Window_195x105_ST_01a6_6bf7ed90f87edc78_5,-8033.6743,-15894.553,4147.5854,,,,10.0 HP,,,,
SceneComponent,BP_Window_195x105_BST_02b_C,UNP_Window_195x105_ST_01a_6bf7ed90f87edc78_0,-8059.1694,-16598.295,2896.6685,,,,10.0 HP,,,,
SceneComponent,BP_Window_195x105_BST_02c_C,BP_Window_Large_03b_C_UAID_046874882494859A02_367755be1ccb9d60_1585213416,-27746.562,-9613.481,2189.9602,,,,10.0 HP,,,,
SceneComponent,BP_Window_Ext_Single_07a_C,UNP_BP_Window_Ext_Single_07a1_UAID_18C04DA8201B437902_1955f5d21cbe47a4_1437725262,22769.7,7476.0337,2506.0872,,,,,,,,
SceneComponent,BP_Window_Ext_Single_07a_C,UNP_BP_Window_Ext_Single_07a2_UAID_18C04DA8201B437902_1955f5d21cbe47a4_1437728263,22774.598,6748.819,2506.0872,,,,,,,,
SceneComponent,BP_Window_Ext_Single_07a_C,UNP_BP_Window_Ext_Single_07a2_a595927790dec5fd_1,-48034.336,-8256.606,3541.344,,,,,,,,
SceneComponent,BP_Window_Ext_Single_07a_C,UNP_BP_Window_Ext_Single_07a3_39c53a56517c239f_1,14729.921,13228.119,2672.2388,,,,,,,,
SceneComponent,BP_Window_Ext_Single_07a_C,UNP_BP_Window_Ext_Single_07a3_3e62a173f235e900_1,21495.953,-22150.58,3241.0615,,,,,,,,
SceneComponent,BP_Window_Ext_Single_07a_C,UNP_BP_Window_Ext_Single_07a3_6c4c20721545df36_1,-30798.719,-45208.617,6343.2354,,,,,,,,
SceneComponent,BP_Window_Ext_Single_07a_C,UNP_BP_Window_Ext_Single_07a3_a1b8e9568afcd202_1,-57867.863,-19588.057,7543.041,,,,,,,,
SceneComponent,BP_Window_Ext_Single_07a_C,UNP_BP_Window_Ext_Single_07a3_b48abfd6dd8426a8_1,-24440.586,30528.172,2029.1116,,,,,,,,
SceneComponent,BP_Window_Ext_Single_07a_C,UNP_BP_Window_Ext_Single_07a4_39c53a56517c239f_2,14643.369,13809.593,2671.5222,,,,,,,,
SceneComponent,BP_Window_Ext_Single_07a_C,UNP_BP_Window_Ext_Single_07a4_3e62a173f235e900_2,21986.84,-21827.127,3237.6611,,,,,,,,
SceneComponent,BP_Window_Ext_Single_07a_C,UNP_BP_Window_Ext_Single_07a4_6c4c20721545df36_2,-30592.975,-45759.32,6342.5186,,,,,,,,
SceneComponent,BP_Window_Ext_Single_07a_C,UNP_BP_Window_Ext_Single_07a4_a1b8e9568afcd202_2,-57289.996,-19696.104,7542.324,,,,,,,,
SceneComponent,BP_Window_Ext_Single_07a_C,UNP_BP_Window_Ext_Single_07a4_b48abfd6dd8426a8_2,-24698.252,29999.768,2028.3948,,,,,,,,
SceneComponent,BP_Window_Ext_Single_07a_C,UNP_BP_Window_Ext_Single_07a_39c53a56517c239f_0,14410.216,13485.843,2672.2957,,,,,,,,
SceneComponent,BP_Window_Ext_Single_07a_C,UNP_BP_Window_Ext_Single_07a_3e62a173f235e900_0,21595.111,-21752.36,3226.1616,,,,,,,,
SceneComponent,BP_Window_Ext_Single_07a_C,UNP_BP_Window_Ext_Single_07a_6c4c20721545df36_0,-30432.352,-45394.117,6343.292,,,,,,,,
SceneComponent,BP_Window_Ext_Single_07a_C,UNP_BP_Window_Ext_Single_07a_UAID_18C04DA8201B437902_1955f5d21cbe47a4_1437718259,22050.943,6918.06,2506.0872,,,,,,,,
SceneComponent,BP_Window_Ext_Single_07a_C,UNP_BP_Window_Ext_Single_07a_a1b8e9568afcd202_0,-57519.88,-19370.021,7543.0977,,,,,,,,
SceneComponent,BP_Window_Ext_Single_07a_C,UNP_BP_Window_Ext_Single_07a_a595927790dec5fd_0,-48358.78,-7916.9478,3533.7502,,,,,,,,
SceneComponent,BP_Window_Ext_Single_07a_C,UNP_BP_Window_Ext_Single_07a_b48abfd6dd8426a8_0,-24322.82,30134.77,2029.1683,,,,,,,,
SceneComponent,BP_Window_Ext_Single_08a_C,BP_Window_Ext_Single_07a_C_85bb18fbbf27a88e_2,-27161.148,-7032.99,2136.046,,,,,,,,
SceneComponent,BP_Window_Ext_Single_08a_C,BP_Window_Ext_Single_08a_C_UAID_046874882494859A02_367755be1ccb9d60_1585855801,-27695.63,-9238.123,2220.1228,,,,,,,,
SceneComponent,BP_Window_Ext_Single_08a_C,UNP_BP_Window_Ext_Single_07a3_1c556f47455d4841_1,-4477.9375,2873.5823,15.342595,,,,,,,,
SceneComponent,BP_Window_Ext_Single_08a_C,UNP_BP_Window_Ext_Single_07a4_1c556f47455d4841_2,-2286.927,1494.6486,17.96201,,,,,,,,
SceneComponent,BP_Window_Ext_Single_08a_C,UNP_BP_Window_Ext_Single_07a_1c556f47455d4841_0,-3901.9211,3063.452,14.98192,,,,,,,,
SceneComponent,BP_Window_Large_01a_C,UNP_BP_Window_195x105_BST_02b_1c556f47455d4841_0,-2278.6008,3018.647,494.94818,,,,10.0 HP,,,,
SceneComponent,BP_Window_Large_01a_C,UNP_BP_Window_Large_01a1_1c556f47455d4841_4,-2842.7932,2065.2463,496.75925,,,,10.0 HP,,,,
SceneComponent,BP_Window_Large_01a_C,UNP_BP_Window_Large_01a2_1c556f47455d4841_2,-2223.1194,2384.4924,496.1528,,,,10.0 HP,,,,
SceneComponent,BP_Window_Large_01a_C,UNP_BP_Window_Large_01a2_UAID_04D9F5F93AD5064A02_358ce63c24dd89f2_1629345478,-30104.432,-6087.3237,1879.2507,,,,10.0 HP,,,,
SceneComponent,BP_Window_Large_01a_C,UNP_BP_Window_Large_01a2_UAID_04D9F5F93AD5064A02_358ce63c24dd89f2_1633664491,-29292.084,-5736.435,1879.2507,,,,10.0 HP,,,,
SceneComponent,BP_Window_Large_01a_C,UNP_BP_Window_Large_01a2_UAID_04D9F5F93AD5064B02_358ce63c24dd89f2_1878804515,-30518.66,-5997.5493,1883.6526,,,,10.0 HP,,,,
SceneComponent,BP_Window_Large_01a_C,UNP_BP_Window_Large_01a2_UAID_04D9F5F93AD55E4A02_358ce63c24dd89f2_1486817557,-30623.604,-5756.643,2296.558,,,,10.0 HP,,,,
SceneComponent,BP_Window_Large_01a_C,UNP_BP_Window_Large_01a2_UAID_04D9F5F93AD5984C02_358ce63c24dd89f2_1230146717,-30210.434,-5015.398,2296.6594,,,,10.0 HP,,,,
SceneComponent,BP_Window_Large_01a_C,UNP_BP_Window_Large_01a2_UAID_04D9F5F93AD5B64F02_358ce63c24dd89f2_1758489031,-30608.98,-5189.0127,2296.6594,,,,10.0 HP,,,,
SceneComponent,BP_Window_Large_01a_C,UNP_BP_Window_Large_01a2_UAID_04D9F5F93AD5BD4902_358ce63c24dd89f2_1200754393,-29196.45,-5691.693,2296.6594,,,,10.0 HP,,,,
SceneComponent,BP_Window_Large_01a_C,UNP_BP_Window_Large_01a2_UAID_04D9F5F93AD5BD4902_358ce63c24dd89f2_1248398592,-29538.389,-5840.6475,2296.6594,,,,10.0 HP,,,,
SceneComponent,BP_Window_Large_01a_C,UNP_BP_Window_Large_01a2_UAID_04D9F5F93AD5BD4902_358ce63c24dd89f2_1260581636,-29886.637,-5992.352,2296.6594,,,,10.0 HP,,,,
SceneComponent,BP_Window_Large_01a_C,UNP_BP_Window_Large_01a2_UAID_04D9F5F93AD5BD4902_358ce63c24dd89f2_1358984700,-30232.46,-6142.999,2296.6594,,,,10.0 HP,,,,
SceneComponent,BP_Window_Large_01a_C,UNP_BP_Window_Large_01a3_1c556f47455d4841_3,-2333.8628,3650.293,493.74832,,,,10.0 HP,,,,
SceneComponent,BP_Window_Large_01a_C,UNP_BP_Window_Large_01a4_1c556f47455d4841_5,-3182.4976,3344.2415,494.32968,,,,10.0 HP,,,,
SceneComponent,BP_Window_Large_01a_C,UNP_BP_Window_Large_01a_1c556f47455d4841_1,-3092.6455,2318.6226,496.27795,,,,10.0 HP,,,,
SceneComponent,BP_Window_Large_01a_C,UNP_BP_Window_Large_07a1_afe4a3bbeb7c2068_1,4485.0186,-12865.208,1857.5864,,,,10.0 HP,,,,
SceneComponent,BP_Window_Large_01a_C,UNP_BP_Window_Large_07a2_afe4a3bbeb7c2068_2,3022.7102,-12043.256,1874.2727,,,,10.0 HP,,,,
SceneComponent,BP_Window_Large_01a_C,UNP_BP_Window_Large_07a_afe4a3bbeb7c2068_0,4056.1797,-13058.903,1857.5864,,,,10.0 HP,,,,
SceneComponent,BP_Window_Large_01d_C,UNP_BP_Window_195x105_BST_02b1_1c556f47455d4841_0,-2274.5322,3019.7563,891.56213,,,,10.0 HP,,,,
SceneComponent,BP_Window_Large_03b_C,UNP_BP_Window_Large_03b1_afe4a3bbeb7c2068_1,4461.479,-12833.07,1499.5327,,,,10.0 HP,,,,
SceneComponent,BP_Window_Large_03b_C,UNP_BP_Window_Large_03b_afe4a3bbeb7c2068_0,3616.5583,-13232.688,1498.0332,,,,10.0 HP,,,,
SceneComponent,BP_Window_Stable_01a_C,BP_Window_Stable_01a_C_UAID_10FFE0F0DC0E97E302_613646c311d01d8e_1772255744,-27659.19,-11690.02,2172.8516,,,,,,,,
SceneComponent,BP_Window_Stable_01a_C,UNP_BP_Window_Stable_01a_1c556f47455d4841_0,-3157.8704,2837.306,514.8488,,,,,,,,
SceneComponent,BP_Window_Stable_02a_C,BP_Window_Ext_Single_08a_C_UAID_046874882494859A02_367755be1ccb9d60_1585835793,-28632.178,-9259.667,2205.4631,,,,,,,,
SceneComponent,BP_Window_Stable_02a_C,BP_Window_Ext_Single_08a_C_UAID_046874882494859A02_367755be1ccb9d60_1585852800,-28069.785,-8478.325,2220.0366,,,,,,,,
SceneComponent,BP_Window_Stable_02a_C,BP_Window_Stable_01a_C_170009526a2c1544_1,-28488.123,-4300.9453,1833.8025,,,,,,,,
SceneComponent,BP_Window_Stable_02a_C,BP_Window_Stable_02a_C_25c38f96bd642657_0,-26535.98,-8578.437,1854.9335,,,,,,,,
SceneComponent,BP_Window_Stable_02a_C,BP_Window_Stable_02a_C_25c38f96bd642657_2,-27333.879,-8395.772,1863.9131,,,,,,,,
SceneComponent,BP_Window_Stable_02a_C,BP_Window_Stable_02a_C_25c38f96bd642657_3,-25987.742,-7994.1523,2175.0427,,,,,,,,
SceneComponent,BP_Window_Stable_02a_C,BP_Window_Stable_02a_C_613646c311d01d8e_0,-27890.357,-10619.068,1858.1597,,,,,,,,
SceneComponent,BP_Window_Stable_02a_C,BP_Window_Stable_02a_C_613646c311d01d8e_2,-27088.662,-10784.27,1867.1392,,,,,,,,
SceneComponent,BP_Window_Stable_02a_C,BP_Window_Stable_02a_C_UAID_0468748824944C9B02_d0e23cfe7f59ca33_2006389785,-25626.117,-5435.01,1920.2168,,,,,,,,
SceneComponent,BP_Window_Stable_02a_C,BP_Window_Stable_02a_C_UAID_0468748824944C9B02_d0e23cfe7f59ca33_2006393789,-24497.357,-6163.4185,1890.2942,,,,,,,,
SceneComponent,BP_Window_Stable_02a_C,BP_Window_Stable_02a_C_UAID_0468748824944C9B02_e1ce29a85d20fd8c_2006389785,-14185.364,-37879.938,1079.9093,,,,,,,,
SceneComponent,BP_Window_Stable_02a_C,BP_Window_Stable_02a_C_UAID_0468748824944C9B02_e1ce29a85d20fd8c_2006393789,-13696.046,-36628.84,1049.9867,,,,,,,,
SceneComponent,BP_Window_Stable_02a_C,BP_Window_Stable_02a_C_UAID_046874882494859A02_367755be1ccb9d60_1585842796,-28674.754,-9947.955,1869.6681,,,,,,,,
SceneComponent,BP_Window_Stable_02a_C,BP_Window_Stable_02a_C_UAID_04D9F5F93AD5004B02_25c38f96bd642657_1982604391,-26287.836,-7323.3228,2175.0427,,,,,,,,
SceneComponent,BP_Window_Stable_02a_C,BP_Window_Stable_02a_C_UAID_04D9F5F93AD5613F02_7895f44951635563_1386291149,-46917.78,-9477.741,3105.918,,,,,,,,
SceneComponent,BP_Window_Stable_02a_C,BP_Window_Stable_02a_C_UAID_04D9F5F93AD5613F02_7895f44951635563_1386300150,-48070.645,-10169.348,3082.9983,,,,,,,,
SceneComponent,BP_Window_Stable_02a_C,BP_Window_Stable_02a_C_UAID_04D9F5F93AD5613F02_9fac250d5149b043_1386291149,-15256.481,21446.336,-138.29984,,,,,,,,
SceneComponent,BP_Window_Stable_02a_C,BP_Window_Stable_02a_C_UAID_04D9F5F93AD5613F02_9fac250d5149b043_1386300150,-15776.524,22684.977,-168.22244,,,,,,,,
SceneComponent,BP_Window_Stable_02a_C,BP_Window_Stable_02a_C_UAID_04D9F5F93AD5613F02_bda10b7c50163ff5_1386291149,-17585.547,19001.416,-140.8375,,,,,,,,
SceneComponent,BP_Window_Stable_02a_C,BP_Window_Stable_02a_C_UAID_04D9F5F93AD5613F02_bda10b7c50163ff5_1386300150,-16346.904,19521.459,-170.76009,,,,,,,,
SceneComponent,BP_Window_Stable_02a_C,BP_Window_Stable_02a_C_UAID_04D9F5F93AD5714902_25c38f96bd642657_1923659101,-26533.568,-7457.06,1863.9131,,,,,,,,
SceneComponent,BP_Window_Stable_02a_C,BP_Window_Stable_02a_C_UAID_04D9F5F93AD5714902_613646c311d01d8e_1923659101,-27868.287,-11740.23,1867.1392,,,,,,,,
SceneComponent,BP_Window_Stable_02a_C,BP_Window_Stable_02a_C_UAID_04D9F5F93AD5814702_97971df2a4ca033d_1115182139,-36403.633,-26411.701,7748.753,,,,,,,,
SceneComponent,BP_Window_Stable_02a_C,BP_Window_Stable_02a_C_UAID_04D9F5F93AD5DE5102_86279adec2ec3b27_1179085675,-15952.088,19977.086,277.09613,,,,,,,,
SceneComponent,BP_Window_Stable_02a_C,BP_Window_Stable_02a_C_UAID_04D9F5F93AD5DF5102_86279adec2ec3b27_1254424212,-16195.109,19154.123,662.8409,,,,,,,,
SceneComponent,BP_Window_Stable_02a_C,BP_Window_Stable_02b_C_UAID_04D9F5F93AD54D5202_85bb18fbbf27a88e_1124844603,-27706.838,-7499.5894,2090.8113,,,,,,,,
SceneComponent,BP_Window_Stable_02a_C,BP_Window_Stable_02b_C_UAID_04D9F5F93AD54D5202_85bb18fbbf27a88e_1136635604,-27995.682,-6811.1836,2090.8113,,,,,,,,
SceneComponent,BP_Window_Stable_02a_C,UNP_BP_Window_Stable_02a2_a595927790dec5fd_0,-47860.098,-6875.161,3608.0264,,,,,,,,
SceneComponent,BP_Window_Stable_02a_C,UNP_BP_Window_Stable_02a3_a595927790dec5fd_1,-48119.473,-6850.522,3608.0264,,,,,,,,
SceneComponent,BP_Window_Stable_02a_C,UNP_BP_Window_Wood_Medium_01a2_UAID_04D9F5F93AD5DF5102_86279adec2ec3b27_1102923211,-13849.449,18341.416,674.36066,,,,,,,,
SceneComponent,BP_Window_Stable_02b_C,BP_Window_Stable_02b_C_126232618081b8ee_1,-25921.732,-9544.507,1913.6742,,,,,,,,
SceneComponent,BP_Window_Stable_02b_C,BP_Window_Stable_02b_C_UAID_04D9F5F93AD5203F02_113aac40dd19cce1_1645890561,-14504.889,-34796.336,1084.1459,,,,,,,,
SceneComponent,BP_Window_Stable_02b_C,BP_Window_Stable_02b_C_UAID_04D9F5F93AD5203F02_55a6bec73623a530_1645890561,-23187.951,-630.24347,1157.2411,,,,,,,,
SceneComponent,BP_Window_Stable_02b_C,BP_Window_Stable_02b_C_UAID_04D9F5F93AD5203F02_bc9e8611b9e607b3_1645890561,-12803.346,21457.316,-132.49907,,,,,,,,
SceneComponent,BP_Window_Stable_02b_C,BP_Window_Stable_02b_C_UAID_04D9F5F93AD5203F02_f5345b2b34b3415e_1645890561,-25800.275,-6067.1875,1900.7825,,,,,,,,
SceneComponent,BP_Window_Stable_02b_C,BP_Window_Stable_02b_C_UAID_04D9F5F93AD5203F02_f5630e569374ca47_1645890561,6208.7534,-11634.3125,1575.0874,,,,,,,,
SceneComponent,BP_Window_Stone_Medium_01b_C,Actor_126232618081b8ee_103,-25591.541,-10217.676,1884.5596,,,,10.0 HP,,,,
SceneComponent,BP_Window_Stone_Medium_01c_C,Actor_126232618081b8ee_96,-26308.92,-10571.748,1884.5596,,,,10.0 HP,,,,
SceneComponent,BP_Window_Stone_Medium_03c_C,UNP_BP_Window_Stable_01a1_a595927790dec5fd_0,-48617.727,-6798.3906,3621.4702,,,,10.0 HP,,,,
SceneComponent,BP_Window_Stone_Medium_03c_C,UNP_BP_Window_Stable_01a2_a595927790dec5fd_1,-48810.844,-7568.0186,3618.6082,,,,10.0 HP,,,,
SceneComponent,BP_Window_Stone_Small_01a_C,StaticMeshActor_UAID_04D9F5F93AD5074B02_358ce63c24dd89f2_1225795816,-30626.63,-5751.7383,2801.0237,,,,10.0 HP,,,,
SceneComponent,BP_Window_Stone_Small_01a_C,StaticMeshActor_UAID_50EBF6D29969CC5302_358ce63c24dd89f2_1970281297,-30056.799,-5981.322,2697.1045,,,,10.0 HP,,,,
SceneComponent,BP_Window_Stone_TowerSmall_01a_C,BP_Window_Stone_TowerSmall_01a_C_170009526a2c1544_0,-28622.45,-4481.54,2397.8823,,,,,,,,
SceneComponent,BP_Window_Stone_TowerSmall_01a_C,BP_Window_Stone_TowerSmall_01a_C_UAID_04D9F5F93AD5844702_170009526a2c1544_1517292753,-27135.678,-4044.2002,2822.1716,,,,,,,,
SceneComponent,BP_Window_Stone_TowerSmall_01a_C,UNP_BP_Window_Stone_VerySmall_01a1_a595927790dec5fd_1,-48673.203,-7590.049,3410.3892,,,,,,,,
SceneComponent,BP_Window_Stone_TowerSmall_01a_C,UNP_BP_Window_Stone_VerySmall_01a2_a595927790dec5fd_2,-48645.984,-6796.238,3409.3044,,,,,,,,
SceneComponent,BP_Window_Stone_TowerSmall_01a_C,UNP_BP_Window_Stone_VerySmall_01a_a595927790dec5fd_0,-48306.094,-6828.9146,3409.3044,,,,,,,,
SceneComponent,BP_Window_Stone_VerySmall_01a_C,BP_Window_Stone_VerySmall_01a_C_UAID_046874882494859A02_367755be1ccb9d60_1585336494,-27962.412,-9716.599,2235.1023,,,,,,,,
SceneComponent,BP_Window_Tavern_01a_C,BP_Window_Tavern_01a_C_UAID_50EBF6D299691F8302_afe4a3bbeb7c2068_2039333115,4539.4165,-12338.579,1417.5864,,,,10.0 HP,,,,
SceneComponent,BP_Window_Wood_Medium_01a_C,UNP_BP_Window_Wood_Medium_01a2_86279adec2ec3b27_0,-13904.677,18046.879,278.55447,,,,10.0 HP,,,,
SceneComponent,BP_Window_Wood_Medium_01a_C,UNP_BP_Window_Wood_Medium_01a2_UAID_04D9F5F93AD5AB5102_86279adec2ec3b27_2025229108,-13815.839,18493.492,278.55447,,,,10.0 HP,,,,
SceneComponent,BP_Window_Wood_Medium_01a_C,UNP_BP_Window_Wood_Medium_01a3_86279adec2ec3b27_0,-14773.097,19447.594,278.55447,,,,10.0 HP,,,,
SceneComponent,BP_Window_Wood_Medium_01a_C,UNP_BP_Window_Wood_Medium_01a4_86279adec2ec3b27_0,-15253.682,19543.188,278.55447,,,,10.0 HP,,,,
SceneComponent,BP_Window_Wood_Medium_01a_C,UNP_BP_Window_Wood_Medium_01a4_UAID_04D9F5F93AD5B65102_86279adec2ec3b27_1804703287,-15598.413,20177.195,278.55447,,,,10.0 HP,,,,
SceneComponent,BP_Window_Wood_Medium_01c_C,BP_Window_Stone_Medium_02a_C_25c38f96bd642657_1,-27555.06,-8252.047,2185.6245,,,,10.0 HP,,,,
SceneComponent,BP_Window_Wood_Medium_01c_C,BP_Window_Stone_Medium_02a_C_UAID_04D9F5F93AD5FB4B02_25c38f96bd642657_1406642031,-26743.443,-7507.87,2190.1755,,,,10.0 HP,,,,
SceneComponent,BP_Window_Wood_Medium_01c_C,UNP_BP_Window_Stone_Medium_01a1_86279adec2ec3b27_1,-14320.518,17863.383,276.4516,,,,10.0 HP,,,,
SceneComponent,BP_Window_Wood_Medium_01c_C,UNP_BP_Window_Stone_Medium_01a1_UAID_04D9F5F93AD5B65102_86279adec2ec3b27_1617285272,-16306.804,18618.943,276.4516,,,,10.0 HP,,,,
SceneComponent,BP_Window_Wood_Medium_01c_C,UNP_BP_Window_Stone_Medium_01a_86279adec2ec3b27_0,-14801.907,17954.932,276.4516,,,,10.0 HP,,,,
SceneComponent,BP_Window_Wood_Medium_01c_C,UNP_BP_Window_Wood_Medium_01c_afe4a3bbeb7c2068_0,3840.2036,-12132.869,1880.9482,,,,10.0 HP,,,,
SceneComponent,BP_WoodenDoor_Ext_01a_C,BP_WoodenDoor_Ext_01a_C_UAID_046874882494AD8D02_c71ad3ef090f6a00_1994623627,-54979.78,37878.0,1715.0176,,,,,InventoryDefinition_Key'ID_Key_Bronze',,,
SceneComponent,BP_WoodenDoor_Ext_01a_C,BP_WoodenDoor_Ext_01a_C_UAID_046874882494FE9802_29c4ea76462ed633_1762594396,-32986.316,20762.639,-314.52396,,,,,InventoryDefinition_Key'ID_Key_Bronze',,,
SceneComponent,BP_WoodenDoor_Ext_01a_C,BP_WoodenDoor_Ext_01a_C_UAID_046874882494FE9802_29c4ea76462ed633_1763402415,-31832.85,23764.607,-307.594,,,,,InventoryDefinition_Key'ID_Key_Bronze',,,
SceneComponent,BP_WoodenDoor_Ext_01a_C,BP_WoodenDoor_Ext_01a_C_UAID_18C04DA8201B447902_1955f5d21cbe47a4_1586998625,24754.707,11028.054,2372.889,,,,,InventoryDefinition_Key'ID_Key_Bronze',,,
SceneComponent,BP_WoodenDoor_Ext_01a_C,BP_WoodenDoor_Ext_01a_C_UAID_18C04DA8201B447902_1955f5d21cbe47a4_1587523636,24019.479,6852.846,2348.2559,,,,,InventoryDefinition_Key'ID_Key_Bronze',,,
SceneComponent,C_BeerBarrels_01a_Spawner_C,C_BeerBarrels_01a_Spawner_C_UAID_00FF8EFC2BEFF08202_c71ad3ef090f6a00_1638474955,-57402.766,35615.055,1786.9769,Beer Barrel,,,,,Distillery_Small,,
SceneComponent,C_BeerBarrels_01a_Spawner_C,C_BeerBarrels_01a_Spawner_C_UAID_581CF8B7231535D802_7b0b2d09dbcdc51c_2020833867,33392.637,-8982.035,-99.0781,Beer Barrel,,,,,Distillery_Small,,
SceneComponent,C_BeerBarrels_01a_Spawner_C,C_BeerBarrels_01a_Spawner_C_UAID_581CF8B723158CD602_e28dd75b0dfb6fe0_1180038735,32230.74,-14221.914,-98.94705,Beer Barrel,,,,,Distillery_Small,,
SceneComponent,C_BeerBarrels_01a_Spawner_C,C_BeerBarrels_01a_Spawner_C_UAID_581CF8B72315DED602_09b253a8aea41573_1892700272,35630.258,-16364.687,-99.078094,Beer Barrel,,,,,Distillery_Small,,
SceneComponent,C_BeerBarrels_01a_Spawner_C,LevelInstance_UAID_00FF8EFC2BEFF28202_1955f5d21cbe47a4_1431596921,24433.723,7040.1387,2373.8176,Beer Barrel,,,,,Distillery_Small,,
SceneComponent,C_BeerBarrels_01a_Spawner_C,LevelInstance_UAID_04D9F5F93AD58F4702_97971df2a4ca033d_1607186172,-36202.426,-26168.393,7657.504,Beer Barrel,,,,,Distillery_Small,,
SceneComponent,C_BeerBarrels_01a_Spawner_C,LevelInstance_UAID_04D9F5F93AD5C24402_71619fc7e70fc919_1580668313,-15232.096,21239.508,-294.07782,Beer Barrel,,,,,Distillery_Small,,
SceneComponent,C_BeerBarrels_01a_Spawner_C,LevelInstance_UAID_04D9F5F93AD5CB4902_25c38f96bd642657_1637503411,-26867.1,-8863.7295,1707.7893,Beer Barrel,,,,,Distillery_Small,,
SceneComponent,C_BeerBarrels_01a_Spawner_C,LevelInstance_UAID_04D9F5F93AD5CB4902_613646c311d01d8e_1637503411,-27565.545,-10326.615,1711.0154,Beer Barrel,,,,,Distillery_Small,,
SceneComponent,C_BeerBarrels_01a_Spawner_C,LevelInstance_UAID_04D9F5F93AD5DA5202_6bf7ed90f87edc78_1166510974,-7424.6187,-16748.79,4067.213,Beer Barrel,,,,,Distillery_Small,,
SceneComponent,C_BeerBarrels_01a_Spawner_C,LevelInstance_UAID_04D9F5F93AD5EC5C02_0ee7a365402e2b65_1226791185,34429.246,-13154.193,-101.86018,Beer Barrel,,,,,Distillery_Small,,
SceneComponent,C_BeerBarrels_01a_Spawner_C,LevelInstance_UAID_04D9F5F93AD5FE3F02_7895f44951635563_1814389198,-47742.203,-9460.14,2956.2178,Beer Barrel,,,,,Distillery_Small,,
SceneComponent,C_BeerBarrels_01a_Spawner_C,LevelInstance_UAID_581CF8B723154B4C02_fa61c736281e8a8a_1139497192,-39204.5,-28497.184,7073.894,Beer Barrel,,,,,Distillery_Small,,
SceneComponent,C_BeerBarrels_01a_Spawner_C,LevelInstance_UAID_581CF8B72315965202_358ce63c24dd89f2_1555686981,-30402.867,-5202.269,1813.2598,Beer Barrel,,,,,Distillery_Small,,
SceneComponent,C_BeerBarrels_01a_Spawner_C,LevelInstance_UAID_581CF8B72315B74F02_97971df2a4ca033d_1818902560,-36444.8,-26767.625,8507.507,Beer Barrel,,,,,Distillery_Small,,
SceneComponent,C_BeerBarrels_01a_Spawner_C,LevelInstance_UAID_581CF8B72315DED602_09b253a8aea41573_1885523166,36371.8,-14499.275,-100.274765,Beer Barrel,,,,,Distillery_Small,,
SceneComponent,C_BeerBarrels_01a_Spawner_C,LevelInstance_UAID_581CF8B72315F95102_25c38f96bd642657_1337508279,-26147.895,-7332.754,2106.4036,Beer Barrel,,,,,Distillery_Small,,
SceneComponent,C_BeerBarrels_01a_Spawner_C,UNP_ChildActor_afe4a3bbeb7c2068_1,3661.3984,-10833.837,1426.9152,Beer Barrel,,,,,Distillery_Small,,
SceneComponent,C_Cabinet_05a_Spawner_C,C_Cabinet_05a_Spawner_C_126232618081b8ee_1,-25814.617,-9810.877,1956.135,Cabinet,,,,,HighClassCiv_Small,,
SceneComponent,C_Cabinet_05a_Spawner_C,C_Cabinet_05a_Spawner_C_UAID_046874882494859A02_367755be1ccb9d60_1585377519,-28204.975,-8275.573,1943.0183,Cabinet,,,,,HighClassCiv_Small,,
SceneComponent,C_Cabinet_05a_Spawner_C,C_Cabinet_05a_Spawner_C_UAID_04D9F5F93AD5974C02_358ce63c24dd89f2_1473095418,-29916.162,-5063.294,2010.8997,Cabinet,,,,,HighClassCiv_Small,,
SceneComponent,C_Cabinet_05a_Spawner_C,C_Cabinet_05a_Spawner_C_UAID_04D9F5F93AD5BD4A02_25c38f96bd642657_1966200142,-26962.375,-8340.125,1955.4629,Cabinet,,,,,HighClassCiv_Small,,
SceneComponent,C_Cabinet_05a_Spawner_C,C_Cabinet_05a_Spawner_C_UAID_04D9F5F93AD5BD4A02_613646c311d01d8e_1966200142,-27458.861,-10848.015,1958.6891,Cabinet,,,,,HighClassCiv_Small,,
SceneComponent,C_Cabinet_05a_Spawner_C,C_Cabinet_05a_Spawner_C_UAID_581CF8B72315905202_358ce63c24dd89f2_1319897247,-30414.22,-5437.9077,2400.794,Cabinet,,,,,HighClassCiv_Small,,
SceneComponent,C_Cabinet_05a_Spawner_C,C_Cabinet_05a_Spawner_C_UAID_581CF8B72315945202_358ce63c24dd89f2_1176048225,-29141.625,-5349.4995,1999.3944,Cabinet,,,,,HighClassCiv_Small,,
SceneComponent,C_Cabinet_05a_Spawner_C,C_Cabinet_05a_Spawner_C_UAID_581CF8B72315AE5002_25c38f96bd642657_2079571262,-26866.463,-8050.923,2271.8564,Cabinet,,,,,HighClassCiv_Small,,
SceneComponent,C_Cabinet_05a_Spawner_C,C_Cabinet_05a_Spawner_C_a595927790dec5fd_1,-48306.344,-7593.907,3199.922,Cabinet,,,,,HighClassCiv_Small,,
SceneComponent,C_Cabinet_05a_Spawner_C,UNP_C_Cabinet_05a_Spawner_afe4a3bbeb7c2068_0,3393.645,-12672.054,1631.1932,Cabinet,,,,,HighClassCiv_Small,,
SceneComponent,C_Chest_01a_Spawner_C,C_Chest_01a_C_UAID_581CF8B72315935202_358ce63c24dd89f2_1869599036,-29841.932,-4915.023,1813.2598,Old Cabinet,,,,,CivilianDresser_Medium,,
SceneComponent,C_Chest_01a_Spawner_C,C_Chest_01a_C_UAID_581CF8B72315EC5102_25c38f96bd642657_1225217387,-26446.367,-7482.7285,2106.4036,Old Cabinet,,,,,CivilianDresser_Medium,,
SceneComponent,C_Chest_01a_Spawner_C,LevelInstance_afe4a3bbeb7c2068_17,4177.281,-12544.001,1789.4801,Old Cabinet,,,,,CivilianDresser_Medium,,
SceneComponent,C_LI_Bookshelf_Double_01a_Spawner_C,LevelInstance_UAID_581CF8B723158E5202_358ce63c24dd89f2_1627504727,-30378.17,-5475.6875,2219.8394,Wardrobe,,,,,Civilian_Small,,
SceneComponent,C_LI_Bookshelf_Single_01a_Spawner_C,C_LI_Bookshelf_Single_01a_Spawner_C_UAID_D843AE1A93E5A47D02_358ce63c24dd89f2_2125517419,-30153.404,-5749.8345,2220.159,Wardrobe,,,,,Civilian_Small,,
SceneComponent,C_Sideboard_01a_Spawner_C,C_Sideboard_01a_Spawner_C_UAID_04D9F5F93AD5DB4802_97971df2a4ca033d_1336289341,-36488.758,-27199.242,8941.4,Sideboard Door,,,,,CivilianDresser_Small,,
SceneComponent,C_Sideboard_02a_Spawner_C,C_Sideboard_02a_Spawner_C_UAID_046874882494859A02_367755be1ccb9d60_1585243435,-28745.834,-8452.197,1756.7904,Sideboard Door,,,,,CivilianCupboard_Small,,
SceneComponent,C_Sideboard_02a_Spawner_C,C_Sideboard_02a_Spawner_C_UAID_046874882494859A02_367755be1ccb9d60_1585779761,-28627.49,-9154.296,2106.596,Sideboard Door,,,,,CivilianCupboard_Small,,
SceneComponent,C_Sideboard_02a_Spawner_C,C_Sideboard_02a_Spawner_C_UAID_04D9F5F93AD5704902_25c38f96bd642657_2014114260,-26599.676,-8159.285,1767.6593,Sideboard Door,,,,,CivilianCupboard_Small,,
SceneComponent,C_Sideboard_02a_Spawner_C,C_Sideboard_02a_Spawner_C_UAID_04D9F5F93AD5704902_613646c311d01d8e_2014114260,-27418.041,-10860.327,1770.8855,Sideboard Door,,,,,CivilianCupboard_Small,,
SceneComponent,C_Sideboard_02a_Spawner_C,C_Sideboard_02a_Spawner_C_UAID_04D9F5F93AD5BD4902_358ce63c24dd89f2_1782879776,-29636.55,-5747.1567,2219.3367,Sideboard Door,,,,,CivilianCupboard_Small,,
SceneComponent,C_Sideboard_02a_Spawner_C,UNP_C_Sideboard_02a_Spawner_afe4a3bbeb7c2068_0,4023.8584,-12613.448,1789.9333,Sideboard Door,,,,,CivilianCupboard_Small,,
SceneComponent,C_Sideboard_03a_Spawner_C,C_Sideboard_03a_Spawner_C_UAID_04D9F5F93AD5504C02_358ce63c24dd89f2_2070979013,-30074.33,-5646.719,1813.2598,Sideboard Door,,,,,CivilianCupboard_Small,,
SceneComponent,C_Wardrobe_01a_Spawner_C,C_Wardrobe_01a_Spawner_C_UAID_046874882494859A02_367755be1ccb9d60_1585705716,-28725.336,-8725.741,2107.6746,Wardrobe,,,,,HighClassCiv_Small,,
SceneComponent,C_Wardrobe_01a_Spawner_C,C_Wardrobe_01a_Spawner_C_UAID_04D9F5F93AD5BD4902_358ce63c24dd89f2_1796196781,-29129.8,-5486.937,2219.8394,Wardrobe,,,,,HighClassCiv_Small,,
SceneComponent,C_Wardrobe_01a_Spawner_C,C_Wardrobe_01a_Spawner_C_UAID_04D9F5F93AD5ED4702_97971df2a4ca033d_2056186421,-35671.605,-26652.594,8941.732,Wardrobe,,,,,HighClassCiv_Small,,
SceneComponent,C_Wardrobe_01a_Spawner_C,C_Wardrobe_01a_Spawner_C_UAID_581CF8B72315AE5002_25c38f96bd642657_1669176223,-27538.945,-7901.6323,2106.4036,Wardrobe,,,,,HighClassCiv_Small,,
SceneComponent,C_Wardrobe_01a_Spawner_C,C_Wardrobe_01a_Spawner_C_a595927790dec5fd_125,-48335.273,-6965.9126,3513.9697,Wardrobe,,,,,HighClassCiv_Small,,
SceneComponent,C_Wardrobe_01c_Spawner_C,C_Wardrobe_01c_Spawner_C_UAID_08BFB82FEC6A30E302_613646c311d01d8e_1532185133,-26872.855,-11273.814,2109.6296,Wardrobe,,,,,HighClassCiv_Small,,
SceneComponent,C_Wardrobe_02a_Spawner_C,C_Wardrobe_02a_Spawner_C_UAID_04D9F5F93AD5704902_25c38f96bd642657_1532644212,-27162.102,-7767.5444,1767.6593,Cupboard,,,,,Civilian_Small,,
SceneComponent,C_Wardrobe_02a_Spawner_C,C_Wardrobe_02a_Spawner_C_UAID_04D9F5F93AD5704902_613646c311d01d8e_1532644212,-27804.3,-11036.589,1770.8855,Cupboard,,,,,Civilian_Small,,
SceneComponent,C_Wardrobe_02a_Spawner_C,C_Wardrobe_02a_Spawner_C_UAID_04D9F5F93AD58E4C02_358ce63c24dd89f2_1236768933,-29913.01,-5950.2236,1813.2598,Cupboard,,,,,Civilian_Small,,
SceneComponent,C_Wardrobe_02a_Spawner_C,UNP_C_Wardrobe_02a_0bbdd86c1f74f9f6_0,-19085.355,-18897.148,1728.3761,Cupboard,,,,,Civilian_Small,,
SceneComponent,C_Wardrobe_02a_Spawner_C,UNP_C_Wardrobe_02a_6984ed3ba0e8bf47_0,12907.421,-14909.181,1973.8005,Cupboard,,,,,Civilian_Small,,
SceneComponent,C_Wardrobe_02a_Spawner_C,UNP_C_Wardrobe_02a_86279adec2ec3b27_0,-14111.424,17883.68,187.29803,Cupboard,,,,,Civilian_Small,,
SceneComponent,C_Wardrobe_02a_Spawner_C,UNP_C_Wardrobe_02a_Spawner1_UAID_18C04DA8201B437902_1955f5d21cbe47a4_1437690243,22808.303,6976.0083,2421.0872,Cupboard,,,,,Civilian_Small,,
SceneComponent,C_Wardrobe_02a_Spawner_C,UNP_C_Wardrobe_02a_Spawner_UAID_18C04DA8201B437902_1955f5d21cbe47a4_1437712256,23160.791,7583.6577,2421.0872,Cupboard,,,,,Civilian_Small,,
SceneComponent,C_Wardrobe_02a_Spawner_C,UNP_C_Wardrobe_02a_UAID_046874882494459902_f3f59c752bd0a4d9_1433329290,-59061.973,9372.6045,474.5726,Cupboard,,,,,Civilian_Small,,
SceneComponent,Light_Candles_01_Opt_C,UNP_Light_Candles_01_Opt_7bc00f6ec963c845_0,21704.35,-9933.184,2409.657,,,,,,,,
SceneComponent,Light_Candles_02_C,UNP_Light_Candles_02_UAID_046874882494359A02_afe4a3bbeb7c2068_1291253196,2927.458,-12165.67,1877.9825,,,,,,,,
SceneComponent,Light_Chandelier_03a_Optimized_C,Light_Chandelier_03a_Optimized_C_UAID_04D9F5F93AD5014B02_25c38f96bd642657_1551442605,-26644.637,-7817.51,2381.12,,,,,,,,
SceneComponent,Light_Chandelier_03a_Optimized_C,Light_Chandelier_03a_Optimized_C_UAID_04D9F5F93AD50F4B02_358ce63c24dd89f2_1329883444,-29481.264,-5284.446,2148.4895,,,,,,,,
SceneComponent,Light_Chandelier_03a_Optimized_C,Light_Chandelier_03a_Optimized_C_UAID_04D9F5F93AD5504C02_358ce63c24dd89f2_2122209019,-29872.621,-5528.1714,2195.578,,,,,,,,
SceneComponent,Light_Chandelier_03a_Optimized_C,Light_Chandelier_03a_Optimized_C_UAID_04D9F5F93AD5514C02_358ce63c24dd89f2_1530792197,-30399.95,-5692.822,2153.275,,,,,,,,
SceneComponent,Light_Chandelier_03a_Optimized_C,Light_Chandelier_03a_Optimized_C_UAID_04D9F5F93AD55E4A02_358ce63c24dd89f2_1435036555,-30050.102,-5430.742,2548.5066,,,,,,,,
SceneComponent,Light_Chandelier_03a_Optimized_C,Light_Chandelier_03a_Optimized_C_UAID_04D9F5F93AD5714902_25c38f96bd642657_1613705095,-26762.695,-7926.5854,2076.8445,,,,,,,,
SceneComponent,Light_Chandelier_03a_Optimized_C,Light_Chandelier_03a_Optimized_C_UAID_04D9F5F93AD5714902_613646c311d01d8e_1613705095,-27649.465,-11265.814,2080.0708,,,,,,,,
SceneComponent,Light_Chandelier_03a_Optimized_C,Light_Chandelier_03a_Optimized_C_UAID_04D9F5F93AD5B64F02_358ce63c24dd89f2_1863359095,-30331.217,-5661.9023,2533.2383,,,,,,,,
SceneComponent,Light_Chandelier_03a_Optimized_C,Light_Chandelier_03a_Optimized_C_UAID_04D9F5F93AD5BE4902_358ce63c24dd89f2_1605821042,-29513.867,-5420.3975,2539.3884,,,,,,,,
SceneComponent,Light_Chandelier_03a_Optimized_C,Light_Chandelier_03a_Optimized_C_UAID_581CF8B72315ED5102_25c38f96bd642657_2021228756,-27139.652,-8190.322,2386.6548,,,,,,,,
SceneComponent,Light_Lantern_01a_C,Light_Lantern_01a_C_126232618081b8ee_1,-25784.012,-9943.849,1955.7087,,,,,,,,
SceneComponent,Light_Lantern_01a_C,Light_Lantern_01a_C_UAID_0468748824944E9B02_2fce2bbb89772178_1422267817,-55921.527,21369.723,-255.48595,,,,,,,,
SceneComponent,Light_Lantern_01a_C,Light_Lantern_01a_C_UAID_0468748824944E9B02_a83e5bb339f92cca_1422267817,-1589.6455,17566.092,-29.989704,,,,,,,,
SceneComponent,Light_Lantern_01a_C,Light_Lantern_01a_C_UAID_046874882494859A02_367755be1ccb9d60_1585536618,-28930.164,-5255.472,1964.526,,,,,,,,
SceneComponent,Light_Lantern_01a_C,Light_Lantern_01a_C_UAID_0468748824949AD502_6bf7ed90f87edc78_2024809162,-7173.429,-16577.605,542.36365,,,,,,,,
SceneComponent,Light_Lantern_01a_C,Light_Lantern_01a_C_UAID_0468748824949AD502_6bf7ed90f87edc78_2025627190,-8010.4937,-16298.827,542.8245,,,,,,,,
SceneComponent,Light_Lantern_01a_C,Light_Lantern_01a_C_UAID_046874882494CC9502_97971df2a4ca033d_1244446479,-36117.867,-26464.521,8242.039,,,,,,,,
SceneComponent,Light_Lantern_01a_C,Light_Lantern_01a_C_UAID_046874882494CC9502_97971df2a4ca033d_1258904701,-35744.664,-27150.268,9541.217,,,,,,,,
SceneComponent,Light_Lantern_01a_C,Light_Lantern_01a_C_UAID_04D9F5F93AD55B4B02_126232618081b8ee_2119490657,-26135.455,-10071.456,1635.099,,,,,,,,
SceneComponent,Light_Lantern_01a_C,Light_Lantern_01a_C_UAID_04D9F5F93AD5714902_25c38f96bd642657_1599655093,-26331.562,-7422.321,1931.4113,,,,,,,,
SceneComponent,Light_Lantern_01a_C,Light_Lantern_01a_C_UAID_04D9F5F93AD5714902_613646c311d01d8e_1599655093,-28069.486,-11779.371,1934.6373,,,,,,,,
SceneComponent,Light_Lantern_01a_C,Light_Lantern_01a_C_UAID_581CF8B72315175002_126232618081b8ee_1550541902,-25992.953,-9484.62,1663.5626,,,,,,,,
SceneComponent,Light_Lantern_01a_C,Light_Lantern_01a_C_UAID_581CF8B72315AA5002_126232618081b8ee_1437307099,-26278.197,-10515.02,1643.4426,,,,,,,,
SceneComponent,Light_Lantern_01a_C,Light_Lantern_01a_C_UAID_581CF8B72315AA5002_126232618081b8ee_1797924113,-25549.133,-10380.643,1660.27,,,,,,,,
SceneComponent,Light_Lantern_01a_C,Light_Lantern_01a_C_UAID_581CF8B72315E0D602_5a5767cc339294e0_1762304634,40099.555,-12441.948,140.49832,,,,,,,,
SceneComponent,Light_Lantern_01a_C,Light_Lantern_01a_C_UAID_581CF8B72315E0D602_fa7bcc8dea0c77fa_1762304634,38744.1,-17305.822,140.49832,,,,,,,,
SceneComponent,Light_Lantern_01a_C,UNP_Light_Lantern_01a1_5aa9c7cba1521a97_1,-37387.01,-5786.2534,3133.8064,,,,,,,,
SceneComponent,Light_Lantern_01a_C,UNP_Light_Lantern_01a1_7b548543dc2c1a62_1,-46237.598,32782.348,2077.7756,,,,,,,,
SceneComponent,Light_Lantern_01a_C,UNP_Light_Lantern_01a1_UAID_046874882494F39502_fa61c736281e8a8a_1309450595,-38197.97,-31259.033,7705.5703,,,,,,,,
SceneComponent,Light_Lantern_01a_C,UNP_Light_Lantern_01a1_UAID_046874882494FE9802_29c4ea76462ed633_1775104782,-28709.504,19350.074,396.5424,,,,,,,,
SceneComponent,Light_Lantern_01a_C,UNP_Light_Lantern_01a1_UAID_046874882494FE9802_29c4ea76462ed633_1778047943,-33360.54,21842.217,408.26505,,,,,,,,
SceneComponent,Light_Lantern_01a_C,UNP_Light_Lantern_01a_14c2f7d024ec740e_0,-12099.087,22791.81,-118.703545,,,,,,,,
SceneComponent,Light_Lantern_01a_C,UNP_Light_Lantern_01a_5aa9c7cba1521a97_0,-37784.277,-6095.163,2662.4875,,,,,,,,
SceneComponent,Light_Lantern_01a_C,UNP_Light_Lantern_01a_7144dd4566ea6a39_0,1972.2812,-14536.957,1784.1713,,,,,,,,
SceneComponent,Light_Lantern_01a_C,UNP_Light_Lantern_01a_7b548543dc2c1a62_0,-45887.473,32410.191,1946.5911,,,,,,,,
SceneComponent,Light_Lantern_01a_C,UNP_Light_Lantern_01a_925fe67b578e1df0_0,-2616.3005,19519.879,154.92535,,,,,,,,
SceneComponent,Light_Lantern_01a_C,UNP_Light_Lantern_01a_984f965975ddf80a_0,-57617.457,19957.236,-70.57089,,,,,,,,
SceneComponent,Light_Lantern_01a_C,UNP_Light_Lantern_01a_UAID_046874882494859A02_367755be1ccb9d60_1585211415,-28944.988,-3173.2532,1884.0005,,,,,,,,
SceneComponent,Light_Lantern_01a_C,UNP_Light_Lantern_01a_UAID_046874882494859A02_367755be1ccb9d60_1585402537,-29834.676,-9214.849,1949.1348,,,,,,,,
SceneComponent,Light_Lantern_01a_C,UNP_Light_Lantern_01a_UAID_046874882494F39502_fa61c736281e8a8a_1309447594,-38244.117,-30897.406,7216.4277,,,,,,,,
SceneComponent,Light_Lantern_01a_C,UNP_Light_Lantern_01a_UAID_046874882494FE9802_29c4ea76462ed633_1775101781,-29072.893,19379.264,-92.60029,,,,,,,,
SceneComponent,Light_Lantern_01a_C,UNP_Light_Lantern_01a_UAID_046874882494FE9802_29c4ea76462ed633_1778039940,-32896.297,22056.182,277.90308,,,,,,,,
SceneComponent,Light_Lantern_01a_C,UNP_Light_Lantern_01a_UAID_18C04DA8201B437902_1955f5d21cbe47a4_1446542720,19545.89,3048.4612,2645.4185,,,,,,,,
SceneComponent,Light_Lantern_01a_C,UNP_Light_Lantern_01a_e38de8eeb220e3f9_0,-37091.69,-5061.98,2779.7612,,,,,,,,
SceneComponent,Light_Lantern_01a_C,UNP_Light_Lantern_01a_ffe6147ae5209860_0,-16905.32,-20961.71,2068.7112,,,,,,,,
SceneComponent,Light_Lantern_01b_C,Light_Lantern_01b_C_643191a2278730e7_0,18263.697,-2298.154,846.2215,,,,,,,,
SceneComponent,Light_Lantern_01b_C,Light_Lantern_01b_C_UAID_046874882494069902_4c0740ed445982b4_2095263498,-14429.612,-11112.091,1632.8558,,,,,,,,
SceneComponent,Light_Lantern_01b_C,Light_Lantern_01b_C_UAID_046874882494859A02_367755be1ccb9d60_1585123353,-29923.646,-7461.194,1882.7734,,,,,,,,
SceneComponent,Light_Lantern_01b_C,Light_Lantern_01b_C_UAID_046874882494CC9502_97971df2a4ca033d_1242168439,-35051.53,-26716.764,10261.832,,,,,,,,
SceneComponent,Light_Lantern_01b_C,Light_Lantern_01b_C_UAID_046874882494F59302_af7307d8cf93cafc_1865227919,-35347.938,-26151.35,8157.5396,,,,,,,,
SceneComponent,Light_Lantern_01b_C,UNP_Light_Lantern_01a_UAID_046874882494F39502_fa61c736281e8a8a_1311780739,-37422.08,-30220.988,7003.26,,,,,,,,
SceneComponent,Light_Lantern_01b_C,UNP_Light_Lantern_01b_UAID_0468748824941B9B02_71619fc7e70fc919_1552262604,-7717.44,17757.834,-374.3342,,,,,,,,
SceneComponent,Light_Lantern_01b_C,UNP_Light_Lantern_01b_UAID_18C04DA8201B437902_1955f5d21cbe47a4_1446581748,20164.08,3725.9497,2520.127,,,,,,,,
SceneComponent,Light_Lantern_01c_C,Light_Lantern_01c_C_UAID_00FF8EFC2BEF1F5102_10af68cfa2816a47_1391423998,-57327.383,-12192.523,3757.3245,,,,,,,,
SceneComponent,Light_Lantern_01c_C,Light_Lantern_01c_C_UAID_00FF8EFC2BEF1F5102_8c9fe9f5eddf1ec3_1391423998,-42462.69,40138.254,2378.4941,,,,,,,,
SceneComponent,Light_Lantern_01c_C,Light_Lantern_01c_C_UAID_00FF8EFC2BEF3E5202_1254954621,-16171.209,30277.86,-21.583296,,,,,,,,
SceneComponent,Light_Lantern_01c_C,Light_Lantern_01c_C_UAID_00FF8EFC2BEF784F02_1385463129,-31227.617,-32019.129,5632.5444,,,,,,,,
SceneComponent,Light_Lantern_01c_C,Light_Lantern_01c_C_UAID_046874882494859A02_367755be1ccb9d60_1585488587,-25289.393,-9466.853,1975.8451,,,,,,,,
SceneComponent,Light_Lantern_01c_C,Light_Lantern_01c_C_UAID_046874882494A17D02_f5f3745e62dd497c_1137962226,-66603.24,628.498,1692.5634,,,,,,,,
SceneComponent,Light_Lantern_01c_C,Light_Lantern_01c_C_UAID_04D9F5F93AD5002F02_023a8c702d082489_1804366147,-36057.277,-12934.855,2771.2356,,,,,,,,
SceneComponent,Light_Lantern_01c_C,Light_Lantern_01c_C_UAID_04D9F5F93AD5002F02_2320a028f3c38675_1804366147,-6658.37,-11856.802,-649.5019,,,,,,,,
SceneComponent,Light_Lantern_01c_C,Light_Lantern_01c_C_UAID_04D9F5F93AD5002F02_26d24e07f983de19_1804366147,-25372.064,43338.707,2396.6755,,,,,,,,
SceneComponent,Light_Lantern_01c_C,Light_Lantern_01c_C_UAID_04D9F5F93AD5002F02_4574353c16f83412_1804366147,-1854.3182,-12740.692,748.2419,,,,,,,,
SceneComponent,Light_Lantern_01c_C,Light_Lantern_01c_C_UAID_04D9F5F93AD5002F02_6ba66c369318e3f5_1804366147,-12063.755,-9438.55,562.99854,,,,,,,,
SceneComponent,Light_Lantern_01c_C,Light_Lantern_01c_C_UAID_04D9F5F93AD5002F02_866b7ffc5c5f75b6_1804366147,-26917.143,-42853.867,3554.9658,,,,,,,,
SceneComponent,Light_Lantern_01c_C,Light_Lantern_01c_C_UAID_04D9F5F93AD5002F02_8a00a9ac9f7d58b7_1804366147,12101.531,2365.8748,853.551,,,,,,,,
SceneComponent,Light_Lantern_01c_C,Light_Lantern_01c_C_UAID_04D9F5F93AD5002F02_8f4c46c155bd8ad2_1804366147,2010.9292,20704.225,127.23496,,,,,,,,
SceneComponent,Light_Lantern_01c_C,Light_Lantern_01c_C_UAID_04D9F5F93AD5002F02_92ec8426a5c5d73f_1804366147,-47879.13,-17687.531,5191.37,,,,,,,,
SceneComponent,Light_Lantern_01c_C,Light_Lantern_01c_C_UAID_04D9F5F93AD5002F02_93582c616f126f67_1804366147,-59703.324,-15008.717,4044.081,,,,,,,,
SceneComponent,Light_Lantern_01c_C,Light_Lantern_01c_C_UAID_04D9F5F93AD5002F02_99856155229e2ea2_1804366147,-68776.12,5960.269,1026.3353,,,,,,,,
SceneComponent,Light_Lantern_01c_C,Light_Lantern_01c_C_UAID_04D9F5F93AD5002F02_a6edff80cfe654b8_1804366147,14054.624,27807.549,651.1604,,,,,,,,
SceneComponent,Light_Lantern_01c_C,Light_Lantern_01c_C_UAID_04D9F5F93AD5002F02_c4992e7666e623fe_1804366147,21344.023,-14484.051,1814.4504,,,,,,,,
SceneComponent,Light_Lantern_01c_C,Light_Lantern_01c_C_UAID_04D9F5F93AD5002F02_ea1de4fd5cabf86f_1804366147,-65954.23,-13197.167,2787.5361,,,,,,,,
SceneComponent,Light_Lantern_01c_C,Light_Lantern_01c_C_UAID_04D9F5F93AD5002F02_ecf680aede814427_1804366147,-19934.291,-48010.836,3404.095,,,,,,,,
SceneComponent,Light_Lantern_01c_C,Light_Lantern_01c_C_UAID_18C04DA8201B437902_1955f5d21cbe47a4_1151870188,20002.322,6255.952,2692.6882,,,,,,,,
SceneComponent,Light_Lantern_01c_C,UNP_Light_Lantern_01c_0bbdd86c1f74f9f6_0,-18909.697,-18794.172,2050.0842,,,,,,,,
SceneComponent,Light_Lantern_01c_C,UNP_Light_Lantern_01c_4f36605deaaf1c91_0,-8168.577,19090.322,246.59872,,,,,,,,
SceneComponent,Light_Lantern_01c_C,UNP_Light_Lantern_01c_6984ed3ba0e8bf47_0,13108.399,-14876.508,2295.5085,,,,,,,,
SceneComponent,Light_Lantern_01c_C,UNP_Light_Lantern_01c_UAID_046874882494459902_f3f59c752bd0a4d9_1433323283,-58870.53,9441.961,796.28064,,,,,,,,
SceneComponent,Light_Lantern_01d_C,Light_Lantern_01d_C_UAID_046874882494D39502_c28b544d044813cd_1677194278,-37293.508,-25295.639,7204.5137,,,,,,,,
SceneComponent,Light_Lantern_01d_C,Light_Lantern_01d_C_UAID_04D9F5F93AD5744902_25c38f96bd642657_1163283756,-27539.105,-8025.8223,1944.1826,,,,,,,,
SceneComponent,Light_Lantern_01d_C,Light_Lantern_01d_C_UAID_04D9F5F93AD5744902_613646c311d01d8e_1163283756,-26875.406,-11149.651,1947.4088,,,,,,,,
SceneComponent,Light_Lantern_01d_C,Light_Lantern_01d_C_UAID_04D9F5F93AD5845202_8842c8402fd3ec16_1851022033,-63083.574,-13863.481,1946.9408,,,,,,,,
SceneComponent,Light_Lantern_01d_C,Light_Lantern_01d_C_UAID_04D9F5F93AD5CD4902_25c38f96bd642657_1542592845,-26778.936,-8765.862,1948.4054,,,,,,,,
SceneComponent,Light_Lantern_01d_C,Light_Lantern_01d_C_UAID_04D9F5F93AD5CD4902_613646c311d01d8e_1542592845,-27651.55,-10426.383,1951.6315,,,,,,,,
SceneComponent,Light_Wall_02_C,Light_Wall_02_C_UAID_04D9F5F93AD5084B02_358ce63c24dd89f2_1234879036,-29094.424,-5702.7847,2161.1497,,,,,,,,
SceneComponent,Light_Wall_02_C,Light_Wall_02_C_UAID_04D9F5F93AD5BC4A02_25c38f96bd642657_1548012846,-26212.21,-8138.8804,2199.427,,,,,,,,
SceneComponent,Light_Wall_03a_C,Light_Wall_03a_C_UAID_04D9F5F93AD5CB4A02_25c38f96bd642657_1458224722,-27458.102,-8580.067,2139.289,,,,,,,,
SceneComponent,Loot_AmmoBox_Medium_01a_Spawner_C,Loot_AmmoBox_Medium_01a_Spawner_C_4c08294943a98cdb_1,18657.75,-9854.097,1991.5851,Munitions Crate,50.0,Blueprint,,,Ammo_Large,,
SceneComponent,Loot_AmmoBox_Medium_01a_Spawner_C,Loot_AmmoBox_Medium_01a_Spawner_C_643191a2278730e7_1,22254.316,-5009.101,844.4738,Munitions Crate,50.0,Blueprint,,,Ammo_Large,,
SceneComponent,Loot_AmmoBox_Medium_01a_Spawner_C,Loot_AmmoBox_Medium_01a_Spawner_C_UAID_00FF8EFC2BEF0C5502_268a5bccf7ed1e41_1940884982,-3423.4683,30525.305,157.36845,Munitions Crate,50.0,Blueprint,,,Ammo_Large,,
SceneComponent,Loot_AmmoBox_Medium_01a_Spawner_C,Loot_AmmoBox_Medium_01a_Spawner_C_UAID_00FF8EFC2BEF0C5502_2c3eea1a97711df6_1940884982,-65924.71,29822.312,965.0205,Munitions Crate,50.0,Blueprint,,,Ammo_Large,,
SceneComponent,Loot_AmmoBox_Medium_01a_Spawner_C,Loot_AmmoBox_Medium_01a_Spawner_C_UAID_00FF8EFC2BEF0C5502_3268d24df65db406_1940884982,-49743.633,36795.66,1827.5562,Munitions Crate,50.0,Blueprint,,,Ammo_Large,,
SceneComponent,Loot_AmmoBox_Medium_01a_Spawner_C,Loot_AmmoBox_Medium_01a_Spawner_C_UAID_00FF8EFC2BEF0C5502_be94d28c8e083232_1940884982,-20503.848,20507.398,-245.02098,Munitions Crate,50.0,Blueprint,,,Ammo_Large,,
SceneComponent,Loot_AmmoBox_Medium_01a_Spawner_C,Loot_AmmoBox_Medium_01a_Spawner_C_UAID_00FF8EFC2BEF0C5502_bf8d564e1b545eba_1940884982,-53.566708,8553.229,346.57764,Munitions Crate,50.0,Blueprint,,,Ammo_Large,,
SceneComponent,Loot_AmmoBox_Medium_01a_Spawner_C,Loot_AmmoBox_Medium_01a_Spawner_C_UAID_00FF8EFC2BEF0C5502_d0b4e3729bb10118_1940884982,-60510.098,22089.691,-213.12352,Munitions Crate,50.0,Blueprint,,,Ammo_Large,,
SceneComponent,Loot_AmmoBox_Medium_01a_Spawner_C,Loot_AmmoBox_Medium_01a_Spawner_C_UAID_00FF8EFC2BEF0C5502_e77295a854dc02cd_1940884982,2436.6873,35799.203,802.4088,Munitions Crate,50.0,Blueprint,,,Ammo_Large,,
SceneComponent,Loot_AmmoBox_Medium_01a_Spawner_C,Loot_AmmoBox_Medium_01a_Spawner_C_UAID_00FF8EFC2BEFFB5502_0db63d81c574f015_2074834143,15146.762,12922.801,1525.2823,Munitions Crate,50.0,Blueprint,,,Ammo_Large,,
SceneComponent,Loot_AmmoBox_Medium_01a_Spawner_C,Loot_AmmoBox_Medium_01a_Spawner_C_UAID_00FF8EFC2BEFFB5502_3c3291fccc4d0ca2_2074834143,-31270.002,-44996.8,5196.279,Munitions Crate,50.0,Blueprint,,,Ammo_Large,,
SceneComponent,Loot_AmmoBox_Medium_01a_Spawner_C,Loot_AmmoBox_Medium_01a_Spawner_C_UAID_00FF8EFC2BEFFB5502_b4eb7b5d453a345a_2074834143,21420.941,-22706.45,2115.0657,Munitions Crate,50.0,Blueprint,,,Ammo_Large,,
SceneComponent,Loot_AmmoBox_Medium_01a_Spawner_C,Loot_AmmoBox_Medium_01a_Spawner_C_UAID_00FF8EFC2BEFFB5502_e41ce24b7b9363e5_2074834143,-24611.508,31015.78,882.155,Munitions Crate,50.0,Blueprint,,,Ammo_Large,,
SceneComponent,Loot_AmmoBox_Medium_01a_Spawner_C,Loot_AmmoBox_Medium_01a_Spawner_C_UAID_00FF8EFC2BEFFB5502_e5dd62a3af5a34cb_2074834143,-58292.55,-19882.365,6396.0845,Munitions Crate,50.0,Blueprint,,,Ammo_Large,,
SceneComponent,Loot_AmmoBox_Medium_01a_Spawner_C,Loot_AmmoBox_Medium_01a_Spawner_C_UAID_046874882494859A02_367755be1ccb9d60_1585269449,-31877.922,-5030.59,1941.1293,Munitions Crate,50.0,Blueprint,,,Ammo_Large,,
SceneComponent,Loot_AmmoBox_Medium_01a_Spawner_C,Loot_AmmoBox_Medium_01a_Spawner_C_UAID_046874882494859A02_367755be1ccb9d60_1585274452,-25765.148,-5983.382,1750.2068,Munitions Crate,50.0,Blueprint,,,Ammo_Large,,
SceneComponent,Loot_AmmoBox_Medium_01a_Spawner_C,Loot_AmmoBox_Medium_01a_Spawner_C_UAID_0468748824949AD502_6bf7ed90f87edc78_2022913119,-7400.5615,-16307.586,1892.1846,Munitions Crate,50.0,Blueprint,,,Ammo_Large,,
SceneComponent,Loot_AmmoBox_Medium_01a_Spawner_C,Loot_AmmoBox_Medium_01a_Spawner_C_UAID_0468748824949AD502_6bf7ed90f87edc78_2035965365,-7735.998,-16758.662,2889.124,Munitions Crate,50.0,Blueprint,,,Ammo_Large,,
SceneComponent,Loot_AmmoBox_Medium_01a_Spawner_C,Loot_AmmoBox_Medium_01a_Spawner_C_UAID_0468748824949AD502_6bf7ed90f87edc78_2035969368,-7891.367,-16788.863,2889.5022,Munitions Crate,50.0,Blueprint,,,Ammo_Large,,
SceneComponent,Loot_AmmoBox_Medium_01a_Spawner_C,Loot_AmmoBox_Medium_01a_Spawner_C_UAID_046874882494CC9502_97971df2a4ca033d_1228325128,-35587.67,-27299.283,8165.6226,Munitions Crate,50.0,Blueprint,,,Ammo_Large,,
SceneComponent,Loot_AmmoBox_Medium_01a_Spawner_C,Loot_AmmoBox_Medium_01a_Spawner_C_UAID_046874882494CC9502_97971df2a4ca033d_1228333131,-35535.16,-27149.97,8166.0005,Munitions Crate,50.0,Blueprint,,,Ammo_Large,,
SceneComponent,Loot_AmmoBox_Medium_01a_Spawner_C,Loot_AmmoBox_Medium_01a_Spawner_C_UAID_046874882494CC9502_97971df2a4ca033d_1238669346,-35632.12,-26890.719,9466.34,Munitions Crate,50.0,Blueprint,,,Ammo_Large,,
SceneComponent,Loot_AmmoBox_Medium_01a_Spawner_C,Loot_AmmoBox_Medium_01a_Spawner_C_UAID_046874882494CC9502_97971df2a4ca033d_1238677349,-35483.348,-26944.746,9466.718,Munitions Crate,50.0,Blueprint,,,Ammo_Large,,
SceneComponent,Loot_AmmoBox_Medium_01a_Spawner_C,Loot_AmmoBox_Medium_01a_Spawner_C_UAID_046874882494E59402_307909d31b9b9ada_1717875558,-39170.355,-28190.586,8074.24,Munitions Crate,50.0,Blueprint,,,Ammo_Large,,
SceneComponent,Loot_AmmoBox_Medium_01a_Spawner_C,Loot_AmmoBox_Medium_01a_Spawner_C_UAID_046874882494F29502_7ed34a54df1d9850_1872017854,-36220.934,-27941.291,8074.24,Munitions Crate,50.0,Blueprint,,,Ammo_Large,,
SceneComponent,Loot_AmmoBox_Medium_01a_Spawner_C,Loot_AmmoBox_Medium_01a_Spawner_C_UAID_046874882494F39502_fa61c736281e8a8a_1307096425,-39455.234,-31251.227,7235.2793,Munitions Crate,50.0,Blueprint,,,Ammo_Large,,
SceneComponent,Loot_AmmoBox_Medium_01a_Spawner_C,Loot_AmmoBox_Medium_01a_Spawner_C_UAID_046874882494F89A02_86279adec2ec3b27_1900766988,-15497.405,20032.297,186.55402,Munitions Crate,50.0,Blueprint,,,Ammo_Large,,
SceneComponent,Loot_AmmoBox_Medium_01a_Spawner_C,Loot_AmmoBox_Medium_01a_Spawner_C_UAID_046874882494FE9802_29c4ea76462ed633_1771637640,-33606.49,22153.787,-311.9739,Munitions Crate,50.0,Blueprint,,,Ammo_Large,,
SceneComponent,Loot_AmmoBox_Medium_01a_Spawner_C,Loot_AmmoBox_Medium_01a_Spawner_C_UAID_046874882494FE9802_29c4ea76462ed633_1773318689,-32338.574,20595.426,-260.21234,Munitions Crate,50.0,Blueprint,,,Ammo_Large,,
SceneComponent,Loot_AmmoBox_Medium_01a_Spawner_C,Loot_AmmoBox_Medium_01a_Spawner_C_UAID_18C04DA8201B437902_1955f5d21cbe47a4_1441055454,25214.262,7414.115,2372.6753,Munitions Crate,50.0,Blueprint,,,Ammo_Large,,
SceneComponent,Loot_AmmoBox_Medium_01a_Spawner_C,Loot_AmmoBox_Medium_01a_Spawner_C_UAID_18C04DA8201B437902_1955f5d21cbe47a4_1442486552,24266.188,2114.614,803.7322,Munitions Crate,50.0,Blueprint,,,Ammo_Large,,
SceneComponent,Loot_AmmoBox_Medium_01a_Spawner_C,Loot_AmmoBox_Medium_01a_Spawner_C_UAID_18C04DA8201B437902_1955f5d21cbe47a4_1443906624,23842.168,4471.958,803.153,Munitions Crate,50.0,Blueprint,,,Ammo_Large,,
SceneComponent,Loot_AmmoBox_Medium_01a_Spawner_C,Loot_AmmoBox_Medium_01a_Spawner_C_UAID_18C04DA8201B437902_1955f5d21cbe47a4_1448213838,24469.506,8867.227,2504.2144,Munitions Crate,50.0,Blueprint,,,Ammo_Large,,
SceneComponent,Loot_AmmoBox_Medium_01a_Spawner_C,Loot_AmmoBox_Medium_01a_Spawner_C_UAID_18C04DA8201B627102_c71ad3ef090f6a00_1897331760,-55431.816,32437.148,1777.9806,Munitions Crate,50.0,Blueprint,,,Ammo_Large,,
SceneComponent,Loot_AmmoBox_Medium_01a_Spawner_C,Loot_AmmoBox_Medium_01a_Spawner_C_UAID_581CF8B7231519CF02_0af8d68b152618b4_1306841885,26476.145,-6768.3296,973.4296,Munitions Crate,50.0,Blueprint,,,Ammo_Large,,
SceneComponent,Loot_AmmoBox_Medium_01a_Spawner_C,Loot_AmmoBox_Medium_01a_Spawner_C_UAID_581CF8B7231519CF02_0af8d68b152618b4_1617880905,26718.238,-7326.779,1018.6873,Munitions Crate,50.0,Blueprint,,,Ammo_Large,,
SceneComponent,Loot_AmmoBox_Medium_01a_Spawner_C,Loot_AmmoBox_Medium_01a_Spawner_C_UAID_581CF8B7231528BC02_0af8d68b152618b4_1303492231,25852.186,-8573.7,1071.7869,Munitions Crate,50.0,Blueprint,,,Ammo_Large,,
SceneComponent,Loot_AmmoBox_Medium_01a_Spawner_C,Loot_AmmoBox_Medium_01a_Spawner_C_UAID_581CF8B72315544C02_fa61c736281e8a8a_1780452966,-39255.82,-30073.023,7045.1436,Munitions Crate,50.0,Blueprint,,,Ammo_Large,,
SceneComponent,Loot_AmmoBox_Medium_01a_Spawner_C,Loot_AmmoBox_Medium_01a_Spawner_C_UAID_581CF8B723158E4D02_fa61c736281e8a8a_1750204363,-38768.49,-25682.46,7044.882,Munitions Crate,50.0,Blueprint,,,Ammo_Large,,
SceneComponent,Loot_AmmoBox_Medium_01a_Spawner_C,Loot_AmmoBox_Medium_01a_Spawner_C_UAID_581CF8B72315957E02_1bef1ea065e33b47_1824818638,-47033.57,-9096.021,2950.5693,Munitions Crate,50.0,Blueprint,,,Ammo_Large,,
SceneComponent,Loot_AmmoBox_Medium_01a_Spawner_C,Loot_AmmoBox_Medium_01a_Spawner_C_UAID_581CF8B7231599D602_0ee7a365402e2b65_1724551500,32873.88,-15493.296,-8.331745,Munitions Crate,50.0,Blueprint,,,Ammo_Large,,
SceneComponent,Loot_AmmoBox_Medium_01a_Spawner_C,Loot_AmmoBox_Medium_01a_Spawner_C_UAID_581CF8B7231599D602_0ee7a365402e2b65_1724554503,32781.22,-15621.615,-7.9536395,Munitions Crate,50.0,Blueprint,,,Ammo_Large,,
SceneComponent,Loot_AmmoBox_Medium_01a_Spawner_C,Loot_AmmoBox_Medium_01a_Spawner_C_UAID_581CF8B7231599D602_0ee7a365402e2b65_1724715510,33414.29,-13719.978,-10.679893,Munitions Crate,50.0,Blueprint,,,Ammo_Large,,
SceneComponent,Loot_AmmoBox_Medium_01a_Spawner_C,Loot_AmmoBox_Medium_01a_Spawner_C_UAID_581CF8B7231599D602_0ee7a365402e2b65_1724719513,33506.945,-13591.657,-10.301786,Munitions Crate,50.0,Blueprint,,,Ammo_Large,,
SceneComponent,Loot_AmmoBox_Medium_01a_Spawner_C,Loot_AmmoBox_Medium_01a_Spawner_C_UAID_581CF8B72315A25602_170009526a2c1544_1516152447,-27737.725,-3761.539,1746.0626,Munitions Crate,50.0,Blueprint,,,Ammo_Large,,
SceneComponent,Loot_AmmoBox_Medium_01a_Spawner_C,Loot_AmmoBox_Medium_01a_Spawner_C_UAID_581CF8B72315AA5002_126232618081b8ee_2015392123,-26164.812,-10332.389,1434.5596,Munitions Crate,50.0,Blueprint,,,Ammo_Large,,
SceneComponent,Loot_AmmoBox_Medium_01a_Spawner_C,Loot_AmmoBox_Medium_01a_Spawner_C_UAID_581CF8B72315AACF02_0af8d68b152618b4_1489461974,26544.826,-5385.8535,1062.2726,Munitions Crate,50.0,Blueprint,,,Ammo_Large,,
SceneComponent,Loot_AmmoBox_Medium_01a_Spawner_C,Loot_AmmoBox_Medium_01a_Spawner_C_UAID_581CF8B72315AACF02_0af8d68b152618b4_1489465977,26673.146,-5478.5127,1062.6506,Munitions Crate,50.0,Blueprint,,,Ammo_Large,,
SceneComponent,Loot_AmmoBox_Medium_01a_Spawner_C,Loot_AmmoBox_Medium_01a_Spawner_C_UAID_581CF8B72315C05A02_c71ad3ef090f6a00_1815263384,-56910.18,37047.074,1813.5713,Munitions Crate,50.0,Blueprint,,,Ammo_Large,,
SceneComponent,Loot_AmmoBox_Medium_01a_Spawner_C,Loot_AmmoBox_Medium_01a_Spawner_C_UAID_581CF8B72315D4D702_7b0b2d09dbcdc51c_1137879332,33803.21,-8274.981,-104.197365,Munitions Crate,50.0,Blueprint,,,Ammo_Large,,
SceneComponent,Loot_AmmoBox_Medium_01a_Spawner_C,Loot_AmmoBox_Medium_01a_Spawner_C_UAID_581CF8B72315DED602_09b253a8aea41573_1892842276,34662.74,-16893.662,-8.331749,Munitions Crate,50.0,Blueprint,,,Ammo_Large,,
SceneComponent,Loot_AmmoBox_Medium_01a_Spawner_C,Loot_AmmoBox_Medium_01a_Spawner_C_UAID_581CF8B72315DED602_09b253a8aea41573_1892845279,34755.4,-16765.342,-7.9536424,Munitions Crate,50.0,Blueprint,,,Ammo_Large,,
SceneComponent,Loot_AmmoBox_Medium_01a_Spawner_C,Loot_AmmoBox_Medium_01a_Spawner_C_UAID_581CF8B72315EED502_a9a338b10a444bbb_2062355268,31248.188,-12001.38,-91.74922,Munitions Crate,50.0,Blueprint,,,Ammo_Large,,
SceneComponent,Loot_AmmoBox_Medium_01a_Spawner_C,UNP_Loot_AmmoBox_Medium_01a_0aed1a8904ae4ec5_0,-19224.23,-18075.32,1870.2426,Munitions Crate,100.0,Custom,,,Ammo_Large,,
SceneComponent,Loot_AmmoBox_Medium_01a_Spawner_C,UNP_Loot_AmmoBox_Medium_01a_42e60c0f2dfe0fa8_0,-13024.425,-12230.956,1102.7084,Munitions Crate,50.0,Blueprint,,,Ammo_Large,,
SceneComponent,Loot_AmmoBox_Medium_01a_Spawner_C,UNP_Loot_AmmoBox_Medium_01a_46088225b8f30cda_0,-17896.387,-17489.037,1692.4265,Munitions Crate,50.0,Blueprint,,,Ammo_Large,,
SceneComponent,Loot_AmmoBox_Medium_01a_Spawner_C,UNP_Loot_AmmoBox_Medium_01a_4f36605deaaf1c91_0,-9078.966,19008.957,-85.95442,Munitions Crate,50.0,Blueprint,,,Ammo_Large,,
SceneComponent,Loot_AmmoBox_Medium_01a_Spawner_C,UNP_Loot_AmmoBox_Medium_01a_534523a64034acff_0,-39728.367,-36453.477,6453.3315,Munitions Crate,50.0,Blueprint,,,Ammo_Large,,
SceneComponent,Loot_AmmoBox_Medium_01a_Spawner_C,UNP_Loot_AmmoBox_Medium_01a_5cd45a4e3089d131_0,-29536.727,-7364.32,1745.3657,Munitions Crate,50.0,Blueprint,,,Ammo_Large,,
SceneComponent,Loot_AmmoBox_Medium_01a_Spawner_C,UNP_Loot_AmmoBox_Medium_01a_7144dd4566ea6a39_0,2081.1946,-13770.71,1433.4971,Munitions Crate,50.0,Blueprint,,,Ammo_Large,,
SceneComponent,Loot_AmmoBox_Medium_01a_Spawner_C,UNP_Loot_AmmoBox_Medium_01a_75855d1bd6d207ce_0,-16069.051,-19606.492,1727.3792,Munitions Crate,50.0,Blueprint,,,Ammo_Large,,
SceneComponent,Loot_AmmoBox_Medium_01a_Spawner_C,UNP_Loot_AmmoBox_Medium_01a_90429aff829b7e94_0,2554.1294,-11107.417,1416.8933,Munitions Crate,50.0,Blueprint,,,Ammo_Large,,
SceneComponent,Loot_AmmoBox_Medium_01a_Spawner_C,UNP_Loot_AmmoBox_Medium_01a_Spawner1_UAID_046874882494449B02_566cfd8f809d947c_1513183020,8269.0,-21080.953,117.009964,Munitions Crate,50.0,Blueprint,,,Ammo_Large,,
SceneComponent,Loot_AmmoBox_Medium_01a_Spawner_C,UNP_Loot_AmmoBox_Medium_01a_Spawner_0152a6d4152e1e50_0,-63393.668,-1951.3475,1718.913,Munitions Crate,50.0,Blueprint,,,Ammo_Large,,
SceneComponent,Loot_AmmoBox_Medium_01a_Spawner_C,UNP_Loot_AmmoBox_Medium_01a_Spawner_6aa29054035e3474_0,23916.465,-11406.543,768.64496,Munitions Crate,50.0,Blueprint,,,Ammo_Large,,
SceneComponent,Loot_AmmoBox_Medium_01a_Spawner_C,UNP_Loot_AmmoBox_Medium_01a_Spawner_7b548543dc2c1a62_0,-45916.734,32619.549,1908.2789,Munitions Crate,50.0,Blueprint,,,Ammo_Large,,
SceneComponent,Loot_AmmoBox_Medium_01a_Spawner_C,UNP_Loot_AmmoBox_Medium_01a_Spawner_UAID_0468748824943B9B02_5f70c77cbc927b1f_1761642304,-44057.766,33202.34,1344.3832,Munitions Crate,50.0,Blueprint,,,Ammo_Large,,
SceneComponent,Loot_AmmoBox_Medium_01a_Spawner_C,UNP_Loot_AmmoBox_Medium_01a_Spawner_UAID_0468748824943B9B02_ee048d778535517c_1761642304,-26792.123,16710.557,-247.32175,Munitions Crate,50.0,Blueprint,,,Ammo_Large,,
SceneComponent,Loot_AmmoBox_Medium_01a_Spawner_C,UNP_Loot_AmmoBox_Medium_01a_Spawner_UAID_046874882494977D02_f5f3745e62dd497c_1269131567,-64841.613,-597.4231,1724.3458,Munitions Crate,50.0,Blueprint,,,Ammo_Large,,
SceneComponent,Loot_AmmoBox_Medium_01a_Spawner_C,UNP_Loot_AmmoBox_Medium_01a_Spawner_UAID_046874882494FE9802_29c4ea76462ed633_1778049944,-33104.066,22095.082,239.53828,Munitions Crate,50.0,Blueprint,,,Ammo_Large,,
SceneComponent,Loot_AmmoBox_Medium_01a_Spawner_C,UNP_Loot_AmmoBox_Medium_01a_UAID_046874882494089902_4fd79de106d61a35_1094377639,-17144.25,-12332.647,1148.1328,Munitions Crate,50.0,Blueprint,,,Ammo_Large,,
SceneComponent,Loot_AmmoBox_Medium_01a_Spawner_C,UNP_Loot_AmmoBox_Medium_01a_UAID_046874882494089902_4fd79de106d61a35_1102267398,-16945.904,-12271.317,1148.5079,Munitions Crate,50.0,Blueprint,,,Ammo_Large,,
SceneComponent,Loot_AmmoBox_Medium_01a_Spawner_C,UNP_Loot_AmmoBox_Medium_01a_UAID_0468748824941B9B02_71619fc7e70fc919_1552256601,-7617.8813,17800.809,-490.71628,Munitions Crate,50.0,Blueprint,,,Ammo_Large,,
SceneComponent,Loot_AmmoBox_Medium_01a_Spawner_C,UNP_Loot_AmmoBox_Medium_01a_UAID_0468748824943B9B02_5f70c77cbc927b1f_1767893210,-44764.69,33521.438,1388.8165,Munitions Crate,50.0,Blueprint,,,Ammo_Large,,
SceneComponent,Loot_AmmoBox_Medium_01a_Spawner_C,UNP_Loot_AmmoBox_Medium_01a_UAID_0468748824943B9B02_5f70c77cbc927b1f_1768158222,-45265.734,33828.098,1329.7645,Munitions Crate,50.0,Blueprint,,,Ammo_Large,,
SceneComponent,Loot_AmmoBox_Medium_01a_Spawner_C,UNP_Loot_AmmoBox_Medium_01a_UAID_0468748824943B9B02_5f70c77cbc927b1f_1769369267,-45156.133,32583.777,1329.7645,Munitions Crate,50.0,Blueprint,,,Ammo_Large,,
SceneComponent,Loot_AmmoBox_Medium_01a_Spawner_C,UNP_Loot_AmmoBox_Medium_01a_UAID_0468748824943B9B02_ee048d778535517c_1767893210,-27136.342,16015.52,-202.88838,Munitions Crate,50.0,Blueprint,,,Ammo_Large,,
SceneComponent,Loot_AmmoBox_Medium_01a_Spawner_C,UNP_Loot_AmmoBox_Medium_01a_UAID_0468748824943B9B02_ee048d778535517c_1768158222,-27460.758,15525.783,-261.94037,Munitions Crate,50.0,Blueprint,,,Ammo_Large,,
SceneComponent,Loot_AmmoBox_Medium_01a_Spawner_C,UNP_Loot_AmmoBox_Medium_01a_UAID_0468748824943B9B02_ee048d778535517c_1769369267,-26213.309,15590.733,-261.94037,Munitions Crate,50.0,Blueprint,,,Ammo_Large,,
SceneComponent,Loot_AmmoBox_Medium_01a_Spawner_C,UNP_Loot_AmmoBox_Medium_01a_UAID_0468748824943F9B02_25a8e10f80183f94_1308686771,-34476.145,34925.746,1113.1449,Munitions Crate,50.0,Blueprint,,,Ammo_Large,,
SceneComponent,Loot_AmmoBox_Medium_01a_Spawner_C,UNP_Loot_AmmoBox_Medium_01a_UAID_046874882494449B02_566cfd8f809d947c_1511942772,9770.626,-23014.258,218.6875,Munitions Crate,100.0,Custom,,,Ammo_Large,,
SceneComponent,Loot_AmmoBox_Medium_01a_Spawner_C,UNP_Loot_AmmoBox_Medium_01a_UAID_046874882494449B02_566cfd8f809d947c_1512939969,8714.362,-22560.775,83.6006,Munitions Crate,50.0,Blueprint,,,Ammo_Large,,
SceneComponent,Loot_AmmoBox_Medium_01a_Spawner_C,UNP_Loot_AmmoBox_Medium_01a_UAID_046874882494859A02_367755be1ccb9d60_1585790767,-27775.219,-11829.474,1794.2645,Munitions Crate,50.0,Blueprint,,,Ammo_Large,,
SceneComponent,Loot_AmmoBox_Medium_01a_Spawner_C,UNP_Loot_AmmoBox_Medium_01a_UAID_0468748824949AD502_6bf7ed90f87edc78_2037028386,-7476.822,-15874.478,424.96558,Munitions Crate,50.0,Blueprint,,,Ammo_Large,,
SceneComponent,Loot_AmmoBox_Medium_01a_Spawner_C,UNP_Loot_AmmoBox_Medium_01a_UAID_046874882494A69E02_bd0f96a5981d5c04_1172820474,-39725.84,11098.821,-641.1456,Munitions Crate,100.0,Custom,,,Ammo_Large,,
SceneComponent,Loot_AmmoBox_Medium_01a_Spawner_C,UNP_Loot_AmmoBox_Medium_01a_UAID_046874882494AD8D02_c71ad3ef090f6a00_1993588564,-57966.332,34784.277,1722.8939,Munitions Crate,50.0,Blueprint,,,Ammo_Large,,
SceneComponent,Loot_AmmoBox_Medium_01a_Spawner_C,UNP_Loot_AmmoBox_Medium_01a_UAID_046874882494CC9502_97971df2a4ca033d_1229059153,-35444.715,-27473.623,8122.5806,Munitions Crate,50.0,Blueprint,,,Ammo_Large,,
SceneComponent,Loot_AmmoBox_Medium_01a_Spawner_C,UNP_Loot_AmmoBox_Medium_01a_UAID_046874882494CC9502_97971df2a4ca033d_1232785232,-36528.324,-27156.857,10226.783,Munitions Crate,50.0,Blueprint,,,Ammo_Large,,
SceneComponent,Loot_AmmoBox_Medium_01a_Spawner_C,UNP_Loot_AmmoBox_Medium_01a_UAID_046874882494DD9A02_1bef1ea065e33b47_1606631744,-47909.117,-8206.732,3009.9695,Munitions Crate,50.0,Blueprint,,,Ammo_Large,,
SceneComponent,Loot_AmmoBox_Medium_01a_Spawner_C,UNP_Loot_AmmoBox_Medium_01a_UAID_046874882494E59402_307909d31b9b9ada_1720613613,-37615.62,-28876.266,8120.947,Munitions Crate,50.0,Blueprint,,,Ammo_Large,,
SceneComponent,Loot_AmmoBox_Medium_01a_Spawner_C,UNP_Loot_AmmoBox_Medium_01a_UAID_046874882494F39502_fa61c736281e8a8a_1294506505,-37213.887,-30090.42,7052.9253,Munitions Crate,50.0,Blueprint,,,Ammo_Large,,
SceneComponent,Loot_AmmoBox_Medium_01a_Spawner_C,UNP_Loot_AmmoBox_Medium_01a_UAID_046874882494FE9802_29c4ea76462ed633_1764179430,-31651.404,23103.975,-199.43335,Munitions Crate,100.0,Custom,,,Ammo_Large,,
SceneComponent,Loot_AmmoBox_Medium_01a_Spawner_C,UNP_Loot_AmmoBox_Medium_01a_UAID_046874882494FE9802_29c4ea76462ed633_1764704445,-32489.027,23117.537,-264.99344,Munitions Crate,50.0,Blueprint,,,Ammo_Large,,
SceneComponent,Loot_AmmoBox_Medium_01a_Spawner_C,UNP_Loot_AmmoBox_Medium_01a_UAID_08BFB82FEC6A85DC02_3df28b0128384e50_1173909879,32978.73,-10685.208,19.880114,Munitions Crate,50.0,Blueprint,,,Ammo_Large,,
SceneComponent,Loot_AmmoBox_Medium_01a_Spawner_C,UNP_Loot_AmmoBox_Medium_01a_UAID_08BFB82FEC6A85DC02_3df28b0128384e50_1174085886,37517.32,-14117.581,-26.306026,Munitions Crate,50.0,Blueprint,,,Ammo_Large,,
SceneComponent,Loot_AmmoBox_Medium_01a_Spawner_C,UNP_Loot_AmmoBox_Medium_01a_UAID_08BFB82FEC6A85DC02_3df28b0128384e50_1174255893,35237.598,-13484.193,20.436684,Munitions Crate,50.0,Blueprint,,,Ammo_Large,,
SceneComponent,Loot_AmmoBox_Medium_01a_Spawner_C,UNP_Loot_AmmoBox_Medium_01a_UAID_18C04DA8201B327902_39c53a56517c239f_2128013231,14827.572,13401.696,1620.158,Munitions Crate,50.0,Blueprint,,,Ammo_Large,,
SceneComponent,Loot_AmmoBox_Medium_01a_Spawner_C,UNP_Loot_AmmoBox_Medium_01a_UAID_18C04DA8201B327902_3e62a173f235e900_2128013231,21718.695,-22211.375,2195.4858,Munitions Crate,50.0,Blueprint,,,Ammo_Large,,
SceneComponent,Loot_AmmoBox_Medium_01a_Spawner_C,UNP_Loot_AmmoBox_Medium_01a_UAID_18C04DA8201B327902_6c4c20721545df36_2128013231,-30858.082,-45398.727,5291.1543,Munitions Crate,50.0,Blueprint,,,Ammo_Large,,
SceneComponent,Loot_AmmoBox_Medium_01a_Spawner_C,UNP_Loot_AmmoBox_Medium_01a_UAID_18C04DA8201B327902_a1b8e9568afcd202_2128013231,-57735.684,-19737.03,6490.96,Munitions Crate,50.0,Blueprint,,,Ammo_Large,,
SceneComponent,Loot_AmmoBox_Medium_01a_Spawner_C,UNP_Loot_AmmoBox_Medium_01a_UAID_18C04DA8201B327902_b48abfd6dd8426a8_2128013231,-24619.318,30440.312,977.03064,Munitions Crate,50.0,Blueprint,,,Ammo_Large,,
SceneComponent,Loot_AmmoBox_Medium_01a_Spawner_C,UNP_Loot_AmmoBox_Medium_01a_UAID_18C04DA8201B437902_1955f5d21cbe47a4_1437561212,22420.12,6499.3813,2414.6426,Munitions Crate,50.0,Blueprint,,,Ammo_Large,,
SceneComponent,Loot_AmmoBox_Medium_01a_Spawner_C,UNP_Loot_AmmoBox_Medium_01a_UAID_18C04DA8201B437902_1955f5d21cbe47a4_1446554726,20220.02,3633.055,2403.7449,Munitions Crate,50.0,Blueprint,,,Ammo_Large,,
SceneComponent,Loot_AmmoBox_Medium_01a_Spawner_C,UNP_Loot_AmmoBox_Medium_01a_UAID_581CF8B723155BD402_263882d4f35b9b05_1768723196,29768.357,-8493.517,421.98047,Munitions Crate,50.0,Blueprint,,,Ammo_Large,,
SceneComponent,Loot_AmmoBox_Medium_01a_Spawner_C,UNP_Loot_AmmoBox_Medium_01a_UAID_581CF8B723156ABE02_20e2b082a6cc054c_1236343087,24385.117,-7869.3706,1019.25385,Munitions Crate,50.0,Blueprint,,,Ammo_Large,,
SceneComponent,Loot_AmmoBox_Medium_01a_Spawner_C,UNP_Loot_AmmoBox_Medium_01a_UAID_581CF8B723156ABE02_20e2b082a6cc054c_1236596094,25251.266,-9435.163,1017.265,Munitions Crate,50.0,Blueprint,,,Ammo_Large,,
SceneComponent,Loot_AmmoBox_Medium_01a_Spawner_C,UNP_Loot_AmmoBox_Medium_01a_UAID_581CF8B723158CD602_e28dd75b0dfb6fe0_1179878730,31695.695,-13880.106,-50.252342,Munitions Crate,50.0,Blueprint,,,Ammo_Large,,
SceneComponent,Loot_AmmoBox_Medium_01a_Spawner_C,UNP_Loot_AmmoBox_Medium_01a_UAID_581CF8B7231599D602_0ee7a365402e2b65_1723257468,32610.59,-15765.132,-50.38339,Munitions Crate,50.0,Blueprint,,,Ammo_Large,,
SceneComponent,Loot_AmmoBox_Medium_01a_Spawner_C,UNP_Loot_AmmoBox_Medium_01a_UAID_581CF8B72315DCD602_79f9a36b537b5426_1471504004,34928.156,-16133.322,-52.964954,Munitions Crate,50.0,Blueprint,,,Ammo_Large,,
SceneComponent,Loot_AmmoBox_Medium_01a_Spawner_C,UNP_Loot_AmmoBox_Medium_01a_UAID_581CF8B72315DED602_09b253a8aea41573_1891184234,34850.254,-17419.727,-50.87694,Munitions Crate,50.0,Blueprint,,,Ammo_Large,,
SceneComponent,Loot_AmmoBox_Medium_01a_Spawner_C,UNP_Loot_AmmoBox_Medium_01a_b787c659fad3114a_0,9953.187,30044.23,968.578,Munitions Crate,50.0,Blueprint,,,Ammo_Large,,
SceneComponent,Loot_AmmoBox_Medium_01a_Spawner_C,UNP_Loot_AmmoBox_Medium_01a_d7ab05e04fd848b6_0,-24419.938,-10657.0,1746.5083,Munitions Crate,50.0,Blueprint,,,Ammo_Large,,
SceneComponent,Loot_AmmoBox_Medium_01a_Spawner_C,UNP_Loot_AmmoBox_Medium_01a_e38de8eeb220e3f9_0,-37827.227,-5315.285,2438.0112,Munitions Crate,50.0,Blueprint,,,Ammo_Large,,
SceneComponent,Loot_AmmoBox_Medium_01a_Spawner_C,UNP_Loot_AmmoBox_Medium_01a_e637e2739dd23498_0,-36096.65,-5801.222,2428.597,Munitions Crate,50.0,Blueprint,,,Ammo_Large,,
SceneComponent,Loot_AmmoBox_Medium_01a_Spawner_C,UNP_Loot_AmmoBox_Medium_01a_e91804926c8cb328_0,21318.957,-7428.704,2391.823,Munitions Crate,100.0,Custom,,,Ammo_Large,,
SceneComponent,Loot_AmmoBox_Medium_01a_Spawner_C,UNP_Loot_AmmoBox_Medium_01a_ffe6147ae5209860_0,-16365.141,-20396.389,1736.1683,Munitions Crate,50.0,Blueprint,,,Ammo_Large,,
SceneComponent,Loot_AmmoBox_Small_01a_Spawner_C,Loot_AmmoBox_Small_01a_Spawner_C_1c556f47455d4841_0,-3105.9773,3331.3743,45.293232,Munitions Crate,50.0,Blueprint,,,Ammo_Medium,,
SceneComponent,Loot_AmmoBox_Small_01a_Spawner_C,Loot_AmmoBox_Small_01a_Spawner_C_643191a2278730e7_0,18232.227,-2161.0261,786.25793,Munitions Crate,50.0,Blueprint,,,Ammo_Medium,,
SceneComponent,Loot_AmmoBox_Small_01a_Spawner_C,Loot_AmmoBox_Small_01a_Spawner_C_UAID_00FF8EFC2BEF205102_10af68cfa2816a47_1189713309,-57853.426,-12599.182,3533.0942,Munitions Crate,50.0,Blueprint,,,Ammo_Medium,,
SceneComponent,Loot_AmmoBox_Small_01a_Spawner_C,Loot_AmmoBox_Small_01a_Spawner_C_UAID_00FF8EFC2BEF205102_8c9fe9f5eddf1ec3_1189713309,-43095.02,40282.535,2110.694,Munitions Crate,50.0,Blueprint,,,Ammo_Medium,,
SceneComponent,Loot_AmmoBox_Small_01a_Spawner_C,Loot_AmmoBox_Small_01a_Spawner_C_UAID_00FF8EFC2BEF784F02_1724036352,-31054.908,-32183.023,5414.364,Munitions Crate,50.0,Blueprint,,,Ammo_Medium,,
SceneComponent,Loot_AmmoBox_Small_01a_Spawner_C,Loot_AmmoBox_Small_01a_Spawner_C_UAID_00FF8EFC2BEFAE8202_352c1da08403ca8c_1414578736,-65075.93,7670.492,406.03122,Munitions Crate,50.0,Blueprint,,,Ammo_Medium,,
SceneComponent,Loot_AmmoBox_Small_01a_Spawner_C,Loot_AmmoBox_Small_01a_Spawner_C_UAID_00FF8EFC2BEFAE8202_53ffa056123b646a_1414578736,-48455.375,12425.401,62.003117,Munitions Crate,50.0,Blueprint,,,Ammo_Medium,,
SceneComponent,Loot_AmmoBox_Small_01a_Spawner_C,Loot_AmmoBox_Small_01a_Spawner_C_UAID_00FF8EFC2BEFAE8202_85225f23b57e8b45_1414578736,-60757.004,17285.121,-325.32928,Munitions Crate,50.0,Blueprint,,,Ammo_Medium,,
SceneComponent,Loot_AmmoBox_Small_01a_Spawner_C,Loot_AmmoBox_Small_01a_Spawner_C_UAID_00FF8EFC2BEFAE8202_ebe7a75f2f05cac9_1414578736,-12255.906,26087.2,-336.60358,Munitions Crate,50.0,Blueprint,,,Ammo_Medium,,
SceneComponent,Loot_AmmoBox_Small_01a_Spawner_C,Loot_AmmoBox_Small_01a_Spawner_C_UAID_00FF8EFC2BEFFF4A02_59ab7b65083848de_1334289124,-16468.783,-16553.477,1351.7119,Munitions Crate,50.0,Blueprint,,,Ammo_Medium,,
SceneComponent,Loot_AmmoBox_Small_01a_Spawner_C,Loot_AmmoBox_Small_01a_Spawner_C_UAID_00FF8EFC2BEFFF4A02_889819ce7dedb489_1334289124,19358.768,-4572.032,2043.6755,Munitions Crate,50.0,Blueprint,,,Ammo_Medium,,
SceneComponent,Loot_AmmoBox_Small_01a_Spawner_C,Loot_AmmoBox_Small_01a_Spawner_C_UAID_00FF8EFC2BEFFF4A02_ec0f850fbbdec4d7_1334289124,17134.205,-26085.709,1598.4249,Munitions Crate,50.0,Blueprint,,,Ammo_Medium,,
SceneComponent,Loot_AmmoBox_Small_01a_Spawner_C,Loot_AmmoBox_Small_01a_Spawner_C_UAID_046874882494449B02_566cfd8f809d947c_1510686514,8227.723,-20979.346,414.0827,Munitions Crate,50.0,Blueprint,,,Ammo_Medium,,
SceneComponent,Loot_AmmoBox_Small_01a_Spawner_C,Loot_AmmoBox_Small_01a_Spawner_C_UAID_046874882494519802_358ce63c24dd89f2_1985881647,-30744.588,-5328.8237,1976.6788,Munitions Crate,50.0,Blueprint,,,Ammo_Medium,,
SceneComponent,Loot_AmmoBox_Small_01a_Spawner_C,Loot_AmmoBox_Small_01a_Spawner_C_UAID_046874882494609802_170009526a2c1544_1815880208,-27801.953,-3844.2012,1841.3711,Munitions Crate,50.0,Blueprint,,,Ammo_Medium,,
SceneComponent,Loot_AmmoBox_Small_01a_Spawner_C,Loot_AmmoBox_Small_01a_Spawner_C_UAID_046874882494619802_126232618081b8ee_1315331255,-25646.379,-10484.405,1947.3494,Munitions Crate,50.0,Blueprint,,,Ammo_Medium,,
SceneComponent,Loot_AmmoBox_Small_01a_Spawner_C,Loot_AmmoBox_Small_01a_Spawner_C_UAID_046874882494789602_25c38f96bd642657_2057897873,-25988.238,-7553.4126,2194.8374,Munitions Crate,50.0,Blueprint,,,Ammo_Medium,,
SceneComponent,Loot_AmmoBox_Small_01a_Spawner_C,Loot_AmmoBox_Small_01a_Spawner_C_UAID_046874882494789602_613646c311d01d8e_2057897873,-28070.105,-11806.821,2107.879,Munitions Crate,50.0,Blueprint,,,Ammo_Medium,,
SceneComponent,Loot_AmmoBox_Small_01a_Spawner_C,Loot_AmmoBox_Small_01a_Spawner_C_UAID_046874882494859A02_367755be1ccb9d60_1585107342,-24764.111,-7504.4146,1758.3075,Munitions Crate,50.0,Blueprint,,,Ammo_Medium,,
SceneComponent,Loot_AmmoBox_Small_01a_Spawner_C,Loot_AmmoBox_Small_01a_Spawner_C_UAID_046874882494859A02_367755be1ccb9d60_1585176393,-25495.662,-5979.0312,1750.7787,Munitions Crate,50.0,Blueprint,,,Ammo_Medium,,
SceneComponent,Loot_AmmoBox_Small_01a_Spawner_C,Loot_AmmoBox_Small_01a_Spawner_C_UAID_046874882494859A02_367755be1ccb9d60_1585199407,-27693.973,-12581.475,1750.3206,Munitions Crate,50.0,Blueprint,,,Ammo_Medium,,
SceneComponent,Loot_AmmoBox_Small_01a_Spawner_C,Loot_AmmoBox_Small_01a_Spawner_C_UAID_046874882494859A02_367755be1ccb9d60_1585292463,-29990.059,-7585.2256,1822.8099,Munitions Crate,50.0,Blueprint,,,Ammo_Medium,,
SceneComponent,Loot_AmmoBox_Small_01a_Spawner_C,Loot_AmmoBox_Small_01a_Spawner_C_UAID_046874882494859A02_367755be1ccb9d60_1585505598,-24592.836,-9881.534,1842.7546,Munitions Crate,50.0,Blueprint,,,Ammo_Medium,,
SceneComponent,Loot_AmmoBox_Small_01a_Spawner_C,Loot_AmmoBox_Small_01a_Spawner_C_UAID_046874882494859A02_367755be1ccb9d60_1585727729,-28208.633,-9774.328,2202.6365,Munitions Crate,50.0,Blueprint,,,Ammo_Medium,,
SceneComponent,Loot_AmmoBox_Small_01a_Spawner_C,Loot_AmmoBox_Small_01a_Spawner_C_UAID_046874882494859A02_367755be1ccb9d60_1585761748,-28673.797,-8249.35,1859.5599,Munitions Crate,50.0,Blueprint,,,Ammo_Medium,,
SceneComponent,Loot_AmmoBox_Small_01a_Spawner_C,Loot_AmmoBox_Small_01a_Spawner_C_UAID_046874882494977D02_f5f3745e62dd497c_1267123282,-68269.0,-520.40125,2001.8357,Munitions Crate,50.0,Blueprint,,,Ammo_Medium,,
SceneComponent,Loot_AmmoBox_Small_01a_Spawner_C,Loot_AmmoBox_Small_01a_Spawner_C_UAID_0468748824949AD502_6bf7ed90f87edc78_2024815166,-7101.573,-16694.398,480.02655,Munitions Crate,50.0,Blueprint,,,Ammo_Medium,,
SceneComponent,Loot_AmmoBox_Small_01a_Spawner_C,Loot_AmmoBox_Small_01a_Spawner_C_UAID_0468748824949AD502_6bf7ed90f87edc78_2024817169,-7101.573,-16694.398,540.32764,Munitions Crate,50.0,Blueprint,,,Ammo_Medium,,
SceneComponent,Loot_AmmoBox_Small_01a_Spawner_C,Loot_AmmoBox_Small_01a_Spawner_C_UAID_0468748824949AD502_6bf7ed90f87edc78_2025633194,-8082.754,-16182.284,480.4874,Munitions Crate,50.0,Blueprint,,,Ammo_Medium,,
SceneComponent,Loot_AmmoBox_Small_01a_Spawner_C,Loot_AmmoBox_Small_01a_Spawner_C_UAID_0468748824949AD502_6bf7ed90f87edc78_2025635197,-8082.754,-16182.284,540.7885,Munitions Crate,50.0,Blueprint,,,Ammo_Medium,,
SceneComponent,Loot_AmmoBox_Small_01a_Spawner_C,Loot_AmmoBox_Small_01a_Spawner_C_UAID_0468748824949AD502_6bf7ed90f87edc78_2030420300,-7891.0483,-16413.006,1898.6688,Munitions Crate,50.0,Blueprint,,,Ammo_Medium,,
SceneComponent,Loot_AmmoBox_Small_01a_Spawner_C,Loot_AmmoBox_Small_01a_Spawner_C_UAID_046874882494A69E02_bd0f96a5981d5c04_1172625173,-41559.086,5150.317,-362.84863,Munitions Crate,50.0,Blueprint,,,Ammo_Medium,,
SceneComponent,Loot_AmmoBox_Small_01a_Spawner_C,Loot_AmmoBox_Small_01a_Spawner_C_UAID_046874882494A69E02_bd0f96a5981d5c04_1172643201,-40191.83,8819.994,-459.80768,Munitions Crate,50.0,Blueprint,,,Ammo_Medium,,
SceneComponent,Loot_AmmoBox_Small_01a_Spawner_C,Loot_AmmoBox_Small_01a_Spawner_C_UAID_046874882494A69E02_bd0f96a5981d5c04_1172661229,-38413.863,10969.117,-723.28815,Munitions Crate,50.0,Blueprint,,,Ammo_Medium,,
SceneComponent,Loot_AmmoBox_Small_01a_Spawner_C,Loot_AmmoBox_Small_01a_Spawner_C_UAID_046874882494A69E02_bd0f96a5981d5c04_1172682257,-44302.758,13224.681,-809.88916,Munitions Crate,50.0,Blueprint,,,Ammo_Medium,,
SceneComponent,Loot_AmmoBox_Small_01a_Spawner_C,Loot_AmmoBox_Small_01a_Spawner_C_UAID_046874882494A69E02_bd0f96a5981d5c04_1172696279,-44915.164,8123.182,-377.41693,Munitions Crate,50.0,Blueprint,,,Ammo_Medium,,
SceneComponent,Loot_AmmoBox_Small_01a_Spawner_C,Loot_AmmoBox_Small_01a_Spawner_C_UAID_046874882494A69E02_bd0f96a5981d5c04_1172775400,-32669.398,12985.91,-162.33919,Munitions Crate,50.0,Blueprint,,,Ammo_Medium,,
SceneComponent,Loot_AmmoBox_Small_01a_Spawner_C,Loot_AmmoBox_Small_01a_Spawner_C_UAID_046874882494A69E02_bd0f96a5981d5c04_1172783413,-39267.082,14293.507,-380.28122,Munitions Crate,50.0,Blueprint,,,Ammo_Medium,,
SceneComponent,Loot_AmmoBox_Small_01a_Spawner_C,Loot_AmmoBox_Small_01a_Spawner_C_UAID_046874882494A69E02_bd0f96a5981d5c04_1172791426,-40566.6,6471.2227,277.95837,Munitions Crate,50.0,Blueprint,,,Ammo_Medium,,
SceneComponent,Loot_AmmoBox_Small_01a_Spawner_C,Loot_AmmoBox_Small_01a_Spawner_C_UAID_046874882494A69E02_bd0f96a5981d5c04_1172798439,-44377.734,11715.635,-170.66777,Munitions Crate,50.0,Blueprint,,,Ammo_Medium,,
SceneComponent,Loot_AmmoBox_Small_01a_Spawner_C,Loot_AmmoBox_Small_01a_Spawner_C_UAID_046874882494AD8D02_c71ad3ef090f6a00_1997914844,-54766.004,34595.57,1739.5629,Munitions Crate,50.0,Blueprint,,,Ammo_Medium,,
SceneComponent,Loot_AmmoBox_Small_01a_Spawner_C,Loot_AmmoBox_Small_01a_Spawner_C_UAID_046874882494CC9502_97971df2a4ca033d_1228719144,-36248.31,-26922.875,8073.8853,Munitions Crate,50.0,Blueprint,,,Ammo_Medium,,
SceneComponent,Loot_AmmoBox_Small_01a_Spawner_C,Loot_AmmoBox_Small_01a_Spawner_C_UAID_046874882494CC9502_97971df2a4ca033d_1244459483,-36119.457,-26327.404,8179.702,Munitions Crate,50.0,Blueprint,,,Ammo_Medium,,
SceneComponent,Loot_AmmoBox_Small_01a_Spawner_C,Loot_AmmoBox_Small_01a_Spawner_C_UAID_046874882494CC9502_97971df2a4ca033d_1244467487,-36119.457,-26327.404,8240.003,Munitions Crate,50.0,Blueprint,,,Ammo_Medium,,
SceneComponent,Loot_AmmoBox_Small_01a_Spawner_C,Loot_AmmoBox_Small_01a_Spawner_C_UAID_046874882494CC9502_97971df2a4ca033d_1258916705,-35881.688,-27144.896,9478.88,Munitions Crate,50.0,Blueprint,,,Ammo_Medium,,
SceneComponent,Loot_AmmoBox_Small_01a_Spawner_C,Loot_AmmoBox_Small_01a_Spawner_C_UAID_046874882494CC9502_97971df2a4ca033d_1258923709,-35881.688,-27144.896,9539.181,Munitions Crate,50.0,Blueprint,,,Ammo_Medium,,
SceneComponent,Loot_AmmoBox_Small_01a_Spawner_C,Loot_AmmoBox_Small_01a_Spawner_C_UAID_046874882494ED9302_e3d28eea39077f84_1732096319,-36299.117,-29400.615,8180.317,Munitions Crate,50.0,Blueprint,,,Ammo_Medium,,
SceneComponent,Loot_AmmoBox_Small_01a_Spawner_C,Loot_AmmoBox_Small_01a_Spawner_C_UAID_046874882494F39502_fa61c736281e8a8a_1306691366,-40440.727,-30298.338,7062.1006,Munitions Crate,50.0,Blueprint,,,Ammo_Medium,,
SceneComponent,Loot_AmmoBox_Small_01a_Spawner_C,Loot_AmmoBox_Small_01a_Spawner_C_UAID_046874882494F89A02_86279adec2ec3b27_1900654983,-14409.462,18122.69,-572.14386,Munitions Crate,50.0,Blueprint,,,Ammo_Medium,,
SceneComponent,Loot_AmmoBox_Small_01a_Spawner_C,Loot_AmmoBox_Small_01a_Spawner_C_UAID_046874882494FE9802_29c4ea76462ed633_1765019451,-33181.01,20993.574,-271.50864,Munitions Crate,50.0,Blueprint,,,Ammo_Medium,,
SceneComponent,Loot_AmmoBox_Small_01a_Spawner_C,Loot_AmmoBox_Small_01a_Spawner_C_UAID_046874882494FE9802_29c4ea76462ed633_1767547559,-28249.877,22081.357,-306.54886,Munitions Crate,50.0,Blueprint,,,Ammo_Medium,,
SceneComponent,Loot_AmmoBox_Small_01a_Spawner_C,Loot_AmmoBox_Small_01a_Spawner_C_UAID_046874882494FE9802_29c4ea76462ed633_1773911718,-27770.744,22101.2,-249.11911,Munitions Crate,50.0,Blueprint,,,Ammo_Medium,,
SceneComponent,Loot_AmmoBox_Small_01a_Spawner_C,Loot_AmmoBox_Small_01a_Spawner_C_UAID_04D9F5F93AD5144502_6329e284061ca9fb_1490179557,-39225.047,-25522.354,8075.2124,Munitions Crate,50.0,Blueprint,,,Ammo_Medium,,
SceneComponent,Loot_AmmoBox_Small_01a_Spawner_C,Loot_AmmoBox_Small_01a_Spawner_C_UAID_04D9F5F93AD5144502_dd9000abe4fb1d99_1490179557,-36186.312,-24964.838,8075.3823,Munitions Crate,50.0,Blueprint,,,Ammo_Medium,,
SceneComponent,Loot_AmmoBox_Small_01a_Spawner_C,Loot_AmmoBox_Small_01a_Spawner_C_UAID_18C04DA8201B437902_1955f5d21cbe47a4_1151883195,20637.064,6413.6846,2425.7224,Munitions Crate,50.0,Blueprint,,,Ammo_Medium,,
SceneComponent,Loot_AmmoBox_Small_01a_Spawner_C,Loot_AmmoBox_Small_01a_Spawner_C_UAID_18C04DA8201B437902_1955f5d21cbe47a4_1440904442,21550.285,6790.785,2413.1406,Munitions Crate,50.0,Blueprint,,,Ammo_Medium,,
SceneComponent,Loot_AmmoBox_Small_01a_Spawner_C,Loot_AmmoBox_Small_01a_Spawner_C_UAID_18C04DA8201B437902_1955f5d21cbe47a4_1441180486,20006.078,1184.1862,716.3748,Munitions Crate,50.0,Blueprint,,,Ammo_Medium,,
SceneComponent,Loot_AmmoBox_Small_01a_Spawner_C,Loot_AmmoBox_Small_01a_Spawner_C_UAID_18C04DA8201B627102_c71ad3ef090f6a00_1896245736,-56087.125,37258.77,1795.8098,Munitions Crate,50.0,Blueprint,,,Ammo_Medium,,
SceneComponent,Loot_AmmoBox_Small_01a_Spawner_C,Loot_AmmoBox_Small_01a_Spawner_C_UAID_18C04DA8201B627102_c71ad3ef090f6a00_1898364799,-52553.28,35730.52,1795.8097,Munitions Crate,50.0,Blueprint,,,Ammo_Medium,,
SceneComponent,Loot_AmmoBox_Small_01a_Spawner_C,Loot_AmmoBox_Small_01a_Spawner_C_UAID_581CF8B723150CBE02_c3245b26535725e1_1575744201,23697.281,-6451.528,969.8559,Munitions Crate,50.0,Blueprint,,,Ammo_Medium,,
SceneComponent,Loot_AmmoBox_Small_01a_Spawner_C,Loot_AmmoBox_Small_01a_Spawner_C_UAID_581CF8B7231528BC02_0af8d68b152618b4_1297999219,25438.44,-8269.015,970.115,Munitions Crate,50.0,Blueprint,,,Ammo_Medium,,
SceneComponent,Loot_AmmoBox_Small_01a_Spawner_C,Loot_AmmoBox_Small_01a_Spawner_C_UAID_581CF8B7231528BC02_0af8d68b152618b4_1301185225,25984.566,-8434.863,970.45526,Munitions Crate,50.0,Blueprint,,,Ammo_Medium,,
SceneComponent,Loot_AmmoBox_Small_01a_Spawner_C,Loot_AmmoBox_Small_01a_Spawner_C_UAID_581CF8B7231529BC02_20e2b082a6cc054c_1406210731,25243.91,-9534.362,1112.9724,Munitions Crate,50.0,Blueprint,,,Ammo_Medium,,
SceneComponent,Loot_AmmoBox_Small_01a_Spawner_C,Loot_AmmoBox_Small_01a_Spawner_C_UAID_581CF8B7231535D802_7b0b2d09dbcdc51c_2024364922,33602.29,-8618.247,-99.07848,Munitions Crate,50.0,Blueprint,,,Ammo_Medium,,
SceneComponent,Loot_AmmoBox_Small_01a_Spawner_C,Loot_AmmoBox_Small_01a_Spawner_C_UAID_581CF8B7231564CF02_0af8d68b152618b4_1625203418,27334.852,-6513.2,1074.0729,Munitions Crate,50.0,Blueprint,,,Ammo_Medium,,
SceneComponent,Loot_AmmoBox_Small_01a_Spawner_C,Loot_AmmoBox_Small_01a_Spawner_C_UAID_581CF8B7231564CF02_0af8d68b152618b4_1625207421,27334.852,-6513.2,1134.3739,Munitions Crate,50.0,Blueprint,,,Ammo_Medium,,
SceneComponent,Loot_AmmoBox_Small_01a_Spawner_C,Loot_AmmoBox_Small_01a_Spawner_C_UAID_581CF8B723156ABE02_20e2b082a6cc054c_1243340166,23448.635,-8225.133,969.8559,Munitions Crate,50.0,Blueprint,,,Ammo_Medium,,
SceneComponent,Loot_AmmoBox_Small_01a_Spawner_C,Loot_AmmoBox_Small_01a_Spawner_C_UAID_581CF8B723156ABE02_20e2b082a6cc054c_1247620254,22699.281,-8286.257,1074.0729,Munitions Crate,50.0,Blueprint,,,Ammo_Medium,,
SceneComponent,Loot_AmmoBox_Small_01a_Spawner_C,Loot_AmmoBox_Small_01a_Spawner_C_UAID_581CF8B723156ABE02_20e2b082a6cc054c_1247623257,22699.281,-8286.257,1134.3739,Munitions Crate,50.0,Blueprint,,,Ammo_Medium,,
SceneComponent,Loot_AmmoBox_Small_01a_Spawner_C,Loot_AmmoBox_Small_01a_Spawner_C_UAID_581CF8B72315784E02_fa61c736281e8a8a_1871946588,-38442.22,-24951.037,7260.605,Munitions Crate,50.0,Blueprint,,,Ammo_Medium,,
SceneComponent,Loot_AmmoBox_Small_01a_Spawner_C,Loot_AmmoBox_Small_01a_Spawner_C_UAID_581CF8B72315804E02_bbbfac29b2972afa_1407828015,-39050.75,-24773.152,8181.7915,Munitions Crate,50.0,Blueprint,,,Ammo_Medium,,
SceneComponent,Loot_AmmoBox_Small_01a_Spawner_C,Loot_AmmoBox_Small_01a_Spawner_C_UAID_581CF8B723158C4E02_a1c6106b44427985_1585944468,-23995.584,-6068.353,1777.8893,Munitions Crate,50.0,Blueprint,,,Ammo_Medium,,
SceneComponent,Loot_AmmoBox_Small_01a_Spawner_C,Loot_AmmoBox_Small_01a_Spawner_C_UAID_581CF8B7231599D602_0ee7a365402e2b65_1728236551,34211.883,-13512.134,-100.226875,Munitions Crate,50.0,Blueprint,,,Ammo_Medium,,
SceneComponent,Loot_AmmoBox_Small_01a_Spawner_C,Loot_AmmoBox_Small_01a_Spawner_C_UAID_581CF8B72315C05A02_c71ad3ef090f6a00_1988188408,-54765.65,33709.277,1791.5092,Munitions Crate,50.0,Blueprint,,,Ammo_Medium,,
SceneComponent,Loot_AmmoBox_Small_01a_Spawner_C,Loot_AmmoBox_Small_01a_Spawner_C_UAID_581CF8B72315DCD602_79f9a36b537b5426_1471501000,34650.875,-16481.455,-51.020042,Munitions Crate,50.0,Blueprint,,,Ammo_Medium,,
SceneComponent,Loot_AmmoBox_Small_01a_Spawner_C,Loot_AmmoBox_Small_01a_Spawner_C_UAID_581CF8B72315DED602_09b253a8aea41573_1900224382,34576.5,-17023.469,64.3574,Munitions Crate,50.0,Blueprint,,,Ammo_Medium,,
SceneComponent,Loot_AmmoBox_Small_01a_Spawner_C,Loot_AmmoBox_Small_01a_Spawner_C_UAID_581CF8B72315E0D602_5a5767cc339294e0_1762310638,40139.56,-12310.786,78.16123,Munitions Crate,50.0,Blueprint,,,Ammo_Medium,,
SceneComponent,Loot_AmmoBox_Small_01a_Spawner_C,Loot_AmmoBox_Small_01a_Spawner_C_UAID_581CF8B72315E0D602_5a5767cc339294e0_1762313641,40139.56,-12310.786,138.46234,Munitions Crate,50.0,Blueprint,,,Ammo_Medium,,
SceneComponent,Loot_AmmoBox_Small_01a_Spawner_C,Loot_AmmoBox_Small_01a_Spawner_C_UAID_581CF8B72315E0D602_fa7bcc8dea0c77fa_1762310638,38704.094,-17436.984,78.16123,Munitions Crate,50.0,Blueprint,,,Ammo_Medium,,
SceneComponent,Loot_AmmoBox_Small_01a_Spawner_C,Loot_AmmoBox_Small_01a_Spawner_C_UAID_581CF8B72315E0D602_fa7bcc8dea0c77fa_1762313641,38704.094,-17436.984,138.46234,Munitions Crate,50.0,Blueprint,,,Ammo_Medium,,
SceneComponent,Loot_AmmoBox_Small_01a_Spawner_C,Loot_AmmoBox_Small_01a_Spawner_C_afe4a3bbeb7c2068_5,3133.6255,-12027.4375,1789.6711,Munitions Crate,50.0,Blueprint,,,Ammo_Medium,,
SceneComponent,Loot_AmmoBox_Small_01a_Spawner_C,Loot_AmmoBox_Small_01a_Spawner_C_afe4a3bbeb7c2068_6,4075.6443,-11060.112,1427.7432,Munitions Crate,50.0,Blueprint,,,Ammo_Medium,,
SceneComponent,Loot_AmmoBox_Small_01a_Spawner_C,Loot_AmmoBox_Small_01a_Spawner_C_afe4a3bbeb7c2068_7,4378.187,-12279.139,1077.7866,Munitions Crate,50.0,Blueprint,,,Ammo_Medium,,
SceneComponent,Loot_AmmoBox_Small_01a_Spawner_C,UNP_Loot_AmmoBox_Small_01a1_34103052c501f18e_1,11077.336,18802.45,977.52496,Munitions Crate,50.0,Blueprint,,,Ammo_Medium,,
SceneComponent,Loot_AmmoBox_Small_01a_Spawner_C,UNP_Loot_AmmoBox_Small_01a1_UAID_0468748824949AD502_6bf7ed90f87edc78_2008558946,-7218.5845,-16703.234,4170.068,Munitions Crate,50.0,Blueprint,,,Ammo_Medium,,
SceneComponent,Loot_AmmoBox_Small_01a_Spawner_C,UNP_Loot_AmmoBox_Small_01a1_UAID_0468748824949AD502_6bf7ed90f87edc78_2024529147,-7763.0386,-16944.172,480.24362,Munitions Crate,50.0,Blueprint,,,Ammo_Medium,,
SceneComponent,Loot_AmmoBox_Small_01a_Spawner_C,UNP_Loot_AmmoBox_Small_01a1_UAID_0468748824949AD502_6bf7ed90f87edc78_2037822393,-7361.347,-16555.7,2900.3096,Munitions Crate,50.0,Blueprint,,,Ammo_Medium,,
SceneComponent,Loot_AmmoBox_Small_01a_Spawner_C,UNP_Loot_AmmoBox_Small_01a1_UAID_046874882494CC9502_97971df2a4ca033d_1238480330,-35963.914,-26236.803,8176.9097,Munitions Crate,50.0,Blueprint,,,Ammo_Medium,,
SceneComponent,Loot_AmmoBox_Small_01a_Spawner_C,UNP_Loot_AmmoBox_Small_01a1_UAID_046874882494CC9502_97971df2a4ca033d_1243897461,-36129.7,-27073.525,9478.563,Munitions Crate,50.0,Blueprint,,,Ammo_Medium,,
SceneComponent,Loot_AmmoBox_Small_01a_Spawner_C,UNP_Loot_AmmoBox_Small_01a1_UAID_046874882494EC9302_bbbfac29b2972afa_1193558697,-38834.16,-24265.674,8244.967,Munitions Crate,50.0,Blueprint,,,Ammo_Medium,,
SceneComponent,Loot_AmmoBox_Small_01a_Spawner_C,UNP_Loot_AmmoBox_Small_01a1_UAID_581CF8B723154ED602_a9a338b10a444bbb_1289244000,30553.512,-13957.144,1.7683668,Munitions Crate,50.0,Blueprint,,,Ammo_Medium,,
SceneComponent,Loot_AmmoBox_Small_01a_Spawner_C,UNP_Loot_AmmoBox_Small_01a2_1947b8c8b8ca91d9_0,21302.438,-7569.678,1338.9987,Munitions Crate,50.0,Blueprint,,,Ammo_Medium,,
SceneComponent,Loot_AmmoBox_Small_01a_Spawner_C,UNP_Loot_AmmoBox_Small_01a2_643191a2278730e7_0,22323.014,-4374.2324,733.48236,Munitions Crate,50.0,Blueprint,,,Ammo_Medium,,
SceneComponent,Loot_AmmoBox_Small_01a_Spawner_C,UNP_Loot_AmmoBox_Small_01a2_UAID_0468748824944E8902_1c556f47455d4841_1224350401,-3930.111,1380.9254,-399.11896,Munitions Crate,50.0,Blueprint,,,Ammo_Medium,,
SceneComponent,Loot_AmmoBox_Small_01a_Spawner_C,UNP_Loot_AmmoBox_Small_01a2_UAID_0468748824944E8902_1c556f47455d4841_1224575410,-2454.171,1329.376,-398.99725,Munitions Crate,50.0,Blueprint,,,Ammo_Medium,,
SceneComponent,Loot_AmmoBox_Small_01a_Spawner_C,UNP_Loot_AmmoBox_Small_01a2_UAID_046874882494619802_126232618081b8ee_1316443283,-26408.844,-9773.491,1949.4833,Munitions Crate,50.0,Blueprint,,,Ammo_Medium,,
SceneComponent,Loot_AmmoBox_Small_01a_Spawner_C,UNP_Loot_AmmoBox_Small_01a2_UAID_046874882494ED9302_665a04c56e1f24ee_2137286545,-35278.016,-25048.758,8306.17,Munitions Crate,50.0,Blueprint,,,Ammo_Medium,,
SceneComponent,Loot_AmmoBox_Small_01a_Spawner_C,UNP_Loot_AmmoBox_Small_01a2_UAID_046874882494ED9302_e3d28eea39077f84_1733100335,-36509.008,-28837.203,8303.855,Munitions Crate,50.0,Blueprint,,,Ammo_Medium,,
SceneComponent,Loot_AmmoBox_Small_01a_Spawner_C,UNP_Loot_AmmoBox_Small_01a2_UAID_046874882494F89A02_86279adec2ec3b27_1909018264,-16282.761,18434.36,351.5506,Munitions Crate,50.0,Blueprint,,,Ammo_Medium,,
SceneComponent,Loot_AmmoBox_Small_01a_Spawner_C,UNP_Loot_AmmoBox_Small_01a2_UAID_18C04DA8201B327902_39c53a56517c239f_2128310253,14512.723,13427.726,1739.083,Munitions Crate,50.0,Blueprint,,,Ammo_Medium,,
SceneComponent,Loot_AmmoBox_Small_01a_Spawner_C,UNP_Loot_AmmoBox_Small_01a2_UAID_18C04DA8201B327902_3e62a173f235e900_2128310253,21607.05,-21910.068,2298.9312,Munitions Crate,50.0,Blueprint,,,Ammo_Medium,,
SceneComponent,Loot_AmmoBox_Small_01a_Spawner_C,UNP_Loot_AmmoBox_Small_01a2_UAID_18C04DA8201B327902_6c4c20721545df36_2128310253,-30544.715,-45358.617,5410.0796,Munitions Crate,50.0,Blueprint,,,Ammo_Medium,,
SceneComponent,Loot_AmmoBox_Small_01a_Spawner_C,UNP_Loot_AmmoBox_Small_01a2_UAID_18C04DA8201B327902_a1b8e9568afcd202_2128310253,-57608.28,-19447.934,6609.8853,Munitions Crate,50.0,Blueprint,,,Ammo_Medium,,
SceneComponent,Loot_AmmoBox_Small_01a_Spawner_C,UNP_Loot_AmmoBox_Small_01a2_UAID_18C04DA8201B327902_b48abfd6dd8426a8_2128310253,-24374.451,30240.691,1095.9557,Munitions Crate,50.0,Blueprint,,,Ammo_Medium,,
SceneComponent,Loot_AmmoBox_Small_01a_Spawner_C,UNP_Loot_AmmoBox_Small_01a2_UAID_581CF8B7231579BD02_2d71cfae02a1eb4f_1792027297,21302.438,-7569.678,1338.9987,Munitions Crate,50.0,Blueprint,,,Ammo_Medium,,
SceneComponent,Loot_AmmoBox_Small_01a_Spawner_C,UNP_Loot_AmmoBox_Small_01a2_UAID_581CF8B72315E4D602_d52d91af14afa8f4_2103226829,42067.586,-11609.889,137.18536,Munitions Crate,50.0,Blueprint,,,Ammo_Medium,,
SceneComponent,Loot_AmmoBox_Small_01a_Spawner_C,UNP_Loot_AmmoBox_Small_01a3_32787930e307ffa0_0,31969.146,-3794.3982,730.21515,Munitions Crate,50.0,Blueprint,,,Ammo_Medium,,
SceneComponent,Loot_AmmoBox_Small_01a_Spawner_C,UNP_Loot_AmmoBox_Small_01a3_643191a2278730e7_0,24814.879,-4107.119,1132.654,Munitions Crate,50.0,Blueprint,,,Ammo_Medium,,
SceneComponent,Loot_AmmoBox_Small_01a_Spawner_C,UNP_Loot_AmmoBox_Small_01a3_UAID_0468748824944E8902_1c556f47455d4841_1223870377,-2976.4841,2621.5718,90.44853,Munitions Crate,50.0,Blueprint,,,Ammo_Medium,,
SceneComponent,Loot_AmmoBox_Small_01a_Spawner_C,UNP_Loot_AmmoBox_Small_01a3_UAID_046874882494609802_170009526a2c1544_1813986096,-27681.568,-3968.49,1920.9733,Munitions Crate,50.0,Blueprint,,,Ammo_Medium,,
SceneComponent,Loot_AmmoBox_Small_01a_Spawner_C,UNP_Loot_AmmoBox_Small_01a3_UAID_046874882494609802_170009526a2c1544_1814168104,-28532.248,-4386.942,2420.3708,Munitions Crate,50.0,Blueprint,,,Ammo_Medium,,
SceneComponent,Loot_AmmoBox_Small_01a_Spawner_C,UNP_Loot_AmmoBox_Small_01a3_UAID_046874882494789602_25c38f96bd642657_2058998937,-26016.893,-7907.55,1932.5999,Munitions Crate,50.0,Blueprint,,,Ammo_Medium,,
SceneComponent,Loot_AmmoBox_Small_01a_Spawner_C,UNP_Loot_AmmoBox_Small_01a3_UAID_046874882494789602_613646c311d01d8e_2058998937,-28394.674,-11301.128,1935.8259,Munitions Crate,50.0,Blueprint,,,Ammo_Medium,,
SceneComponent,Loot_AmmoBox_Small_01a_Spawner_C,UNP_Loot_AmmoBox_Small_01a3_UAID_046874882494859A02_367755be1ccb9d60_1585101338,-28747.785,-9535.958,1920.2441,Munitions Crate,50.0,Blueprint,,,Ammo_Medium,,
SceneComponent,Loot_AmmoBox_Small_01a_Spawner_C,UNP_Loot_AmmoBox_Small_01a3_UAID_0468748824949AD502_6bf7ed90f87edc78_2010203979,-7872.2144,-15878.526,3609.8816,Munitions Crate,50.0,Blueprint,,,Ammo_Medium,,
SceneComponent,Loot_AmmoBox_Small_01a_Spawner_C,UNP_Loot_AmmoBox_Small_01a3_UAID_0468748824949AD502_6bf7ed90f87edc78_2010467986,-7364.7607,-15968.478,2955.285,Munitions Crate,50.0,Blueprint,,,Ammo_Medium,,
SceneComponent,Loot_AmmoBox_Small_01a_Spawner_C,UNP_Loot_AmmoBox_Small_01a3_UAID_0468748824949AD502_6bf7ed90f87edc78_2010731993,-7821.118,-16047.148,2059.5784,Munitions Crate,50.0,Blueprint,,,Ammo_Medium,,
SceneComponent,Loot_AmmoBox_Small_01a_Spawner_C,UNP_Loot_AmmoBox_Small_01a3_UAID_046874882494DB9A02_a595927790dec5fd_2084636116,-48260.91,-7683.9014,3606.3157,Munitions Crate,50.0,Blueprint,,,Ammo_Medium,,
SceneComponent,Loot_AmmoBox_Small_01a_Spawner_C,UNP_Loot_AmmoBox_Small_01a3_UAID_046874882494F89A02_86279adec2ec3b27_1909253279,-13976.826,18227.19,-447.75705,Munitions Crate,50.0,Blueprint,,,Ammo_Medium,,
SceneComponent,Loot_AmmoBox_Small_01a_Spawner_C,UNP_Loot_AmmoBox_Small_01a3_UAID_046874882494F89A02_86279adec2ec3b27_1910853374,-13936.731,18220.045,730.86664,Munitions Crate,50.0,Blueprint,,,Ammo_Medium,,
SceneComponent,Loot_AmmoBox_Small_01a_Spawner_C,UNP_Loot_AmmoBox_Small_01a3_UAID_581CF8B723156ABE02_20e2b082a6cc054c_1247396243,22910.299,-7726.845,1134.7947,Munitions Crate,50.0,Blueprint,,,Ammo_Medium,,
SceneComponent,Loot_AmmoBox_Small_01a_Spawner_C,UNP_Loot_AmmoBox_Small_01a3_UAID_581CF8B72315E4D602_d52d91af14afa8f4_2103553837,41622.805,-12204.579,136.93864,Munitions Crate,50.0,Blueprint,,,Ammo_Medium,,
SceneComponent,Loot_AmmoBox_Small_01a_Spawner_C,UNP_Loot_AmmoBox_Small_01a3_UAID_581CF8B72315E5D602_73b7a2b36244c8f2_2070177021,37665.918,-17793.688,137.45474,Munitions Crate,50.0,Blueprint,,,Ammo_Medium,,
SceneComponent,Loot_AmmoBox_Small_01a_Spawner_C,UNP_Loot_AmmoBox_Small_01a_0bbdd86c1f74f9f6_0,-19167.174,-18807.525,1728.3761,Munitions Crate,50.0,Blueprint,,,Ammo_Medium,,
SceneComponent,Loot_AmmoBox_Small_01a_Spawner_C,UNP_Loot_AmmoBox_Small_01a_1a066d1603c3c3ce_0,-50415.875,-975.44916,2194.3662,Munitions Crate,50.0,Blueprint,,,Ammo_Medium,,
SceneComponent,Loot_AmmoBox_Small_01a_Spawner_C,UNP_Loot_AmmoBox_Small_01a_2170cdfd9fa2d11e_0,4999.996,-13856.972,1466.0435,Munitions Crate,50.0,Blueprint,,,Ammo_Medium,,
SceneComponent,Loot_AmmoBox_Small_01a_Spawner_C,UNP_Loot_AmmoBox_Small_01a_34103052c501f18e_0,11505.198,18034.7,727.8298,Munitions Crate,50.0,Blueprint,,,Ammo_Medium,,
SceneComponent,Loot_AmmoBox_Small_01a_Spawner_C,UNP_Loot_AmmoBox_Small_01a_3858b8bd8afdc603_0,-96.88607,-15522.914,1459.3378,Munitions Crate,50.0,Blueprint,,,Ammo_Medium,,
SceneComponent,Loot_AmmoBox_Small_01a_Spawner_C,UNP_Loot_AmmoBox_Small_01a_42d78db327e96f8c_0,-70964.336,-6950.3394,2436.4485,Munitions Crate,50.0,Blueprint,,,Ammo_Medium,,
SceneComponent,Loot_AmmoBox_Small_01a_Spawner_C,UNP_Loot_AmmoBox_Small_01a_42e60c0f2dfe0fa8_0,-13225.429,-11758.217,1240.0537,Munitions Crate,50.0,Blueprint,,,Ammo_Medium,,
SceneComponent,Loot_AmmoBox_Small_01a_Spawner_C,UNP_Loot_AmmoBox_Small_01a_4821f95404c7d53b_0,-11807.783,-38818.195,953.162,Munitions Crate,50.0,Blueprint,,,Ammo_Medium,,
SceneComponent,Loot_AmmoBox_Small_01a_Spawner_C,UNP_Loot_AmmoBox_Small_01a_4f36605deaaf1c91_0,-6409.529,18105.15,-162.24054,Munitions Crate,50.0,Blueprint,,,Ammo_Medium,,
SceneComponent,Loot_AmmoBox_Small_01a_Spawner_C,UNP_Loot_AmmoBox_Small_01a_5cd45a4e3089d131_0,-29502.43,-6851.769,1882.711,Munitions Crate,50.0,Blueprint,,,Ammo_Medium,,
SceneComponent,Loot_AmmoBox_Small_01a_Spawner_C,UNP_Loot_AmmoBox_Small_01a_6984ed3ba0e8bf47_0,12863.442,-14796.078,1973.8005,Munitions Crate,50.0,Blueprint,,,Ammo_Medium,,
SceneComponent,Loot_AmmoBox_Small_01a_Spawner_C,UNP_Loot_AmmoBox_Small_01a_6bf7ed90f87edc78_5,-7617.55,-16223.872,4105.106,Munitions Crate,50.0,Blueprint,,,Ammo_Medium,,
SceneComponent,Loot_AmmoBox_Small_01a_Spawner_C,UNP_Loot_AmmoBox_Small_01a_7144dd4566ea6a39_0,1959.1245,-14458.069,1591.0604,Munitions Crate,50.0,Blueprint,,,Ammo_Medium,,
SceneComponent,Loot_AmmoBox_Small_01a_Spawner_C,UNP_Loot_AmmoBox_Small_01a_75f3a4009a10f01e_0,-25796.582,-29589.342,3377.5278,Munitions Crate,50.0,Blueprint,,,Ammo_Medium,,
SceneComponent,Loot_AmmoBox_Small_01a_Spawner_C,UNP_Loot_AmmoBox_Small_01a_86279adec2ec3b27_1,-15534.001,18168.766,566.7115,Munitions Crate,50.0,Blueprint,,,Ammo_Medium,,
SceneComponent,Loot_AmmoBox_Small_01a_Spawner_C,UNP_Loot_AmmoBox_Small_01a_87c0ce147dff72ca_0,-53109.754,-4121.215,2647.1558,Munitions Crate,50.0,Blueprint,,,Ammo_Medium,,
SceneComponent,Loot_AmmoBox_Small_01a_Spawner_C,UNP_Loot_AmmoBox_Small_01a_90429aff829b7e94_0,2596.9802,-10595.51,1554.2386,Munitions Crate,50.0,Blueprint,,,Ammo_Medium,,
SceneComponent,Loot_AmmoBox_Small_01a_Spawner_C,UNP_Loot_AmmoBox_Small_01a_9506192cb482b59b_0,-14106.611,-21327.64,1360.1433,Munitions Crate,50.0,Blueprint,,,Ammo_Medium,,
SceneComponent,Loot_AmmoBox_Small_01a_Spawner_C,UNP_Loot_AmmoBox_Small_01a_9bfccb814f58d3be_0,-8657.415,-41608.715,941.5206,Munitions Crate,50.0,Blueprint,,,Ammo_Medium,,
SceneComponent,Loot_AmmoBox_Small_01a_Spawner_C,UNP_Loot_AmmoBox_Small_01a_Spawner1_UAID_046874882494359A02_afe4a3bbeb7c2068_1286692067,2721.248,-12726.8125,1034.3047,Munitions Crate,50.0,Blueprint,,,Ammo_Medium,,
SceneComponent,Loot_AmmoBox_Small_01a_Spawner_C,UNP_Loot_AmmoBox_Small_01a_Spawner1_UAID_0468748824944E8902_1c556f47455d4841_1243626108,-2820.4285,2475.7825,521.478,Munitions Crate,50.0,Blueprint,,,Ammo_Medium,,
SceneComponent,Loot_AmmoBox_Small_01a_Spawner_C,UNP_Loot_AmmoBox_Small_01a_Spawner1_UAID_046874882494977D02_f5f3745e62dd497c_1270416766,-65199.953,-3082.9355,1888.8524,Munitions Crate,50.0,Blueprint,,,Ammo_Medium,,
SceneComponent,Loot_AmmoBox_Small_01a_Spawner_C,UNP_Loot_AmmoBox_Small_01a_Spawner1_UAID_046874882494F39502_fa61c736281e8a8a_1309455598,-38013.65,-31274.922,7549.3003,Munitions Crate,50.0,Blueprint,,,Ammo_Medium,,
SceneComponent,Loot_AmmoBox_Small_01a_Spawner_C,UNP_Loot_AmmoBox_Small_01a_Spawner1_UAID_046874882494F89A02_86279adec2ec3b27_1911206395,-14516.1875,17962.719,285.60495,Munitions Crate,50.0,Blueprint,,,Ammo_Medium,,
SceneComponent,Loot_AmmoBox_Small_01a_Spawner_C,UNP_Loot_AmmoBox_Small_01a_Spawner1_UAID_046874882494FE9802_29c4ea76462ed633_1775109785,-28656.059,19527.188,240.27237,Munitions Crate,50.0,Blueprint,,,Ammo_Medium,,
SceneComponent,Loot_AmmoBox_Small_01a_Spawner_C,UNP_Loot_AmmoBox_Small_01a_Spawner1_f5f3745e62dd497c_3,-65507.027,-1844.1375,1729.9331,Munitions Crate,50.0,Blueprint,,,Ammo_Medium,,
SceneComponent,Loot_AmmoBox_Small_01a_Spawner_C,UNP_Loot_AmmoBox_Small_01a_Spawner2_f5f3745e62dd497c_4,-66677.78,-1843.0677,1717.6804,Munitions Crate,50.0,Blueprint,,,Ammo_Medium,,
SceneComponent,Loot_AmmoBox_Small_01a_Spawner_C,UNP_Loot_AmmoBox_Small_01a_Spawner3_f5f3745e62dd497c_5,-67130.484,-2980.5845,1717.1622,Munitions Crate,50.0,Blueprint,,,Ammo_Medium,,
SceneComponent,Loot_AmmoBox_Small_01a_Spawner_C,UNP_Loot_AmmoBox_Small_01a_Spawner_14c2f7d024ec740e_1,-12231.096,22794.2,-252.74739,Munitions Crate,50.0,Blueprint,,,Ammo_Medium,,
SceneComponent,Loot_AmmoBox_Small_01a_Spawner_C,UNP_Loot_AmmoBox_Small_01a_Spawner_2d71cfae02a1eb4f_1,21232.863,-6779.3315,1283.6569,Munitions Crate,50.0,Blueprint,,,Ammo_Medium,,
SceneComponent,Loot_AmmoBox_Small_01a_Spawner_C,UNP_Loot_AmmoBox_Small_01a_Spawner_32787930e307ffa0_0,32397.965,-5070.1616,683.2012,Munitions Crate,50.0,Blueprint,,,Ammo_Medium,,
SceneComponent,Loot_AmmoBox_Small_01a_Spawner_C,UNP_Loot_AmmoBox_Small_01a_Spawner_32787930e307ffa0_1,31431.873,-4192.866,565.1572,Munitions Crate,50.0,Blueprint,,,Ammo_Medium,,
SceneComponent,Loot_AmmoBox_Small_01a_Spawner_C,UNP_Loot_AmmoBox_Small_01a_Spawner_643191a2278730e7_0,22335.5,-4393.434,846.7263,Munitions Crate,50.0,Blueprint,,,Ammo_Medium,,
SceneComponent,Loot_AmmoBox_Small_01a_Spawner_C,UNP_Loot_AmmoBox_Small_01a_Spawner_643191a2278730e7_1,24277.605,-4505.587,967.5962,Munitions Crate,50.0,Blueprint,,,Ammo_Medium,,
SceneComponent,Loot_AmmoBox_Small_01a_Spawner_C,UNP_Loot_AmmoBox_Small_01a_Spawner_6aa29054035e3474_0,26491.023,-11652.897,682.03815,Munitions Crate,50.0,Blueprint,,,Ammo_Medium,,
SceneComponent,Loot_AmmoBox_Small_01a_Spawner_C,UNP_Loot_AmmoBox_Small_01a_Spawner_6aa29054035e3474_1,23452.162,-11570.079,771.1443,Munitions Crate,50.0,Blueprint,,,Ammo_Medium,,
SceneComponent,Loot_AmmoBox_Small_01a_Spawner_C,UNP_Loot_AmmoBox_Small_01a_Spawner_73b7a2b36244c8f2_1,37096.152,-17677.08,13.079632,Munitions Crate,50.0,Blueprint,,,Ammo_Medium,,
SceneComponent,Loot_AmmoBox_Small_01a_Spawner_C,UNP_Loot_AmmoBox_Small_01a_Spawner_UAID_046874882494359A02_afe4a3bbeb7c2068_1286696069,2695.638,-12669.346,1034.3047,Munitions Crate,50.0,Blueprint,,,Ammo_Medium,,
SceneComponent,Loot_AmmoBox_Small_01a_Spawner_C,UNP_Loot_AmmoBox_Small_01a_Spawner_UAID_0468748824944E8902_1c556f47455d4841_1243630110,-2757.6458,2479.851,521.47034,Munitions Crate,50.0,Blueprint,,,Ammo_Medium,,
SceneComponent,Loot_AmmoBox_Small_01a_Spawner_C,UNP_Loot_AmmoBox_Small_01a_Spawner_UAID_046874882494977D02_f5f3745e62dd497c_1270421769,-65865.67,-3622.8472,1889.5027,Munitions Crate,50.0,Blueprint,,,Ammo_Medium,,
SceneComponent,Loot_AmmoBox_Small_01a_Spawner_C,UNP_Loot_AmmoBox_Small_01a_Spawner_UAID_046874882494AD8D02_c71ad3ef090f6a00_2000355998,-53840.39,36870.04,1893.5194,Munitions Crate,50.0,Blueprint,,,Ammo_Medium,,
SceneComponent,Loot_AmmoBox_Small_01a_Spawner_C,UNP_Loot_AmmoBox_Small_01a_Spawner_UAID_046874882494AD8D02_c71ad3ef090f6a00_2001250056,-54550.637,33608.523,1897.0684,Munitions Crate,50.0,Blueprint,,,Ammo_Medium,,
SceneComponent,Loot_AmmoBox_Small_01a_Spawner_C,UNP_Loot_AmmoBox_Small_01a_Spawner_UAID_046874882494B49C02_d40d86cadf850e91_1893605120,-50325.96,-30748.826,6944.0825,Munitions Crate,50.0,Blueprint,,,Ammo_Medium,,
SceneComponent,Loot_AmmoBox_Small_01a_Spawner_C,UNP_Loot_AmmoBox_Small_01a_Spawner_UAID_046874882494F39502_fa61c736281e8a8a_1309452596,-37988.35,-31184.615,6997.345,Munitions Crate,50.0,Blueprint,,,Ammo_Medium,,
SceneComponent,Loot_AmmoBox_Small_01a_Spawner_C,UNP_Loot_AmmoBox_Small_01a_Spawner_UAID_046874882494F39502_fa61c736281e8a8a_1311908743,-40614.297,-28528.742,7006.5776,Munitions Crate,50.0,Blueprint,,,Ammo_Medium,,
SceneComponent,Loot_AmmoBox_Small_01a_Spawner_C,UNP_Loot_AmmoBox_Small_01a_Spawner_UAID_046874882494F39502_fa61c736281e8a8a_1312420768,-41004.387,-29732.03,7009.8447,Munitions Crate,50.0,Blueprint,,,Ammo_Medium,,
SceneComponent,Loot_AmmoBox_Small_01a_Spawner_C,UNP_Loot_AmmoBox_Small_01a_Spawner_UAID_046874882494F89A02_86279adec2ec3b27_1911209397,-14576.856,17979.379,285.60495,Munitions Crate,50.0,Blueprint,,,Ammo_Medium,,
SceneComponent,Loot_AmmoBox_Small_01a_Spawner_C,UNP_Loot_AmmoBox_Small_01a_Spawner_UAID_046874882494FE9802_29c4ea76462ed633_1743113110,-30974.645,21795.092,-307.56317,Munitions Crate,50.0,Blueprint,,,Ammo_Medium,,
SceneComponent,Loot_AmmoBox_Small_01a_Spawner_C,UNP_Loot_AmmoBox_Small_01a_Spawner_UAID_046874882494FE9802_29c4ea76462ed633_1743360116,-30590.334,21061.605,-308.6571,Munitions Crate,50.0,Blueprint,,,Ammo_Medium,,
SceneComponent,Loot_AmmoBox_Small_01a_Spawner_C,UNP_Loot_AmmoBox_Small_01a_Spawner_UAID_046874882494FE9802_29c4ea76462ed633_1743608122,-30571.5,21936.8,-307.56317,Munitions Crate,50.0,Blueprint,,,Ammo_Medium,,
SceneComponent,Loot_AmmoBox_Small_01a_Spawner_C,UNP_Loot_AmmoBox_Small_01a_Spawner_UAID_046874882494FE9802_29c4ea76462ed633_1743856128,-29719.86,20502.652,-307.56317,Munitions Crate,50.0,Blueprint,,,Ammo_Medium,,
SceneComponent,Loot_AmmoBox_Small_01a_Spawner_C,UNP_Loot_AmmoBox_Small_01a_Spawner_UAID_046874882494FE9802_29c4ea76462ed633_1744098134,-32296.629,21350.912,-307.56317,Munitions Crate,50.0,Blueprint,,,Ammo_Medium,,
SceneComponent,Loot_AmmoBox_Small_01a_Spawner_C,UNP_Loot_AmmoBox_Small_01a_Spawner_UAID_046874882494FE9802_29c4ea76462ed633_1744345140,-31892.084,21488.912,-307.56317,Munitions Crate,50.0,Blueprint,,,Ammo_Medium,,
SceneComponent,Loot_AmmoBox_Small_01a_Spawner_C,UNP_Loot_AmmoBox_Small_01a_Spawner_UAID_046874882494FE9802_29c4ea76462ed633_1775106783,-28739.234,19570.514,-311.68286,Munitions Crate,50.0,Blueprint,,,Ammo_Medium,,
SceneComponent,Loot_AmmoBox_Small_01a_Spawner_C,UNP_Loot_AmmoBox_Small_01a_Spawner_UAID_18C04DA8201B437902_1955f5d21cbe47a4_1437673231,22101.717,6932.1533,2463.036,Munitions Crate,50.0,Blueprint,,,Ammo_Medium,,
SceneComponent,Loot_AmmoBox_Small_01a_Spawner_C,UNP_Loot_AmmoBox_Small_01a_Spawner_UAID_18C04DA8201B437902_1955f5d21cbe47a4_1439690348,23194.959,7069.162,2577.2366,Munitions Crate,50.0,Blueprint,,,Ammo_Medium,,
SceneComponent,Loot_AmmoBox_Small_01a_Spawner_C,UNP_Loot_AmmoBox_Small_01a_Spawner_UAID_581CF8B72315DCD602_79f9a36b537b5426_1471502002,34521.387,-15845.561,62.68929,Munitions Crate,50.0,Blueprint,,,Ammo_Medium,,
SceneComponent,Loot_AmmoBox_Small_01a_Spawner_C,UNP_Loot_AmmoBox_Small_01a_Spawner_UAID_581CF8B72315DED602_09b253a8aea41573_1892096261,36111.367,-15729.413,63.375397,Munitions Crate,50.0,Blueprint,,,Ammo_Medium,,
SceneComponent,Loot_AmmoBox_Small_01a_Spawner_C,UNP_Loot_AmmoBox_Small_01a_Spawner_UAID_D843AE1A93E5292D02_f8967e2fca61fda3_1504959108,-28562.496,35986.953,1317.9377,Munitions Crate,50.0,Blueprint,,,Ammo_Medium,,
SceneComponent,Loot_AmmoBox_Small_01a_Spawner_C,UNP_Loot_AmmoBox_Small_01a_Spawner_b155a0e4697d664a_0,-38141.547,-26468.611,6432.788,Munitions Crate,50.0,Blueprint,,,Ammo_Medium,,
SceneComponent,Loot_AmmoBox_Small_01a_Spawner_C,UNP_Loot_AmmoBox_Small_01a_Spawner_f5f3745e62dd497c_0,-65122.41,456.59854,1751.9865,Munitions Crate,50.0,Blueprint,,,Ammo_Medium,,
SceneComponent,Loot_AmmoBox_Small_01a_Spawner_C,UNP_Loot_AmmoBox_Small_01a_UAID_0468748824943D9B02_b787c659fad3114a_1440763671,11218.68,28439.135,1242.4894,Munitions Crate,50.0,Blueprint,,,Ammo_Medium,,
SceneComponent,Loot_AmmoBox_Small_01a_Spawner_C,UNP_Loot_AmmoBox_Small_01a_UAID_0468748824943F9B02_25a8e10f80183f94_1308679765,-35197.723,36757.94,1725.6957,Munitions Crate,50.0,Blueprint,,,Ammo_Medium,,
SceneComponent,Loot_AmmoBox_Small_01a_Spawner_C,UNP_Loot_AmmoBox_Small_01a_UAID_0468748824943F9B02_25a8e10f80183f94_1308685769,-35152.08,36183.906,1354.303,Munitions Crate,50.0,Blueprint,,,Ammo_Medium,,
SceneComponent,Loot_AmmoBox_Small_01a_Spawner_C,UNP_Loot_AmmoBox_Small_01a_UAID_046874882494459902_f3f59c752bd0a4d9_1433332293,-59126.152,9475.597,474.5726,Munitions Crate,50.0,Blueprint,,,Ammo_Medium,,
SceneComponent,Loot_AmmoBox_Small_01a_Spawner_C,UNP_Loot_AmmoBox_Small_01a_UAID_0468748824944D9B02_925fe67b578e1df0_1448649203,-2020.3826,19051.152,-20.099453,Munitions Crate,50.0,Blueprint,,,Ammo_Medium,,
SceneComponent,Loot_AmmoBox_Small_01a_Spawner_C,UNP_Loot_AmmoBox_Small_01a_UAID_0468748824944D9B02_984f965975ddf80a_1448649203,-57283.695,20637.99,-245.59569,Munitions Crate,50.0,Blueprint,,,Ammo_Medium,,
SceneComponent,Loot_AmmoBox_Small_01a_Spawner_C,UNP_Loot_AmmoBox_Small_01a_UAID_0468748824944E8902_1c556f47455d4841_1225263436,-4312.173,1695.3928,-343.22418,Munitions Crate,50.0,Blueprint,,,Ammo_Medium,,
SceneComponent,Loot_AmmoBox_Small_01a_Spawner_C,UNP_Loot_AmmoBox_Small_01a_UAID_0468748824944E8902_1c556f47455d4841_1225492444,-2614.5386,1356.3005,-342.50443,Munitions Crate,50.0,Blueprint,,,Ammo_Medium,,
SceneComponent,Loot_AmmoBox_Small_01a_Spawner_C,UNP_Loot_AmmoBox_Small_01a_UAID_046874882494619802_126232618081b8ee_1316638296,-26168.13,-10732.842,1656.279,Munitions Crate,50.0,Blueprint,,,Ammo_Medium,,
SceneComponent,Loot_AmmoBox_Small_01a_Spawner_C,UNP_Loot_AmmoBox_Small_01a_UAID_046874882494859A02_367755be1ccb9d60_1585136362,-30179.7,-9074.6455,1977.0575,Munitions Crate,50.0,Blueprint,,,Ammo_Medium,,
SceneComponent,Loot_AmmoBox_Small_01a_Spawner_C,UNP_Loot_AmmoBox_Small_01a_UAID_046874882494859A02_367755be1ccb9d60_1585363511,-29097.484,-9074.886,1824.5598,Munitions Crate,50.0,Blueprint,,,Ammo_Medium,,
SceneComponent,Loot_AmmoBox_Small_01a_Spawner_C,UNP_Loot_AmmoBox_Small_01a_UAID_046874882494859A02_367755be1ccb9d60_1585554628,-28559.395,-9520.466,1978.8545,Munitions Crate,50.0,Blueprint,,,Ammo_Medium,,
SceneComponent,Loot_AmmoBox_Small_01a_Spawner_C,UNP_Loot_AmmoBox_Small_01a_UAID_0468748824949AD502_6bf7ed90f87edc78_2008563951,-7302.5435,-16723.535,4170.068,Munitions Crate,50.0,Blueprint,,,Ammo_Medium,,
SceneComponent,Loot_AmmoBox_Small_01a_Spawner_C,UNP_Loot_AmmoBox_Small_01a_UAID_0468748824949AD502_6bf7ed90f87edc78_2024534152,-7846.8794,-16964.953,480.24362,Munitions Crate,50.0,Blueprint,,,Ammo_Medium,,
SceneComponent,Loot_AmmoBox_Small_01a_Spawner_C,UNP_Loot_AmmoBox_Small_01a_UAID_0468748824949AD502_6bf7ed90f87edc78_2024813164,-7186.0776,-16353.153,479.78275,Munitions Crate,50.0,Blueprint,,,Ammo_Medium,,
SceneComponent,Loot_AmmoBox_Small_01a_Spawner_C,UNP_Loot_AmmoBox_Small_01a_UAID_0468748824949AD502_6bf7ed90f87edc78_2025631192,-7997.0664,-16523.234,480.2436,Munitions Crate,50.0,Blueprint,,,Ammo_Medium,,
SceneComponent,Loot_AmmoBox_Small_01a_Spawner_C,UNP_Loot_AmmoBox_Small_01a_UAID_0468748824949AD502_6bf7ed90f87edc78_2037827398,-7340.173,-16639.443,2900.3096,Munitions Crate,50.0,Blueprint,,,Ammo_Medium,,
SceneComponent,Loot_AmmoBox_Small_01a_Spawner_C,UNP_Loot_AmmoBox_Small_01a_UAID_046874882494CC9502_97971df2a4ca033d_1238495336,-35881.387,-26262.303,8176.9097,Munitions Crate,50.0,Blueprint,,,Ammo_Medium,,
SceneComponent,Loot_AmmoBox_Small_01a_Spawner_C,UNP_Loot_AmmoBox_Small_01a_UAID_046874882494CC9502_97971df2a4ca033d_1243911467,-36211.535,-27045.875,9478.563,Munitions Crate,50.0,Blueprint,,,Ammo_Medium,,
SceneComponent,Loot_AmmoBox_Small_01a_Spawner_C,UNP_Loot_AmmoBox_Small_01a_UAID_046874882494CC9502_97971df2a4ca033d_1244455481,-36222.406,-26663.545,8179.4585,Munitions Crate,50.0,Blueprint,,,Ammo_Medium,,
SceneComponent,Loot_AmmoBox_Small_01a_Spawner_C,UNP_Loot_AmmoBox_Small_01a_UAID_046874882494CC9502_97971df2a4ca033d_1258912703,-35551.207,-27264.775,9478.636,Munitions Crate,50.0,Blueprint,,,Ammo_Medium,,
SceneComponent,Loot_AmmoBox_Small_01a_Spawner_C,UNP_Loot_AmmoBox_Small_01a_UAID_046874882494DD9A02_1bef1ea065e33b47_1606013730,-48502.79,-7926.082,3031.1284,Munitions Crate,50.0,Blueprint,,,Ammo_Medium,,
SceneComponent,Loot_AmmoBox_Small_01a_Spawner_C,UNP_Loot_AmmoBox_Small_01a_UAID_046874882494EC9302_bbbfac29b2972afa_1193569703,-38751.676,-24291.312,8244.967,Munitions Crate,50.0,Blueprint,,,Ammo_Medium,,
SceneComponent,Loot_AmmoBox_Small_01a_Spawner_C,UNP_Loot_AmmoBox_Small_01a_UAID_581CF8B723154ED602_a9a338b10a444bbb_1289249005,30504.254,-14028.101,1.7683659,Munitions Crate,50.0,Blueprint,,,Ammo_Medium,,
SceneComponent,Loot_AmmoBox_Small_01a_Spawner_C,UNP_Loot_AmmoBox_Small_01a_UAID_581CF8B7231564CF02_0af8d68b152618b4_1625199416,27534.756,-6224.016,1073.829,Munitions Crate,50.0,Blueprint,,,Ammo_Medium,,
SceneComponent,Loot_AmmoBox_Small_01a_Spawner_C,UNP_Loot_AmmoBox_Small_01a_UAID_581CF8B723156ABE02_20e2b082a6cc054c_1247617252,22988.465,-8486.161,1073.829,Munitions Crate,50.0,Blueprint,,,Ammo_Medium,,
SceneComponent,Loot_AmmoBox_Small_01a_Spawner_C,UNP_Loot_AmmoBox_Small_01a_UAID_581CF8B72315E0D602_5a5767cc339294e0_1762308636,39939.652,-12599.97,77.91743,Munitions Crate,50.0,Blueprint,,,Ammo_Medium,,
SceneComponent,Loot_AmmoBox_Small_01a_Spawner_C,UNP_Loot_AmmoBox_Small_01a_UAID_581CF8B72315E0D602_fa7bcc8dea0c77fa_1762308636,38904.0,-17147.8,77.91743,Munitions Crate,50.0,Blueprint,,,Ammo_Medium,,
SceneComponent,Loot_AmmoBox_Small_01a_Spawner_C,UNP_Loot_AmmoBox_Small_01a_b787c659fad3114a_1,10973.458,29016.1,965.8889,Munitions Crate,50.0,Blueprint,,,Ammo_Medium,,
SceneComponent,Loot_AmmoBox_Small_01a_Spawner_C,UNP_Loot_AmmoBox_Small_01a_b9610582adffd9e1_0,-54146.598,-4885.377,2484.7185,Munitions Crate,50.0,Blueprint,,,Ammo_Medium,,
SceneComponent,Loot_AmmoBox_Small_01a_Spawner_C,UNP_Loot_AmmoBox_Small_01a_d7ab05e04fd848b6_0,-24513.56,-11162.094,1883.8536,Munitions Crate,50.0,Blueprint,,,Ammo_Medium,,
SceneComponent,Loot_AmmoBox_Small_01a_Spawner_C,UNP_Loot_AmmoBox_Small_01a_e38de8eeb220e3f9_0,-37157.812,-5111.143,2587.669,Munitions Crate,50.0,Blueprint,,,Ammo_Medium,,
SceneComponent,Loot_AmmoBox_Small_01a_Spawner_C,UNP_Loot_AmmoBox_Small_01a_ffe6147ae5209860_0,-16865.967,-20887.785,1877.2053,Munitions Crate,50.0,Blueprint,,,Ammo_Medium,,
SceneComponent,Loot_AmmoBox_Small_01a_Spawner_C,UNP_PG_FlourSacks_09a21_9fac250d5149b043_0,-15388.592,21865.809,-276.0834,Munitions Crate,50.0,Blueprint,,,Ammo_Medium,,
SceneComponent,Loot_AmmoBox_Small_01a_Spawner_C,UNP_PG_FlourSacks_09a21_UAID_0468748824944C9B02_d0e23cfe7f59ca33_2006382769,-25280.17,-5706.544,1782.4332,Munitions Crate,50.0,Blueprint,,,Ammo_Medium,,
SceneComponent,Loot_AmmoBox_Small_01a_Spawner_C,UNP_PG_FlourSacks_09a21_UAID_0468748824944C9B02_e1ce29a85d20fd8c_2006382769,-13988.072,-37486.89,942.1257,Munitions Crate,50.0,Blueprint,,,Ammo_Medium,,
SceneComponent,Loot_AmmoBox_Small_01a_Spawner_C,UNP_PG_FlourSacks_09a21_bda10b7c50163ff5_0,-17166.074,19133.525,-278.62103,Munitions Crate,50.0,Blueprint,,,Ammo_Medium,,
SceneComponent,Loot_AmmoPouch_Small_01a_Spawner_C,Loot_AmmoPouch_Small_01a_Spawner_C_UAID_00FF8EFC2BEF205102_10af68cfa2816a47_1223645315,-57464.465,-12216.6455,3466.5332,Old Cartridge Case,50.0,Blueprint,,,Ammo_Small,,
SceneComponent,Loot_AmmoPouch_Small_01a_Spawner_C,Loot_AmmoPouch_Small_01a_Spawner_C_UAID_00FF8EFC2BEF205102_8c9fe9f5eddf1ec3_1223645315,-42548.855,40228.703,2081.295,Old Cartridge Case,50.0,Blueprint,,,Ammo_Small,,
SceneComponent,Loot_AmmoPouch_Small_01a_Spawner_C,Loot_AmmoPouch_Small_01a_Spawner_C_UAID_00FF8EFC2BEF3D8402_1a7251d90b38881e_1353857899,-62339.008,6385.759,522.5689,Old Cartridge Case,50.0,Blueprint,,,Ammo_Small,,
SceneComponent,Loot_AmmoPouch_Small_01a_Spawner_C,Loot_AmmoPouch_Small_01a_Spawner_C_UAID_00FF8EFC2BEF3D8402_3b1b07d5fdfef0f7_1353857899,-45254.773,15092.152,-211.22911,Old Cartridge Case,50.0,Blueprint,,,Ammo_Small,,
SceneComponent,Loot_AmmoPouch_Small_01a_Spawner_C,Loot_AmmoPouch_Small_01a_Spawner_C_UAID_00FF8EFC2BEF3D8402_5654731e7197c7d8_1353857899,-6424.321,12821.579,-222.95045,Old Cartridge Case,50.0,Blueprint,,,Ammo_Small,,
SceneComponent,Loot_AmmoPouch_Small_01a_Spawner_C,Loot_AmmoPouch_Small_01a_Spawner_C_UAID_00FF8EFC2BEF3D8402_71020e53a69fc4db_1353857899,-48262.26,9142.679,430.7492,Old Cartridge Case,50.0,Blueprint,,,Ammo_Small,,
SceneComponent,Loot_AmmoPouch_Small_01a_Spawner_C,Loot_AmmoPouch_Small_01a_Spawner_C_UAID_00FF8EFC2BEF3D8402_989252d0e6363960_1353857899,-31121.365,14861.316,-309.59674,Old Cartridge Case,50.0,Blueprint,,,Ammo_Small,,
SceneComponent,Loot_AmmoPouch_Small_01a_Spawner_C,Loot_AmmoPouch_Small_01a_Spawner_C_UAID_00FF8EFC2BEF3D8402_bb4f083743a19faf_1353857899,-56105.45,-1566.7823,2495.4353,Old Cartridge Case,50.0,Blueprint,,,Ammo_Small,,
SceneComponent,Loot_AmmoPouch_Small_01a_Spawner_C,Loot_AmmoPouch_Small_01a_Spawner_C_UAID_00FF8EFC2BEFAE8202_352c1da08403ca8c_1502153748,-63709.88,7911.688,347.63602,Old Cartridge Case,50.0,Blueprint,,,Ammo_Small,,
SceneComponent,Loot_AmmoPouch_Small_01a_Spawner_C,Loot_AmmoPouch_Small_01a_Spawner_C_UAID_00FF8EFC2BEFAE8202_53ffa056123b646a_1502153748,-47173.734,11891.479,63.174255,Old Cartridge Case,50.0,Blueprint,,,Ammo_Small,,
SceneComponent,Loot_AmmoPouch_Small_01a_Spawner_C,Loot_AmmoPouch_Small_01a_Spawner_C_UAID_00FF8EFC2BEFAE8202_85225f23b57e8b45_1502153748,-61731.28,18272.467,-385.405,Old Cartridge Case,50.0,Blueprint,,,Ammo_Small,,
SceneComponent,Loot_AmmoPouch_Small_01a_Spawner_C,Loot_AmmoPouch_Small_01a_Spawner_C_UAID_00FF8EFC2BEFAE8202_ebe7a75f2f05cac9_1502153748,-12119.262,27468.863,-339.51294,Old Cartridge Case,50.0,Blueprint,,,Ammo_Small,,
SceneComponent,Loot_AmmoPouch_Small_01a_Spawner_C,Loot_AmmoPouch_Small_01a_Spawner_C_UAID_046874882494359A02_afe4a3bbeb7c2068_1290743164,3847.204,-12120.225,1518.0023,Old Cartridge Case,50.0,Blueprint,,,Ammo_Small,,
SceneComponent,Loot_AmmoPouch_Small_01a_Spawner_C,Loot_AmmoPouch_Small_01a_Spawner_C_UAID_046874882494359A02_afe4a3bbeb7c2068_1290951175,4336.1455,-12772.52,1519.6736,Old Cartridge Case,50.0,Blueprint,,,Ammo_Small,,
SceneComponent,Loot_AmmoPouch_Small_01a_Spawner_C,Loot_AmmoPouch_Small_01a_Spawner_C_UAID_0468748824943D9B02_b787c659fad3114a_1459327068,11911.933,28306.209,1265.1638,Old Cartridge Case,10.0,Custom,,,Ammo_Small,,
SceneComponent,Loot_AmmoPouch_Small_01a_Spawner_C,Loot_AmmoPouch_Small_01a_Spawner_C_UAID_0468748824943F9B02_25a8e10f80183f94_1308688774,-35818.906,37072.12,1844.8717,Old Cartridge Case,10.0,Custom,,,Ammo_Small,,
SceneComponent,Loot_AmmoPouch_Small_01a_Spawner_C,Loot_AmmoPouch_Small_01a_Spawner_C_UAID_046874882494619802_126232618081b8ee_1311081149,-25754.977,-10063.069,1874.2185,Old Cartridge Case,50.0,Blueprint,,,Ammo_Small,,
SceneComponent,Loot_AmmoPouch_Small_01a_Spawner_C,Loot_AmmoPouch_Small_01a_Spawner_C_UAID_046874882494859A02_367755be1ccb9d60_1585529613,-28130.666,-8614.061,1846.3214,Old Cartridge Case,50.0,Blueprint,,,Ammo_Small,,
SceneComponent,Loot_AmmoPouch_Small_01a_Spawner_C,Loot_AmmoPouch_Small_01a_Spawner_C_UAID_046874882494977D02_f5f3745e62dd497c_1269417612,-65540.11,514.1151,1749.5939,Old Cartridge Case,10.0,Custom,,,Ammo_Small,,
SceneComponent,Loot_AmmoPouch_Small_01a_Spawner_C,Loot_AmmoPouch_Small_01a_Spawner_C_UAID_046874882494977D02_f5f3745e62dd497c_1270700793,-65607.51,-1813.4406,2254.3262,Old Cartridge Case,50.0,Blueprint,,,Ammo_Small,,
SceneComponent,Loot_AmmoPouch_Small_01a_Spawner_C,Loot_AmmoPouch_Small_01a_Spawner_C_UAID_0468748824949AD502_6bf7ed90f87edc78_2024820174,-7114.142,-16597.283,480.4822,Old Cartridge Case,50.0,Blueprint,,,Ammo_Small,,
SceneComponent,Loot_AmmoPouch_Small_01a_Spawner_C,Loot_AmmoPouch_Small_01a_Spawner_C_UAID_0468748824949AD502_6bf7ed90f87edc78_2025639202,-8069.848,-16279.3545,480.94305,Old Cartridge Case,50.0,Blueprint,,,Ammo_Small,,
SceneComponent,Loot_AmmoPouch_Small_01a_Spawner_C,Loot_AmmoPouch_Small_01a_Spawner_C_UAID_0468748824949AD502_6bf7ed90f87edc78_2030417297,-7869.304,-16353.441,1987.6522,Old Cartridge Case,50.0,Blueprint,,,Ammo_Small,,
SceneComponent,Loot_AmmoPouch_Small_01a_Spawner_C,Loot_AmmoPouch_Small_01a_Spawner_C_UAID_046874882494A69E02_bd0f96a5981d5c04_1172725323,-38503.176,16170.437,-331.35745,Old Cartridge Case,50.0,Blueprint,,,Ammo_Small,,
SceneComponent,Loot_AmmoPouch_Small_01a_Spawner_C,Loot_AmmoPouch_Small_01a_Spawner_C_UAID_046874882494A69E02_bd0f96a5981d5c04_1172733334,-36030.22,9414.672,185.71414,Old Cartridge Case,50.0,Blueprint,,,Ammo_Small,,
SceneComponent,Loot_AmmoPouch_Small_01a_Spawner_C,Loot_AmmoPouch_Small_01a_Spawner_C_UAID_046874882494A69E02_bd0f96a5981d5c04_1172740345,-37325.63,8551.21,-21.704884,Old Cartridge Case,50.0,Blueprint,,,Ammo_Small,,
SceneComponent,Loot_AmmoPouch_Small_01a_Spawner_C,Loot_AmmoPouch_Small_01a_Spawner_C_UAID_046874882494A69E02_bd0f96a5981d5c04_1172747356,-35817.605,13293.728,-310.5018,Old Cartridge Case,50.0,Blueprint,,,Ammo_Small,,
SceneComponent,Loot_AmmoPouch_Small_01a_Spawner_C,Loot_AmmoPouch_Small_01a_Spawner_C_UAID_046874882494A69E02_bd0f96a5981d5c04_1172754367,-33430.047,17669.164,-368.74,Old Cartridge Case,50.0,Blueprint,,,Ammo_Small,,
SceneComponent,Loot_AmmoPouch_Small_01a_Spawner_C,Loot_AmmoPouch_Small_01a_Spawner_C_UAID_046874882494A69E02_bd0f96a5981d5c04_1172761378,-43092.344,12466.091,-327.98596,Old Cartridge Case,50.0,Blueprint,,,Ammo_Small,,
SceneComponent,Loot_AmmoPouch_Small_01a_Spawner_C,Loot_AmmoPouch_Small_01a_Spawner_C_UAID_046874882494A69E02_bd0f96a5981d5c04_1172767389,-43122.582,9346.571,-327.98596,Old Cartridge Case,50.0,Blueprint,,,Ammo_Small,,
SceneComponent,Loot_AmmoPouch_Small_01a_Spawner_C,Loot_AmmoPouch_Small_01a_Spawner_C_UAID_046874882494A69E02_bd0f96a5981d5c04_1172777405,-33693.81,13923.002,-173.20302,Old Cartridge Case,50.0,Blueprint,,,Ammo_Small,,
SceneComponent,Loot_AmmoPouch_Small_01a_Spawner_C,Loot_AmmoPouch_Small_01a_Spawner_C_UAID_046874882494A69E02_bd0f96a5981d5c04_1172785418,-40588.7,13868.07,-379.11008,Old Cartridge Case,50.0,Blueprint,,,Ammo_Small,,
SceneComponent,Loot_AmmoPouch_Small_01a_Spawner_C,Loot_AmmoPouch_Small_01a_Spawner_C_UAID_046874882494A69E02_bd0f96a5981d5c04_1172793431,-39284.27,5948.7603,379.62384,Old Cartridge Case,50.0,Blueprint,,,Ammo_Small,,
SceneComponent,Loot_AmmoPouch_Small_01a_Spawner_C,Loot_AmmoPouch_Small_01a_Spawner_C_UAID_046874882494A69E02_bd0f96a5981d5c04_1172801444,-45765.85,11701.383,-195.44203,Old Cartridge Case,50.0,Blueprint,,,Ammo_Small,,
SceneComponent,Loot_AmmoPouch_Small_01a_Spawner_C,Loot_AmmoPouch_Small_01a_Spawner_C_UAID_046874882494AD8D02_c71ad3ef090f6a00_1997908841,-54767.645,34658.96,1828.5463,Old Cartridge Case,50.0,Blueprint,,,Ammo_Small,,
SceneComponent,Loot_AmmoPouch_Small_01a_Spawner_C,Loot_AmmoPouch_Small_01a_Spawner_C_UAID_046874882494B49C02_d40d86cadf850e91_1893281085,-50722.48,-30264.348,6983.0522,Old Cartridge Case,10.0,Custom,,,Ammo_Small,,
SceneComponent,Loot_AmmoPouch_Small_01a_Spawner_C,Loot_AmmoPouch_Small_01a_Spawner_C_UAID_046874882494B49C02_d40d86cadf850e91_1908041456,-51180.973,-31545.857,6980.621,Old Cartridge Case,10.0,Custom,,,Ammo_Small,,
SceneComponent,Loot_AmmoPouch_Small_01a_Spawner_C,Loot_AmmoPouch_Small_01a_Spawner_C_UAID_046874882494CC9502_97971df2a4ca033d_1228712141,-36200.566,-26964.604,8162.8687,Old Cartridge Case,50.0,Blueprint,,,Ammo_Small,,
SceneComponent,Loot_AmmoPouch_Small_01a_Spawner_C,Loot_AmmoPouch_Small_01a_Spawner_C_UAID_046874882494CC9502_97971df2a4ca033d_1244476492,-36158.6,-26417.164,8180.1577,Old Cartridge Case,50.0,Blueprint,,,Ammo_Small,,
SceneComponent,Loot_AmmoPouch_Small_01a_Spawner_C,Loot_AmmoPouch_Small_01a_Spawner_C_UAID_046874882494CC9502_97971df2a4ca033d_1258932714,-35794.03,-27188.547,9479.335,Old Cartridge Case,50.0,Blueprint,,,Ammo_Small,,
SceneComponent,Loot_AmmoPouch_Small_01a_Spawner_C,Loot_AmmoPouch_Small_01a_Spawner_C_UAID_046874882494FE9802_29c4ea76462ed633_1767541556,-28197.277,22045.943,-217.5655,Old Cartridge Case,50.0,Blueprint,,,Ammo_Small,,
SceneComponent,Loot_AmmoPouch_Small_01a_Spawner_C,Loot_AmmoPouch_Small_01a_Spawner_C_UAID_046874882494FE9802_29c4ea76462ed633_1782608271,-31559.762,21235.732,-268.48288,Old Cartridge Case,10.0,Custom,,,Ammo_Small,,
SceneComponent,Loot_AmmoPouch_Small_01a_Spawner_C,Loot_AmmoPouch_Small_01a_Spawner_C_UAID_04D9F5F93AD5763302_94cfede0b2101769_1724636339,-2759.2788,-15295.1875,186.82474,Old Cartridge Case,10.0,Custom,,,Ammo_Small,,
SceneComponent,Loot_AmmoPouch_Small_01a_Spawner_C,Loot_AmmoPouch_Small_01a_Spawner_C_UAID_04D9F5F93AD5763302_aaf83254b61f87ff_1724636339,-50015.95,2265.232,1449.6838,Old Cartridge Case,10.0,Custom,,,Ammo_Small,,
SceneComponent,Loot_AmmoPouch_Small_01a_Spawner_C,Loot_AmmoPouch_Small_01a_Spawner_C_UAID_04D9F5F93AD5763302_b3c492bc8f36cd7f_1724636339,-28636.803,36324.734,1352.7462,Old Cartridge Case,10.0,Custom,,,Ammo_Small,,
SceneComponent,Loot_AmmoPouch_Small_01a_Spawner_C,Loot_AmmoPouch_Small_01a_Spawner_C_UAID_04D9F5F93AD5763302_c0fe8a5ec52ac32f_1724636339,-58232.82,-16333.339,4660.4087,Old Cartridge Case,10.0,Custom,,,Ammo_Small,,
SceneComponent,Loot_AmmoPouch_Small_01a_Spawner_C,Loot_AmmoPouch_Small_01a_Spawner_C_UAID_04D9F5F93AD5763302_c9de26c46789113b_1724636339,-48224.938,-5304.11,2998.3867,Old Cartridge Case,10.0,Custom,,,Ammo_Small,,
SceneComponent,Loot_AmmoPouch_Small_01a_Spawner_C,Loot_AmmoPouch_Small_01a_Spawner_C_UAID_04D9F5F93AD58F3102_5aa9c7cba1521a97_1364678091,-37435.434,-5865.5737,3000.2563,Old Cartridge Case,50.0,Blueprint,,,Ammo_Small,,
SceneComponent,Loot_AmmoPouch_Small_01a_Spawner_C,Loot_AmmoPouch_Small_01a_Spawner_C_UAID_04D9F5F93AD5956702_cf692d49962d2386_1340469518,26194.379,8891.972,2727.6548,Old Cartridge Case,50.0,Blueprint,,,Ammo_Small,,
SceneComponent,Loot_AmmoPouch_Small_01a_Spawner_C,Loot_AmmoPouch_Small_01a_Spawner_C_UAID_18C04DA8201B437902_1955f5d21cbe47a4_1151863184,20120.236,6217.2715,2395.1423,Old Cartridge Case,50.0,Blueprint,,,Ammo_Small,,
SceneComponent,Loot_AmmoPouch_Small_01a_Spawner_C,Loot_AmmoPouch_Small_01a_Spawner_C_UAID_18C04DA8201B637102_c71ad3ef090f6a00_1118015293,-56993.58,34946.055,1875.2936,Old Cartridge Case,50.0,Blueprint,,,Ammo_Small,,
SceneComponent,Loot_AmmoPouch_Small_01a_Spawner_C,Loot_AmmoPouch_Small_01a_Spawner_C_UAID_581CF8B723150CBE02_c3245b26535725e1_1575740198,23750.887,-6417.6553,1058.8392,Old Cartridge Case,50.0,Blueprint,,,Ammo_Small,,
SceneComponent,Loot_AmmoPouch_Small_01a_Spawner_C,Loot_AmmoPouch_Small_01a_Spawner_C_UAID_581CF8B7231535D802_7b0b2d09dbcdc51c_2024360919,33632.535,-8673.977,-10.095135,Old Cartridge Case,50.0,Blueprint,,,Ammo_Small,,
SceneComponent,Loot_AmmoPouch_Small_01a_Spawner_C,Loot_AmmoPouch_Small_01a_Spawner_C_UAID_581CF8B7231564CF02_0af8d68b152618b4_1625217426,27399.34,-6439.508,1074.5284,Old Cartridge Case,50.0,Blueprint,,,Ammo_Small,,
SceneComponent,Loot_AmmoPouch_Small_01a_Spawner_C,Loot_AmmoPouch_Small_01a_Spawner_C_UAID_581CF8B723156ABE02_20e2b082a6cc054c_1243335163,23503.83,-8194.436,1058.8392,Old Cartridge Case,50.0,Blueprint,,,Ammo_Small,,
SceneComponent,Loot_AmmoPouch_Small_01a_Spawner_C,Loot_AmmoPouch_Small_01a_Spawner_C_UAID_581CF8B723156ABE02_20e2b082a6cc054c_1247630262,22772.973,-8350.745,1074.5284,Old Cartridge Case,50.0,Blueprint,,,Ammo_Small,,
SceneComponent,Loot_AmmoPouch_Small_01a_Spawner_C,Loot_AmmoPouch_Small_01a_Spawner_C_UAID_581CF8B72315969F02_09b253a8aea41573_1666430159,35186.87,-17086.75,-4.825432,Old Cartridge Case,50.0,Blueprint,,,Ammo_Small,,
SceneComponent,Loot_AmmoPouch_Small_01a_Spawner_C,Loot_AmmoPouch_Small_01a_Spawner_C_UAID_581CF8B72315969F02_0ee7a365402e2b65_1666430159,32414.08,-15220.024,-4.8254237,Old Cartridge Case,50.0,Blueprint,,,Ammo_Small,,
SceneComponent,Loot_AmmoPouch_Small_01a_Spawner_C,Loot_AmmoPouch_Small_01a_Spawner_C_UAID_581CF8B7231599D602_0ee7a365402e2b65_1728234548,34180.73,-13456.904,-11.243524,Old Cartridge Case,50.0,Blueprint,,,Ammo_Small,,
SceneComponent,Loot_AmmoPouch_Small_01a_Spawner_C,Loot_AmmoPouch_Small_01a_Spawner_C_UAID_581CF8B723159E9F02_6dfd51d988941e94_1855247820,39576.51,-9799.347,-4.099116,Old Cartridge Case,50.0,Blueprint,,,Ammo_Small,,
SceneComponent,Loot_AmmoPouch_Small_01a_Spawner_C,Loot_AmmoPouch_Small_01a_Spawner_C_UAID_581CF8B723159E9F02_a9a338b10a444bbb_1855247820,30101.229,-14185.867,-10.180695,Old Cartridge Case,50.0,Blueprint,,,Ammo_Small,,
SceneComponent,Loot_AmmoPouch_Small_01a_Spawner_C,Loot_AmmoPouch_Small_01a_Spawner_C_UAID_581CF8B72315DCD602_79f9a36b537b5426_1471498998,34868.17,-15931.601,-45.2708,Old Cartridge Case,50.0,Blueprint,,,Ammo_Small,,
SceneComponent,Loot_AmmoPouch_Small_01a_Spawner_C,Loot_AmmoPouch_Small_01a_Spawner_C_UAID_581CF8B72315E0D602_5a5767cc339294e0_1762317646,40075.07,-12384.479,78.61689,Old Cartridge Case,50.0,Blueprint,,,Ammo_Small,,
SceneComponent,Loot_AmmoPouch_Small_01a_Spawner_C,Loot_AmmoPouch_Small_01a_Spawner_C_UAID_581CF8B72315E0D602_fa7bcc8dea0c77fa_1762317646,38768.582,-17363.293,78.61689,Old Cartridge Case,50.0,Blueprint,,,Ammo_Small,,
SceneComponent,Loot_AmmoPouch_Small_01a_Spawner_C,Loot_AmmoPouch_Small_01a_Spawner_C_UAID_D843AE1A93E5ABB402_6bf7ed90f87edc78_2020084941,-7762.7656,-16256.822,522.95245,Old Cartridge Case,50.0,Blueprint,,,Ammo_Small,,
SceneComponent,Loot_Amphora_01a_Spawner_C,Loot_Amphora_01a_Spawner_C_UAID_046874882494859A02_367755be1ccb9d60_1585004278,-28736.682,-8755.154,1757.3777,Large Amphora,25.0,Blueprint,,,Amphora,,
SceneComponent,Loot_Amphora_01a_Spawner_C,Loot_Amphora_01a_Spawner_C_UAID_046874882494859A02_367755be1ccb9d60_1585526611,-28323.123,-9761.926,2107.1184,Large Amphora,25.0,Blueprint,,,Amphora,,
SceneComponent,Loot_Amphora_01a_Spawner_C,Loot_Amphora_01a_Spawner_C_UAID_046874882494859A02_367755be1ccb9d60_1585599658,-28664.04,-9507.949,1757.3494,Large Amphora,50.0,Custom,,,Amphora,,
SceneComponent,Loot_Amphora_01a_Spawner_C,Loot_Amphora_01a_Spawner_C_UAID_046874882494859A02_367755be1ccb9d60_1585817784,-29026.205,-8178.3447,1695.9261,Large Amphora,25.0,Blueprint,,,Amphora,,
SceneComponent,Loot_Amphora_01a_Spawner_C,Loot_Amphora_01a_Spawner_C_UAID_04D9F5F93AD57E3F02_113aac40dd19cce1_1725800521,-14478.978,-35008.492,962.9328,Large Amphora,25.0,Blueprint,,,Amphora,,
SceneComponent,Loot_Amphora_01a_Spawner_C,Loot_Amphora_01a_Spawner_C_UAID_04D9F5F93AD57E3F02_55a6bec73623a530_1725800521,-23162.975,-417.97397,1036.0281,Large Amphora,25.0,Blueprint,,,Amphora,,
SceneComponent,Loot_Amphora_01a_Spawner_C,Loot_Amphora_01a_Spawner_C_UAID_04D9F5F93AD57E3F02_bc9e8611b9e607b3_1725800521,-12946.378,21298.494,-253.71219,Large Amphora,25.0,Blueprint,,,Amphora,,
SceneComponent,Loot_Amphora_01a_Spawner_C,Loot_Amphora_01a_Spawner_C_UAID_04D9F5F93AD57E3F02_f5345b2b34b3415e_1725800521,-26013.84,-6058.6694,1779.5695,Large Amphora,25.0,Blueprint,,,Amphora,,
SceneComponent,Loot_Amphora_01a_Spawner_C,Loot_Amphora_01a_Spawner_C_UAID_04D9F5F93AD57E3F02_f5630e569374ca47_1725800521,5995.0205,-11634.99,1453.8743,Large Amphora,25.0,Blueprint,,,Amphora,,
SceneComponent,Loot_Amphora_01a_Spawner_C,Loot_Amphora_01a_Spawner_C_UAID_04D9F5F93AD5835202_97971df2a4ca033d_1481089782,-35521.754,-26929.518,9374.592,Large Amphora,25.0,Blueprint,,,Amphora,,
SceneComponent,Loot_Amphora_01a_Spawner_C,Loot_Amphora_01a_Spawner_C_UAID_04D9F5F93AD5CE4902_25c38f96bd642657_1323117062,-26579.156,-8621.34,1708.5251,Large Amphora,25.0,Blueprint,,,Amphora,,
SceneComponent,Loot_Amphora_01a_Spawner_C,Loot_Amphora_01a_Spawner_C_UAID_04D9F5F93AD5CE4902_25c38f96bd642657_1334621067,-27116.771,-8518.401,1707.8458,Large Amphora,25.0,Blueprint,,,Amphora,,
SceneComponent,Loot_Amphora_01a_Spawner_C,Loot_Amphora_01a_Spawner_C_UAID_04D9F5F93AD5CE4902_613646c311d01d8e_1323117062,-27848.129,-10575.232,1711.7512,Large Amphora,25.0,Blueprint,,,Amphora,,
SceneComponent,Loot_Amphora_01a_Spawner_C,Loot_Amphora_01a_Spawner_C_UAID_04D9F5F93AD5CE4902_613646c311d01d8e_1334621067,-27308.395,-10666.409,1711.072,Large Amphora,25.0,Blueprint,,,Amphora,,
SceneComponent,Loot_Amphora_01a_Spawner_C,Loot_Amphora_01a_Spawner_C_UAID_581CF8B72315957E02_1bef1ea065e33b47_1824853640,-47353.61,-7794.88,2951.76,Large Amphora,25.0,Blueprint,,,Amphora,,
SceneComponent,Loot_Amphora_01a_Spawner_C,Loot_Amphora_01a_Spawner_C_UAID_581CF8B72315AA5002_126232618081b8ee_1983307117,-25751.236,-10539.111,1434.5596,Large Amphora,25.0,Blueprint,,,Amphora,,
SceneComponent,Loot_Amphora_01a_Spawner_C,Loot_Amphora_01a_Spawner_C_UAID_581CF8B72315CC7F02_7895f44951635563_1092382750,-47924.344,-10114.7295,3299.543,Large Amphora,25.0,Blueprint,,,Amphora,,
SceneComponent,Loot_ArmorCrate_01a_Spawner_C,Loot_ArmorCrate_01a_Spawner_C_UAID_046874882494859A02_367755be1ccb9d60_1585492590,-28535.836,-9822.658,1758.1737,Armour Chest,100.0,Custom,,,Armor_Medium,,
SceneComponent,Loot_ArmorCrate_01a_Spawner_C,Loot_ArmorCrate_01a_Spawner_C_UAID_046874882494977D02_f5f3745e62dd497c_1270179686,-66663.59,-2555.9834,1698.8605,Armour Chest,100.0,Custom,,,Armor_Medium,,
SceneComponent,Loot_ArmorCrate_01a_Spawner_C,Loot_ArmorCrate_01a_Spawner_C_UAID_046874882494D39502_c28b544d044813cd_1678035762,-38765.73,-25495.488,7193.1274,Armour Chest,50.0,Blueprint,,,Armor_Medium,,
SceneComponent,Loot_ArmorCrate_01a_Spawner_C,Loot_ArmorCrate_01a_Spawner_C_UAID_046874882494DB9A02_a595927790dec5fd_2079896620,-48037.297,-7005.7026,2955.466,Armour Chest,50.0,Blueprint,,,Armor_Medium,,
SceneComponent,Loot_ArmorCrate_01a_Spawner_C,Loot_ArmorCrate_01a_Spawner_C_UAID_046874882494FE9802_29c4ea76462ed633_1773305681,-32151.576,20480.824,-306.32324,Armour Chest,50.0,Blueprint,,,Armor_Medium,,
SceneComponent,Loot_ArmorCrate_01a_Spawner_C,Loot_ArmorCrate_01a_Spawner_C_UAID_04D9F5F93AD5DA4802_97971df2a4ca033d_1664421791,-35457.855,-27283.99,9374.592,Armour Chest,100.0,Custom,,,Armor_Medium,,
SceneComponent,Loot_ArmorCrate_01a_Spawner_C,Loot_ArmorCrate_01a_Spawner_C_UAID_04D9F5F93AD5DA4802_97971df2a4ca033d_1667157796,-35358.65,-26977.557,9374.592,Armour Chest,50.0,Blueprint,,,Armor_Medium,,
SceneComponent,Loot_ArmorCrate_01a_Spawner_C,Loot_ArmorCrate_01a_Spawner_C_UAID_04D9F5F93AD5DA4802_97971df2a4ca033d_1675867806,-35954.08,-27124.99,9374.592,Armour Chest,50.0,Blueprint,,,Armor_Medium,,
SceneComponent,Loot_ArmorCrate_01a_Spawner_C,Loot_ArmorCrate_01a_Spawner_C_UAID_18C04DA8201B627102_c71ad3ef090f6a00_1897307748,-55214.91,32469.596,1731.8696,Armour Chest,50.0,Blueprint,,,Armor_Medium,,
SceneComponent,Loot_ArmorCrate_01a_Spawner_C,Loot_ArmorCrate_01a_Spawner_C_UAID_581CF8B723155A5002_126232618081b8ee_1465134359,-26509.797,-9309.641,1434.5596,Armour Chest,50.0,Blueprint,,,Armor_Medium,,
SceneComponent,Loot_ArmorCrate_01a_Spawner_C,Loot_ArmorCrate_01a_Spawner_C_UAID_581CF8B723158E9F02_0ee7a365402e2b65_1394892876,33752.816,-14232.648,-99.0781,Armour Chest,50.0,Blueprint,,,Armor_Medium,,
SceneComponent,Loot_ArmorCrate_01a_Spawner_C,Loot_ArmorCrate_01a_Spawner_C_UAID_581CF8B72315A15602_170009526a2c1544_1691650083,-27955.701,-4822.3594,2256.4478,Armour Chest,50.0,Blueprint,,,Armor_Medium,,
SceneComponent,Loot_ArmorCrate_01a_Spawner_C,Loot_ArmorCrate_01a_Spawner_C_UAID_581CF8B72315C05A02_c71ad3ef090f6a00_1890559402,-55076.24,34611.312,1731.9729,Armour Chest,50.0,Blueprint,,,Armor_Medium,,
SceneComponent,Loot_ArmorCrate_01a_Spawner_C,Loot_ArmorCrate_01a_Spawner_C_a595927790dec5fd_1,-48499.3,-7359.6704,2962.3164,Armour Chest,50.0,Blueprint,,,Armor_Medium,,
SceneComponent,Loot_ArmorCrate_01a_Spawner_C,UNP_Loot_AmmoBox_Medium_01a_Spawner_UAID_046874882494449B02_566cfd8f809d947c_1513136994,8685.64,-21082.754,117.009964,Armour Chest,50.0,Blueprint,,,Armor_Medium,,
SceneComponent,Loot_ArmorCrate_01a_Spawner_C,UNP_Loot_ArmorCrate_01a1_6bf7ed90f87edc78_1,-7476.22,-15851.413,2418.1274,Armour Chest,50.0,Blueprint,,,Armor_Medium,,
SceneComponent,Loot_ArmorCrate_01a_Spawner_C,UNP_Loot_ArmorCrate_01a_6bf7ed90f87edc78_0,-7934.286,-16031.716,4066.2258,Armour Chest,50.0,Blueprint,,,Armor_Medium,,
SceneComponent,Loot_ArmorCrate_01a_Spawner_C,UNP_Loot_ArmorCrate_01a_Spawner1_39c53a56517c239f_1,14883.016,13380.899,2097.5264,Armour Chest,100.0,Custom,,,Armor_Medium,,
SceneComponent,Loot_ArmorCrate_01a_Spawner_C,UNP_Loot_ArmorCrate_01a_Spawner1_3e62a173f235e900_1,21712.172,-22249.715,2674.9382,Armour Chest,100.0,Custom,,,Armor_Medium,,
SceneComponent,Loot_ArmorCrate_01a_Spawner_C,UNP_Loot_ArmorCrate_01a_Spawner1_6c4c20721545df36_1,-30916.64,-45389.93,5768.523,Armour Chest,100.0,Custom,,,Armor_Medium,,
SceneComponent,Loot_ArmorCrate_01a_Spawner_C,UNP_Loot_ArmorCrate_01a_Spawner1_a1b8e9568afcd202_1,-57773.44,-19782.645,6968.328,Armour Chest,100.0,Custom,,,Armor_Medium,,
SceneComponent,Loot_ArmorCrate_01a_Spawner_C,UNP_Loot_ArmorCrate_01a_Spawner1_b48abfd6dd8426a8_1,-24653.264,30488.832,1454.399,Armour Chest,100.0,Custom,,,Armor_Medium,,
SceneComponent,Loot_ArmorCrate_01a_Spawner_C,UNP_Loot_ArmorCrate_01a_Spawner_39c53a56517c239f_0,14872.485,13798.173,2583.0881,Armour Chest,50.0,Blueprint,,,Armor_Medium,,
SceneComponent,Loot_ArmorCrate_01a_Spawner_C,UNP_Loot_ArmorCrate_01a_Spawner_3e62a173f235e900_0,22074.95,-22043.299,3160.5142,Armour Chest,50.0,Blueprint,,,Armor_Medium,,
SceneComponent,Loot_ArmorCrate_01a_Spawner_C,UNP_Loot_ArmorCrate_01a_Spawner_5aa9c7cba1521a97_0,-37458.52,-6069.797,2995.3772,Armour Chest,20.0,Custom,,,Armor_Medium,,
SceneComponent,Loot_ArmorCrate_01a_Spawner_C,UNP_Loot_ArmorCrate_01a_Spawner_6c4c20721545df36_0,-30819.445,-45795.863,6254.0845,Armour Chest,50.0,Blueprint,,,Armor_Medium,,
SceneComponent,Loot_ArmorCrate_01a_Spawner_C,UNP_Loot_ArmorCrate_01a_Spawner_7b548543dc2c1a62_0,-46211.51,32540.58,1905.9408,Armour Chest,20.0,Custom,,,Armor_Medium,,
SceneComponent,Loot_ArmorCrate_01a_Spawner_C,UNP_Loot_ArmorCrate_01a_Spawner_UAID_046874882494977D02_f5f3745e62dd497c_1270697791,-65407.93,-1862.5226,2249.4468,Armour Chest,20.0,Custom,,,Armor_Medium,,
SceneComponent,Loot_ArmorCrate_01a_Spawner_C,UNP_Loot_ArmorCrate_01a_Spawner_UAID_046874882494F39502_fa61c736281e8a8a_1309457600,-38158.97,-30863.09,6998.6597,Armour Chest,20.0,Custom,,,Armor_Medium,,
SceneComponent,Loot_ArmorCrate_01a_Spawner_C,UNP_Loot_ArmorCrate_01a_Spawner_UAID_046874882494FE9802_29c4ea76462ed633_1775112787,-29088.969,19469.648,-310.36832,Armour Chest,20.0,Custom,,,Armor_Medium,,
SceneComponent,Loot_ArmorCrate_01a_Spawner_C,UNP_Loot_ArmorCrate_01a_Spawner_UAID_046874882494FE9802_29c4ea76462ed633_1778052946,-33122.902,21790.496,236.47278,Armour Chest,20.0,Custom,,,Armor_Medium,,
SceneComponent,Loot_ArmorCrate_01a_Spawner_C,UNP_Loot_ArmorCrate_01a_Spawner_a1b8e9568afcd202_0,-57375.6,-19908.934,7453.89,Armour Chest,50.0,Blueprint,,,Armor_Medium,,
SceneComponent,Loot_ArmorCrate_01a_Spawner_C,UNP_Loot_ArmorCrate_01a_Spawner_b48abfd6dd8426a8_0,-24880.697,30138.83,1939.9609,Armour Chest,50.0,Blueprint,,,Armor_Medium,,
SceneComponent,Loot_ArmorCrate_UREL_01a_Spawner_C,Loot_ArmorCrate_UREL_01a_Spawner_C_UAID_581CF8B723158E9F02_09b253a8aea41573_1406299881,34723.312,-17327.064,-8.06025,Reinforced Armour Chest,100.0,Custom,,,Armor_UREL,,
SceneComponent,Loot_ArmorCrate_UREL_01a_Spawner_C,Loot_ArmorCrate_UREL_01a_Spawner_C_UAID_581CF8B723158E9F02_0ee7a365402e2b65_1406299881,32347.854,-15693.799,-10.654372,Reinforced Armour Chest,100.0,Custom,,,Armor_UREL,,
SceneComponent,Loot_ArmorCrate_UREL_01a_Spawner_C,Loot_ArmorCrate_UREL_01a_Spawner_C_UAID_D843AE1A93E5ABB402_6bf7ed90f87edc78_2083890953,-7235.0737,-16800.518,376.27087,Reinforced Armour Chest,50.0,Blueprint,,,Armor_UREL,,
SceneComponent,Loot_ArmorCrate_UREL_02a_Spawner_C,Loot_ArmorCrate_UREL_02a_Spawner_C_2f23f936f64b5dad_0,31161.799,-10439.345,293.24744,Reinforced Armour Chest,50.0,Blueprint,,,Armor_UREL,,
SceneComponent,Loot_ArmorCrate_UREL_02a_Spawner_C,Loot_ArmorCrate_UREL_02a_Spawner_C_UAID_D843AE1A93E5A9B402_6bf7ed90f87edc78_1715148529,-7251.88,-16153.231,376.27087,Reinforced Armour Chest,50.0,Blueprint,,,Armor_UREL,,
SceneComponent,Loot_AshPile_01a_Spawner_C,Loot_AshPile_01a_Spawner_C_UAID_00FF8EFC2BEF5F8202_a595927790dec5fd_1532847739,-47617.6,-7177.541,3035.3218,Pile of Ash,50.0,Blueprint,,,AshPile,,
SceneComponent,Loot_AshPile_01a_Spawner_C,Loot_AshPile_01a_Spawner_C_UAID_046874882494DD9A02_1bef1ea065e33b47_1638926124,-48258.977,-8718.655,2964.0952,Pile of Ash,50.0,Blueprint,,,AshPile,,
SceneComponent,Loot_AshPile_01a_Spawner_C,Loot_AshPile_01a_Spawner_C_UAID_046874882494DD9A02_1bef1ea065e33b47_1638940131,-48224.637,-8969.399,2978.5386,Pile of Ash,50.0,Blueprint,,,AshPile,,
SceneComponent,Loot_AshPile_01a_Spawner_C,Loot_AshPile_01a_Spawner_C_UAID_046874882494DD9A02_1bef1ea065e33b47_1638945134,-47887.777,-8994.407,2954.2058,Pile of Ash,50.0,Blueprint,,,AshPile,,
SceneComponent,Loot_AshPile_01a_Spawner_C,Loot_AshPile_01a_Spawner_C_UAID_08BFB82FEC6ABFE302_613646c311d01d8e_1937968998,-27520.328,-10333.746,2107.6797,Pile of Ash,50.0,Blueprint,,,AshPile,,
SceneComponent,Loot_AshPile_01a_Spawner_C,Loot_AshPile_01a_Spawner_C_UAID_08BFB82FEC6ABFE302_613646c311d01d8e_1961837004,-27701.785,-10856.293,2109.8088,Pile of Ash,50.0,Blueprint,,,AshPile,,
SceneComponent,Loot_AshPile_01a_Spawner_C,Loot_AshPile_01a_Spawner_C_UAID_08BFB82FEC6AC3E302_613646c311d01d8e_2067821991,-27666.01,-11499.15,2109.9094,Pile of Ash,50.0,Blueprint,,,AshPile,,
SceneComponent,Loot_AshPile_01a_Spawner_C,Loot_AshPile_01a_Spawner_C_UAID_08BFB82FEC6AC4E302_613646c311d01d8e_1444576095,-27087.438,-10687.438,2107.7063,Pile of Ash,50.0,Blueprint,,,AshPile,,
SceneComponent,Loot_AshPile_01a_Spawner_C,Loot_AshPile_01a_Spawner_C_UAID_08BFB82FEC6AC4E302_613646c311d01d8e_1473942101,-28071.271,-11202.133,2108.8691,Pile of Ash,50.0,Blueprint,,,AshPile,,
SceneComponent,Loot_AshPile_01a_Spawner_C,Loot_AshPile_01a_Spawner_C_UAID_581CF8B72315927E02_1bef1ea065e33b47_1444672360,-49774.137,-9292.605,2974.541,Pile of Ash,50.0,Blueprint,,,AshPile,,
SceneComponent,Loot_AshPile_01a_Spawner_C,Loot_AshPile_01a_Spawner_C_UAID_581CF8B72315947E02_1bef1ea065e33b47_1667272941,-48634.24,-9616.794,2979.46,Pile of Ash,50.0,Blueprint,,,AshPile,,
SceneComponent,Loot_AshPile_01a_Spawner_C,Loot_AshPile_01a_Spawner_C_UAID_581CF8B72315957E02_1bef1ea065e33b47_1895639647,-47804.336,-8014.6206,2960.1912,Pile of Ash,50.0,Blueprint,,,AshPile,,
SceneComponent,Loot_Barrel_01a_Spawner_C,Loot_Barrel_01a_C_UAID_04D9F5F93AD51C4402_71619fc7e70fc919_1772498953,-5137.882,17064.129,-504.21143,Oak Barrel,,,,,OakBarrel,,
SceneComponent,Loot_Barrel_01a_Spawner_C,Loot_Barrel_01a_C_UAID_04D9F5F93AD51C4402_71619fc7e70fc919_1931562215,-4607.8213,17288.871,-311.04358,Oak Barrel,,,,,OakBarrel,,
SceneComponent,Loot_Barrel_01a_Spawner_C,Loot_Barrel_01a_Spawner_C_1c556f47455d4841_11,-4160.5347,2427.1538,-74.12488,Oak Barrel,,,,,OakBarrel,,
SceneComponent,Loot_Barrel_01a_Spawner_C,Loot_Barrel_01a_Spawner_C_1c556f47455d4841_12,-4395.8535,1177.6857,-90.58453,Oak Barrel,,,,,OakBarrel,,
SceneComponent,Loot_Barrel_01a_Spawner_C,Loot_Barrel_01a_Spawner_C_1c556f47455d4841_13,-2631.6218,2129.906,-73.558304,Oak Barrel,,,,,OakBarrel,,
SceneComponent,Loot_Barrel_01a_Spawner_C,Loot_Barrel_01a_Spawner_C_1c556f47455d4841_14,-2516.6711,2584.22,-567.77844,Oak Barrel,,,,,OakBarrel,,
SceneComponent,Loot_Barrel_01a_Spawner_C,Loot_Barrel_01a_Spawner_C_UAID_00FF8EFC2BEF0C5502_00f39cf446d1fb61_1824699970,-1028.1846,29209.93,367.08755,Oak Barrel,,,,,OakBarrel,,
SceneComponent,Loot_Barrel_01a_Spawner_C,Loot_Barrel_01a_Spawner_C_UAID_00FF8EFC2BEF0C5502_0344a3f61ff4b1f2_1824699970,-49835.79,38064.01,1915.358,Oak Barrel,,,,,OakBarrel,,
SceneComponent,Loot_Barrel_01a_Spawner_C,Loot_Barrel_01a_Spawner_C_UAID_00FF8EFC2BEF0C5502_06251ac66d773ac2_1824699970,-19119.64,-14352.679,1606.5448,Oak Barrel,,,,,OakBarrel,,
SceneComponent,Loot_Barrel_01a_Spawner_C,Loot_Barrel_01a_Spawner_C_UAID_00FF8EFC2BEF0C5502_0adc7d4419bd3452_1824699970,-33340.625,-8469.581,2190.765,Oak Barrel,,,,,OakBarrel,,
SceneComponent,Loot_Barrel_01a_Spawner_C,Loot_Barrel_01a_Spawner_C_UAID_00FF8EFC2BEF0C5502_101014e3fef6094e_1824699970,-59741.207,34332.973,1715.0763,Oak Barrel,,,,,OakBarrel,,
SceneComponent,Loot_Barrel_01a_Spawner_C,Loot_Barrel_01a_Spawner_C_UAID_00FF8EFC2BEF0C5502_1bc7c5c279f96663_1824699970,-32351.734,-11408.925,2144.4746,Oak Barrel,,,,,OakBarrel,,
SceneComponent,Loot_Barrel_01a_Spawner_C,Loot_Barrel_01a_Spawner_C_UAID_00FF8EFC2BEF0C5502_362fa13e767afc80_1824699970,3087.2563,34134.594,865.502,Oak Barrel,,,,,OakBarrel,,
SceneComponent,Loot_Barrel_01a_Spawner_C,Loot_Barrel_01a_Spawner_C_UAID_00FF8EFC2BEF0C5502_3c8b64ed5a724655_1824699970,-21.119507,1149.093,106.3693,Oak Barrel,,,,,OakBarrel,,
SceneComponent,Loot_Barrel_01a_Spawner_C,Loot_Barrel_01a_Spawner_C_UAID_00FF8EFC2BEF0C5502_4e57bc55619124ee_1824699970,-52230.902,30729.428,1589.9729,Oak Barrel,,,,,OakBarrel,,
SceneComponent,Loot_Barrel_01a_Spawner_C,Loot_Barrel_01a_Spawner_C_UAID_00FF8EFC2BEF0C5502_997ecc894f42aa8b_1824699970,-22221.666,-17654.615,1877.0497,Oak Barrel,,,,,OakBarrel,,
SceneComponent,Loot_Barrel_01a_Spawner_C,Loot_Barrel_01a_Spawner_C_UAID_00FF8EFC2BEF0C5502_ab0540eb32bbe8fc_1824699970,-20417.998,18907.635,-304.7145,Oak Barrel,,,,,OakBarrel,,
SceneComponent,Loot_Barrel_01a_Spawner_C,Loot_Barrel_01a_Spawner_C_UAID_00FF8EFC2BEF0C5502_ac943e314dacce99_1824699970,-21268.787,-6470.158,1521.228,Oak Barrel,,,,,OakBarrel,,
SceneComponent,Loot_Barrel_01a_Spawner_C,Loot_Barrel_01a_Spawner_C_UAID_00FF8EFC2BEF0C5502_afd61186ea8f0cd3_1824699970,-6190.1484,-1161.5914,-147.93384,Oak Barrel,,,,,OakBarrel,,
SceneComponent,Loot_Barrel_01a_Spawner_C,Loot_Barrel_01a_Spawner_C_UAID_00FF8EFC2BEF0C5502_e7f65e957eff2b33_1824699970,-49028.43,23009.777,-102.1421,Oak Barrel,,,,,OakBarrel,,
SceneComponent,Loot_Barrel_01a_Spawner_C,Loot_Barrel_01a_Spawner_C_UAID_00FF8EFC2BEF0C5502_f9aaf3fee372a9e0_1824699970,-65779.23,26925.355,528.2682,Oak Barrel,,,,,OakBarrel,,
SceneComponent,Loot_Barrel_01a_Spawner_C,Loot_Barrel_01a_Spawner_C_UAID_00FF8EFC2BEF0C6602_1955f5d21cbe47a4_1691914644,23236.832,8815.966,2374.0159,Oak Barrel,,,,,OakBarrel,,
SceneComponent,Loot_Barrel_01a_Spawner_C,Loot_Barrel_01a_Spawner_C_UAID_00FF8EFC2BEF338402_7bc00f6ec963c845_1509548569,19909.873,-10163.19,2904.8193,Oak Barrel,,,,,OakBarrel,,
SceneComponent,Loot_Barrel_01a_Spawner_C,Loot_Barrel_01a_Spawner_C_UAID_00FF8EFC2BEF3E5202_1481323661,-16362.52,30135.8,-336.30344,Oak Barrel,,,,,OakBarrel,,
SceneComponent,Loot_Barrel_01a_Spawner_C,Loot_Barrel_01a_Spawner_C_UAID_00FF8EFC2BEF3E5202_1516273673,-16420.277,30041.773,-344.315,Oak Barrel,,,,,OakBarrel,,
SceneComponent,Loot_Barrel_01a_Spawner_C,Loot_Barrel_01a_Spawner_C_UAID_00FF8EFC2BEF5E8202_1bef1ea065e33b47_1277081350,-49485.887,-8861.533,2951.76,Oak Barrel,,,,,OakBarrel,,
SceneComponent,Loot_Barrel_01a_Spawner_C,Loot_Barrel_01a_Spawner_C_UAID_00FF8EFC2BEF6C5002_07c9148d4a4e50c4_2024411197,145.5443,19133.588,-244.99535,Oak Barrel,,,,,OakBarrel,,
SceneComponent,Loot_Barrel_01a_Spawner_C,Loot_Barrel_01a_Spawner_C_UAID_00FF8EFC2BEF6C5002_2c0ca50d216a4cfb_2024411197,-20715.99,-1297.318,1050.6228,Oak Barrel,,,,,OakBarrel,,
SceneComponent,Loot_Barrel_01a_Spawner_C,Loot_Barrel_01a_Spawner_C_UAID_00FF8EFC2BEF784F02_1689268343,-31313.943,-32001.855,5418.758,Oak Barrel,,,,,OakBarrel,,
SceneComponent,Loot_Barrel_01a_Spawner_C,Loot_Barrel_01a_Spawner_C_UAID_00FF8EFC2BEF9C4B02_01fae59d87578cd1_2023724981,-24441.627,25416.877,8.105332,Oak Barrel,,,,,OakBarrel,,
SceneComponent,Loot_Barrel_01a_Spawner_C,Loot_Barrel_01a_Spawner_C_UAID_00FF8EFC2BEF9C4B02_02565d4d0bcf91fc_2023724981,5070.4883,15260.853,-31.331053,Oak Barrel,,,,,OakBarrel,,
SceneComponent,Loot_Barrel_01a_Spawner_C,Loot_Barrel_01a_Spawner_C_UAID_00FF8EFC2BEF9C4B02_0bcd4694f69bf5ea_2023724981,-2103.8674,37698.754,642.3506,Oak Barrel,,,,,OakBarrel,,
SceneComponent,Loot_Barrel_01a_Spawner_C,Loot_Barrel_01a_Spawner_C_UAID_00FF8EFC2BEF9C4B02_162597510da26593_2023724981,7787.527,9679.96,548.63904,Oak Barrel,,,,,OakBarrel,,
SceneComponent,Loot_Barrel_01a_Spawner_C,Loot_Barrel_01a_Spawner_C_UAID_00FF8EFC2BEF9C4B02_1c16dc26147953ec_2023724981,-38731.145,28007.271,721.55695,Oak Barrel,,,,,OakBarrel,,
SceneComponent,Loot_Barrel_01a_Spawner_C,Loot_Barrel_01a_Spawner_C_UAID_00FF8EFC2BEF9C4B02_1cdb68a55f65d47f_2023724981,6197.3843,23345.873,977.30096,Oak Barrel,,,,,OakBarrel,,
SceneComponent,Loot_Barrel_01a_Spawner_C,Loot_Barrel_01a_Spawner_C_UAID_00FF8EFC2BEF9C4B02_3e4c0a6290a32c17_2023724981,-39289.39,20599.352,-217.53398,Oak Barrel,,,,,OakBarrel,,
SceneComponent,Loot_Barrel_01a_Spawner_C,Loot_Barrel_01a_Spawner_C_UAID_00FF8EFC2BEF9C4B02_43b39875556de187_2023724981,-45494.133,39495.637,2039.4749,Oak Barrel,,,,,OakBarrel,,
SceneComponent,Loot_Barrel_01a_Spawner_C,Loot_Barrel_01a_Spawner_C_UAID_00FF8EFC2BEF9C4B02_4a6d4bb66ff679d5_2023724981,-27547.777,-30906.645,4027.753,Oak Barrel,,,,,OakBarrel,,
SceneComponent,Loot_Barrel_01a_Spawner_C,Loot_Barrel_01a_Spawner_C_UAID_00FF8EFC2BEF9C4B02_4eba771ee7d6355f_2023724981,-31472.672,-27263.852,5768.3677,Oak Barrel,,,,,OakBarrel,,
SceneComponent,Loot_Barrel_01a_Spawner_C,Loot_Barrel_01a_Spawner_C_UAID_00FF8EFC2BEF9C4B02_4ed54cd565c148e7_2023724981,1229.6677,15348.627,-74.38924,Oak Barrel,,,,,OakBarrel,,
SceneComponent,Loot_Barrel_01a_Spawner_C,Loot_Barrel_01a_Spawner_C_UAID_00FF8EFC2BEF9C4B02_4eed9e9a93ef8cd9_2023724981,-44553.1,43872.21,2306.469,Oak Barrel,,,,,OakBarrel,,
SceneComponent,Loot_Barrel_01a_Spawner_C,Loot_Barrel_01a_Spawner_C_UAID_00FF8EFC2BEF9C4B02_60a7f8967ef896ba_2023724981,-20524.54,23211.334,-183.59932,Oak Barrel,,,,,OakBarrel,,
SceneComponent,Loot_Barrel_01a_Spawner_C,Loot_Barrel_01a_Spawner_C_UAID_00FF8EFC2BEF9C4B02_66ec4405ec0d48dd_2023724981,-42116.676,36749.53,1731.3475,Oak Barrel,,,,,OakBarrel,,
SceneComponent,Loot_Barrel_01a_Spawner_C,Loot_Barrel_01a_Spawner_C_UAID_00FF8EFC2BEF9C4B02_6d24e172355f7f44_2023724981,13958.032,-5516.657,2077.632,Oak Barrel,,,,,OakBarrel,,
SceneComponent,Loot_Barrel_01a_Spawner_C,Loot_Barrel_01a_Spawner_C_UAID_00FF8EFC2BEF9C4B02_6de347d53bf57804_2023724981,-33770.754,-19667.889,3935.9187,Oak Barrel,,,,,OakBarrel,,
SceneComponent,Loot_Barrel_01a_Spawner_C,Loot_Barrel_01a_Spawner_C_UAID_00FF8EFC2BEF9C4B02_6f264cae9d5b7c84_2023724981,-68204.85,12312.583,400.40753,Oak Barrel,,,,,OakBarrel,,
SceneComponent,Loot_Barrel_01a_Spawner_C,Loot_Barrel_01a_Spawner_C_UAID_00FF8EFC2BEF9C4B02_72035b7002b904dd_2023724981,-40605.543,23898.01,192.62778,Oak Barrel,,,,,OakBarrel,,
SceneComponent,Loot_Barrel_01a_Spawner_C,Loot_Barrel_01a_Spawner_C_UAID_00FF8EFC2BEF9C4B02_7b6ba7ee8c720009_2023724981,-16012.862,-28555.088,1555.855,Oak Barrel,,,,,OakBarrel,,
SceneComponent,Loot_Barrel_01a_Spawner_C,Loot_Barrel_01a_Spawner_C_UAID_00FF8EFC2BEF9C4B02_8c3843ce41bca276_2023724981,-15699.287,27405.193,-268.83368,Oak Barrel,,,,,OakBarrel,,
SceneComponent,Loot_Barrel_01a_Spawner_C,Loot_Barrel_01a_Spawner_C_UAID_00FF8EFC2BEF9C4B02_9e69735328fe3364_2023724981,-34942.02,28276.488,516.5928,Oak Barrel,,,,,OakBarrel,,
SceneComponent,Loot_Barrel_01a_Spawner_C,Loot_Barrel_01a_Spawner_C_UAID_00FF8EFC2BEF9C4B02_a20da4b0385bc54c_2023724981,-36689.164,40887.62,2232.874,Oak Barrel,,,,,OakBarrel,,
SceneComponent,Loot_Barrel_01a_Spawner_C,Loot_Barrel_01a_Spawner_C_UAID_00FF8EFC2BEF9C4B02_b4ebdb47f4a6040e_2023724981,-13792.115,24671.697,-233.46648,Oak Barrel,,,,,OakBarrel,,
SceneComponent,Loot_Barrel_01a_Spawner_C,Loot_Barrel_01a_Spawner_C_UAID_00FF8EFC2BEF9C4B02_b6054209625b46c5_2023724981,-19846.512,26688.645,-143.70813,Oak Barrel,,,,,OakBarrel,,
SceneComponent,Loot_Barrel_01a_Spawner_C,Loot_Barrel_01a_Spawner_C_UAID_00FF8EFC2BEF9C4B02_b79326e54bf070d6_2023724981,-30300.428,31731.574,589.6806,Oak Barrel,,,,,OakBarrel,,
SceneComponent,Loot_Barrel_01a_Spawner_C,Loot_Barrel_01a_Spawner_C_UAID_00FF8EFC2BEF9C4B02_bb7d6bec64839fcc_2023724981,-63.00391,-11613.578,1386.2179,Oak Barrel,,,,,OakBarrel,,
SceneComponent,Loot_Barrel_01a_Spawner_C,Loot_Barrel_01a_Spawner_C_UAID_00FF8EFC2BEF9C4B02_c9379b12032ccb02_2023724981,-18212.469,37560.05,-151.11787,Oak Barrel,,,,,OakBarrel,,
SceneComponent,Loot_Barrel_01a_Spawner_C,Loot_Barrel_01a_Spawner_C_UAID_00FF8EFC2BEF9C4B02_f02917f96ade8616_2023724981,-39752.97,36906.688,1819.434,Oak Barrel,,,,,OakBarrel,,
SceneComponent,Loot_Barrel_01a_Spawner_C,Loot_Barrel_01a_Spawner_C_UAID_00FF8EFC2BEF9C4B02_f048da80b789d300_2023724981,-2379.7373,16218.531,-126.66371,Oak Barrel,,,,,OakBarrel,,
SceneComponent,Loot_Barrel_01a_Spawner_C,Loot_Barrel_01a_Spawner_C_UAID_00FF8EFC2BEF9C5102_1668048584,-33158.16,39839.742,2159.4407,Oak Barrel,,,,,OakBarrel,,
SceneComponent,Loot_Barrel_01a_Spawner_C,Loot_Barrel_01a_Spawner_C_UAID_00FF8EFC2BEFD24D02_0a312fbc4afb4488_1103800447,12869.355,24104.621,815.0393,Oak Barrel,,,,,OakBarrel,,
SceneComponent,Loot_Barrel_01a_Spawner_C,Loot_Barrel_01a_Spawner_C_UAID_00FF8EFC2BEFD24D02_2f2bfe84f5110889_1103800447,-30595.545,-10169.4375,1914.4573,Oak Barrel,,,,,OakBarrel,,
SceneComponent,Loot_Barrel_01a_Spawner_C,Loot_Barrel_01a_Spawner_C_UAID_00FF8EFC2BEFD24D02_4109509038cefb76_1103800447,100.78653,19872.383,-95.7261,Oak Barrel,,,,,OakBarrel,,
SceneComponent,Loot_Barrel_01a_Spawner_C,Loot_Barrel_01a_Spawner_C_UAID_00FF8EFC2BEFD24D02_6aec634a6c057686_1103800447,-25263.607,21406.6,-159.5011,Oak Barrel,,,,,OakBarrel,,
SceneComponent,Loot_Barrel_01a_Spawner_C,Loot_Barrel_01a_Spawner_C_UAID_00FF8EFC2BEFD24D02_766f2ffb764df31d_1103800447,-20182.264,9045.488,513.32745,Oak Barrel,,,,,OakBarrel,,
SceneComponent,Loot_Barrel_01a_Spawner_C,Loot_Barrel_01a_Spawner_C_UAID_00FF8EFC2BEFD24D02_771ac9620a8d6964_1103800447,-48813.805,29737.527,1169.9398,Oak Barrel,,,,,OakBarrel,,
SceneComponent,Loot_Barrel_01a_Spawner_C,Loot_Barrel_01a_Spawner_C_UAID_00FF8EFC2BEFD24D02_790e45c22fc0bd0e_1103800447,14121.459,17002.902,1097.9961,Oak Barrel,,,,,OakBarrel,,
SceneComponent,Loot_Barrel_01a_Spawner_C,Loot_Barrel_01a_Spawner_C_UAID_00FF8EFC2BEFD24D02_8f31bc3208ea5d6d_1103800447,-19543.58,-2790.0078,1196.8519,Oak Barrel,,,,,OakBarrel,,
SceneComponent,Loot_Barrel_01a_Spawner_C,Loot_Barrel_01a_Spawner_C_UAID_00FF8EFC2BEFD24D02_b4bc4fab24eeb8fa_1103800447,-21028.428,-624.99164,1193.6715,Oak Barrel,,,,,OakBarrel,,
SceneComponent,Loot_Barrel_01a_Spawner_C,Loot_Barrel_01a_Spawner_C_UAID_00FF8EFC2BEFD24D02_e9525b3cb103be01_1103800447,-3266.243,35363.668,615.2223,Oak Barrel,,,,,OakBarrel,,
SceneComponent,Loot_Barrel_01a_Spawner_C,Loot_Barrel_01a_Spawner_C_UAID_00FF8EFC2BEFFA4A02_102f42342ad51ae4_1708861091,-27534.836,-48557.344,4413.355,Oak Barrel,,,,,OakBarrel,,
SceneComponent,Loot_Barrel_01a_Spawner_C,Loot_Barrel_01a_Spawner_C_UAID_00FF8EFC2BEFFA4A02_119d3d30fdffdcfb_1708861091,46.642017,-24631.318,-643.0323,Oak Barrel,,,,,OakBarrel,,
SceneComponent,Loot_Barrel_01a_Spawner_C,Loot_Barrel_01a_Spawner_C_UAID_00FF8EFC2BEFFA4A02_72ced786dc2c7e2e_1708861091,-35318.04,-45581.832,5223.4204,Oak Barrel,,,,,OakBarrel,,
SceneComponent,Loot_Barrel_01a_Spawner_C,Loot_Barrel_01a_Spawner_C_UAID_00FF8EFC2BEFFA4A02_92f5581d61a72517_1708861091,15759.787,-17376.104,-52.21409,Oak Barrel,,,,,OakBarrel,,
SceneComponent,Loot_Barrel_01a_Spawner_C,Loot_Barrel_01a_Spawner_C_UAID_00FF8EFC2BEFFA4A02_a7c5879f7633d1c4_1708861091,-50656.86,-8795.893,2905.923,Oak Barrel,,,,,OakBarrel,,
SceneComponent,Loot_Barrel_01a_Spawner_C,Loot_Barrel_01a_Spawner_C_UAID_00FF8EFC2BEFFA4A02_ac1e397bb2c09415_1708861091,7017.206,20120.723,770.78754,Oak Barrel,,,,,OakBarrel,,
SceneComponent,Loot_Barrel_01a_Spawner_C,Loot_Barrel_01a_Spawner_C_UAID_00FF8EFC2BEFFA4A02_fbc42e60926193c2_1708861091,-43698.953,38490.895,1115.9519,Oak Barrel,,,,,OakBarrel,,
SceneComponent,Loot_Barrel_01a_Spawner_C,Loot_Barrel_01a_Spawner_C_UAID_00FF8EFC2BEFFB5502_0db63d81c574f015_2074775117,14892.06,13226.958,1530.1082,Oak Barrel,,,,,OakBarrel,,
SceneComponent,Loot_Barrel_01a_Spawner_C,Loot_Barrel_01a_Spawner_C_UAID_00FF8EFC2BEFFB5502_3c3291fccc4d0ca2_2074775117,-30957.545,-45241.246,5201.1045,Oak Barrel,,,,,OakBarrel,,
SceneComponent,Loot_Barrel_01a_Spawner_C,Loot_Barrel_01a_Spawner_C_UAID_00FF8EFC2BEFFB5502_b4eb7b5d453a345a_2074775117,21589.453,-22347.332,2108.2336,Oak Barrel,,,,,OakBarrel,,
SceneComponent,Loot_Barrel_01a_Spawner_C,Loot_Barrel_01a_Spawner_C_UAID_00FF8EFC2BEFFB5502_e41ce24b7b9363e5_2074775117,-24573.613,30620.875,886.98083,Oak Barrel,,,,,OakBarrel,,
SceneComponent,Loot_Barrel_01a_Spawner_C,Loot_Barrel_01a_Spawner_C_UAID_00FF8EFC2BEFFB5502_e5dd62a3af5a34cb_2074775117,-57921.9,-19740.93,6400.91,Oak Barrel,,,,,OakBarrel,,
SceneComponent,Loot_Barrel_01a_Spawner_C,Loot_Barrel_01a_Spawner_C_UAID_0468748824944E9B02_2fce2bbb89772178_1424521940,-56818.297,21648.246,-474.6567,Oak Barrel,,,,,OakBarrel,,
SceneComponent,Loot_Barrel_01a_Spawner_C,Loot_Barrel_01a_Spawner_C_UAID_0468748824944E9B02_a83e5bb339f92cca_1424521940,-1129.7704,18384.805,-249.16046,Oak Barrel,,,,,OakBarrel,,
SceneComponent,Loot_Barrel_01a_Spawner_C,Loot_Barrel_01a_Spawner_C_UAID_0468748824944F9B02_4cae16ed3344ca34_1287994851,-17695.383,34415.684,-249.50757,Oak Barrel,,,,,OakBarrel,,
SceneComponent,Loot_Barrel_01a_Spawner_C,Loot_Barrel_01a_Spawner_C_UAID_046874882494A69E02_bd0f96a5981d5c04_1172348794,-40781.0,12976.08,-790.4816,Oak Barrel,,,,,OakBarrel,,
SceneComponent,Loot_Barrel_01a_Spawner_C,Loot_Barrel_01a_Spawner_C_UAID_046874882494A69E02_bd0f96a5981d5c04_1172353801,-41714.68,13332.233,-766.7514,Oak Barrel,,,,,OakBarrel,,
SceneComponent,Loot_Barrel_01a_Spawner_C,Loot_Barrel_01a_Spawner_C_UAID_046874882494A69E02_bd0f96a5981d5c04_1172548081,-38847.504,8152.0376,-209.54483,Oak Barrel,,,,,OakBarrel,,
SceneComponent,Loot_Barrel_01a_Spawner_C,Loot_Barrel_01a_Spawner_C_UAID_046874882494E29A02_1466ae8ec43e27f1_1769577255,314.9774,-27954.086,-711.9674,Oak Barrel,,,,,OakBarrel,,
SceneComponent,Loot_Barrel_01a_Spawner_C,Loot_Barrel_01a_Spawner_C_UAID_046874882494E29A02_e2ff3d6a2e99c6e4_1769577255,-6714.8564,16136.167,-698.9712,Oak Barrel,,,,,OakBarrel,,
SceneComponent,Loot_Barrel_01a_Spawner_C,Loot_Barrel_01a_Spawner_C_UAID_046874882494FB9802_8c02e6579b800a74_1087685745,-13163.039,31410.828,-698.9712,Oak Barrel,,,,,OakBarrel,,
SceneComponent,Loot_Barrel_01a_Spawner_C,Loot_Barrel_01a_Spawner_C_UAID_04D9F5F93AD5103A02_1269a2340174aaa3_1537663070,-63278.297,-13931.679,1571.1317,Oak Barrel,,,,,OakBarrel,,
SceneComponent,Loot_Barrel_01a_Spawner_C,Loot_Barrel_01a_Spawner_C_UAID_581CF8B7231536BC02_c3245b26535725e1_1481245088,22187.21,-5485.557,1009.1227,Oak Barrel,,,,,OakBarrel,,
SceneComponent,Loot_Barrel_01a_Spawner_C,Loot_Barrel_01a_Spawner_C_UAID_581CF8B72315394D02_fa61c736281e8a8a_1603070323,-37691.766,-29519.332,6996.763,Oak Barrel,,,,,OakBarrel,,
SceneComponent,Loot_Barrel_01a_Spawner_C,Loot_Barrel_01a_Spawner_C_UAID_581CF8B72315B45A02_c71ad3ef090f6a00_1807566025,-54677.918,34817.52,1741.7302,Oak Barrel,,,,,OakBarrel,,
SceneComponent,Loot_Barrel_01a_Spawner_C,Loot_Barrel_01a_Spawner_C_a595927790dec5fd_161,-48456.61,-6892.711,3513.9692,Oak Barrel,,,,,OakBarrel,,
SceneComponent,Loot_Barrel_01a_Spawner_C,Loot_Barrel_01a_Spawner_C_afe4a3bbeb7c2068_59,4499.908,-12413.345,935.13837,Oak Barrel,,,,,OakBarrel,,
SceneComponent,Loot_Barrel_01a_Spawner_C,Loot_Barrel_01a_Spawner_C_fc8c0294abca7aab_0,25669.236,-12613.481,611.069,Oak Barrel,,,,,OakBarrel,,
SceneComponent,Loot_Barrel_01a_Spawner_C,UNP_Loot_Barrel_01a1_42e60c0f2dfe0fa8_1,-13039.824,-12526.85,1329.5315,Oak Barrel,,,,,OakBarrel,,
SceneComponent,Loot_Barrel_01a_Spawner_C,UNP_Loot_Barrel_01a1_4c0740ed445982b4_1,-16917.723,-12605.27,1136.6422,Oak Barrel,,,,,OakBarrel,,
SceneComponent,Loot_Barrel_01a_Spawner_C,UNP_Loot_Barrel_01a1_5cd45a4e3089d131_1,-29684.164,-7621.3257,1972.1888,Oak Barrel,,,,,OakBarrel,,
SceneComponent,Loot_Barrel_01a_Spawner_C,UNP_Loot_Barrel_01a1_6bf7ed90f87edc78_1,-7636.5713,-15806.515,2790.5703,Oak Barrel,,,,,OakBarrel,,
SceneComponent,Loot_Barrel_01a_Spawner_C,UNP_Loot_Barrel_01a1_90429aff829b7e94_1,2402.4197,-11361.925,1643.7164,Oak Barrel,,,,,OakBarrel,,
SceneComponent,Loot_Barrel_01a_Spawner_C,UNP_Loot_Barrel_01a1_925fe67b578e1df0_1,-2444.9297,19952.19,281.0561,Oak Barrel,,,,,OakBarrel,,
SceneComponent,Loot_Barrel_01a_Spawner_C,UNP_Loot_Barrel_01a1_984f965975ddf80a_1,-58076.047,20034.426,55.55984,Oak Barrel,,,,,OakBarrel,,
SceneComponent,Loot_Barrel_01a_Spawner_C,UNP_Loot_Barrel_01a1_d7ab05e04fd848b6_1,-24243.635,-10418.867,1973.3314,Oak Barrel,,,,,OakBarrel,,
SceneComponent,Loot_Barrel_01a_Spawner_C,UNP_Loot_Barrel_01a2_42e60c0f2dfe0fa8_2,-13524.094,-12144.455,1105.3073,Oak Barrel,,,,,OakBarrel,,
SceneComponent,Loot_Barrel_01a_Spawner_C,UNP_Loot_Barrel_01a2_4c0740ed445982b4_3,-15094.248,-12237.842,1111.6926,Oak Barrel,,,,,OakBarrel,,
SceneComponent,Loot_Barrel_01a_Spawner_C,UNP_Loot_Barrel_01a2_5cd45a4e3089d131_2,-29943.389,-7061.374,1747.9646,Oak Barrel,,,,,OakBarrel,,
SceneComponent,Loot_Barrel_01a_Spawner_C,UNP_Loot_Barrel_01a2_6bf7ed90f87edc78_3,-7432.715,-15924.502,3436.9905,Oak Barrel,,,,,OakBarrel,,
SceneComponent,Loot_Barrel_01a_Spawner_C,UNP_Loot_Barrel_01a2_90429aff829b7e94_2,2152.5815,-10797.723,1419.4922,Oak Barrel,,,,,OakBarrel,,
SceneComponent,Loot_Barrel_01a_Spawner_C,UNP_Loot_Barrel_01a2_d7ab05e04fd848b6_2,-24051.23,-11005.147,1749.1072,Oak Barrel,,,,,OakBarrel,,
SceneComponent,Loot_Barrel_01a_Spawner_C,UNP_Loot_Barrel_01a3_34103052c501f18e_0,12348.944,19244.396,1068.1556,Oak Barrel,,,,,OakBarrel,,
SceneComponent,Loot_Barrel_01a_Spawner_C,UNP_Loot_Barrel_01a3_UAID_04D9F5F93AD5376D02_4fd79de106d61a35_1103958018,-16232.354,-11395.246,1097.9506,Oak Barrel,,,,,OakBarrel,,
SceneComponent,Loot_Barrel_01a_Spawner_C,UNP_Loot_Barrel_01a4_34103052c501f18e_1,10862.874,18145.762,753.00464,Oak Barrel,,,,,OakBarrel,,
SceneComponent,Loot_Barrel_01a_Spawner_C,UNP_Loot_Barrel_01a5_34103052c501f18e_2,11625.31,18672.861,966.4851,Oak Barrel,,,,,OakBarrel,,
SceneComponent,Loot_Barrel_01a_Spawner_C,UNP_Loot_Barrel_01a_0b1b71289748ba68_0,21597.76,-6694.7188,1285.6995,Oak Barrel,,,,,OakBarrel,,
SceneComponent,Loot_Barrel_01a_Spawner_C,UNP_Loot_Barrel_01a_0c7769a481dddbd5_0,-10277.276,14822.608,-704.6606,Oak Barrel,,,,,OakBarrel,,
SceneComponent,Loot_Barrel_01a_Spawner_C,UNP_Loot_Barrel_01a_0d0dea5677a86eb2_0,-11310.315,30901.088,-715.94336,Oak Barrel,,,,,OakBarrel,,
SceneComponent,Loot_Barrel_01a_Spawner_C,UNP_Loot_Barrel_01a_113aac40dd19cce1_1,-15406.7,-35633.395,1286.7852,Oak Barrel,,,,,OakBarrel,,
SceneComponent,Loot_Barrel_01a_Spawner_C,UNP_Loot_Barrel_01a_11d03667c1ed501b_0,7018.8496,-24086.271,106.48491,Oak Barrel,,,,,OakBarrel,,
SceneComponent,Loot_Barrel_01a_Spawner_C,UNP_Loot_Barrel_01a_20a12a9e4c9a08fc_0,-17192.242,35381.38,-226.52205,Oak Barrel,,,,,OakBarrel,,
SceneComponent,Loot_Barrel_01a_Spawner_C,UNP_Loot_Barrel_01a_32787930e307ffa0_0,32012.795,-4743.739,670.73627,Oak Barrel,,,,,OakBarrel,,
SceneComponent,Loot_Barrel_01a_Spawner_C,UNP_Loot_Barrel_01a_3e97c9af58a8baf4_0,5536.955,-30581.238,-83.983215,Oak Barrel,,,,,OakBarrel,,
SceneComponent,Loot_Barrel_01a_Spawner_C,UNP_Loot_Barrel_01a_42e60c0f2dfe0fa8_0,-13115.645,-12164.575,1282.7709,Oak Barrel,,,,,OakBarrel,,
SceneComponent,Loot_Barrel_01a_Spawner_C,UNP_Loot_Barrel_01a_4c0740ed445982b4_0,-15549.739,-10828.425,1111.6926,Oak Barrel,,,,,OakBarrel,,
SceneComponent,Loot_Barrel_01a_Spawner_C,UNP_Loot_Barrel_01a_55a6bec73623a530_1,-22113.82,-30.098097,1359.8804,Oak Barrel,,,,,OakBarrel,,
SceneComponent,Loot_Barrel_01a_Spawner_C,UNP_Loot_Barrel_01a_5cd45a4e3089d131_0,-29588.107,-7263.884,1925.4282,Oak Barrel,,,,,OakBarrel,,
SceneComponent,Loot_Barrel_01a_Spawner_C,UNP_Loot_Barrel_01a_643191a2278730e7_0,24858.527,-5056.4595,1073.1752,Oak Barrel,,,,,OakBarrel,,
SceneComponent,Loot_Barrel_01a_Spawner_C,UNP_Loot_Barrel_01a_6ac5069bbf985ffd_0,21765.885,-7156.491,1284.3778,Oak Barrel,,,,,OakBarrel,,
SceneComponent,Loot_Barrel_01a_Spawner_C,UNP_Loot_Barrel_01a_6bf7ed90f87edc78_0,-7612.4385,-15946.325,1893.448,Oak Barrel,,,,,OakBarrel,,
SceneComponent,Loot_Barrel_01a_Spawner_C,UNP_Loot_Barrel_01a_7bc00f6ec963c845_1,20482.574,-8916.234,2430.9739,Oak Barrel,,,,,OakBarrel,,
SceneComponent,Loot_Barrel_01a_Spawner_C,UNP_Loot_Barrel_01a_86279adec2ec3b27_1,-16247.054,18441.266,564.76953,Oak Barrel,,,,,OakBarrel,,
SceneComponent,Loot_Barrel_01a_Spawner_C,UNP_Loot_Barrel_01a_90429aff829b7e94_0,2504.4329,-11006.137,1596.9558,Oak Barrel,,,,,OakBarrel,,
SceneComponent,Loot_Barrel_01a_Spawner_C,UNP_Loot_Barrel_01a_925fe67b578e1df0_0,-2376.2053,19079.162,-239.19707,Oak Barrel,,,,,OakBarrel,,
SceneComponent,Loot_Barrel_01a_Spawner_C,UNP_Loot_Barrel_01a_97254c67907e6e41_0,7116.194,-36264.004,-254.85367,Oak Barrel,,,,,OakBarrel,,
SceneComponent,Loot_Barrel_01a_Spawner_C,UNP_Loot_Barrel_01a_984f965975ddf80a_0,-57236.684,20284.176,-464.6933,Oak Barrel,,,,,OakBarrel,,
SceneComponent,Loot_Barrel_01a_Spawner_C,UNP_Loot_Barrel_01a_Spawner1_643191a2278730e7_0,22367.469,-4796.44,572.42285,Oak Barrel,,,,,OakBarrel,,
SceneComponent,Loot_Barrel_01a_Spawner_C,UNP_Loot_Barrel_01a_Spawner1_f5f3745e62dd497c_3,-65788.93,-1797.0865,1699.3782,Oak Barrel,,,,,OakBarrel,,
SceneComponent,Loot_Barrel_01a_Spawner_C,UNP_Loot_Barrel_01a_Spawner_0152a6d4152e1e50_0,-63498.785,-1909.3918,1716.2839,Oak Barrel,,,,,OakBarrel,,
SceneComponent,Loot_Barrel_01a_Spawner_C,UNP_Loot_Barrel_01a_Spawner_0ec7953321b48e16_0,26303.645,-13087.341,2455.3337,Oak Barrel,,,,,OakBarrel,,
SceneComponent,Loot_Barrel_01a_Spawner_C,UNP_Loot_Barrel_01a_Spawner_14c2f7d024ec740e_0,-11619.269,23038.53,-296.97028,Oak Barrel,,,,,OakBarrel,,
SceneComponent,Loot_Barrel_01a_Spawner_C,UNP_Loot_Barrel_01a_Spawner_1839a5c7e36c7ddc_0,-50357.582,-32521.707,6945.5444,Oak Barrel,,,,,OakBarrel,,
SceneComponent,Loot_Barrel_01a_Spawner_C,UNP_Loot_Barrel_01a_Spawner_32787930e307ffa0_0,32582.83,-5153.852,570.81445,Oak Barrel,,,,,OakBarrel,,
SceneComponent,Loot_Barrel_01a_Spawner_C,UNP_Loot_Barrel_01a_Spawner_32787930e307ffa0_1,31191.604,-3770.3013,622.80817,Oak Barrel,,,,,OakBarrel,,
SceneComponent,Loot_Barrel_01a_Spawner_C,UNP_Loot_Barrel_01a_Spawner_32787930e307ffa0_2,32330.986,-4053.8696,565.5262,Oak Barrel,,,,,OakBarrel,,
SceneComponent,Loot_Barrel_01a_Spawner_C,UNP_Loot_Barrel_01a_Spawner_3b4b432d969ae11d_0,-23913.291,36821.457,670.3727,Oak Barrel,,,,,OakBarrel,,
SceneComponent,Loot_Barrel_01a_Spawner_C,UNP_Loot_Barrel_01a_Spawner_4c08294943a98cdb_0,18720.111,-9709.676,1979.6515,Oak Barrel,,,,,OakBarrel,,
SceneComponent,Loot_Barrel_01a_Spawner_C,UNP_Loot_Barrel_01a_Spawner_4c08294943a98cdb_1,20388.293,-7294.1504,1179.6515,Oak Barrel,,,,,OakBarrel,,
SceneComponent,Loot_Barrel_01a_Spawner_C,UNP_Loot_Barrel_01a_Spawner_5a6aa8b94c493df5_0,-4051.7903,-38802.18,243.17102,Oak Barrel,,,,,OakBarrel,,
SceneComponent,Loot_Barrel_01a_Spawner_C,UNP_Loot_Barrel_01a_Spawner_5b5755ea975a85a7_0,-24272.506,37102.426,661.96643,Oak Barrel,,,,,OakBarrel,,
SceneComponent,Loot_Barrel_01a_Spawner_C,UNP_Loot_Barrel_01a_Spawner_601a3976627e89c8_1,-48720.004,-8167.1387,2950.968,Oak Barrel,,,,,OakBarrel,,
SceneComponent,Loot_Barrel_01a_Spawner_C,UNP_Loot_Barrel_01a_Spawner_643191a2278730e7_0,25176.719,-4366.5903,967.96515,Oak Barrel,,,,,OakBarrel,,
SceneComponent,Loot_Barrel_01a_Spawner_C,UNP_Loot_Barrel_01a_Spawner_643191a2278730e7_1,21764.764,-2079.5278,626.29333,Oak Barrel,,,,,OakBarrel,,
SceneComponent,Loot_Barrel_01a_Spawner_C,UNP_Loot_Barrel_01a_Spawner_643191a2278730e7_2,24522.006,-3016.0596,826.3515,Oak Barrel,,,,,OakBarrel,,
SceneComponent,Loot_Barrel_01a_Spawner_C,UNP_Loot_Barrel_01a_Spawner_6aa29054035e3474_0,26407.332,-11837.763,569.6514,Oak Barrel,,,,,OakBarrel,,
SceneComponent,Loot_Barrel_01a_Spawner_C,UNP_Loot_Barrel_01a_Spawner_7c038072e9a58993_0,-19086.621,-18796.213,1728.5833,Oak Barrel,,,,,OakBarrel,,
SceneComponent,Loot_Barrel_01a_Spawner_C,UNP_Loot_Barrel_01a_Spawner_8eac155a205ad09c_0,-28845.59,36338.625,1307.4209,Oak Barrel,,,,,OakBarrel,,
SceneComponent,Loot_Barrel_01a_Spawner_C,UNP_Loot_Barrel_01a_Spawner_9a144d87647847f2_0,26430.61,-13525.437,2454.9216,Oak Barrel,,,,,OakBarrel,,
SceneComponent,Loot_Barrel_01a_Spawner_C,UNP_Loot_Barrel_01a_Spawner_C_d40d86cadf850e91_1,-49894.68,-31222.795,6940.374,Oak Barrel,,,,,OakBarrel,,
SceneComponent,Loot_Barrel_01a_Spawner_C,UNP_Loot_Barrel_01a_Spawner_UAID_046874882494069902_4c0740ed445982b4_2096025538,-15318.563,-11414.955,1109.8796,Oak Barrel,,,,,OakBarrel,,
SceneComponent,Loot_Barrel_01a_Spawner_C,UNP_Loot_Barrel_01a_Spawner_UAID_046874882494069902_4c0740ed445982b4_2097535603,-15214.086,-11574.5205,1108.219,Oak Barrel,,,,,OakBarrel,,
SceneComponent,Loot_Barrel_01a_Spawner_C,UNP_Loot_Barrel_01a_Spawner_UAID_046874882494359A02_afe4a3bbeb7c2068_1268816254,5076.3447,-10656.306,1421.284,Oak Barrel,,,,,OakBarrel,,
SceneComponent,Loot_Barrel_01a_Spawner_C,UNP_Loot_Barrel_01a_Spawner_UAID_046874882494359A02_afe4a3bbeb7c2068_1290639157,4694.793,-12808.307,1417.7936,Oak Barrel,,,,,OakBarrel,,
SceneComponent,Loot_Barrel_01a_Spawner_C,UNP_Loot_Barrel_01a_Spawner_UAID_0468748824943B9B02_5f70c77cbc927b1f_1761660310,-43945.09,33213.06,1341.7542,Oak Barrel,,,,,OakBarrel,,
SceneComponent,Loot_Barrel_01a_Spawner_C,UNP_Loot_Barrel_01a_Spawner_UAID_0468748824943B9B02_ee048d778535517c_1761660310,-26798.795,16823.543,-249.95079,Oak Barrel,,,,,OakBarrel,,
SceneComponent,Loot_Barrel_01a_Spawner_C,UNP_Loot_Barrel_01a_Spawner_UAID_046874882494449B02_566cfd8f809d947c_1513229048,8321.691,-21180.926,114.38092,Oak Barrel,,,,,OakBarrel,,
SceneComponent,Loot_Barrel_01a_Spawner_C,UNP_Loot_Barrel_01a_Spawner_UAID_046874882494459902_f3f59c752bd0a4d9_1433928422,-59044.883,9472.09,474.77966,Oak Barrel,,,,,OakBarrel,,
SceneComponent,Loot_Barrel_01a_Spawner_C,UNP_Loot_Barrel_01a_Spawner_UAID_0468748824944B9B02_d4266f8cc18702c5_1149151457,-15098.611,-36155.074,926.6775,Oak Barrel,,,,,OakBarrel,,
SceneComponent,Loot_Barrel_01a_Spawner_C,UNP_Loot_Barrel_01a_Spawner_UAID_0468748824944C9B02_d0e23cfe7f59ca33_2006386776,-25290.734,-6008.416,1770.3118,Oak Barrel,,,,,OakBarrel,,
SceneComponent,Loot_Barrel_01a_Spawner_C,UNP_Loot_Barrel_01a_Spawner_UAID_0468748824944C9B02_e1ce29a85d20fd8c_2006386776,-13690.132,-37437.195,930.0042,Oak Barrel,,,,,OakBarrel,,
SceneComponent,Loot_Barrel_01a_Spawner_C,UNP_Loot_Barrel_01a_Spawner_UAID_0468748824944E8902_1c556f47455d4841_1135160673,-3798.6475,2647.5435,-82.71456,Oak Barrel,,,,,OakBarrel,,
SceneComponent,Loot_Barrel_01a_Spawner_C,UNP_Loot_Barrel_01a_Spawner_UAID_0468748824944E8902_1c556f47455d4841_1135387680,-2896.6113,557.03284,-86.00264,Oak Barrel,,,,,OakBarrel,,
SceneComponent,Loot_Barrel_01a_Spawner_C,UNP_Loot_Barrel_01a_Spawner_UAID_0468748824944E8902_1c556f47455d4841_1235026884,-3271.5967,3342.8413,-567.6425,Oak Barrel,,,,,OakBarrel,,
SceneComponent,Loot_Barrel_01a_Spawner_C,UNP_Loot_Barrel_01a_Spawner_UAID_0468748824945C9802_9fac250d5149b043_1871246702,-15209.37,22108.95,-288.20486,Oak Barrel,,,,,OakBarrel,,
SceneComponent,Loot_Barrel_01a_Spawner_C,UNP_Loot_Barrel_01a_Spawner_UAID_0468748824945C9802_bda10b7c50163ff5_1871246702,-16922.932,18954.305,-290.74252,Oak Barrel,,,,,OakBarrel,,
SceneComponent,Loot_Barrel_01a_Spawner_C,UNP_Loot_Barrel_01a_Spawner_UAID_046874882494659802_601a3976627e89c8_1585350529,-48930.402,-7640.179,2957.1335,Oak Barrel,,,,,OakBarrel,,
SceneComponent,Loot_Barrel_01a_Spawner_C,UNP_Loot_Barrel_01a_Spawner_UAID_0468748824947D8B02_7bc00f6ec963c845_2128953540,20712.434,-10413.09,2858.722,Oak Barrel,,,,,OakBarrel,,
SceneComponent,Loot_Barrel_01a_Spawner_C,UNP_Loot_Barrel_01a_Spawner_UAID_046874882494859A02_367755be1ccb9d60_1585151370,-28714.307,-3083.5615,1758.0562,Oak Barrel,,,,,OakBarrel,,
SceneComponent,Loot_Barrel_01a_Spawner_C,UNP_Loot_Barrel_01a_Spawner_UAID_046874882494859A02_367755be1ccb9d60_1585180396,-28959.016,-5393.308,1746.2681,Oak Barrel,,,,,OakBarrel,,
SceneComponent,Loot_Barrel_01a_Spawner_C,UNP_Loot_Barrel_01a_Spawner_UAID_046874882494859A02_367755be1ccb9d60_1585220420,-25083.328,-8739.795,1746.5785,Oak Barrel,,,,,OakBarrel,,
SceneComponent,Loot_Barrel_01a_Spawner_C,UNP_Loot_Barrel_01a_Spawner_UAID_046874882494859A02_367755be1ccb9d60_1585347500,-25016.74,-6665.753,1743.8019,Oak Barrel,,,,,OakBarrel,,
SceneComponent,Loot_Barrel_01a_Spawner_C,UNP_Loot_Barrel_01a_Spawner_UAID_046874882494859A02_367755be1ccb9d60_1585384523,-29893.135,-6080.1284,1747.9143,Oak Barrel,,,,,OakBarrel,,
SceneComponent,Loot_Barrel_01a_Spawner_C,UNP_Loot_Barrel_01a_Spawner_UAID_046874882494859A02_367755be1ccb9d60_1585572638,-29185.7,-7835.3857,1694.1503,Oak Barrel,,,,,OakBarrel,,
SceneComponent,Loot_Barrel_01a_Spawner_C,UNP_Loot_Barrel_01a_Spawner_UAID_046874882494977D02_f5f3745e62dd497c_1434285213,-66842.48,-1942.4075,1695.364,Oak Barrel,,,,,OakBarrel,,
SceneComponent,Loot_Barrel_01a_Spawner_C,UNP_Loot_Barrel_01a_Spawner_UAID_0468748824949CD502_37bd26559c49d275_1308278015,-10342.939,-18017.838,1892.9454,Oak Barrel,,,,,OakBarrel,,
SceneComponent,Loot_Barrel_01a_Spawner_C,UNP_Loot_Barrel_01a_Spawner_UAID_046874882494AD8D02_c71ad3ef090f6a00_1993437553,-57247.203,36069.906,1784.5267,Oak Barrel,,,,,OakBarrel,,
SceneComponent,Loot_Barrel_01a_Spawner_C,UNP_Loot_Barrel_01a_Spawner_UAID_046874882494B49C02_d40d86cadf850e91_1893220078,-51298.2,-30204.88,6941.4604,Oak Barrel,,,,,OakBarrel,,
SceneComponent,Loot_Barrel_01a_Spawner_C,UNP_Loot_Barrel_01a_Spawner_UAID_046874882494B49C02_d40d86cadf850e91_1906812351,-51869.9,-30862.633,6934.402,Oak Barrel,,,,,OakBarrel,,
SceneComponent,Loot_Barrel_01a_Spawner_C,UNP_Loot_Barrel_01a_Spawner_UAID_046874882494B49C02_d40d86cadf850e91_1906946362,-50325.33,-30294.203,6934.402,Oak Barrel,,,,,OakBarrel,,
SceneComponent,Loot_Barrel_01a_Spawner_C,UNP_Loot_Barrel_01a_Spawner_UAID_046874882494B49C02_d40d86cadf850e91_1907781426,-50882.32,-32049.424,6940.7114,Oak Barrel,,,,,OakBarrel,,
SceneComponent,Loot_Barrel_01a_Spawner_C,UNP_Loot_Barrel_01a_Spawner_UAID_046874882494B49C02_d40d86cadf850e91_1908205478,-51126.16,-31748.602,6939.029,Oak Barrel,,,,,OakBarrel,,
SceneComponent,Loot_Barrel_01a_Spawner_C,UNP_Loot_Barrel_01a_Spawner_UAID_046874882494D99A02_7895f44951635563_1819283716,-47990.0,-10088.217,2956.4248,Oak Barrel,,,,,OakBarrel,,
SceneComponent,Loot_Barrel_01a_Spawner_C,UNP_Loot_Barrel_01a_Spawner_UAID_046874882494DC9A02_a595927790dec5fd_1424263411,-48800.125,-6478.2607,2951.703,Oak Barrel,,,,,OakBarrel,,
SceneComponent,Loot_Barrel_01a_Spawner_C,UNP_Loot_Barrel_01a_Spawner_UAID_046874882494E59402_307909d31b9b9ada_1720367606,-38880.883,-28187.842,8073.572,Oak Barrel,,,,,OakBarrel,,
SceneComponent,Loot_Barrel_01a_Spawner_C,UNP_Loot_Barrel_01a_Spawner_UAID_046874882494F39502_fa61c736281e8a8a_1309914643,-38229.95,-31071.52,6998.8667,Oak Barrel,,,,,OakBarrel,,
SceneComponent,Loot_Barrel_01a_Spawner_C,UNP_Loot_Barrel_01a_Spawner_UAID_046874882494F79302_b155a0e4697d664a_1684814886,-38112.594,-26267.76,6320.4014,Oak Barrel,,,,,OakBarrel,,
SceneComponent,Loot_Barrel_01a_Spawner_C,UNP_Loot_Barrel_01a_Spawner_UAID_046874882494F89A02_86279adec2ec3b27_1889840681,-15844.053,18616.52,-553.2562,Oak Barrel,,,,,OakBarrel,,
SceneComponent,Loot_Barrel_01a_Spawner_C,UNP_Loot_Barrel_01a_Spawner_UAID_046874882494F89A02_86279adec2ec3b27_1900301973,-14334.421,18985.98,565.21594,Oak Barrel,,,,,OakBarrel,,
SceneComponent,Loot_Barrel_01a_Spawner_C,UNP_Loot_Barrel_01a_Spawner_UAID_046874882494F89A02_86279adec2ec3b27_1904531097,-14151.568,17976.79,565.9494,Oak Barrel,,,,,OakBarrel,,
SceneComponent,Loot_Barrel_01a_Spawner_C,UNP_Loot_Barrel_01a_Spawner_UAID_046874882494F89A02_86279adec2ec3b27_1906706155,-14794.594,18765.87,186.17014,Oak Barrel,,,,,OakBarrel,,
SceneComponent,Loot_Barrel_01a_Spawner_C,UNP_Loot_Barrel_01a_Spawner_UAID_046874882494FA9A02_494699353dfaa609_1772384076,-10367.685,22335.486,-476.22763,Oak Barrel,,,,,OakBarrel,,
SceneComponent,Loot_Barrel_01a_Spawner_C,UNP_Loot_Barrel_01a_Spawner_UAID_046874882494FB9A02_71619fc7e70fc919_1213191048,-11845.282,21339.125,-291.6453,Oak Barrel,,,,,OakBarrel,,
SceneComponent,Loot_Barrel_01a_Spawner_C,UNP_Loot_Barrel_01a_Spawner_UAID_046874882494FB9A02_71619fc7e70fc919_1213285053,-14978.676,20312.49,-289.01096,Oak Barrel,,,,,OakBarrel,,
SceneComponent,Loot_Barrel_01a_Spawner_C,UNP_Loot_Barrel_01a_Spawner_UAID_046874882494FE9802_29c4ea76462ed633_1776576836,-28899.588,19357.33,-310.1612,Oak Barrel,,,,,OakBarrel,,
SceneComponent,Loot_Barrel_01a_Spawner_C,UNP_Loot_Barrel_01a_Spawner_UAID_046874882494FE9802_29c4ea76462ed633_1785283324,-30314.615,22482.268,-312.48938,Oak Barrel,,,,,OakBarrel,,
SceneComponent,Loot_Barrel_01a_Spawner_C,UNP_Loot_Barrel_01a_Spawner_UAID_046874882494FE9802_29c4ea76462ed633_1785810335,-33043.332,22731.158,-307.3706,Oak Barrel,,,,,OakBarrel,,
SceneComponent,Loot_Barrel_01a_Spawner_C,UNP_Loot_Barrel_01a_Spawner_UAID_18C04DA8201B437902_1955f5d21cbe47a4_1439525338,21893.896,7223.15,2381.0872,Oak Barrel,,,,,OakBarrel,,
SceneComponent,Loot_Barrel_01a_Spawner_C,UNP_Loot_Barrel_01a_Spawner_UAID_18C04DA8201B437902_1955f5d21cbe47a4_1577402852,23151.14,7687.318,2370.588,Oak Barrel,,,,,OakBarrel,,
SceneComponent,Loot_Barrel_01a_Spawner_C,UNP_Loot_Barrel_01a_Spawner_UAID_581CF8B723157CD802_aa00791f1230a3b5_1515069369,36984.254,-8247.232,-98.739975,Oak Barrel,,,,,OakBarrel,,
SceneComponent,Loot_Barrel_01a_Spawner_C,UNP_Loot_Barrel_01a_Spawner_UAID_581CF8B7231599D602_0ee7a365402e2b65_1724250494,33302.125,-14898.578,-100.98623,Oak Barrel,,,,,OakBarrel,,
SceneComponent,Loot_Barrel_01a_Spawner_C,UNP_Loot_Barrel_01a_Spawner_UAID_581CF8B72315DED602_09b253a8aea41573_1891792254,35602.117,-16491.16,-100.98623,Oak Barrel,,,,,OakBarrel,,
SceneComponent,Loot_Barrel_01a_Spawner_C,UNP_Loot_Barrel_01a_Spawner_UAID_581CF8B72315E5D602_73b7a2b36244c8f2_2071726048,37414.18,-18328.33,-28.179064,Oak Barrel,,,,,OakBarrel,,
SceneComponent,Loot_Barrel_01a_Spawner_C,UNP_Loot_Barrel_01a_Spawner_UAID_D843AE1A93E5D92C02_d29283f1d1e47264_1896898229,-44927.523,-6150.287,2884.0044,Oak Barrel,,,,,OakBarrel,,
SceneComponent,Loot_Barrel_01a_Spawner_C,UNP_Loot_Barrel_01a_Spawner_a7bf6c827d2e6cea_0,12942.652,-14814.587,1974.0077,Oak Barrel,,,,,OakBarrel,,
SceneComponent,Loot_Barrel_01a_Spawner_C,UNP_Loot_Barrel_01a_Spawner_da1ec3d8da7ef2d5_0,-51641.305,16331.591,-275.48245,Oak Barrel,,,,,OakBarrel,,
SceneComponent,Loot_Barrel_01a_Spawner_C,UNP_Loot_Barrel_01a_Spawner_e36258fa3443719a_0,-3692.5098,-39083.19,243.58293,Oak Barrel,,,,,OakBarrel,,
SceneComponent,Loot_Barrel_01a_Spawner_C,UNP_Loot_Barrel_01a_Spawner_e4a924a6b073f8a4_0,-2562.2039,-15222.584,145.23267,Oak Barrel,,,,,OakBarrel,,
SceneComponent,Loot_Barrel_01a_Spawner_C,UNP_Loot_Barrel_01a_Spawner_e5c093a2fdf2ce02_0,-58061.652,-16211.637,4618.817,Oak Barrel,,,,,OakBarrel,,
SceneComponent,Loot_Barrel_01a_Spawner_C,UNP_Loot_Barrel_01a_Spawner_f5f3745e62dd497c_2,-65692.875,-104.76406,1821.1207,Oak Barrel,,,,,OakBarrel,,
SceneComponent,Loot_Barrel_01a_Spawner_C,UNP_Loot_Barrel_01a_UAID_046874882494089902_4fd79de106d61a35_1094074595,-15229.527,-9404.192,1085.5692,Oak Barrel,,,,,OakBarrel,,
SceneComponent,Loot_Barrel_01a_Spawner_C,UNP_Loot_Barrel_01a_UAID_0468748824941A9902_5cd45a4e3089d131_1787408663,-28822.506,-7055.885,1747.102,Oak Barrel,,,,,OakBarrel,,
SceneComponent,Loot_Barrel_01a_Spawner_C,UNP_Loot_Barrel_01a_UAID_0468748824941A9902_d7ab05e04fd848b6_1787408663,-25165.16,-10880.3545,1748.2446,Oak Barrel,,,,,OakBarrel,,
SceneComponent,Loot_Barrel_01a_Spawner_C,UNP_Loot_Barrel_01a_UAID_0468748824941B9B02_71619fc7e70fc919_1552265605,-7740.9756,17663.873,-492.07767,Oak Barrel,,,,,OakBarrel,,
SceneComponent,Loot_Barrel_01a_Spawner_C,UNP_Loot_Barrel_01a_UAID_0468748824941F9602_55a6bec73623a530_1876198675,-22816.092,301.7683,1004.67053,Oak Barrel,,,,,OakBarrel,,
SceneComponent,Loot_Barrel_01a_Spawner_C,UNP_Loot_Barrel_01a_UAID_0468748824941F9602_bc9e8611b9e607b3_1876198675,-13645.355,20911.473,-285.06967,Oak Barrel,,,,,OakBarrel,,
SceneComponent,Loot_Barrel_01a_Spawner_C,UNP_Loot_Barrel_01a_UAID_0468748824941F9602_f5630e569374ca47_1876198675,5238.851,-11376.99,1422.5168,Oak Barrel,,,,,OakBarrel,,
SceneComponent,Loot_Barrel_01a_Spawner_C,UNP_Loot_Barrel_01a_UAID_0468748824942C9602_15ee20d066fe6090_1480670654,-20523.703,1518.705,1059.1202,Oak Barrel,,,,,OakBarrel,,
SceneComponent,Loot_Barrel_01a_Spawner_C,UNP_Loot_Barrel_01a_UAID_0468748824942C9602_3c5038982b9aeb70_1480670654,-16058.256,11792.114,-148.31761,Oak Barrel,,,,,OakBarrel,,
SceneComponent,Loot_Barrel_01a_Spawner_C,UNP_Loot_Barrel_01a_UAID_0468748824942C9602_43ca8b0119c0ee6f_1480670654,-15196.424,5403.6147,369.25662,Oak Barrel,,,,,OakBarrel,,
SceneComponent,Loot_Barrel_01a_Spawner_C,UNP_Loot_Barrel_01a_UAID_0468748824942C9602_8656f2d9fd9ee7ec_1480670654,-20875.455,-14440.468,1783.5581,Oak Barrel,,,,,OakBarrel,,
SceneComponent,Loot_Barrel_01a_Spawner_C,UNP_Loot_Barrel_01a_UAID_0468748824942C9602_875f76ffc23083a8_1480670654,-18925.205,7173.106,418.44037,Oak Barrel,,,,,OakBarrel,,
SceneComponent,Loot_Barrel_01a_Spawner_C,UNP_Loot_Barrel_01a_UAID_0468748824942C9602_cbfd6bbfec1eba2e_1480670654,-12435.456,7525.233,-169.31201,Oak Barrel,,,,,OakBarrel,,
SceneComponent,Loot_Barrel_01a_Spawner_C,UNP_Loot_Barrel_01a_UAID_0468748824942C9602_f25cac59fc3e8c55_1480670654,-32574.525,-6446.0483,1973.5743,Oak Barrel,,,,,OakBarrel,,
SceneComponent,Loot_Barrel_01a_Spawner_C,UNP_Loot_Barrel_01a_UAID_046874882494359A02_afe4a3bbeb7c2068_1277315606,2911.6294,-13131.617,935.1089,Oak Barrel,,,,,OakBarrel,,
SceneComponent,Loot_Barrel_01a_Spawner_C,UNP_Loot_Barrel_01a_UAID_0468748824944C9B02_d0e23cfe7f59ca33_2006374746,-25230.541,-5060.0557,1770.5166,Oak Barrel,,,,,OakBarrel,,
SceneComponent,Loot_Barrel_01a_Spawner_C,UNP_Loot_Barrel_01a_UAID_0468748824944C9B02_d0e23cfe7f59ca33_2006386778,-24969.889,-6275.4395,1770.8116,Oak Barrel,,,,,OakBarrel,,
SceneComponent,Loot_Barrel_01a_Spawner_C,UNP_Loot_Barrel_01a_UAID_0468748824944C9B02_e1ce29a85d20fd8c_2006374746,-14631.513,-37566.85,930.2091,Oak Barrel,,,,,OakBarrel,,
SceneComponent,Loot_Barrel_01a_Spawner_C,UNP_Loot_Barrel_01a_UAID_0468748824944C9B02_e1ce29a85d20fd8c_2006386778,-13492.268,-37069.645,930.5041,Oak Barrel,,,,,OakBarrel,,
SceneComponent,Loot_Barrel_01a_Spawner_C,UNP_Loot_Barrel_01a_UAID_0468748824944E8902_1c556f47455d4841_1225935456,-3838.4983,1802.5052,-565.1026,Oak Barrel,,,,,OakBarrel,,
SceneComponent,Loot_Barrel_01a_Spawner_C,UNP_Loot_Barrel_01a_UAID_0468748824944E8902_1c556f47455d4841_1226161464,-2861.7683,2088.5325,-565.58246,Oak Barrel,,,,,OakBarrel,,
SceneComponent,Loot_Barrel_01a_Spawner_C,UNP_Loot_Barrel_01a_UAID_0468748824944E8902_1c556f47455d4841_1234159869,-4390.2705,3391.9875,-462.93246,Oak Barrel,,,,,OakBarrel,,
SceneComponent,Loot_Barrel_01a_Spawner_C,UNP_Loot_Barrel_01a_UAID_0468748824944E8902_1c556f47455d4841_1234379875,-2986.475,2796.458,-461.7824,Oak Barrel,,,,,OakBarrel,,
SceneComponent,Loot_Barrel_01a_Spawner_C,UNP_Loot_Barrel_01a_UAID_0468748824944E8902_1c556f47455d4841_1258044275,-2298.326,872.36664,-70.85607,Oak Barrel,,,,,OakBarrel,,
SceneComponent,Loot_Barrel_01a_Spawner_C,UNP_Loot_Barrel_01a_UAID_0468748824944F9B02_4cae16ed3344ca34_1287881835,-18481.129,35234.652,-281.9227,Oak Barrel,,,,,OakBarrel,,
SceneComponent,Loot_Barrel_01a_Spawner_C,UNP_Loot_Barrel_01a_UAID_0468748824945C9802_9fac250d5149b043_1873976855,-15794.697,21360.35,-288.0,Oak Barrel,,,,,OakBarrel,,
SceneComponent,Loot_Barrel_01a_Spawner_C,UNP_Loot_Barrel_01a_UAID_0468748824945C9802_9fac250d5149b043_1874188869,-15323.313,22510.521,-287.705,Oak Barrel,,,,,OakBarrel,,
SceneComponent,Loot_Barrel_01a_Spawner_C,UNP_Loot_Barrel_01a_UAID_0468748824945C9802_bda10b7c50163ff5_1873976855,-17671.533,19539.63,-290.53766,Oak Barrel,,,,,OakBarrel,,
SceneComponent,Loot_Barrel_01a_Spawner_C,UNP_Loot_Barrel_01a_UAID_0468748824945C9802_bda10b7c50163ff5_1874188869,-16521.361,19068.248,-290.24265,Oak Barrel,,,,,OakBarrel,,
SceneComponent,Loot_Barrel_01a_Spawner_C,UNP_Loot_Barrel_01a_UAID_0468748824945E9802_42e60c0f2dfe0fa8_2079995798,-12526.645,-11633.079,1104.4447,Oak Barrel,,,,,OakBarrel,,
SceneComponent,Loot_Barrel_01a_Spawner_C,UNP_Loot_Barrel_01a_UAID_0468748824945E9802_90429aff829b7e94_2079995798,3273.4001,-10810.951,1418.6298,Oak Barrel,,,,,OakBarrel,,
SceneComponent,Loot_Barrel_01a_Spawner_C,UNP_Loot_Barrel_01a_UAID_046874882494609802_170009526a2c1544_1815132188,-28571.723,-4480.5435,1756.0327,Oak Barrel,,,,,OakBarrel,,
SceneComponent,Loot_Barrel_01a_Spawner_C,UNP_Loot_Barrel_01a_UAID_046874882494619802_126232618081b8ee_1308766060,-26858.992,-9603.539,1746.6752,Oak Barrel,,,,,OakBarrel,,
SceneComponent,Loot_Barrel_01a_Spawner_C,UNP_Loot_Barrel_01a_UAID_046874882494659802_601a3976627e89c8_1572380521,-48688.18,-7985.835,2960.03,Oak Barrel,,,,,OakBarrel,,
SceneComponent,Loot_Barrel_01a_Spawner_C,UNP_Loot_Barrel_01a_UAID_046874882494789602_25c38f96bd642657_2059332969,-26358.078,-7476.857,1768.4575,Oak Barrel,,,,,OakBarrel,,
SceneComponent,Loot_Barrel_01a_Spawner_C,UNP_Loot_Barrel_01a_UAID_046874882494789602_613646c311d01d8e_2059332969,-28044.168,-11724.27,1771.6836,Oak Barrel,,,,,OakBarrel,,
SceneComponent,Loot_Barrel_01a_Spawner_C,UNP_Loot_Barrel_01a_UAID_0468748824947D8B02_7bc00f6ec963c845_2129346556,20910.867,-10758.816,2347.9043,Oak Barrel,,,,,OakBarrel,,
SceneComponent,Loot_Barrel_01a_Spawner_C,UNP_Loot_Barrel_01a_UAID_046874882494859A02_367755be1ccb9d60_1585395532,-27604.918,-12710.683,1903.667,Oak Barrel,,,,,OakBarrel,,
SceneComponent,Loot_Barrel_01a_Spawner_C,UNP_Loot_Barrel_01a_UAID_046874882494859A02_367755be1ccb9d60_1585460568,-28274.07,-8002.427,1802.4099,Oak Barrel,,,,,OakBarrel,,
SceneComponent,Loot_Barrel_01a_Spawner_C,UNP_Loot_Barrel_01a_UAID_046874882494859A02_367755be1ccb9d60_1585610665,-29803.94,-4348.21,1745.2107,Oak Barrel,,,,,OakBarrel,,
SceneComponent,Loot_Barrel_01a_Spawner_C,UNP_Loot_Barrel_01a_UAID_046874882494859A02_367755be1ccb9d60_1585652692,-27677.074,-9435.149,1746.7528,Oak Barrel,,,,,OakBarrel,,
SceneComponent,Loot_Barrel_01a_Spawner_C,UNP_Loot_Barrel_01a_UAID_046874882494859A02_367755be1ccb9d60_1585703714,-29200.035,-11676.394,1754.6371,Oak Barrel,,,,,OakBarrel,,
SceneComponent,Loot_Barrel_01a_Spawner_C,UNP_Loot_Barrel_01a_UAID_046874882494977D02_f5f3745e62dd497c_1330259003,-66565.555,-1947.0002,1699.9683,Oak Barrel,,,,,OakBarrel,,
SceneComponent,Loot_Barrel_01a_Spawner_C,UNP_Loot_Barrel_01a_UAID_0468748824949AD502_6bf7ed90f87edc78_2008565953,-7135.074,-16681.246,4066.095,Oak Barrel,,,,,OakBarrel,,
SceneComponent,Loot_Barrel_01a_Spawner_C,UNP_Loot_Barrel_01a_UAID_0468748824949AD502_6bf7ed90f87edc78_2024535154,-7679.656,-16921.705,376.27087,Oak Barrel,,,,,OakBarrel,,
SceneComponent,Loot_Barrel_01a_Spawner_C,UNP_Loot_Barrel_01a_UAID_0468748824949AD502_6bf7ed90f87edc78_2024818171,-7150.961,-16529.807,374.0682,Oak Barrel,,,,,OakBarrel,,
SceneComponent,Loot_Barrel_01a_Spawner_C,UNP_Loot_Barrel_01a_UAID_0468748824949AD502_6bf7ed90f87edc78_2025637199,-8032.7954,-16346.703,374.52905,Oak Barrel,,,,,OakBarrel,,
SceneComponent,Loot_Barrel_01a_Spawner_C,UNP_Loot_Barrel_01a_UAID_0468748824949AD502_6bf7ed90f87edc78_2037829400,-7384.205,-16472.424,2796.337,Oak Barrel,,,,,OakBarrel,,
SceneComponent,Loot_Barrel_01a_Spawner_C,UNP_Loot_Barrel_01a_UAID_0468748824949CD502_37bd26559c49d275_1296712268,-14923.251,-17893.727,1694.8558,Oak Barrel,,,,,OakBarrel,,
SceneComponent,Loot_Barrel_01a_Spawner_C,UNP_Loot_Barrel_01a_UAID_0468748824949CD502_37bd26559c49d275_1309257322,-8796.078,-16404.496,1892.9956,Oak Barrel,,,,,OakBarrel,,
SceneComponent,Loot_Barrel_01a_Spawner_C,UNP_Loot_Barrel_01a_UAID_046874882494CC9502_97971df2a4ca033d_1238498338,-36046.92,-26212.984,8072.9365,Oak Barrel,,,,,OakBarrel,,
SceneComponent,Loot_Barrel_01a_Spawner_C,UNP_Loot_Barrel_01a_UAID_046874882494CC9502_97971df2a4ca033d_1243914469,-36047.344,-27099.51,9374.591,Oak Barrel,,,,,OakBarrel,,
SceneComponent,Loot_Barrel_01a_Spawner_C,UNP_Loot_Barrel_01a_UAID_046874882494CC9502_97971df2a4ca033d_1244470489,-36161.71,-26493.969,8073.7437,Oak Barrel,,,,,OakBarrel,,
SceneComponent,Loot_Barrel_01a_Spawner_C,UNP_Loot_Barrel_01a_UAID_046874882494CC9502_97971df2a4ca033d_1248202557,-35625.688,-27316.256,8178.5796,Oak Barrel,,,,,OakBarrel,,
SceneComponent,Loot_Barrel_01a_Spawner_C,UNP_Loot_Barrel_01a_UAID_046874882494CC9502_97971df2a4ca033d_1258926711,-35717.48,-27195.55,9372.921,Oak Barrel,,,,,OakBarrel,,
SceneComponent,Loot_Barrel_01a_Spawner_C,UNP_Loot_Barrel_01a_UAID_046874882494DD9A02_1bef1ea065e33b47_1605772723,-49720.89,-8608.075,2951.76,Oak Barrel,,,,,OakBarrel,,
SceneComponent,Loot_Barrel_01a_Spawner_C,UNP_Loot_Barrel_01a_UAID_046874882494EC9302_bbbfac29b2972afa_1193571705,-38917.13,-24241.715,8140.994,Oak Barrel,,,,,OakBarrel,,
SceneComponent,Loot_Barrel_01a_Spawner_C,UNP_Loot_Barrel_01a_UAID_046874882494F89A02_86279adec2ec3b27_1908326219,-15867.843,19234.557,186.37498,Oak Barrel,,,,,OakBarrel,,
SceneComponent,Loot_Barrel_01a_Spawner_C,UNP_Loot_Barrel_01a_UAID_046874882494F89A02_86279adec2ec3b27_1910287342,-14098.13,18351.56,186.37497,Oak Barrel,,,,,OakBarrel,,
SceneComponent,Loot_Barrel_01a_Spawner_C,UNP_Loot_Barrel_01a_UAID_046874882494FB9A02_71619fc7e70fc919_1231549833,-16492.941,18506.615,-376.3937,Oak Barrel,,,,,OakBarrel,,
SceneComponent,Loot_Barrel_01a_Spawner_C,UNP_Loot_Barrel_01a_UAID_046874882494FE9802_29c4ea76462ed633_1755720272,-29404.53,21369.605,-140.30786,Oak Barrel,,,,,OakBarrel,,
SceneComponent,Loot_Barrel_01a_Spawner_C,UNP_Loot_Barrel_01a_UAID_08BFB82FEC6A85DC02_3df28b0128384e50_1196662486,34217.89,-12650.437,76.793365,Oak Barrel,,,,,OakBarrel,,
SceneComponent,Loot_Barrel_01a_Spawner_C,UNP_Loot_Barrel_01a_UAID_08BFB82FEC6A85DC02_3df28b0128384e50_1196842492,35832.707,-13586.4375,76.79338,Oak Barrel,,,,,OakBarrel,,
SceneComponent,Loot_Barrel_01a_Spawner_C,UNP_Loot_Barrel_01a_UAID_08BFB82FEC6A85DC02_3df28b0128384e50_1197208499,36023.926,-13744.292,76.79338,Oak Barrel,,,,,OakBarrel,,
SceneComponent,Loot_Barrel_01a_Spawner_C,UNP_Loot_Barrel_01a_UAID_08BFB82FEC6A85DC02_3df28b0128384e50_1197390506,34413.375,-10417.062,77.07148,Oak Barrel,,,,,OakBarrel,,
SceneComponent,Loot_Barrel_01a_Spawner_C,UNP_Loot_Barrel_01a_UAID_18C04DA8201B437902_1955f5d21cbe47a4_1446584749,20067.81,3736.6702,2402.3833,Oak Barrel,,,,,OakBarrel,,
SceneComponent,Loot_Barrel_01a_Spawner_C,UNP_Loot_Barrel_01a_UAID_50EBF6D2996976A602_29c4ea76462ed633_1329503332,-29371.266,21450.219,-140.30786,Oak Barrel,,,,,OakBarrel,,
SceneComponent,Loot_Barrel_01a_Spawner_C,UNP_Loot_Barrel_01a_UAID_581CF8B723150CBE02_c3245b26535725e1_1581053319,21824.3,-6370.066,1074.8705,Oak Barrel,,,,,OakBarrel,,
SceneComponent,Loot_Barrel_01a_Spawner_C,UNP_Loot_Barrel_01a_UAID_581CF8B723150CBE02_c3245b26535725e1_1581255323,23789.992,-7032.447,1077.8563,Oak Barrel,,,,,OakBarrel,,
SceneComponent,Loot_Barrel_01a_Spawner_C,UNP_Loot_Barrel_01a_UAID_581CF8B723150CBE02_c3245b26535725e1_1581474329,22762.799,-5642.091,1077.8563,Oak Barrel,,,,,OakBarrel,,
SceneComponent,Loot_Barrel_01a_Spawner_C,UNP_Loot_Barrel_01a_UAID_581CF8B723150CBE02_c3245b26535725e1_1581700335,24779.037,-7037.474,1077.8563,Oak Barrel,,,,,OakBarrel,,
SceneComponent,Loot_Barrel_01a_Spawner_C,UNP_Loot_Barrel_01a_UAID_581CF8B7231511D902_6dfd51d988941e94_1528733034,38994.824,-10575.311,5.5550327,Oak Barrel,,,,,OakBarrel,,
SceneComponent,Loot_Barrel_01a_Spawner_C,UNP_Loot_Barrel_01a_UAID_581CF8B7231535D802_7b0b2d09dbcdc51c_2027536996,33955.574,-8968.467,10.359526,Oak Barrel,,,,,OakBarrel,,
SceneComponent,Loot_Barrel_01a_Spawner_C,UNP_Loot_Barrel_01a_UAID_581CF8B723154ED602_a9a338b10a444bbb_1289250007,30601.312,-13885.224,-102.20438,Oak Barrel,,,,,OakBarrel,,
SceneComponent,Loot_Barrel_01a_Spawner_C,UNP_Loot_Barrel_01a_UAID_581CF8B7231564CF02_0af8d68b152618b4_1625211423,27425.56,-6367.2495,968.11444,Oak Barrel,,,,,OakBarrel,,
SceneComponent,Loot_Barrel_01a_Spawner_C,UNP_Loot_Barrel_01a_UAID_581CF8B723156ABE02_20e2b082a6cc054c_1247626259,22845.232,-8376.965,968.11444,Oak Barrel,,,,,OakBarrel,,
SceneComponent,Loot_Barrel_01a_Spawner_C,UNP_Loot_Barrel_01a_UAID_581CF8B723156ABE02_20e2b082a6cc054c_1250341319,23803.566,-7896.613,1076.0669,Oak Barrel,,,,,OakBarrel,,
SceneComponent,Loot_Barrel_01a_Spawner_C,UNP_Loot_Barrel_01a_UAID_581CF8B7231579BD02_2d71cfae02a1eb4f_1792739313,21597.76,-6694.7188,1285.6995,Oak Barrel,,,,,OakBarrel,,
SceneComponent,Loot_Barrel_01a_Spawner_C,UNP_Loot_Barrel_01a_UAID_581CF8B7231579BD02_2d71cfae02a1eb4f_1793349321,20997.955,-7068.676,1284.8563,Oak Barrel,,,,,OakBarrel,,
SceneComponent,Loot_Barrel_01a_Spawner_C,UNP_Loot_Barrel_01a_UAID_581CF8B7231579BD02_2d71cfae02a1eb4f_1793534327,21765.885,-7156.491,1284.3778,Oak Barrel,,,,,OakBarrel,,
SceneComponent,Loot_Barrel_01a_Spawner_C,UNP_Loot_Barrel_01a_UAID_581CF8B723157CD802_aa00791f1230a3b5_1518104436,35536.215,-7333.5337,-2.2079191,Oak Barrel,,,,,OakBarrel,,
SceneComponent,Loot_Barrel_01a_Spawner_C,UNP_Loot_Barrel_01a_UAID_581CF8B723158CD602_e28dd75b0dfb6fe0_1181558757,31447.857,-13567.12,6.067164,Oak Barrel,,,,,OakBarrel,,
SceneComponent,Loot_Barrel_01a_Spawner_C,UNP_Loot_Barrel_01a_UAID_581CF8B723158CD602_e28dd75b0dfb6fe0_1181721761,32087.965,-14800.7705,4.8562746,Oak Barrel,,,,,OakBarrel,,
SceneComponent,Loot_Barrel_01a_Spawner_C,UNP_Loot_Barrel_01a_UAID_581CF8B7231599D602_0ee7a365402e2b65_1730154602,33078.473,-14308.291,4.7252283,Oak Barrel,,,,,OakBarrel,,
SceneComponent,Loot_Barrel_01a_Spawner_C,UNP_Loot_Barrel_01a_UAID_581CF8B72315D64D02_fa61c736281e8a8a_1885164846,-39042.83,-27052.873,7020.8037,Oak Barrel,,,,,OakBarrel,,
SceneComponent,Loot_Barrel_01a_Spawner_C,UNP_Loot_Barrel_01a_UAID_581CF8B72315E0D602_5a5767cc339294e0_1760278603,41626.51,-12589.009,4.9808693,Oak Barrel,,,,,OakBarrel,,
SceneComponent,Loot_Barrel_01a_Spawner_C,UNP_Loot_Barrel_01a_UAID_581CF8B72315E0D602_5a5767cc339294e0_1760490609,41795.082,-13011.995,77.57695,Oak Barrel,,,,,OakBarrel,,
SceneComponent,Loot_Barrel_01a_Spawner_C,UNP_Loot_Barrel_01a_UAID_581CF8B72315E0D602_5a5767cc339294e0_1760714615,40674.84,-13967.397,55.37837,Oak Barrel,,,,,OakBarrel,,
SceneComponent,Loot_Barrel_01a_Spawner_C,UNP_Loot_Barrel_01a_UAID_581CF8B72315E0D602_5a5767cc339294e0_1760925621,39692.473,-12910.538,77.57694,Oak Barrel,,,,,OakBarrel,,
SceneComponent,Loot_Barrel_01a_Spawner_C,UNP_Loot_Barrel_01a_UAID_581CF8B72315E0D602_5a5767cc339294e0_1762315643,40048.85,-12456.736,-27.797123,Oak Barrel,,,,,OakBarrel,,
SceneComponent,Loot_Barrel_01a_Spawner_C,UNP_Loot_Barrel_01a_UAID_581CF8B72315E0D602_fa7bcc8dea0c77fa_1760278603,37217.145,-17158.762,4.980869,Oak Barrel,,,,,OakBarrel,,
SceneComponent,Loot_Barrel_01a_Spawner_C,UNP_Loot_Barrel_01a_UAID_581CF8B72315E0D602_fa7bcc8dea0c77fa_1760490609,37048.574,-16735.775,77.57695,Oak Barrel,,,,,OakBarrel,,
SceneComponent,Loot_Barrel_01a_Spawner_C,UNP_Loot_Barrel_01a_UAID_581CF8B72315E0D602_fa7bcc8dea0c77fa_1760714615,38168.812,-15780.373,55.37837,Oak Barrel,,,,,OakBarrel,,
SceneComponent,Loot_Barrel_01a_Spawner_C,UNP_Loot_Barrel_01a_UAID_581CF8B72315E0D602_fa7bcc8dea0c77fa_1760925621,39151.18,-16837.232,77.57694,Oak Barrel,,,,,OakBarrel,,
SceneComponent,Loot_Barrel_01a_Spawner_C,UNP_Loot_Barrel_01a_UAID_581CF8B72315E0D602_fa7bcc8dea0c77fa_1762315643,38794.805,-17291.035,-27.797123,Oak Barrel,,,,,OakBarrel,,
SceneComponent,Loot_Barrel_01a_Spawner_C,UNP_Loot_Barrel_01a_UAID_581CF8B72315E5D602_73b7a2b36244c8f2_2071085042,36987.89,-18295.732,76.58199,Oak Barrel,,,,,OakBarrel,,
SceneComponent,Loot_Barrel_01a_Spawner_C,UNP_Loot_Barrel_01a_UAID_D843AE1A93E5282D02_5f7908dd7b4d37e4_1545118563,-49047.566,25013.646,246.31204,Oak Barrel,,,,,OakBarrel,,
SceneComponent,Loot_Barrel_01a_Spawner_C,UNP_Loot_Barrel_01a_UAID_D843AE1A93E5282D02_b0f02e005cabac39_1595115600,-20206.986,-15389.101,1740.26,Oak Barrel,,,,,OakBarrel,,
SceneComponent,Loot_Barrel_01a_Spawner_C,UNP_Loot_Barrel_01a_b5745b35e45b7221_0,3816.079,30808.469,886.9135,Oak Barrel,,,,,OakBarrel,,
SceneComponent,Loot_Barrel_01a_Spawner_C,UNP_Loot_Barrel_01a_b6e1203a46f5f334_0,9073.848,-26439.438,499.35703,Oak Barrel,,,,,OakBarrel,,
SceneComponent,Loot_Barrel_01a_Spawner_C,UNP_Loot_Barrel_01a_baa8b15818293da8_0,-23058.088,-2757.8901,1389.47,Oak Barrel,,,,,OakBarrel,,
SceneComponent,Loot_Barrel_01a_Spawner_C,UNP_Loot_Barrel_01a_bab8d00770b9ef65_0,-58553.13,30005.35,1435.1523,Oak Barrel,,,,,OakBarrel,,
SceneComponent,Loot_Barrel_01a_Spawner_C,UNP_Loot_Barrel_01a_bc9e8611b9e607b3_1,-14026.795,21588.1,70.140114,Oak Barrel,,,,,OakBarrel,,
SceneComponent,Loot_Barrel_01a_Spawner_C,UNP_Loot_Barrel_01a_c2de904be5f12f2d_0,-45490.305,-18837.543,5782.8525,Oak Barrel,,,,,OakBarrel,,
SceneComponent,Loot_Barrel_01a_Spawner_C,UNP_Loot_Barrel_01a_cfaf3eb286611196_0,-54625.39,39341.465,1781.756,Oak Barrel,,,,,OakBarrel,,
SceneComponent,Loot_Barrel_01a_Spawner_C,UNP_Loot_Barrel_01a_d64dd2cdc8b57a25_0,-16523.596,-23057.54,1766.0055,Oak Barrel,,,,,OakBarrel,,
SceneComponent,Loot_Barrel_01a_Spawner_C,UNP_Loot_Barrel_01a_d7ab05e04fd848b6_0,-24380.576,-10762.726,1926.5708,Oak Barrel,,,,,OakBarrel,,
SceneComponent,Loot_Barrel_01a_Spawner_C,UNP_Loot_Barrel_01a_de3ea46d7e17404a_0,20997.955,-7068.676,1284.8563,Oak Barrel,,,,,OakBarrel,,
SceneComponent,Loot_Barrel_01a_Spawner_C,UNP_Loot_Barrel_01a_e22d4a9d885f2dce_0,-52801.926,24248.729,218.51715,Oak Barrel,,,,,OakBarrel,,
SceneComponent,Loot_Barrel_01a_Spawner_C,UNP_Loot_Barrel_01a_f11eefd5725d5c3a_0,-67102.016,26632.54,271.09488,Oak Barrel,,,,,OakBarrel,,
SceneComponent,Loot_Barrel_01a_Spawner_C,UNP_Loot_Barrel_01a_f5345b2b34b3415e_1,-26481.541,-5042.5854,2103.4216,Oak Barrel,,,,,OakBarrel,,
SceneComponent,Loot_Barrel_01a_Spawner_C,UNP_Loot_Barrel_01a_f5630e569374ca47_1,5484.0405,-10639.968,1777.7266,Oak Barrel,,,,,OakBarrel,,
SceneComponent,Loot_Barrel_01a_Spawner_C,UNP_PG_FlourSacks_09a37_9fac250d5149b043_3,-15675.1455,22532.137,61.87859,Oak Barrel,,,,,OakBarrel,,
SceneComponent,Loot_Barrel_01a_Spawner_C,UNP_PG_FlourSacks_09a37_UAID_0468748824944C9B02_d0e23cfe7f59ca33_2006379761,-24667.344,-6094.5537,2120.3953,Oak Barrel,,,,,OakBarrel,,
SceneComponent,Loot_Barrel_01a_Spawner_C,UNP_PG_FlourSacks_09a37_UAID_0468748824944C9B02_e1ce29a85d20fd8c_2006379761,-13729.721,-36809.13,1280.0876,Oak Barrel,,,,,OakBarrel,,
SceneComponent,Loot_Barrel_01a_Spawner_C,UNP_PG_FlourSacks_09a37_bda10b7c50163ff5_3,-16499.746,19420.08,59.34094,Oak Barrel,,,,,OakBarrel,,
SceneComponent,Loot_Barrel_01a_Spawner_C,UNP_PG_OldShelf_Template_01a4_7895f44951635563_1,-46768.81,-10010.869,2956.2178,Oak Barrel,,,,,OakBarrel,,
SceneComponent,Loot_Barrel_01a_Spawner_C,UNP_PG_OldShelf_Template_01a4_9fac250d5149b043_1,-15624.299,21396.594,-288.0,Oak Barrel,,,,,OakBarrel,,
SceneComponent,Loot_Barrel_01a_Spawner_C,UNP_PG_OldShelf_Template_01a4_UAID_0468748824944C9B02_d0e23cfe7f59ca33_2006380764,-25350.686,-5186.2095,1770.5166,Oak Barrel,,,,,OakBarrel,,
SceneComponent,Loot_Barrel_01a_Spawner_C,UNP_PG_OldShelf_Template_01a4_UAID_0468748824944C9B02_e1ce29a85d20fd8c_2006380764,-14483.981,-37659.5,930.2091,Oak Barrel,,,,,OakBarrel,,
SceneComponent,Loot_Barrel_01a_Spawner_C,UNP_PG_OldShelf_Template_01a4_bda10b7c50163ff5_1,-17635.29,19369.232,-290.53766,Oak Barrel,,,,,OakBarrel,,
SceneComponent,Loot_Barrel_01a_Spawner_C,UNP_PG_SC_Barrels_020_UAID_046874882494089902_4fd79de106d61a35_1103304501,-16766.988,-11936.149,1100.8789,Oak Barrel,,,,,OakBarrel,,
SceneComponent,Loot_Barrel_01a_Spawner_C,UNP_PG_SC_Barrels_020_UAID_046874882494859A02_367755be1ccb9d60_1585454564,-27747.91,-5752.405,1747.6024,Oak Barrel,,,,,OakBarrel,,
SceneComponent,Loot_Barrel_01a_Spawner_C,UNP_PG_SC_Barrels_020_UAID_046874882494CC9502_97971df2a4ca033d_1248551565,-36112.53,-26236.697,10177.909,Oak Barrel,,,,,OakBarrel,,
SceneComponent,Loot_Barrel_01a_Spawner_C,UNP_PG_SC_Barrels_020_UAID_046874882494DB9A02_a595927790dec5fd_2085105137,-47768.742,-7852.7065,2962.502,Oak Barrel,,,,,OakBarrel,,
SceneComponent,Loot_Barrel_01a_Spawner_C,UNP_PG_SC_Barrels_020_UAID_046874882494DD9A02_1bef1ea065e33b47_1606884761,-49247.492,-7510.4336,2959.6084,Oak Barrel,,,,,OakBarrel,,
SceneComponent,Loot_Barrel_01a_Spawner_C,UNP_PG_SC_Barrels_020_UAID_046874882494E49402_dd9000abe4fb1d99_1523793009,-35940.902,-25112.734,8076.8286,Oak Barrel,,,,,OakBarrel,,
SceneComponent,Loot_Barrel_01a_Spawner_C,UNP_PG_SC_Barrels_020_UAID_046874882494F89A02_86279adec2ec3b27_1888987621,-15673.298,18780.85,-612.17896,Oak Barrel,,,,,OakBarrel,,
SceneComponent,Loot_Barrel_01a_Spawner_C,UNP_PG_SC_Barrels_020_UAID_046874882494FE9802_29c4ea76462ed633_1765300457,-29780.738,19709.525,-310.83847,Oak Barrel,,,,,OakBarrel,,
SceneComponent,Loot_Barrel_01a_Spawner_C,UNP_PG_SC_Barrels_020_UAID_581CF8B72315E4D602_d52d91af14afa8f4_2106680855,41272.016,-11569.862,-26.597479,Oak Barrel,,,,,OakBarrel,,
SceneComponent,Loot_Basket_Large_01a_Spawner_C,Loot_Basket_Large_01a_Spawner_C_UAID_00FF8EFC2BEF338402_7bc00f6ec963c845_1564519580,20961.172,-11094.937,2239.3735,Basket,50.0,Blueprint,,,Basket_Large,,
SceneComponent,Loot_Basket_Large_01a_Spawner_C,Loot_Basket_Large_01a_Spawner_C_UAID_046874882494859A02_367755be1ccb9d60_1585334492,-26214.879,-6844.393,1806.6512,Basket,50.0,Blueprint,,,Basket_Large,,
SceneComponent,Loot_Basket_Large_01a_Spawner_C,Loot_Basket_Large_01a_Spawner_C_UAID_046874882494859A02_367755be1ccb9d60_1585485585,-28449.135,-9380.458,1812.831,Basket,50.0,Blueprint,,,Basket_Large,,
SceneComponent,Loot_Basket_Large_01a_Spawner_C,Loot_Basket_Large_01a_Spawner_C_UAID_046874882494AD8D02_c71ad3ef090f6a00_2004135342,-57170.44,36519.57,1784.9929,Basket,50.0,Blueprint,,,Basket_Large,,
SceneComponent,Loot_Basket_Large_01a_Spawner_C,Loot_Basket_Large_01a_Spawner_C_UAID_04D9F5F93AD5724902_25c38f96bd642657_2121984340,-26502.824,-7513.1377,1767.6593,Basket,50.0,Blueprint,,,Basket_Large,,
SceneComponent,Loot_Basket_Large_01a_Spawner_C,Loot_Basket_Large_01a_Spawner_C_UAID_04D9F5F93AD5724902_613646c311d01d8e_2121984340,-27900.248,-11684.837,1770.8855,Basket,50.0,Blueprint,,,Basket_Large,,
SceneComponent,Loot_Basket_Large_01a_Spawner_C,Loot_Basket_Large_01a_Spawner_C_UAID_581CF8B72315425202_85bb18fbbf27a88e_1757332117,-27633.81,-7485.2373,2057.0735,Basket,50.0,Blueprint,,,Basket_Large,,
SceneComponent,Loot_Basket_Large_01a_Spawner_C,Loot_Basket_Large_01a_Spawner_C_UAID_D843AE1A93E5498902_d675ac69400b5c24_1551626335,-2324.6719,2498.3857,424.36823,Basket,50.0,Blueprint,,,Basket_Large,,
SceneComponent,Loot_Basket_Medium_01a_Spawner_C,Loot_Basket_Medium_01a_Spawner_C_UAID_046874882494859A02_367755be1ccb9d60_1585423547,-27857.873,-6156.887,1746.0599,Basket,50.0,Blueprint,,,Basket_Medium,,
SceneComponent,Loot_Basket_Medium_01a_Spawner_C,Loot_Basket_Medium_01a_Spawner_C_UAID_04D9F5F93AD5953102_39c53a56517c239f_1497988234,14507.168,13515.238,1574.8123,Basket,50.0,Blueprint,,,Basket_Medium,,
SceneComponent,Loot_Basket_Medium_01a_Spawner_C,Loot_Basket_Medium_01a_Spawner_C_UAID_04D9F5F93AD5953102_3e62a173f235e900_1497988234,21687.857,-21875.256,2134.8193,Basket,50.0,Blueprint,,,Basket_Medium,,
SceneComponent,Loot_Basket_Medium_01a_Spawner_C,Loot_Basket_Medium_01a_Spawner_C_UAID_04D9F5F93AD5953102_6c4c20721545df36_1497988234,-30521.057,-45443.055,5245.8086,Basket,50.0,Blueprint,,,Basket_Medium,,
SceneComponent,Loot_Basket_Medium_01a_Spawner_C,Loot_Basket_Medium_01a_Spawner_C_UAID_04D9F5F93AD5953102_a1b8e9568afcd202_1497988234,-57523.75,-19471.258,6445.6143,Basket,50.0,Blueprint,,,Basket_Medium,,
SceneComponent,Loot_Basket_Medium_01a_Spawner_C,Loot_Basket_Medium_01a_Spawner_C_UAID_04D9F5F93AD5953102_b48abfd6dd8426a8_1497988234,-24419.393,30165.395,931.68494,Basket,50.0,Blueprint,,,Basket_Medium,,
SceneComponent,Loot_Basket_Medium_01a_Spawner_C,Loot_Basket_Medium_01a_Spawner_C_UAID_581CF8B72315425202_85bb18fbbf27a88e_1775373124,-27231.365,-7183.8027,2056.6082,Basket,50.0,Blueprint,,,Basket_Medium,,
SceneComponent,Loot_Basket_Medium_01a_Spawner_C,Loot_Basket_Medium_01a_Spawner_C_UAID_581CF8B72315774E02_fa61c736281e8a8a_2126186357,-36347.453,-26005.803,6997.274,Basket,50.0,Blueprint,,,Basket_Medium,,
SceneComponent,Loot_Basket_Medium_01a_Spawner_C,Loot_Basket_Medium_01a_Spawner_C_UAID_581CF8B723158A4D02_fa61c736281e8a8a_1645460445,-37183.676,-28417.06,6997.274,Basket,50.0,Blueprint,,,Basket_Medium,,
SceneComponent,Loot_Basket_Medium_01a_Spawner_C,Loot_Basket_Medium_01a_Spawner_C_a595927790dec5fd_1,-48779.594,-6998.0635,3513.969,Basket,50.0,Blueprint,,,Basket_Medium,,
SceneComponent,Loot_Basket_Medium_01a_Spawner_C,Loot_Basket_Medium_01a_Spawner_C_afe4a3bbeb7c2068_1,3446.2263,-13425.093,1777.6033,Basket,50.0,Blueprint,,,Basket_Medium,,
SceneComponent,Loot_Basket_Medium_01a_Spawner_C,Loot_Basket_Medium_01a_Spawner_C_afe4a3bbeb7c2068_2,2814.5422,-11925.707,1427.2731,Basket,50.0,Blueprint,,,Basket_Medium,,
SceneComponent,Loot_Basket_Medium_01a_Spawner_C,Loot_Basket_Medium_01a_Spawner_C_afe4a3bbeb7c2068_7,3256.1423,-13331.504,935.13336,Basket,50.0,Blueprint,,,Basket_Medium,,
SceneComponent,Loot_Basket_Medium_01a_Spawner_C,UNP_Loot_Basket_Medium_01a1_6bf7ed90f87edc78_1,-7926.513,-16157.383,3444.9849,Basket,50.0,Blueprint,,,Basket_Medium,,
SceneComponent,Loot_Basket_Medium_01a_Spawner_C,UNP_Loot_Basket_Medium_01a1_86279adec2ec3b27_1,-16148.537,19004.363,564.80444,Basket,50.0,Blueprint,,,Basket_Medium,,
SceneComponent,Loot_Basket_Medium_01a_Spawner_C,UNP_Loot_Basket_Medium_01a_6bf7ed90f87edc78_0,-7910.174,-16145.228,3158.3062,Basket,50.0,Blueprint,,,Basket_Medium,,
SceneComponent,Loot_Basket_Medium_01a_Spawner_C,UNP_Loot_Basket_Medium_01a_86279adec2ec3b27_0,-13950.036,18134.357,565.9149,Basket,50.0,Blueprint,,,Basket_Medium,,
SceneComponent,Loot_Basket_Medium_01a_Spawner_C,UNP_Loot_Basket_Medium_01a_925fe67b578e1df0_0,-2116.7354,19614.861,239.38504,Basket,50.0,Blueprint,,,Basket_Medium,,
SceneComponent,Loot_Basket_Medium_01a_Spawner_C,UNP_Loot_Basket_Medium_01a_984f965975ddf80a_0,-57814.797,20425.9,13.888794,Basket,50.0,Blueprint,,,Basket_Medium,,
SceneComponent,Loot_Basket_Medium_01a_Spawner_C,UNP_Loot_Basket_Medium_01a_Spawner_601a3976627e89c8_0,-48805.44,-7655.7627,2951.8118,Basket,50.0,Blueprint,,,Basket_Medium,,
SceneComponent,Loot_Basket_Medium_01a_Spawner_C,UNP_Loot_Basket_Medium_01a_Spawner_UAID_046874882494069902_4c0740ed445982b4_2094512463,-16889.895,-12668.759,1286.5415,Basket,50.0,Blueprint,,,Basket_Medium,,
SceneComponent,Loot_Basket_Medium_01a_Spawner_C,UNP_Loot_Basket_Medium_01a_Spawner_UAID_0468748824941F9602_55a6bec73623a530_1877094718,-22459.55,-331.14658,1209.5182,Basket,50.0,Blueprint,,,Basket_Medium,,
SceneComponent,Loot_Basket_Medium_01a_Spawner_C,UNP_Loot_Basket_Medium_01a_Spawner_UAID_0468748824941F9602_bc9e8611b9e607b3_1877094718,-13570.673,21634.055,-80.22208,Basket,50.0,Blueprint,,,Basket_Medium,,
SceneComponent,Loot_Basket_Medium_01a_Spawner_C,UNP_Loot_Basket_Medium_01a_Spawner_UAID_0468748824941F9602_f5630e569374ca47_1877094718,5824.404,-10947.069,1627.3644,Basket,50.0,Blueprint,,,Basket_Medium,,
SceneComponent,Loot_Basket_Medium_01a_Spawner_C,UNP_Loot_Basket_Medium_01a_Spawner_UAID_046874882494359A02_afe4a3bbeb7c2068_1270131312,4198.047,-10238.981,1418.3074,Basket,50.0,Blueprint,,,Basket_Medium,,
SceneComponent,Loot_Basket_Medium_01a_Spawner_C,UNP_Loot_Basket_Medium_01a_Spawner_UAID_0468748824944C9B02_d0e23cfe7f59ca33_2006375748,-24785.256,-5541.2417,1937.2134,Basket,50.0,Blueprint,,,Basket_Medium,,
SceneComponent,Loot_Basket_Medium_01a_Spawner_C,UNP_Loot_Basket_Medium_01a_Spawner_UAID_0468748824944C9B02_e1ce29a85d20fd8c_2006375748,-14248.5205,-37034.746,1096.9059,Basket,50.0,Blueprint,,,Basket_Medium,,
SceneComponent,Loot_Basket_Medium_01a_Spawner_C,UNP_Loot_Basket_Medium_01a_Spawner_UAID_0468748824944E8902_1c556f47455d4841_1141024711,-5594.525,5239.1816,-79.930565,Basket,50.0,Blueprint,,,Basket_Medium,,
SceneComponent,Loot_Basket_Medium_01a_Spawner_C,UNP_Loot_Basket_Medium_01a_Spawner_UAID_0468748824944E8902_1c556f47455d4841_1225716451,-2702.3162,2201.8267,611.4023,Basket,50.0,Blueprint,,,Basket_Medium,,
SceneComponent,Loot_Basket_Medium_01a_Spawner_C,UNP_Loot_Basket_Medium_01a_Spawner_UAID_0468748824944E8902_1c556f47455d4841_1254237195,-3686.4734,-307.017,-76.17883,Basket,50.0,Blueprint,,,Basket_Medium,,
SceneComponent,Loot_Basket_Medium_01a_Spawner_C,UNP_Loot_Basket_Medium_01a_Spawner_UAID_0468748824945C9802_9fac250d5149b043_1872217769,-15890.368,22008.938,-121.30325,Basket,50.0,Blueprint,,,Basket_Medium,,
SceneComponent,Loot_Basket_Medium_01a_Spawner_C,UNP_Loot_Basket_Medium_01a_Spawner_UAID_0468748824945C9802_bda10b7c50163ff5_1872217769,-17022.943,19635.303,-123.840904,Basket,50.0,Blueprint,,,Basket_Medium,,
SceneComponent,Loot_Basket_Medium_01a_Spawner_C,UNP_Loot_Basket_Medium_01a_Spawner_UAID_046874882494609802_170009526a2c1544_1814949183,-27249.242,-4476.8745,1984.5226,Basket,50.0,Blueprint,,,Basket_Medium,,
SceneComponent,Loot_Basket_Medium_01a_Spawner_C,UNP_Loot_Basket_Medium_01a_Spawner_UAID_046874882494859A02_367755be1ccb9d60_1585119350,-28643.729,-3206.9988,1755.18,Basket,50.0,Blueprint,,,Basket_Medium,,
SceneComponent,Loot_Basket_Medium_01a_Spawner_C,UNP_Loot_Basket_Medium_01a_Spawner_UAID_046874882494859A02_367755be1ccb9d60_1585580643,-28942.377,-9775.731,1945.2482,Basket,50.0,Blueprint,,,Basket_Medium,,
SceneComponent,Loot_Basket_Medium_01a_Spawner_C,UNP_Loot_Basket_Medium_01a_Spawner_UAID_046874882494977D02_f5f3745e62dd497c_1269667638,-65126.285,-2762.718,1699.4375,Basket,50.0,Blueprint,,,Basket_Medium,,
SceneComponent,Loot_Basket_Medium_01a_Spawner_C,UNP_Loot_Basket_Medium_01a_Spawner_UAID_046874882494977D02_f5f3745e62dd497c_1269763644,-66798.96,-2632.9377,1694.605,Basket,50.0,Blueprint,,,Basket_Medium,,
SceneComponent,Loot_Basket_Medium_01a_Spawner_C,UNP_Loot_Basket_Medium_01a_Spawner_UAID_046874882494CC9502_97971df2a4ca033d_1240652399,-35180.574,-26888.477,9146.794,Basket,50.0,Blueprint,,,Basket_Medium,,
SceneComponent,Loot_Basket_Medium_01a_Spawner_C,UNP_Loot_Basket_Medium_01a_Spawner_UAID_046874882494D39502_c28b544d044813cd_1677157254,-36385.234,-25329.19,7212.2275,Basket,50.0,Blueprint,,,Basket_Medium,,
SceneComponent,Loot_Basket_Medium_01a_Spawner_C,UNP_Loot_Basket_Medium_01a_Spawner_UAID_046874882494D99A02_7895f44951635563_1817885604,-47382.457,-10181.203,3163.443,Basket,50.0,Blueprint,,,Basket_Medium,,
SceneComponent,Loot_Basket_Medium_01a_Spawner_C,UNP_Loot_Basket_Medium_01a_Spawner_UAID_18C04DA8201B437902_1955f5d21cbe47a4_1438937309,22224.643,7215.397,2588.3086,Basket,50.0,Blueprint,,,Basket_Medium,,
SceneComponent,Loot_Basket_Medium_01a_Spawner_C,UNP_Loot_Basket_Medium_01a_Spawner_UAID_581CF8B72315E5D602_73b7a2b36244c8f2_2070635033,37575.797,-18094.465,151.19481,Basket,50.0,Blueprint,,,Basket_Medium,,
SceneComponent,Loot_Basket_Small_01a_Spawner_C,Loot_Basket_Small_01a_Spawner_C_1c556f47455d4841_0,-4219.2476,1727.7152,-565.00446,Basket,50.0,Blueprint,,,Basket_Small,,
SceneComponent,Loot_Basket_Small_01a_Spawner_C,Loot_Basket_Small_01a_Spawner_C_1c556f47455d4841_1,-4317.43,1836.5441,-68.987564,Basket,50.0,Blueprint,,,Basket_Small,,
SceneComponent,Loot_Basket_Small_01a_Spawner_C,Loot_Basket_Small_01a_Spawner_C_UAID_00FF8EFC2BEF3B8F02_28dbdb27ef38be71_1875761131,401.03748,18850.633,-121.831696,Basket,50.0,Blueprint,,,Basket_Small,,
SceneComponent,Loot_Basket_Small_01a_Spawner_C,Loot_Basket_Small_01a_Spawner_C_UAID_00FF8EFC2BEF3B8F02_fa191fbf37f2dc23_1875761131,-20374.564,-1465.7852,1175.352,Basket,50.0,Blueprint,,,Basket_Small,,
SceneComponent,Loot_Basket_Small_01a_Spawner_C,Loot_Basket_Small_01a_Spawner_C_UAID_0468748824944E8902_1c556f47455d4841_1229175545,-3532.6863,-93.197,5.01532,Basket,50.0,Blueprint,,,Basket_Small,,
SceneComponent,Loot_Basket_Small_01a_Spawner_C,Loot_Basket_Small_01a_Spawner_C_UAID_046874882494739B02_0db63d81c574f015_1633461645,13993.89,13871.332,1668.3047,Basket,50.0,Blueprint,,,Basket_Small,,
SceneComponent,Loot_Basket_Small_01a_Spawner_C,Loot_Basket_Small_01a_Spawner_C_UAID_046874882494739B02_3c3291fccc4d0ca2_1633461645,-29944.877,-45684.457,5339.3013,Basket,50.0,Blueprint,,,Basket_Small,,
SceneComponent,Loot_Basket_Small_01a_Spawner_C,Loot_Basket_Small_01a_Spawner_C_UAID_046874882494739B02_b4eb7b5d453a345a_1633461645,21792.598,-21256.195,2204.033,Basket,50.0,Blueprint,,,Basket_Small,,
SceneComponent,Loot_Basket_Small_01a_Spawner_C,Loot_Basket_Small_01a_Spawner_C_UAID_046874882494739B02_e41ce24b7b9363e5_1633461645,-24197.688,29581.352,1025.1774,Basket,50.0,Blueprint,,,Basket_Small,,
SceneComponent,Loot_Basket_Small_01a_Spawner_C,Loot_Basket_Small_01a_Spawner_C_UAID_046874882494739B02_e5dd62a3af5a34cb_1633461645,-57019.582,-19102.377,6539.1064,Basket,50.0,Blueprint,,,Basket_Small,,
SceneComponent,Loot_Basket_Small_01a_Spawner_C,Loot_Basket_Small_01a_Spawner_C_UAID_046874882494859A02_367755be1ccb9d60_1585134360,-25320.045,-11209.18,1745.0693,Basket,50.0,Blueprint,,,Basket_Small,,
SceneComponent,Loot_Basket_Small_01a_Spawner_C,Loot_Basket_Small_01a_Spawner_C_UAID_046874882494859A02_367755be1ccb9d60_1585594655,-28703.293,-6766.7637,1745.0101,Basket,50.0,Blueprint,,,Basket_Small,,
SceneComponent,Loot_Basket_Small_01a_Spawner_C,Loot_Basket_Small_01a_Spawner_C_UAID_0468748824949CD502_37bd26559c49d275_1299727746,-13934.915,-17546.309,1783.1863,Basket,50.0,Blueprint,,,Basket_Small,,
SceneComponent,Loot_Basket_Small_01a_Spawner_C,Loot_Basket_Small_01a_Spawner_C_UAID_0468748824949CD502_37bd26559c49d275_1324696072,-1399.8574,-14499.618,1781.3259,Basket,50.0,Blueprint,,,Basket_Small,,
SceneComponent,Loot_Basket_Small_01a_Spawner_C,Loot_Basket_Small_01a_Spawner_C_UAID_046874882494AD8D02_c71ad3ef090f6a00_1998046852,-54550.234,34602.957,1798.5557,Basket,50.0,Blueprint,,,Basket_Small,,
SceneComponent,Loot_Basket_Small_01a_Spawner_C,Loot_Basket_Small_01a_Spawner_C_UAID_046874882494DB9A02_a595927790dec5fd_2083891081,-47882.8,-8222.862,3514.451,Basket,50.0,Blueprint,,,Basket_Small,,
SceneComponent,Loot_Basket_Small_01a_Spawner_C,Loot_Basket_Small_01a_Spawner_C_UAID_046874882494E59402_6329e284061ca9fb_1090341392,-39128.914,-25241.271,8163.8315,Basket,50.0,Blueprint,,,Basket_Small,,
SceneComponent,Loot_Basket_Small_01a_Spawner_C,Loot_Basket_Small_01a_Spawner_C_UAID_046874882494EA8802_1269a2340174aaa3_1736256498,-62704.363,-13947.377,1641.0859,Basket,50.0,Blueprint,,,Basket_Small,,
SceneComponent,Loot_Basket_Small_01a_Spawner_C,Loot_Basket_Small_01a_Spawner_C_UAID_046874882494FE9802_29c4ea76462ed633_1767803567,-28368.951,21901.268,-247.5561,Basket,50.0,Blueprint,,,Basket_Small,,
SceneComponent,Loot_Basket_Small_01a_Spawner_C,Loot_Basket_Small_01a_Spawner_C_UAID_046874882494FE9802_29c4ea76462ed633_1771379634,-34231.33,22725.785,-222.3826,Basket,50.0,Blueprint,,,Basket_Small,,
SceneComponent,Loot_Basket_Small_01a_Spawner_C,Loot_Basket_Small_01a_Spawner_C_UAID_04D9F5F93AD54C4102_4c0740ed445982b4_1398644877,-15923.879,-12860.64,1181.2859,Basket,50.0,Blueprint,,,Basket_Small,,
SceneComponent,Loot_Basket_Small_01a_Spawner_C,Loot_Basket_Small_01a_Spawner_C_UAID_581CF8B72315C05A02_c71ad3ef090f6a00_2012502414,-56029.33,36383.273,1731.3387,Basket,50.0,Blueprint,,,Basket_Small,,
SceneComponent,Loot_Basket_Small_01a_Spawner_C,Loot_Basket_Small_01a_Spawner_C_afe4a3bbeb7c2068_1,4436.2495,-11977.978,1528.1033,Basket,50.0,Blueprint,,,Basket_Small,,
SceneComponent,Loot_Basket_Small_01a_Spawner_C,UNP_Loot_Basket_Small_01a1_925fe67b578e1df0_1,-2454.5042,19346.19,349.6098,Basket,50.0,Blueprint,,,Basket_Small,,
SceneComponent,Loot_Basket_Small_01a_Spawner_C,UNP_Loot_Basket_Small_01a1_984f965975ddf80a_1,-57481.44,20151.773,124.11356,Basket,50.0,Blueprint,,,Basket_Small,,
SceneComponent,Loot_Basket_Small_01a_Spawner_C,UNP_Loot_Basket_Small_01a2_86279adec2ec3b27_2,-13979.811,18983.262,186.37497,Basket,50.0,Blueprint,,,Basket_Small,,
SceneComponent,Loot_Basket_Small_01a_Spawner_C,UNP_Loot_Basket_Small_01a3_86279adec2ec3b27_3,-14703.356,18690.97,269.70343,Basket,50.0,Blueprint,,,Basket_Small,,
SceneComponent,Loot_Basket_Small_01a_Spawner_C,UNP_Loot_Basket_Small_01a_34103052c501f18e_0,11473.575,19407.559,1323.8795,Basket,50.0,Blueprint,,,Basket_Small,,
SceneComponent,Loot_Basket_Small_01a_Spawner_C,UNP_Loot_Basket_Small_01a_86279adec2ec3b27_0,-14828.959,18036.848,566.035,Basket,50.0,Blueprint,,,Basket_Small,,
SceneComponent,Loot_Basket_Small_01a_Spawner_C,UNP_Loot_Basket_Small_01a_925fe67b578e1df0_0,-1935.9851,19916.514,38.826588,Basket,50.0,Blueprint,,,Basket_Small,,
SceneComponent,Loot_Basket_Small_01a_Spawner_C,UNP_Loot_Basket_Small_01a_984f965975ddf80a_0,-58147.574,20539.58,-186.66966,Basket,50.0,Blueprint,,,Basket_Small,,
SceneComponent,Loot_Basket_Small_01a_Spawner_C,UNP_Loot_Basket_Small_01a_Spawner1_32787930e307ffa0_0,32204.865,-5347.01,626.4934,Basket,50.0,Blueprint,,,Basket_Small,,
SceneComponent,Loot_Basket_Small_01a_Spawner_C,UNP_Loot_Basket_Small_01a_Spawner1_6aa29054035e3474_0,26214.174,-11459.798,625.3304,Basket,50.0,Blueprint,,,Basket_Small,,
SceneComponent,Loot_Basket_Small_01a_Spawner_C,UNP_Loot_Basket_Small_01a_Spawner1_b155a0e4697d664a_1,-37821.906,-26577.066,6376.0806,Basket,50.0,Blueprint,,,Basket_Small,,
SceneComponent,Loot_Basket_Small_01a_Spawner_C,UNP_Loot_Basket_Small_01a_Spawner_2d71cfae02a1eb4f_0,21360.03,-6728.015,1179.4349,Basket,50.0,Blueprint,,,Basket_Small,,
SceneComponent,Loot_Basket_Small_01a_Spawner_C,UNP_Loot_Basket_Small_01a_Spawner_32787930e307ffa0_0,32076.904,-5481.8086,588.9493,Basket,50.0,Blueprint,,,Basket_Small,,
SceneComponent,Loot_Basket_Small_01a_Spawner_C,UNP_Loot_Basket_Small_01a_Spawner_32787930e307ffa0_1,31727.975,-4498.8135,567.7931,Basket,50.0,Blueprint,,,Basket_Small,,
SceneComponent,Loot_Basket_Small_01a_Spawner_C,UNP_Loot_Basket_Small_01a_Spawner_643191a2278730e7_0,24573.707,-4811.534,970.232,Basket,50.0,Blueprint,,,Basket_Small,,
SceneComponent,Loot_Basket_Small_01a_Spawner_C,UNP_Loot_Basket_Small_01a_Spawner_6aa29054035e3474_0,26079.375,-11331.837,587.78625,Basket,50.0,Blueprint,,,Basket_Small,,
SceneComponent,Loot_Basket_Small_01a_Spawner_C,UNP_Loot_Basket_Small_01a_Spawner_6aa29054035e3474_1,23382.89,-11135.035,812.3207,Basket,50.0,Blueprint,,,Basket_Small,,
SceneComponent,Loot_Basket_Small_01a_Spawner_C,UNP_Loot_Basket_Small_01a_Spawner_73b7a2b36244c8f2_0,37180.18,-17566.395,-27.307432,Basket,50.0,Blueprint,,,Basket_Small,,
SceneComponent,Loot_Basket_Small_01a_Spawner_C,UNP_Loot_Basket_Small_01a_Spawner_UAID_046874882494859A02_367755be1ccb9d60_1585694709,-29991.787,-8934.022,1757.0414,Basket,50.0,Blueprint,,,Basket_Small,,
SceneComponent,Loot_Basket_Small_01a_Spawner_C,UNP_Loot_Basket_Small_01a_Spawner_b155a0e4697d664a_0,-37656.832,-26662.473,6338.536,Basket,50.0,Blueprint,,,Basket_Small,,
SceneComponent,Loot_Basket_Small_01a_Spawner_C,UNP_Loot_Basket_Small_01a_Spawner_d52d91af14afa8f4_0,41326.297,-11746.834,-27.218699,Basket,50.0,Blueprint,,,Basket_Small,,
SceneComponent,Loot_Beehive_01a_Spawner_C,UNP_Loot_Beehive_01a1_UAID_0468748824944E9B02_2fce2bbb89772178_1425591017,-57141.344,20765.861,-383.89352,Beehive,,,,,Beehive,,
SceneComponent,Loot_Beehive_01a_Spawner_C,UNP_Loot_Beehive_01a1_UAID_0468748824944E9B02_a83e5bb339f92cca_1425591017,-1925.1022,18885.209,-158.39728,Beehive,,,,,Beehive,,
SceneComponent,Loot_Beehive_01a_Spawner_C,UNP_Loot_Beehive_01a1_UAID_0468748824944F9B02_4cae16ed3344ca34_1287451811,-16810.355,33969.76,-177.82655,Beehive,,,,,Beehive,,
SceneComponent,Loot_Beehive_01a_Spawner_C,UNP_Loot_Beehive_01a2_UAID_0468748824944E9B02_2fce2bbb89772178_1425589015,-57209.492,20779.414,-383.59174,Beehive,,,,,Beehive,,
SceneComponent,Loot_Beehive_01a_Spawner_C,UNP_Loot_Beehive_01a2_UAID_0468748824944E9B02_a83e5bb339f92cca_1425589015,-1897.6,18949.018,-158.0955,Beehive,,,,,Beehive,,
SceneComponent,Loot_Beehive_01a_Spawner_C,UNP_Loot_Beehive_01a2_UAID_0468748824944F9B02_4cae16ed3344ca34_1287450809,-16748.586,33937.945,-177.52478,Beehive,,,,,Beehive,,
SceneComponent,Loot_Beehive_01a_Spawner_C,UNP_Loot_Beehive_01a_UAID_0468748824944E9B02_2fce2bbb89772178_1425583012,-57064.38,20796.562,-384.15863,Beehive,,,,,Beehive,,
SceneComponent,Loot_Beehive_01a_Spawner_C,UNP_Loot_Beehive_01a_UAID_0468748824944E9B02_a83e5bb339f92cca_1425583012,-1911.1738,18803.53,-158.66238,Beehive,,,,,Beehive,,
SceneComponent,Loot_Beehive_01a_Spawner_C,UNP_Loot_Beehive_01a_UAID_0468748824944F9B02_4cae16ed3344ca34_1287447806,-16892.799,33961.477,-178.09166,Beehive,,,,,Beehive,,
SceneComponent,Loot_BirdsNest_01a_Spawner_C,Loot_BirdsNest_01a_Spawner_C_UAID_00FF8EFC2BEF5A8202_1bef1ea065e33b47_1314091309,-46855.33,-7806.884,3333.7417,Nest,10.0,Blueprint,,,Nest,,
SceneComponent,Loot_BirdsNest_01a_Spawner_C,Loot_BirdsNest_01a_Spawner_C_UAID_00FF8EFC2BEFA68202_1a7251d90b38881e_1153258646,-62454.316,6342.734,724.8496,Nest,10.0,Blueprint,,,Nest,,
SceneComponent,Loot_BirdsNest_01a_Spawner_C,Loot_BirdsNest_01a_Spawner_C_UAID_00FF8EFC2BEFA68202_3b1b07d5fdfef0f7_1153258646,-45306.184,14990.499,-3.6511135,Nest,10.0,Blueprint,,,Nest,,
SceneComponent,Loot_BirdsNest_01a_Spawner_C,Loot_BirdsNest_01a_Spawner_C_UAID_00FF8EFC2BEFA68202_5654731e7197c7d8_1153258646,-6488.5273,12921.293,-18.012407,Nest,10.0,Blueprint,,,Nest,,
SceneComponent,Loot_BirdsNest_01a_Spawner_C,Loot_BirdsNest_01a_Spawner_C_UAID_00FF8EFC2BEFA68202_71020e53a69fc4db_1153258646,-48242.277,9029.763,637.90967,Nest,10.0,Blueprint,,,Nest,,
SceneComponent,Loot_BirdsNest_01a_Spawner_C,Loot_BirdsNest_01a_Spawner_C_UAID_00FF8EFC2BEFA68202_989252d0e6363960_1153258646,-31051.773,14950.831,-101.72847,Nest,10.0,Blueprint,,,Nest,,
SceneComponent,Loot_BirdsNest_01a_Spawner_C,Loot_BirdsNest_01a_Spawner_C_UAID_00FF8EFC2BEFA68202_bb4f083743a19faf_1153258646,-56160.637,-1450.1907,2693.9949,Nest,10.0,Blueprint,,,Nest,,
SceneComponent,Loot_BirdsNest_01a_Spawner_C,Loot_BirdsNest_01a_Spawner_C_UAID_00FF8EFC2BEFA78202_1a7251d90b38881e_1306964900,-61237.723,6578.6035,814.4079,Nest,10.0,Blueprint,,,Nest,,
SceneComponent,Loot_BirdsNest_01a_Spawner_C,Loot_BirdsNest_01a_Spawner_C_UAID_00FF8EFC2BEFA78202_1a7251d90b38881e_1427299905,-61398.457,5082.9697,831.80646,Nest,10.0,Blueprint,,,Nest,,
SceneComponent,Loot_BirdsNest_01a_Spawner_C,Loot_BirdsNest_01a_Spawner_C_UAID_00FF8EFC2BEFA78202_3b1b07d5fdfef0f7_1306964900,-44416.965,15858.25,4.087424,Nest,10.0,Blueprint,,,Nest,,
SceneComponent,Loot_BirdsNest_01a_Spawner_C,Loot_BirdsNest_01a_Spawner_C_UAID_00FF8EFC2BEFA78202_3b1b07d5fdfef0f7_1427299905,-43727.926,14522.67,-63.06566,Nest,10.0,Blueprint,,,Nest,,
SceneComponent,Loot_BirdsNest_01a_Spawner_C,Loot_BirdsNest_01a_Spawner_C_UAID_00FF8EFC2BEFA78202_5654731e7197c7d8_1306964900,-6116.4604,11736.7705,29.244955,Nest,10.0,Blueprint,,,Nest,,
SceneComponent,Loot_BirdsNest_01a_Spawner_C,Loot_BirdsNest_01a_Spawner_C_UAID_00FF8EFC2BEFA78202_5654731e7197c7d8_1427299905,-7620.1284,11724.316,-14.184131,Nest,10.0,Blueprint,,,Nest,,
SceneComponent,Loot_BirdsNest_01a_Spawner_C,Loot_BirdsNest_01a_Spawner_C_UAID_00FF8EFC2BEFA78202_71020e53a69fc4db_1306964900,-48130.19,10266.929,662.7176,Nest,10.0,Blueprint,,,Nest,,
SceneComponent,Loot_BirdsNest_01a_Spawner_C,Loot_BirdsNest_01a_Spawner_C_UAID_00FF8EFC2BEFA78202_71020e53a69fc4db_1427299905,-46737.293,9699.316,636.05396,Nest,10.0,Blueprint,,,Nest,,
SceneComponent,Loot_BirdsNest_01a_Spawner_C,Loot_BirdsNest_01a_Spawner_C_UAID_00FF8EFC2BEFA78202_989252d0e6363960_1306964900,-32033.648,14189.724,-81.802574,Nest,10.0,Blueprint,,,Nest,,
SceneComponent,Loot_BirdsNest_01a_Spawner_C,Loot_BirdsNest_01a_Spawner_C_UAID_00FF8EFC2BEFA78202_989252d0e6363960_1427299905,-32567.264,15596.203,-93.16858,Nest,10.0,Blueprint,,,Nest,,
SceneComponent,Loot_BirdsNest_01a_Spawner_C,Loot_BirdsNest_01a_Spawner_C_UAID_00FF8EFC2BEFA78202_bb4f083743a19faf_1306964900,-56035.12,-2682.864,2786.304,Nest,10.0,Blueprint,,,Nest,,
SceneComponent,Loot_BirdsNest_01a_Spawner_C,Loot_BirdsNest_01a_Spawner_C_UAID_00FF8EFC2BEFA78202_bb4f083743a19faf_1427299905,-57505.9,-2399.547,2646.3208,Nest,10.0,Blueprint,,,Nest,,
SceneComponent,Loot_BirdsNest_01a_Spawner_C,Loot_BirdsNest_01a_Spawner_C_UAID_00FF8EFC2BEFAE8202_352c1da08403ca8c_1111126703,-63685.4,8080.6333,460.36096,Nest,10.0,Blueprint,,,Nest,,
SceneComponent,Loot_BirdsNest_01a_Spawner_C,Loot_BirdsNest_01a_Spawner_C_UAID_00FF8EFC2BEFAE8202_352c1da08403ca8c_1247741719,-64587.613,9604.297,568.2376,Nest,10.0,Blueprint,,,Nest,,
SceneComponent,Loot_BirdsNest_01a_Spawner_C,Loot_BirdsNest_01a_Spawner_C_UAID_00FF8EFC2BEFAE8202_53ffa056123b646a_1111126703,-47068.316,12018.176,184.34853,Nest,10.0,Blueprint,,,Nest,,
SceneComponent,Loot_BirdsNest_01a_Spawner_C,Loot_BirdsNest_01a_Spawner_C_UAID_00FF8EFC2BEFAE8202_53ffa056123b646a_1247741719,-47012.082,13785.305,330.19513,Nest,10.0,Blueprint,,,Nest,,
SceneComponent,Loot_BirdsNest_01a_Spawner_C,Loot_BirdsNest_01a_Spawner_C_UAID_00FF8EFC2BEFAE8202_85225f23b57e8b45_1111126703,-61883.176,18198.059,-270.33755,Nest,10.0,Blueprint,,,Nest,,
SceneComponent,Loot_BirdsNest_01a_Spawner_C,Loot_BirdsNest_01a_Spawner_C_UAID_00FF8EFC2BEFAE8202_85225f23b57e8b45_1247741719,-62624.742,16591.986,-136.97263,Nest,10.0,Blueprint,,,Nest,,
SceneComponent,Loot_BirdsNest_01a_Spawner_C,Loot_BirdsNest_01a_Spawner_C_UAID_00FF8EFC2BEFAE8202_ebe7a75f2f05cac9_1111126703,-12272.839,27533.234,-220.6892,Nest,10.0,Blueprint,,,Nest,,
SceneComponent,Loot_BirdsNest_01a_Spawner_C,Loot_BirdsNest_01a_Spawner_C_UAID_00FF8EFC2BEFAE8202_ebe7a75f2f05cac9_1247741719,-13981.283,27071.867,-96.0532,Nest,10.0,Blueprint,,,Nest,,
SceneComponent,Loot_BirdsNest_01a_Spawner_C,Loot_BirdsNest_01a_Spawner_C_UAID_046874882494449B02_566cfd8f809d947c_1510689516,9032.226,-21737.258,421.01566,Nest,10.0,Blueprint,,,Nest,,
SceneComponent,Loot_BirdsNest_01a_Spawner_C,Loot_BirdsNest_01a_Spawner_C_UAID_046874882494977D02_f5f3745e62dd497c_1267129285,-67164.23,-486.56302,2008.7687,Nest,10.0,Blueprint,,,Nest,,
SceneComponent,Loot_BirdsNest_01a_Spawner_C,Loot_BirdsNest_01a_Spawner_C_UAID_046874882494A69E02_bd0f96a5981d5c04_1172724319,-38502.605,16059.792,-122.01946,Nest,10.0,Blueprint,,,Nest,,
SceneComponent,Loot_BirdsNest_01a_Spawner_C,Loot_BirdsNest_01a_Spawner_C_UAID_046874882494A69E02_bd0f96a5981d5c04_1172725321,-36904.973,16460.688,-133.81416,Nest,10.0,Blueprint,,,Nest,,
SceneComponent,Loot_BirdsNest_01a_Spawner_C,Loot_BirdsNest_01a_Spawner_C_UAID_046874882494A69E02_bd0f96a5981d5c04_1172727326,-38179.61,17259.555,-120.84721,Nest,10.0,Blueprint,,,Nest,,
SceneComponent,Loot_BirdsNest_01a_Spawner_C,Loot_BirdsNest_01a_Spawner_C_UAID_046874882494A69E02_bd0f96a5981d5c04_1172731330,-36155.727,9422.138,386.35577,Nest,10.0,Blueprint,,,Nest,,
SceneComponent,Loot_BirdsNest_01a_Spawner_C,Loot_BirdsNest_01a_Spawner_C_UAID_046874882494A69E02_bd0f96a5981d5c04_1172732332,-35717.938,7837.5815,490.32718,Nest,10.0,Blueprint,,,Nest,,
SceneComponent,Loot_BirdsNest_01a_Spawner_C,Loot_BirdsNest_01a_Spawner_C_UAID_046874882494A69E02_bd0f96a5981d5c04_1172734337,-34952.02,9132.352,490.6224,Nest,10.0,Blueprint,,,Nest,,
SceneComponent,Loot_BirdsNest_01a_Spawner_C,Loot_BirdsNest_01a_Spawner_C_UAID_046874882494A69E02_bd0f96a5981d5c04_1172738341,-37217.03,8583.806,186.16338,Nest,10.0,Blueprint,,,Nest,,
SceneComponent,Loot_BirdsNest_01a_Spawner_C,Loot_BirdsNest_01a_Spawner_C_UAID_046874882494A69E02_bd0f96a5981d5c04_1172739343,-38077.746,9988.222,194.72327,Nest,10.0,Blueprint,,,Nest,,
SceneComponent,Loot_BirdsNest_01a_Spawner_C,Loot_BirdsNest_01a_Spawner_C_UAID_046874882494A69E02_bd0f96a5981d5c04_1172741348,-38458.31,8532.851,206.08928,Nest,10.0,Blueprint,,,Nest,,
SceneComponent,Loot_BirdsNest_01a_Spawner_C,Loot_BirdsNest_01a_Spawner_C_UAID_046874882494A69E02_bd0f96a5981d5c04_1172745352,-35810.74,13406.902,-102.63353,Nest,10.0,Blueprint,,,Nest,,
SceneComponent,Loot_BirdsNest_01a_Spawner_C,Loot_BirdsNest_01a_Spawner_C_UAID_046874882494A69E02_bd0f96a5981d5c04_1172745354,-37425.863,13083.51,-94.07364,Nest,10.0,Blueprint,,,Nest,,
SceneComponent,Loot_BirdsNest_01a_Spawner_C,Loot_BirdsNest_01a_Spawner_C_UAID_046874882494A69E02_bd0f96a5981d5c04_1172748359,-36191.117,12224.247,-82.707634,Nest,10.0,Blueprint,,,Nest,,
SceneComponent,Loot_BirdsNest_01a_Spawner_C,Loot_BirdsNest_01a_Spawner_C_UAID_046874882494A69E02_bd0f96a5981d5c04_1172752363,-33501.83,17754.973,-160.05493,Nest,10.0,Blueprint,,,Nest,,
SceneComponent,Loot_BirdsNest_01a_Spawner_C,Loot_BirdsNest_01a_Spawner_C_UAID_046874882494A69E02_bd0f96a5981d5c04_1172753365,-34524.605,16464.422,-201.20764,Nest,10.0,Blueprint,,,Nest,,
SceneComponent,Loot_BirdsNest_01a_Spawner_C,Loot_BirdsNest_01a_Spawner_C_UAID_046874882494A69E02_bd0f96a5981d5c04_1172755370,-33027.59,16606.559,-158.77415,Nest,10.0,Blueprint,,,Nest,,
SceneComponent,Loot_BirdsNest_01a_Spawner_C,Loot_BirdsNest_01a_Spawner_C_UAID_046874882494A69E02_bd0f96a5981d5c04_1172759374,-43148.527,12367.607,-120.11771,Nest,10.0,Blueprint,,,Nest,,
SceneComponent,Loot_BirdsNest_01a_Spawner_C,Loot_BirdsNest_01a_Spawner_C_UAID_046874882494A69E02_bd0f96a5981d5c04_1172760376,-41556.8,11943.795,-111.55782,Nest,10.0,Blueprint,,,Nest,,
SceneComponent,Loot_BirdsNest_01a_Spawner_C,Loot_BirdsNest_01a_Spawner_C_UAID_046874882494A69E02_bd0f96a5981d5c04_1172762381,-42284.58,13260.331,-100.19182,Nest,10.0,Blueprint,,,Nest,,
SceneComponent,Loot_BirdsNest_01a_Spawner_C,Loot_BirdsNest_01a_Spawner_C_UAID_046874882494A69E02_bd0f96a5981d5c04_1172765385,-43222.85,9293.642,-120.11771,Nest,10.0,Blueprint,,,Nest,,
SceneComponent,Loot_BirdsNest_01a_Spawner_C,Loot_BirdsNest_01a_Spawner_C_UAID_046874882494A69E02_bd0f96a5981d5c04_1172767387,-42107.402,8081.623,-111.55782,Nest,10.0,Blueprint,,,Nest,,
SceneComponent,Loot_BirdsNest_01a_Spawner_C,Loot_BirdsNest_01a_Spawner_C_UAID_046874882494A69E02_bd0f96a5981d5c04_1172768392,-42014.715,9583.068,-100.19182,Nest,10.0,Blueprint,,,Nest,,
SceneComponent,Loot_BirdsNest_01a_Spawner_C,Loot_BirdsNest_01a_Spawner_C_UAID_046874882494A69E02_bd0f96a5981d5c04_1172774398,-34496.15,12190.576,24.17511,Nest,10.0,Blueprint,,,Nest,,
SceneComponent,Loot_BirdsNest_01a_Spawner_C,Loot_BirdsNest_01a_Spawner_C_UAID_046874882494A69E02_bd0f96a5981d5c04_1172775402,-33839.973,13836.688,-59.03167,Nest,10.0,Blueprint,,,Nest,,
SceneComponent,Loot_BirdsNest_01a_Spawner_C,Loot_BirdsNest_01a_Spawner_C_UAID_046874882494A69E02_bd0f96a5981d5c04_1172782411,-39482.766,12322.233,-112.08921,Nest,10.0,Blueprint,,,Nest,,
SceneComponent,Loot_BirdsNest_01a_Spawner_C,Loot_BirdsNest_01a_Spawner_C_UAID_046874882494A69E02_bd0f96a5981d5c04_1172784415,-40586.695,13703.263,-257.93582,Nest,10.0,Blueprint,,,Nest,,
SceneComponent,Loot_BirdsNest_01a_Spawner_C,Loot_BirdsNest_01a_Spawner_C_UAID_046874882494A69E02_bd0f96a5981d5c04_1172790424,-39135.516,7861.722,429.16498,Nest,10.0,Blueprint,,,Nest,,
SceneComponent,Loot_BirdsNest_01a_Spawner_C,Loot_BirdsNest_01a_Spawner_C_UAID_046874882494A69E02_bd0f96a5981d5c04_1172792428,-39182.9,6089.314,488.33255,Nest,10.0,Blueprint,,,Nest,,
SceneComponent,Loot_BirdsNest_01a_Spawner_C,Loot_BirdsNest_01a_Spawner_C_UAID_046874882494A69E02_bd0f96a5981d5c04_1172798437,-45173.105,9895.374,70.99599,Nest,10.0,Blueprint,,,Nest,,
SceneComponent,Loot_BirdsNest_01a_Spawner_C,Loot_BirdsNest_01a_Spawner_C_UAID_046874882494A69E02_bd0f96a5981d5c04_1172799441,-45815.05,11542.619,-76.1869,Nest,10.0,Blueprint,,,Nest,,
SceneComponent,Loot_BirdsNest_01a_Spawner_C,Loot_BirdsNest_01a_Spawner_C_UAID_D843AE1A93E5CD8002_367755be1ccb9d60_1766795793,-30639.342,-8229.39,2000.392,Nest,100.0,Custom,,,Nest,,
SceneComponent,Loot_BirdsNest_01a_Spawner_C,Loot_BirdsNest_01a_Spawner_C_UAID_D843AE1A93E5F1D502_1368354308,-6904.984,-16561.783,3696.9497,Nest,50.0,Custom,,,Nest,,
SceneComponent,Loot_BirdsNest_01a_Spawner_C,UNP_Loot_BirdsNest_01a1_UAID_0468748824941B9B02_71619fc7e70fc919_1552249594,-6997.6,17809.324,-528.1245,Nest,10.0,Blueprint,,,Nest,,
SceneComponent,Loot_BirdsNest_01a_Spawner_C,UNP_Loot_BirdsNest_01a1_UAID_18C04DA8201B437902_1955f5d21cbe47a4_1446579746,20311.656,3019.5208,2366.3364,Nest,10.0,Blueprint,,,Nest,,
SceneComponent,Loot_BirdsNest_01a_Spawner_C,UNP_Loot_BirdsNest_01a2_UAID_18C04DA8201B437902_1955f5d21cbe47a4_1446569738,19810.412,3274.2983,2352.4072,Nest,10.0,Blueprint,,,Nest,,
SceneComponent,Loot_BirdsNest_01a_Spawner_C,UNP_Loot_BirdsNest_01a_20a12a9e4c9a08fc_0,-17115.264,36207.707,325.92047,Nest,10.0,Blueprint,,,Nest,,
SceneComponent,Loot_BirdsNest_01a_Spawner_C,UNP_Loot_BirdsNest_01a_352c1da08403ca8c_0,-64425.21,8716.09,446.8726,Nest,5.0,Custom,,,Nest,,
SceneComponent,Loot_BirdsNest_01a_Spawner_C,UNP_Loot_BirdsNest_01a_53ffa056123b646a_0,-47347.316,12952.71,173.92194,Nest,5.0,Custom,,,Nest,,
SceneComponent,Loot_BirdsNest_01a_Spawner_C,UNP_Loot_BirdsNest_01a_85225f23b57e8b45_0,-61986.75,17228.227,-271.8102,Nest,5.0,Custom,,,Nest,,
SceneComponent,Loot_BirdsNest_01a_Spawner_C,UNP_Loot_BirdsNest_01a_UAID_0468748824941B9B02_71619fc7e70fc919_1552251596,-7679.6294,17950.322,-517.0722,Nest,10.0,Blueprint,,,Nest,,
SceneComponent,Loot_BirdsNest_01a_Spawner_C,UNP_Loot_BirdsNest_01a_UAID_046874882494A69E02_bd0f96a5981d5c04_1172773396,-33893.688,12863.49,-95.15639,Nest,5.0,Custom,,,Nest,,
SceneComponent,Loot_BirdsNest_01a_Spawner_C,UNP_Loot_BirdsNest_01a_UAID_046874882494A69E02_bd0f96a5981d5c04_1172781409,-39767.98,13173.26,-268.36243,Nest,5.0,Custom,,,Nest,,
SceneComponent,Loot_BirdsNest_01a_Spawner_C,UNP_Loot_BirdsNest_01a_UAID_046874882494A69E02_bd0f96a5981d5c04_1172789422,-39463.77,7014.61,360.87674,Nest,5.0,Custom,,,Nest,,
SceneComponent,Loot_BirdsNest_01a_Spawner_C,UNP_Loot_BirdsNest_01a_UAID_046874882494A69E02_bd0f96a5981d5c04_1172797435,-45190.23,10793.692,-79.819565,Nest,5.0,Custom,,,Nest,,
SceneComponent,Loot_BirdsNest_01a_Spawner_C,UNP_Loot_BirdsNest_01a_UAID_046874882494EE9302_19fd15dc45ca61b1_1534507881,-39550.254,-27523.705,8514.465,Nest,10.0,Blueprint,,,Nest,,
SceneComponent,Loot_BirdsNest_01a_Spawner_C,UNP_Loot_BirdsNest_01a_UAID_18C04DA8201B437902_1955f5d21cbe47a4_1446546721,20359.898,3714.299,2377.389,Nest,10.0,Blueprint,,,Nest,,
SceneComponent,Loot_BirdsNest_01a_Spawner_C,UNP_Loot_BirdsNest_01a_b6e1203a46f5f334_0,8942.074,-27258.816,1051.7996,Nest,10.0,Blueprint,,,Nest,,
SceneComponent,Loot_BirdsNest_01a_Spawner_C,UNP_Loot_BirdsNest_01a_c2de904be5f12f2d_0,-45212.13,-18055.648,6335.295,Nest,10.0,Blueprint,,,Nest,,
SceneComponent,Loot_BirdsNest_01a_Spawner_C,UNP_Loot_BirdsNest_01a_d64dd2cdc8b57a25_0,-17302.93,-22772.264,2318.448,Nest,10.0,Blueprint,,,Nest,,
SceneComponent,Loot_BirdsNest_01a_Spawner_C,UNP_Loot_BirdsNest_01a_ebe7a75f2f05cac9_0,-13085.062,26993.574,-239.83139,Nest,5.0,Custom,,,Nest,,
SceneComponent,Loot_BlacksmithChest_01a_Spawner_C,Loot_BlacksmithChest_01a_Spawner_C_UAID_0468748824949AD502_314534fecdfa9afd_1604942353,-7505.2617,-17437.562,3203.2324,Smithing Chest,50.0,Blueprint,,,Blacksmith_Medium,,
SceneComponent,Loot_BlacksmithChest_01a_Spawner_C,Loot_BlacksmithChest_01a_Spawner_C_UAID_04D9F5F93AD5475202_71619fc7e70fc919_1993871542,-13493.048,22698.303,-288.75388,Smithing Chest,50.0,Blueprint,,,Blacksmith_Medium,,
SceneComponent,Loot_BlacksmithChest_01a_Spawner_C,Loot_BlacksmithChest_01a_Spawner_C_UAID_04D9F5F93AD55F4A02_a595927790dec5fd_1422120199,-48246.57,-8172.9155,3441.3174,Smithing Chest,50.0,Blueprint,,,Blacksmith_Medium,,
SceneComponent,Loot_BlacksmithChest_01a_Spawner_C,Loot_BlacksmithChest_01a_Spawner_C_a595927790dec5fd_3,-47737.67,-7598.1973,3036.702,Smithing Chest,50.0,Blueprint,,,Blacksmith_Medium,,
SceneComponent,Loot_BlacksmithChest_02a_Spawner_C,Loot_BlacksmithChest_02a_Spawner_C_UAID_00FF8EFC2BEF0C6602_1955f5d21cbe47a4_1691922648,23316.254,9170.827,2376.4019,Tooling Bin,50.0,Blueprint,,,ToolingBin,,
SceneComponent,Loot_BlacksmithChest_02a_Spawner_C,Loot_BlacksmithChest_02a_Spawner_C_UAID_00FF8EFC2BEF5E8202_7f4c43539f667750_1845705429,-49365.76,-9594.915,2951.76,Tooling Bin,50.0,Blueprint,,,ToolingBin,,
SceneComponent,Loot_BlacksmithChest_02a_Spawner_C,Loot_BlacksmithChest_02a_Spawner_C_UAID_0468748824944C9B02_d0e23cfe7f59ca33_2006383771,-24865.967,-6334.683,1770.5166,Tooling Bin,50.0,Blueprint,,,ToolingBin,,
SceneComponent,Loot_BlacksmithChest_02a_Spawner_C,Loot_BlacksmithChest_02a_Spawner_C_UAID_0468748824944C9B02_e1ce29a85d20fd8c_2006383771,-13454.88,-36956.016,930.20905,Tooling Bin,50.0,Blueprint,,,ToolingBin,,
SceneComponent,Loot_BlacksmithChest_02a_Spawner_C,Loot_BlacksmithChest_02a_Spawner_C_UAID_0468748824949AD502_314534fecdfa9afd_1604945355,-6883.7305,-17403.564,2211.4622,Tooling Bin,50.0,Blueprint,,,ToolingBin,,
SceneComponent,Loot_BlacksmithChest_02a_Spawner_C,Loot_BlacksmithChest_02a_Spawner_C_UAID_0468748824949AD502_6bf7ed90f87edc78_2021609096,-7174.8677,-15755.007,2401.8877,Tooling Bin,50.0,Blueprint,,,ToolingBin,,
SceneComponent,Loot_BlacksmithChest_02a_Spawner_C,Loot_BlacksmithChest_02a_Spawner_C_UAID_0468748824949CD502_37bd26559c49d275_1333954357,-7985.52,-17248.256,1924.6243,Tooling Bin,50.0,Blueprint,,,ToolingBin,,
SceneComponent,Loot_BlacksmithChest_02a_Spawner_C,Loot_BlacksmithChest_02a_Spawner_C_UAID_0468748824949CD502_37bd26559c49d275_1334864367,-7050.7944,-17370.744,914.0519,Tooling Bin,50.0,Blueprint,,,ToolingBin,,
SceneComponent,Loot_BlacksmithChest_02a_Spawner_C,Loot_BlacksmithChest_02a_Spawner_C_UAID_046874882494CC9502_97971df2a4ca033d_1258218689,-34994.418,-26332.209,9008.585,Tooling Bin,50.0,Blueprint,,,ToolingBin,,
SceneComponent,Loot_BlacksmithChest_02a_Spawner_C,Loot_BlacksmithChest_02a_Spawner_C_UAID_046874882494D39502_c28b544d044813cd_1677167261,-37111.234,-25294.475,6999.144,Tooling Bin,50.0,Blueprint,,,ToolingBin,,
SceneComponent,Loot_BlacksmithChest_02a_Spawner_C,Loot_BlacksmithChest_02a_Spawner_C_UAID_046874882494D39502_c28b544d044813cd_1678063780,-38666.445,-25503.531,7801.3877,Tooling Bin,50.0,Blueprint,,,ToolingBin,,
SceneComponent,Loot_BlacksmithChest_02a_Spawner_C,Loot_BlacksmithChest_02a_Spawner_C_UAID_046874882494D39502_c28b544d044813cd_1678532049,-38950.5,-26055.715,6997.8066,Tooling Bin,50.0,Blueprint,,,ToolingBin,,
SceneComponent,Loot_BlacksmithChest_02a_Spawner_C,Loot_BlacksmithChest_02a_Spawner_C_UAID_04D9F5F93AD54A4102_4c0740ed445982b4_2143425005,-15890.75,-13095.514,1108.2548,Tooling Bin,50.0,Blueprint,,,ToolingBin,,
SceneComponent,Loot_BlacksmithChest_02a_Spawner_C,Loot_BlacksmithChest_02a_Spawner_C_UAID_04D9F5F93AD55F4A02_a595927790dec5fd_1411786193,-48281.44,-7767.2485,3441.4543,Tooling Bin,50.0,Blueprint,,,ToolingBin,,
SceneComponent,Loot_BlacksmithChest_02a_Spawner_C,Loot_BlacksmithChest_02a_Spawner_C_UAID_04D9F5F93AD5666602_1955f5d21cbe47a4_1959981061,20158.574,5258.959,781.4242,Tooling Bin,50.0,Blueprint,,,ToolingBin,,
SceneComponent,Loot_BlacksmithChest_02a_Spawner_C,Loot_BlacksmithChest_02a_Spawner_C_UAID_04D9F5F93AD5B73F02_9fac250d5149b043_1963451861,-15375.609,22618.107,-288.0,Tooling Bin,50.0,Blueprint,,,ToolingBin,,
SceneComponent,Loot_BlacksmithChest_02a_Spawner_C,Loot_BlacksmithChest_02a_Spawner_C_UAID_04D9F5F93AD5B73F02_bda10b7c50163ff5_1963451861,-16413.773,19120.543,-290.53766,Tooling Bin,50.0,Blueprint,,,ToolingBin,,
SceneComponent,Loot_BlacksmithChest_02a_Spawner_C,Loot_BlacksmithChest_02a_Spawner_C_UAID_10FFE0F0DC0E98AC02_6bf7ed90f87edc78_1937566294,-8047.7534,-16080.903,375.66046,Tooling Bin,50.0,Blueprint,,,ToolingBin,,
SceneComponent,Loot_BlacksmithChest_02a_Spawner_C,Loot_BlacksmithChest_02a_Spawner_C_UAID_10FFE0F0DC0E98AC02_6bf7ed90f87edc78_1994144300,-7578.073,-16892.715,375.66046,Tooling Bin,50.0,Blueprint,,,ToolingBin,,
SceneComponent,Loot_BlacksmithChest_02a_Spawner_C,Loot_BlacksmithChest_02a_Spawner_C_UAID_18C04DA8201B437902_1955f5d21cbe47a4_1445508681,19650.217,1699.8163,2591.045,Tooling Bin,50.0,Blueprint,,,ToolingBin,,
SceneComponent,Loot_Bottle_01a_Spawner_C,Loot_Bottle_01a_Spawner_C_UAID_00FF8EFC2BEF9C5102_1419564570,-31082.44,32309.791,597.6468,Large Distillery,50.0,Blueprint,,,Distillery_Small,,
SceneComponent,Loot_Bottle_01a_Spawner_C,Loot_Bottle_01a_Spawner_C_UAID_046874882494069902_4c0740ed445982b4_2095380501,-14687.506,-11705.914,1193.2548,Large Distillery,50.0,Blueprint,,,Distillery_Small,,
SceneComponent,Loot_Bottle_01a_Spawner_C,Loot_Bottle_01a_Spawner_C_UAID_046874882494089902_4fd79de106d61a35_1106080849,-16867.623,-11302.694,1184.6492,Large Distillery,50.0,Blueprint,,,Distillery_Small,,
SceneComponent,Loot_Bottle_01a_Spawner_C,Loot_Bottle_01a_Spawner_C_UAID_046874882494359A02_afe4a3bbeb7c2068_1291152185,4164.9404,-11268.235,1511.9152,Large Distillery,50.0,Blueprint,,,Distillery_Small,,
SceneComponent,Loot_Bottle_01a_Spawner_C,Loot_Bottle_01a_Spawner_C_UAID_046874882494549802_85bb18fbbf27a88e_1875401191,-27588.465,-7204.574,1862.6218,Large Distillery,50.0,Blueprint,,,Distillery_Small,,
SceneComponent,Loot_Bottle_01a_Spawner_C,Loot_Bottle_01a_Spawner_C_UAID_046874882494789602_25c38f96bd642657_2061286099,-26756.215,-8822.315,1792.7893,Large Distillery,50.0,Blueprint,,,Distillery_Small,,
SceneComponent,Loot_Bottle_01a_Spawner_C,Loot_Bottle_01a_Spawner_C_UAID_046874882494789602_613646c311d01d8e_2061286099,-27675.498,-10370.439,1796.0154,Large Distillery,50.0,Blueprint,,,Distillery_Small,,
SceneComponent,Loot_Bottle_01a_Spawner_C,Loot_Bottle_01a_Spawner_C_UAID_046874882494859A02_367755be1ccb9d60_1585325485,-28905.676,-8351.059,1696.0214,Large Distillery,50.0,Blueprint,,,Distillery_Small,,
SceneComponent,Loot_Bottle_01a_Spawner_C,Loot_Bottle_01a_Spawner_C_UAID_046874882494AD8D02_c71ad3ef090f6a00_2004127337,-57204.48,36305.77,1784.9857,Large Distillery,50.0,Blueprint,,,Distillery_Small,,
SceneComponent,Loot_Bottle_01a_Spawner_C,Loot_Bottle_01a_Spawner_C_UAID_046874882494EA8802_25ca5e96655365b7_1447429386,-62693.918,-15467.05,1661.323,Large Distillery,50.0,Blueprint,,,Distillery_Small,,
SceneComponent,Loot_Bottle_01a_Spawner_C,Loot_Bottle_01a_Spawner_C_UAID_046874882494F39502_fa61c736281e8a8a_1311324703,-39778.625,-28533.805,7158.6436,Large Distillery,50.0,Blueprint,,,Distillery_Small,,
SceneComponent,Loot_Bottle_01a_Spawner_C,Loot_Bottle_01a_Spawner_C_UAID_581CF8B723155A5002_126232618081b8ee_1440961353,-26479.926,-9448.805,1434.5596,Large Distillery,50.0,Blueprint,,,Distillery_Small,,
SceneComponent,Loot_Bottle_01a_Spawner_C,Loot_Bottle_01a_Spawner_C_UAID_581CF8B72315BC4F02_97971df2a4ca033d_1359546741,-36361.105,-26734.332,8507.508,Large Distillery,50.0,Blueprint,,,Distillery_Small,,
SceneComponent,Loot_Bottle_01a_Spawner_C,Loot_Bottle_01a_Spawner_C_afe4a3bbeb7c2068_3,4135.773,-12174.093,935.13837,Large Distillery,50.0,Blueprint,,,Distillery_Small,,
SceneComponent,Loot_Bottle_01a_Spawner_C,Loot_Bottle_01a_Spawner_C_afe4a3bbeb7c2068_5,2633.6409,-12351.975,935.0693,Large Distillery,50.0,Blueprint,,,Distillery_Small,,
SceneComponent,Loot_Bottle_02a_Spawner_C,Loot_Bottle_02a_Spawner_C_UAID_00FF8EFC2BEF338402_7bc00f6ec963c845_1619498585,20530.129,-10643.468,2239.1643,Distillery,50.0,Blueprint,,,Distillery_Small,,
SceneComponent,Loot_Bottle_02a_Spawner_C,Loot_Bottle_02a_Spawner_C_UAID_00FF8EFC2BEFFB5502_0db63d81c574f015_2074851151,15294.866,13051.938,1517.9873,Distillery,50.0,Blueprint,,,Distillery_Small,,
SceneComponent,Loot_Bottle_02a_Spawner_C,Loot_Bottle_02a_Spawner_C_UAID_00FF8EFC2BEFFB5502_3c3291fccc4d0ca2_2074851151,-31387.967,-45153.945,5188.984,Distillery,50.0,Blueprint,,,Distillery_Small,,
SceneComponent,Loot_Bottle_02a_Spawner_C,Loot_Bottle_02a_Spawner_C_UAID_00FF8EFC2BEFFB5502_b4eb7b5d453a345a_2074851151,21600.547,-22786.488,2115.3708,Distillery,50.0,Blueprint,,,Distillery_Small,,
SceneComponent,Loot_Bottle_02a_Spawner_C,Loot_Bottle_02a_Spawner_C_UAID_00FF8EFC2BEFFB5502_e41ce24b7b9363e5_2074851151,-24806.693,30993.11,874.86,Distillery,50.0,Blueprint,,,Distillery_Small,,
SceneComponent,Loot_Bottle_02a_Spawner_C,Loot_Bottle_02a_Spawner_C_UAID_00FF8EFC2BEFFB5502_e5dd62a3af5a34cb_2074851151,-58218.848,-20064.516,6388.789,Distillery,50.0,Blueprint,,,Distillery_Small,,
SceneComponent,Loot_Bottle_02a_Spawner_C,Loot_Bottle_02a_Spawner_C_UAID_046874882494069902_4c0740ed445982b4_2095388505,-14599.278,-11596.281,1193.6272,Distillery,50.0,Blueprint,,,Distillery_Small,,
SceneComponent,Loot_Bottle_02a_Spawner_C,Loot_Bottle_02a_Spawner_C_UAID_046874882494089902_4fd79de106d61a35_1106087853,-16970.316,-11206.48,1185.0216,Distillery,50.0,Blueprint,,,Distillery_Small,,
SceneComponent,Loot_Bottle_02a_Spawner_C,Loot_Bottle_02a_Spawner_C_UAID_046874882494359A02_afe4a3bbeb7c2068_1282567818,3432.0208,-12744.944,1028.2319,Distillery,50.0,Blueprint,,,Distillery_Small,,
SceneComponent,Loot_Bottle_02a_Spawner_C,Loot_Bottle_02a_Spawner_C_UAID_046874882494359A02_afe4a3bbeb7c2068_1285569003,3684.305,-11909.248,1518.1245,Distillery,50.0,Blueprint,,,Distillery_Small,,
SceneComponent,Loot_Bottle_02a_Spawner_C,Loot_Bottle_02a_Spawner_C_UAID_046874882494359A02_afe4a3bbeb7c2068_1285814025,4501.5845,-12468.072,1519.7958,Distillery,50.0,Blueprint,,,Distillery_Small,,
SceneComponent,Loot_Bottle_02a_Spawner_C,Loot_Bottle_02a_Spawner_C_UAID_046874882494359A02_afe4a3bbeb7c2068_1291161189,4099.2007,-11143.811,1512.2876,Distillery,50.0,Blueprint,,,Distillery_Small,,
SceneComponent,Loot_Bottle_02a_Spawner_C,Loot_Bottle_02a_Spawner_C_UAID_0468748824944E8902_1c556f47455d4841_1237506930,-3655.0652,3378.9595,-474.65503,Distillery,50.0,Blueprint,,,Distillery_Small,,
SceneComponent,Loot_Bottle_02a_Spawner_C,Loot_Bottle_02a_Spawner_C_UAID_046874882494549802_85bb18fbbf27a88e_1875409195,-27715.484,-7265.151,1862.9941,Distillery,50.0,Blueprint,,,Distillery_Small,,
SceneComponent,Loot_Bottle_02a_Spawner_C,Loot_Bottle_02a_Spawner_C_UAID_046874882494619802_126232618081b8ee_1311452160,-25852.36,-9929.817,1527.7241,Distillery,50.0,Blueprint,,,Distillery_Small,,
SceneComponent,Loot_Bottle_02a_Spawner_C,Loot_Bottle_02a_Spawner_C_UAID_046874882494789602_25c38f96bd642657_2061293103,-26625.117,-8771.161,1793.1617,Distillery,50.0,Blueprint,,,Distillery_Small,,
SceneComponent,Loot_Bottle_02a_Spawner_C,Loot_Bottle_02a_Spawner_C_UAID_046874882494789602_613646c311d01d8e_2061293103,-27805.447,-10424.444,1796.3878,Distillery,50.0,Blueprint,,,Distillery_Small,,
SceneComponent,Loot_Bottle_02a_Spawner_C,Loot_Bottle_02a_Spawner_C_UAID_046874882494859A02_367755be1ccb9d60_1584988269,-28747.207,-6621.486,1837.0328,Distillery,50.0,Blueprint,,,Distillery_Small,,
SceneComponent,Loot_Bottle_02a_Spawner_C,Loot_Bottle_02a_Spawner_C_UAID_046874882494859A02_367755be1ccb9d60_1585060310,-27970.217,-5874.1777,1748.2025,Distillery,50.0,Blueprint,,,Distillery_Small,,
SceneComponent,Loot_Bottle_02a_Spawner_C,Loot_Bottle_02a_Spawner_C_UAID_046874882494859A02_367755be1ccb9d60_1585078324,-28556.537,-8306.203,2306.6628,Distillery,50.0,Blueprint,,,Distillery_Small,,
SceneComponent,Loot_Bottle_02a_Spawner_C,Loot_Bottle_02a_Spawner_C_UAID_046874882494859A02_367755be1ccb9d60_1585468573,-25288.21,-11357.574,1837.092,Distillery,50.0,Blueprint,,,Distillery_Small,,
SceneComponent,Loot_Bottle_02a_Spawner_C,Loot_Bottle_02a_Spawner_C_UAID_046874882494859A02_367755be1ccb9d60_1585635681,-28833.55,-8394.967,1791.4662,Distillery,50.0,Blueprint,,,Distillery_Small,,
SceneComponent,Loot_Bottle_02a_Spawner_C,Loot_Bottle_02a_Spawner_C_UAID_046874882494859A02_367755be1ccb9d60_1585735734,-28673.846,-8249.726,1994.1757,Distillery,50.0,Blueprint,,,Distillery_Small,,
SceneComponent,Loot_Bottle_02a_Spawner_C,Loot_Bottle_02a_Spawner_C_UAID_046874882494CC9502_97971df2a4ca033d_1246569527,-35895.496,-26559.184,8598.716,Distillery,50.0,Blueprint,,,Distillery_Small,,
SceneComponent,Loot_Bottle_02a_Spawner_C,Loot_Bottle_02a_Spawner_C_UAID_046874882494EA8802_25ca5e96655365b7_1447451398,-62784.023,-15575.13,1659.5411,Distillery,50.0,Blueprint,,,Distillery_Small,,
SceneComponent,Loot_Bottle_02a_Spawner_C,Loot_Bottle_02a_Spawner_C_UAID_046874882494F39502_fa61c736281e8a8a_1311332707,-39913.77,-28494.568,7159.0156,Distillery,50.0,Blueprint,,,Distillery_Small,,
SceneComponent,Loot_Bottle_02a_Spawner_C,Loot_Bottle_02a_Spawner_C_UAID_04D9F5F93AD55F5B02_0af8d68b152618b4_1967699420,26670.473,-7517.201,971.7057,Distillery,50.0,Blueprint,,,Distillery_Small,,
SceneComponent,Loot_Bottle_02a_Spawner_C,Loot_Bottle_02a_Spawner_C_UAID_04D9F5F93AD55F5B02_20e2b082a6cc054c_1967699420,23476.457,-8156.724,1058.8563,Distillery,50.0,Blueprint,,,Distillery_Small,,
SceneComponent,Loot_Bottle_02a_Spawner_C,Loot_Bottle_02a_Spawner_C_UAID_04D9F5F93AD55F5B02_c3245b26535725e1_1967699420,23721.328,-6399.825,1058.8563,Distillery,50.0,Blueprint,,,Distillery_Small,,
SceneComponent,Loot_Bottle_02a_Spawner_C,Loot_Bottle_02a_Spawner_C_UAID_04D9F5F93AD58B3102_f5f3745e62dd497c_1337021800,-65146.73,730.1391,1697.9152,Distillery,50.0,Blueprint,,,Distillery_Small,,
SceneComponent,Loot_Bottle_02a_Spawner_C,Loot_Bottle_02a_Spawner_C_UAID_581CF8B723154C4C02_fa61c736281e8a8a_1240275437,-39289.793,-28477.943,7073.894,Distillery,50.0,Blueprint,,,Distillery_Small,,
SceneComponent,Loot_Bottle_02a_Spawner_C,Loot_Bottle_02a_Spawner_C_UAID_581CF8B723157A4E02_fa61c736281e8a8a_1904314038,-36037.793,-25469.852,7000.8022,Distillery,50.0,Blueprint,,,Distillery_Small,,
SceneComponent,Loot_Bottle_02a_Spawner_C,Loot_Bottle_02a_Spawner_C_UAID_581CF8B72315965202_358ce63c24dd89f2_1610733983,-30344.598,-5275.6367,1813.2598,Distillery,50.0,Blueprint,,,Distillery_Small,,
SceneComponent,Loot_Bottle_02a_Spawner_C,Loot_Bottle_02a_Spawner_C_UAID_581CF8B723159E9F02_6dfd51d988941e94_1818836814,40033.816,-10012.882,-4.9608254,Distillery,50.0,Blueprint,,,Distillery_Small,,
SceneComponent,Loot_Bottle_02a_Spawner_C,Loot_Bottle_02a_Spawner_C_UAID_581CF8B723159E9F02_a9a338b10a444bbb_1818836814,30094.643,-13685.178,-4.9608245,Distillery,50.0,Blueprint,,,Distillery_Small,,
SceneComponent,Loot_Bottle_02a_Spawner_C,Loot_Bottle_02a_Spawner_C_UAID_581CF8B72315D9D602_09b253a8aea41573_1558204340,36144.973,-14944.891,-11.925065,Distillery,50.0,Blueprint,,,Distillery_Small,,
SceneComponent,Loot_Bottle_02a_Spawner_C,Loot_Bottle_02a_Spawner_C_UAID_581CF8B72315FA5102_25c38f96bd642657_1979740709,-26074.748,-7385.2314,2106.4036,Distillery,50.0,Blueprint,,,Distillery_Small,,
SceneComponent,Loot_Bottle_02a_Spawner_C,Loot_Bottle_02a_Spawner_C_afe4a3bbeb7c2068_3,2935.5374,-12479.106,935.0689,Distillery,50.0,Blueprint,,,Distillery_Small,,
SceneComponent,Loot_Bottle_02a_Spawner_C,Loot_Bottle_02a_Spawner_C_afe4a3bbeb7c2068_5,4324.6772,-12045.608,1834.8478,Distillery,50.0,Blueprint,,,Distillery_Small,,
SceneComponent,Loot_Bottle_02a_Spawner_C,Loot_Bottle_02a_Spawner_C_afe4a3bbeb7c2068_7,3298.55,-12435.082,1529.2428,Distillery,50.0,Blueprint,,,Distillery_Small,,
SceneComponent,Loot_BucketWater_01a_Spawner_C,Loot_BucketWater_01a_Spawner_C_UAID_046874882494089902_4fd79de106d61a35_1104347690,-16137.776,-9910.129,1240.8661,Old Bucket,50.0,Blueprint,,,OldBucket,,
SceneComponent,Loot_BucketWater_01a_Spawner_C,Loot_BucketWater_01a_Spawner_C_UAID_0468748824944B9B02_d4266f8cc18702c5_1153687842,-13465.291,-36113.637,1057.214,Old Bucket,50.0,Blueprint,,,OldBucket,,
SceneComponent,Loot_BucketWater_01a_Spawner_C,Loot_BucketWater_01a_Spawner_C_UAID_0468748824944F9B02_4cae16ed3344ca34_1291882146,-17819.25,35498.6,-118.42664,Old Bucket,50.0,Blueprint,,,OldBucket,,
SceneComponent,Loot_BucketWater_01a_Spawner_C,Loot_BucketWater_01a_Spawner_C_UAID_04D9F5F93AD5915D02_1edd625938271b7b_1656575225,25233.549,7336.6387,2505.1243,Old Bucket,50.0,Blueprint,,,OldBucket,,
SceneComponent,Loot_BucketWater_01a_Spawner_C,Loot_BucketWater_01a_Spawner_C_UAID_04D9F5F93AD5915D02_4d25970f973bb898_1656575225,23446.22,9137.659,2695.2026,Old Bucket,50.0,Blueprint,,,OldBucket,,
SceneComponent,Loot_BucketWater_01a_Spawner_C,Loot_BucketWater_01a_Spawner_C_UAID_18C04DA8201B437902_1955f5d21cbe47a4_1447960814,24363.375,8847.39,2599.621,Old Bucket,50.0,Blueprint,,,OldBucket,,
SceneComponent,Loot_BucketWater_01a_Spawner_C,Loot_BucketWater_01a_Spawner_C_UAID_18C04DA8201B637102_c71ad3ef090f6a00_1098135176,-55307.914,33826.637,1763.7863,Old Bucket,50.0,Blueprint,,,OldBucket,,
SceneComponent,Loot_BucketWater_01a_Spawner_C,Loot_BucketWater_01a_Spawner_C_UAID_18C04DA8201B637102_c71ad3ef090f6a00_1117640256,-57204.895,34046.312,1876.1215,Old Bucket,50.0,Blueprint,,,OldBucket,,
SceneComponent,Loot_BucketWater_01a_Spawner_C,Loot_BucketWater_01a_Spawner_C_UAID_18C04DA8201B637102_c71ad3ef090f6a00_1117923283,-57315.957,36293.516,1875.813,Old Bucket,50.0,Blueprint,,,OldBucket,,
SceneComponent,Loot_BucketWater_01a_Spawner_C,Loot_BucketWater_01a_Spawner_C_UAID_18C04DA8201B637102_c71ad3ef090f6a00_1118877359,-54795.863,37859.34,1957.7968,Old Bucket,50.0,Blueprint,,,OldBucket,,
SceneComponent,Loot_BullionBox_01a_Spawner_C,Loot_BullionBox_01a_Spawner_C_2f23f936f64b5dad_1,30964.412,-11807.92,60.531044,Bullion Box,50.0,Blueprint,,,BullionBox,,
SceneComponent,Loot_BullionBox_01a_Spawner_C,Loot_BullionBox_01a_Spawner_C_UAID_00FF8EFC2BEF1C6B02_4fd79de106d61a35_1324957406,-15104.61,-13563.341,1290.8898,Bullion Box,50.0,Blueprint,,,BullionBox,,
SceneComponent,Loot_BullionBox_01a_Spawner_C,Loot_BullionBox_01a_Spawner_C_UAID_00FF8EFC2BEFA07202_7bc00f6ec963c845_1998732090,19724.303,-9535.719,2826.2512,Bullion Box,50.0,Blueprint,,,BullionBox,,
SceneComponent,Loot_BullionBox_01a_Spawner_C,Loot_BullionBox_01a_Spawner_C_UAID_046874882494359A02_afe4a3bbeb7c2068_1286798080,3074.0488,-12074.012,1893.7507,Bullion Box,5.0,Custom,,,BullionBox,,
SceneComponent,Loot_BullionBox_01a_Spawner_C,Loot_BullionBox_01a_Spawner_C_UAID_046874882494359A02_afe4a3bbeb7c2068_1286896088,3709.2935,-12779.658,1890.8411,Bullion Box,5.0,Custom,,,BullionBox,,
SceneComponent,Loot_BullionBox_01a_Spawner_C,Loot_BullionBox_01a_Spawner_C_UAID_0468748824944E8902_1c556f47455d4841_1244093129,-2680.8848,2556.687,519.791,Bullion Box,5.0,Custom,,,BullionBox,,
SceneComponent,Loot_BullionBox_01a_Spawner_C,Loot_BullionBox_01a_Spawner_C_UAID_046874882494859A02_367755be1ccb9d60_1585064314,-27427.66,-12482.442,1745.5864,Bullion Box,50.0,Blueprint,,,BullionBox,,
SceneComponent,Loot_BullionBox_01a_Spawner_C,Loot_BullionBox_01a_Spawner_C_UAID_046874882494859A02_367755be1ccb9d60_1585207412,-27805.398,-9577.179,2206.9824,Bullion Box,5.0,Custom,,,BullionBox,,
SceneComponent,Loot_BullionBox_01a_Spawner_C,Loot_BullionBox_01a_Spawner_C_UAID_046874882494859A02_367755be1ccb9d60_1585480581,-27695.955,-9378.054,2336.169,Bullion Box,50.0,Blueprint,,,BullionBox,,
SceneComponent,Loot_BullionBox_01a_Spawner_C,Loot_BullionBox_01a_Spawner_C_UAID_046874882494859A02_367755be1ccb9d60_1585508600,-28330.566,-9330.905,1895.3612,Bullion Box,25.0,Custom,,,BullionBox,,
SceneComponent,Loot_BullionBox_01a_Spawner_C,Loot_BullionBox_01a_Spawner_C_UAID_046874882494CC9502_97971df2a4ca033d_1226811098,-36412.26,-26596.797,9044.804,Bullion Box,5.0,Custom,,,BullionBox,,
SceneComponent,Loot_BullionBox_01a_Spawner_C,Loot_BullionBox_01a_Spawner_C_UAID_046874882494CC9502_97971df2a4ca033d_1230671177,-36153.145,-27217.943,9014.89,Bullion Box,5.0,Custom,,,BullionBox,,
SceneComponent,Loot_BullionBox_01a_Spawner_C,Loot_BullionBox_01a_Spawner_C_UAID_046874882494CC9502_97971df2a4ca033d_1232276218,-36287.824,-26822.678,9472.522,Bullion Box,5.0,Custom,,,BullionBox,,
SceneComponent,Loot_BullionBox_01a_Spawner_C,Loot_BullionBox_01a_Spawner_C_UAID_046874882494D39502_c28b544d044813cd_1678156834,-36597.0,-27993.73,7013.3315,Bullion Box,20.0,Custom,,,BullionBox,,
SceneComponent,Loot_BullionBox_01a_Spawner_C,Loot_BullionBox_01a_Spawner_C_UAID_04D9F5F93AD55F5B02_0af8d68b152618b4_1948103414,26699.947,-7464.283,967.1545,Bullion Box,50.0,Blueprint,,,BullionBox,,
SceneComponent,Loot_BullionBox_01a_Spawner_C,Loot_BullionBox_01a_Spawner_C_UAID_04D9F5F93AD55F5B02_20e2b082a6cc054c_1948103414,23407.662,-8120.461,1057.8291,Bullion Box,50.0,Blueprint,,,BullionBox,,
SceneComponent,Loot_BullionBox_01a_Spawner_C,Loot_BullionBox_01a_Spawner_C_UAID_04D9F5F93AD55F5B02_c3245b26535725e1_1948103414,23635.672,-6367.1733,1058.8563,Bullion Box,50.0,Blueprint,,,BullionBox,,
SceneComponent,Loot_BullionBox_01a_Spawner_C,Loot_BullionBox_01a_Spawner_C_UAID_04D9F5F93AD5763302_f5f3745e62dd497c_1110576843,-66095.92,-3342.921,1704.1288,Bullion Box,10.0,Custom,,,BullionBox,,
SceneComponent,Loot_BullionBox_01a_Spawner_C,Loot_BullionBox_01a_Spawner_C_UAID_581CF8B72315075002_97971df2a4ca033d_1355511468,-35498.46,-27457.127,8840.371,Bullion Box,50.0,Blueprint,,,BullionBox,,
SceneComponent,Loot_BullionBox_01a_Spawner_C,Loot_BullionBox_01a_Spawner_C_UAID_581CF8B723150CDA02_0d3d88d307a018df_1520098600,37805.12,-7978.1396,-3.5232272,Bullion Box,5.0,Custom,,,BullionBox,,
SceneComponent,Loot_BullionBox_01a_Spawner_C,Loot_BullionBox_01a_Spawner_C_UAID_581CF8B723150CDA02_0d3d88d307a018df_1520259608,36386.027,-10268.483,-3.4822521,Bullion Box,5.0,Custom,,,BullionBox,,
SceneComponent,Loot_BullionBox_01a_Spawner_C,Loot_BullionBox_01a_Spawner_C_UAID_581CF8B7231518D902_0d3d88d307a018df_1660165301,37224.17,-8241.573,182.63777,Bullion Box,100.0,Custom,,,BullionBox,,
SceneComponent,Loot_BullionBox_01a_Spawner_C,Loot_BullionBox_01a_Spawner_C_UAID_581CF8B7231544DB02_3df28b0128384e50_1393257223,39719.902,-13616.614,-29.415796,Bullion Box,50.0,Blueprint,,,BullionBox,,
SceneComponent,Loot_BullionBox_01a_Spawner_C,Loot_BullionBox_01a_Spawner_C_UAID_581CF8B723157A4E02_fa61c736281e8a8a_1949970050,-35874.12,-25448.516,7230.666,Bullion Box,20.0,Custom,,,BullionBox,,
SceneComponent,Loot_BullionBox_01a_Spawner_C,Loot_BullionBox_01a_Spawner_C_UAID_581CF8B72315804E02_bbbfac29b2972afa_1831159072,-39022.562,-24518.799,8229.844,Bullion Box,50.0,Blueprint,,,BullionBox,,
SceneComponent,Loot_BullionBox_01a_Spawner_C,Loot_BullionBox_01a_Spawner_C_UAID_581CF8B723158F5202_358ce63c24dd89f2_1381848919,-30161.256,-5724.4443,2324.0996,Bullion Box,50.0,Blueprint,,,BullionBox,,
SceneComponent,Loot_BullionBox_01a_Spawner_C,Loot_BullionBox_01a_Spawner_C_UAID_581CF8B72315C24F02_97971df2a4ca033d_1438553993,-35585.824,-27349.363,8423.501,Bullion Box,25.0,Custom,,,BullionBox,,
SceneComponent,Loot_BullionBox_01a_Spawner_C,Loot_BullionBox_01a_Spawner_C_UAID_581CF8B72315F15102_25c38f96bd642657_1087496201,-26445.58,-7468.32,2169.3992,Bullion Box,50.0,Blueprint,,,BullionBox,,
SceneComponent,Loot_BullionBox_01a_Spawner_C,Loot_BullionBox_01a_Spawner_C_UAID_D843AE1A93E502D002_1427132182,24582.031,-15332.373,1847.3768,Bullion Box,50.0,Blueprint,,,BullionBox,,
SceneComponent,Loot_BullionBox_01a_Spawner_C,Loot_BullionBox_01a_Spawner_C_UAID_D843AE1A93E5718002_fa61c736281e8a8a_1973321973,-36059.742,-26532.299,9132.569,Bullion Box,75.0,Custom,,,BullionBox,,
SceneComponent,Loot_BullionBox_01a_Spawner_C,Loot_BullionBox_01a_Spawner_C_UAID_D843AE1A93E5ABB402_6bf7ed90f87edc78_2054560947,-7128.089,-16785.178,540.89734,Bullion Box,50.0,Blueprint,,,BullionBox,,
SceneComponent,Loot_BullionBox_01a_Spawner_C,Loot_BullionBox_01a_Spawner_C_UAID_D843AE1A93E5CE7902_97971df2a4ca033d_1408387770,-35235.938,-27124.303,8073.8843,Bullion Box,25.0,Custom,,,BullionBox,,
SceneComponent,Loot_Buried_Chest_01a_C,UNP_Loot_Buried_Chest_01a_c3ec7d0135d62a79_0,-13848.196,13964.571,-180.73198,Chest,50.0,Blueprint,,,Chest_Global_Medium,,
SceneComponent,Loot_Buried_Chest_02a_C,Loot_Buried_Chest_02a_C_2,-7440.1045,-27981.553,253.52596,Small Chest,50.0,Blueprint,,,Chest_Global_Small,,
SceneComponent,Loot_Buried_Chest_02a_C,Loot_Buried_Chest_02a_C_3,-32550.818,-25362.623,5725.604,Small Chest,50.0,Blueprint,,,Chest_Global_Small,,
SceneComponent,Loot_Cabinet_02a_Spawner_C,Loot_Cabinet_02a_Spawner_C_UAID_04D9F5F93AD5F44B02_25c38f96bd642657_1388687753,-27180.781,-8386.1045,1767.7178,Cabinet,,,,,CivilianCupboardDresser_Small,,
SceneComponent,Loot_Cabinet_02a_Spawner_C,Loot_Cabinet_02a_Spawner_C_UAID_04D9F5F93AD5F44B02_25c38f96bd642657_1430796758,-26744.86,-8195.694,2106.7178,Cabinet,,,,,CivilianCupboardDresser_Small,,
SceneComponent,Loot_Cabinet_02a_Spawner_C,Loot_Cabinet_02a_Spawner_C_UAID_04D9F5F93AD5F44B02_613646c311d01d8e_1388687753,-27241.512,-10797.278,1770.9438,Cabinet,,,,,CivilianCupboardDresser_Small,,
SceneComponent,Loot_Cairn_01a_Spawner_C,Loot_Cairn_01a_Spawner_C_UAID_D843AE1A93E5F67D02_71619fc7e70fc919_1106235392,-12103.705,17503.158,-487.47455,Old Cairn,,,,,Old_Cairn,,
SceneComponent,Loot_Cairn_01a_Spawner_C,Loot_Cairn_01a_Spawner_C_UAID_D843AE1A93E5F77D02_ef24bfe3d12f0669_1593617064,19528.844,5867.105,1342.3085,Old Cairn,,,,,Old_Cairn,,
SceneComponent,Loot_ChestDrawers_01a_Spawner_C,Loot_ChestDrawers_01a_Spawner_C_UAID_046874882494859A02_367755be1ccb9d60_1585519606,-28765.84,-8016.553,2306.607,Trunk,,,,,Civilian_Medium,,
SceneComponent,Loot_ChestDrawers_01a_Spawner_C,Loot_ChestDrawers_01a_Spawner_C_UAID_046874882494AD8D02_c71ad3ef090f6a00_1994911640,-53207.617,34960.785,1740.4182,Trunk,,,,,Civilian_Medium,,
SceneComponent,Loot_ChestDrawers_01a_Spawner_C,Loot_ChestDrawers_01a_Spawner_C_UAID_046874882494AD8D02_c71ad3ef090f6a00_1995807698,-55299.36,35731.96,1742.7052,Trunk,,,,,Civilian_Medium,,
SceneComponent,Loot_ChestDrawers_01a_Spawner_C,Loot_ChestDrawers_01a_Spawner_C_UAID_046874882494AD8D02_c71ad3ef090f6a00_1999760962,-54074.367,36544.926,1737.4125,Trunk,,,,,Civilian_Medium,,
SceneComponent,Loot_ChestDrawers_01a_Spawner_C,Loot_ChestDrawers_01a_Spawner_C_UAID_046874882494AD8D02_c71ad3ef090f6a00_2000641020,-54316.664,33933.633,1740.9614,Trunk,,,,,Civilian_Medium,,
SceneComponent,Loot_ChestDrawers_01a_Spawner_C,Loot_ChestDrawers_01a_Spawner_C_UAID_046874882494AD8D02_c71ad3ef090f6a00_2001525080,-53794.484,35530.152,1740.4911,Trunk,,,,,Civilian_Medium,,
SceneComponent,Loot_ChestDrawers_01a_Spawner_C,Loot_ChestDrawers_01a_Spawner_C_UAID_581CF8B7231592D602_09b253a8aea41573_1866972851,36238.254,-15611.845,-100.58142,Trunk,,,,,Civilian_Medium,,
SceneComponent,Loot_ChestDrawers_01a_Spawner_C,Loot_ChestDrawers_01a_Spawner_C_UAID_581CF8B7231593D602_09b253a8aea41573_1893344167,35361.14,-15829.942,-100.58142,Trunk,,,,,Civilian_Medium,,
SceneComponent,Loot_ChestDrawers_01a_Spawner_C,Loot_ChestDrawers_01a_Spawner_C_UAID_581CF8B72315DCD602_79f9a36b537b5426_1471496996,34455.39,-16382.75,-98.94705,Trunk,,,,,Civilian_Medium,,
SceneComponent,Loot_ChestDrawers_01a_Spawner_C,UNP_Loot_ChestDrawers_01a_42e60c0f2dfe0fa8_0,-13524.548,-12105.532,1329.5284,Trunk,,,,,Civilian_Medium,,
SceneComponent,Loot_ChestDrawers_01a_Spawner_C,UNP_Loot_ChestDrawers_01a_5cd45a4e3089d131_0,-29926.207,-7026.4463,1972.1858,Trunk,,,,,Civilian_Medium,,
SceneComponent,Loot_ChestDrawers_01a_Spawner_C,UNP_Loot_ChestDrawers_01a_86279adec2ec3b27_0,-14073.196,18267.938,186.37494,Trunk,,,,,Civilian_Medium,,
SceneComponent,Loot_ChestDrawers_01a_Spawner_C,UNP_Loot_ChestDrawers_01a_90429aff829b7e94_0,2170.3442,-10763.087,1643.7134,Trunk,,,,,Civilian_Medium,,
SceneComponent,Loot_ChestDrawers_01a_Spawner_C,UNP_Loot_ChestDrawers_01a_UAID_046874882494B49C02_d40d86cadf850e91_1893087055,-51330.348,-30046.271,6941.665,Trunk,,,,,Civilian_Medium,,
SceneComponent,Loot_ChestDrawers_01a_Spawner_C,UNP_Loot_ChestDrawers_01a_UAID_046874882494B49C02_d40d86cadf850e91_1907857438,-51465.723,-31680.125,6939.234,Trunk,,,,,Civilian_Medium,,
SceneComponent,Loot_ChestDrawers_01a_Spawner_C,UNP_Loot_ChestDrawers_01a_UAID_D843AE1A93E5292D02_03b3054f6e72d651_1553474120,-28670.393,36637.45,1309.1041,Trunk,,,,,Civilian_Medium,,
SceneComponent,Loot_ChestDrawers_01a_Spawner_C,UNP_Loot_ChestDrawers_01a_UAID_D843AE1A93E5292D02_3c619b89c49d96f9_1553474120,-58008.16,-16553.879,4619.0215,Trunk,,,,,Civilian_Medium,,
SceneComponent,Loot_ChestDrawers_01a_Spawner_C,UNP_Loot_ChestDrawers_01a_UAID_D843AE1A93E5292D02_51888d646f2d4267_1553474120,-2600.2534,-15566.887,145.4375,Trunk,,,,,Civilian_Medium,,
SceneComponent,Loot_ChestDrawers_01a_Spawner_C,UNP_Loot_ChestDrawers_01a_d7ab05e04fd848b6_0,-24072.355,-11037.842,1973.3284,Trunk,,,,,Civilian_Medium,,
SceneComponent,Loot_Chest_Large_01a_Spawner_C,Loot_Chest_Large_01a_Spawner_C_1c556f47455d4841_0,-4860.579,5508.946,-742.6283,Large Chest,50.0,Blueprint,,,Chest_Global_Large,,
SceneComponent,Loot_Chest_Large_01a_Spawner_C,Loot_Chest_Large_01a_Spawner_C_UAID_581CF8B72315075002_97971df2a4ca033d_1211097449,-35330.945,-27171.508,8507.509,Large Chest,50.0,Blueprint,,,Chest_Global_Large,,
SceneComponent,Loot_Chest_Large_01a_Spawner_C,Loot_Chest_Large_01a_Spawner_C_a595927790dec5fd_42,-47670.918,-7292.6055,3513.9739,Large Chest,50.0,Blueprint,,,Chest_Global_Large,,
SceneComponent,Loot_Chest_Large_01a_Spawner_C,Loot_Chest_Large_01a_Spawner_C_afe4a3bbeb7c2068_1,4317.657,-12812.393,935.13837,Large Chest,50.0,Blueprint,,,Chest_Global_Large,,
SceneComponent,Loot_Chest_Large_01a_Spawner_C,UNP_Loot_Chest_Large_01a_04efd090dd5a393f_0,-23391.914,37287.414,676.36084,Large Chest,50.0,Blueprint,,,Chest_Global_Large,,
SceneComponent,Loot_Chest_Large_01a_Spawner_C,UNP_Loot_Chest_Large_01a_7452f14d53d824c3_0,25608.168,-13160.117,2455.1265,Large Chest,50.0,Blueprint,,,Chest_Global_Large,,
SceneComponent,Loot_Chest_Large_01a_Spawner_C,UNP_Loot_Chest_Large_01a_7bc00f6ec963c845_0,21799.484,-9975.677,2284.8125,Large Chest,50.0,Blueprint,,,Chest_Global_Large,,
SceneComponent,Loot_Chest_Large_01a_Spawner_C,UNP_Loot_Chest_Large_01a_86279adec2ec3b27_0,-15826.165,19588.1,568.2894,Large Chest,50.0,Blueprint,,,Chest_Global_Large,,
SceneComponent,Loot_Chest_Large_01a_Spawner_C,UNP_Loot_Chest_Large_01a_UAID_046874882494859A02_367755be1ccb9d60_1585543621,-27569.041,-13089.528,1727.4729,Large Chest,50.0,Blueprint,,,Chest_Global_Large,,
SceneComponent,Loot_Chest_Large_01a_Spawner_C,UNP_Loot_Chest_Large_01a_UAID_046874882494B49C02_d40d86cadf850e91_1893102064,-50957.633,-30066.172,6941.665,Large Chest,50.0,Blueprint,,,Chest_Global_Large,,
SceneComponent,Loot_Chest_Large_01a_Spawner_C,UNP_Loot_Chest_Large_01a_UAID_046874882494FE9802_29c4ea76462ed633_1755728275,-29106.504,21132.979,-316.50195,Large Chest,50.0,Blueprint,,,Chest_Global_Large,,
SceneComponent,Loot_Chest_Large_01a_Spawner_C,UNP_Loot_Chest_Large_01a_e52402bc25166cd3_0,-3171.064,-38617.273,243.37585,Large Chest,50.0,Blueprint,,,Chest_Global_Large,,
SceneComponent,Loot_Chest_Large_01a_Spawner_C,UNP_Loot_Chest_Small_01a1_UAID_046874882494039902_4f36605deaaf1c91_1428678802,-10236.068,19170.363,-159.1313,Large Chest,50.0,Blueprint,,,Chest_Global_Large,,
SceneComponent,Loot_Chest_Large_01a_Spawner_C,UNP_Loot_Chest_Small_01a1_UAID_046874882494459902_f3f59c752bd0a4d9_1434069433,-57844.74,9019.694,447.56668,Large Chest,50.0,Blueprint,,,Chest_Global_Large,,
SceneComponent,Loot_Chest_Large_01a_Spawner_C,UNP_Loot_Chest_Small_01a1_UAID_046874882494859A02_367755be1ccb9d60_1585296466,-25419.607,-12157.886,1755.0273,Large Chest,50.0,Blueprint,,,Chest_Global_Large,,
SceneComponent,Loot_Chest_Large_01a_Spawner_C,UNP_Loot_Chest_Small_01a1_UAID_046874882494859A02_367755be1ccb9d60_1585329488,-28015.617,-2951.7498,1742.3427,Large Chest,50.0,Blueprint,,,Chest_Global_Large,,
SceneComponent,Loot_Chest_Large_01a_Spawner_C,UNP_Loot_Chest_Small_01a1_UAID_046874882494977D02_f5f3745e62dd497c_1268807539,-66155.17,-657.19904,1702.6104,Large Chest,50.0,Blueprint,,,Chest_Global_Large,,
SceneComponent,Loot_Chest_Large_01a_Spawner_C,UNP_Loot_Chest_Small_01a1_UAID_0468748824949CD502_37bd26559c49d275_1298608720,-13765.063,-18239.857,1695.2709,Large Chest,50.0,Blueprint,,,Chest_Global_Large,,
SceneComponent,Loot_Chest_Large_01a_Spawner_C,UNP_Loot_Chest_Small_01a1_UAID_0468748824949CD502_37bd26559c49d275_1323443046,-1230.0052,-15193.167,1693.4106,Large Chest,50.0,Blueprint,,,Chest_Global_Large,,
SceneComponent,Loot_Chest_Large_01a_Spawner_C,UNP_Loot_Chest_Small_01a1_UAID_046874882494B49C02_d40d86cadf850e91_1892609000,-51639.613,-30693.023,6940.232,Large Chest,50.0,Blueprint,,,Chest_Global_Large,,
SceneComponent,Loot_Chest_Large_01a_Spawner_C,UNP_Loot_Chest_Small_01a1_UAID_046874882494B49C02_d40d86cadf850e91_1892746018,-49340.66,-31517.303,6940.232,Large Chest,50.0,Blueprint,,,Chest_Global_Large,,
SceneComponent,Loot_Chest_Large_01a_Spawner_C,UNP_Loot_Chest_Small_01a1_UAID_D843AE1A93E5282D02_10081d77017832c6_2118243696,-55269.023,-3514.6594,2269.8984,Large Chest,50.0,Blueprint,,,Chest_Global_Large,,
SceneComponent,Loot_Chest_Large_01a_Spawner_C,UNP_Loot_Chest_Small_01a1_UAID_D843AE1A93E5282D02_30bfa73b79ea84db_2118243696,-32381.809,-41587.348,5146.7124,Large Chest,50.0,Blueprint,,,Chest_Global_Large,,
SceneComponent,Loot_Chest_Large_01a_Spawner_C,UNP_Loot_Chest_Small_01a1_UAID_D843AE1A93E5282D02_61e69454f56b2b26_2118243696,-409.77753,21429.826,-264.4296,Large Chest,50.0,Blueprint,,,Chest_Global_Large,,
SceneComponent,Loot_Chest_Large_01a_Spawner_C,UNP_Loot_Chest_Small_01a1_UAID_D843AE1A93E5282D02_81f01809b78213e9_2118243696,-27294.703,23079.928,-389.1757,Large Chest,50.0,Blueprint,,,Chest_Global_Large,,
SceneComponent,Loot_Chest_Large_01a_Spawner_C,UNP_Loot_Chest_Small_01a1_UAID_D843AE1A93E5282D02_ae56a79f3f80b113_2118243696,-4334.7754,16078.343,-223.88625,Large Chest,50.0,Blueprint,,,Chest_Global_Large,,
SceneComponent,Loot_Chest_Large_01a_Spawner_C,UNP_Loot_Chest_Small_01a1_UAID_D843AE1A93E5282D02_b2246920ac271f7b_2118243696,-7207.9326,34680.316,-229.32057,Large Chest,50.0,Blueprint,,,Chest_Global_Large,,
SceneComponent,Loot_Chest_Large_01a_Spawner_C,UNP_Loot_Chest_Small_01a1_UAID_D843AE1A93E5282D02_ef4e7b45e5a66d0a_2118243696,-1621.5385,2645.978,-67.29587,Large Chest,50.0,Blueprint,,,Chest_Global_Large,,
SceneComponent,Loot_Chest_Medium_01a_Spawner_C,Loot_Chest_Medium_01a_Spawner_C_1c556f47455d4841_0,-2855.251,1962.1829,-72.87652,Chest,50.0,Blueprint,,,Chest_Global_Medium,,
SceneComponent,Loot_Chest_Medium_01a_Spawner_C,Loot_Chest_Medium_01a_Spawner_C_1c556f47455d4841_1,-5277.9873,5281.624,-728.75696,Chest,50.0,Blueprint,,,Chest_Global_Medium,,
SceneComponent,Loot_Chest_Medium_01a_Spawner_C,Loot_Chest_Medium_01a_Spawner_C_1c556f47455d4841_2,-2844.2725,2115.449,422.61432,Chest,50.0,Blueprint,,,Chest_Global_Medium,,
SceneComponent,Loot_Chest_Medium_01a_Spawner_C,Loot_Chest_Medium_01a_Spawner_C_UAID_00FF8EFC2BEFFB5502_0db63d81c574f015_2074726095,13787.573,13383.915,1567.5157,Chest,50.0,Blueprint,,,Chest_Global_Medium,,
SceneComponent,Loot_Chest_Medium_01a_Spawner_C,Loot_Chest_Medium_01a_Spawner_C_UAID_00FF8EFC2BEFFB5502_3c3291fccc4d0ca2_2074726095,-29844.586,-45164.76,5238.512,Chest,50.0,Blueprint,,,Chest_Global_Medium,,
SceneComponent,Loot_Chest_Medium_01a_Spawner_C,Loot_Chest_Medium_01a_Spawner_C_UAID_00FF8EFC2BEFFB5502_b4eb7b5d453a345a_2074726095,21266.084,-21279.113,2091.97,Chest,50.0,Blueprint,,,Chest_Global_Medium,,
SceneComponent,Loot_Chest_Medium_01a_Spawner_C,Loot_Chest_Medium_01a_Spawner_C_UAID_00FF8EFC2BEFFB5502_e41ce24b7b9363e5_2074726095,-23751.773,29866.486,924.3885,Chest,50.0,Blueprint,,,Chest_Global_Medium,,
SceneComponent,Loot_Chest_Medium_01a_Spawner_C,Loot_Chest_Medium_01a_Spawner_C_UAID_00FF8EFC2BEFFB5502_e5dd62a3af5a34cb_2074726095,-57412.92,-18748.223,6438.318,Chest,50.0,Blueprint,,,Chest_Global_Medium,,
SceneComponent,Loot_Chest_Medium_01a_Spawner_C,Loot_Chest_Medium_01a_Spawner_C_UAID_046874882494859A02_367755be1ccb9d60_1585625674,-28178.805,-9639.394,2107.2866,Chest,50.0,Blueprint,,,Chest_Global_Medium,,
SceneComponent,Loot_Chest_Medium_01a_Spawner_C,Loot_Chest_Medium_01a_Spawner_C_UAID_046874882494FE9802_29c4ea76462ed633_1773313685,-31341.13,20095.898,-109.91758,Chest,50.0,Blueprint,,,Chest_Global_Medium,,
SceneComponent,Loot_Chest_Medium_01a_Spawner_C,Loot_Chest_Medium_01a_Spawner_C_UAID_04D9F5F93AD5953102_39c53a56517c239f_1319253037,14534.752,13379.735,2140.0767,Chest,50.0,Blueprint,,,Chest_Global_Medium,,
SceneComponent,Loot_Chest_Medium_01a_Spawner_C,Loot_Chest_Medium_01a_Spawner_C_UAID_04D9F5F93AD5953102_3e62a173f235e900_1319253037,21563.564,-21932.906,2700.3928,Chest,50.0,Blueprint,,,Chest_Global_Medium,,
SceneComponent,Loot_Chest_Medium_01a_Spawner_C,Loot_Chest_Medium_01a_Spawner_C_UAID_04D9F5F93AD5953102_6c4c20721545df36_1319253037,-30576.254,-45316.27,5811.073,Chest,50.0,Blueprint,,,Chest_Global_Medium,,
SceneComponent,Loot_Chest_Medium_01a_Spawner_C,Loot_Chest_Medium_01a_Spawner_C_UAID_04D9F5F93AD5953102_a1b8e9568afcd202_1319253037,-57660.832,-19453.088,7010.8784,Chest,50.0,Blueprint,,,Chest_Global_Medium,,
SceneComponent,Loot_Chest_Medium_01a_Spawner_C,Loot_Chest_Medium_01a_Spawner_C_UAID_04D9F5F93AD5953102_b48abfd6dd8426a8_1319253037,-24365.46,30292.727,1496.9493,Chest,50.0,Blueprint,,,Chest_Global_Medium,,
SceneComponent,Loot_Chest_Medium_01a_Spawner_C,Loot_Chest_Medium_01a_Spawner_C_UAID_18C04DA8201B627102_c71ad3ef090f6a00_1897319753,-54346.684,32695.807,1928.2753,Chest,50.0,Blueprint,,,Chest_Global_Medium,,
SceneComponent,Loot_Chest_Medium_01a_Spawner_C,Loot_Chest_Medium_01a_Spawner_C_UAID_18C04DA8201B627102_c71ad3ef090f6a00_1899416814,-53041.773,37191.508,1802.4049,Chest,50.0,Blueprint,,,Chest_Global_Medium,,
SceneComponent,Loot_Chest_Medium_01a_Spawner_C,Loot_Chest_Medium_01a_Spawner_C_UAID_581CF8B72315075B02_c71ad3ef090f6a00_1910293392,-55416.57,35819.16,1740.0835,Chest,50.0,Blueprint,,,Chest_Global_Medium,,
SceneComponent,Loot_Chest_Medium_01a_Spawner_C,Loot_Chest_Medium_01a_Spawner_C_UAID_581CF8B723155A5002_126232618081b8ee_1377796335,-26329.416,-9476.706,1434.5596,Chest,50.0,Blueprint,,,Chest_Global_Medium,,
SceneComponent,Loot_Chest_Medium_01a_Spawner_C,Loot_Chest_Medium_01a_Spawner_C_UAID_581CF8B723157E4F02_97971df2a4ca033d_1133625116,-36351.17,-26540.514,7657.506,Chest,50.0,Blueprint,,,Chest_Global_Medium,,
SceneComponent,Loot_Chest_Medium_01a_Spawner_C,Loot_Chest_Medium_01a_Spawner_C_UAID_581CF8B723158F4D02_fa61c736281e8a8a_2141567761,-38871.758,-31665.79,6715.3433,Chest,50.0,Blueprint,,,Chest_Global_Medium,,
SceneComponent,Loot_Chest_Medium_01a_Spawner_C,Loot_Chest_Medium_01a_Spawner_C_UAID_581CF8B72315CC7F02_7895f44951635563_1135518761,-48171.555,-9688.179,3306.7188,Chest,50.0,Blueprint,,,Chest_Global_Medium,,
SceneComponent,Loot_Chest_Medium_01a_Spawner_C,Loot_Chest_Medium_01a_Spawner_C_UAID_581CF8B72315DCD602_79f9a36b537b5426_1471494994,33334.055,-15597.348,-58.295643,Chest,50.0,Blueprint,,,Chest_Global_Medium,,
SceneComponent,Loot_Chest_Medium_01a_Spawner_C,Loot_Chest_Medium_01a_Spawner_C_afe4a3bbeb7c2068_5,3290.7222,-13116.351,1789.3644,Chest,50.0,Blueprint,,,Chest_Global_Medium,,
SceneComponent,Loot_Chest_Medium_01a_Spawner_C,Loot_Chest_Medium_01a_Spawner_C_afe4a3bbeb7c2068_6,3853.2534,-12173.562,1788.4138,Chest,50.0,Blueprint,,,Chest_Global_Medium,,
SceneComponent,Loot_Chest_Medium_01a_Spawner_C,Loot_Chest_Medium_01a_Spawner_C_afe4a3bbeb7c2068_7,3961.305,-11974.611,1787.6033,Chest,50.0,Blueprint,,,Chest_Global_Medium,,
SceneComponent,Loot_Chest_Medium_01a_Spawner_C,Loot_Chest_Medium_01a_Spawner_C_afe4a3bbeb7c2068_8,3935.8667,-12328.717,935.13837,Chest,50.0,Blueprint,,,Chest_Global_Medium,,
SceneComponent,Loot_Chest_Medium_01a_Spawner_C,UNP_Loot_Chest_Medium_01a1_3a31ba082ae5c4c6_1,-59964.574,13927.963,-55.33272,Chest,3.0,Custom,,,Chest_Global_Medium,,
SceneComponent,Loot_Chest_Medium_01a_Spawner_C,UNP_Loot_Chest_Medium_01a1_5746002f6ff70566_1,27151.27,1043.9766,2294.5813,Chest,3.0,Custom,,,Chest_Global_Medium,,
SceneComponent,Loot_Chest_Medium_01a_Spawner_C,UNP_Loot_Chest_Medium_01a1_6bf7ed90f87edc78_1,-7784.9805,-16336.422,2797.4878,Chest,50.0,Blueprint,,,Chest_Global_Medium,,
SceneComponent,Loot_Chest_Medium_01a_Spawner_C,UNP_Loot_Chest_Medium_01a1_801f45a999455172_1,6479.5376,35214.957,983.4538,Chest,3.0,Custom,,,Chest_Global_Medium,,
SceneComponent,Loot_Chest_Medium_01a_Spawner_C,UNP_Loot_Chest_Medium_01a1_e1bb248152fb6cbc_1,-21721.854,23151.16,-242.8331,Chest,3.0,Custom,,,Chest_Global_Medium,,
SceneComponent,Loot_Chest_Medium_01a_Spawner_C,UNP_Loot_Chest_Medium_01a2_86279adec2ec3b27_3,-16168.575,18747.777,-552.096,Chest,50.0,Blueprint,,,Chest_Global_Medium,,
SceneComponent,Loot_Chest_Medium_01a_Spawner_C,UNP_Loot_Chest_Medium_01a3_6bf7ed90f87edc78_3,-7474.566,-16054.43,3161.6702,Chest,50.0,Blueprint,,,Chest_Global_Medium,,
SceneComponent,Loot_Chest_Medium_01a_Spawner_C,UNP_Loot_Chest_Medium_01a_01faab9f7a9e0f09_0,-60883.945,27129.979,1118.3092,Chest,50.0,Blueprint,,,Chest_Global_Medium,,
SceneComponent,Loot_Chest_Medium_01a_Spawner_C,UNP_Loot_Chest_Medium_01a_04ab105e8b497f21_0,-30516.625,16999.746,-739.8393,Chest,10.0,Custom,,,Chest_Global_Medium,,
SceneComponent,Loot_Chest_Medium_01a_Spawner_C,UNP_Loot_Chest_Medium_01a_0d125d3cb562962f_0,-63189.918,15750.417,-702.2326,Chest,10.0,Custom,,,Chest_Global_Medium,,
SceneComponent,Loot_Chest_Medium_01a_Spawner_C,UNP_Loot_Chest_Medium_01a_0f25559a6b5f07d5_0,-5192.0444,34017.83,285.46582,Chest,50.0,Blueprint,,,Chest_Global_Medium,,
SceneComponent,Loot_Chest_Medium_01a_Spawner_C,UNP_Loot_Chest_Medium_01a_14a21938b4428c4b_0,-11886.365,-17576.549,164.12614,Chest,10.0,Custom,,,Chest_Global_Medium,,
SceneComponent,Loot_Chest_Medium_01a_Spawner_C,UNP_Loot_Chest_Medium_01a_196d5663e60b1c53_0,-63450.812,858.83026,974.8852,Chest,10.0,Custom,,,Chest_Global_Medium,,
SceneComponent,Loot_Chest_Medium_01a_Spawner_C,UNP_Loot_Chest_Medium_01a_1ad12bd801b9dc9e_0,-65537.11,18651.91,-720.9692,Chest,10.0,Custom,,,Chest_Global_Medium,,
SceneComponent,Loot_Chest_Medium_01a_Spawner_C,UNP_Loot_Chest_Medium_01a_1cc8b3e313808f4e_0,945.39716,-34673.297,-702.6228,Chest,10.0,Custom,,,Chest_Global_Medium,,
SceneComponent,Loot_Chest_Medium_01a_Spawner_C,UNP_Loot_Chest_Medium_01a_20a12a9e4c9a08fc_0,-16814.006,35345.285,-248.16273,Chest,50.0,Blueprint,,,Chest_Global_Medium,,
SceneComponent,Loot_Chest_Medium_01a_Spawner_C,UNP_Loot_Chest_Medium_01a_214b6783d61910ce_0,-3495.3008,-1588.6204,17.433622,Chest,50.0,Blueprint,,,Chest_Global_Medium,,
SceneComponent,Loot_Chest_Medium_01a_Spawner_C,UNP_Loot_Chest_Medium_01a_22f20185fa51a303_0,-63731.227,15562.229,-668.3789,Chest,10.0,Custom,,,Chest_Global_Medium,,
SceneComponent,Loot_Chest_Medium_01a_Spawner_C,UNP_Loot_Chest_Medium_01a_23dbd662c346504d_0,-28407.355,17925.854,-693.3907,Chest,10.0,Custom,,,Chest_Global_Medium,,
SceneComponent,Loot_Chest_Medium_01a_Spawner_C,UNP_Loot_Chest_Medium_01a_2952ee0dbe606d4d_0,-53312.902,-18738.25,4064.8271,Chest,10.0,Custom,,,Chest_Global_Medium,,
SceneComponent,Loot_Chest_Medium_01a_Spawner_C,UNP_Loot_Chest_Medium_01a_2c7641f7dd419600_0,-51885.688,20586.924,-671.63605,Chest,10.0,Custom,,,Chest_Global_Medium,,
SceneComponent,Loot_Chest_Medium_01a_Spawner_C,UNP_Loot_Chest_Medium_01a_2d38c9c22f0117f5_0,-24788.201,15521.713,-694.72266,Chest,10.0,Custom,,,Chest_Global_Medium,,
SceneComponent,Loot_Chest_Medium_01a_Spawner_C,UNP_Loot_Chest_Medium_01a_2e240ab89b67f5ef_0,-16528.377,-21386.332,1729.9246,Chest,10.0,Custom,,,Chest_Global_Medium,,
SceneComponent,Loot_Chest_Medium_01a_Spawner_C,UNP_Loot_Chest_Medium_01a_34103052c501f18e_1,12180.319,18808.984,1294.8916,Chest,50.0,Blueprint,,,Chest_Global_Medium,,
SceneComponent,Loot_Chest_Medium_01a_Spawner_C,UNP_Loot_Chest_Medium_01a_3573eff1db67637a_0,12526.992,-15225.8125,1978.42,Chest,10.0,Custom,,,Chest_Global_Medium,,
SceneComponent,Loot_Chest_Medium_01a_Spawner_C,UNP_Loot_Chest_Medium_01a_36d4f0648c39f117_0,-19325.943,-19329.697,1732.9956,Chest,10.0,Custom,,,Chest_Global_Medium,,
SceneComponent,Loot_Chest_Medium_01a_Spawner_C,UNP_Loot_Chest_Medium_01a_3a31ba082ae5c4c6_0,-59134.89,13506.611,-8.261246,Chest,3.0,Custom,,,Chest_Global_Medium,,
SceneComponent,Loot_Chest_Medium_01a_Spawner_C,UNP_Loot_Chest_Medium_01a_42e60c0f2dfe0fa8_0,-13306.808,-12005.745,1423.5582,Chest,50.0,Blueprint,,,Chest_Global_Medium,,
SceneComponent,Loot_Chest_Medium_01a_Spawner_C,UNP_Loot_Chest_Medium_01a_44a0433d67527b44_0,-30813.85,15223.2295,-510.15268,Chest,10.0,Custom,,,Chest_Global_Medium,,
SceneComponent,Loot_Chest_Medium_01a_Spawner_C,UNP_Loot_Chest_Medium_01a_4c0740ed445982b4_0,-14918.013,-10993.619,1344.7548,Chest,50.0,Blueprint,,,Chest_Global_Medium,,
SceneComponent,Loot_Chest_Medium_01a_Spawner_C,UNP_Loot_Chest_Medium_01a_5746002f6ff70566_0,26985.145,127.17923,2291.812,Chest,3.0,Custom,,,Chest_Global_Medium,,
SceneComponent,Loot_Chest_Medium_01a_Spawner_C,UNP_Loot_Chest_Medium_01a_5cd45a4e3089d131_0,-29686.873,-7035.815,2066.2156,Chest,50.0,Blueprint,,,Chest_Global_Medium,,
SceneComponent,Loot_Chest_Medium_01a_Spawner_C,UNP_Loot_Chest_Medium_01a_5fef2493adfeb24e_0,-48360.33,12141.629,-82.753006,Chest,10.0,Custom,,,Chest_Global_Medium,,
SceneComponent,Loot_Chest_Medium_01a_Spawner_C,UNP_Loot_Chest_Medium_01a_665df907c09a8925_0,-6182.7935,21178.062,-689.45636,Chest,10.0,Custom,,,Chest_Global_Medium,,
SceneComponent,Loot_Chest_Medium_01a_Spawner_C,UNP_Loot_Chest_Medium_01a_67400f6a522cfb9f_0,-27697.686,16088.066,-676.56476,Chest,10.0,Custom,,,Chest_Global_Medium,,
SceneComponent,Loot_Chest_Medium_01a_Spawner_C,UNP_Loot_Chest_Medium_01a_6846938d2ab95346_0,-30377.715,-36322.66,4801.8843,Chest,10.0,Custom,,,Chest_Global_Medium,,
SceneComponent,Loot_Chest_Medium_01a_Spawner_C,UNP_Loot_Chest_Medium_01a_68b4bf2c05b73889_0,-16605.443,22318.324,-301.39874,Chest,10.0,Custom,,,Chest_Global_Medium,,
SceneComponent,Loot_Chest_Medium_01a_Spawner_C,UNP_Loot_Chest_Medium_01a_6a57fb446f5d8331_0,-13358.776,-7334.27,196.68892,Chest,50.0,Blueprint,,,Chest_Global_Medium,,
SceneComponent,Loot_Chest_Medium_01a_Spawner_C,UNP_Loot_Chest_Medium_01a_6bf7ed90f87edc78_0,-7398.319,-15929.613,2790.5215,Chest,50.0,Blueprint,,,Chest_Global_Medium,,
SceneComponent,Loot_Chest_Medium_01a_Spawner_C,UNP_Loot_Chest_Medium_01a_705f7f8f8d506db7_0,-9903.481,28677.568,-760.1265,Chest,10.0,Custom,,,Chest_Global_Medium,,
SceneComponent,Loot_Chest_Medium_01a_Spawner_C,UNP_Loot_Chest_Medium_01a_71f083b726252411_0,-3680.6482,-38353.69,235.80243,Chest,10.0,Custom,,,Chest_Global_Medium,,
SceneComponent,Loot_Chest_Medium_01a_Spawner_C,UNP_Loot_Chest_Medium_01a_72d582a918467a77_0,25867.225,-13672.017,2447.5532,Chest,10.0,Custom,,,Chest_Global_Medium,,
SceneComponent,Loot_Chest_Medium_01a_Spawner_C,UNP_Loot_Chest_Medium_01a_72f947788fc8d049_0,-15504.224,-22878.82,1833.7592,Chest,50.0,Blueprint,,,Chest_Global_Medium,,
SceneComponent,Loot_Chest_Medium_01a_Spawner_C,UNP_Loot_Chest_Medium_01a_801f45a999455172_0,5575.6147,35437.316,943.42786,Chest,3.0,Custom,,,Chest_Global_Medium,,
SceneComponent,Loot_Chest_Medium_01a_Spawner_C,UNP_Loot_Chest_Medium_01a_81aa0bad32b8fd79_0,-19640.736,-17843.049,1707.6152,Chest,10.0,Custom,,,Chest_Global_Medium,,
SceneComponent,Loot_Chest_Medium_01a_Spawner_C,UNP_Loot_Chest_Medium_01a_820a62528fd59b48_0,-23272.12,1171.3524,1118.0706,Chest,50.0,Blueprint,,,Chest_Global_Medium,,
SceneComponent,Loot_Chest_Medium_01a_Spawner_C,UNP_Loot_Chest_Medium_01a_86c512f54e194035_0,11780.864,16660.086,845.3258,Chest,50.0,Blueprint,,,Chest_Global_Medium,,
SceneComponent,Loot_Chest_Medium_01a_Spawner_C,UNP_Loot_Chest_Medium_01a_87b992742dde25e3_0,-25521.229,-4389.737,1874.8832,Chest,50.0,Blueprint,,,Chest_Global_Medium,,
SceneComponent,Loot_Chest_Medium_01a_Spawner_C,UNP_Loot_Chest_Medium_01a_88f64778c1e4dea8_0,-57466.473,18425.533,-657.8833,Chest,10.0,Custom,,,Chest_Global_Medium,,
SceneComponent,Loot_Chest_Medium_01a_Spawner_C,UNP_Loot_Chest_Medium_01a_8a4ea073a05f2fbc_0,-27513.723,16759.523,-760.1158,Chest,10.0,Custom,,,Chest_Global_Medium,,
SceneComponent,Loot_Chest_Medium_01a_Spawner_C,UNP_Loot_Chest_Medium_01a_8b088eba153e241c_0,-25689.203,15889.453,-689.0416,Chest,10.0,Custom,,,Chest_Global_Medium,,
SceneComponent,Loot_Chest_Medium_01a_Spawner_C,UNP_Loot_Chest_Medium_01a_90429aff829b7e94_0,2409.4883,-10776.45,1737.7433,Chest,50.0,Blueprint,,,Chest_Global_Medium,,
SceneComponent,Loot_Chest_Medium_01a_Spawner_C,UNP_Loot_Chest_Medium_01a_925fe67b578e1df0_0,-2173.4065,19165.473,266.1983,Chest,50.0,Blueprint,,,Chest_Global_Medium,,
SceneComponent,Loot_Chest_Medium_01a_Spawner_C,UNP_Loot_Chest_Medium_01a_95a3bfba9bd6bbbe_0,-25161.06,12963.8545,122.40258,Chest,50.0,Blueprint,,,Chest_Global_Medium,,
SceneComponent,Loot_Chest_Medium_01a_Spawner_C,UNP_Loot_Chest_Medium_01a_984f965975ddf80a_0,-57363.492,20464.445,40.702072,Chest,50.0,Blueprint,,,Chest_Global_Medium,,
SceneComponent,Loot_Chest_Medium_01a_Spawner_C,UNP_Loot_Chest_Medium_01a_9e9596767e810398_0,-44798.61,-7588.6553,2338.0183,Chest,10.0,Custom,,,Chest_Global_Medium,,
SceneComponent,Loot_Chest_Medium_01a_Spawner_C,UNP_Loot_Chest_Medium_01a_Spawner_03d1cb763f9462de_0,16667.633,18610.965,1269.5863,Chest,50.0,Blueprint,,,Chest_Global_Medium,,
SceneComponent,Loot_Chest_Medium_01a_Spawner_C,UNP_Loot_Chest_Medium_01a_Spawner_14c2f7d024ec740e_0,-12226.492,22946.37,-296.03638,Chest,50.0,Blueprint,,,Chest_Global_Medium,,
SceneComponent,Loot_Chest_Medium_01a_Spawner_C,UNP_Loot_Chest_Medium_01a_Spawner_32787930e307ffa0_0,32004.262,-4274.316,849.6855,Chest,50.0,Blueprint,,,Chest_Global_Medium,,
SceneComponent,Loot_Chest_Medium_01a_Spawner_C,UNP_Loot_Chest_Medium_01a_Spawner_643191a2278730e7_0,24849.994,-4587.0366,1252.1244,Chest,50.0,Blueprint,,,Chest_Global_Medium,,
SceneComponent,Loot_Chest_Medium_01a_Spawner_C,UNP_Loot_Chest_Medium_01a_Spawner_73b7a2b36244c8f2_0,37449.57,-18195.074,256.0894,Chest,50.0,Blueprint,,,Chest_Global_Medium,,
SceneComponent,Loot_Chest_Medium_01a_Spawner_C,UNP_Loot_Chest_Medium_01a_Spawner_7b548543dc2c1a62_0,-45844.156,32384.674,1356.4873,Chest,50.0,Blueprint,,,Chest_Global_Medium,,
SceneComponent,Loot_Chest_Medium_01a_Spawner_C,UNP_Loot_Chest_Medium_01a_Spawner_859bab5d697aa0eb_0,9754.15,21832.41,984.64777,Chest,50.0,Blueprint,,,Chest_Global_Medium,,
SceneComponent,Loot_Chest_Medium_01a_Spawner_C,UNP_Loot_Chest_Medium_01a_Spawner_UAID_046874882494977D02_f5f3745e62dd497c_1269561633,-66551.69,-2496.5928,1700.0925,Chest,50.0,Blueprint,,,Chest_Global_Medium,,
SceneComponent,Loot_Chest_Medium_01a_Spawner_C,UNP_Loot_Chest_Medium_01a_Spawner_UAID_046874882494977D02_f5f3745e62dd497c_1329235931,-65524.805,-3534.0728,1714.1812,Chest,50.0,Blueprint,,,Chest_Global_Medium,,
SceneComponent,Loot_Chest_Medium_01a_Spawner_C,UNP_Loot_Chest_Medium_01a_Spawner_UAID_046874882494F39502_fa61c736281e8a8a_1306702374,-40949.51,-30031.568,7011.3315,Chest,50.0,Blueprint,,,Chest_Global_Medium,,
SceneComponent,Loot_Chest_Medium_01a_Spawner_C,UNP_Loot_Chest_Medium_01a_Spawner_UAID_046874882494F39502_fa61c736281e8a8a_1309462603,-38158.03,-31256.932,6999.0054,Chest,50.0,Blueprint,,,Chest_Global_Medium,,
SceneComponent,Loot_Chest_Medium_01a_Spawner_C,UNP_Loot_Chest_Medium_01a_Spawner_UAID_046874882494FB9A02_71619fc7e70fc919_1230579641,-14036.023,23593.807,-272.4778,Chest,50.0,Blueprint,,,Chest_Global_Medium,,
SceneComponent,Loot_Chest_Medium_01a_Spawner_C,UNP_Loot_Chest_Medium_01a_Spawner_UAID_046874882494FE9802_29c4ea76462ed633_1773922726,-27849.29,21532.111,-299.8881,Chest,50.0,Blueprint,,,Chest_Global_Medium,,
SceneComponent,Loot_Chest_Medium_01a_Spawner_C,UNP_Loot_Chest_Medium_01a_Spawner_UAID_046874882494FE9802_29c4ea76462ed633_1775117790,-28703.348,19389.592,-310.02267,Chest,50.0,Blueprint,,,Chest_Global_Medium,,
SceneComponent,Loot_Chest_Medium_01a_Spawner_C,UNP_Loot_Chest_Medium_01a_Spawner_UAID_046874882494FE9802_29c4ea76462ed633_1778044941,-32857.92,22090.523,-312.09534,Chest,50.0,Blueprint,,,Chest_Global_Medium,,
SceneComponent,Loot_Chest_Medium_01a_Spawner_C,UNP_Loot_Chest_Medium_01a_Spawner_UAID_18C04DA8201B437902_1955f5d21cbe47a4_1442141514,20040.326,1757.6475,665.6058,Chest,50.0,Blueprint,,,Chest_Global_Medium,,
SceneComponent,Loot_Chest_Medium_01a_Spawner_C,UNP_Loot_Chest_Medium_01a_Spawner_UAID_18C04DA8201B637102_c71ad3ef090f6a00_1118308322,-52310.418,35209.9,1745.0408,Chest,50.0,Blueprint,,,Chest_Global_Medium,,
SceneComponent,Loot_Chest_Medium_01a_Spawner_C,UNP_Loot_Chest_Medium_01a_Spawner_UAID_18C04DA8201B637102_c71ad3ef090f6a00_1118773354,-55587.68,37542.65,1745.0409,Chest,50.0,Blueprint,,,Chest_Global_Medium,,
SceneComponent,Loot_Chest_Medium_01a_Spawner_C,UNP_Loot_Chest_Medium_01a_Spawner_b982339aea3a35d8_0,-24314.688,-121.08654,1013.25946,Chest,50.0,Blueprint,,,Chest_Global_Medium,,
SceneComponent,Loot_Chest_Medium_01a_Spawner_C,UNP_Loot_Chest_Medium_01a_Spawner_d52d91af14afa8f4_0,41543.074,-11759.645,250.70299,Chest,50.0,Blueprint,,,Chest_Global_Medium,,
SceneComponent,Loot_Chest_Medium_01a_Spawner_C,UNP_Loot_Chest_Medium_01a_Spawner_f5f3745e62dd497c_1,-65783.03,994.4734,1703.6749,Chest,50.0,Blueprint,,,Chest_Global_Medium,,
SceneComponent,Loot_Chest_Medium_01a_Spawner_C,UNP_Loot_Chest_Medium_01a_UAID_046874882494039902_4f36605deaaf1c91_1428686806,-10630.511,19251.428,19.701633,Chest,50.0,Blueprint,,,Chest_Global_Medium,,
SceneComponent,Loot_Chest_Medium_01a_Spawner_C,UNP_Loot_Chest_Medium_01a_UAID_0468748824941E9B02_34103052c501f18e_1950166165,11116.256,19859.111,1271.092,Chest,10.0,Custom,,,Chest_Global_Medium,,
SceneComponent,Loot_Chest_Medium_01a_Spawner_C,UNP_Loot_Chest_Medium_01a_UAID_0468748824943D9B02_b787c659fad3114a_1446085437,10499.847,28216.645,958.8242,Chest,10.0,Custom,,,Chest_Global_Medium,,
SceneComponent,Loot_Chest_Medium_01a_Spawner_C,UNP_Loot_Chest_Medium_01a_UAID_0468748824943D9B02_b787c659fad3114a_1446627507,12251.334,29541.127,956.8242,Chest,10.0,Custom,,,Chest_Global_Medium,,
SceneComponent,Loot_Chest_Medium_01a_Spawner_C,UNP_Loot_Chest_Medium_01a_UAID_0468748824943D9B02_b787c659fad3114a_1453871071,10372.223,29397.594,956.8242,Chest,10.0,Custom,,,Chest_Global_Medium,,
SceneComponent,Loot_Chest_Medium_01a_Spawner_C,UNP_Loot_Chest_Medium_01a_UAID_0468748824943D9B02_b787c659fad3114a_1455972429,9400.589,30254.158,956.8242,Chest,10.0,Custom,,,Chest_Global_Medium,,
SceneComponent,Loot_Chest_Medium_01a_Spawner_C,UNP_Loot_Chest_Medium_01a_UAID_0468748824943F9B02_25a8e10f80183f94_1308692777,-36523.98,36039.574,1430.1362,Chest,10.0,Custom,,,Chest_Global_Medium,,
SceneComponent,Loot_Chest_Medium_01a_Spawner_C,UNP_Loot_Chest_Medium_01a_UAID_0468748824943F9B02_25a8e10f80183f94_1308694781,-34689.61,35657.1,1228.9984,Chest,10.0,Custom,,,Chest_Global_Medium,,
SceneComponent,Loot_Chest_Medium_01a_Spawner_C,UNP_Loot_Chest_Medium_01a_UAID_0468748824943F9B02_25a8e10f80183f94_1308696784,-34469.28,36813.223,1389.5302,Chest,10.0,Custom,,,Chest_Global_Medium,,
SceneComponent,Loot_Chest_Medium_01a_Spawner_C,UNP_Loot_Chest_Medium_01a_UAID_0468748824943F9B02_25a8e10f80183f94_1308703799,-34010.61,34575.652,1011.72626,Chest,10.0,Custom,,,Chest_Global_Medium,,
SceneComponent,Loot_Chest_Medium_01a_Spawner_C,UNP_Loot_Chest_Medium_01a_UAID_046874882494449B02_566cfd8f809d947c_1512079785,8907.436,-21833.076,-452.2035,Chest,10.0,Custom,,,Chest_Global_Medium,,
SceneComponent,Loot_Chest_Medium_01a_Spawner_C,UNP_Loot_Chest_Medium_01a_UAID_046874882494459902_f3f59c752bd0a4d9_1433483328,-59377.13,8990.95,479.1921,Chest,10.0,Custom,,,Chest_Global_Medium,,
SceneComponent,Loot_Chest_Medium_01a_Spawner_C,UNP_Loot_Chest_Medium_01a_UAID_046874882494459902_f3f59c752bd0a4d9_1434073437,-58083.6,9332.32,645.92505,Chest,50.0,Blueprint,,,Chest_Global_Medium,,
SceneComponent,Loot_Chest_Medium_01a_Spawner_C,UNP_Loot_Chest_Medium_01a_UAID_0468748824944F9B02_4cae16ed3344ca34_1287559822,-17551.643,33640.668,-132.50223,Chest,50.0,Blueprint,,,Chest_Global_Medium,,
SceneComponent,Loot_Chest_Medium_01a_Spawner_C,UNP_Loot_Chest_Medium_01a_UAID_046874882494859A02_367755be1ccb9d60_1585062312,-27693.053,-2726.6492,1940.8876,Chest,50.0,Blueprint,,,Chest_Global_Medium,,
SceneComponent,Loot_Chest_Medium_01a_Spawner_C,UNP_Loot_Chest_Medium_01a_UAID_046874882494859A02_367755be1ccb9d60_1585386525,-25062.467,-11992.83,1953.3857,Chest,50.0,Blueprint,,,Chest_Global_Medium,,
SceneComponent,Loot_Chest_Medium_01a_Spawner_C,UNP_Loot_Chest_Medium_01a_UAID_046874882494977D02_f5f3745e62dd497c_1268814543,-66137.22,-1044.957,1911.0785,Chest,50.0,Blueprint,,,Chest_Global_Medium,,
SceneComponent,Loot_Chest_Medium_01a_Spawner_C,UNP_Loot_Chest_Medium_01a_UAID_0468748824949CD502_37bd26559c49d275_1298613724,-13739.058,-17847.281,1893.6293,Chest,50.0,Blueprint,,,Chest_Global_Medium,,
SceneComponent,Loot_Chest_Medium_01a_Spawner_C,UNP_Loot_Chest_Medium_01a_UAID_0468748824949CD502_37bd26559c49d275_1323452050,-1203.9996,-14800.592,1891.769,Chest,50.0,Blueprint,,,Chest_Global_Medium,,
SceneComponent,Loot_Chest_Medium_01a_Spawner_C,UNP_Loot_Chest_Medium_01a_UAID_046874882494A69E02_bd0f96a5981d5c04_1172335778,-40695.176,10928.408,-754.2008,Chest,10.0,Custom,,,Chest_Global_Medium,,
SceneComponent,Loot_Chest_Medium_01a_Spawner_C,UNP_Loot_Chest_Medium_01a_UAID_046874882494A69E02_bd0f96a5981d5c04_1172338782,-41003.32,10403.592,-754.75714,Chest,10.0,Custom,,,Chest_Global_Medium,,
SceneComponent,Loot_Chest_Medium_01a_Spawner_C,UNP_Loot_Chest_Medium_01a_UAID_046874882494A69E02_bd0f96a5981d5c04_1172358810,-41784.46,13774.481,-752.52423,Chest,10.0,Custom,,,Chest_Global_Medium,,
SceneComponent,Loot_Chest_Medium_01a_Spawner_C,UNP_Loot_Chest_Medium_01a_UAID_046874882494A69E02_bd0f96a5981d5c04_1172361814,-40892.63,14343.583,-752.8153,Chest,10.0,Custom,,,Chest_Global_Medium,,
SceneComponent,Loot_Chest_Medium_01a_Spawner_C,UNP_Loot_Chest_Medium_01a_UAID_046874882494A69E02_bd0f96a5981d5c04_1172363818,-38631.668,11717.819,-753.65497,Chest,10.0,Custom,,,Chest_Global_Medium,,
SceneComponent,Loot_Chest_Medium_01a_Spawner_C,UNP_Loot_Chest_Medium_01a_UAID_046874882494A69E02_bd0f96a5981d5c04_1172366822,-41397.695,13867.382,-772.23975,Chest,10.0,Custom,,,Chest_Global_Medium,,
SceneComponent,Loot_Chest_Medium_01a_Spawner_C,UNP_Loot_Chest_Medium_01a_UAID_046874882494A69E02_bd0f96a5981d5c04_1172369826,-38526.645,12249.765,-752.8153,Chest,10.0,Custom,,,Chest_Global_Medium,,
SceneComponent,Loot_Chest_Medium_01a_Spawner_C,UNP_Loot_Chest_Medium_01a_UAID_046874882494A69E02_bd0f96a5981d5c04_1172372830,-40004.316,10459.285,-755.1018,Chest,10.0,Custom,,,Chest_Global_Medium,,
SceneComponent,Loot_Chest_Medium_01a_Spawner_C,UNP_Loot_Chest_Medium_01a_UAID_046874882494A69E02_bd0f96a5981d5c04_1172374834,-41168.312,13134.134,-774.92676,Chest,10.0,Custom,,,Chest_Global_Medium,,
SceneComponent,Loot_Chest_Medium_01a_Spawner_C,UNP_Loot_Chest_Medium_01a_UAID_046874882494A69E02_bd0f96a5981d5c04_1172379840,-41875.57,10863.409,-753.8203,Chest,10.0,Custom,,,Chest_Global_Medium,,
SceneComponent,Loot_Chest_Medium_01a_Spawner_C,UNP_Loot_Chest_Medium_01a_UAID_046874882494A69E02_bd0f96a5981d5c04_1172383846,-43013.766,9933.368,-714.3254,Chest,10.0,Custom,,,Chest_Global_Medium,,
SceneComponent,Loot_Chest_Medium_01a_Spawner_C,UNP_Loot_Chest_Medium_01a_UAID_046874882494A69E02_bd0f96a5981d5c04_1172386850,-42188.125,10100.822,-738.5131,Chest,10.0,Custom,,,Chest_Global_Medium,,
SceneComponent,Loot_Chest_Medium_01a_Spawner_C,UNP_Loot_Chest_Medium_01a_UAID_046874882494A69E02_bd0f96a5981d5c04_1172389854,-42112.246,6875.2944,-689.4612,Chest,10.0,Custom,,,Chest_Global_Medium,,
SceneComponent,Loot_Chest_Medium_01a_Spawner_C,UNP_Loot_Chest_Medium_01a_UAID_046874882494A69E02_bd0f96a5981d5c04_1172391858,-42316.062,7691.938,-745.6606,Chest,10.0,Custom,,,Chest_Global_Medium,,
SceneComponent,Loot_Chest_Medium_01a_Spawner_C,UNP_Loot_Chest_Medium_01a_UAID_046874882494A69E02_bd0f96a5981d5c04_1172398868,-37365.363,11428.991,-717.90906,Chest,10.0,Custom,,,Chest_Global_Medium,,
SceneComponent,Loot_Chest_Medium_01a_Spawner_C,UNP_Loot_Chest_Medium_01a_UAID_046874882494A69E02_bd0f96a5981d5c04_1172400872,-39669.406,10132.041,-744.4691,Chest,10.0,Custom,,,Chest_Global_Medium,,
SceneComponent,Loot_Chest_Medium_01a_Spawner_C,UNP_Loot_Chest_Medium_01a_UAID_046874882494A69E02_bd0f96a5981d5c04_1172409882,-37821.645,12627.765,-750.8153,Chest,10.0,Custom,,,Chest_Global_Medium,,
SceneComponent,Loot_Chest_Medium_01a_Spawner_C,UNP_Loot_Chest_Medium_01a_UAID_046874882494A69E02_bd0f96a5981d5c04_1172415892,-41414.062,9482.904,-755.42426,Chest,10.0,Custom,,,Chest_Global_Medium,,
SceneComponent,Loot_Chest_Medium_01a_Spawner_C,UNP_Loot_Chest_Medium_01a_UAID_046874882494A69E02_bd0f96a5981d5c04_1172418896,-41680.348,8858.096,-744.0738,Chest,10.0,Custom,,,Chest_Global_Medium,,
SceneComponent,Loot_Chest_Medium_01a_Spawner_C,UNP_Loot_Chest_Medium_01a_UAID_046874882494A69E02_bd0f96a5981d5c04_1172421900,-44923.77,9330.823,-461.13968,Chest,10.0,Custom,,,Chest_Global_Medium,,
SceneComponent,Loot_Chest_Medium_01a_Spawner_C,UNP_Loot_Chest_Medium_01a_UAID_046874882494A69E02_bd0f96a5981d5c04_1172423904,-43827.523,13656.924,-742.80035,Chest,10.0,Custom,,,Chest_Global_Medium,,
SceneComponent,Loot_Chest_Medium_01a_Spawner_C,UNP_Loot_Chest_Medium_01a_UAID_046874882494A69E02_bd0f96a5981d5c04_1172426908,-42665.18,14021.949,-751.5734,Chest,10.0,Custom,,,Chest_Global_Medium,,
SceneComponent,Loot_Chest_Medium_01a_Spawner_C,UNP_Loot_Chest_Medium_01a_UAID_046874882494A69E02_bd0f96a5981d5c04_1172428912,-38803.164,13850.578,-751.5734,Chest,10.0,Custom,,,Chest_Global_Medium,,
SceneComponent,Loot_Chest_Medium_01a_Spawner_C,UNP_Loot_Chest_Medium_01a_UAID_046874882494A69E02_bd0f96a5981d5c04_1172431916,-39319.387,14707.589,-742.41876,Chest,10.0,Custom,,,Chest_Global_Medium,,
SceneComponent,Loot_Chest_Medium_01a_Spawner_C,UNP_Loot_Chest_Medium_01a_UAID_046874882494A69E02_bd0f96a5981d5c04_1172434920,-38693.363,14459.862,-752.5734,Chest,10.0,Custom,,,Chest_Global_Medium,,
SceneComponent,Loot_Chest_Medium_01a_Spawner_C,UNP_Loot_Chest_Medium_01a_UAID_046874882494A69E02_bd0f96a5981d5c04_1172436924,-37863.805,13329.526,-744.5734,Chest,10.0,Custom,,,Chest_Global_Medium,,
SceneComponent,Loot_Chest_Medium_01a_Spawner_C,UNP_Loot_Chest_Medium_01a_UAID_046874882494A69E02_bd0f96a5981d5c04_1172439928,-37751.87,14166.667,-744.5734,Chest,10.0,Custom,,,Chest_Global_Medium,,
SceneComponent,Loot_Chest_Medium_01a_Spawner_C,UNP_Loot_Chest_Medium_01a_UAID_046874882494A69E02_bd0f96a5981d5c04_1172441932,-37326.527,14577.878,-746.82385,Chest,10.0,Custom,,,Chest_Global_Medium,,
SceneComponent,Loot_Chest_Medium_01a_Spawner_C,UNP_Loot_Chest_Medium_01a_UAID_046874882494A69E02_bd0f96a5981d5c04_1172444936,-36414.234,9619.824,-269.72455,Chest,10.0,Custom,,,Chest_Global_Medium,,
SceneComponent,Loot_Chest_Medium_01a_Spawner_C,UNP_Loot_Chest_Medium_01a_UAID_046874882494A69E02_bd0f96a5981d5c04_1172447940,-36735.207,8912.113,-184.20013,Chest,10.0,Custom,,,Chest_Global_Medium,,
SceneComponent,Loot_Chest_Medium_01a_Spawner_C,UNP_Loot_Chest_Medium_01a_UAID_046874882494A69E02_bd0f96a5981d5c04_1172449944,-36731.027,11893.869,-710.8352,Chest,10.0,Custom,,,Chest_Global_Medium,,
SceneComponent,Loot_Chest_Medium_01a_Spawner_C,UNP_Loot_Chest_Medium_01a_UAID_046874882494A69E02_bd0f96a5981d5c04_1172454953,-36920.17,11591.54,-716.3094,Chest,10.0,Custom,,,Chest_Global_Medium,,
SceneComponent,Loot_Chest_Medium_01a_Spawner_C,UNP_Loot_Chest_Medium_01a_UAID_046874882494A69E02_bd0f96a5981d5c04_1172457957,-41651.73,7662.7563,-705.9615,Chest,10.0,Custom,,,Chest_Global_Medium,,
SceneComponent,Loot_Chest_Medium_01a_Spawner_C,UNP_Loot_Chest_Medium_01a_UAID_046874882494A69E02_bd0f96a5981d5c04_1172460961,-41217.152,8173.8267,-712.1709,Chest,10.0,Custom,,,Chest_Global_Medium,,
SceneComponent,Loot_Chest_Medium_01a_Spawner_C,UNP_Loot_Chest_Medium_01a_UAID_046874882494A69E02_bd0f96a5981d5c04_1172466969,-43443.098,8679.311,-734.83484,Chest,10.0,Custom,,,Chest_Global_Medium,,
SceneComponent,Loot_Chest_Medium_01a_Spawner_C,UNP_Loot_Chest_Medium_01a_UAID_046874882494A69E02_bd0f96a5981d5c04_1172469973,-40869.633,8979.168,-738.81976,Chest,10.0,Custom,,,Chest_Global_Medium,,
SceneComponent,Loot_Chest_Medium_01a_Spawner_C,UNP_Loot_Chest_Medium_01a_UAID_046874882494A69E02_bd0f96a5981d5c04_1172472977,-36181.395,11424.84,-640.11786,Chest,10.0,Custom,,,Chest_Global_Medium,,
SceneComponent,Loot_Chest_Medium_01a_Spawner_C,UNP_Loot_Chest_Medium_01a_UAID_046874882494A69E02_bd0f96a5981d5c04_1172474981,-34855.773,9992.686,-89.06771,Chest,10.0,Custom,,,Chest_Global_Medium,,
SceneComponent,Loot_Chest_Medium_01a_Spawner_C,UNP_Loot_Chest_Medium_01a_UAID_046874882494A69E02_bd0f96a5981d5c04_1172477985,-36255.98,13992.217,-685.6708,Chest,10.0,Custom,,,Chest_Global_Medium,,
SceneComponent,Loot_Chest_Medium_01a_Spawner_C,UNP_Loot_Chest_Medium_01a_UAID_046874882494A69E02_bd0f96a5981d5c04_1172480989,-35116.094,11187.899,-415.9569,Chest,10.0,Custom,,,Chest_Global_Medium,,
SceneComponent,Loot_Chest_Medium_01a_Spawner_C,UNP_Loot_Chest_Medium_01a_UAID_046874882494A69E02_bd0f96a5981d5c04_1172482993,-43892.17,7292.5215,-699.54016,Chest,10.0,Custom,,,Chest_Global_Medium,,
SceneComponent,Loot_Chest_Medium_01a_Spawner_C,UNP_Loot_Chest_Medium_01a_UAID_046874882494A69E02_bd0f96a5981d5c04_1172484997,-36835.465,8669.623,-124.4201,Chest,10.0,Custom,,,Chest_Global_Medium,,
SceneComponent,Loot_Chest_Medium_01a_Spawner_C,UNP_Loot_Chest_Medium_01a_UAID_046874882494A69E02_bd0f96a5981d5c04_1172489001,-42063.94,14368.372,-751.5734,Chest,10.0,Custom,,,Chest_Global_Medium,,
SceneComponent,Loot_Chest_Medium_01a_Spawner_C,UNP_Loot_Chest_Medium_01a_UAID_046874882494A69E02_bd0f96a5981d5c04_1172491005,-35397.43,13360.664,-617.1662,Chest,10.0,Custom,,,Chest_Global_Medium,,
SceneComponent,Loot_Chest_Medium_01a_Spawner_C,UNP_Loot_Chest_Medium_01a_UAID_046874882494A69E02_bd0f96a5981d5c04_1172494009,-35747.12,12021.472,-545.8893,Chest,10.0,Custom,,,Chest_Global_Medium,,
SceneComponent,Loot_Chest_Medium_01a_Spawner_C,UNP_Loot_Chest_Medium_01a_UAID_046874882494A69E02_bd0f96a5981d5c04_1172496013,-35089.676,12633.466,-533.07153,Chest,10.0,Custom,,,Chest_Global_Medium,,
SceneComponent,Loot_Chest_Medium_01a_Spawner_C,UNP_Loot_Chest_Medium_01a_UAID_046874882494A69E02_bd0f96a5981d5c04_1172499017,-35195.555,12134.778,-478.16595,Chest,10.0,Custom,,,Chest_Global_Medium,,
SceneComponent,Loot_Chest_Medium_01a_Spawner_C,UNP_Loot_Chest_Medium_01a_UAID_046874882494A69E02_bd0f96a5981d5c04_1172503023,-45039.863,7191.1245,-216.79138,Chest,10.0,Custom,,,Chest_Global_Medium,,
SceneComponent,Loot_Chest_Medium_01a_Spawner_C,UNP_Loot_Chest_Medium_01a_UAID_046874882494A69E02_bd0f96a5981d5c04_1172509029,-37957.777,7641.7295,-87.14446,Chest,10.0,Custom,,,Chest_Global_Medium,,
SceneComponent,Loot_Chest_Medium_01a_Spawner_C,UNP_Loot_Chest_Medium_01a_UAID_046874882494A69E02_bd0f96a5981d5c04_1172512033,-37231.555,7971.1025,-34.497997,Chest,10.0,Custom,,,Chest_Global_Medium,,
SceneComponent,Loot_Chest_Medium_01a_Spawner_C,UNP_Loot_Chest_Medium_01a_UAID_046874882494A69E02_bd0f96a5981d5c04_1172524047,-42708.414,7734.64,-688.3954,Chest,10.0,Custom,,,Chest_Global_Medium,,
SceneComponent,Loot_Chest_Medium_01a_Spawner_C,UNP_Loot_Chest_Medium_01a_UAID_046874882494A69E02_bd0f96a5981d5c04_1172541071,-41038.883,15670.422,-759.5734,Chest,10.0,Custom,,,Chest_Global_Medium,,
SceneComponent,Loot_Chest_Medium_01a_Spawner_C,UNP_Loot_Chest_Medium_01a_UAID_046874882494A69E02_bd0f96a5981d5c04_1172544075,-40255.316,15861.898,-759.5734,Chest,10.0,Custom,,,Chest_Global_Medium,,
SceneComponent,Loot_Chest_Medium_01a_Spawner_C,UNP_Loot_Chest_Medium_01a_UAID_046874882494A69E02_bd0f96a5981d5c04_1172608152,-35729.965,15785.562,-629.76154,Chest,10.0,Custom,,,Chest_Global_Medium,,
SceneComponent,Loot_Chest_Medium_01a_Spawner_C,UNP_Loot_Chest_Medium_01a_UAID_046874882494A69E02_bd0f96a5981d5c04_1172612156,-35133.223,15521.36,-623.9681,Chest,10.0,Custom,,,Chest_Global_Medium,,
SceneComponent,Loot_Chest_Medium_01a_Spawner_C,UNP_Loot_Chest_Medium_01a_UAID_046874882494A69E02_bd0f96a5981d5c04_1172615160,-35323.29,16122.073,-690.4895,Chest,10.0,Custom,,,Chest_Global_Medium,,
SceneComponent,Loot_Chest_Medium_01a_Spawner_C,UNP_Loot_Chest_Medium_01a_UAID_046874882494A69E02_bd0f96a5981d5c04_1172618164,-33886.066,14680.701,-624.8018,Chest,10.0,Custom,,,Chest_Global_Medium,,
SceneComponent,Loot_Chest_Medium_01a_Spawner_C,UNP_Loot_Chest_Medium_01a_UAID_046874882494A69E02_bd0f96a5981d5c04_1172621168,-32546.594,14545.175,-476.75784,Chest,10.0,Custom,,,Chest_Global_Medium,,
SceneComponent,Loot_Chest_Medium_01a_Spawner_C,UNP_Loot_Chest_Medium_01a_UAID_046874882494AD8D02_c71ad3ef090f6a00_2003810304,-54263.047,34983.523,1723.4484,Chest,50.0,Blueprint,,,Chest_Global_Medium,,
SceneComponent,Loot_Chest_Medium_01a_Spawner_C,UNP_Loot_Chest_Medium_01a_UAID_046874882494B49C02_d40d86cadf850e91_1892617004,-51736.52,-31074.338,7138.5903,Chest,50.0,Blueprint,,,Chest_Global_Medium,,
SceneComponent,Loot_Chest_Medium_01a_Spawner_C,UNP_Loot_Chest_Medium_01a_UAID_046874882494B49C02_d40d86cadf850e91_1892754022,-49283.1,-31128.1,7138.5903,Chest,50.0,Blueprint,,,Chest_Global_Medium,,
SceneComponent,Loot_Chest_Medium_01a_Spawner_C,UNP_Loot_Chest_Medium_01a_UAID_046874882494B49C02_d40d86cadf850e91_1906687341,-51515.29,-32826.594,7067.6987,Chest,50.0,Blueprint,,,Chest_Global_Medium,,
SceneComponent,Loot_Chest_Medium_01a_Spawner_C,UNP_Loot_Chest_Medium_01a_UAID_046874882494DD9A02_1bef1ea065e33b47_1606756752,-46992.598,-6589.171,3076.7915,Chest,50.0,Blueprint,,,Chest_Global_Medium,,
SceneComponent,Loot_Chest_Medium_01a_Spawner_C,UNP_Loot_Chest_Medium_01a_UAID_046874882494FB9A02_71619fc7e70fc919_1229821547,-14044.069,19662.525,-298.58444,Chest,10.0,Custom,,,Chest_Global_Medium,,
SceneComponent,Loot_Chest_Medium_01a_Spawner_C,UNP_Loot_Chest_Medium_01a_UAID_046874882494FE9802_29c4ea76462ed633_1740973026,-31198.023,20939.541,-325.03433,Chest,50.0,Blueprint,,,Chest_Global_Medium,,
SceneComponent,Loot_Chest_Medium_01a_Spawner_C,UNP_Loot_Chest_Medium_01a_UAID_D843AE1A93E5282D02_10081d77017832c6_2118242692,-55659.32,-3608.8357,2451.3784,Chest,50.0,Blueprint,,,Chest_Global_Medium,,
SceneComponent,Loot_Chest_Medium_01a_Spawner_C,UNP_Loot_Chest_Medium_01a_UAID_D843AE1A93E5282D02_30bfa73b79ea84db_2118242692,-32105.162,-41294.887,5325.804,Chest,50.0,Blueprint,,,Chest_Global_Medium,,
SceneComponent,Loot_Chest_Medium_01a_Spawner_C,UNP_Loot_Chest_Medium_01a_UAID_D843AE1A93E5282D02_59da705889973446_1792643652,19952.566,-8202.372,2284.5242,Chest,50.0,Blueprint,,,Chest_Global_Medium,,
SceneComponent,Loot_Chest_Medium_01a_Spawner_C,UNP_Loot_Chest_Medium_01a_UAID_D843AE1A93E5282D02_61e69454f56b2b26_2118242692,-576.3041,21786.31,-66.12399,Chest,50.0,Blueprint,,,Chest_Global_Medium,,
SceneComponent,Loot_Chest_Medium_01a_Spawner_C,UNP_Loot_Chest_Medium_01a_UAID_D843AE1A93E5282D02_81f01809b78213e9_2118242692,-27648.781,23225.586,-171.1165,Chest,50.0,Blueprint,,,Chest_Global_Medium,,
SceneComponent,Loot_Chest_Medium_01a_Spawner_C,UNP_Loot_Chest_Medium_01a_UAID_D843AE1A93E5282D02_ae56a79f3f80b113_2118242692,-4280.9663,16468.166,-25.694796,Chest,50.0,Blueprint,,,Chest_Global_Medium,,
SceneComponent,Loot_Chest_Medium_01a_Spawner_C,UNP_Loot_Chest_Medium_01a_UAID_D843AE1A93E5282D02_b2246920ac271f7b_2118242692,-7322.4907,35071.54,-62.114346,Chest,50.0,Blueprint,,,Chest_Global_Medium,,
SceneComponent,Loot_Chest_Medium_01a_Spawner_C,UNP_Loot_Chest_Medium_01a_UAID_D843AE1A93E5282D02_ef4e7b45e5a66d0a_2118242692,-1269.084,2451.098,111.40873,Chest,50.0,Blueprint,,,Chest_Global_Medium,,
SceneComponent,Loot_Chest_Medium_01a_Spawner_C,UNP_Loot_Chest_Medium_01a_a0e0972f7b7aaec5_0,-19377.857,-20005.5,1755.4951,Chest,10.0,Custom,,,Chest_Global_Medium,,
SceneComponent,Loot_Chest_Medium_01a_Spawner_C,UNP_Loot_Chest_Medium_01a_a45800f0ea7b54b1_0,-43186.496,525.543,885.6744,Chest,10.0,Custom,,,Chest_Global_Medium,,
SceneComponent,Loot_Chest_Medium_01a_Spawner_C,UNP_Loot_Chest_Medium_01a_a7156e1e52e33a7e_0,-26917.328,16234.488,-705.1539,Chest,10.0,Custom,,,Chest_Global_Medium,,
SceneComponent,Loot_Chest_Medium_01a_Spawner_C,UNP_Loot_Chest_Medium_01a_a73a56dc5aa55d3c_0,-62733.72,21942.027,-39.172283,Chest,50.0,Blueprint,,,Chest_Global_Medium,,
SceneComponent,Loot_Chest_Medium_01a_Spawner_C,UNP_Loot_Chest_Medium_01a_ac317cd948c6ea33_0,2155.7524,-24021.475,-677.509,Chest,10.0,Custom,,,Chest_Global_Medium,,
SceneComponent,Loot_Chest_Medium_01a_Spawner_C,UNP_Loot_Chest_Medium_01a_ae8a7e1c99fbad68_0,-17772.229,-4849.484,1251.946,Chest,50.0,Blueprint,,,Chest_Global_Medium,,
SceneComponent,Loot_Chest_Medium_01a_Spawner_C,UNP_Loot_Chest_Medium_01a_af851fe97f7af6a5_0,2774.8516,5011.47,446.48578,Chest,50.0,Blueprint,,,Chest_Global_Medium,,
SceneComponent,Loot_Chest_Medium_01a_Spawner_C,UNP_Loot_Chest_Medium_01a_b139c47fd1a2cec5_0,-19791.48,-37057.33,1621.7068,Chest,10.0,Custom,,,Chest_Global_Medium,,
SceneComponent,Loot_Chest_Medium_01a_Spawner_C,UNP_Loot_Chest_Medium_01a_b2477ebf8bdb51d2_0,-48213.383,24487.498,300.85724,Chest,50.0,Blueprint,,,Chest_Global_Medium,,
SceneComponent,Loot_Chest_Medium_01a_Spawner_C,UNP_Loot_Chest_Medium_01a_b47ee24178e769fe_0,-1587.8046,-25015.375,-728.3865,Chest,10.0,Custom,,,Chest_Global_Medium,,
SceneComponent,Loot_Chest_Medium_01a_Spawner_C,UNP_Loot_Chest_Medium_01a_b6e1203a46f5f334_0,8698.848,-26378.268,477.71634,Chest,50.0,Blueprint,,,Chest_Global_Medium,,
SceneComponent,Loot_Chest_Medium_01a_Spawner_C,UNP_Loot_Chest_Medium_01a_b981794736d0ccde_0,-16771.338,-15777.369,1316.8113,Chest,10.0,Custom,,,Chest_Global_Medium,,
SceneComponent,Loot_Chest_Medium_01a_Spawner_C,UNP_Loot_Chest_Medium_01a_ba3059b0b4ef8ce5_0,-17983.488,-20413.902,1730.5725,Chest,10.0,Custom,,,Chest_Global_Medium,,
SceneComponent,Loot_Chest_Medium_01a_Spawner_C,UNP_Loot_Chest_Medium_01a_bd3729859132ab8e_0,-23901.287,37550.895,658.2853,Chest,10.0,Custom,,,Chest_Global_Medium,,
SceneComponent,Loot_Chest_Medium_01a_Spawner_C,UNP_Loot_Chest_Medium_01a_c2de904be5f12f2d_0,-45132.617,-18965.705,5761.212,Chest,50.0,Blueprint,,,Chest_Global_Medium,,
SceneComponent,Loot_Chest_Medium_01a_Spawner_C,UNP_Loot_Chest_Medium_01a_c2ec17f99a028b5b_0,2475.9055,-12375.925,1397.2765,Chest,10.0,Custom,,,Chest_Global_Medium,,
SceneComponent,Loot_Chest_Medium_01a_Spawner_C,UNP_Loot_Chest_Medium_01a_c315c7c5b70e5512_0,-21413.283,-17802.564,1785.4967,Chest,10.0,Custom,,,Chest_Global_Medium,,
SceneComponent,Loot_Chest_Medium_01a_Spawner_C,UNP_Loot_Chest_Medium_01a_ce1d2a77dbd337d8_0,-1634.015,24442.475,51.550632,Chest,50.0,Blueprint,,,Chest_Global_Medium,,
SceneComponent,Loot_Chest_Medium_01a_Spawner_C,UNP_Loot_Chest_Medium_01a_ceb736a372d7b1b0_0,-26155.979,16273.335,-716.77057,Chest,10.0,Custom,,,Chest_Global_Medium,,
SceneComponent,Loot_Chest_Medium_01a_Spawner_C,UNP_Loot_Chest_Medium_01a_d64dd2cdc8b57a25_0,-16392.19,-22701.03,1744.3647,Chest,50.0,Blueprint,,,Chest_Global_Medium,,
SceneComponent,Loot_Chest_Medium_01a_Spawner_C,UNP_Loot_Chest_Medium_01a_d7ab05e04fd848b6_0,-24308.979,-11000.727,2067.3582,Chest,50.0,Blueprint,,,Chest_Global_Medium,,
SceneComponent,Loot_Chest_Medium_01a_Spawner_C,UNP_Loot_Chest_Medium_01a_de117e4323f23365_0,-56797.527,18270.824,-657.8042,Chest,10.0,Custom,,,Chest_Global_Medium,,
SceneComponent,Loot_Chest_Medium_01a_Spawner_C,UNP_Loot_Chest_Medium_01a_de945afd3233e590_0,-43250.695,-29412.842,6368.8955,Chest,10.0,Custom,,,Chest_Global_Medium,,
SceneComponent,Loot_Chest_Medium_01a_Spawner_C,UNP_Loot_Chest_Medium_01a_dffc4ddc6363ebf5_0,-1617.2472,-32121.447,-675.0818,Chest,10.0,Custom,,,Chest_Global_Medium,,
SceneComponent,Loot_Chest_Medium_01a_Spawner_C,UNP_Loot_Chest_Medium_01a_e1bb248152fb6cbc_0,-21328.414,23995.564,-225.18109,Chest,3.0,Custom,,,Chest_Global_Medium,,
SceneComponent,Loot_Chest_Medium_01a_Spawner_C,UNP_Loot_Chest_Medium_01a_e2c7a2a7324d2dc9_0,-27088.787,17254.871,-745.8816,Chest,10.0,Custom,,,Chest_Global_Medium,,
SceneComponent,Loot_Chest_Medium_01a_Spawner_C,UNP_Loot_Chest_Medium_01a_ea8fc8b27cf50ac3_0,1040.2402,-36109.004,-645.2755,Chest,10.0,Custom,,,Chest_Global_Medium,,
SceneComponent,Loot_Chest_Medium_01a_Spawner_C,UNP_Loot_Chest_Medium_01a_ece5bb5a0db52d87_0,-5076.7695,2902.355,-104.161865,Chest,10.0,Custom,,,Chest_Global_Medium,,
SceneComponent,Loot_Chest_Medium_01a_Spawner_C,UNP_Loot_Chest_Medium_01a_ed23c20b15a11d2f_0,-63270.25,4243.3506,168.91768,Chest,10.0,Custom,,,Chest_Global_Medium,,
SceneComponent,Loot_Chest_Medium_01a_Spawner_C,UNP_Loot_Chest_Medium_01a_edecfc276f37a3e4_0,-28075.51,16705.979,-742.1032,Chest,10.0,Custom,,,Chest_Global_Medium,,
SceneComponent,Loot_Chest_Medium_01a_Spawner_C,UNP_Loot_Chest_Medium_01a_ef53498dcdcadec1_0,-1521.8932,-24289.592,-685.9414,Chest,10.0,Custom,,,Chest_Global_Medium,,
SceneComponent,Loot_Chest_Medium_01a_Spawner_C,UNP_Loot_Chest_Medium_01a_f187cdec4eefaa23_0,-57349.402,-12494.688,2789.0454,Chest,10.0,Custom,,,Chest_Global_Medium,,
SceneComponent,Loot_Chest_Medium_01a_Spawner_C,UNP_Loot_Chest_Medium_01a_fc9749b8d762ad37_0,-53737.785,31124.012,1784.5616,Chest,50.0,Blueprint,,,Chest_Global_Medium,,
SceneComponent,Loot_Chest_Medium_01a_Spawner_C,UNP_Loot_Chest_Small_01a1_1839a5c7e36c7ddc_0,-50585.566,-32940.297,6952.4707,Chest,50.0,Blueprint,,,Chest_Global_Medium,,
SceneComponent,Loot_Chest_Medium_01a_Spawner_C,UNP_Loot_Chest_Small_01a1_da1ec3d8da7ef2d5_0,-51995.227,16012.317,-268.556,Chest,50.0,Blueprint,,,Chest_Global_Medium,,
SceneComponent,Loot_Chest_Medium_01b_Spawner_C,Loot_Chest_Medium_01b_Spawner_C_UAID_08BFB82FEC6ABEE302_613646c311d01d8e_1968899880,-27648.9,-10369.886,2109.329,Chest,100.0,Custom,,,Chest_Global_Medium,,
SceneComponent,Loot_Chest_Medium_01b_Spawner_C,Loot_Chest_Medium_01b_Spawner_C_UAID_08BFB82FEC6AC4E302_613646c311d01d8e_1720003123,-26912.605,-11008.431,2110.6682,Chest,100.0,Custom,,,Chest_Global_Medium,,
SceneComponent,Loot_Chest_Small_01a_Spawner_C,Loot_Chest_Small_01a_Spawner_C_UAID_00FF8EFC2BEFB27102_1479181112,4533.8574,-24003.396,-220.85439,Small Chest,50.0,Blueprint,,,Chest_Global_Small,,
SceneComponent,Loot_Chest_Small_01a_Spawner_C,Loot_Chest_Small_01a_Spawner_C_UAID_046874882494859A02_367755be1ccb9d60_1585413542,-25296.988,-11315.329,1748.2427,Small Chest,50.0,Blueprint,,,Chest_Global_Small,,
SceneComponent,Loot_Chest_Small_01a_Spawner_C,Loot_Chest_Small_01a_Spawner_C_UAID_046874882494859A02_367755be1ccb9d60_1585547624,-28734.99,-6662.867,1748.1836,Small Chest,50.0,Blueprint,,,Chest_Global_Small,,
SceneComponent,Loot_Chest_Small_01a_Spawner_C,Loot_Chest_Small_01a_Spawner_C_UAID_046874882494859A02_367755be1ccb9d60_1585640684,-27897.9,-6066.7153,1780.553,Small Chest,50.0,Blueprint,,,Chest_Global_Small,,
SceneComponent,Loot_Chest_Small_01a_Spawner_C,Loot_Chest_Small_01a_Spawner_C_UAID_046874882494AD8D02_c71ad3ef090f6a00_1994895632,-53415.42,34704.047,1740.4182,Small Chest,50.0,Blueprint,,,Chest_Global_Small,,
SceneComponent,Loot_Chest_Small_01a_Spawner_C,Loot_Chest_Small_01a_Spawner_C_UAID_046874882494AD8D02_c71ad3ef090f6a00_1995791690,-55091.555,35988.7,1742.7052,Small Chest,50.0,Blueprint,,,Chest_Global_Small,,
SceneComponent,Loot_Chest_Small_01a_Spawner_C,Loot_Chest_Small_01a_Spawner_C_UAID_046874882494AD8D02_c71ad3ef090f6a00_1996708756,-52916.434,33981.05,1737.8702,Small Chest,50.0,Blueprint,,,Chest_Global_Small,,
SceneComponent,Loot_Chest_Small_01a_Spawner_C,Loot_Chest_Small_01a_Spawner_C_UAID_046874882494AD8D02_c71ad3ef090f6a00_1998732895,-55503.336,36475.945,1741.804,Small Chest,50.0,Blueprint,,,Chest_Global_Small,,
SceneComponent,Loot_Chest_Small_01a_Spawner_C,Loot_Chest_Small_01a_Spawner_C_UAID_046874882494AD8D02_c71ad3ef090f6a00_2005007387,-54964.902,33451.74,1733.2169,Small Chest,50.0,Blueprint,,,Chest_Global_Small,,
SceneComponent,Loot_Chest_Small_01a_Spawner_C,Loot_Chest_Small_01a_Spawner_C_UAID_046874882494AD8D02_c71ad3ef090f6a00_2005145397,-55671.79,36140.824,1737.1521,Small Chest,50.0,Blueprint,,,Chest_Global_Small,,
SceneComponent,Loot_Chest_Small_01a_Spawner_C,Loot_Chest_Small_01a_Spawner_C_UAID_046874882494AD8D02_c71ad3ef090f6a00_2005289408,-55485.504,35510.066,1729.4957,Small Chest,50.0,Blueprint,,,Chest_Global_Small,,
SceneComponent,Loot_Chest_Small_01a_Spawner_C,Loot_Chest_Small_01a_Spawner_C_UAID_04D9F5F93AD5953102_39c53a56517c239f_1319249033,14772.057,13332.693,2253.5776,Small Chest,50.0,Blueprint,,,Chest_Global_Small,,
SceneComponent,Loot_Chest_Small_01a_Spawner_C,Loot_Chest_Small_01a_Spawner_C_UAID_04D9F5F93AD5953102_3e62a173f235e900_1319249033,21618.164,-22162.777,2825.244,Small Chest,50.0,Blueprint,,,Chest_Global_Small,,
SceneComponent,Loot_Chest_Small_01a_Spawner_C,Loot_Chest_Small_01a_Spawner_C_UAID_04D9F5F93AD5953102_6c4c20721545df36_1319249033,-30818.152,-45319.676,5924.574,Small Chest,50.0,Blueprint,,,Chest_Global_Small,,
SceneComponent,Loot_Chest_Small_01a_Spawner_C,Loot_Chest_Small_01a_Spawner_C_UAID_04D9F5F93AD5953102_a1b8e9568afcd202_1319249033,-57782.777,-19662.027,7124.3794,Small Chest,50.0,Blueprint,,,Chest_Global_Small,,
SceneComponent,Loot_Chest_Small_01a_Spawner_C,Loot_Chest_Small_01a_Spawner_C_UAID_04D9F5F93AD5953102_b48abfd6dd8426a8_1319249033,-24534.5,30465.791,1610.4503,Small Chest,50.0,Blueprint,,,Chest_Global_Small,,
SceneComponent,Loot_Chest_Small_01a_Spawner_C,Loot_Chest_Small_01a_Spawner_C_UAID_04D9F5F93AD5DF3202_8842c8402fd3ec16_1329510603,-61737.234,-13582.31,1653.5509,Small Chest,50.0,Blueprint,,,Chest_Global_Small,,
SceneComponent,Loot_Chest_Small_01a_Spawner_C,Loot_Chest_Small_01a_Spawner_C_UAID_18C04DA8201B627102_c71ad3ef090f6a00_1270138209,-55831.895,34216.98,1732.0785,Small Chest,50.0,Blueprint,,,Chest_Global_Small,,
SceneComponent,Loot_Chest_Small_01a_Spawner_C,Loot_Chest_Small_01a_Spawner_C_UAID_581CF8B723154B4C02_fa61c736281e8a8a_1462718215,-39371.902,-28422.398,7115.002,Small Chest,50.0,Blueprint,,,Chest_Global_Small,,
SceneComponent,Loot_Chest_Small_01a_Spawner_C,UNP_Loot_Chest_Medium_01a_5670e79a9d94a8fe_0,-58741.17,4957.15,1109.6737,Small Chest,50.0,Blueprint,,,Chest_Global_Small,,
SceneComponent,Loot_Chest_Small_01a_Spawner_C,UNP_Loot_Chest_Small_01a_0bbdd86c1f74f9f6_0,-19652.129,-19335.895,1740.3964,Small Chest,50.0,Blueprint,,,Chest_Global_Small,,
SceneComponent,Loot_Chest_Small_01a_Spawner_C,UNP_Loot_Chest_Small_01a_0c7769a481dddbd5_0,-9976.969,14839.738,-613.8838,Small Chest,50.0,Blueprint,,,Chest_Global_Small,,
SceneComponent,Loot_Chest_Small_01a_Spawner_C,UNP_Loot_Chest_Small_01a_0d0dea5677a86eb2_0,-11014.738,30956.877,-625.16656,Small Chest,50.0,Blueprint,,,Chest_Global_Small,,
SceneComponent,Loot_Chest_Small_01a_Spawner_C,UNP_Loot_Chest_Small_01a_1839a5c7e36c7ddc_0,-50760.684,-32342.66,6949.944,Small Chest,50.0,Blueprint,,,Chest_Global_Small,,
SceneComponent,Loot_Chest_Small_01a_Spawner_C,UNP_Loot_Chest_Small_01a_20a12a9e4c9a08fc_0,-17289.547,35761.203,159.71024,Small Chest,50.0,Blueprint,,,Chest_Global_Small,,
SceneComponent,Loot_Chest_Small_01a_Spawner_C,UNP_Loot_Chest_Small_01a_34103052c501f18e_0,11308.517,18532.979,1293.4034,Small Chest,50.0,Blueprint,,,Chest_Global_Small,,
SceneComponent,Loot_Chest_Small_01a_Spawner_C,UNP_Loot_Chest_Small_01a_3a31ba082ae5c4c6_0,-59332.777,14540.058,-79.22436,Small Chest,3.0,Custom,,,Chest_Global_Small,,
SceneComponent,Loot_Chest_Small_01a_Spawner_C,UNP_Loot_Chest_Small_01a_409da27a279543a2_0,-50332.094,1517.1924,1522.0636,Small Chest,50.0,Blueprint,,,Chest_Global_Small,,
SceneComponent,Loot_Chest_Small_01a_Spawner_C,UNP_Loot_Chest_Small_01a_5746002f6ff70566_0,27919.629,615.5937,2271.9954,Small Chest,3.0,Custom,,,Chest_Global_Small,,
SceneComponent,Loot_Chest_Small_01a_Spawner_C,UNP_Loot_Chest_Small_01a_6984ed3ba0e8bf47_0,12220.534,-15113.92,1985.8208,Small Chest,50.0,Blueprint,,,Chest_Global_Small,,
SceneComponent,Loot_Chest_Small_01a_Spawner_C,UNP_Loot_Chest_Small_01a_7bc00f6ec963c845_0,20905.19,-10113.093,2846.6104,Small Chest,50.0,Blueprint,,,Chest_Global_Small,,
SceneComponent,Loot_Chest_Small_01a_Spawner_C,UNP_Loot_Chest_Small_01a_7eade9f03b0e5074_0,-58369.66,13627.601,-8.113027,Small Chest,50.0,Blueprint,,,Chest_Global_Small,,
SceneComponent,Loot_Chest_Small_01a_Spawner_C,UNP_Loot_Chest_Small_01a_801f45a999455172_0,6003.752,34474.71,991.33295,Small Chest,3.0,Custom,,,Chest_Global_Small,,
SceneComponent,Loot_Chest_Small_01a_Spawner_C,UNP_Loot_Chest_Small_01a_86279adec2ec3b27_0,-15660.141,18758.953,188.80464,Small Chest,50.0,Blueprint,,,Chest_Global_Small,,
SceneComponent,Loot_Chest_Small_01a_Spawner_C,UNP_Loot_Chest_Small_01a_9151e3da891a2dbc_0,-53201.266,12687.7,71.69459,Small Chest,50.0,Blueprint,,,Chest_Global_Small,,
SceneComponent,Loot_Chest_Small_01a_Spawner_C,UNP_Loot_Chest_Small_01a_Spawner1_32787930e307ffa0_0,33109.734,-4754.204,574.94977,Small Chest,50.0,Blueprint,,,Chest_Global_Small,,
SceneComponent,Loot_Chest_Small_01a_Spawner_C,UNP_Loot_Chest_Small_01a_Spawner1_6aa29054035e3474_0,26806.98,-12364.668,573.78674,Small Chest,50.0,Blueprint,,,Chest_Global_Small,,
SceneComponent,Loot_Chest_Small_01a_Spawner_C,UNP_Loot_Chest_Small_01a_Spawner1_b155a0e4697d664a_1,-38643.05,-25872.842,6324.5366,Small Chest,50.0,Blueprint,,,Chest_Global_Small,,
SceneComponent,Loot_Chest_Small_01a_Spawner_C,UNP_Loot_Chest_Small_01a_Spawner_13e4b0e7352de8f6_0,-13007.434,-35051.33,1219.7616,Small Chest,10.0,Custom,,,Chest_Global_Small,,
SceneComponent,Loot_Chest_Small_01a_Spawner_C,UNP_Loot_Chest_Small_01a_Spawner_2d71cfae02a1eb4f_0,21429.35,-7105.1953,1179.5712,Small Chest,50.0,Blueprint,,,Chest_Global_Small,,
SceneComponent,Loot_Chest_Small_01a_Spawner_C,UNP_Loot_Chest_Small_01a_Spawner_32787930e307ffa0_0,31880.55,-5631.9204,590.9966,Small Chest,50.0,Blueprint,,,Chest_Global_Small,,
SceneComponent,Loot_Chest_Small_01a_Spawner_C,UNP_Loot_Chest_Small_01a_Spawner_32787930e307ffa0_1,31678.055,-4461.36,672.44635,Small Chest,50.0,Blueprint,,,Chest_Global_Small,,
SceneComponent,Loot_Chest_Small_01a_Spawner_C,UNP_Loot_Chest_Small_01a_Spawner_643191a2278730e7_0,22386.416,-4835.9385,574.8152,Small Chest,50.0,Blueprint,,,Chest_Global_Small,,
SceneComponent,Loot_Chest_Small_01a_Spawner_C,UNP_Loot_Chest_Small_01a_Spawner_643191a2278730e7_1,24523.787,-4774.0806,1074.8853,Small Chest,50.0,Blueprint,,,Chest_Global_Small,,
SceneComponent,Loot_Chest_Small_01a_Spawner_C,UNP_Loot_Chest_Small_01a_Spawner_643191a2278730e7_2,22240.553,-5037.877,672.1167,Small Chest,50.0,Blueprint,,,Chest_Global_Small,,
SceneComponent,Loot_Chest_Small_01a_Spawner_C,UNP_Loot_Chest_Small_01a_Spawner_6aa29054035e3474_0,25929.264,-11135.483,589.83356,Small Chest,50.0,Blueprint,,,Chest_Global_Small,,
SceneComponent,Loot_Chest_Small_01a_Spawner_C,UNP_Loot_Chest_Small_01a_Spawner_UAID_0468748824943B9B02_5f70c77cbc927b1f_1752690280,-43150.547,32746.94,870.65436,Small Chest,50.0,Blueprint,,,Chest_Global_Small,,
SceneComponent,Loot_Chest_Small_01a_Spawner_C,UNP_Loot_Chest_Small_01a_Spawner_UAID_0468748824943B9B02_5f70c77cbc927b1f_1753009297,-45784.76,33288.03,1386.6034,Small Chest,50.0,Blueprint,,,Chest_Global_Small,,
SceneComponent,Loot_Chest_Small_01a_Spawner_C,UNP_Loot_Chest_Small_01a_Spawner_UAID_0468748824943B9B02_5f70c77cbc927b1f_1754343358,-43116.855,34125.22,879.85803,Small Chest,50.0,Blueprint,,,Chest_Global_Small,,
SceneComponent,Loot_Chest_Small_01a_Spawner_C,UNP_Loot_Chest_Small_01a_Spawner_UAID_0468748824943B9B02_5f70c77cbc927b1f_1762202365,-42983.62,33236.17,1377.5027,Small Chest,50.0,Blueprint,,,Chest_Global_Small,,
SceneComponent,Loot_Chest_Small_01a_Spawner_C,UNP_Loot_Chest_Small_01a_Spawner_UAID_0468748824943B9B02_ee048d778535517c_1752690280,-26304.51,17600.877,-721.0506,Small Chest,50.0,Blueprint,,,Chest_Global_Small,,
SceneComponent,Loot_Chest_Small_01a_Spawner_C,UNP_Loot_Chest_Small_01a_Spawner_UAID_0468748824943B9B02_ee048d778535517c_1753009297,-26939.633,14987.738,-205.10153,Small Chest,50.0,Blueprint,,,Chest_Global_Small,,
SceneComponent,Loot_Chest_Small_01a_Spawner_C,UNP_Loot_Chest_Small_01a_Spawner_UAID_0468748824943B9B02_ee048d778535517c_1754343358,-27680.7,17683.93,-711.84686,Small Chest,50.0,Blueprint,,,Chest_Global_Small,,
SceneComponent,Loot_Chest_Small_01a_Spawner_C,UNP_Loot_Chest_Small_01a_Spawner_UAID_0468748824943B9B02_ee048d778535517c_1762202365,-26787.447,17785.225,-214.20224,Small Chest,50.0,Blueprint,,,Chest_Global_Small,,
SceneComponent,Loot_Chest_Small_01a_Spawner_C,UNP_Loot_Chest_Small_01a_Spawner_UAID_046874882494449B02_566cfd8f809d947c_1510148397,7439.235,-19563.55,123.49524,Small Chest,50.0,Blueprint,,,Chest_Global_Small,,
SceneComponent,Loot_Chest_Small_01a_Spawner_C,UNP_Loot_Chest_Small_01a_Spawner_UAID_046874882494449B02_566cfd8f809d947c_1513975186,8454.295,-21251.504,-404.58133,Small Chest,50.0,Blueprint,,,Chest_Global_Small,,
SceneComponent,Loot_Chest_Small_01a_Spawner_C,UNP_Loot_Chest_Small_01a_Spawner_UAID_0468748824944E8902_1c556f47455d4841_1253801189,-4212.0146,761.1315,314.8107,Small Chest,50.0,Blueprint,,,Chest_Global_Small,,
SceneComponent,Loot_Chest_Small_01a_Spawner_C,UNP_Loot_Chest_Small_01a_Spawner_UAID_046874882494859A02_367755be1ccb9d60_1585021287,-28430.492,-12968.573,2050.8267,Small Chest,10.0,Custom,,,Chest_Global_Small,,
SceneComponent,Loot_Chest_Small_01a_Spawner_C,UNP_Loot_Chest_Small_01a_Spawner_UAID_046874882494859A02_367755be1ccb9d60_1585357507,-30138.209,-9182.468,1797.5438,Small Chest,50.0,Blueprint,,,Chest_Global_Small,,
SceneComponent,Loot_Chest_Small_01a_Spawner_C,UNP_Loot_Chest_Small_01a_Spawner_UAID_046874882494977D02_f5f3745e62dd497c_1267369320,-66663.086,-3675.1477,1724.5157,Small Chest,50.0,Blueprint,,,Chest_Global_Small,,
SceneComponent,Loot_Chest_Small_01a_Spawner_C,UNP_Loot_Chest_Small_01a_Spawner_UAID_046874882494977D02_f5f3745e62dd497c_1269141572,-65777.125,-249.77725,1739.759,Small Chest,50.0,Blueprint,,,Chest_Global_Small,,
SceneComponent,Loot_Chest_Small_01a_Spawner_C,UNP_Loot_Chest_Small_01a_Spawner_UAID_0468748824949CD502_37bd26559c49d275_1321285631,-3998.5093,-16079.114,2204.0903,Small Chest,10.0,Custom,,,Chest_Global_Small,,
SceneComponent,Loot_Chest_Small_01a_Spawner_C,UNP_Loot_Chest_Small_01a_Spawner_UAID_046874882494A69E02_bd0f96a5981d5c04_1172251599,-38242.84,11927.355,-736.7594,Small Chest,50.0,Blueprint,,,Chest_Global_Small,,
SceneComponent,Loot_Chest_Small_01a_Spawner_C,UNP_Loot_Chest_Small_01a_Spawner_UAID_046874882494A69E02_bd0f96a5981d5c04_1172257611,-41545.098,10549.481,-737.13104,Small Chest,50.0,Blueprint,,,Chest_Global_Small,,
SceneComponent,Loot_Chest_Small_01a_Spawner_C,UNP_Loot_Chest_Small_01a_Spawner_UAID_046874882494A69E02_bd0f96a5981d5c04_1172263623,-42311.656,14454.874,-730.8978,Small Chest,50.0,Blueprint,,,Chest_Global_Small,,
SceneComponent,Loot_Chest_Small_01a_Spawner_C,UNP_Loot_Chest_Small_01a_Spawner_UAID_046874882494A69E02_bd0f96a5981d5c04_1172269635,-36368.996,14600.249,-661.00775,Small Chest,50.0,Blueprint,,,Chest_Global_Small,,
SceneComponent,Loot_Chest_Small_01a_Spawner_C,UNP_Loot_Chest_Small_01a_Spawner_UAID_046874882494A69E02_bd0f96a5981d5c04_1172274647,-35381.59,11594.378,-455.47223,Small Chest,50.0,Blueprint,,,Chest_Global_Small,,
SceneComponent,Loot_Chest_Small_01a_Spawner_C,UNP_Loot_Chest_Small_01a_Spawner_UAID_046874882494DB9A02_a595927790dec5fd_2083635068,-48326.727,-8021.8047,3475.6987,Small Chest,50.0,Blueprint,,,Chest_Global_Small,,
SceneComponent,Loot_Chest_Small_01a_Spawner_C,UNP_Loot_Chest_Small_01a_Spawner_UAID_046874882494ED9302_665a04c56e1f24ee_2136573521,-35116.4,-25021.592,8735.208,Small Chest,50.0,Blueprint,,,Chest_Global_Small,,
SceneComponent,Loot_Chest_Small_01a_Spawner_C,UNP_Loot_Chest_Small_01a_Spawner_UAID_18C04DA8201B437902_1955f5d21cbe47a4_1437696247,22938.45,7493.284,2421.0474,Small Chest,50.0,Blueprint,,,Chest_Global_Small,,
SceneComponent,Loot_Chest_Small_01a_Spawner_C,UNP_Loot_Chest_Small_01a_Spawner_UAID_581CF8B72315E0D602_5a5767cc339294e0_1762562665,40836.336,-11960.665,79.94366,Small Chest,50.0,Blueprint,,,Chest_Global_Small,,
SceneComponent,Loot_Chest_Small_01a_Spawner_C,UNP_Loot_Chest_Small_01a_Spawner_UAID_581CF8B72315E0D602_fa7bcc8dea0c77fa_1762562665,38007.316,-17787.105,79.94365,Small Chest,50.0,Blueprint,,,Chest_Global_Small,,
SceneComponent,Loot_Chest_Small_01a_Spawner_C,UNP_Loot_Chest_Small_01a_Spawner_UAID_581CF8B72315E4D602_d52d91af14afa8f4_2102298815,41429.44,-11692.023,76.09361,Small Chest,50.0,Blueprint,,,Chest_Global_Small,,
SceneComponent,Loot_Chest_Small_01a_Spawner_C,UNP_Loot_Chest_Small_01a_Spawner_UAID_D843AE1A93E5282D02_01d97e21be7d6cbc_1715931630,-17002.71,-22219.713,1744.4518,Small Chest,50.0,Blueprint,,,Chest_Global_Small,,
SceneComponent,Loot_Chest_Small_01a_Spawner_C,UNP_Loot_Chest_Small_01a_Spawner_UAID_D843AE1A93E5282D02_105e36e63df75a11_1715931630,21795.229,-8081.4375,2372.5176,Small Chest,50.0,Blueprint,,,Chest_Global_Small,,
SceneComponent,Loot_Chest_Small_01a_Spawner_C,UNP_Loot_Chest_Small_01a_Spawner_UAID_D843AE1A93E5282D02_157de0d512dcf7f7_1715931630,-14775.433,-17191.541,999.66376,Small Chest,50.0,Blueprint,,,Chest_Global_Small,,
SceneComponent,Loot_Chest_Small_01a_Spawner_C,UNP_Loot_Chest_Small_01a_Spawner_UAID_D843AE1A93E5282D02_3334af38d652329d_1715931630,-2624.473,-21581.719,-585.745,Small Chest,50.0,Blueprint,,,Chest_Global_Small,,
SceneComponent,Loot_Chest_Small_01a_Spawner_C,UNP_Loot_Chest_Small_01a_Spawner_UAID_D843AE1A93E5282D02_4432c52a23700f75_1715931630,-55163.387,24777.814,415.24185,Small Chest,50.0,Blueprint,,,Chest_Global_Small,,
SceneComponent,Loot_Chest_Small_01a_Spawner_C,UNP_Loot_Chest_Small_01a_Spawner_UAID_D843AE1A93E5282D02_4b3a75f6c02ae43c_1715931630,2392.232,16513.033,-231.05458,Small Chest,50.0,Blueprint,,,Chest_Global_Small,,
SceneComponent,Loot_Chest_Small_01a_Spawner_C,UNP_Loot_Chest_Small_01a_Spawner_UAID_D843AE1A93E5282D02_4b7ed1faf8da75ed_1715931630,6550.8013,16593.686,-118.30212,Small Chest,50.0,Blueprint,,,Chest_Global_Small,,
SceneComponent,Loot_Chest_Small_01a_Spawner_C,UNP_Loot_Chest_Small_01a_Spawner_UAID_D843AE1A93E5282D02_52bc9bce1656c1f0_1715931630,-21177.61,-14725.161,1836.9891,Small Chest,50.0,Blueprint,,,Chest_Global_Small,,
SceneComponent,Loot_Chest_Small_01a_Spawner_C,UNP_Loot_Chest_Small_01a_Spawner_UAID_D843AE1A93E5282D02_551f0f11fbf40985_1715931630,-46727.508,-4458.184,2929.127,Small Chest,50.0,Blueprint,,,Chest_Global_Small,,
SceneComponent,Loot_Chest_Small_01a_Spawner_C,UNP_Loot_Chest_Small_01a_Spawner_UAID_D843AE1A93E5282D02_57c2143040938786_1715931630,24424.201,-19420.979,1389.5991,Small Chest,50.0,Blueprint,,,Chest_Global_Small,,
SceneComponent,Loot_Chest_Small_01a_Spawner_C,UNP_Loot_Chest_Small_01a_Spawner_UAID_D843AE1A93E5282D02_58f62d7e848515ca_1715931630,-19469.74,-18559.715,1742.6624,Small Chest,50.0,Blueprint,,,Chest_Global_Small,,
SceneComponent,Loot_Chest_Small_01a_Spawner_C,UNP_Loot_Chest_Small_01a_Spawner_UAID_D843AE1A93E5282D02_5bcfd5ade251acc6_1715931630,-12158.043,-18375.865,209.13222,Small Chest,50.0,Blueprint,,,Chest_Global_Small,,
SceneComponent,Loot_Chest_Small_01a_Spawner_C,UNP_Loot_Chest_Small_01a_Spawner_UAID_D843AE1A93E5282D02_736987ef0083d90b_1715931630,-16429.291,-16042.71,1294.2974,Small Chest,50.0,Blueprint,,,Chest_Global_Small,,
SceneComponent,Loot_Chest_Small_01a_Spawner_C,UNP_Loot_Chest_Small_01a_Spawner_UAID_D843AE1A93E5282D02_76921dd1d9f6885f_1715931630,19448.814,15448.886,1817.69,Small Chest,50.0,Blueprint,,,Chest_Global_Small,,
SceneComponent,Loot_Chest_Small_01a_Spawner_C,UNP_Loot_Chest_Small_01a_Spawner_UAID_D843AE1A93E5282D02_79a26a4ec86d4b86_1715931630,-709.96204,26047.004,102.29933,Small Chest,50.0,Blueprint,,,Chest_Global_Small,,
SceneComponent,Loot_Chest_Small_01a_Spawner_C,UNP_Loot_Chest_Small_01a_Spawner_UAID_D843AE1A93E5282D02_930fd382332c0260_1715931630,-3008.6345,24833.307,-261.9727,Small Chest,50.0,Blueprint,,,Chest_Global_Small,,
SceneComponent,Loot_Chest_Small_01a_Spawner_C,UNP_Loot_Chest_Small_01a_Spawner_UAID_D843AE1A93E5282D02_996f624db6fee3d1_1715931630,-25563.922,22233.209,-306.27548,Small Chest,50.0,Blueprint,,,Chest_Global_Small,,
SceneComponent,Loot_Chest_Small_01a_Spawner_C,UNP_Loot_Chest_Small_01a_Spawner_UAID_D843AE1A93E5282D02_bed23d4517c05ec4_1715931630,-17315.928,-2579.7202,770.85974,Small Chest,50.0,Blueprint,,,Chest_Global_Small,,
SceneComponent,Loot_Chest_Small_01a_Spawner_C,UNP_Loot_Chest_Small_01a_Spawner_UAID_D843AE1A93E5282D02_c27b86af85e24857_1715931630,14751.261,-2676.6748,1667.1318,Small Chest,50.0,Blueprint,,,Chest_Global_Small,,
SceneComponent,Loot_Chest_Small_01a_Spawner_C,UNP_Loot_Chest_Small_01a_Spawner_UAID_D843AE1A93E5282D02_cc49a2bac2beee4c_1715931630,-4508.7534,11129.722,-188.33865,Small Chest,50.0,Blueprint,,,Chest_Global_Small,,
SceneComponent,Loot_Chest_Small_01a_Spawner_C,UNP_Loot_Chest_Small_01a_Spawner_UAID_D843AE1A93E5282D02_d81bd370f953deb5_1715931630,-21186.066,-1191.7113,1051.9097,Small Chest,50.0,Blueprint,,,Chest_Global_Small,,
SceneComponent,Loot_Chest_Small_01a_Spawner_C,UNP_Loot_Chest_Small_01a_Spawner_UAID_D843AE1A93E5282D02_e114023dbb226341_1715931630,3707.0195,-13379.808,1437.9778,Small Chest,50.0,Blueprint,,,Chest_Global_Small,,
SceneComponent,Loot_Chest_Small_01a_Spawner_C,UNP_Loot_Chest_Small_01a_Spawner_UAID_D843AE1A93E5DA2C02_3e5e013479532bc0_1104246531,-64364.562,-1490.5992,1752.0325,Small Chest,50.0,Blueprint,,,Chest_Global_Small,,
SceneComponent,Loot_Chest_Small_01a_Spawner_C,UNP_Loot_Chest_Small_01a_Spawner_b155a0e4697d664a_0,-37458.02,-26809.312,6340.5835,Small Chest,50.0,Blueprint,,,Chest_Global_Small,,
SceneComponent,Loot_Chest_Small_01a_Spawner_C,UNP_Loot_Chest_Small_01a_Spawner_b67ba3597e6a8117_0,-17014.416,22335.502,10.361995,Small Chest,10.0,Custom,,,Chest_Global_Small,,
SceneComponent,Loot_Chest_Small_01a_Spawner_C,UNP_Loot_Chest_Small_01a_Spawner_f5f3745e62dd497c_2,-66659.46,-1505.7324,1759.9926,Small Chest,50.0,Blueprint,,,Chest_Global_Small,,
SceneComponent,Loot_Chest_Small_01a_Spawner_C,UNP_Loot_Chest_Small_01a_UAID_046874882494039902_4f36605deaaf1c91_1428689808,-10419.5,19349.068,-38.389694,Small Chest,50.0,Blueprint,,,Chest_Global_Small,,
SceneComponent,Loot_Chest_Small_01a_Spawner_C,UNP_Loot_Chest_Small_01a_UAID_046874882494089902_4fd79de106d61a35_1094080599,-14796.278,-9695.353,1117.1929,Small Chest,50.0,Blueprint,,,Chest_Global_Small,,
SceneComponent,Loot_Chest_Small_01a_Spawner_C,UNP_Loot_Chest_Small_01a_UAID_046874882494459902_f3f59c752bd0a4d9_1433326285,-59699.01,9044.105,486.59286,Small Chest,50.0,Blueprint,,,Chest_Global_Small,,
SceneComponent,Loot_Chest_Small_01a_Spawner_C,UNP_Loot_Chest_Small_01a_UAID_046874882494459902_f3f59c752bd0a4d9_1434074439,-57862.117,9269.851,579.0243,Small Chest,50.0,Blueprint,,,Chest_Global_Small,,
SceneComponent,Loot_Chest_Small_01a_Spawner_C,UNP_Loot_Chest_Small_01a_UAID_046874882494859A02_367755be1ccb9d60_1585303470,-27766.145,-2945.4897,1876.0814,Small Chest,50.0,Blueprint,,,Chest_Global_Small,,
SceneComponent,Loot_Chest_Small_01a_Spawner_C,UNP_Loot_Chest_Small_01a_UAID_046874882494859A02_367755be1ccb9d60_1585522608,-25171.67,-12195.396,1886.485,Small Chest,50.0,Blueprint,,,Chest_Global_Small,,
SceneComponent,Loot_Chest_Small_01a_Spawner_C,UNP_Loot_Chest_Small_01a_UAID_046874882494977D02_f5f3745e62dd497c_1268817545,-66283.625,-869.42615,1839.0667,Small Chest,50.0,Blueprint,,,Chest_Global_Small,,
SceneComponent,Loot_Chest_Small_01a_Spawner_C,UNP_Loot_Chest_Small_01a_UAID_0468748824949CD502_37bd26559c49d275_1298615726,-13613.464,-18040.113,1826.7284,Small Chest,50.0,Blueprint,,,Chest_Global_Small,,
SceneComponent,Loot_Chest_Small_01a_Spawner_C,UNP_Loot_Chest_Small_01a_UAID_0468748824949CD502_37bd26559c49d275_1323454052,-1078.4056,-14993.424,1824.8682,Small Chest,50.0,Blueprint,,,Chest_Global_Small,,
SceneComponent,Loot_Chest_Small_01a_Spawner_C,UNP_Loot_Chest_Small_01a_UAID_046874882494AD8D02_c71ad3ef090f6a00_2003819308,-54006.996,34652.902,1716.5067,Small Chest,50.0,Blueprint,,,Chest_Global_Small,,
SceneComponent,Loot_Chest_Small_01a_Spawner_C,UNP_Loot_Chest_Small_01a_UAID_046874882494B49C02_d40d86cadf850e91_1892534993,-50055.75,-31303.498,6945.6646,Small Chest,10.0,Custom,,,Chest_Global_Small,,
SceneComponent,Loot_Chest_Small_01a_Spawner_C,UNP_Loot_Chest_Small_01a_UAID_046874882494B49C02_d40d86cadf850e91_1892620006,-51824.984,-30861.895,7071.6895,Small Chest,50.0,Blueprint,,,Chest_Global_Small,,
SceneComponent,Loot_Chest_Small_01a_Spawner_C,UNP_Loot_Chest_Small_01a_UAID_046874882494B49C02_d40d86cadf850e91_1892757024,-49173.457,-31330.426,7071.6895,Small Chest,50.0,Blueprint,,,Chest_Global_Small,,
SceneComponent,Loot_Chest_Small_01a_Spawner_C,UNP_Loot_Chest_Small_01a_UAID_046874882494F39502_fa61c736281e8a8a_1312041751,-40945.824,-28637.271,7007.147,Small Chest,10.0,Custom,,,Chest_Global_Small,,
SceneComponent,Loot_Chest_Small_01a_Spawner_C,UNP_Loot_Chest_Small_01a_UAID_046874882494F39502_fa61c736281e8a8a_1312294761,-37041.44,-29645.242,7007.147,Small Chest,10.0,Custom,,,Chest_Global_Small,,
SceneComponent,Loot_Chest_Small_01a_Spawner_C,UNP_Loot_Chest_Small_01a_UAID_046874882494FE9802_29c4ea76462ed633_1740982030,-31225.19,21356.836,-331.97595,Small Chest,50.0,Blueprint,,,Chest_Global_Small,,
SceneComponent,Loot_Chest_Small_01a_Spawner_C,UNP_Loot_Chest_Small_01a_UAID_046874882494FE9802_29c4ea76462ed633_1742354085,-30338.027,22891.102,-306.99362,Small Chest,10.0,Custom,,,Chest_Global_Small,,
SceneComponent,Loot_Chest_Small_01a_Spawner_C,UNP_Loot_Chest_Small_01a_UAID_046874882494FE9802_29c4ea76462ed633_1742603094,-31997.615,21226.906,-306.99362,Small Chest,10.0,Custom,,,Chest_Global_Small,,
SceneComponent,Loot_Chest_Small_01a_Spawner_C,UNP_Loot_Chest_Small_01a_UAID_046874882494FE9802_29c4ea76462ed633_1742863103,-32210.775,21667.154,-306.99362,Small Chest,10.0,Custom,,,Chest_Global_Small,,
SceneComponent,Loot_Chest_Small_01a_Spawner_C,UNP_Loot_Chest_Small_01a_UAID_046874882494FE9802_29c4ea76462ed633_1746093175,-30658.004,21666.521,-306.99362,Small Chest,10.0,Custom,,,Chest_Global_Small,,
SceneComponent,Loot_Chest_Small_01a_Spawner_C,UNP_Loot_Chest_Small_01a_UAID_046874882494FE9802_29c4ea76462ed633_1746363184,-30248.217,20966.336,-306.99362,Small Chest,10.0,Custom,,,Chest_Global_Small,,
SceneComponent,Loot_Chest_Small_01a_Spawner_C,UNP_Loot_Chest_Small_01a_UAID_046874882494FE9802_29c4ea76462ed633_1746619193,-31185.766,22228.633,-306.99362,Small Chest,10.0,Custom,,,Chest_Global_Small,,
SceneComponent,Loot_Chest_Small_01a_Spawner_C,UNP_Loot_Chest_Small_01a_UAID_D843AE1A93E5282D02_10081d77017832c6_2118241690,-55512.906,-3430.5334,2386.5332,Small Chest,50.0,Blueprint,,,Chest_Global_Small,,
SceneComponent,Loot_Chest_Small_01a_Spawner_C,UNP_Loot_Chest_Small_01a_UAID_D843AE1A93E5282D02_30bfa73b79ea84db_2118241690,-32129.19,-41523.3,5257.3594,Small Chest,50.0,Blueprint,,,Chest_Global_Small,,
SceneComponent,Loot_Chest_Small_01a_Spawner_C,UNP_Loot_Chest_Small_01a_UAID_D843AE1A93E5282D02_59da705889973446_1792642650,19813.41,-7808.3164,2267.9023,Small Chest,50.0,Blueprint,,,Chest_Global_Small,,
SceneComponent,Loot_Chest_Small_01a_Spawner_C,UNP_Loot_Chest_Small_01a_UAID_D843AE1A93E5282D02_5f7908dd7b4d37e4_1545119565,-48528.07,25069.236,268.92126,Small Chest,50.0,Blueprint,,,Chest_Global_Small,,
SceneComponent,Loot_Chest_Small_01a_Spawner_C,UNP_Loot_Chest_Small_01a_UAID_D843AE1A93E5282D02_61e69454f56b2b26_2118241690,-373.27454,21677.738,-132.64223,Small Chest,50.0,Blueprint,,,Chest_Global_Small,,
SceneComponent,Loot_Chest_Small_01a_Spawner_C,UNP_Loot_Chest_Small_01a_UAID_D843AE1A93E5282D02_81f01809b78213e9_2118241690,-27431.527,23286.371,-251.98485,Small Chest,50.0,Blueprint,,,Chest_Global_Small,,
SceneComponent,Loot_Chest_Small_01a_Spawner_C,UNP_Loot_Chest_Small_01a_UAID_D843AE1A93E5282D02_ae56a79f3f80b113_2118241690,-4169.6626,16266.359,-91.41545,Small Chest,50.0,Blueprint,,,Chest_Global_Small,,
SceneComponent,Loot_Chest_Small_01a_Spawner_C,UNP_Loot_Chest_Small_01a_UAID_D843AE1A93E5282D02_b2246920ac271f7b_2118241690,-7136.8926,34929.645,-115.52509,Small Chest,50.0,Blueprint,,,Chest_Global_Small,,
SceneComponent,Loot_Chest_Small_01a_Spawner_C,UNP_Loot_Chest_Small_01a_UAID_D843AE1A93E5282D02_ef4e7b45e5a66d0a_2118241690,-1498.7422,2419.7087,50.53612,Small Chest,50.0,Blueprint,,,Chest_Global_Small,,
SceneComponent,Loot_Chest_Small_01a_Spawner_C,UNP_Loot_Chest_Small_01a_UAID_D843AE1A93E5292D02_2ee2f23bce167699_1452807096,-2752.827,-14795.633,144.7419,Small Chest,10.0,Custom,,,Chest_Global_Small,,
SceneComponent,Loot_Chest_Small_01a_Spawner_C,UNP_Loot_Chest_Small_01a_UAID_D843AE1A93E5292D02_99f6b088b5499aaf_1452807096,-58357.48,-15849.546,4618.326,Small Chest,10.0,Custom,,,Chest_Global_Small,,
SceneComponent,Loot_Chest_Small_01a_Spawner_C,UNP_Loot_Chest_Small_01a_b6e1203a46f5f334_0,9145.672,-26824.896,885.5893,Small Chest,50.0,Blueprint,,,Chest_Global_Small,,
SceneComponent,Loot_Chest_Small_01a_Spawner_C,UNP_Loot_Chest_Small_01a_c2de904be5f12f2d_0,-45491.04,-18445.451,6169.085,Small Chest,50.0,Blueprint,,,Chest_Global_Small,,
SceneComponent,Loot_Chest_Small_01a_Spawner_C,UNP_Loot_Chest_Small_01a_d64dd2cdc8b57a25_0,-16915.68,-23054.707,2152.2378,Small Chest,50.0,Blueprint,,,Chest_Global_Small,,
SceneComponent,Loot_Chest_Small_01a_Spawner_C,UNP_Loot_Chest_Small_01a_da1ec3d8da7ef2d5_0,-51962.2,16634.207,-271.08295,Small Chest,50.0,Blueprint,,,Chest_Global_Small,,
SceneComponent,Loot_Chest_Small_01a_Spawner_C,UNP_Loot_Chest_Small_01a_e1bb248152fb6cbc_0,-22356.334,23760.918,-248.08807,Small Chest,3.0,Custom,,,Chest_Global_Small,,
SceneComponent,Loot_ChickenCoop_01a_Spawner_C,Loot_ChickenCoop_01a_Spawner_C_UAID_00FF8EFC2BEF6D5002_07c9148d4a4e50c4_1083528380,273.8244,18950.527,-237.76215,Chicken Coop,,,,,ChickenCoop,,
SceneComponent,Loot_ChickenCoop_01a_Spawner_C,Loot_ChickenCoop_01a_Spawner_C_UAID_00FF8EFC2BEF6D5002_2c0ca50d216a4cfb_1083528380,-20529.54,-1420.5458,1058.9977,Chicken Coop,,,,,ChickenCoop,,
SceneComponent,Loot_ChickenCoop_01a_Spawner_C,Loot_ChickenCoop_01a_Spawner_C_UAID_0468748824944E9B02_2fce2bbb89772178_1424528944,-56672.6,21817.719,-466.2819,Chicken Coop,,,,,ChickenCoop,,
SceneComponent,Loot_ChickenCoop_01a_Spawner_C,Loot_ChickenCoop_01a_Spawner_C_UAID_0468748824944E9B02_a83e5bb339f92cca_1424528944,-994.5079,18206.89,-240.78564,Chicken Coop,,,,,ChickenCoop,,
SceneComponent,Loot_ChickenCoop_01a_Spawner_C,Loot_ChickenCoop_01a_Spawner_C_UAID_0468748824944F9B02_4cae16ed3344ca34_1287996855,-17899.627,34324.95,-241.13275,Chicken Coop,,,,,ChickenCoop,,
SceneComponent,Loot_ChickenCoop_01a_Spawner_C,Loot_ChickenCoop_01a_Spawner_C_UAID_046874882494859A02_367755be1ccb9d60_1585216417,-24938.018,-8516.595,1749.8864,Chicken Coop,,,,,ChickenCoop,,
SceneComponent,Loot_ChickenCoop_01a_Spawner_C,Loot_ChickenCoop_01a_Spawner_C_UAID_046874882494859A02_367755be1ccb9d60_1585400535,-25806.57,-8594.814,1746.918,Chicken Coop,,,,,ChickenCoop,,
SceneComponent,Loot_ChickenCoop_01a_Spawner_C,Loot_ChickenCoop_01a_Spawner_C_UAID_046874882494859A02_367755be1ccb9d60_1585605662,-24989.996,-8229.154,1745.9803,Chicken Coop,,,,,ChickenCoop,,
SceneComponent,Loot_ChickenCoop_01a_Spawner_C,PG_ChickenCoop_01a_C_UAID_0468748824944E9B02_2fce2bbb89772178_1426199130,-56343.977,20668.176,-467.681,Chicken Coop,,,,,ChickenCoop,,
SceneComponent,Loot_ChickenCoop_01a_Spawner_C,PG_ChickenCoop_01a_C_UAID_0468748824944E9B02_2fce2bbb89772178_1426202132,-56972.3,20262.344,-467.681,Chicken Coop,,,,,ChickenCoop,,
SceneComponent,Loot_ChickenCoop_01a_Spawner_C,PG_ChickenCoop_01a_C_UAID_0468748824944E9B02_2fce2bbb89772178_1426216140,-56633.344,20297.342,-467.681,Chicken Coop,,,,,ChickenCoop,,
SceneComponent,Loot_ChickenCoop_01a_Spawner_C,PG_ChickenCoop_01a_C_UAID_0468748824944E9B02_a83e5bb339f92cca_1426199130,-2187.3535,18125.895,-242.18477,Chicken Coop,,,,,ChickenCoop,,
SceneComponent,Loot_ChickenCoop_01a_Spawner_C,PG_ChickenCoop_01a_C_UAID_0468748824944E9B02_a83e5bb339f92cca_1426202132,-2452.8357,18825.186,-242.18477,Chicken Coop,,,,,ChickenCoop,,
SceneComponent,Loot_ChickenCoop_01a_Spawner_C,PG_ChickenCoop_01a_C_UAID_0468748824944E9B02_a83e5bb339f92cca_1426216140,-2489.4854,18486.404,-242.18477,Chicken Coop,,,,,ChickenCoop,,
SceneComponent,Loot_ChickenCoop_01a_Spawner_C,PG_ChickenCoop_01a_C_UAID_0468748824944F9B02_4cae16ed3344ca34_1286443278,-16565.54,34454.46,-264.7845,Chicken Coop,,,,,ChickenCoop,,
SceneComponent,Loot_ChickenCoop_01a_Spawner_C,PG_ChickenCoop_01a_C_UAID_0468748824944F9B02_4cae16ed3344ca34_1286445280,-17261.479,34180.31,-264.7845,Chicken Coop,,,,,ChickenCoop,,
SceneComponent,Loot_ChickenCoop_01a_Spawner_C,PG_ChickenCoop_01a_C_UAID_0468748824944F9B02_4cae16ed3344ca34_1286449288,-16922.27,34147.87,-264.7845,Chicken Coop,,,,,ChickenCoop,,
SceneComponent,Loot_ChickenCoop_01a_Spawner_C,PG_ChickenCoop_01a_C_UAID_046874882494859A02_367755be1ccb9d60_1585351503,-25892.932,-9403.252,1755.7338,Chicken Coop,,,,,ChickenCoop,,
SceneComponent,Loot_ChickenCoop_01a_Spawner_C,PG_ChickenCoop_01a_C_UAID_046874882494859A02_367755be1ccb9d60_1585564633,-25335.83,-8874.856,1755.7338,Chicken Coop,,,,,ChickenCoop,,
SceneComponent,Loot_ChickenCoop_01a_Spawner_C,PG_ChickenCoop_01a_C_UAID_046874882494859A02_367755be1ccb9d60_1585802776,-25654.357,-8995.917,1755.7338,Chicken Coop,,,,,ChickenCoop,,
SceneComponent,Loot_ChickenCoop_01a_Spawner_C,PG_ChickenCoop_01a_C_UAID_046874882494B49C02_d40d86cadf850e91_1894087228,-50330.707,-29403.928,6940.4766,Chicken Coop,,,,,ChickenCoop,,
SceneComponent,Loot_ChickenCoop_01a_Spawner_C,PG_ChickenCoop_01a_C_UAID_046874882494B49C02_d40d86cadf850e91_1894090230,-49599.926,-29244.42,6940.4766,Chicken Coop,,,,,ChickenCoop,,
SceneComponent,Loot_ChickenCoop_01a_Spawner_C,PG_ChickenCoop_01a_C_UAID_046874882494B49C02_d40d86cadf850e91_1894103238,-49929.6,-29158.234,6940.4766,Chicken Coop,,,,,ChickenCoop,,
SceneComponent,Loot_ChickenCoop_01a_Spawner_C,PG_ChickenCoop_01a_C_UAID_50EBF6D299692F7502_a905602d41351c1c_1282210540,10216.115,20633.838,941.64886,Chicken Coop,,,,,ChickenCoop,,
SceneComponent,Loot_ChickenCoop_01a_Spawner_C,PG_ChickenCoop_01a_C_UAID_50EBF6D299692F7502_a905602d41351c1c_1282879720,10553.497,20681.457,937.02563,Chicken Coop,,,,,ChickenCoop,,
SceneComponent,Loot_ChickenCoop_01a_Spawner_C,PG_ChickenCoop_01a_C_UAID_50EBF6D299692F7502_a905602d41351c1c_1283752958,10828.777,21062.824,931.42975,Chicken Coop,,,,,ChickenCoop,,
SceneComponent,Loot_ChickenCoop_01a_Spawner_C,UNP_Loot_ChickenCoop_01a_Spawner_afe4a3bbeb7c2068_0,3518.2273,-10910.894,1427.5864,Chicken Coop,,,,,ChickenCoop,,
SceneComponent,Loot_ClothesHang_01a_Spawner_C,Loot_ClothesHang_01a_Spawner_C_UAID_046874882494789602_25c38f96bd642657_2055961786,-26346.688,-8106.942,2281.66,Jacket,25.0,Blueprint,,,Clothes,,
SceneComponent,Loot_ClothesHang_01a_Spawner_C,Loot_ClothesHang_01a_Spawner_C_UAID_046874882494C09302_1c556f47455d4841_1966064474,-3183.0215,3670.1633,595.945,Jacket,25.0,Blueprint,,,Clothes,,
SceneComponent,Loot_ClothesHang_01a_Spawner_C,Loot_ClothesHang_01a_Spawner_C_UAID_046874882494F89A02_86279adec2ec3b27_1895575845,-15408.427,19723.592,363.63132,Jacket,25.0,Blueprint,,,Clothes,,
SceneComponent,Loot_ClothesHang_02a_Spawner_C,Loot_ClothesHang_02a_Spawner_C_UAID_046874882494789602_25c38f96bd642657_2055968791,-26371.707,-8118.6177,2281.4377,Coat,25.0,Blueprint,,,Clothes,,
SceneComponent,Loot_ClothesHang_02a_Spawner_C,Loot_ClothesHang_02a_Spawner_C_UAID_046874882494C09302_1c556f47455d4841_1966072479,-3186.6543,3697.5312,595.6707,Coat,25.0,Blueprint,,,Clothes,,
SceneComponent,Loot_ClothesHang_02a_Spawner_C,Loot_ClothesHang_02a_Spawner_C_UAID_046874882494F89A02_86279adec2ec3b27_1895583850,-15412.598,19696.3,363.409,Coat,25.0,Blueprint,,,Clothes,,
SceneComponent,Loot_ClothesHang_03a_Spawner_C,Loot_ClothesHang_03a_Spawner_C_UAID_046874882494789602_25c38f96bd642657_2055955783,-26444.547,-8147.278,2281.1655,Coat,25.0,Blueprint,,,Clothes,,
SceneComponent,Loot_ClothesHang_03a_Spawner_C,Loot_ClothesHang_03a_Spawner_C_UAID_046874882494789602_613646c311d01d8e_2055955783,-27973.389,-11050.027,2284.3916,Coat,25.0,Blueprint,,,Clothes,,
SceneComponent,Loot_ClothesHang_03a_Spawner_C,Loot_ClothesHang_03a_Spawner_C_UAID_046874882494C09302_1c556f47455d4841_1966056471,-3192.143,3775.6147,595.2503,Coat,25.0,Blueprint,,,Clothes,,
SceneComponent,Loot_ClothesHang_03a_Spawner_C,Loot_ClothesHang_03a_Spawner_C_UAID_046874882494F89A02_86279adec2ec3b27_1895568842,-15429.178,19619.799,363.13693,Coat,25.0,Blueprint,,,Clothes,,
SceneComponent,Loot_ClothesHang_04a_Spawner_C,Loot_ClothesHang_04a_Spawner_C_UAID_046874882494789602_25c38f96bd642657_2055966789,-26398.68,-8128.0986,2279.9019,Jacket,25.0,Blueprint,,,Clothes,,
SceneComponent,Loot_ClothesHang_04a_Spawner_C,Loot_ClothesHang_04a_Spawner_C_UAID_046874882494789602_613646c311d01d8e_2055966789,-28018.826,-11070.204,2283.128,Jacket,25.0,Blueprint,,,Clothes,,
SceneComponent,Loot_ClothesHang_04a_Spawner_C,Loot_ClothesHang_04a_Spawner_C_UAID_046874882494C09302_1c556f47455d4841_1966069477,-3187.607,3726.103,594.0805,Jacket,25.0,Blueprint,,,Clothes,,
SceneComponent,Loot_ClothesHang_04a_Spawner_C,Loot_ClothesHang_04a_Spawner_C_UAID_046874882494F89A02_86279adec2ec3b27_1895581848,-15419.679,19668.6,361.87308,Jacket,25.0,Blueprint,,,Clothes,,
SceneComponent,Loot_ClothesHang_05a_Spawner_C,Loot_ClothesHang_05a_Spawner_C_UAID_08BFB82FEC6ADBE202_358ce63c24dd89f2_1630990815,-29182.037,-5360.5674,2221.0862,Laundry Basket,25.0,Blueprint,,,Clothes,,
SceneComponent,Loot_Corpse_Gavroche_01a_Spawner_C,Loot_Corpse_Gavroche_01a_Spawner_C_7452f14d53d824c3_1,26338.928,-13609.758,2469.7134,Jean Paul Gavroche,,,,,Corpse_Gavroche,,
SceneComponent,Loot_Corpse_Horse_01a_Spawner_C,Loot_Corpse_Horse_01a_C_2,-41741.793,-6474.469,2872.3518,Saddle Bag,,,,,Saddlebag,,
SceneComponent,Loot_Corpse_Horse_01a_Spawner_C,Loot_Corpse_Horse_01a_C_UAID_04D9F5F93AD5F34B02_71619fc7e70fc919_1220790761,-13667.293,19740.473,-293.44897,Saddle Bag,,,,,Saddlebag,,
SceneComponent,Loot_Corpse_Horse_01a_Spawner_C,Loot_Corpse_Horse_01a_Spawner_C_1,-1274.8754,-25735.533,-707.11456,Saddle Bag,,,,,Saddlebag,,
SceneComponent,Loot_Corpse_Horse_01a_Spawner_C,Loot_Corpse_Horse_01a_Spawner_C_UAID_00FF8EFC2BEF435302_1110569039,-3063.7166,20344.26,-284.17703,Saddle Bag,,,,,Saddlebag,,
SceneComponent,Loot_Corpse_Horse_01a_Spawner_C,Loot_Corpse_Horse_01a_Spawner_C_UAID_00FF8EFC2BEFC65002_1418047643,-25984.916,-31109.451,3674.3972,Saddle Bag,,,,,Saddlebag,,
SceneComponent,Loot_Corpse_Horse_01a_Spawner_C,Loot_Corpse_Horse_01a_Spawner_C_UAID_046874882494859A02_367755be1ccb9d60_1585240433,-27018.424,-4970.6704,1746.0604,Saddle Bag,,,,,Saddlebag,,
SceneComponent,Loot_Corpse_Horse_01a_Spawner_C,Loot_Corpse_Horse_01a_Spawner_C_UAID_046874882494D39502_c28b544d044813cd_1678200858,-36903.168,-27358.283,6997.2744,Saddle Bag,,,,,Saddlebag,,
SceneComponent,Loot_Corpse_Horse_01a_Spawner_C,Loot_Corpse_Horse_01a_Spawner_C_UAID_18C04DA8201B5C7102_c71ad3ef090f6a00_2052090693,-56718.207,33953.21,1731.8502,Saddle Bag,,,,,Saddlebag,,
SceneComponent,Loot_Corpse_Horse_01a_Spawner_C,UNP_Loot_Corpse_Horse_01a_00f39cf446d1fb61_0,-787.984,28628.54,323.41696,Saddle Bag,2.0,Custom,,,Saddlebag,,
SceneComponent,Loot_Corpse_Horse_01a_Spawner_C,UNP_Loot_Corpse_Horse_01a_0344a3f61ff4b1f2_0,-49637.18,38662.086,1937.2858,Saddle Bag,2.0,Custom,,,Saddlebag,,
SceneComponent,Loot_Corpse_Horse_01a_Spawner_C,UNP_Loot_Corpse_Horse_01a_06251ac66d773ac2_0,-19288.355,-13746.978,1558.7947,Saddle Bag,2.0,Custom,,,Saddlebag,,
SceneComponent,Loot_Corpse_Horse_01a_Spawner_C,UNP_Loot_Corpse_Horse_01a_0adc7d4419bd3452_0,-33444.91,-9089.635,2143.0442,Saddle Bag,2.0,Custom,,,Saddlebag,,
SceneComponent,Loot_Corpse_Horse_01a_Spawner_C,UNP_Loot_Corpse_Horse_01a_101014e3fef6094e_0,-59185.348,34035.617,1700.3802,Saddle Bag,2.0,Custom,,,Saddlebag,,
SceneComponent,Loot_Corpse_Horse_01a_Spawner_C,UNP_Loot_Corpse_Horse_01a_127f186e54e9b06c_0,-17889.95,-15567.591,1478.0576,Saddle Bag,2.0,Custom,,,Saddlebag,,
SceneComponent,Loot_Corpse_Horse_01a_Spawner_C,UNP_Loot_Corpse_Horse_01a_1bc7c5c279f96663_0,-32971.492,-11509.748,2202.3723,Saddle Bag,2.0,Custom,,,Saddlebag,,
SceneComponent,Loot_Corpse_Horse_01a_Spawner_C,UNP_Loot_Corpse_Horse_01a_1f9f225154a69c1c_0,-1815.0957,10227.526,233.12675,Saddle Bag,2.0,Custom,,,Saddlebag,,
SceneComponent,Loot_Corpse_Horse_01a_Spawner_C,UNP_Loot_Corpse_Horse_01a_222b09080fb1f597_0,3930.64,7335.004,343.99048,Saddle Bag,2.0,Custom,,,Saddlebag,,
SceneComponent,Loot_Corpse_Horse_01a_Spawner_C,UNP_Loot_Corpse_Horse_01a_272fab3334230ef3_0,-2824.3025,31500.908,322.06128,Saddle Bag,2.0,Custom,,,Saddlebag,,
SceneComponent,Loot_Corpse_Horse_01a_Spawner_C,UNP_Loot_Corpse_Horse_01a_2ff7462c17a520f3_0,2479.5083,2409.7195,228.29253,Saddle Bag,2.0,Custom,,,Saddlebag,,
SceneComponent,Loot_Corpse_Horse_01a_Spawner_C,UNP_Loot_Corpse_Horse_01a_34103052c501f18e_0,12985.405,19892.766,860.80365,Saddle Bag,,,,,Saddlebag,,
SceneComponent,Loot_Corpse_Horse_01a_Spawner_C,UNP_Loot_Corpse_Horse_01a_362fa13e767afc80_0,3678.6516,34352.938,879.557,Saddle Bag,2.0,Custom,,,Saddlebag,,
SceneComponent,Loot_Corpse_Horse_01a_Spawner_C,UNP_Loot_Corpse_Horse_01a_3c8b64ed5a724655_0,-10.123295,518.70575,95.87571,Saddle Bag,2.0,Custom,,,Saddlebag,,
SceneComponent,Loot_Corpse_Horse_01a_Spawner_C,UNP_Loot_Corpse_Horse_01a_3e35c220bbd0c405_0,-23392.15,-14199.764,1918.3754,Saddle Bag,2.0,Custom,,,Saddlebag,,
SceneComponent,Loot_Corpse_Horse_01a_Spawner_C,UNP_Loot_Corpse_Horse_01a_49309964ae4bad35_0,5790.792,30586.951,1061.568,Saddle Bag,2.0,Custom,,,Saddlebag,,
SceneComponent,Loot_Corpse_Horse_01a_Spawner_C,UNP_Loot_Corpse_Horse_01a_4d318f0b199a7e61_0,-547.2241,6252.4634,273.80392,Saddle Bag,2.0,Custom,,,Saddlebag,,
SceneComponent,Loot_Corpse_Horse_01a_Spawner_C,UNP_Loot_Corpse_Horse_01a_4e57bc55619124ee_0,-52831.945,30540.371,1565.048,Saddle Bag,2.0,Custom,,,Saddlebag,,
SceneComponent,Loot_Corpse_Horse_01a_Spawner_C,UNP_Loot_Corpse_Horse_01a_544f1616748ef7fe_0,254.86267,27325.395,297.59427,Saddle Bag,2.0,Custom,,,Saddlebag,,
SceneComponent,Loot_Corpse_Horse_01a_Spawner_C,UNP_Loot_Corpse_Horse_01a_70735662f2f293d2_0,-31809.541,-10073.181,2024.5074,Saddle Bag,2.0,Custom,,,Saddlebag,,
SceneComponent,Loot_Corpse_Horse_01a_Spawner_C,UNP_Loot_Corpse_Horse_01a_715a85ded078a9b0_0,667.9605,6689.185,355.08948,Saddle Bag,2.0,Custom,,,Saddlebag,,
SceneComponent,Loot_Corpse_Horse_01a_Spawner_C,UNP_Loot_Corpse_Horse_01a_8b50ea788fbbdd43_0,-67321.77,28930.875,674.9125,Saddle Bag,2.0,Custom,,,Saddlebag,,
SceneComponent,Loot_Corpse_Horse_01a_Spawner_C,UNP_Loot_Corpse_Horse_01a_997ecc894f42aa8b_0,-22497.598,-18221.463,1864.1908,Saddle Bag,2.0,Custom,,,Saddlebag,,
SceneComponent,Loot_Corpse_Horse_01a_Spawner_C,UNP_Loot_Corpse_Horse_01a_a1d4d50550244be1_0,-1010.5454,8020.3555,291.24042,Saddle Bag,2.0,Custom,,,Saddlebag,,
SceneComponent,Loot_Corpse_Horse_01a_Spawner_C,UNP_Loot_Corpse_Horse_01a_a7f3302647675105_0,-24382.105,20546.791,-207.31575,Saddle Bag,2.0,Custom,,,Saddlebag,,
SceneComponent,Loot_Corpse_Horse_01a_Spawner_C,UNP_Loot_Corpse_Horse_01a_ab0540eb32bbe8fc_0,-21015.57,19108.643,-315.78845,Saddle Bag,2.0,Custom,,,Saddlebag,,
SceneComponent,Loot_Corpse_Horse_01a_Spawner_C,UNP_Loot_Corpse_Horse_01a_ac943e314dacce99_0,-21863.244,-6668.7324,1590.5605,Saddle Bag,2.0,Custom,,,Saddlebag,,
SceneComponent,Loot_Corpse_Horse_01a_Spawner_C,UNP_Loot_Corpse_Horse_01a_afd61186ea8f0cd3_0,-6173.8115,-1790.7446,-186.90092,Saddle Bag,2.0,Custom,,,Saddlebag,,
SceneComponent,Loot_Corpse_Horse_01a_Spawner_C,UNP_Loot_Corpse_Horse_01a_b71eae13242e8b12_0,-6452.5635,1613.8033,-198.93307,Saddle Bag,2.0,Custom,,,Saddlebag,,
SceneComponent,Loot_Corpse_Horse_01a_Spawner_C,UNP_Loot_Corpse_Horse_01a_d9c585ff32411246_0,-62559.758,20822.479,-438.90775,Saddle Bag,2.0,Custom,,,Saddlebag,,
SceneComponent,Loot_Corpse_Horse_01a_Spawner_C,UNP_Loot_Corpse_Horse_01a_e2cfe444293dcb5f_0,-58727.312,38051.668,1749.5067,Saddle Bag,2.0,Custom,,,Saddlebag,,
SceneComponent,Loot_Corpse_Horse_01a_Spawner_C,UNP_Loot_Corpse_Horse_01a_e7f65e957eff2b33_0,-48404.38,22950.021,-170.01807,Saddle Bag,2.0,Custom,,,Saddlebag,,
SceneComponent,Loot_Corpse_Horse_01a_Spawner_C,UNP_Loot_Corpse_Horse_01a_f2f2bb37d31a9c3b_0,-18395.42,-15412.502,1550.1306,Saddle Bag,2.0,Custom,,,Saddlebag,,
SceneComponent,Loot_Corpse_Horse_01a_Spawner_C,UNP_Loot_Corpse_Horse_01a_f8a9afec7e9a536a_0,-21765.342,19583.154,-266.9367,Saddle Bag,2.0,Custom,,,Saddlebag,,
SceneComponent,Loot_Corpse_Horse_01a_Spawner_C,UNP_Loot_Corpse_Horse_01a_f9aaf3fee372a9e0_0,-65288.246,26530.84,498.05954,Saddle Bag,2.0,Custom,,,Saddlebag,,
SceneComponent,Loot_Corpse_Horse_01a_Spawner_C,UNP_Loot_Corpse_Horse_01a_fef2c0db61307873_0,-20746.09,-13260.376,1758.223,Saddle Bag,2.0,Custom,,,Saddlebag,,
SceneComponent,Loot_Corpse_Male_01a_Spawner_C,Loot_Corpse_Male_01a_C_11,-44780.273,-4639.5806,1515.5039,Corpse,50.0,Blueprint,,,Corpse_Peasant,,
SceneComponent,Loot_Corpse_Male_01a_Spawner_C,Loot_Corpse_Male_01a_C_14,-47730.742,6185.093,434.58447,Corpse,50.0,Blueprint,,,Corpse_Peasant,,
SceneComponent,Loot_Corpse_Male_01a_Spawner_C,Loot_Corpse_Male_01a_C_16,-38594.633,-890.43463,1746.1938,Corpse,50.0,Blueprint,,,Corpse_Peasant,,
SceneComponent,Loot_Corpse_Male_01a_Spawner_C,Loot_Corpse_Male_01a_C_5879,-11355.197,-19165.355,103.72609,Corpse,50.0,Blueprint,,,Corpse_Peasant,,
SceneComponent,Loot_Corpse_Male_01a_Spawner_C,Loot_Corpse_Male_01a_Spawner_C_126232618081b8ee_1,-25861.676,-10216.62,1783.1187,Corpse,50.0,Blueprint,,,Corpse_Peasant,,
SceneComponent,Loot_Corpse_Male_01a_Spawner_C,Loot_Corpse_Male_01a_Spawner_C_39506a00e27d7dc5_1,-27022.648,20488.973,-225.33542,Corpse,50.0,Blueprint,,,Corpse_Peasant,,
SceneComponent,Loot_Corpse_Male_01a_Spawner_C,Loot_Corpse_Male_01a_Spawner_C_643191a2278730e7_0,21581.084,-2411.6802,571.5318,Corpse,50.0,Blueprint,,,Corpse_Peasant,,
SceneComponent,Loot_Corpse_Male_01a_Spawner_C,Loot_Corpse_Male_01a_Spawner_C_7043b5d3303f2e36_1,23441.34,-18376.58,1163.8738,Corpse,50.0,Blueprint,,,Corpse_Peasant,,
SceneComponent,Loot_Corpse_Male_01a_Spawner_C,Loot_Corpse_Male_01a_Spawner_C_8f56f328dd6e7ca9_1,-37909.773,-37679.78,6246.7646,Corpse,50.0,Blueprint,,,Corpse_Peasant,,
SceneComponent,Loot_Corpse_Male_01a_Spawner_C,Loot_Corpse_Male_01a_Spawner_C_973f86244232de9b_1,-24256.832,397.4597,994.87665,Corpse,50.0,Blueprint,,,Corpse_Peasant,,
SceneComponent,Loot_Corpse_Male_01a_Spawner_C,Loot_Corpse_Male_01a_Spawner_C_UAID_00FF8EFC2BEF1B5402_1897425332,-39210.555,-15932.663,5180.4404,Corpse,50.0,Blueprint,,,Corpse_Peasant,,
SceneComponent,Loot_Corpse_Male_01a_Spawner_C,Loot_Corpse_Male_01a_Spawner_C_UAID_00FF8EFC2BEF794F02_1219756547,-35632.414,-29102.85,6268.238,Corpse,50.0,Blueprint,,,Corpse_Peasant,,
SceneComponent,Loot_Corpse_Male_01a_Spawner_C,Loot_Corpse_Male_01a_Spawner_C_UAID_00FF8EFC2BEFA34D02_17469a68f34aefb7_1729092320,-3240.304,7661.095,-14.375096,Corpse,50.0,Blueprint,,,Corpse_Peasant,,
SceneComponent,Loot_Corpse_Male_01a_Spawner_C,Loot_Corpse_Male_01a_Spawner_C_UAID_00FF8EFC2BEFA34D02_1b88fa110ca2e261_1729092320,-3240.7585,21458.035,-310.43512,Corpse,50.0,Blueprint,,,Corpse_Peasant,,
SceneComponent,Loot_Corpse_Male_01a_Spawner_C,Loot_Corpse_Male_01a_Spawner_C_UAID_00FF8EFC2BEFA34D02_23e14a7c7d76e07d_1729092320,-34331.996,-6309.127,2341.1763,Corpse,50.0,Blueprint,,,Corpse_Peasant,,
SceneComponent,Loot_Corpse_Male_01a_Spawner_C,Loot_Corpse_Male_01a_Spawner_C_UAID_00FF8EFC2BEFA34D02_284395f106404af8_1729092320,-746.70984,22867.773,-221.96582,Corpse,50.0,Blueprint,,,Corpse_Peasant,,
SceneComponent,Loot_Corpse_Male_01a_Spawner_C,Loot_Corpse_Male_01a_Spawner_C_UAID_00FF8EFC2BEFA34D02_2f6e8f3df7a2a706_1729092320,15897.751,16037.507,1325.3722,Corpse,50.0,Blueprint,,,Corpse_Peasant,,
SceneComponent,Loot_Corpse_Male_01a_Spawner_C,Loot_Corpse_Male_01a_Spawner_C_UAID_00FF8EFC2BEFA34D02_3baf45d961c37cb8_1729092320,-16340.491,-5057.3423,937.32874,Corpse,50.0,Blueprint,,,Corpse_Peasant,,
SceneComponent,Loot_Corpse_Male_01a_Spawner_C,Loot_Corpse_Male_01a_Spawner_C_UAID_00FF8EFC2BEFA34D02_517adca6d08f43e1_1729092320,-24719.244,9710.672,411.7481,Corpse,50.0,Blueprint,,,Corpse_Peasant,,
SceneComponent,Loot_Corpse_Male_01a_Spawner_C,Loot_Corpse_Male_01a_Spawner_C_UAID_00FF8EFC2BEFA34D02_5ca5b889f7b0f017_1729092320,-23010.955,-13045.317,1887.448,Corpse,50.0,Blueprint,,,Corpse_Peasant,,
SceneComponent,Loot_Corpse_Male_01a_Spawner_C,Loot_Corpse_Male_01a_Spawner_C_UAID_00FF8EFC2BEFA34D02_8b500a7d88388208_1729092320,-55309.223,26030.51,720.2999,Corpse,50.0,Blueprint,,,Corpse_Peasant,,
SceneComponent,Loot_Corpse_Male_01a_Spawner_C,Loot_Corpse_Male_01a_Spawner_C_UAID_00FF8EFC2BEFA34D02_8f4d4a364a356c83_1729092320,-21593.56,53.016804,1030.2535,Corpse,50.0,Blueprint,,,Corpse_Peasant,,
SceneComponent,Loot_Corpse_Male_01a_Spawner_C,Loot_Corpse_Male_01a_Spawner_C_UAID_00FF8EFC2BEFA34D02_92bfd8185074946f_1729092320,-195.33717,16996.094,-220.541,Corpse,50.0,Blueprint,,,Corpse_Peasant,,
SceneComponent,Loot_Corpse_Male_01a_Spawner_C,Loot_Corpse_Male_01a_Spawner_C_UAID_00FF8EFC2BEFA34D02_969ed982a42c4acc_1729092320,4862.491,16475.312,-221.96582,Corpse,50.0,Blueprint,,,Corpse_Peasant,,
SceneComponent,Loot_Corpse_Male_01a_Spawner_C,Loot_Corpse_Male_01a_Spawner_C_UAID_00FF8EFC2BEFA34D02_a8a1deb74ae2a77e_1729092320,-20594.615,-10386.474,1379.1376,Corpse,50.0,Blueprint,,,Corpse_Peasant,,
SceneComponent,Loot_Corpse_Male_01a_Spawner_C,Loot_Corpse_Male_01a_Spawner_C_UAID_00FF8EFC2BEFA34D02_a91571ef8d186e05_1729092320,-58145.227,32315.484,1765.8997,Corpse,50.0,Blueprint,,,Corpse_Peasant,,
SceneComponent,Loot_Corpse_Male_01a_Spawner_C,Loot_Corpse_Male_01a_Spawner_C_UAID_00FF8EFC2BEFA34D02_acf85f577dfd0be5_1729092320,-4174.2646,28986.254,-137.64337,Corpse,50.0,Blueprint,,,Corpse_Peasant,,
SceneComponent,Loot_Corpse_Male_01a_Spawner_C,Loot_Corpse_Male_01a_Spawner_C_UAID_00FF8EFC2BEFA34D02_d796e5fce3508fa8_1729092320,-23197.246,4814.867,803.82056,Corpse,50.0,Blueprint,,,Corpse_Peasant,,
SceneComponent,Loot_Corpse_Male_01a_Spawner_C,Loot_Corpse_Male_01a_Spawner_C_UAID_00FF8EFC2BEFA34D02_f0ab1a6fbaffb5ac_1729092320,-20398.287,-3508.6458,1138.3708,Corpse,50.0,Blueprint,,,Corpse_Peasant,,
SceneComponent,Loot_Corpse_Male_01a_Spawner_C,Loot_Corpse_Male_01a_Spawner_C_UAID_00FF8EFC2BEFA34D02_f854c5539f5697a0_1729092320,-1527.8535,-1480.513,168.30992,Corpse,50.0,Blueprint,,,Corpse_Peasant,,
SceneComponent,Loot_Corpse_Male_01a_Spawner_C,Loot_Corpse_Male_01a_Spawner_C_UAID_00FF8EFC2BEFA64B02_04c5bef10d2b9aae_1496336840,-13276.285,-33275.84,954.92053,Corpse,50.0,Blueprint,,,Corpse_Peasant,,
SceneComponent,Loot_Corpse_Male_01a_Spawner_C,Loot_Corpse_Male_01a_Spawner_C_UAID_00FF8EFC2BEFA64B02_07f228f6d99700c3_1496336840,-8272.174,-41733.793,961.6488,Corpse,50.0,Blueprint,,,Corpse_Peasant,,
SceneComponent,Loot_Corpse_Male_01a_Spawner_C,Loot_Corpse_Male_01a_Spawner_C_UAID_00FF8EFC2BEFA64B02_09cd338ef2e135e0_1496336840,-3295.369,-11502.706,190.05501,Corpse,50.0,Blueprint,,,Corpse_Peasant,,
SceneComponent,Loot_Corpse_Male_01a_Spawner_C,Loot_Corpse_Male_01a_Spawner_C_UAID_00FF8EFC2BEFA64B02_0b9c7bfeca261caa_1496336840,-35875.75,-12434.415,2459.349,Corpse,50.0,Blueprint,,,Corpse_Peasant,,
SceneComponent,Loot_Corpse_Male_01a_Spawner_C,Loot_Corpse_Male_01a_Spawner_C_UAID_00FF8EFC2BEFA64B02_0f237e2c848d8872_1496336840,5191.094,-9541.821,1401.0703,Corpse,50.0,Blueprint,,,Corpse_Peasant,,
SceneComponent,Loot_Corpse_Male_01a_Spawner_C,Loot_Corpse_Male_01a_Spawner_C_UAID_00FF8EFC2BEFA64B02_190a55827d42acef_1496336840,-54858.543,18032.527,-521.0223,Corpse,50.0,Blueprint,,,Corpse_Peasant,,
SceneComponent,Loot_Corpse_Male_01a_Spawner_C,Loot_Corpse_Male_01a_Spawner_C_UAID_00FF8EFC2BEFA64B02_1bce5361e8c897f1_1496336840,-52244.695,-25337.986,6122.4795,Corpse,50.0,Blueprint,,,Corpse_Peasant,,
SceneComponent,Loot_Corpse_Male_01a_Spawner_C,Loot_Corpse_Male_01a_Spawner_C_UAID_00FF8EFC2BEFA64B02_1bfe2c180cc7c448_1496336840,-30743.836,14270.824,-226.60484,Corpse,50.0,Blueprint,,,Corpse_Peasant,,
SceneComponent,Loot_Corpse_Male_01a_Spawner_C,Loot_Corpse_Male_01a_Spawner_C_UAID_00FF8EFC2BEFA64B02_2055af74419e35ab_1496336840,12344.295,30492.492,1278.577,Corpse,50.0,Blueprint,,,Corpse_Peasant,,
SceneComponent,Loot_Corpse_Male_01a_Spawner_C,Loot_Corpse_Male_01a_Spawner_C_UAID_00FF8EFC2BEFA64B02_25e760f034058fdd_1496336840,-46293.06,34508.02,1581.0914,Corpse,50.0,Blueprint,,,Corpse_Peasant,,
SceneComponent,Loot_Corpse_Male_01a_Spawner_C,Loot_Corpse_Male_01a_Spawner_C_UAID_00FF8EFC2BEFA64B02_26afc9441fb86f82_1496336840,5402.4937,17327.809,-93.431595,Corpse,50.0,Blueprint,,,Corpse_Peasant,,
SceneComponent,Loot_Corpse_Male_01a_Spawner_C,Loot_Corpse_Male_01a_Spawner_C_UAID_00FF8EFC2BEFA64B02_3844b89651d924bc_1496336840,-24942.783,-26201.746,3173.4219,Corpse,50.0,Blueprint,,,Corpse_Peasant,,
SceneComponent,Loot_Corpse_Male_01a_Spawner_C,Loot_Corpse_Male_01a_Spawner_C_UAID_00FF8EFC2BEFA64B02_3a553b9767d29bfd_1496336840,-53612.9,11827.966,255.5272,Corpse,50.0,Blueprint,,,Corpse_Peasant,,
SceneComponent,Loot_Corpse_Male_01a_Spawner_C,Loot_Corpse_Male_01a_Spawner_C_UAID_00FF8EFC2BEFA64B02_3c941a1dad0e6b49_1496336840,-27594.895,-16994.012,2664.1917,Corpse,50.0,Blueprint,,,Corpse_Peasant,,
SceneComponent,Loot_Corpse_Male_01a_Spawner_C,Loot_Corpse_Male_01a_Spawner_C_UAID_00FF8EFC2BEFA64B02_43faa14c931dbb64_1496336840,-5176.4097,10942.702,-212.73497,Corpse,50.0,Blueprint,,,Corpse_Peasant,,
SceneComponent,Loot_Corpse_Male_01a_Spawner_C,Loot_Corpse_Male_01a_Spawner_C_UAID_00FF8EFC2BEFA64B02_4de25dbecd7ecaec_1496336840,-27202.404,4983.4614,918.6272,Corpse,50.0,Blueprint,,,Corpse_Peasant,,
SceneComponent,Loot_Corpse_Male_01a_Spawner_C,Loot_Corpse_Male_01a_Spawner_C_UAID_00FF8EFC2BEFA64B02_5045b4396cc024c1_1496336840,24837.426,-23366.219,1957.177,Corpse,50.0,Blueprint,,,Corpse_Peasant,,
SceneComponent,Loot_Corpse_Male_01a_Spawner_C,Loot_Corpse_Male_01a_Spawner_C_UAID_00FF8EFC2BEFA64B02_5df24bdea74986d2_1496336840,-29733.146,-33751.617,4710.049,Corpse,50.0,Blueprint,,,Corpse_Peasant,,
SceneComponent,Loot_Corpse_Male_01a_Spawner_C,Loot_Corpse_Male_01a_Spawner_C_UAID_00FF8EFC2BEFA64B02_5fe8da1391028465_1496336840,1115.5934,-9902.903,1339.2166,Corpse,50.0,Blueprint,,,Corpse_Peasant,,
SceneComponent,Loot_Corpse_Male_01a_Spawner_C,Loot_Corpse_Male_01a_Spawner_C_UAID_00FF8EFC2BEFA64B02_64ce43ff48788a36_1496336840,-28999.672,-15987.632,2123.8613,Corpse,50.0,Blueprint,,,Corpse_Peasant,,
SceneComponent,Loot_Corpse_Male_01a_Spawner_C,Loot_Corpse_Male_01a_Spawner_C_UAID_00FF8EFC2BEFA64B02_6de58706ddbbc698_1496336840,-37758.656,6135.3555,209.49403,Corpse,50.0,Blueprint,,,Corpse_Peasant,,
SceneComponent,Loot_Corpse_Male_01a_Spawner_C,Loot_Corpse_Male_01a_Spawner_C_UAID_00FF8EFC2BEFA64B02_708dcd5ce586c626_1496336840,-37101.492,-1496.9885,1847.0747,Corpse,50.0,Blueprint,,,Corpse_Peasant,,
SceneComponent,Loot_Corpse_Male_01a_Spawner_C,Loot_Corpse_Male_01a_Spawner_C_UAID_00FF8EFC2BEFA64B02_727d2a80e70fe3b5_1496336840,8846.417,-24348.246,238.5565,Corpse,50.0,Blueprint,,,Corpse_Peasant,,
SceneComponent,Loot_Corpse_Male_01a_Spawner_C,Loot_Corpse_Male_01a_Spawner_C_UAID_00FF8EFC2BEFA64B02_7a9b65d0b9d450af_1496336840,-15014.142,-39091.027,1203.818,Corpse,50.0,Blueprint,,,Corpse_Peasant,,
SceneComponent,Loot_Corpse_Male_01a_Spawner_C,Loot_Corpse_Male_01a_Spawner_C_UAID_00FF8EFC2BEFA64B02_7ba6f1c74d6fe07a_1496336840,-33844.254,10862.888,-10.276471,Corpse,50.0,Blueprint,,,Corpse_Peasant,,
SceneComponent,Loot_Corpse_Male_01a_Spawner_C,Loot_Corpse_Male_01a_Spawner_C_UAID_00FF8EFC2BEFA64B02_802a020c793811a5_1496336840,12528.032,7794.8555,720.6267,Corpse,50.0,Blueprint,,,Corpse_Peasant,,
SceneComponent,Loot_Corpse_Male_01a_Spawner_C,Loot_Corpse_Male_01a_Spawner_C_UAID_00FF8EFC2BEFA64B02_87a66a01a7769632_1496336840,-37403.277,38901.516,2056.5618,Corpse,50.0,Blueprint,,,Corpse_Peasant,,
SceneComponent,Loot_Corpse_Male_01a_Spawner_C,Loot_Corpse_Male_01a_Spawner_C_UAID_00FF8EFC2BEFA64B02_a21dad824afac89e_1496336840,-36035.43,-46049.227,5290.9653,Corpse,50.0,Blueprint,,,Corpse_Peasant,,
SceneComponent,Loot_Corpse_Male_01a_Spawner_C,Loot_Corpse_Male_01a_Spawner_C_UAID_00FF8EFC2BEFA64B02_a3a890006c3c459b_1496336840,-20597.684,-21152.607,2127.8914,Corpse,50.0,Blueprint,,,Corpse_Peasant,,
SceneComponent,Loot_Corpse_Male_01a_Spawner_C,Loot_Corpse_Male_01a_Spawner_C_UAID_00FF8EFC2BEFA64B02_a3e765f5f3f334ad_1496336840,-21424.531,-41571.75,2248.539,Corpse,50.0,Blueprint,,,Corpse_Peasant,,
SceneComponent,Loot_Corpse_Male_01a_Spawner_C,Loot_Corpse_Male_01a_Spawner_C_UAID_00FF8EFC2BEFA64B02_aba78ba8727f779d_1496336840,-27497.965,12635.293,32.135197,Corpse,50.0,Blueprint,,,Corpse_Peasant,,
SceneComponent,Loot_Corpse_Male_01a_Spawner_C,Loot_Corpse_Male_01a_Spawner_C_UAID_00FF8EFC2BEFA64B02_ba52af6cfc78550c_1496336840,-28940.86,-1628.9507,1803.7733,Corpse,50.0,Blueprint,,,Corpse_Peasant,,
SceneComponent,Loot_Corpse_Male_01a_Spawner_C,Loot_Corpse_Male_01a_Spawner_C_UAID_00FF8EFC2BEFA64B02_bafae3d3860a48e5_1496336840,-6663.9907,-3300.623,-229.52003,Corpse,50.0,Blueprint,,,Corpse_Peasant,,
SceneComponent,Loot_Corpse_Male_01a_Spawner_C,Loot_Corpse_Male_01a_Spawner_C_UAID_00FF8EFC2BEFA64B02_c0d8e2e1a429c65b_1496336840,-16198.88,-41592.62,1808.1144,Corpse,50.0,Blueprint,,,Corpse_Peasant,,
SceneComponent,Loot_Corpse_Male_01a_Spawner_C,Loot_Corpse_Male_01a_Spawner_C_UAID_00FF8EFC2BEFA64B02_cf13488550d3d900_1496336840,8784.308,-18679.393,185.44374,Corpse,50.0,Blueprint,,,Corpse_Peasant,,
SceneComponent,Loot_Corpse_Male_01a_Spawner_C,Loot_Corpse_Male_01a_Spawner_C_UAID_00FF8EFC2BEFA64B02_d4360d936f2740d4_1496336840,-9696.848,-42901.137,962.9715,Corpse,50.0,Blueprint,,,Corpse_Peasant,,
SceneComponent,Loot_Corpse_Male_01a_Spawner_C,Loot_Corpse_Male_01a_Spawner_C_UAID_00FF8EFC2BEFA64B02_d6a1ba8787d025f7_1496336840,-26076.012,30860.639,682.9738,Corpse,50.0,Blueprint,,,Corpse_Peasant,,
SceneComponent,Loot_Corpse_Male_01a_Spawner_C,Loot_Corpse_Male_01a_Spawner_C_UAID_00FF8EFC2BEFA64B02_d831437b98e97939_1496336840,-16249.806,32085.701,-250.2541,Corpse,50.0,Blueprint,,,Corpse_Peasant,,
SceneComponent,Loot_Corpse_Male_01a_Spawner_C,Loot_Corpse_Male_01a_Spawner_C_UAID_00FF8EFC2BEFA64B02_dc6b472fb400ecd0_1496336840,-42217.895,-28775.025,6997.104,Corpse,50.0,Blueprint,,,Corpse_Peasant,,
SceneComponent,Loot_Corpse_Male_01a_Spawner_C,Loot_Corpse_Male_01a_Spawner_C_UAID_00FF8EFC2BEFA64B02_e11afc17dc790be9_1496336840,-45953.453,20137.695,-584.2097,Corpse,50.0,Blueprint,,,Corpse_Peasant,,
SceneComponent,Loot_Corpse_Male_01a_Spawner_C,Loot_Corpse_Male_01a_Spawner_C_UAID_00FF8EFC2BEFA64B02_ebe42496bc075c32_1496336840,4219.3955,905.39636,304.57913,Corpse,50.0,Blueprint,,,Corpse_Peasant,,
SceneComponent,Loot_Corpse_Male_01a_Spawner_C,Loot_Corpse_Male_01a_Spawner_C_UAID_00FF8EFC2BEFA64B02_eda0d1fd6b408882_1496336840,-52081.113,-11377.395,3357.7058,Corpse,50.0,Blueprint,,,Corpse_Peasant,,
SceneComponent,Loot_Corpse_Male_01a_Spawner_C,Loot_Corpse_Male_01a_Spawner_C_UAID_00FF8EFC2BEFA64B02_f29ad485c8d2b8cc_1496336840,9435.932,34252.824,1178.1664,Corpse,50.0,Blueprint,,,Corpse_Peasant,,
SceneComponent,Loot_Corpse_Male_01a_Spawner_C,Loot_Corpse_Male_01a_Spawner_C_UAID_00FF8EFC2BEFA64B02_f48e6da808009e6d_1496336840,-66828.43,15243.995,-9.51079,Corpse,50.0,Blueprint,,,Corpse_Peasant,,
SceneComponent,Loot_Corpse_Male_01a_Spawner_C,Loot_Corpse_Male_01a_Spawner_C_UAID_00FF8EFC2BEFA64B02_f4efba891e644623_1496336840,-31315.12,-22310.443,3951.133,Corpse,50.0,Blueprint,,,Corpse_Peasant,,
SceneComponent,Loot_Corpse_Male_01a_Spawner_C,Loot_Corpse_Male_01a_Spawner_C_UAID_00FF8EFC2BEFB35002_220d6590a6a816ed_1777571143,-8547.969,41633.65,-249.70485,Corpse,50.0,Blueprint,,,Corpse_Peasant,,
SceneComponent,Loot_Corpse_Male_01a_Spawner_C,Loot_Corpse_Male_01a_Spawner_C_UAID_00FF8EFC2BEFB35002_5e9b9ab23db837ea_1777571143,-57077.3,-4806.0093,2102.966,Corpse,50.0,Blueprint,,,Corpse_Peasant,,
SceneComponent,Loot_Corpse_Male_01a_Spawner_C,Loot_Corpse_Male_01a_Spawner_C_UAID_00FF8EFC2BEFB35002_5fa32c0521bd9f8f_1777571143,-19692.164,21468.117,-283.47192,Corpse,50.0,Blueprint,,,Corpse_Peasant,,
SceneComponent,Loot_Corpse_Male_01a_Spawner_C,Loot_Corpse_Male_01a_Spawner_C_UAID_00FF8EFC2BEFB35002_64e460a203701b9a_1777571143,-9976.379,-41075.527,947.4879,Corpse,50.0,Blueprint,,,Corpse_Peasant,,
SceneComponent,Loot_Corpse_Male_01a_Spawner_C,Loot_Corpse_Male_01a_Spawner_C_UAID_00FF8EFC2BEFB35002_83b54b21db112f27_1777571143,-39185.56,30700.057,1000.606,Corpse,50.0,Blueprint,,,Corpse_Peasant,,
SceneComponent,Loot_Corpse_Male_01a_Spawner_C,Loot_Corpse_Male_01a_Spawner_C_UAID_00FF8EFC2BEFB35002_932388a6b226e76d_1777571143,-6658.896,32506.611,-111.31037,Corpse,50.0,Blueprint,,,Corpse_Peasant,,
SceneComponent,Loot_Corpse_Male_01a_Spawner_C,Loot_Corpse_Male_01a_Spawner_C_UAID_00FF8EFC2BEFB35002_aa41f5039f822677_1777571143,-50448.508,-5195.6885,2924.5154,Corpse,50.0,Blueprint,,,Corpse_Peasant,,
SceneComponent,Loot_Corpse_Male_01a_Spawner_C,Loot_Corpse_Male_01a_Spawner_C_UAID_00FF8EFC2BEFB35002_c55c87ca010f6c8c_1777571143,-54056.527,-3116.4219,2346.728,Corpse,50.0,Blueprint,,,Corpse_Peasant,,
SceneComponent,Loot_Corpse_Male_01a_Spawner_C,Loot_Corpse_Male_01a_Spawner_C_UAID_00FF8EFC2BEFB35002_f20a5221ac1113d0_1777571143,18813.643,30568.713,1092.4556,Corpse,50.0,Blueprint,,,Corpse_Peasant,,
SceneComponent,Loot_Corpse_Male_01a_Spawner_C,Loot_Corpse_Male_01a_Spawner_C_UAID_00FF8EFC2BEFD65502_29c2b06bf31f4049_1403289732,-59438.504,-18712.71,4983.4976,Corpse,50.0,Blueprint,,,Corpse_Peasant,,
SceneComponent,Loot_Corpse_Male_01a_Spawner_C,Loot_Corpse_Male_01a_Spawner_C_UAID_00FF8EFC2BEFD65502_549ddff7aeb43b0c_1403289732,-8326.265,-19280.656,-877.01215,Corpse,50.0,Blueprint,,,Corpse_Peasant,,
SceneComponent,Loot_Corpse_Male_01a_Spawner_C,Loot_Corpse_Male_01a_Spawner_C_UAID_00FF8EFC2BEFD65502_5c69b16e055916f3_1403289732,23334.615,-943.8714,1261.6412,Corpse,50.0,Blueprint,,,Corpse_Peasant,,
SceneComponent,Loot_Corpse_Male_01a_Spawner_C,Loot_Corpse_Male_01a_Spawner_C_UAID_00FF8EFC2BEFD65502_d990cc2f1f227046_1403289732,23615.613,6021.0474,1265.6815,Corpse,50.0,Blueprint,,,Corpse_Peasant,,
SceneComponent,Loot_Corpse_Male_01a_Spawner_C,Loot_Corpse_Male_01a_Spawner_C_UAID_00FF8EFC2BEFE84702_1107bf4772d22eb0_1396132802,-42674.625,2517.1748,441.67914,Corpse,50.0,Blueprint,,,Corpse_Peasant,,
SceneComponent,Loot_Corpse_Male_01a_Spawner_C,Loot_Corpse_Male_01a_Spawner_C_UAID_00FF8EFC2BEFE84702_15a2bbef1579b5e7_1396132802,-61051.918,-24296.746,5230.446,Corpse,50.0,Blueprint,,,Corpse_Peasant,,
SceneComponent,Loot_Corpse_Male_01a_Spawner_C,Loot_Corpse_Male_01a_Spawner_C_UAID_00FF8EFC2BEFE84702_19ec491962c38a1e_1396132802,-44673.363,-25160.805,5809.9536,Corpse,50.0,Blueprint,,,Corpse_Peasant,,
SceneComponent,Loot_Corpse_Male_01a_Spawner_C,Loot_Corpse_Male_01a_Spawner_C_UAID_00FF8EFC2BEFE84702_1e3a06fdb409d9cf_1396132802,-36306.26,24150.754,-439.65695,Corpse,50.0,Blueprint,,,Corpse_Peasant,,
SceneComponent,Loot_Corpse_Male_01a_Spawner_C,Loot_Corpse_Male_01a_Spawner_C_UAID_00FF8EFC2BEFE84702_2b5816765cf1c841_1396132802,-50842.97,-23847.45,5378.181,Corpse,50.0,Blueprint,,,Corpse_Peasant,,
SceneComponent,Loot_Corpse_Male_01a_Spawner_C,Loot_Corpse_Male_01a_Spawner_C_UAID_00FF8EFC2BEFE84702_35caeed538243efa_1396132802,-45491.992,4658.937,79.47533,Corpse,50.0,Blueprint,,,Corpse_Peasant,,
SceneComponent,Loot_Corpse_Male_01a_Spawner_C,Loot_Corpse_Male_01a_Spawner_C_UAID_00FF8EFC2BEFE84702_3a3ddeedb3780f38_1396132802,-63396.758,8753.312,-94.95959,Corpse,50.0,Blueprint,,,Corpse_Peasant,,
SceneComponent,Loot_Corpse_Male_01a_Spawner_C,Loot_Corpse_Male_01a_Spawner_C_UAID_00FF8EFC2BEFE84702_3d24ecd41aa0bdd8_1396132802,1347.1019,-24655.578,-651.03186,Corpse,50.0,Blueprint,,,Corpse_Peasant,,
SceneComponent,Loot_Corpse_Male_01a_Spawner_C,Loot_Corpse_Male_01a_Spawner_C_UAID_00FF8EFC2BEFE84702_3ded1666f152ac44_1396132802,-49792.926,-24612.035,5692.4297,Corpse,50.0,Blueprint,,,Corpse_Peasant,,
SceneComponent,Loot_Corpse_Male_01a_Spawner_C,Loot_Corpse_Male_01a_Spawner_C_UAID_00FF8EFC2BEFE84702_62c0ed28ddec7d93_1396132802,-62878.734,15125.197,-690.6226,Corpse,50.0,Blueprint,,,Corpse_Peasant,,
SceneComponent,Loot_Corpse_Male_01a_Spawner_C,Loot_Corpse_Male_01a_Spawner_C_UAID_00FF8EFC2BEFE84702_637822605ba08131_1396132802,-42447.684,4680.1216,-244.7893,Corpse,50.0,Blueprint,,,Corpse_Peasant,,
SceneComponent,Loot_Corpse_Male_01a_Spawner_C,Loot_Corpse_Male_01a_Spawner_C_UAID_00FF8EFC2BEFE84702_6ccdd727790b2d76_1396132802,-43815.09,-16397.354,3791.568,Corpse,50.0,Blueprint,,,Corpse_Peasant,,
SceneComponent,Loot_Corpse_Male_01a_Spawner_C,Loot_Corpse_Male_01a_Spawner_C_UAID_00FF8EFC2BEFE84702_72d44d40ffc512d6_1396132802,-43945.99,-2360.6975,1187.5486,Corpse,50.0,Blueprint,,,Corpse_Peasant,,
SceneComponent,Loot_Corpse_Male_01a_Spawner_C,Loot_Corpse_Male_01a_Spawner_C_UAID_00FF8EFC2BEFE84702_79d8379d0ba237c6_1396132802,-63202.027,1877.3245,810.19604,Corpse,50.0,Blueprint,,,Corpse_Peasant,,
SceneComponent,Loot_Corpse_Male_01a_Spawner_C,Loot_Corpse_Male_01a_Spawner_C_UAID_00FF8EFC2BEFE84702_8acd782059b600ea_1396132802,-22916.86,-37411.32,1725.3744,Corpse,50.0,Blueprint,,,Corpse_Peasant,,
SceneComponent,Loot_Corpse_Male_01a_Spawner_C,Loot_Corpse_Male_01a_Spawner_C_UAID_00FF8EFC2BEFE84702_9d29bf70567f4702_1396132802,-68438.11,-11773.126,1979.3612,Corpse,50.0,Blueprint,,,Corpse_Peasant,,
SceneComponent,Loot_Corpse_Male_01a_Spawner_C,Loot_Corpse_Male_01a_Spawner_C_UAID_00FF8EFC2BEFE84702_a2f1b8b57312ea81_1396132802,-44649.11,-9970.199,2690.887,Corpse,50.0,Blueprint,,,Corpse_Peasant,,
SceneComponent,Loot_Corpse_Male_01a_Spawner_C,Loot_Corpse_Male_01a_Spawner_C_UAID_00FF8EFC2BEFE84702_ae9f1fc7642b785e_1396132802,-65002.402,-5306.832,1487.9623,Corpse,50.0,Blueprint,,,Corpse_Peasant,,
SceneComponent,Loot_Corpse_Male_01a_Spawner_C,Loot_Corpse_Male_01a_Spawner_C_UAID_00FF8EFC2BEFE84702_bd2a0edef294f435_1396132802,-43094.914,-29627.209,6422.2725,Corpse,50.0,Blueprint,,,Corpse_Peasant,,
SceneComponent,Loot_Corpse_Male_01a_Spawner_C,Loot_Corpse_Male_01a_Spawner_C_UAID_00FF8EFC2BEFE84702_bebb22bf7291f4c8_1396132802,-1870.3817,-23937.89,-700.7074,Corpse,50.0,Blueprint,,,Corpse_Peasant,,
SceneComponent,Loot_Corpse_Male_01a_Spawner_C,Loot_Corpse_Male_01a_Spawner_C_UAID_00FF8EFC2BEFE84702_c4cad194cf29383e_1396132802,-18350.076,-36359.78,1107.5011,Corpse,50.0,Blueprint,,,Corpse_Peasant,,
SceneComponent,Loot_Corpse_Male_01a_Spawner_C,Loot_Corpse_Male_01a_Spawner_C_UAID_00FF8EFC2BEFE84702_d28c05367620bcbe_1396132802,18668.053,-15597.645,326.1753,Corpse,50.0,Blueprint,,,Corpse_Peasant,,
SceneComponent,Loot_Corpse_Male_01a_Spawner_C,Loot_Corpse_Male_01a_Spawner_C_UAID_00FF8EFC2BEFE84702_dcfde35a00fe1177_1396132802,-48256.836,41248.996,1907.141,Corpse,50.0,Blueprint,,,Corpse_Peasant,,
SceneComponent,Loot_Corpse_Male_01a_Spawner_C,Loot_Corpse_Male_01a_Spawner_C_UAID_00FF8EFC2BEFE84702_e4cd598879e6eedb_1396132802,-49218.133,29725.04,964.03937,Corpse,50.0,Blueprint,,,Corpse_Peasant,,
SceneComponent,Loot_Corpse_Male_01a_Spawner_C,Loot_Corpse_Male_01a_Spawner_C_UAID_00FF8EFC2BEFE84702_e74578e3a8c84391_1396132802,-68852.38,-5141.5835,1641.1907,Corpse,50.0,Blueprint,,,Corpse_Peasant,,
SceneComponent,Loot_Corpse_Male_01a_Spawner_C,Loot_Corpse_Male_01a_Spawner_C_UAID_00FF8EFC2BEFE84702_f3a56fd6b5e4ddf2_1396132802,-24484.754,15216.293,-643.8664,Corpse,50.0,Blueprint,,,Corpse_Peasant,,
SceneComponent,Loot_Corpse_Male_01a_Spawner_C,Loot_Corpse_Male_01a_Spawner_C_UAID_00FF8EFC2BEFE84702_f77fbe2d0692f493_1396132802,-64182.32,-7164.2964,1599.4951,Corpse,50.0,Blueprint,,,Corpse_Peasant,,
SceneComponent,Loot_Corpse_Male_01a_Spawner_C,Loot_Corpse_Male_01a_Spawner_C_UAID_00FF8EFC2BEFE84702_f7d5cd62e5c34fb2_1396132802,-61119.926,-8346.172,1791.1427,Corpse,50.0,Blueprint,,,Corpse_Peasant,,
SceneComponent,Loot_Corpse_Male_01a_Spawner_C,Loot_Corpse_Male_01a_Spawner_C_UAID_046874882494089902_4fd79de106d61a35_1095104730,-16063.6045,-9589.203,1098.5338,Corpse,50.0,Blueprint,,,Corpse_Peasant,,
SceneComponent,Loot_Corpse_Male_01a_Spawner_C,Loot_Corpse_Male_01a_Spawner_C_UAID_046874882494089902_4fd79de106d61a35_1095115735,-15558.438,-9445.206,1129.6451,Corpse,50.0,Blueprint,,,Corpse_Peasant,,
SceneComponent,Loot_Corpse_Male_01a_Spawner_C,Loot_Corpse_Male_01a_Spawner_C_UAID_046874882494089902_4fd79de106d61a35_1096737232,-13893.816,-11847.5,1101.1664,Corpse,50.0,Blueprint,,,Corpse_Peasant,,
SceneComponent,Loot_Corpse_Male_01a_Spawner_C,Loot_Corpse_Male_01a_Spawner_C_UAID_046874882494089902_4fd79de106d61a35_1096748237,-13572.835,-11431.688,1132.2777,Corpse,50.0,Blueprint,,,Corpse_Peasant,,
SceneComponent,Loot_Corpse_Male_01a_Spawner_C,Loot_Corpse_Male_01a_Spawner_C_UAID_046874882494089902_4fd79de106d61a35_1097801594,-16503.139,-10156.434,1094.6335,Corpse,50.0,Blueprint,,,Corpse_Peasant,,
SceneComponent,Loot_Corpse_Male_01a_Spawner_C,Loot_Corpse_Male_01a_Spawner_C_UAID_046874882494089902_4fd79de106d61a35_1099732980,-13932.641,-10645.088,1098.8715,Corpse,50.0,Blueprint,,,Corpse_Peasant,,
SceneComponent,Loot_Corpse_Male_01a_Spawner_C,Loot_Corpse_Male_01a_Spawner_C_UAID_046874882494089902_4fd79de106d61a35_1101572214,-14799.316,-13316.079,1102.9723,Corpse,50.0,Blueprint,,,Corpse_Peasant,,
SceneComponent,Loot_Corpse_Male_01a_Spawner_C,Loot_Corpse_Male_01a_Spawner_C_UAID_046874882494089902_4fd79de106d61a35_1102065360,-18102.697,-11891.16,1094.6334,Corpse,50.0,Blueprint,,,Corpse_Peasant,,
SceneComponent,Loot_Corpse_Male_01a_Spawner_C,Loot_Corpse_Male_01a_Spawner_C_UAID_0468748824944E8902_1c556f47455d4841_1229913578,-4550.0127,4472.3867,-64.8829,Corpse,50.0,Blueprint,,,Corpse_Peasant,,
SceneComponent,Loot_Corpse_Male_01a_Spawner_C,Loot_Corpse_Male_01a_Spawner_C_UAID_0468748824944E8902_1c556f47455d4841_1230811724,-3819.8008,5084.1245,-75.27839,Corpse,50.0,Blueprint,,,Corpse_Peasant,,
SceneComponent,Loot_Corpse_Male_01a_Spawner_C,Loot_Corpse_Male_01a_Spawner_C_UAID_0468748824944E8902_1c556f47455d4841_1231400764,-3467.1638,2102.9001,-75.82216,Corpse,50.0,Blueprint,,,Corpse_Peasant,,
SceneComponent,Loot_Corpse_Male_01a_Spawner_C,Loot_Corpse_Male_01a_Spawner_C_UAID_046874882494859A02_367755be1ccb9d60_1585341496,-29567.977,-6287.476,1748.906,Corpse,50.0,Blueprint,,,Corpse_Peasant,,
SceneComponent,Loot_Corpse_Male_01a_Spawner_C,Loot_Corpse_Male_01a_Spawner_C_UAID_046874882494859A02_367755be1ccb9d60_1585592653,-26578.797,-13000.451,1763.9991,Corpse,50.0,Blueprint,,,Corpse_Peasant,,
SceneComponent,Loot_Corpse_Male_01a_Spawner_C,Loot_Corpse_Male_01a_Spawner_C_UAID_046874882494859A02_367755be1ccb9d60_1585801774,-30128.771,-6674.992,1746.8148,Corpse,50.0,Blueprint,,,Corpse_Peasant,,
SceneComponent,Loot_Corpse_Male_01a_Spawner_C,Loot_Corpse_Male_01a_Spawner_C_UAID_046874882494977D02_f5f3745e62dd497c_1267551366,-66732.34,-3705.0757,1725.4873,Corpse,50.0,Blueprint,,,Corpse_Peasant,,
SceneComponent,Loot_Corpse_Male_01a_Spawner_C,Loot_Corpse_Male_01a_Spawner_C_UAID_046874882494977D02_f5f3745e62dd497c_1268321446,-65777.69,-2383.8687,1711.2859,Corpse,50.0,Blueprint,,,Corpse_Peasant,,
SceneComponent,Loot_Corpse_Male_01a_Spawner_C,Loot_Corpse_Male_01a_Spawner_C_UAID_046874882494977D02_f5f3745e62dd497c_1281207848,-66449.1,-3446.9463,1728.3524,Corpse,50.0,Blueprint,,,Corpse_Peasant,,
SceneComponent,Loot_Corpse_Male_01a_Spawner_C,Loot_Corpse_Male_01a_Spawner_C_UAID_046874882494977D02_f5f3745e62dd497c_1281450903,-66815.83,-3070.8616,1697.2411,Corpse,50.0,Blueprint,,,Corpse_Peasant,,
SceneComponent,Loot_Corpse_Male_01a_Spawner_C,Loot_Corpse_Male_01a_Spawner_C_UAID_046874882494A69E02_bd0f96a5981d5c04_1172283662,-42838.965,6874.026,-736.7127,Corpse,50.0,Blueprint,,,Corpse_Peasant,,
SceneComponent,Loot_Corpse_Male_01a_Spawner_C,Loot_Corpse_Male_01a_Spawner_C_UAID_046874882494A69E02_bd0f96a5981d5c04_1172357808,-40577.863,14044.248,-704.2812,Corpse,50.0,Blueprint,,,Corpse_Peasant,,
SceneComponent,Loot_Corpse_Male_01a_Spawner_C,Loot_Corpse_Male_01a_Spawner_C_UAID_046874882494A69E02_bd0f96a5981d5c04_1172397866,-38281.45,11508.991,-751.01044,Corpse,50.0,Blueprint,,,Corpse_Peasant,,
SceneComponent,Loot_Corpse_Male_01a_Spawner_C,Loot_Corpse_Male_01a_Spawner_C_UAID_046874882494A69E02_bd0f96a5981d5c04_1172413888,-38221.82,13150.799,-743.4965,Corpse,50.0,Blueprint,,,Corpse_Peasant,,
SceneComponent,Loot_Corpse_Male_01a_Spawner_C,Loot_Corpse_Male_01a_Spawner_C_UAID_046874882494A69E02_bd0f96a5981d5c04_1172555090,-46438.42,12224.171,-340.64703,Corpse,50.0,Blueprint,,,Corpse_Peasant,,
SceneComponent,Loot_Corpse_Male_01a_Spawner_C,Loot_Corpse_Male_01a_Spawner_C_UAID_046874882494CD8002_2c1ec5f4b734a52f_2019306789,23786.365,-17873.215,1174.1112,Corpse,50.0,Blueprint,,,Corpse_Peasant,,
SceneComponent,Loot_Corpse_Male_01a_Spawner_C,Loot_Corpse_Male_01a_Spawner_C_UAID_046874882494CD8002_2c1ec5f4b734a52f_2021358875,24278.537,-17689.336,1144.94,Corpse,50.0,Blueprint,,,Corpse_Peasant,,
SceneComponent,Loot_Corpse_Male_01a_Spawner_C,Loot_Corpse_Male_01a_Spawner_C_UAID_046874882494CD8002_89101f0ab633e1fd_2019306789,-22902.553,1248.8682,1029.8351,Corpse,50.0,Blueprint,,,Corpse_Peasant,,
SceneComponent,Loot_Corpse_Male_01a_Spawner_C,Loot_Corpse_Male_01a_Spawner_C_UAID_046874882494CD8002_89101f0ab633e1fd_2021358875,-22672.879,776.4509,998.7238,Corpse,50.0,Blueprint,,,Corpse_Peasant,,
SceneComponent,Loot_Corpse_Male_01a_Spawner_C,Loot_Corpse_Male_01a_Spawner_C_UAID_046874882494CD8002_bb950dec58e737fe_2019306789,-47869.926,-4456.955,2945.3604,Corpse,50.0,Blueprint,,,Corpse_Peasant,,
SceneComponent,Loot_Corpse_Male_01a_Spawner_C,Loot_Corpse_Male_01a_Spawner_C_UAID_046874882494CD8002_bb950dec58e737fe_2021358875,-48112.49,-4923.4854,2925.1492,Corpse,50.0,Blueprint,,,Corpse_Peasant,,
SceneComponent,Loot_Corpse_Male_01a_Spawner_C,Loot_Corpse_Male_01a_Spawner_C_UAID_046874882494CF8002_0959249d26663186_1863051783,-37695.74,-39879.863,5896.2866,Corpse,50.0,Blueprint,,,Corpse_Peasant,,
SceneComponent,Loot_Corpse_Male_01a_Spawner_C,Loot_Corpse_Male_01a_Spawner_C_UAID_046874882494CF8002_6d185202d40e6b55_1863051783,-46321.438,-5113.4395,2924.0015,Corpse,50.0,Blueprint,,,Corpse_Peasant,,
SceneComponent,Loot_Corpse_Male_01a_Spawner_C,Loot_Corpse_Male_01a_Spawner_C_UAID_046874882494CF8002_73c69ac4cb257bc8_1863051783,-26819.596,21244.615,-250.55803,Corpse,50.0,Blueprint,,,Corpse_Peasant,,
SceneComponent,Loot_Corpse_Male_01a_Spawner_C,Loot_Corpse_Male_01a_Spawner_C_UAID_046874882494CF8002_8078ccb1d2479f22_1863051783,-32170.781,-42449.566,5117.6997,Corpse,50.0,Blueprint,,,Corpse_Peasant,,
SceneComponent,Loot_Corpse_Male_01a_Spawner_C,Loot_Corpse_Male_01a_Spawner_C_UAID_046874882494CF8002_9e1477e099dc03a2_1863051783,22405.312,-18477.244,1107.6494,Corpse,50.0,Blueprint,,,Corpse_Peasant,,
SceneComponent,Loot_Corpse_Male_01a_Spawner_C,Loot_Corpse_Male_01a_Spawner_C_UAID_046874882494CF8002_da48f3c61bffd696_1863051783,-39269.43,-39156.46,6101.5166,Corpse,50.0,Blueprint,,,Corpse_Peasant,,
SceneComponent,Loot_Corpse_Male_01a_Spawner_C,Loot_Corpse_Male_01a_Spawner_C_UAID_046874882494DD9A02_1bef1ea065e33b47_1602249272,-49042.06,-8249.7295,2949.751,Corpse,50.0,Blueprint,,,Corpse_Peasant,,
SceneComponent,Loot_Corpse_Male_01a_Spawner_C,Loot_Corpse_Male_01a_Spawner_C_UAID_046874882494DD9A02_1bef1ea065e33b47_1602631312,-49610.11,-8409.739,2949.751,Corpse,50.0,Blueprint,,,Corpse_Peasant,,
SceneComponent,Loot_Corpse_Male_01a_Spawner_C,Loot_Corpse_Male_01a_Spawner_C_UAID_046874882494DD9A02_1bef1ea065e33b47_1603305382,-49060.184,-8819.804,2955.1777,Corpse,50.0,Blueprint,,,Corpse_Peasant,,
SceneComponent,Loot_Corpse_Male_01a_Spawner_C,Loot_Corpse_Male_01a_Spawner_C_UAID_046874882494DD9A02_1bef1ea065e33b47_1604147564,-47684.586,-9085.372,2956.623,Corpse,50.0,Blueprint,,,Corpse_Peasant,,
SceneComponent,Loot_Corpse_Male_01a_Spawner_C,Loot_Corpse_Male_01a_Spawner_C_UAID_046874882494DD9A02_1bef1ea065e33b47_1605112656,-47174.734,-8476.215,2952.1665,Corpse,50.0,Blueprint,,,Corpse_Peasant,,
SceneComponent,Loot_Corpse_Male_01a_Spawner_C,Loot_Corpse_Male_01a_Spawner_C_UAID_046874882494F39502_fa61c736281e8a8a_1305207114,-41356.23,-29467.723,7012.766,Corpse,50.0,Blueprint,,,Corpse_Peasant,,
SceneComponent,Loot_Corpse_Male_01a_Spawner_C,Loot_Corpse_Male_01a_Spawner_C_UAID_046874882494F39502_fa61c736281e8a8a_1305563158,-38655.957,-31121.766,6994.9824,Corpse,50.0,Blueprint,,,Corpse_Peasant,,
SceneComponent,Loot_Corpse_Male_01a_Spawner_C,Loot_Corpse_Male_01a_Spawner_C_UAID_046874882494FE9802_29c4ea76462ed633_1737792502,-33529.156,22765.186,-316.36,Corpse,50.0,Blueprint,,,Corpse_Peasant,,
SceneComponent,Loot_Corpse_Male_01a_Spawner_C,Loot_Corpse_Male_01a_Spawner_C_UAID_046874882494FE9802_29c4ea76462ed633_1737805507,-34006.45,22545.824,-285.24866,Corpse,50.0,Blueprint,,,Corpse_Peasant,,
SceneComponent,Loot_Corpse_Male_01a_Spawner_C,Loot_Corpse_Male_01a_Spawner_C_UAID_046874882494FE9802_29c4ea76462ed633_1740018882,-28961.945,20462.588,-303.0507,Corpse,50.0,Blueprint,,,Corpse_Peasant,,
SceneComponent,Loot_Corpse_Male_01a_Spawner_C,Loot_Corpse_Male_01a_Spawner_C_UAID_04D9F5F93AD5125002_86279adec2ec3b27_1895279367,-14255.511,18169.873,565.9957,Corpse,50.0,Blueprint,,,Corpse_Peasant,,
SceneComponent,Loot_Corpse_Male_01a_Spawner_C,Loot_Corpse_Male_01a_Spawner_C_UAID_04D9F5F93AD53E4702_19fd15dc45ca61b1_1171546056,-39782.543,-27964.314,8140.777,Corpse,50.0,Blueprint,,,Corpse_Peasant,,
SceneComponent,Loot_Corpse_Male_01a_Spawner_C,Loot_Corpse_Male_01a_Spawner_C_UAID_04D9F5F93AD5956702_cf692d49962d2386_1311249513,26130.88,8738.766,2662.384,Corpse,50.0,Blueprint,,,Corpse_Peasant,,
SceneComponent,Loot_Corpse_Male_01a_Spawner_C,Loot_Corpse_Male_01a_Spawner_C_UAID_04D9F5F93AD5FB5B02_0af8d68b152618b4_1787992816,27024.52,-7818.0977,969.85425,Corpse,50.0,Blueprint,,,Corpse_Peasant,,
SceneComponent,Loot_Corpse_Male_01a_Spawner_C,Loot_Corpse_Male_01a_Spawner_C_UAID_04D9F5F93AD5FB5B02_20e2b082a6cc054c_1787992816,24219.266,-7966.594,969.85425,Corpse,50.0,Blueprint,,,Corpse_Peasant,,
SceneComponent,Loot_Corpse_Male_01a_Spawner_C,Loot_Corpse_Male_01a_Spawner_C_UAID_18C04DA8201B447902_1955f5d21cbe47a4_1478494464,22297.44,2151.3113,164.1434,Corpse,50.0,Blueprint,,,Corpse_Peasant,,
SceneComponent,Loot_Corpse_Male_01a_Spawner_C,Loot_Corpse_Male_01a_Spawner_C_UAID_18C04DA8201B627102_c71ad3ef090f6a00_1715888581,-57644.38,34084.55,1738.6249,Corpse,50.0,Blueprint,,,Corpse_Peasant,,
SceneComponent,Loot_Corpse_Male_01a_Spawner_C,Loot_Corpse_Male_01a_Spawner_C_UAID_18C04DA8201B627102_c71ad3ef090f6a00_2106318866,-55420.215,38554.812,1717.5681,Corpse,50.0,Blueprint,,,Corpse_Peasant,,
SceneComponent,Loot_Corpse_Male_01a_Spawner_C,Loot_Corpse_Male_01a_Spawner_C_UAID_18C04DA8201B627102_c71ad3ef090f6a00_2106545921,-55013.145,38222.812,1748.6794,Corpse,50.0,Blueprint,,,Corpse_Peasant,,
SceneComponent,Loot_Corpse_Male_01a_Spawner_C,Loot_Corpse_Male_01a_Spawner_C_UAID_18C04DA8201B637102_c71ad3ef090f6a00_1097971152,-51942.797,34584.312,1728.9398,Corpse,50.0,Blueprint,,,Corpse_Peasant,,
SceneComponent,Loot_Corpse_Male_01a_Spawner_C,Loot_Corpse_Male_01a_Spawner_C_UAID_581CF8B7231535BC02_c3245b26535725e1_2100273895,22444.232,-5751.2314,971.05994,Corpse,50.0,Blueprint,,,Corpse_Peasant,,
SceneComponent,Loot_Corpse_Male_01a_Spawner_C,Loot_Corpse_Male_01a_Spawner_C_UAID_581CF8B72315675A02_c71ad3ef090f6a00_1935625184,-55137.812,32704.545,1733.2859,Corpse,50.0,Blueprint,,,Corpse_Peasant,,
SceneComponent,Loot_Corpse_Male_01a_Spawner_C,Loot_Corpse_Male_01a_Spawner_C_a2b26d05ea6992a2_0,22896.418,-16788.86,1147.0695,Corpse,50.0,Blueprint,,,Corpse_Peasant,,
SceneComponent,Loot_Corpse_Male_01a_Spawner_C,Loot_Corpse_Male_01a_Spawner_C_c00e9d3fac85cf0a_1,-47082.438,-4768.177,2937.865,Corpse,50.0,Blueprint,,,Corpse_Peasant,,
SceneComponent,Loot_Corpse_Male_01a_Spawner_C,Loot_Corpse_Male_01a_Spawner_C_ef4e81683fd0179c_1,21977.406,-18612.803,1059.3785,Corpse,50.0,Blueprint,,,Corpse_Peasant,,
SceneComponent,Loot_Corpse_Male_01a_Spawner_C,Loot_Corpse_Male_01a_Spawner_C_fdc0aedd0b169be4_1,-38535.348,-35958.137,6519.698,Corpse,50.0,Blueprint,,,Corpse_Peasant,,
SceneComponent,Loot_Corpse_Male_01a_Spawner_C,UNP_Loot_Corpse_Male_01a_04efd090dd5a393f_0,-23577.736,37546.723,671.5201,Corpse,50.0,Blueprint,,,Corpse_Peasant,,
SceneComponent,Loot_Corpse_Male_01a_Spawner_C,UNP_Loot_Corpse_Male_01a_0c7769a481dddbd5_0,-10211.552,15175.277,-692.3975,Corpse,50.0,Blueprint,,,Corpse_Peasant,,
SceneComponent,Loot_Corpse_Male_01a_Spawner_C,UNP_Loot_Corpse_Male_01a_0d0dea5677a86eb2_0,-11290.708,31259.293,-703.6803,Corpse,50.0,Blueprint,,,Corpse_Peasant,,
SceneComponent,Loot_Corpse_Male_01a_Spawner_C,UNP_Loot_Corpse_Male_01a_127f186e54e9b06c_0,-17990.787,-14557.338,1414.8909,Corpse,3.0,Custom,,,Corpse_Peasant,,
SceneComponent,Loot_Corpse_Male_01a_Spawner_C,UNP_Loot_Corpse_Male_01a_1f9f225154a69c1c_0,-1725.9374,9214.206,232.77774,Corpse,3.0,Custom,,,Corpse_Peasant,,
SceneComponent,Loot_Corpse_Male_01a_Spawner_C,UNP_Loot_Corpse_Male_01a_1fd4deca5db5e0ac_0,21841.48,-6921.1196,2351.978,Corpse,50.0,Blueprint,,,Corpse_Peasant,,
SceneComponent,Loot_Corpse_Male_01a_Spawner_C,UNP_Loot_Corpse_Male_01a_222b09080fb1f597_0,2954.0015,7618.855,324.65457,Corpse,3.0,Custom,,,Corpse_Peasant,,
SceneComponent,Loot_Corpse_Male_01a_Spawner_C,UNP_Loot_Corpse_Male_01a_272fab3334230ef3_0,-1830.5839,31676.496,450.3595,Corpse,3.0,Custom,,,Corpse_Peasant,,
SceneComponent,Loot_Corpse_Male_01a_Spawner_C,UNP_Loot_Corpse_Male_01a_2ff7462c17a520f3_0,2424.3994,1395.1614,179.2774,Corpse,3.0,Custom,,,Corpse_Peasant,,
SceneComponent,Loot_Corpse_Male_01a_Spawner_C,UNP_Loot_Corpse_Male_01a_34103052c501f18e_0,11939.783,20007.367,1114.9393,Corpse,50.0,Blueprint,,,Corpse_Peasant,,
SceneComponent,Loot_Corpse_Male_01a_Spawner_C,UNP_Loot_Corpse_Male_01a_3e35c220bbd0c405_0,-23054.88,-15158.785,1882.4011,Corpse,3.0,Custom,,,Corpse_Peasant,,
SceneComponent,Loot_Corpse_Male_01a_Spawner_C,UNP_Loot_Corpse_Male_01a_49309964ae4bad35_0,5990.8765,29589.674,1074.6873,Corpse,3.0,Custom,,,Corpse_Peasant,,
SceneComponent,Loot_Corpse_Male_01a_Spawner_C,UNP_Loot_Corpse_Male_01a_4c0740ed445982b4_0,-15190.1045,-12060.768,1112.9849,Corpse,50.0,Blueprint,,,Corpse_Peasant,,
SceneComponent,Loot_Corpse_Male_01a_Spawner_C,UNP_Loot_Corpse_Male_01a_4d318f0b199a7e61_0,-601.693,5238.1865,218.64076,Corpse,3.0,Custom,,,Corpse_Peasant,,
SceneComponent,Loot_Corpse_Male_01a_Spawner_C,UNP_Loot_Corpse_Male_01a_4f36605deaaf1c91_0,-5846.814,17963.217,-190.33575,Corpse,50.0,Blueprint,,,Corpse_Peasant,,
SceneComponent,Loot_Corpse_Male_01a_Spawner_C,UNP_Loot_Corpse_Male_01a_544f1616748ef7fe_0,1255.4994,27152.582,357.84146,Corpse,3.0,Custom,,,Corpse_Peasant,,
SceneComponent,Loot_Corpse_Male_01a_Spawner_C,UNP_Loot_Corpse_Male_01a_70735662f2f293d2_0,-32807.234,-9897.604,2116.9727,Corpse,3.0,Custom,,,Corpse_Peasant,,
SceneComponent,Loot_Corpse_Male_01a_Spawner_C,UNP_Loot_Corpse_Male_01a_715a85ded078a9b0_0,1674.3408,6837.2964,349.64853,Corpse,3.0,Custom,,,Corpse_Peasant,,
SceneComponent,Loot_Corpse_Male_01a_Spawner_C,UNP_Loot_Corpse_Male_01a_8b50ea788fbbdd43_0,-66781.52,28075.121,572.01154,Corpse,3.0,Custom,,,Corpse_Peasant,,
SceneComponent,Loot_Corpse_Male_01a_Spawner_C,UNP_Loot_Corpse_Male_01a_8c02e6579b800a74_0,-13489.359,29985.832,-641.46826,Corpse,50.0,Blueprint,,,Corpse_Peasant,,
SceneComponent,Loot_Corpse_Male_01a_Spawner_C,UNP_Loot_Corpse_Male_01a_Spawner_0152a6d4152e1e50_0,-63955.27,-2069.3816,1714.487,Corpse,50.0,Blueprint,,,Corpse_Peasant,,
SceneComponent,Loot_Corpse_Male_01a_Spawner_C,UNP_Loot_Corpse_Male_01a_Spawner_32787930e307ffa0_0,31603.404,-6087.978,598.80084,Corpse,50.0,Blueprint,,,Corpse_Peasant,,
SceneComponent,Loot_Corpse_Male_01a_Spawner_C,UNP_Loot_Corpse_Male_01a_Spawner_5a5767cc339294e0_0,41403.77,-13385.446,-22.124683,Corpse,50.0,Blueprint,,,Corpse_Peasant,,
SceneComponent,Loot_Corpse_Male_01a_Spawner_C,UNP_Loot_Corpse_Male_01a_Spawner_6aa29054035e3474_0,25473.205,-10858.338,597.6378,Corpse,50.0,Blueprint,,,Corpse_Peasant,,
SceneComponent,Loot_Corpse_Male_01a_Spawner_C,UNP_Loot_Corpse_Male_01a_Spawner_C_d40d86cadf850e91_0,-51297.844,-31684.088,6940.3735,Corpse,50.0,Blueprint,,,Corpse_Peasant,,
SceneComponent,Loot_Corpse_Male_01a_Spawner_C,UNP_Loot_Corpse_Male_01a_Spawner_UAID_0468748824943B9B02_5f70c77cbc927b1f_1761663312,-43612.164,33563.96,1339.9573,Corpse,50.0,Blueprint,,,Corpse_Peasant,,
SceneComponent,Loot_Corpse_Male_01a_Spawner_C,UNP_Loot_Corpse_Male_01a_Spawner_UAID_0468748824943B9B02_ee048d778535517c_1761663312,-27137.545,17168.828,-251.74763,Corpse,50.0,Blueprint,,,Corpse_Peasant,,
SceneComponent,Loot_Corpse_Male_01a_Spawner_C,UNP_Loot_Corpse_Male_01a_Spawner_UAID_046874882494449B02_566cfd8f809d947c_1513222043,8635.449,-21716.3,112.584076,Corpse,50.0,Blueprint,,,Corpse_Peasant,,
SceneComponent,Loot_Corpse_Male_01a_Spawner_C,UNP_Loot_Corpse_Male_01a_Spawner_b155a0e4697d664a_0,-36942.863,-26948.639,6348.3877,Corpse,50.0,Blueprint,,,Corpse_Peasant,,
SceneComponent,Loot_Corpse_Male_01a_Spawner_C,UNP_Loot_Corpse_Male_01a_Spawner_fa7bcc8dea0c77fa_0,37439.883,-16362.324,-22.124683,Corpse,50.0,Blueprint,,,Corpse_Peasant,,
SceneComponent,Loot_Corpse_Male_01a_Spawner_C,UNP_Loot_Corpse_Male_01a_UAID_0468748824943F9B02_25a8e10f80183f94_1308698790,-35590.44,35948.46,1366.4352,Corpse,50.0,Blueprint,,,Corpse_Peasant,,
SceneComponent,Loot_Corpse_Male_01a_Spawner_C,UNP_Loot_Corpse_Male_01a_UAID_18C04DA8201B437902_1955f5d21cbe47a4_1446571740,19775.031,3441.5027,2401.2969,Corpse,50.0,Blueprint,,,Corpse_Peasant,,
SceneComponent,Loot_Corpse_Male_01a_Spawner_C,UNP_Loot_Corpse_Male_01a_a1d4d50550244be1_0,-1145.5684,7012.8086,254.01271,Corpse,3.0,Custom,,,Corpse_Peasant,,
SceneComponent,Loot_Corpse_Male_01a_Spawner_C,UNP_Loot_Corpse_Male_01a_a7f3302647675105_0,-23510.47,20023.264,-237.98402,Corpse,3.0,Custom,,,Corpse_Peasant,,
SceneComponent,Loot_Corpse_Male_01a_Spawner_C,UNP_Loot_Corpse_Male_01a_ae8febe2a299bcdd_0,8897.967,-27965.512,508.20203,Corpse,50.0,Blueprint,,,Corpse_Peasant,,
SceneComponent,Loot_Corpse_Male_01a_Spawner_C,UNP_Loot_Corpse_Male_01a_b71eae13242e8b12_0,-5486.3066,1304.0673,-126.967285,Corpse,3.0,Custom,,,Corpse_Peasant,,
SceneComponent,Loot_Corpse_Male_01a_Spawner_C,UNP_Loot_Corpse_Male_01a_b787c659fad3114a_0,11328.106,29365.08,979.425,Corpse,50.0,Blueprint,,,Corpse_Peasant,,
SceneComponent,Loot_Corpse_Male_01a_Spawner_C,UNP_Loot_Corpse_Male_01a_be7c0cd6f40db8f2_0,-49713.156,9862.081,430.9477,Corpse,50.0,Blueprint,,,Corpse_Peasant,,
SceneComponent,Loot_Corpse_Male_01a_Spawner_C,UNP_Loot_Corpse_Male_01a_c3ec7d0135d62a79_0,-13889.008,12574.134,-176.17438,Corpse,50.0,Blueprint,,,Corpse_Peasant,,
SceneComponent,Loot_Corpse_Male_01a_Spawner_C,UNP_Loot_Corpse_Male_01a_d9c585ff32411246_0,-62156.21,21736.182,-246.39082,Corpse,3.0,Custom,,,Corpse_Peasant,,
SceneComponent,Loot_Corpse_Male_01a_Spawner_C,UNP_Loot_Corpse_Male_01a_dd0e61c6d13391e7_0,-20524.555,-35222.87,2185.9473,Corpse,50.0,Blueprint,,,Corpse_Peasant,,
SceneComponent,Loot_Corpse_Male_01a_Spawner_C,UNP_Loot_Corpse_Male_01a_e2cfe444293dcb5f_0,-57899.047,37461.31,1734.66,Corpse,3.0,Custom,,,Corpse_Peasant,,
SceneComponent,Loot_Corpse_Male_01a_Spawner_C,UNP_Loot_Corpse_Male_01a_e52402bc25166cd3_0,-3356.9167,-38357.94,243.37585,Corpse,50.0,Blueprint,,,Corpse_Peasant,,
SceneComponent,Loot_Corpse_Male_01a_Spawner_C,UNP_Loot_Corpse_Male_01a_ed2c1609d64188f5_0,11005.0,5055.4263,666.42,Corpse,50.0,Blueprint,,,Corpse_Peasant,,
SceneComponent,Loot_Corpse_Male_01a_Spawner_C,UNP_Loot_Corpse_Male_01a_f2f2bb37d31a9c3b_0,-18156.928,-16400.814,1583.718,Corpse,3.0,Custom,,,Corpse_Peasant,,
SceneComponent,Loot_Corpse_Male_01a_Spawner_C,UNP_Loot_Corpse_Male_01a_f8a9afec7e9a536a_0,-22676.371,20035.672,-262.42838,Corpse,3.0,Custom,,,Corpse_Peasant,,
SceneComponent,Loot_Corpse_Male_01a_Spawner_C,UNP_Loot_Corpse_Male_01a_fef2c0db61307873_0,-21013.598,-12279.081,1741.8749,Corpse,3.0,Custom,,,Corpse_Peasant,,
SceneComponent,Loot_Corpse_Male_02a_C,Loot_Corpse_Male_02a_C_UAID_00FF8EFC2BEFFA4A02_102f42342ad51ae4_1524351083,-27797.303,-48539.617,4483.0024,,,,,,,,
SceneComponent,Loot_Corpse_Male_02a_C,Loot_Corpse_Male_02a_C_UAID_00FF8EFC2BEFFA4A02_119d3d30fdffdcfb_1524351083,86.35878,-24374.932,-560.9258,,,,,,,,
SceneComponent,Loot_Corpse_Male_02a_C,Loot_Corpse_Male_02a_C_UAID_00FF8EFC2BEFFA4A02_72ced786dc2c7e2e_1524351083,-35051.9,-45629.727,5253.8916,,,,,,,,
SceneComponent,Loot_Corpse_Male_02a_C,Loot_Corpse_Male_02a_C_UAID_00FF8EFC2BEFFA4A02_92f5581d61a72517_1524351083,15748.311,-17109.73,2.259377,,,,,,,,
SceneComponent,Loot_Corpse_Male_02a_C,Loot_Corpse_Male_02a_C_UAID_00FF8EFC2BEFFA4A02_a7c5879f7633d1c4_1524351083,-50458.48,-8614.176,2946.8894,,,,,,,,
SceneComponent,Loot_Corpse_Male_02a_C,Loot_Corpse_Male_02a_C_UAID_00FF8EFC2BEFFA4A02_ac1e397bb2c09415_1524351083,6962.263,19854.781,788.3948,,,,,,,,
SceneComponent,Loot_Corpse_Male_02a_C,Loot_Corpse_Male_02a_C_UAID_00FF8EFC2BEFFA4A02_fbc42e60926193c2_1524351083,-43553.82,38261.273,1132.1862,,,,,,,,
SceneComponent,Loot_Corpse_Male_02a_C,Loot_Corpse_Male_02a_C_UAID_046874882494A69E02_bd0f96a5981d5c04_1172349797,-40843.17,12712.645,-762.37823,,,,,,,,
SceneComponent,Loot_Corpse_Male_02a_C,Loot_Corpse_Male_02a_C_UAID_046874882494A69E02_bd0f96a5981d5c04_1172354804,-41969.25,13252.925,-712.3811,,,,,,,,
SceneComponent,Loot_Corpse_Male_02a_C,Loot_Corpse_Male_02a_C_UAID_046874882494A69E02_bd0f96a5981d5c04_1172550084,-38827.152,7885.277,-159.76309,,,,,,,,
SceneComponent,Loot_Corpse_Male_02a_C,Loot_Corpse_Male_02a_C_UAID_046874882494E29A02_1466ae8ec43e27f1_1769582258,89.33803,-27805.023,-681.6272,,,,,,,,
SceneComponent,Loot_Corpse_Male_02a_C,Loot_Corpse_Male_02a_C_UAID_046874882494E29A02_e2ff3d6a2e99c6e4_1769582258,-6777.5034,16399.242,-668.63104,,,,,,,,
SceneComponent,Loot_Corpse_Male_02a_C,Loot_Corpse_Male_02a_C_UAID_046874882494FB9802_8c02e6579b800a74_1087694748,-13016.479,31183.557,-668.63104,,,,,,,,
SceneComponent,Loot_Corpse_Male_02a_C,Loot_Corpse_Male_02a_C_UAID_04D9F5F93AD5ED4702_97971df2a4ca033d_1965573414,-36337.863,-26760.094,8941.4,,,,,,,,
SceneComponent,Loot_Corpse_Male_02a_C,Loot_Corpse_Male_02a_C_a595927790dec5fd_202,-47781.945,-7078.407,3513.976,,,,,,,,
SceneComponent,Loot_Corpse_Male_02a_C,Loot_Corpse_Male_02a_C_afe4a3bbeb7c2068_1,3614.573,-12805.541,935.13837,,,,,,,,
SceneComponent,Loot_Corpse_Male_02a_C,Loot_Corpse_Male_02a_C_afe4a3bbeb7c2068_2,3440.2932,-12942.424,1428.3042,,,,,,,,
SceneComponent,Loot_Corpse_Male_02a_C,UNP_Loot_Corpse_Male_01a1_8c02e6579b800a74_0,-13314.452,30492.95,-655.2998,,,,,,,,
SceneComponent,Loot_Corpse_Male_02a_C,UNP_Loot_Corpse_Male_02a1_32787930e307ffa0_0,32597.637,-4818.2104,590.95013,,,,,,,,
SceneComponent,Loot_Corpse_Male_02a_C,UNP_Loot_Corpse_Male_02a1_6aa29054035e3474_0,26742.975,-11852.569,589.7872,,,,,,,,
SceneComponent,Loot_Corpse_Male_02a_C,UNP_Loot_Corpse_Male_02a1_86279adec2ec3b27_1,-14224.1455,18305.562,-613.625,,,,,,,,
SceneComponent,Loot_Corpse_Male_02a_C,UNP_Loot_Corpse_Male_02a1_b155a0e4697d664a_1,-38439.1,-26346.916,6340.537,,,,,,,,
SceneComponent,Loot_Corpse_Male_02a_C,UNP_Loot_Corpse_Male_02a_0152a6d4152e1e50_0,-63094.188,-2103.8574,1715.9845,,,,,,,,
SceneComponent,Loot_Corpse_Male_02a_C,UNP_Loot_Corpse_Male_02a_1c556f47455d4841_0,-4000.3281,1910.3912,-72.827896,,,,,,,,
SceneComponent,Loot_Corpse_Male_02a_C,UNP_Loot_Corpse_Male_02a_32787930e307ffa0_0,32232.967,-5947.3315,570.9754,,,,,,,,
SceneComponent,Loot_Corpse_Male_02a_C,UNP_Loot_Corpse_Male_02a_4c0740ed445982b4_0,-15790.554,-12659.859,1553.312,,,,,,,,
SceneComponent,Loot_Corpse_Male_02a_C,UNP_Loot_Corpse_Male_02a_4f36605deaaf1c91_0,-11224.547,19495.807,-210.10283,,,,,,,,
SceneComponent,Loot_Corpse_Male_02a_C,UNP_Loot_Corpse_Male_02a_5a5767cc339294e0_0,40325.953,-12503.267,-28.36161,,,,,,,,
SceneComponent,Loot_Corpse_Male_02a_C,UNP_Loot_Corpse_Male_02a_6aa29054035e3474_0,25613.854,-11487.901,569.8124,,,,,,,,
SceneComponent,Loot_Corpse_Male_02a_C,UNP_Loot_Corpse_Male_02a_86279adec2ec3b27_0,-15217.179,18286.879,-613.625,,,,,,,,
SceneComponent,Loot_Corpse_Male_02a_C,UNP_Loot_Corpse_Male_02a_UAID_0468748824943B9B02_5f70c77cbc927b1f_1761638303,-44393.84,33201.145,1341.4547,,,,,,,,
SceneComponent,Loot_Corpse_Male_02a_C,UNP_Loot_Corpse_Male_02a_UAID_0468748824943B9B02_ee048d778535517c_1761638303,-26802.969,16374.655,-250.25018,,,,,,,,
SceneComponent,Loot_Corpse_Male_02a_C,UNP_Loot_Corpse_Male_02a_UAID_0468748824943F9B02_25a8e10f80183f94_1308699792,-34810.395,35984.3,1297.8477,,,,,,,,
SceneComponent,Loot_Corpse_Male_02a_C,UNP_Loot_Corpse_Male_02a_UAID_046874882494449B02_566cfd8f809d947c_1513233051,8157.9067,-20832.205,114.08153,,,,,,,,
SceneComponent,Loot_Corpse_Male_02a_C,UNP_Loot_Corpse_Male_02a_UAID_0468748824949CD502_37bd26559c49d275_1305404840,-10272.697,-17359.137,1893.3878,,,,,,,,
SceneComponent,Loot_Corpse_Male_02a_C,UNP_Loot_Corpse_Male_02a_b155a0e4697d664a_0,-37253.105,-26383.059,6320.5625,,,,,,,,
SceneComponent,Loot_Corpse_Male_02a_C,UNP_Loot_Corpse_Male_02a_b787c659fad3114a_0,10585.796,29113.547,966.39764,,,,,,,,
SceneComponent,Loot_Corpse_Male_02a_C,UNP_Loot_Corpse_Male_02a_fa7bcc8dea0c77fa_0,38517.703,-17244.504,-28.36161,,,,,,,,
SceneComponent,Loot_Dirt_Mound_01a_Spawner_C,UNP_Loot_Dirt_Mound_01a1_UAID_0468748824943F9B02_25a8e10f80183f94_1308701796,-34465.918,36465.93,1343.1627,Pile of Dirt,50.0,Blueprint,,,Corpse_Peasant,,
SceneComponent,Loot_Dirt_Mound_01a_Spawner_C,UNP_Loot_Dirt_Mound_01a1_b787c659fad3114a_1,10395.369,28551.033,965.39764,Pile of Dirt,50.0,Blueprint,,,Corpse_Peasant,,
SceneComponent,Loot_Dirt_Mound_01a_Spawner_C,UNP_Loot_Dirt_Mound_01a2_UAID_0468748824943F9B02_25a8e10f80183f94_1308708802,-34819.668,37011.094,1447.6719,Pile of Dirt,50.0,Blueprint,,,Corpse_Peasant,,
SceneComponent,Loot_Dirt_Mound_01a_Spawner_C,UNP_Loot_Dirt_Mound_01a2_b787c659fad3114a_2,10895.529,28123.16,959.56885,Pile of Dirt,50.0,Blueprint,,,Corpse_Peasant,,
SceneComponent,Loot_Dirt_Mound_01a_Spawner_C,UNP_Loot_Dirt_Mound_01a3_UAID_0468748824943F9B02_25a8e10f80183f94_1308709804,-36041.742,35867.23,1469.7982,Pile of Dirt,50.0,Blueprint,,,Corpse_Peasant,,
SceneComponent,Loot_Dirt_Mound_01a_Spawner_C,UNP_Loot_Dirt_Mound_01a3_b787c659fad3114a_3,11748.281,29560.293,1058.7963,Pile of Dirt,50.0,Blueprint,,,Corpse_Peasant,,
SceneComponent,Loot_Dirt_Mound_01a_Spawner_C,UNP_Loot_Dirt_Mound_01a_0c7769a481dddbd5_0,-9462.075,13998.642,-466.7565,Pile of Dirt,50.0,Blueprint,,,Corpse_Peasant,,
SceneComponent,Loot_Dirt_Mound_01a_Spawner_C,UNP_Loot_Dirt_Mound_01a_0d0dea5677a86eb2_0,-10408.859,29785.822,-504.50345,Pile of Dirt,50.0,Blueprint,,,Corpse_Peasant,,
SceneComponent,Loot_Dirt_Mound_01a_Spawner_C,UNP_Loot_Dirt_Mound_01a_1fd4deca5db5e0ac_0,22214.068,-6692.898,2351.264,Pile of Dirt,100.0,Custom,,,Corpse_Peasant,,
SceneComponent,Loot_Dirt_Mound_01a_Spawner_C,UNP_Loot_Dirt_Mound_01a_UAID_0468748824943F9B02_25a8e10f80183f94_1308710806,-34365.6,35949.027,1370.0662,Pile of Dirt,50.0,Blueprint,,,Corpse_Peasant,,
SceneComponent,Loot_Dirt_Mound_01a_Spawner_C,UNP_Loot_Dirt_Mound_01a_ae8febe2a299bcdd_0,9124.326,-28338.605,529.8531,Pile of Dirt,100.0,Custom,,,Corpse_Peasant,,
SceneComponent,Loot_Dirt_Mound_01a_Spawner_C,UNP_Loot_Dirt_Mound_01a_b787c659fad3114a_0,10160.097,29009.459,1077.0522,Pile of Dirt,50.0,Blueprint,,,Corpse_Peasant,,
SceneComponent,Loot_Dirt_Mound_01a_Spawner_C,UNP_Loot_Dirt_Mound_01a_be7c0cd6f40db8f2_0,-50095.492,9650.777,439.6345,Pile of Dirt,100.0,Custom,,,Corpse_Peasant,,
SceneComponent,Loot_Dirt_Mound_01a_Spawner_C,UNP_Loot_Dirt_Mound_01a_dd0e61c6d13391e7_0,-20906.736,-35434.633,2185.0298,Pile of Dirt,100.0,Custom,,,Corpse_Peasant,,
SceneComponent,Loot_Dirt_Mound_01a_Spawner_C,UNP_Loot_Dirt_Mound_01a_ed2c1609d64188f5_0,10935.83,5486.825,670.48364,Pile of Dirt,100.0,Custom,,,Corpse_Peasant,,
SceneComponent,Loot_DungeonM02_01a_Spawner_C,Loot_DungeonM02_01a_Spawner_C_UAID_04D9F5F93AD56C8B02_16430dedd3080722_1234624028,37296.33,-13400.034,-73.78803,Bloodbox,,,,InventoryDefinition_Key'ID_Key_U_Bloodbox',Dungeon_M02,,
SceneComponent,Loot_FancyWallCabinet_Small_01a_Spawner_C,Loot_FancyWallCabinet_Small_01a_Spawner_C_UAID_D843AE1A93E5058202_25c38f96bd642657_1647868728,-26443.578,-7485.562,2228.5962,Wall Cabinet,90.0,Blueprint,,,ChinawareCupboard_Small,,
SceneComponent,Loot_FancyWallCabinet_Small_01a_Spawner_C,Loot_FancyWallCabinet_Small_01a_Spawner_C_UAID_D843AE1A93E5058202_358ce63c24dd89f2_2120976986,-30541.984,-5840.4355,1955.4728,Wall Cabinet,90.0,Blueprint,,,ChinawareCupboard_Small,,
SceneComponent,Loot_FancyWallCabinet_Small_01a_Spawner_C,Loot_FancyWallCabinet_Small_01a_Spawner_C_UAID_D843AE1A93E5068202_358ce63c24dd89f2_1105879168,-30675.46,-5539.96,1955.4728,Wall Cabinet,90.0,Blueprint,,,ChinawareCupboard_Small,,
SceneComponent,Loot_FlourSack_01_Spawner_C,Loot_FlourSack_01_Spawner_C_UAID_0468748824944E9B02_2fce2bbb89772178_1426218142,-57049.777,20566.555,-405.262,Flour Sack,75.0,Blueprint,,,Sack_Flour,,
SceneComponent,Loot_FlourSack_01_Spawner_C,Loot_FlourSack_01_Spawner_C_UAID_0468748824944E9B02_a83e5bb339f92cca_1426218142,-2139.149,18837.344,-179.76575,Flour Sack,75.0,Blueprint,,,Sack_Flour,,
SceneComponent,Loot_FlourSack_01_Spawner_C,Loot_FlourSack_01_Spawner_C_UAID_0468748824944F9B02_4cae16ed3344ca34_1286450290,-17277.533,34493.82,-202.36546,Flour Sack,75.0,Blueprint,,,Sack_Flour,,
SceneComponent,Loot_FlourSack_01_Spawner_C,Loot_FlourSack_01_Spawner_C_UAID_046874882494859A02_367755be1ccb9d60_1585131358,-24787.418,-10324.076,1755.0074,Flour Sack,75.0,Blueprint,,,Sack_Flour,,
SceneComponent,Loot_FlourSack_01_Spawner_C,Loot_FlourSack_01_Spawner_C_UAID_046874882494859A02_367755be1ccb9d60_1585157374,-25182.66,-9148.875,1814.81,Flour Sack,75.0,Blueprint,,,Sack_Flour,,
SceneComponent,Loot_FlourSack_01_Spawner_C,Loot_FlourSack_01_Spawner_C_UAID_046874882494859A02_367755be1ccb9d60_1585472576,-27146.607,-12188.453,1748.5278,Flour Sack,75.0,Blueprint,,,Sack_Flour,,
SceneComponent,Loot_FlourSack_01_Spawner_C,Loot_FlourSack_01_Spawner_C_UAID_046874882494B49C02_d40d86cadf850e91_1894106240,-49634.137,-29556.473,7002.8955,Flour Sack,75.0,Blueprint,,,Sack_Flour,,
SceneComponent,Loot_FlourSack_01_Spawner_C,Loot_FlourSack_01_Spawner_C_UAID_50EBF6D299692F7502_a905602d41351c1c_1283399861,10128.135,20935.273,1003.6085,Flour Sack,75.0,Blueprint,,,Sack_Flour,,
SceneComponent,Loot_FlourSack_01_Spawner_C,UNP_Container_FlourSack_01_0a2ee62331468537_0,-14325.656,19238.68,590.85455,Flour Sack,75.0,Blueprint,,,Sack_Flour,,
SceneComponent,Loot_FlourSack_01_Spawner_C,UNP_Container_FlourSack_01_0b83f441dfcf7cac_0,-57918.836,-16286.1,4645.449,Flour Sack,75.0,Blueprint,,,Sack_Flour,,
SceneComponent,Loot_FlourSack_01_Spawner_C,UNP_Container_FlourSack_01_1311298c65185e76_0,-15030.384,19012.97,-587.41284,Flour Sack,75.0,Blueprint,,,Sack_Flour,,
SceneComponent,Loot_FlourSack_01_Spawner_C,UNP_Container_FlourSack_01_13efe88b5a2eeb9f_0,-15992.549,19589.146,592.2186,Flour Sack,75.0,Blueprint,,,Sack_Flour,,
SceneComponent,Loot_FlourSack_01_Spawner_C,UNP_Container_FlourSack_01_15af490cdbfd8979_0,-14674.523,18937.64,210.94138,Flour Sack,75.0,Blueprint,,,Sack_Flour,,
SceneComponent,Loot_FlourSack_01_Spawner_C,UNP_Container_FlourSack_01_25f95eff10e083c3_0,-14448.101,19265.229,293.6889,Flour Sack,75.0,Blueprint,,,Sack_Flour,,
SceneComponent,Loot_FlourSack_01_Spawner_C,UNP_Container_FlourSack_01_32787930e307ffa0_0,32488.473,-4190.155,592.1722,Flour Sack,75.0,Blueprint,,,Sack_Flour,,
SceneComponent,Loot_FlourSack_01_Spawner_C,UNP_Container_FlourSack_01_32787930e307ffa0_1,32099.402,-3910.2625,592.1722,Flour Sack,75.0,Blueprint,,,Sack_Flour,,
SceneComponent,Loot_FlourSack_01_Spawner_C,UNP_Container_FlourSack_01_370534c05f70f5d4_0,-14062.041,18756.115,-442.0622,Flour Sack,75.0,Blueprint,,,Sack_Flour,,
SceneComponent,Loot_FlourSack_01_Spawner_C,UNP_Container_FlourSack_01_3a75660531e6941f_0,-7596.216,-16077.021,1920.2212,Flour Sack,75.0,Blueprint,,,Sack_Flour,,
SceneComponent,Loot_FlourSack_01_Spawner_C,UNP_Container_FlourSack_01_443b84a161c09630_0,-16225.998,18345.65,592.2186,Flour Sack,75.0,Blueprint,,,Sack_Flour,,
SceneComponent,Loot_FlourSack_01_Spawner_C,UNP_Container_FlourSack_01_63dba74957736923_0,-15696.078,19532.332,592.2186,Flour Sack,75.0,Blueprint,,,Sack_Flour,,
SceneComponent,Loot_FlourSack_01_Spawner_C,UNP_Container_FlourSack_01_643191a2278730e7_0,25334.203,-4502.876,994.6111,Flour Sack,75.0,Blueprint,,,Sack_Flour,,
SceneComponent,Loot_FlourSack_01_Spawner_C,UNP_Container_FlourSack_01_643191a2278730e7_1,24945.135,-4222.9834,994.6111,Flour Sack,75.0,Blueprint,,,Sack_Flour,,
SceneComponent,Loot_FlourSack_01_Spawner_C,UNP_Container_FlourSack_01_79cd0bc98e14f836_0,-15538.74,18734.355,211.10698,Flour Sack,75.0,Blueprint,,,Sack_Flour,,
SceneComponent,Loot_FlourSack_01_Spawner_C,UNP_Container_FlourSack_01_7dab4df46e211fbf_0,-2443.8877,-15331.865,171.86523,Flour Sack,75.0,Blueprint,,,Sack_Flour,,
SceneComponent,Loot_FlourSack_01_Spawner_C,UNP_Container_FlourSack_01_9129bf5740278483_0,-14737.875,18800.508,211.29636,Flour Sack,75.0,Blueprint,,,Sack_Flour,,
SceneComponent,Loot_FlourSack_01_Spawner_C,UNP_Container_FlourSack_01_9ac11e330ff3b1d6_0,-13897.903,19005.385,-589.8971,Flour Sack,75.0,Blueprint,,,Sack_Flour,,
SceneComponent,Loot_FlourSack_01_Spawner_C,UNP_Container_FlourSack_01_9c2fd775f7ecb08d_0,-13970.255,18773.092,-513.6106,Flour Sack,75.0,Blueprint,,,Sack_Flour,,
SceneComponent,Loot_FlourSack_01_Spawner_C,UNP_Container_FlourSack_01_UAID_046874882494069902_4c0740ed445982b4_2095790528,-15078.335,-11067.1875,1136.5122,Flour Sack,75.0,Blueprint,,,Sack_Flour,,
SceneComponent,Loot_FlourSack_01_Spawner_C,UNP_Container_FlourSack_01_UAID_046874882494069902_4c0740ed445982b4_2095913534,-15004.781,-11543.985,1136.5122,Flour Sack,75.0,Blueprint,,,Sack_Flour,,
SceneComponent,Loot_FlourSack_01_Spawner_C,UNP_Container_FlourSack_01_UAID_0468748824941A9902_5cd45a4e3089d131_1786752638,-28831.254,-7049.5728,2244.6926,Flour Sack,75.0,Blueprint,,,Sack_Flour,,
SceneComponent,Loot_FlourSack_01_Spawner_C,UNP_Container_FlourSack_01_UAID_0468748824941A9902_5cd45a4e3089d131_1787342659,-29466.746,-7184.284,2396.546,Flour Sack,75.0,Blueprint,,,Sack_Flour,,
SceneComponent,Loot_FlourSack_01_Spawner_C,UNP_Container_FlourSack_01_UAID_0468748824941A9902_d7ab05e04fd848b6_1786752638,-25157.203,-10887.64,2245.8352,Flour Sack,75.0,Blueprint,,,Sack_Flour,,
SceneComponent,Loot_FlourSack_01_Spawner_C,UNP_Container_FlourSack_01_UAID_0468748824941A9902_d7ab05e04fd848b6_1787342659,-24510.363,-10827.685,2397.6885,Flour Sack,75.0,Blueprint,,,Sack_Flour,,
SceneComponent,Loot_FlourSack_01_Spawner_C,UNP_Container_FlourSack_01_UAID_0468748824944C9B02_d0e23cfe7f59ca33_2006384773,-24662.72,-6117.0356,1796.1796,Flour Sack,75.0,Blueprint,,,Sack_Flour,,
SceneComponent,Loot_FlourSack_01_Spawner_C,UNP_Container_FlourSack_01_UAID_0468748824944C9B02_e1ce29a85d20fd8c_2006384773,-13708.608,-36800.125,955.872,Flour Sack,75.0,Blueprint,,,Sack_Flour,,
SceneComponent,Loot_FlourSack_01_Spawner_C,UNP_Container_FlourSack_01_UAID_0468748824944D9B02_925fe67b578e1df0_1449804252,-2423.9832,19846.594,263.60794,Flour Sack,75.0,Blueprint,,,Sack_Flour,,
SceneComponent,Loot_FlourSack_01_Spawner_C,UNP_Container_FlourSack_01_UAID_0468748824944D9B02_925fe67b578e1df0_1449873258,-2492.9995,19957.686,263.60794,Flour Sack,75.0,Blueprint,,,Sack_Flour,,
SceneComponent,Loot_FlourSack_01_Spawner_C,UNP_Container_FlourSack_01_UAID_0468748824944D9B02_925fe67b578e1df0_1449943264,-2412.5225,19796.498,266.9118,Flour Sack,75.0,Blueprint,,,Sack_Flour,,
SceneComponent,Loot_FlourSack_01_Spawner_C,UNP_Container_FlourSack_01_UAID_0468748824944D9B02_925fe67b578e1df0_1450013270,-2471.667,19422.504,266.9118,Flour Sack,75.0,Blueprint,,,Sack_Flour,,
SceneComponent,Loot_FlourSack_01_Spawner_C,UNP_Container_FlourSack_01_UAID_0468748824944D9B02_925fe67b578e1df0_1450081276,-2176.259,19067.84,288.01703,Flour Sack,75.0,Blueprint,,,Sack_Flour,,
SceneComponent,Loot_FlourSack_01_Spawner_C,UNP_Container_FlourSack_01_UAID_0468748824944D9B02_925fe67b578e1df0_1450151282,-1985.6996,19556.523,279.45657,Flour Sack,75.0,Blueprint,,,Sack_Flour,,
SceneComponent,Loot_FlourSack_01_Spawner_C,UNP_Container_FlourSack_01_UAID_0468748824944D9B02_925fe67b578e1df0_1450220288,-2050.0222,19605.477,270.1006,Flour Sack,75.0,Blueprint,,,Sack_Flour,,
SceneComponent,Loot_FlourSack_01_Spawner_C,UNP_Container_FlourSack_01_UAID_0468748824944D9B02_925fe67b578e1df0_1450289294,-2482.8062,19538.76,-169.46045,Flour Sack,75.0,Blueprint,,,Sack_Flour,,
SceneComponent,Loot_FlourSack_01_Spawner_C,UNP_Container_FlourSack_01_UAID_0468748824944D9B02_925fe67b578e1df0_1450358300,-2529.6797,19819.035,-203.41574,Flour Sack,75.0,Blueprint,,,Sack_Flour,,
SceneComponent,Loot_FlourSack_01_Spawner_C,UNP_Container_FlourSack_01_UAID_0468748824944D9B02_984f965975ddf80a_1449804252,-57977.164,20076.99,38.1117,Flour Sack,75.0,Blueprint,,,Sack_Flour,,
SceneComponent,Loot_FlourSack_01_Spawner_C,UNP_Container_FlourSack_01_UAID_0468748824944D9B02_984f965975ddf80a_1449873258,-58071.367,19986.27,38.1117,Flour Sack,75.0,Blueprint,,,Sack_Flour,,
SceneComponent,Loot_FlourSack_01_Spawner_C,UNP_Container_FlourSack_01_UAID_0468748824944D9B02_984f965975ddf80a_1449943264,-57930.57,20098.672,41.41557,Flour Sack,75.0,Blueprint,,,Sack_Flour,,
SceneComponent,Loot_FlourSack_01_Spawner_C,UNP_Container_FlourSack_01_UAID_0468748824944D9B02_984f965975ddf80a_1450013270,-57552.477,20119.035,41.415573,Flour Sack,75.0,Blueprint,,,Sack_Flour,,
SceneComponent,Loot_FlourSack_01_Spawner_C,UNP_Container_FlourSack_01_UAID_0468748824944D9B02_984f965975ddf80a_1450081276,-57267.42,20482.07,62.520794,Flour Sack,75.0,Blueprint,,,Sack_Flour,,
SceneComponent,Loot_FlourSack_01_Spawner_C,UNP_Container_FlourSack_01_UAID_0468748824944D9B02_984f965975ddf80a_1450151282,-57785.15,20566.236,53.960342,Flour Sack,75.0,Blueprint,,,Sack_Flour,,
SceneComponent,Loot_FlourSack_01_Spawner_C,UNP_Container_FlourSack_01_UAID_0468748824944D9B02_984f965975ddf80a_1450220288,-57819.57,20493.1,44.604347,Flour Sack,75.0,Blueprint,,,Sack_Flour,,
SceneComponent,Loot_FlourSack_01_Spawner_C,UNP_Container_FlourSack_01_UAID_0468748824944D9B02_984f965975ddf80a_1450289294,-57663.836,20083.832,-394.9567,Flour Sack,75.0,Blueprint,,,Sack_Flour,,
SceneComponent,Loot_FlourSack_01_Spawner_C,UNP_Container_FlourSack_01_UAID_0468748824944D9B02_984f965975ddf80a_1450358300,-57928.113,19979.39,-428.912,Flour Sack,75.0,Blueprint,,,Sack_Flour,,
SceneComponent,Loot_FlourSack_01_Spawner_C,UNP_Container_FlourSack_01_UAID_0468748824945C9802_9fac250d5149b043_1872879817,-15666.264,22553.3,-262.33704,Flour Sack,75.0,Blueprint,,,Sack_Flour,,
SceneComponent,Loot_FlourSack_01_Spawner_C,UNP_Container_FlourSack_01_UAID_0468748824945C9802_bda10b7c50163ff5_1872879817,-16478.582,19411.197,-264.8747,Flour Sack,75.0,Blueprint,,,Sack_Flour,,
SceneComponent,Loot_FlourSack_01_Spawner_C,UNP_Container_FlourSack_01_UAID_0468748824945E9802_42e60c0f2dfe0fa8_2080310823,-12934.559,-11893.665,1753.8885,Flour Sack,75.0,Blueprint,,,Sack_Flour,,
SceneComponent,Loot_FlourSack_01_Spawner_C,UNP_Container_FlourSack_01_UAID_0468748824945E9802_42e60c0f2dfe0fa8_2080395829,-12750.805,-11598.807,1758.8396,Flour Sack,75.0,Blueprint,,,Sack_Flour,,
SceneComponent,Loot_FlourSack_01_Spawner_C,UNP_Container_FlourSack_01_UAID_0468748824945E9802_90429aff829b7e94_2080310823,2791.0203,-10851.049,2068.0735,Flour Sack,75.0,Blueprint,,,Sack_Flour,,
SceneComponent,Loot_FlourSack_01_Spawner_C,UNP_Container_FlourSack_01_UAID_0468748824945E9802_90429aff829b7e94_2080395829,3091.1428,-10676.026,2073.0247,Flour Sack,75.0,Blueprint,,,Sack_Flour,,
SceneComponent,Loot_FlourSack_01_Spawner_C,UNP_Container_FlourSack_01_UAID_046874882494859A02_367755be1ccb9d60_1585688705,-28140.826,-11962.3125,1770.4413,Flour Sack,75.0,Blueprint,,,Sack_Flour,,
SceneComponent,Loot_FlourSack_01_Spawner_C,UNP_Container_FlourSack_01_UAID_046874882494B49C02_d40d86cadf850e91_1892971045,-51461.67,-30913.518,6966.3364,Flour Sack,75.0,Blueprint,,,Sack_Flour,,
SceneComponent,Loot_FlourSack_01_Spawner_C,UNP_Container_FlourSack_01_UAID_046874882494B49C02_d40d86cadf850e91_1893439109,-51197.723,-30220.764,6968.093,Flour Sack,75.0,Blueprint,,,Sack_Flour,,
SceneComponent,Loot_FlourSack_01_Spawner_C,UNP_Container_FlourSack_01_UAID_046874882494B49C02_d40d86cadf850e91_1908274486,-51245.516,-31856.746,6965.6616,Flour Sack,75.0,Blueprint,,,Sack_Flour,,
SceneComponent,Loot_FlourSack_01_Spawner_C,UNP_Container_FlourSack_01_UAID_046874882494D99A02_7895f44951635563_1799622566,-47851.887,-9518.032,3330.8572,Flour Sack,75.0,Blueprint,,,Sack_Flour,,
SceneComponent,Loot_FlourSack_01_Spawner_C,UNP_Container_FlourSack_01_UAID_046874882494F99A02_86279adec2ec3b27_1370092528,-14986.974,18105.389,592.36414,Flour Sack,75.0,Blueprint,,,Sack_Flour,,
SceneComponent,Loot_FlourSack_01_Spawner_C,UNP_Container_FlourSack_01_UAID_046874882494F99A02_86279adec2ec3b27_1370240534,-16225.998,18345.65,592.2186,Flour Sack,75.0,Blueprint,,,Sack_Flour,,
SceneComponent,Loot_FlourSack_01_Spawner_C,UNP_Container_FlourSack_01_UAID_046874882494F99A02_86279adec2ec3b27_1370355540,-15992.549,19589.146,592.2186,Flour Sack,75.0,Blueprint,,,Sack_Flour,,
SceneComponent,Loot_FlourSack_01_Spawner_C,UNP_Container_FlourSack_01_UAID_046874882494F99A02_86279adec2ec3b27_1370469546,-14325.656,19238.68,590.85455,Flour Sack,75.0,Blueprint,,,Sack_Flour,,
SceneComponent,Loot_FlourSack_01_Spawner_C,UNP_Container_FlourSack_01_UAID_046874882494F99A02_86279adec2ec3b27_1370583552,-15696.078,19532.332,592.2186,Flour Sack,75.0,Blueprint,,,Sack_Flour,,
SceneComponent,Loot_FlourSack_01_Spawner_C,UNP_Container_FlourSack_01_UAID_046874882494F99A02_86279adec2ec3b27_1370698558,-15538.74,18734.355,211.10698,Flour Sack,75.0,Blueprint,,,Sack_Flour,,
SceneComponent,Loot_FlourSack_01_Spawner_C,UNP_Container_FlourSack_01_UAID_046874882494F99A02_86279adec2ec3b27_1370810564,-15857.232,18770.543,212.80272,Flour Sack,75.0,Blueprint,,,Sack_Flour,,
SceneComponent,Loot_FlourSack_01_Spawner_C,UNP_Container_FlourSack_01_UAID_046874882494F99A02_86279adec2ec3b27_1370923570,-14876.4,18074.916,212.80272,Flour Sack,75.0,Blueprint,,,Sack_Flour,,
SceneComponent,Loot_FlourSack_01_Spawner_C,UNP_Container_FlourSack_01_UAID_046874882494F99A02_86279adec2ec3b27_1371036576,-14663.437,19035.398,210.94138,Flour Sack,75.0,Blueprint,,,Sack_Flour,,
SceneComponent,Loot_FlourSack_01_Spawner_C,UNP_Container_FlourSack_01_UAID_046874882494F99A02_86279adec2ec3b27_1371153582,-14737.875,18800.508,211.29636,Flour Sack,75.0,Blueprint,,,Sack_Flour,,
SceneComponent,Loot_FlourSack_01_Spawner_C,UNP_Container_FlourSack_01_UAID_046874882494F99A02_86279adec2ec3b27_1371269588,-14674.523,18937.64,210.94138,Flour Sack,75.0,Blueprint,,,Sack_Flour,,
SceneComponent,Loot_FlourSack_01_Spawner_C,UNP_Container_FlourSack_01_UAID_046874882494F99A02_86279adec2ec3b27_1371382594,-14448.101,19265.229,293.6889,Flour Sack,75.0,Blueprint,,,Sack_Flour,,
SceneComponent,Loot_FlourSack_01_Spawner_C,UNP_Container_FlourSack_01_UAID_046874882494F99A02_86279adec2ec3b27_1371496600,-14062.041,18756.115,-442.0622,Flour Sack,75.0,Blueprint,,,Sack_Flour,,
SceneComponent,Loot_FlourSack_01_Spawner_C,UNP_Container_FlourSack_01_UAID_046874882494F99A02_86279adec2ec3b27_1371613606,-14585.901,18854.088,-378.05557,Flour Sack,75.0,Blueprint,,,Sack_Flour,,
SceneComponent,Loot_FlourSack_01_Spawner_C,UNP_Container_FlourSack_01_UAID_046874882494F99A02_86279adec2ec3b27_1371726612,-13970.255,18773.092,-513.6106,Flour Sack,75.0,Blueprint,,,Sack_Flour,,
SceneComponent,Loot_FlourSack_01_Spawner_C,UNP_Container_FlourSack_01_UAID_046874882494F99A02_86279adec2ec3b27_1371844618,-15030.384,19012.97,-587.41284,Flour Sack,75.0,Blueprint,,,Sack_Flour,,
SceneComponent,Loot_FlourSack_01_Spawner_C,UNP_Container_FlourSack_01_UAID_046874882494F99A02_86279adec2ec3b27_1371959624,-13897.903,19005.385,-589.8971,Flour Sack,75.0,Blueprint,,,Sack_Flour,,
SceneComponent,Loot_FlourSack_01_Spawner_C,UNP_Container_FlourSack_01_UAID_046874882494F99A02_86279adec2ec3b27_1372074630,-16037.206,18574.123,-532.4649,Flour Sack,75.0,Blueprint,,,Sack_Flour,,
SceneComponent,Loot_FlourSack_01_Spawner_C,UNP_Container_FlourSack_01_UAID_581CF8B72315E5D602_73b7a2b36244c8f2_2065172978,37172.7,-18407.709,-6.5613003,Flour Sack,75.0,Blueprint,,,Sack_Flour,,
SceneComponent,Loot_FlourSack_01_Spawner_C,UNP_Container_FlourSack_01_UAID_581CF8B72315E5D602_73b7a2b36244c8f2_2065386983,37221.67,-18521.178,33.87081,Flour Sack,75.0,Blueprint,,,Sack_Flour,,
SceneComponent,Loot_FlourSack_01_Spawner_C,UNP_Container_FlourSack_01_UAID_581CF8B72315E5D602_73b7a2b36244c8f2_2065607988,37282.133,-18438.314,19.90228,Flour Sack,75.0,Blueprint,,,Sack_Flour,,
SceneComponent,Loot_FlourSack_01_Spawner_C,UNP_Container_FlourSack_01_UAID_581CF8B72315E5D602_73b7a2b36244c8f2_2065821993,37332.73,-18328.152,-9.852964,Flour Sack,75.0,Blueprint,,,Sack_Flour,,
SceneComponent,Loot_FlourSack_01_Spawner_C,UNP_Container_FlourSack_01_b15e83b842a978e4_0,-14585.901,18854.088,-378.05557,Flour Sack,75.0,Blueprint,,,Sack_Flour,,
SceneComponent,Loot_FlourSack_01_Spawner_C,UNP_Container_FlourSack_01_ba47ed88b329a53b_0,-7398.7397,-15977.078,3186.3054,Flour Sack,75.0,Blueprint,,,Sack_Flour,,
SceneComponent,Loot_FlourSack_01_Spawner_C,UNP_Container_FlourSack_01_bbeb71d66ef96232_0,-16037.206,18574.123,-532.4649,Flour Sack,75.0,Blueprint,,,Sack_Flour,,
SceneComponent,Loot_FlourSack_01_Spawner_C,UNP_Container_FlourSack_01_d1a7b40ab2bb25d9_0,-14663.437,19035.398,210.94138,Flour Sack,75.0,Blueprint,,,Sack_Flour,,
SceneComponent,Loot_FlourSack_01_Spawner_C,UNP_Container_FlourSack_01_d48da5e4dca8ba09_0,-14986.974,18105.389,592.36414,Flour Sack,75.0,Blueprint,,,Sack_Flour,,
SceneComponent,Loot_FlourSack_01_Spawner_C,UNP_Container_FlourSack_01_d67d0b2e5ab4b1e6_0,-28909.473,36486.81,1332.1537,Flour Sack,75.0,Blueprint,,,Sack_Flour,,
SceneComponent,Loot_FlourSack_01_Spawner_C,UNP_Container_FlourSack_01_f6f8e712ddc9b42c_0,-15857.232,18770.543,212.80272,Flour Sack,75.0,Blueprint,,,Sack_Flour,,
SceneComponent,Loot_FlourSack_01_Spawner_C,UNP_Container_FlourSack_01_fb41345b52552391_0,-14876.4,18074.916,212.80272,Flour Sack,75.0,Blueprint,,,Sack_Flour,,
SceneComponent,Loot_FlourSack_01_Spawner_C,UNP_Loot_FlourSack_01_01faab9f7a9e0f09_0,-60892.973,27027.543,1130.6927,Flour Sack,75.0,Blueprint,,,Sack_Flour,,
SceneComponent,Loot_FlourSack_01_Spawner_C,UNP_Loot_FlourSack_01_0f25559a6b5f07d5_0,-5294.0767,34007.402,299.91638,Flour Sack,75.0,Blueprint,,,Sack_Flour,,
SceneComponent,Loot_FlourSack_01_Spawner_C,UNP_Loot_FlourSack_01_113aac40dd19cce1_1,-14266.731,-34794.73,1073.0557,Flour Sack,75.0,Blueprint,,,Sack_Flour,,
SceneComponent,Loot_FlourSack_01_Spawner_C,UNP_Loot_FlourSack_01_1839a5c7e36c7ddc_0,-50484.18,-32309.771,6949.9414,Flour Sack,75.0,Blueprint,,,Sack_Flour,,
SceneComponent,Loot_FlourSack_01_Spawner_C,UNP_Loot_FlourSack_01_1839a5c7e36c7ddc_1,-50882.336,-32901.543,6953.783,Flour Sack,75.0,Blueprint,,,Sack_Flour,,
SceneComponent,Loot_FlourSack_01_Spawner_C,UNP_Loot_FlourSack_01_1839a5c7e36c7ddc_2,-50505.53,-32890.566,7043.4854,Flour Sack,75.0,Blueprint,,,Sack_Flour,,
SceneComponent,Loot_FlourSack_01_Spawner_C,UNP_Loot_FlourSack_01_214b6783d61910ce_0,-3397.7004,-1599.859,50.235588,Flour Sack,75.0,Blueprint,,,Sack_Flour,,
SceneComponent,Loot_FlourSack_01_Spawner_C,UNP_Loot_FlourSack_01_42e60c0f2dfe0fa8_0,-13177.52,-11668.28,1096.2545,Flour Sack,75.0,Blueprint,,,Sack_Flour,,
SceneComponent,Loot_FlourSack_01_Spawner_C,UNP_Loot_FlourSack_01_55a6bec73623a530_1,-23419.738,-575.50195,1146.1509,Flour Sack,75.0,Blueprint,,,Sack_Flour,,
SceneComponent,Loot_FlourSack_01_Spawner_C,UNP_Loot_FlourSack_01_5cd45a4e3089d131_0,-29419.05,-6793.185,1738.912,Flour Sack,75.0,Blueprint,,,Sack_Flour,,
SceneComponent,Loot_FlourSack_01_Spawner_C,UNP_Loot_FlourSack_01_6a57fb446f5d8331_0,-13303.792,-7248.8345,216.82828,Flour Sack,75.0,Blueprint,,,Sack_Flour,,
SceneComponent,Loot_FlourSack_01_Spawner_C,UNP_Loot_FlourSack_01_72f947788fc8d049_0,-15576.667,-22945.053,1866.8254,Flour Sack,75.0,Blueprint,,,Sack_Flour,,
SceneComponent,Loot_FlourSack_01_Spawner_C,UNP_Loot_FlourSack_01_820a62528fd59b48_0,-23222.21,1258.1287,1144.6605,Flour Sack,75.0,Blueprint,,,Sack_Flour,,
SceneComponent,Loot_FlourSack_01_Spawner_C,UNP_Loot_FlourSack_01_86c512f54e194035_0,11874.505,16670.838,888.2675,Flour Sack,75.0,Blueprint,,,Sack_Flour,,
SceneComponent,Loot_FlourSack_01_Spawner_C,UNP_Loot_FlourSack_01_87b992742dde25e3_0,-25474.465,-4475.5405,1909.2216,Flour Sack,75.0,Blueprint,,,Sack_Flour,,
SceneComponent,Loot_FlourSack_01_Spawner_C,UNP_Loot_FlourSack_01_90429aff829b7e94_0,2681.3247,-10538.326,1410.4396,Flour Sack,75.0,Blueprint,,,Sack_Flour,,
SceneComponent,Loot_FlourSack_01_Spawner_C,UNP_Loot_FlourSack_01_95a3bfba9bd6bbbe_0,-25060.797,12971.502,147.23936,Flour Sack,75.0,Blueprint,,,Sack_Flour,,
SceneComponent,Loot_FlourSack_01_Spawner_C,UNP_Loot_FlourSack_01_Spawner_UAID_0468748824943D9B02_b787c659fad3114a_1459339075,11936.981,28179.752,1222.8907,Flour Sack,75.0,Blueprint,,,Sack_Flour,,
SceneComponent,Loot_FlourSack_01_Spawner_C,UNP_Loot_FlourSack_01_Spawner_UAID_0468748824943F9B02_25a8e10f80183f94_1308701794,-35809.44,37205.426,1821.505,Flour Sack,75.0,Blueprint,,,Sack_Flour,,
SceneComponent,Loot_FlourSack_01_Spawner_C,UNP_Loot_FlourSack_01_Spawner_UAID_046874882494977D02_f5f3745e62dd497c_1269428619,-65663.266,476.30322,1707.0636,Flour Sack,75.0,Blueprint,,,Sack_Flour,,
SceneComponent,Loot_FlourSack_01_Spawner_C,UNP_Loot_FlourSack_01_Spawner_UAID_046874882494B49C02_d40d86cadf850e91_1893293092,-50737.082,-30392.432,6940.7793,Flour Sack,75.0,Blueprint,,,Sack_Flour,,
SceneComponent,Loot_FlourSack_01_Spawner_C,UNP_Loot_FlourSack_01_Spawner_UAID_046874882494B49C02_d40d86cadf850e91_1908052463,-51309.395,-31557.139,6938.348,Flour Sack,75.0,Blueprint,,,Sack_Flour,,
SceneComponent,Loot_FlourSack_01_Spawner_C,UNP_Loot_FlourSack_01_Spawner_UAID_046874882494FE9802_29c4ea76462ed633_1782621278,-31673.494,21175.04,-310.75598,Flour Sack,75.0,Blueprint,,,Sack_Flour,,
SceneComponent,Loot_FlourSack_01_Spawner_C,UNP_Loot_FlourSack_01_Spawner_UAID_D843AE1A93E5DB2C02_94cfede0b2101769_1527750138,-2736.637,-15422.097,144.55165,Flour Sack,75.0,Blueprint,,,Sack_Flour,,
SceneComponent,Loot_FlourSack_01_Spawner_C,UNP_Loot_FlourSack_01_Spawner_UAID_D843AE1A93E5DB2C02_aaf83254b61f87ff_1527750138,-49915.496,2340.7627,1398.5931,Flour Sack,75.0,Blueprint,,,Sack_Flour,,
SceneComponent,Loot_FlourSack_01_Spawner_C,UNP_Loot_FlourSack_01_Spawner_UAID_D843AE1A93E5DB2C02_b3c492bc8f36cd7f_1527750138,-28604.955,36449.617,1310.3601,Flour Sack,75.0,Blueprint,,,Sack_Flour,,
SceneComponent,Loot_FlourSack_01_Spawner_C,UNP_Loot_FlourSack_01_Spawner_UAID_D843AE1A93E5DB2C02_c0fe8a5ec52ac32f_1527750138,-58177.715,-16449.883,4618.1357,Flour Sack,75.0,Blueprint,,,Sack_Flour,,
SceneComponent,Loot_FlourSack_01_Spawner_C,UNP_Loot_FlourSack_01_Spawner_UAID_D843AE1A93E5DB2C02_c9de26c46789113b_1527750138,-48097.316,-5322.3335,2956.1135,Flour Sack,75.0,Blueprint,,,Sack_Flour,,
SceneComponent,Loot_FlourSack_01_Spawner_C,UNP_Loot_FlourSack_01_UAID_046874882494039902_4f36605deaaf1c91_1428179757,-6299.085,18032.885,-168.5057,Flour Sack,75.0,Blueprint,,,Sack_Flour,,
SceneComponent,Loot_FlourSack_01_Spawner_C,UNP_Loot_FlourSack_01_UAID_046874882494069902_4c0740ed445982b4_2096492551,-15385.294,-10558.303,1108.6826,Flour Sack,75.0,Blueprint,,,Sack_Flour,,
SceneComponent,Loot_FlourSack_01_Spawner_C,UNP_Loot_FlourSack_01_UAID_046874882494069902_4c0740ed445982b4_2096609557,-16240.726,-12662.678,1108.6826,Flour Sack,75.0,Blueprint,,,Sack_Flour,,
SceneComponent,Loot_FlourSack_01_Spawner_C,UNP_Loot_FlourSack_01_UAID_046874882494069902_4c0740ed445982b4_2096725563,-14711.159,-11315.509,1552.2175,Flour Sack,75.0,Blueprint,,,Sack_Flour,,
SceneComponent,Loot_FlourSack_01_Spawner_C,UNP_Loot_FlourSack_01_UAID_046874882494069902_4c0740ed445982b4_2096840569,-14985.926,-10938.029,1108.6826,Flour Sack,75.0,Blueprint,,,Sack_Flour,,
SceneComponent,Loot_FlourSack_01_Spawner_C,UNP_Loot_FlourSack_01_UAID_046874882494069902_4c0740ed445982b4_2096957575,-14986.896,-10848.872,1108.6826,Flour Sack,75.0,Blueprint,,,Sack_Flour,,
SceneComponent,Loot_FlourSack_01_Spawner_C,UNP_Loot_FlourSack_01_UAID_046874882494069902_4c0740ed445982b4_2097072581,-15181.611,-10316.462,1337.3363,Flour Sack,75.0,Blueprint,,,Sack_Flour,,
SceneComponent,Loot_FlourSack_01_Spawner_C,UNP_Loot_FlourSack_01_UAID_046874882494069902_4c0740ed445982b4_2097186586,-15296.48,-10540.515,1108.6826,Flour Sack,75.0,Blueprint,,,Sack_Flour,,
SceneComponent,Loot_FlourSack_01_Spawner_C,UNP_Loot_FlourSack_01_UAID_046874882494069902_4c0740ed445982b4_2097303592,-15065.986,-10419.363,1108.6826,Flour Sack,75.0,Blueprint,,,Sack_Flour,,
SceneComponent,Loot_FlourSack_01_Spawner_C,UNP_Loot_FlourSack_01_UAID_046874882494069902_4c0740ed445982b4_2097420598,-14883.605,-11163.553,1108.6826,Flour Sack,75.0,Blueprint,,,Sack_Flour,,
SceneComponent,Loot_FlourSack_01_Spawner_C,UNP_Loot_FlourSack_01_UAID_046874882494089902_4fd79de106d61a35_1093796562,-14172.614,-13269.549,1115.14,Flour Sack,75.0,Blueprint,,,Sack_Flour,,
SceneComponent,Loot_FlourSack_01_Spawner_C,UNP_Loot_FlourSack_01_UAID_046874882494089902_4fd79de106d61a35_1093803565,-14007.558,-13427.655,1349.8772,Flour Sack,75.0,Blueprint,,,Sack_Flour,,
SceneComponent,Loot_FlourSack_01_Spawner_C,UNP_Loot_FlourSack_01_UAID_046874882494089902_4fd79de106d61a35_1093805567,-13858.251,-13270.265,1136.5326,Flour Sack,75.0,Blueprint,,,Sack_Flour,,
SceneComponent,Loot_FlourSack_01_Spawner_C,UNP_Loot_FlourSack_01_UAID_046874882494089902_4fd79de106d61a35_1093878579,-17557.438,-11074.022,1087.6844,Flour Sack,75.0,Blueprint,,,Sack_Flour,,
SceneComponent,Loot_FlourSack_01_Spawner_C,UNP_Loot_FlourSack_01_UAID_046874882494089902_4fd79de106d61a35_1099660964,-17182.75,-11475.907,1234.5913,Flour Sack,75.0,Blueprint,,,Sack_Flour,,
SceneComponent,Loot_FlourSack_01_Spawner_C,UNP_Loot_FlourSack_01_UAID_046874882494089902_4fd79de106d61a35_1099664966,-17135.373,-11234.891,1099.9409,Flour Sack,75.0,Blueprint,,,Sack_Flour,,
SceneComponent,Loot_FlourSack_01_Spawner_C,UNP_Loot_FlourSack_01_UAID_046874882494089902_4fd79de106d61a35_1099666968,-17334.627,-11441.28,1095.4448,Flour Sack,75.0,Blueprint,,,Sack_Flour,,
SceneComponent,Loot_FlourSack_01_Spawner_C,UNP_Loot_FlourSack_01_UAID_046874882494089902_4fd79de106d61a35_1102328405,-15597.903,-10584.609,1097.925,Flour Sack,75.0,Blueprint,,,Sack_Flour,,
SceneComponent,Loot_FlourSack_01_Spawner_C,UNP_Loot_FlourSack_01_UAID_046874882494089902_4fd79de106d61a35_1102390411,-15795.856,-10930.405,1097.925,Flour Sack,75.0,Blueprint,,,Sack_Flour,,
SceneComponent,Loot_FlourSack_01_Spawner_C,UNP_Loot_FlourSack_01_UAID_046874882494089902_4fd79de106d61a35_1106419889,-13667.9375,-10573.218,1087.6844,Flour Sack,75.0,Blueprint,,,Sack_Flour,,
SceneComponent,Loot_FlourSack_01_Spawner_C,UNP_Loot_FlourSack_01_UAID_0468748824941A9902_5cd45a4e3089d131_1786092619,-29297.367,-7211.577,2225.8354,Flour Sack,75.0,Blueprint,,,Sack_Flour,,
SceneComponent,Loot_FlourSack_01_Spawner_C,UNP_Loot_FlourSack_01_UAID_0468748824941A9902_d7ab05e04fd848b6_1786092619,-24675.426,-10780.895,2226.978,Flour Sack,75.0,Blueprint,,,Sack_Flour,,
SceneComponent,Loot_FlourSack_01_Spawner_C,UNP_Loot_FlourSack_01_UAID_046874882494359A02_afe4a3bbeb7c2068_1290457146,4320.66,-11259.3,1417.1846,Flour Sack,75.0,Blueprint,,,Sack_Flour,,
SceneComponent,Loot_FlourSack_01_Spawner_C,UNP_Loot_FlourSack_01_UAID_046874882494449B02_566cfd8f809d947c_1513406078,8732.04,-21264.297,111.65038,Flour Sack,75.0,Blueprint,,,Sack_Flour,,
SceneComponent,Loot_FlourSack_01_Spawner_C,UNP_Loot_FlourSack_01_UAID_0468748824944C9B02_d0e23cfe7f59ca33_2006370742,-24714.139,-5762.2227,1768.6058,Flour Sack,75.0,Blueprint,,,Sack_Flour,,
SceneComponent,Loot_FlourSack_01_Spawner_C,UNP_Loot_FlourSack_01_UAID_0468748824944C9B02_d0e23cfe7f59ca33_2006381766,-24953.389,-5872.168,2123.4424,Flour Sack,75.0,Blueprint,,,Sack_Flour,,
SceneComponent,Loot_FlourSack_01_Spawner_C,UNP_Loot_FlourSack_01_UAID_0468748824944C9B02_d0e23cfe7f59ca33_2006388782,-25050.408,-4954.6504,1769.1147,Flour Sack,75.0,Blueprint,,,Sack_Flour,,
SceneComponent,Loot_FlourSack_01_Spawner_C,UNP_Loot_FlourSack_01_UAID_0468748824944C9B02_e1ce29a85d20fd8c_2006370742,-14046.102,-36921.094,928.29834,Flour Sack,75.0,Blueprint,,,Sack_Flour,,
SceneComponent,Loot_FlourSack_01_Spawner_C,UNP_Loot_FlourSack_01_UAID_0468748824944C9B02_e1ce29a85d20fd8c_2006381766,-13890.763,-37133.69,1283.1348,Flour Sack,75.0,Blueprint,,,Sack_Flour,,
SceneComponent,Loot_FlourSack_01_Spawner_C,UNP_Loot_FlourSack_01_UAID_0468748824944C9B02_e1ce29a85d20fd8c_2006388782,-14770.645,-37411.29,928.80725,Flour Sack,75.0,Blueprint,,,Sack_Flour,,
SceneComponent,Loot_FlourSack_01_Spawner_C,UNP_Loot_FlourSack_01_UAID_0468748824944D9B02_925fe67b578e1df0_1448944215,-2442.224,19756.55,241.74878,Flour Sack,75.0,Blueprint,,,Sack_Flour,,
SceneComponent,Loot_FlourSack_01_Spawner_C,UNP_Loot_FlourSack_01_UAID_0468748824944D9B02_925fe67b578e1df0_1449013221,-2539.9583,19582.863,241.74878,Flour Sack,75.0,Blueprint,,,Sack_Flour,,
SceneComponent,Loot_FlourSack_01_Spawner_C,UNP_Loot_FlourSack_01_UAID_0468748824944D9B02_984f965975ddf80a_1448944215,-57885.297,20077.979,16.252544,Flour Sack,75.0,Blueprint,,,Sack_Flour,,
SceneComponent,Loot_FlourSack_01_Spawner_C,UNP_Loot_FlourSack_01_UAID_0468748824944D9B02_984f965975ddf80a_1449013221,-57695.01,20018.723,16.252544,Flour Sack,75.0,Blueprint,,,Sack_Flour,,
SceneComponent,Loot_FlourSack_01_Spawner_C,UNP_Loot_FlourSack_01_UAID_0468748824944E8902_1c556f47455d4841_1143059735,-2500.5989,3006.3113,-569.9658,Flour Sack,75.0,Blueprint,,,Sack_Flour,,
SceneComponent,Loot_FlourSack_01_Spawner_C,UNP_Loot_FlourSack_01_UAID_0468748824944E8902_1c556f47455d4841_1143505743,-2729.7883,2587.1008,422.22003,Flour Sack,75.0,Blueprint,,,Sack_Flour,,
SceneComponent,Loot_FlourSack_01_Spawner_C,UNP_Loot_FlourSack_01_UAID_0468748824944E8902_1c556f47455d4841_1146461772,-3123.997,2978.785,421.96326,Flour Sack,75.0,Blueprint,,,Sack_Flour,,
SceneComponent,Loot_FlourSack_01_Spawner_C,UNP_Loot_FlourSack_01_UAID_0468748824944E8902_1c556f47455d4841_1147144783,-3041.9495,2509.452,302.83313,Flour Sack,75.0,Blueprint,,,Sack_Flour,,
SceneComponent,Loot_FlourSack_01_Spawner_C,UNP_Loot_FlourSack_01_UAID_0468748824944E8902_1c556f47455d4841_1147369789,-3050.7197,2609.6956,302.6427,Flour Sack,75.0,Blueprint,,,Sack_Flour,,
SceneComponent,Loot_FlourSack_01_Spawner_C,UNP_Loot_FlourSack_01_UAID_0468748824944E8902_1c556f47455d4841_1254905208,-3088.5913,500.51102,-71.41136,Flour Sack,75.0,Blueprint,,,Sack_Flour,,
SceneComponent,Loot_FlourSack_01_Spawner_C,UNP_Loot_FlourSack_01_UAID_0468748824944F9B02_4cae16ed3344ca34_1287557820,-17685.986,33676.07,-147.58119,Flour Sack,75.0,Blueprint,,,Sack_Flour,,
SceneComponent,Loot_FlourSack_01_Spawner_C,UNP_Loot_FlourSack_01_UAID_046874882494549802_85bb18fbbf27a88e_1870916983,-27199.678,-7343.6416,2055.6716,Flour Sack,75.0,Blueprint,,,Sack_Flour,,
SceneComponent,Loot_FlourSack_01_Spawner_C,UNP_Loot_FlourSack_01_UAID_046874882494549802_85bb18fbbf27a88e_1871062989,-27546.205,-7671.989,2055.9854,Flour Sack,75.0,Blueprint,,,Sack_Flour,,
SceneComponent,Loot_FlourSack_01_Spawner_C,UNP_Loot_FlourSack_01_UAID_046874882494549802_85bb18fbbf27a88e_1871211995,-27290.373,-7591.9414,2055.6716,Flour Sack,75.0,Blueprint,,,Sack_Flour,,
SceneComponent,Loot_FlourSack_01_Spawner_C,UNP_Loot_FlourSack_01_UAID_046874882494549802_85bb18fbbf27a88e_1871363001,-27116.598,-7341.108,2055.6716,Flour Sack,75.0,Blueprint,,,Sack_Flour,,
SceneComponent,Loot_FlourSack_01_Spawner_C,UNP_Loot_FlourSack_01_UAID_0468748824945C9802_9fac250d5149b043_1873841845,-15564.708,22187.057,64.92568,Flour Sack,75.0,Blueprint,,,Sack_Flour,,
SceneComponent,Loot_FlourSack_01_Spawner_C,UNP_Loot_FlourSack_01_UAID_0468748824945C9802_bda10b7c50163ff5_1873841845,-16844.826,19309.643,62.38803,Flour Sack,75.0,Blueprint,,,Sack_Flour,,
SceneComponent,Loot_FlourSack_01_Spawner_C,UNP_Loot_FlourSack_01_UAID_046874882494609802_170009526a2c1544_1810461959,-27960.764,-4509.2437,2253.7358,Flour Sack,75.0,Blueprint,,,Sack_Flour,,
SceneComponent,Loot_FlourSack_01_Spawner_C,UNP_Loot_FlourSack_01_UAID_046874882494609802_170009526a2c1544_1810628964,-27381.4,-4500.543,2253.7358,Flour Sack,75.0,Blueprint,,,Sack_Flour,,
SceneComponent,Loot_FlourSack_01_Spawner_C,UNP_Loot_FlourSack_01_UAID_046874882494609802_170009526a2c1544_1810804972,-27120.867,-4272.625,2253.7358,Flour Sack,75.0,Blueprint,,,Sack_Flour,,
SceneComponent,Loot_FlourSack_01_Spawner_C,UNP_Loot_FlourSack_01_UAID_046874882494619802_126232618081b8ee_1318439319,-25658.842,-10540.884,2137.721,Flour Sack,75.0,Blueprint,,,Sack_Flour,,
SceneComponent,Loot_FlourSack_01_Spawner_C,UNP_Loot_FlourSack_01_UAID_046874882494619802_126232618081b8ee_1318610325,-26666.22,-9508.984,2137.839,Flour Sack,75.0,Blueprint,,,Sack_Flour,,
SceneComponent,Loot_FlourSack_01_Spawner_C,UNP_Loot_FlourSack_01_UAID_046874882494619802_126232618081b8ee_1318786331,-26150.68,-9579.15,2138.5615,Flour Sack,75.0,Blueprint,,,Sack_Flour,,
SceneComponent,Loot_FlourSack_01_Spawner_C,UNP_Loot_FlourSack_01_UAID_046874882494619802_126232618081b8ee_1318964337,-26179.803,-9665.549,2138.5615,Flour Sack,75.0,Blueprint,,,Sack_Flour,,
SceneComponent,Loot_FlourSack_01_Spawner_C,UNP_Loot_FlourSack_01_UAID_046874882494619802_126232618081b8ee_1319146343,-26827.225,-9480.264,1433.2839,Flour Sack,75.0,Blueprint,,,Sack_Flour,,
SceneComponent,Loot_FlourSack_01_Spawner_C,UNP_Loot_FlourSack_01_UAID_046874882494619802_126232618081b8ee_1319329349,-26682.637,-9463.196,1410.2047,Flour Sack,75.0,Blueprint,,,Sack_Flour,,
SceneComponent,Loot_FlourSack_01_Spawner_C,UNP_Loot_FlourSack_01_UAID_046874882494619802_126232618081b8ee_1319497355,-26714.63,-9356.876,1433.2839,Flour Sack,75.0,Blueprint,,,Sack_Flour,,
SceneComponent,Loot_FlourSack_01_Spawner_C,UNP_Loot_FlourSack_01_UAID_0468748824947D8B02_7bc00f6ec963c845_2129224551,20944.656,-9902.206,2460.7666,Flour Sack,75.0,Blueprint,,,Sack_Flour,,
SceneComponent,Loot_FlourSack_01_Spawner_C,UNP_Loot_FlourSack_01_UAID_046874882494859A02_367755be1ccb9d60_1585561631,-28081.953,-3983.2944,1744.6611,Flour Sack,75.0,Blueprint,,,Sack_Flour,,
SceneComponent,Loot_FlourSack_01_Spawner_C,UNP_Loot_FlourSack_01_UAID_046874882494859A02_367755be1ccb9d60_1585630677,-31749.799,-5907.555,1672.2703,Flour Sack,75.0,Blueprint,,,Sack_Flour,,
SceneComponent,Loot_FlourSack_01_Spawner_C,UNP_Loot_FlourSack_01_UAID_046874882494859A02_367755be1ccb9d60_1585646688,-24464.914,-9536.03,1742.1823,Flour Sack,75.0,Blueprint,,,Sack_Flour,,
SceneComponent,Loot_FlourSack_01_Spawner_C,UNP_Loot_FlourSack_01_UAID_046874882494859A02_367755be1ccb9d60_1585745739,-24401.904,-9815.902,1746.6783,Flour Sack,75.0,Blueprint,,,Sack_Flour,,
SceneComponent,Loot_FlourSack_01_Spawner_C,UNP_Loot_FlourSack_01_UAID_046874882494859A02_367755be1ccb9d60_1585822787,-24582.752,-9632.41,1878.2574,Flour Sack,75.0,Blueprint,,,Sack_Flour,,
SceneComponent,Loot_FlourSack_01_Spawner_C,UNP_Loot_FlourSack_01_UAID_046874882494977D02_f5f3745e62dd497c_1270056664,-67308.516,-718.7059,1701.7683,Flour Sack,75.0,Blueprint,,,Sack_Flour,,
SceneComponent,Loot_FlourSack_01_Spawner_C,UNP_Loot_FlourSack_01_UAID_046874882494977D02_f5f3745e62dd497c_1329884981,-65460.54,-3181.0354,1696.5684,Flour Sack,75.0,Blueprint,,,Sack_Flour,,
SceneComponent,Loot_FlourSack_01_Spawner_C,UNP_Loot_FlourSack_01_UAID_0468748824949AD502_6bf7ed90f87edc78_2031202313,-7671.545,-15752.785,1891.8939,Flour Sack,75.0,Blueprint,,,Sack_Flour,,
SceneComponent,Loot_FlourSack_01_Spawner_C,UNP_Loot_FlourSack_01_UAID_0468748824949AD502_6bf7ed90f87edc78_2038375429,-7734.952,-16190.899,4065.5132,Flour Sack,75.0,Blueprint,,,Sack_Flour,,
SceneComponent,Loot_FlourSack_01_Spawner_C,UNP_Loot_FlourSack_01_UAID_0468748824949CD502_37bd26559c49d275_1327472118,-8944.402,-17161.172,1893.595,Flour Sack,75.0,Blueprint,,,Sack_Flour,,
SceneComponent,Loot_FlourSack_01_Spawner_C,UNP_Loot_FlourSack_01_UAID_046874882494B49C02_d40d86cadf850e91_1906682339,-51630.562,-32748.564,7055.3193,Flour Sack,75.0,Blueprint,,,Sack_Flour,,
SceneComponent,Loot_FlourSack_01_Spawner_C,UNP_Loot_FlourSack_01_UAID_046874882494D39502_c28b544d044813cd_1677636534,-37231.637,-26896.018,7004.428,Flour Sack,75.0,Blueprint,,,Sack_Flour,,
SceneComponent,Loot_FlourSack_01_Spawner_C,UNP_Loot_FlourSack_01_UAID_046874882494D39502_c28b544d044813cd_1677640537,-37435.895,-26793.453,7239.1655,Flour Sack,75.0,Blueprint,,,Sack_Flour,,
SceneComponent,Loot_FlourSack_01_Spawner_C,UNP_Loot_FlourSack_01_UAID_046874882494D39502_c28b544d044813cd_1677642539,-37532.305,-26987.797,7025.821,Flour Sack,75.0,Blueprint,,,Sack_Flour,,
SceneComponent,Loot_FlourSack_01_Spawner_C,UNP_Loot_FlourSack_01_UAID_046874882494D39502_c28b544d044813cd_1678018751,-38654.04,-24874.062,6989.2803,Flour Sack,75.0,Blueprint,,,Sack_Flour,,
SceneComponent,Loot_FlourSack_01_Spawner_C,UNP_Loot_FlourSack_01_UAID_046874882494D39502_c28b544d044813cd_1678021753,-38161.91,-25022.607,6941.3154,Flour Sack,75.0,Blueprint,,,Sack_Flour,,
SceneComponent,Loot_FlourSack_01_Spawner_C,UNP_Loot_FlourSack_01_UAID_046874882494D39502_c28b544d044813cd_1678040766,-38718.3,-25633.02,6987.7666,Flour Sack,75.0,Blueprint,,,Sack_Flour,,
SceneComponent,Loot_FlourSack_01_Spawner_C,UNP_Loot_FlourSack_01_UAID_046874882494D39502_c28b544d044813cd_1678043768,-38662.15,-25385.709,6987.7666,Flour Sack,75.0,Blueprint,,,Sack_Flour,,
SceneComponent,Loot_FlourSack_01_Spawner_C,UNP_Loot_FlourSack_01_UAID_046874882494D99A02_7895f44951635563_1817412579,-46741.527,-10206.521,2954.816,Flour Sack,75.0,Blueprint,,,Sack_Flour,,
SceneComponent,Loot_FlourSack_01_Spawner_C,UNP_Loot_FlourSack_01_UAID_046874882494DB9A02_a595927790dec5fd_2083770075,-47701.81,-7702.161,3439.7715,Flour Sack,75.0,Blueprint,,,Sack_Flour,,
SceneComponent,Loot_FlourSack_01_Spawner_C,UNP_Loot_FlourSack_01_UAID_046874882494DD9A02_1bef1ea065e33b47_1606751750,-46866.664,-6648.636,3065.1965,Flour Sack,75.0,Blueprint,,,Sack_Flour,,
SceneComponent,Loot_FlourSack_01_Spawner_C,UNP_Loot_FlourSack_01_UAID_046874882494DD9A02_1bef1ea065e33b47_1645139745,-49522.35,-9575.382,2956.406,Flour Sack,75.0,Blueprint,,,Sack_Flour,,
SceneComponent,Loot_FlourSack_01_Spawner_C,UNP_Loot_FlourSack_01_UAID_046874882494ED9302_665a04c56e1f24ee_2136862529,-35019.09,-25690.678,8139.599,Flour Sack,75.0,Blueprint,,,Sack_Flour,,
SceneComponent,Loot_FlourSack_01_Spawner_C,UNP_Loot_FlourSack_01_UAID_046874882494F39502_fa61c736281e8a8a_1298872574,-37886.36,-31279.605,6995.8306,Flour Sack,75.0,Blueprint,,,Sack_Flour,,
SceneComponent,Loot_FlourSack_01_Spawner_C,UNP_Loot_FlourSack_01_UAID_046874882494F39502_fa61c736281e8a8a_1298985580,-38274.95,-31447.383,6995.8306,Flour Sack,75.0,Blueprint,,,Sack_Flour,,
SceneComponent,Loot_FlourSack_01_Spawner_C,UNP_Loot_FlourSack_01_UAID_046874882494F39502_fa61c736281e8a8a_1299101586,-38111.76,-31464.521,6995.8306,Flour Sack,75.0,Blueprint,,,Sack_Flour,,
SceneComponent,Loot_FlourSack_01_Spawner_C,UNP_Loot_FlourSack_01_UAID_046874882494F39502_fa61c736281e8a8a_1299215592,-37853.37,-31451.332,6995.8306,Flour Sack,75.0,Blueprint,,,Sack_Flour,,
SceneComponent,Loot_FlourSack_01_Spawner_C,UNP_Loot_FlourSack_01_UAID_046874882494F39502_fa61c736281e8a8a_1306694368,-40691.66,-30352.738,6993.67,Flour Sack,75.0,Blueprint,,,Sack_Flour,,
SceneComponent,Loot_FlourSack_01_Spawner_C,UNP_Loot_FlourSack_01_UAID_046874882494F39502_fa61c736281e8a8a_1306697370,-40565.453,-30452.438,6925.969,Flour Sack,75.0,Blueprint,,,Sack_Flour,,
SceneComponent,Loot_FlourSack_01_Spawner_C,UNP_Loot_FlourSack_01_UAID_046874882494F39502_fa61c736281e8a8a_1306699372,-41222.0,-29911.578,7001.765,Flour Sack,75.0,Blueprint,,,Sack_Flour,,
SceneComponent,Loot_FlourSack_01_Spawner_C,UNP_Loot_FlourSack_01_UAID_046874882494F39502_fa61c736281e8a8a_1307089420,-39040.38,-30638.533,7030.843,Flour Sack,75.0,Blueprint,,,Sack_Flour,,
SceneComponent,Loot_FlourSack_01_Spawner_C,UNP_Loot_FlourSack_01_UAID_046874882494F39502_fa61c736281e8a8a_1307092422,-39006.383,-30487.018,6966.42,Flour Sack,75.0,Blueprint,,,Sack_Flour,,
SceneComponent,Loot_FlourSack_01_Spawner_C,UNP_Loot_FlourSack_01_UAID_046874882494F89A02_86279adec2ec3b27_1889489669,-16222.882,18374.412,-558.41925,Flour Sack,75.0,Blueprint,,,Sack_Flour,,
SceneComponent,Loot_FlourSack_01_Spawner_C,UNP_Loot_FlourSack_01_UAID_046874882494F89A02_86279adec2ec3b27_1889960689,-14834.76,19163.166,-637.1703,Flour Sack,75.0,Blueprint,,,Sack_Flour,,
SceneComponent,Loot_FlourSack_01_Spawner_C,UNP_Loot_FlourSack_01_UAID_046874882494F89A02_86279adec2ec3b27_1893683774,-15630.524,18677.328,-614.0822,Flour Sack,75.0,Blueprint,,,Sack_Flour,,
SceneComponent,Loot_FlourSack_01_Spawner_C,UNP_Loot_FlourSack_01_UAID_046874882494F89A02_86279adec2ec3b27_1893798781,-16098.786,18557.434,-554.77893,Flour Sack,75.0,Blueprint,,,Sack_Flour,,
SceneComponent,Loot_FlourSack_01_Spawner_C,UNP_Loot_FlourSack_01_UAID_046874882494F89A02_86279adec2ec3b27_1895204825,-15526.354,19183.658,186.35785,Flour Sack,75.0,Blueprint,,,Sack_Flour,,
SceneComponent,Loot_FlourSack_01_Spawner_C,UNP_Loot_FlourSack_01_UAID_046874882494F89A02_86279adec2ec3b27_1896201880,-15599.024,18434.234,-617.4167,Flour Sack,75.0,Blueprint,,,Sack_Flour,,
SceneComponent,Loot_FlourSack_01_Spawner_C,UNP_Loot_FlourSack_01_UAID_046874882494F89A02_86279adec2ec3b27_1899946960,-14696.649,18441.047,-613.84766,Flour Sack,75.0,Blueprint,,,Sack_Flour,,
SceneComponent,Loot_FlourSack_01_Spawner_C,UNP_Loot_FlourSack_01_UAID_046874882494F89A02_86279adec2ec3b27_1900184968,-14861.27,18954.213,-619.0004,Flour Sack,75.0,Blueprint,,,Sack_Flour,,
SceneComponent,Loot_FlourSack_01_Spawner_C,UNP_Loot_FlourSack_01_UAID_046874882494F89A02_86279adec2ec3b27_1901844021,-14351.958,18763.797,-615.86646,Flour Sack,75.0,Blueprint,,,Sack_Flour,,
SceneComponent,Loot_FlourSack_01_Spawner_C,UNP_Loot_FlourSack_01_UAID_046874882494F89A02_86279adec2ec3b27_1902183031,-14754.241,19424.549,-614.84595,Flour Sack,75.0,Blueprint,,,Sack_Flour,,
SceneComponent,Loot_FlourSack_01_Spawner_C,UNP_Loot_FlourSack_01_UAID_046874882494F89A02_86279adec2ec3b27_1905470125,-14556.626,18873.293,-615.4763,Flour Sack,75.0,Blueprint,,,Sack_Flour,,
SceneComponent,Loot_FlourSack_01_Spawner_C,UNP_Loot_FlourSack_01_UAID_046874882494F89A02_86279adec2ec3b27_1906369145,-14611.732,18522.457,-613.84766,Flour Sack,75.0,Blueprint,,,Sack_Flour,,
SceneComponent,Loot_FlourSack_01_Spawner_C,UNP_Loot_FlourSack_01_UAID_046874882494F89A02_86279adec2ec3b27_1907765191,-14347.799,18853.26,565.9731,Flour Sack,75.0,Blueprint,,,Sack_Flour,,
SceneComponent,Loot_FlourSack_01_Spawner_C,UNP_Loot_FlourSack_01_UAID_046874882494F89A02_86279adec2ec3b27_1907877197,-16155.186,18822.67,-615.02686,Flour Sack,75.0,Blueprint,,,Sack_Flour,,
SceneComponent,Loot_FlourSack_01_Spawner_C,UNP_Loot_FlourSack_01_UAID_046874882494F89A02_86279adec2ec3b27_1907989203,-16186.602,18791.416,185.10464,Flour Sack,75.0,Blueprint,,,Sack_Flour,,
SceneComponent,Loot_FlourSack_01_Spawner_C,UNP_Loot_FlourSack_01_UAID_046874882494F89A02_86279adec2ec3b27_1908102209,-14234.7295,18604.67,566.155,Flour Sack,75.0,Blueprint,,,Sack_Flour,,
SceneComponent,Loot_FlourSack_01_Spawner_C,UNP_Loot_FlourSack_01_UAID_046874882494F89A02_86279adec2ec3b27_1908217214,-15283.204,18526.873,184.97314,Flour Sack,75.0,Blueprint,,,Sack_Flour,,
SceneComponent,Loot_FlourSack_01_Spawner_C,UNP_Loot_FlourSack_01_UAID_046874882494F89A02_86279adec2ec3b27_1908452229,-14398.7,18285.697,565.9731,Flour Sack,75.0,Blueprint,,,Sack_Flour,,
SceneComponent,Loot_FlourSack_01_Spawner_C,UNP_Loot_FlourSack_01_UAID_046874882494F89A02_86279adec2ec3b27_1908563235,-15977.581,18653.65,184.97314,Flour Sack,75.0,Blueprint,,,Sack_Flour,,
SceneComponent,Loot_FlourSack_01_Spawner_C,UNP_Loot_FlourSack_01_UAID_046874882494F89A02_86279adec2ec3b27_1908799254,-14018.967,18088.182,-614.7544,Flour Sack,75.0,Blueprint,,,Sack_Flour,,
SceneComponent,Loot_FlourSack_01_Spawner_C,UNP_Loot_FlourSack_01_UAID_046874882494F89A02_86279adec2ec3b27_1908911260,-14803.789,18731.68,184.81924,Flour Sack,75.0,Blueprint,,,Sack_Flour,,
SceneComponent,Loot_FlourSack_01_Spawner_C,UNP_Loot_FlourSack_01_UAID_046874882494F89A02_86279adec2ec3b27_1909145274,-14098.979,19269.715,-295.02695,Flour Sack,75.0,Blueprint,,,Sack_Flour,,
SceneComponent,Loot_FlourSack_01_Spawner_C,UNP_Loot_FlourSack_01_UAID_046874882494F89A02_86279adec2ec3b27_1909377288,-15801.557,18379.178,-558.00275,Flour Sack,75.0,Blueprint,,,Sack_Flour,,
SceneComponent,Loot_FlourSack_01_Spawner_C,UNP_Loot_FlourSack_01_UAID_046874882494F89A02_86279adec2ec3b27_1909491294,-14776.543,18937.715,-660.1255,Flour Sack,75.0,Blueprint,,,Sack_Flour,,
SceneComponent,Loot_FlourSack_01_Spawner_C,UNP_Loot_FlourSack_01_UAID_046874882494F89A02_86279adec2ec3b27_1909728314,-15126.466,18679.094,-615.02686,Flour Sack,75.0,Blueprint,,,Sack_Flour,,
SceneComponent,Loot_FlourSack_01_Spawner_C,UNP_Loot_FlourSack_01_UAID_046874882494F89A02_86279adec2ec3b27_1909841320,-14931.208,18081.045,184.97313,Flour Sack,75.0,Blueprint,,,Sack_Flour,,
SceneComponent,Loot_FlourSack_01_Spawner_C,UNP_Loot_FlourSack_01_UAID_046874882494F89A02_86279adec2ec3b27_1909953326,-16024.19,18982.477,-615.02686,Flour Sack,75.0,Blueprint,,,Sack_Flour,,
SceneComponent,Loot_FlourSack_01_Spawner_C,UNP_Loot_FlourSack_01_UAID_046874882494F89A02_86279adec2ec3b27_1910067332,-14497.833,18224.104,184.81924,Flour Sack,75.0,Blueprint,,,Sack_Flour,,
SceneComponent,Loot_FlourSack_01_Spawner_C,UNP_Loot_FlourSack_01_UAID_046874882494F89A02_86279adec2ec3b27_1910176337,-14137.145,18775.652,-703.71564,Flour Sack,75.0,Blueprint,,,Sack_Flour,,
SceneComponent,Loot_FlourSack_01_Spawner_C,UNP_Loot_FlourSack_01_UAID_046874882494F89A02_86279adec2ec3b27_1910411352,-14471.63,18230.719,565.9731,Flour Sack,75.0,Blueprint,,,Sack_Flour,,
SceneComponent,Loot_FlourSack_01_Spawner_C,UNP_Loot_FlourSack_01_UAID_046874882494F89A02_86279adec2ec3b27_1910524358,-15895.049,20149.8,186.9731,Flour Sack,75.0,Blueprint,,,Sack_Flour,,
SceneComponent,Loot_FlourSack_01_Spawner_C,UNP_Loot_FlourSack_01_UAID_046874882494F89A02_86279adec2ec3b27_1910636364,-13908.229,18971.031,184.81924,Flour Sack,75.0,Blueprint,,,Sack_Flour,,
SceneComponent,Loot_FlourSack_01_Spawner_C,UNP_Loot_FlourSack_01_UAID_046874882494F89A02_86279adec2ec3b27_1910748370,-14461.837,18392.164,184.81924,Flour Sack,75.0,Blueprint,,,Sack_Flour,,
SceneComponent,Loot_FlourSack_01_Spawner_C,UNP_Loot_FlourSack_01_UAID_046874882494F89A02_86279adec2ec3b27_1910977383,-15724.745,19180.504,-615.02686,Flour Sack,75.0,Blueprint,,,Sack_Flour,,
SceneComponent,Loot_FlourSack_01_Spawner_C,UNP_Loot_FlourSack_01_UAID_046874882494F89A02_86279adec2ec3b27_1911091389,-15131.066,19158.04,184.89545,Flour Sack,75.0,Blueprint,,,Sack_Flour,,
SceneComponent,Loot_FlourSack_01_Spawner_C,UNP_Loot_FlourSack_01_UAID_046874882494F89A02_86279adec2ec3b27_1911338408,-15633.589,18205.273,-615.94684,Flour Sack,75.0,Blueprint,,,Sack_Flour,,
SceneComponent,Loot_FlourSack_01_Spawner_C,UNP_Loot_FlourSack_01_UAID_046874882494F89A02_86279adec2ec3b27_1911452413,-15840.736,18252.848,186.11766,Flour Sack,75.0,Blueprint,,,Sack_Flour,,
SceneComponent,Loot_FlourSack_01_Spawner_C,UNP_Loot_FlourSack_01_UAID_046874882494FA9A02_494699353dfaa609_1772468084,-10690.344,22269.238,-477.83655,Flour Sack,75.0,Blueprint,,,Sack_Flour,,
SceneComponent,Loot_FlourSack_01_Spawner_C,UNP_Loot_FlourSack_01_UAID_046874882494FA9A02_494699353dfaa609_1772708093,-10511.001,21776.041,-474.48126,Flour Sack,75.0,Blueprint,,,Sack_Flour,,
SceneComponent,Loot_FlourSack_01_Spawner_C,UNP_Loot_FlourSack_01_UAID_046874882494FA9A02_494699353dfaa609_1772788100,-10519.846,21400.355,-476.57352,Flour Sack,75.0,Blueprint,,,Sack_Flour,,
SceneComponent,Loot_FlourSack_01_Spawner_C,UNP_Loot_FlourSack_01_UAID_046874882494FA9A02_494699353dfaa609_1772863104,-10369.405,22133.855,-476.40402,Flour Sack,75.0,Blueprint,,,Sack_Flour,,
SceneComponent,Loot_FlourSack_01_Spawner_C,UNP_Loot_FlourSack_01_UAID_046874882494FB9A02_71619fc7e70fc919_1218293047,-12986.1,18703.621,-291.52444,Flour Sack,75.0,Blueprint,,,Sack_Flour,,
SceneComponent,Loot_FlourSack_01_Spawner_C,UNP_Loot_FlourSack_01_UAID_046874882494FB9A02_71619fc7e70fc919_1218386053,-15426.249,21031.945,-295.47964,Flour Sack,75.0,Blueprint,,,Sack_Flour,,
SceneComponent,Loot_FlourSack_01_Spawner_C,UNP_Loot_FlourSack_01_UAID_046874882494FB9A02_71619fc7e70fc919_1218479059,-12663.512,20892.574,-293.61356,Flour Sack,75.0,Blueprint,,,Sack_Flour,,
SceneComponent,Loot_FlourSack_01_Spawner_C,UNP_Loot_FlourSack_01_UAID_046874882494FB9A02_71619fc7e70fc919_1218573065,-12456.064,21024.842,-293.61356,Flour Sack,75.0,Blueprint,,,Sack_Flour,,
SceneComponent,Loot_FlourSack_01_Spawner_C,UNP_Loot_FlourSack_01_UAID_046874882494FB9A02_71619fc7e70fc919_1218667071,-12358.685,23121.102,-293.6136,Flour Sack,75.0,Blueprint,,,Sack_Flour,,
SceneComponent,Loot_FlourSack_01_Spawner_C,UNP_Loot_FlourSack_01_UAID_046874882494FB9A02_71619fc7e70fc919_1218852083,-12611.185,18305.71,-293.61374,Flour Sack,75.0,Blueprint,,,Sack_Flour,,
SceneComponent,Loot_FlourSack_01_Spawner_C,UNP_Loot_FlourSack_01_UAID_046874882494FB9A02_71619fc7e70fc919_1218942088,-12224.306,20797.252,-293.61356,Flour Sack,75.0,Blueprint,,,Sack_Flour,,
SceneComponent,Loot_FlourSack_01_Spawner_C,UNP_Loot_FlourSack_01_UAID_046874882494FB9A02_71619fc7e70fc919_1219034094,-12836.299,21573.291,-293.61356,Flour Sack,75.0,Blueprint,,,Sack_Flour,,
SceneComponent,Loot_FlourSack_01_Spawner_C,UNP_Loot_FlourSack_01_UAID_046874882494FB9A02_71619fc7e70fc919_1219311112,-13683.897,18765.232,-289.05215,Flour Sack,75.0,Blueprint,,,Sack_Flour,,
SceneComponent,Loot_FlourSack_01_Spawner_C,UNP_Loot_FlourSack_01_UAID_046874882494FB9A02_71619fc7e70fc919_1219403118,-11656.745,22514.342,-293.61356,Flour Sack,75.0,Blueprint,,,Sack_Flour,,
SceneComponent,Loot_FlourSack_01_Spawner_C,UNP_Loot_FlourSack_01_UAID_046874882494FB9A02_71619fc7e70fc919_1219680135,-13077.265,17942.01,-293.6137,Flour Sack,75.0,Blueprint,,,Sack_Flour,,
SceneComponent,Loot_FlourSack_01_Spawner_C,UNP_Loot_FlourSack_01_UAID_046874882494FB9A02_71619fc7e70fc919_1219775142,-13589.74,17911.043,-289.71387,Flour Sack,75.0,Blueprint,,,Sack_Flour,,
SceneComponent,Loot_FlourSack_01_Spawner_C,UNP_Loot_FlourSack_01_UAID_046874882494FB9A02_71619fc7e70fc919_1219867148,-13514.979,19429.451,-293.61374,Flour Sack,75.0,Blueprint,,,Sack_Flour,,
SceneComponent,Loot_FlourSack_01_Spawner_C,UNP_Loot_FlourSack_01_UAID_046874882494FB9A02_71619fc7e70fc919_1220055160,-17920.682,19848.078,-290.41284,Flour Sack,75.0,Blueprint,,,Sack_Flour,,
SceneComponent,Loot_FlourSack_01_Spawner_C,UNP_Loot_FlourSack_01_UAID_046874882494FB9A02_71619fc7e70fc919_1220331178,-14134.244,21814.91,-293.61356,Flour Sack,75.0,Blueprint,,,Sack_Flour,,
SceneComponent,Loot_FlourSack_01_Spawner_C,UNP_Loot_FlourSack_01_UAID_046874882494FB9A02_71619fc7e70fc919_1220514190,-12708.965,22638.008,-293.61353,Flour Sack,75.0,Blueprint,,,Sack_Flour,,
SceneComponent,Loot_FlourSack_01_Spawner_C,UNP_Loot_FlourSack_01_UAID_046874882494FB9A02_71619fc7e70fc919_1220790208,-13606.977,22773.729,-293.61353,Flour Sack,75.0,Blueprint,,,Sack_Flour,,
SceneComponent,Loot_FlourSack_01_Spawner_C,UNP_Loot_FlourSack_01_UAID_046874882494FB9A02_71619fc7e70fc919_1220881214,-16735.545,20522.117,-290.4128,Flour Sack,75.0,Blueprint,,,Sack_Flour,,
SceneComponent,Loot_FlourSack_01_Spawner_C,UNP_Loot_FlourSack_01_UAID_046874882494FB9A02_71619fc7e70fc919_1220971219,-12767.869,22538.299,-271.89484,Flour Sack,75.0,Blueprint,,,Sack_Flour,,
SceneComponent,Loot_FlourSack_01_Spawner_C,UNP_Loot_FlourSack_01_UAID_046874882494FB9A02_71619fc7e70fc919_1220975222,-12844.727,22323.047,-37.157654,Flour Sack,75.0,Blueprint,,,Sack_Flour,,
SceneComponent,Loot_FlourSack_01_Spawner_C,UNP_Loot_FlourSack_01_UAID_046874882494FB9A02_71619fc7e70fc919_1220976224,-12640.065,22251.086,-250.50227,Flour Sack,75.0,Blueprint,,,Sack_Flour,,
SceneComponent,Loot_FlourSack_01_Spawner_C,UNP_Loot_FlourSack_01_UAID_046874882494FB9A02_71619fc7e70fc919_1221071233,-14141.369,22759.178,-276.08496,Flour Sack,75.0,Blueprint,,,Sack_Flour,,
SceneComponent,Loot_FlourSack_01_Spawner_C,UNP_Loot_FlourSack_01_UAID_046874882494FB9A02_71619fc7e70fc919_1221078236,-14268.478,22949.137,-41.347775,Flour Sack,75.0,Blueprint,,,Sack_Flour,,
SceneComponent,Loot_FlourSack_01_Spawner_C,UNP_Loot_FlourSack_01_UAID_046874882494FB9A02_71619fc7e70fc919_1221079238,-14448.192,22827.617,-254.69238,Flour Sack,75.0,Blueprint,,,Sack_Flour,,
SceneComponent,Loot_FlourSack_01_Spawner_C,UNP_Loot_FlourSack_01_UAID_046874882494FB9A02_71619fc7e70fc919_1221174247,-13479.817,23436.627,-150.25041,Flour Sack,75.0,Blueprint,,,Sack_Flour,,
SceneComponent,Loot_FlourSack_01_Spawner_C,UNP_Loot_FlourSack_01_UAID_046874882494FB9A02_71619fc7e70fc919_1221177249,-13245.832,23511.357,-284.90082,Flour Sack,75.0,Blueprint,,,Sack_Flour,,
SceneComponent,Loot_FlourSack_01_Spawner_C,UNP_Loot_FlourSack_01_UAID_046874882494FB9A02_71619fc7e70fc919_1221179251,-13522.727,23586.375,-289.3969,Flour Sack,75.0,Blueprint,,,Sack_Flour,,
SceneComponent,Loot_FlourSack_01_Spawner_C,UNP_Loot_FlourSack_01_UAID_046874882494FB9A02_71619fc7e70fc919_1230578639,-13738.418,23602.658,-282.0444,Flour Sack,75.0,Blueprint,,,Sack_Flour,,
SceneComponent,Loot_FlourSack_01_Spawner_C,UNP_Loot_FlourSack_01_UAID_046874882494FB9A02_71619fc7e70fc919_1230870690,-18007.246,20534.193,-340.6528,Flour Sack,75.0,Blueprint,,,Sack_Flour,,
SceneComponent,Loot_FlourSack_01_Spawner_C,UNP_Loot_FlourSack_01_UAID_046874882494FB9A02_71619fc7e70fc919_1236202049,-13553.976,19641.988,-292.73022,Flour Sack,75.0,Blueprint,,,Sack_Flour,,
SceneComponent,Loot_FlourSack_01_Spawner_C,UNP_Loot_FlourSack_01_UAID_046874882494FE9802_29c4ea76462ed633_1765940504,-31652.385,23667.701,-322.47412,Flour Sack,75.0,Blueprint,,,Sack_Flour,,
SceneComponent,Loot_FlourSack_01_Spawner_C,UNP_Loot_FlourSack_01_UAID_046874882494FE9802_29c4ea76462ed633_1772185650,-33433.266,21011.492,-313.5806,Flour Sack,75.0,Blueprint,,,Sack_Flour,,
SceneComponent,Loot_FlourSack_01_Spawner_C,UNP_Loot_FlourSack_01_UAID_046874882494FE9802_29c4ea76462ed633_1772191653,-33718.11,21439.414,-361.54547,Flour Sack,75.0,Blueprint,,,Sack_Flour,,
SceneComponent,Loot_FlourSack_01_Spawner_C,UNP_Loot_FlourSack_01_UAID_046874882494FE9802_29c4ea76462ed633_1772757666,-29140.812,22116.047,-313.5806,Flour Sack,75.0,Blueprint,,,Sack_Flour,,
SceneComponent,Loot_FlourSack_01_Spawner_C,UNP_Loot_FlourSack_01_UAID_046874882494FE9802_29c4ea76462ed633_1772763669,-28920.21,22580.361,-361.5455,Flour Sack,75.0,Blueprint,,,Sack_Flour,,
SceneComponent,Loot_FlourSack_01_Spawner_C,UNP_Loot_FlourSack_01_UAID_046874882494FE9802_29c4ea76462ed633_1773310683,-31566.783,20168.285,-300.59256,Flour Sack,75.0,Blueprint,,,Sack_Flour,,
SceneComponent,Loot_FlourSack_01_Spawner_C,UNP_Loot_FlourSack_01_UAID_046874882494FE9802_29c4ea76462ed633_1773316687,-31899.232,20480.422,-306.4643,Flour Sack,75.0,Blueprint,,,Sack_Flour,,
SceneComponent,Loot_FlourSack_01_Spawner_C,UNP_Loot_FlourSack_01_UAID_046874882494FE9802_29c4ea76462ed633_1773326693,-32473.334,20625.33,-308.9997,Flour Sack,75.0,Blueprint,,,Sack_Flour,,
SceneComponent,Loot_FlourSack_01_Spawner_C,UNP_Loot_FlourSack_01_UAID_046874882494FE9802_29c4ea76462ed633_1773914720,-27634.516,21883.553,-317.54993,Flour Sack,75.0,Blueprint,,,Sack_Flour,,
SceneComponent,Loot_FlourSack_01_Spawner_C,UNP_Loot_FlourSack_01_UAID_046874882494FE9802_29c4ea76462ed633_1773917722,-27583.492,22036.082,-385.25085,Flour Sack,75.0,Blueprint,,,Sack_Flour,,
SceneComponent,Loot_FlourSack_01_Spawner_C,UNP_Loot_FlourSack_01_UAID_046874882494FE9802_29c4ea76462ed633_1773920724,-27869.826,21235.082,-309.45468,Flour Sack,75.0,Blueprint,,,Sack_Flour,,
SceneComponent,Loot_FlourSack_01_Spawner_C,UNP_Loot_FlourSack_01_UAID_18C04DA8201B437902_1955f5d21cbe47a4_1442379525,19975.9,1474.0265,659.47363,Flour Sack,75.0,Blueprint,,,Sack_Flour,,
SceneComponent,Loot_FlourSack_01_Spawner_C,UNP_Loot_FlourSack_01_UAID_18C04DA8201B437902_1955f5d21cbe47a4_1443650593,24290.324,3000.5605,534.8731,Flour Sack,75.0,Blueprint,,,Sack_Flour,,
SceneComponent,Loot_FlourSack_01_Spawner_C,UNP_Loot_FlourSack_01_UAID_18C04DA8201B437902_1955f5d21cbe47a4_1444867645,23915.596,5208.2373,598.71674,Flour Sack,75.0,Blueprint,,,Sack_Flour,,
SceneComponent,Loot_FlourSack_01_Spawner_C,UNP_Loot_FlourSack_01_UAID_18C04DA8201B437902_1955f5d21cbe47a4_1445271665,23873.416,5357.682,534.2939,Flour Sack,75.0,Blueprint,,,Sack_Flour,,
SceneComponent,Loot_FlourSack_01_Spawner_C,UNP_Loot_FlourSack_01_UAID_18C04DA8201B437902_1955f5d21cbe47a4_1446223708,19202.83,2940.8982,2559.62,Flour Sack,75.0,Blueprint,,,Sack_Flour,,
SceneComponent,Loot_FlourSack_01_Spawner_C,UNP_Loot_FlourSack_01_UAID_18C04DA8201B437902_1955f5d21cbe47a4_1448141833,24307.012,9591.664,2660.1326,Flour Sack,75.0,Blueprint,,,Sack_Flour,,
SceneComponent,Loot_FlourSack_01_Spawner_C,UNP_Loot_FlourSack_01_UAID_18C04DA8201B447902_1955f5d21cbe47a4_1480541575,21182.518,3220.4749,809.73236,Flour Sack,75.0,Blueprint,,,Sack_Flour,,
SceneComponent,Loot_FlourSack_01_Spawner_C,UNP_Loot_FlourSack_01_UAID_18C04DA8201B447902_1955f5d21cbe47a4_1480621581,23111.232,3273.3743,303.86987,Flour Sack,75.0,Blueprint,,,Sack_Flour,,
SceneComponent,Loot_FlourSack_01_Spawner_C,UNP_Loot_FlourSack_01_UAID_18C04DA8201B447902_1955f5d21cbe47a4_1480700587,22537.63,10713.58,2453.738,Flour Sack,75.0,Blueprint,,,Sack_Flour,,
SceneComponent,Loot_FlourSack_01_Spawner_C,UNP_Loot_FlourSack_01_UAID_18C04DA8201B617102_c71ad3ef090f6a00_1459734680,-54226.074,33442.285,1819.8805,Flour Sack,75.0,Blueprint,,,Sack_Flour,,
SceneComponent,Loot_FlourSack_01_Spawner_C,UNP_Loot_FlourSack_01_UAID_18C04DA8201B617102_c71ad3ef090f6a00_1459872701,-56084.254,33418.516,1728.5398,Flour Sack,75.0,Blueprint,,,Sack_Flour,,
SceneComponent,Loot_FlourSack_01_Spawner_C,UNP_Loot_FlourSack_01_UAID_18C04DA8201B617102_c71ad3ef090f6a00_1459995720,-54880.45,35300.223,1736.1201,Flour Sack,75.0,Blueprint,,,Sack_Flour,,
SceneComponent,Loot_FlourSack_01_Spawner_C,UNP_Loot_FlourSack_01_UAID_18C04DA8201B617102_c71ad3ef090f6a00_1460172730,-54528.367,33204.676,1738.9637,Flour Sack,75.0,Blueprint,,,Sack_Flour,,
SceneComponent,Loot_FlourSack_01_Spawner_C,UNP_Loot_FlourSack_01_UAID_18C04DA8201B637102_c71ad3ef090f6a00_1117258218,-55554.26,32373.414,1729.1932,Flour Sack,75.0,Blueprint,,,Sack_Flour,,
SceneComponent,Loot_FlourSack_01_Spawner_C,UNP_Loot_FlourSack_01_UAID_18C04DA8201B637102_c71ad3ef090f6a00_1117740267,-54827.03,37855.52,1747.9156,Flour Sack,75.0,Blueprint,,,Sack_Flour,,
SceneComponent,Loot_FlourSack_01_Spawner_C,UNP_Loot_FlourSack_01_UAID_50EBF6D299696E7502_b7c214a6558f3262_1355125062,-24387.13,-9822.564,1745.4828,Flour Sack,75.0,Blueprint,,,Sack_Flour,,
SceneComponent,Loot_FlourSack_01_Spawner_C,UNP_Loot_FlourSack_01_UAID_50EBF6D299696E7502_b7c214a6558f3262_1355370068,-24570.09,-9658.676,1880.1333,Flour Sack,75.0,Blueprint,,,Sack_Flour,,
SceneComponent,Loot_FlourSack_01_Spawner_C,UNP_Loot_FlourSack_01_UAID_50EBF6D299696E7502_b7c214a6558f3262_1365032074,-24462.713,-9545.823,1740.9868,Flour Sack,75.0,Blueprint,,,Sack_Flour,,
SceneComponent,Loot_FlourSack_01_Spawner_C,UNP_Loot_FlourSack_01_a73a56dc5aa55d3c_0,-62801.12,21867.305,-14.645778,Flour Sack,75.0,Blueprint,,,Sack_Flour,,
SceneComponent,Loot_FlourSack_01_Spawner_C,UNP_Loot_FlourSack_01_ae8a7e1c99fbad68_0,-17864.451,-4854.538,1298.8226,Flour Sack,75.0,Blueprint,,,Sack_Flour,,
SceneComponent,Loot_FlourSack_01_Spawner_C,UNP_Loot_FlourSack_01_af851fe97f7af6a5_0,2872.452,5000.2314,479.28775,Flour Sack,75.0,Blueprint,,,Sack_Flour,,
SceneComponent,Loot_FlourSack_01_Spawner_C,UNP_Loot_FlourSack_01_b2477ebf8bdb51d2_0,-48125.453,24534.803,328.40262,Flour Sack,75.0,Blueprint,,,Sack_Flour,,
SceneComponent,Loot_FlourSack_01_Spawner_C,UNP_Loot_FlourSack_01_bc9e8611b9e607b3_1,-12645.794,21278.713,-143.58939,Flour Sack,75.0,Blueprint,,,Sack_Flour,,
SceneComponent,Loot_FlourSack_01_Spawner_C,UNP_Loot_FlourSack_01_ce1d2a77dbd337d8_0,-1708.2108,24375.03,77.51589,Flour Sack,75.0,Blueprint,,,Sack_Flour,,
SceneComponent,Loot_FlourSack_01_Spawner_C,UNP_Loot_FlourSack_01_d7ab05e04fd848b6_0,-24603.182,-11210.592,1740.0544,Flour Sack,75.0,Blueprint,,,Sack_Flour,,
SceneComponent,Loot_FlourSack_01_Spawner_C,UNP_Loot_FlourSack_01_da1ec3d8da7ef2d5_0,-51690.44,16573.52,-271.08545,Flour Sack,75.0,Blueprint,,,Sack_Flour,,
SceneComponent,Loot_FlourSack_01_Spawner_C,UNP_Loot_FlourSack_01_da1ec3d8da7ef2d5_1,-52262.34,16147.314,-267.24368,Flour Sack,75.0,Blueprint,,,Sack_Flour,,
SceneComponent,Loot_FlourSack_01_Spawner_C,UNP_Loot_FlourSack_01_da1ec3d8da7ef2d5_2,-51903.227,16032.688,-177.5416,Flour Sack,75.0,Blueprint,,,Sack_Flour,,
SceneComponent,Loot_FlourSack_01_Spawner_C,UNP_Loot_FlourSack_01_f5345b2b34b3415e_1,-25836.963,-6302.5073,1889.6923,Flour Sack,75.0,Blueprint,,,Sack_Flour,,
SceneComponent,Loot_FlourSack_01_Spawner_C,UNP_Loot_FlourSack_01_f5630e569374ca47_1,6182.2236,-11870.993,1563.9971,Flour Sack,75.0,Blueprint,,,Sack_Flour,,
SceneComponent,Loot_FlourSack_01_Spawner_C,UNP_Loot_FlourSack_01_fc9749b8d762ad37_0,-53648.02,31079.434,1810.6982,Flour Sack,75.0,Blueprint,,,Sack_Flour,,
SceneComponent,Loot_FlourSack_01_Spawner_C,UNP_Loot_FlourSack_02_UAID_0468748824949AD502_6bf7ed90f87edc78_2038369419,-7739.114,-16092.786,4153.6655,Flour Sack,75.0,Blueprint,,,Sack_Flour,,
SceneComponent,Loot_FlourSack_01_Spawner_C,UNP_Loot_FlourSack_02_UAID_046874882494F89A02_86279adec2ec3b27_1895186815,-15618.825,19216.71,274.5102,Flour Sack,75.0,Blueprint,,,Sack_Flour,,
SceneComponent,Loot_Guillotine_01a_C,Loot_Guillotine_01a_C_UAID_046874882494859A02_367755be1ccb9d60_1585148369,-27530.336,-12883.207,1906.2954,,,,,,,,
SceneComponent,Loot_JacquesMedicinals_01a_Spawner_C,Loot_OpiumBox_01a_Spawner_C_UAID_D843AE1A93E5BB5A02_fa61c736281e8a8a_2124814824,-38712.766,-25923.96,6405.3857,Jacque's Medicinals,50.0,Blueprint,,,OpiumBox,,
SceneComponent,Loot_JewelleryTin_Medium_01a_Spawner_C,Loot_JewelleryTin_Medium_01a_Spawner_C_UAID_581CF8B72315E4D602_d52d91af14afa8f4_1504468600,41959.41,-11501.144,20.308334,Jewellery Box,10.0,Blueprint,,,BullionBox,,
SceneComponent,Loot_JewelleryTin_Medium_01a_Spawner_C,Loot_JewelleryTin_Medium_01a_Spawner_C_UAID_581CF8B72315E85202_358ce63c24dd89f2_1979797730,-30385.809,-5254.9673,2309.6448,Jewellery Box,10.0,Blueprint,,,BullionBox,,
SceneComponent,Loot_JewelleryTin_Medium_01a_Spawner_C,Loot_OpiumBox_01a_Spawner_C_UAID_18C04DA8201B447902_1955f5d21cbe47a4_1480796601,23681.527,7177.1963,2415.3125,Jewellery Box,10.0,Blueprint,,,BullionBox,,
SceneComponent,Loot_JewelleryTin_Small_01a_Spawner_C,Loot_JewelleryTin_Small_01a_Spawner_C_UAID_00FF8EFC2BEF0F7102_2c59244f8d5252ed_1634147106,-12326.544,-11524.29,1249.586,Jewellery Box,50.0,Blueprint,,,BullionBox,,
SceneComponent,Loot_JewelleryTin_Small_01a_Spawner_C,Loot_JewelleryTin_Small_01a_Spawner_C_UAID_00FF8EFC2BEF338402_7bc00f6ec963c845_1509555572,20033.705,-10315.735,2928.6482,Jewellery Box,50.0,Blueprint,,,BullionBox,,
SceneComponent,Loot_JewelleryTin_Small_01a_Spawner_C,Loot_JewelleryTin_Small_01a_Spawner_C_UAID_00FF8EFC2BEF396802_b103ff7180c1381d_1455704372,-37273.06,-5963.0493,2455.5027,Jewellery Box,50.0,Blueprint,,,BullionBox,,
SceneComponent,Loot_JewelleryTin_Small_01a_Spawner_C,Loot_JewelleryTin_Small_01a_Spawner_C_UAID_046874882494859A02_367755be1ccb9d60_1585494592,-28562.266,-8319.616,2411.3838,Jewellery Box,50.0,Blueprint,,,BullionBox,,
SceneComponent,Loot_JewelleryTin_Small_01a_Spawner_C,Loot_JewelleryTin_Small_01a_Spawner_C_UAID_046874882494FE9802_29c4ea76462ed633_1776840843,-28532.352,19410.375,-299.58517,Jewellery Box,50.0,Blueprint,,,BullionBox,,
SceneComponent,Loot_JewelleryTin_Small_01a_Spawner_C,Loot_JewelleryTin_Small_01a_Spawner_C_UAID_046874882494FE9802_29c4ea76462ed633_1779043990,-33047.13,22250.36,-300.69995,Jewellery Box,50.0,Blueprint,,,BullionBox,,
SceneComponent,Loot_JewelleryTin_Small_01a_Spawner_C,Loot_OpiumBox_01a_Spawner_C_UAID_18C04DA8201B607102_c71ad3ef090f6a00_2106863121,-52803.562,33693.305,1773.3506,Jewellery Box,50.0,Blueprint,,,BullionBox,,
SceneComponent,Loot_Jug_01a_Spawner_C,Loot_Jug_01a_Spawner_C_UAID_046874882494359A02_afe4a3bbeb7c2068_1277679625,2978.955,-12493.426,1964.1726,Sealed Brass Jug,25.0,Blueprint,,,Distillery_Small,,
SceneComponent,Loot_Jug_01a_Spawner_C,Loot_Jug_01a_Spawner_C_UAID_046874882494359A02_afe4a3bbeb7c2068_1277767631,3700.15,-12696.334,1954.5852,Sealed Brass Jug,25.0,Blueprint,,,Distillery_Small,,
SceneComponent,Loot_Jug_01a_Spawner_C,Loot_Jug_01a_Spawner_C_UAID_046874882494359A02_afe4a3bbeb7c2068_1277856637,3224.2207,-13012.474,1633.7177,Sealed Brass Jug,25.0,Blueprint,,,Distillery_Small,,
SceneComponent,Loot_Jug_01a_Spawner_C,Loot_Jug_01a_Spawner_C_UAID_046874882494359A02_afe4a3bbeb7c2068_1277946643,3298.8271,-13168.5,1975.5837,Sealed Brass Jug,25.0,Blueprint,,,Distillery_Small,,
SceneComponent,Loot_Jug_01a_Spawner_C,Loot_Jug_01a_Spawner_C_UAID_046874882494359A02_afe4a3bbeb7c2068_1278037649,3005.7385,-12548.776,1581.331,Sealed Brass Jug,25.0,Blueprint,,,Distillery_Small,,
SceneComponent,Loot_Jug_01a_Spawner_C,Loot_Jug_01a_Spawner_C_UAID_046874882494359A02_afe4a3bbeb7c2068_1278427667,3148.618,-12850.963,2014.2788,Sealed Brass Jug,25.0,Blueprint,,,Distillery_Small,,
SceneComponent,Loot_Jug_01a_Spawner_C,Loot_Jug_01a_Spawner_C_UAID_046874882494359A02_afe4a3bbeb7c2068_1284669939,3900.8762,-11920.238,1518.9529,Sealed Brass Jug,25.0,Blueprint,,,Distillery_Small,,
SceneComponent,Loot_Jug_01a_Spawner_C,Loot_Jug_01a_Spawner_C_UAID_046874882494359A02_afe4a3bbeb7c2068_1284901957,4505.262,-12589.658,1520.0128,Sealed Brass Jug,25.0,Blueprint,,,Distillery_Small,,
SceneComponent,Loot_Jug_01a_Spawner_C,Loot_Jug_01a_Spawner_C_UAID_046874882494359A02_afe4a3bbeb7c2068_1290548152,3750.9863,-12911.684,1959.6373,Sealed Brass Jug,25.0,Blueprint,,,Distillery_Small,,
SceneComponent,Loot_Jug_01a_Spawner_C,Loot_Jug_01a_Spawner_C_UAID_0468748824944E8902_1c556f47455d4841_1226874494,-2350.6917,3500.7837,601.0059,Sealed Brass Jug,25.0,Blueprint,,,Distillery_Small,,
SceneComponent,Loot_Jug_01a_Spawner_C,Loot_Jug_01a_Spawner_C_UAID_0468748824944E8902_1c556f47455d4841_1227100501,-2295.1826,2869.1455,588.30756,Sealed Brass Jug,25.0,Blueprint,,,Distillery_Small,,
SceneComponent,Loot_Jug_01a_Spawner_C,Loot_Jug_01a_Spawner_C_UAID_046874882494619802_126232618081b8ee_1316085276,-26336.738,-10439.55,2004.1951,Sealed Brass Jug,25.0,Blueprint,,,Distillery_Small,,
SceneComponent,Loot_Jug_01a_Spawner_C,Loot_Jug_01a_Spawner_C_UAID_046874882494789602_25c38f96bd642657_2059814000,-26415.016,-7526.3936,1992.1235,Sealed Brass Jug,25.0,Blueprint,,,Distillery_Small,,
SceneComponent,Loot_Jug_01a_Spawner_C,Loot_Jug_01a_Spawner_C_UAID_046874882494789602_25c38f96bd642657_2059905014,-26945.936,-7799.5146,2301.1235,Sealed Brass Jug,25.0,Blueprint,,,Distillery_Small,,
SceneComponent,Loot_Jug_01a_Spawner_C,Loot_Jug_01a_Spawner_C_UAID_046874882494789602_25c38f96bd642657_2059988024,-26810.338,-8127.571,2312.3887,Sealed Brass Jug,25.0,Blueprint,,,Distillery_Small,,
SceneComponent,Loot_Jug_01a_Spawner_C,Loot_Jug_01a_Spawner_C_UAID_046874882494789602_613646c311d01d8e_2059814000,-27988.324,-11673.502,1995.3496,Sealed Brass Jug,25.0,Blueprint,,,Distillery_Small,,
SceneComponent,Loot_Jug_01a_Spawner_C,Loot_Jug_01a_Spawner_C_UAID_046874882494789602_613646c311d01d8e_2059905014,-27432.057,-11445.993,2109.8704,Sealed Brass Jug,25.0,Blueprint,,,Distillery_Small,,
SceneComponent,Loot_Jug_01a_Spawner_C,Loot_Jug_01a_Spawner_C_UAID_046874882494859A02_367755be1ccb9d60_1585125354,-28540.17,-9531.165,1923.7345,Sealed Brass Jug,50.0,Custom,,,Distillery_Small,,
SceneComponent,Loot_Jug_01a_Spawner_C,Loot_Jug_01a_Spawner_C_UAID_046874882494859A02_367755be1ccb9d60_1585388527,-28567.379,-9503.372,1923.7345,Sealed Brass Jug,50.0,Custom,,,Distillery_Small,,
SceneComponent,Loot_Jug_01a_Spawner_C,Loot_Jug_01a_Spawner_C_UAID_046874882494859A02_367755be1ccb9d60_1585584648,-28771.158,-8030.4707,2365.781,Sealed Brass Jug,50.0,Custom,,,Distillery_Small,,
SceneComponent,Loot_Jug_01a_Spawner_C,Loot_Jug_01a_Spawner_C_UAID_046874882494859A02_367755be1ccb9d60_1585715722,-28537.518,-9343.016,1995.3496,Sealed Brass Jug,25.0,Blueprint,,,Distillery_Small,,
SceneComponent,Loot_Jug_01a_Spawner_C,Loot_Jug_01a_Spawner_C_UAID_0468748824949AD502_6bf7ed90f87edc78_2023453129,-8050.5874,-16490.709,3050.6072,Sealed Brass Jug,25.0,Blueprint,,,Distillery_Small,,
SceneComponent,Loot_Jug_01a_Spawner_C,Loot_Jug_01a_Spawner_C_UAID_581CF8B72315DED602_09b253a8aea41573_1899164366,35621.234,-15392.061,83.29758,Sealed Brass Jug,25.0,Blueprint,,,Distillery_Small,,
SceneComponent,Loot_Latrine_01a_Spawner_C,Loot_Latrine_01a_Spawner_C_UAID_0468748824944B9B02_d4266f8cc18702c5_1351182849,-15622.786,-36239.434,820.5897,Latrine,50.0,Blueprint,,,Latrine,,
SceneComponent,Loot_Latrine_01a_Spawner_C,Loot_Latrine_01a_Spawner_C_UAID_0468748824944E8902_1c556f47455d4841_1257743244,-2922.7349,143.13104,-156.24324,Latrine,50.0,Blueprint,,,Latrine,,
SceneComponent,Loot_Latrine_01a_Spawner_C,Loot_Latrine_01a_Spawner_C_UAID_046874882494859A02_367755be1ccb9d60_1585440555,-31501.896,-6344.5825,1790.4313,Latrine,50.0,Blueprint,,,Latrine,,
SceneComponent,Loot_Latrine_01a_Spawner_C,Loot_Latrine_01a_Spawner_C_UAID_18C04DA8201B447902_1955f5d21cbe47a4_1478302423,25550.91,7919.1455,2285.9329,Latrine,50.0,Blueprint,,,Latrine,,
SceneComponent,Loot_Latrine_01a_Spawner_C,Loot_Latrine_01a_Spawner_C_UAID_18C04DA8201B447902_1955f5d21cbe47a4_1480793599,23675.465,7176.0723,2421.0059,Latrine,50.0,Blueprint,,,Latrine,,
SceneComponent,Loot_Latrine_01a_Spawner_C,Loot_Latrine_01a_Spawner_C_UAID_18C04DA8201B617102_c71ad3ef090f6a00_1115794334,-56499.137,32792.05,1634.5586,Latrine,50.0,Blueprint,,,Latrine,,
SceneComponent,Loot_LeatherLootBag_01a_Spawner_C,Loot_LeatherLootBag_01a_Spawner_C_UAID_581CF8B72315969F02_09b253a8aea41573_1797901171,34657.812,-17272.682,-11.440194,Leather Bag,50.0,Blueprint,,,Amphora,,
SceneComponent,Loot_LeatherLootBag_01a_Spawner_C,Loot_LeatherLootBag_01a_Spawner_C_UAID_581CF8B72315969F02_0ee7a365402e2b65_1797901171,32421.877,-15736.165,-11.440194,Leather Bag,50.0,Blueprint,,,Amphora,,
SceneComponent,Loot_LeatherLootBag_01a_Spawner_C,Loot_LeatherLootBag_01a_Spawner_C_UAID_581CF8B7231598D602_09b253a8aea41573_1987401944,36541.84,-16349.723,-70.41851,Leather Bag,50.0,Blueprint,,,Amphora,,
SceneComponent,Loot_LeatherLootBag_01a_Spawner_C,Loot_LeatherLootBag_01a_Spawner_C_UAID_581CF8B723159B9F02_6dfd51d988941e94_1553107134,40081.598,-9600.863,-12.195691,Leather Bag,50.0,Blueprint,,,Amphora,,
SceneComponent,Loot_LeatherLootBag_01a_Spawner_C,Loot_LeatherLootBag_01a_Spawner_C_UAID_581CF8B723159B9F02_a9a338b10a444bbb_1553107134,30059.316,-14128.019,-12.195691,Leather Bag,50.0,Blueprint,,,Amphora,,
SceneComponent,Loot_LeatherLootBag_01a_Spawner_C,Loot_LeatherLootBag_01a_Spawner_C_UAID_581CF8B723159E9F02_6dfd51d988941e94_1771439809,39975.492,-10109.397,-70.026,Leather Bag,50.0,Blueprint,,,Amphora,,
SceneComponent,Loot_LeatherLootBag_01a_Spawner_C,Loot_LeatherLootBag_01a_Spawner_C_UAID_581CF8B723159E9F02_a9a338b10a444bbb_1771439809,30152.967,-13588.661,-70.026,Leather Bag,50.0,Blueprint,,,Amphora,,
SceneComponent,Loot_LedgerDesk_Medium_01a_Spawner_C,Loot_LedgerDesk_Medium_01a_Spawner_C_1c556f47455d4841_1,-2266.352,2284.063,420.58374,Ledger,,,,InventoryDefinition_Key'ID_Key_Bronze',Ledger,,
SceneComponent,Loot_LedgerDesk_Medium_01a_Spawner_C,Loot_LedgerDesk_Medium_01a_Spawner_C_UAID_04D9F5F93AD5394C02_86279adec2ec3b27_1566197361,-14295.852,17914.904,186.37497,Ledger,,,,InventoryDefinition_Key'ID_Key_Bronze',Ledger,,
SceneComponent,Loot_LedgerDesk_Medium_01a_Spawner_C,Loot_LedgerDesk_Medium_01a_Spawner_C_UAID_04D9F5F93AD5644A02_a595927790dec5fd_1594650407,-47989.965,-6912.916,3513.9734,Ledger,,,,InventoryDefinition_Key'ID_Key_Bronze',Ledger,,
SceneComponent,Loot_LedgerDesk_Medium_01a_Spawner_C,Loot_LedgerDesk_Medium_01a_Spawner_C_UAID_04D9F5F93AD5953102_39c53a56517c239f_1196292663,14777.474,13779.894,2583.1794,Ledger,,,,InventoryDefinition_Key'ID_Key_Bronze',Ledger,,
SceneComponent,Loot_LedgerDesk_Medium_01a_Spawner_C,Loot_LedgerDesk_Medium_01a_Spawner_C_UAID_04D9F5F93AD5953102_3e62a173f235e900_1196292663,22018.385,-21964.938,3155.9075,Ledger,,,,InventoryDefinition_Key'ID_Key_Bronze',Ledger,,
SceneComponent,Loot_LedgerDesk_Medium_01a_Spawner_C,Loot_LedgerDesk_Medium_01a_Spawner_C_UAID_04D9F5F93AD5953102_6c4c20721545df36_1196292663,-30730.324,-45758.2,6254.176,Ledger,,,,InventoryDefinition_Key'ID_Key_Bronze',Ledger,,
SceneComponent,Loot_LedgerDesk_Medium_01a_Spawner_C,Loot_LedgerDesk_Medium_01a_Spawner_C_UAID_04D9F5F93AD5953102_a1b8e9568afcd202_1196292663,-57361.855,-19813.16,7453.9814,Ledger,,,,InventoryDefinition_Key'ID_Key_Bronze',Ledger,,
SceneComponent,Loot_LedgerDesk_Medium_01a_Spawner_C,Loot_LedgerDesk_Medium_01a_Spawner_C_UAID_04D9F5F93AD5953102_b48abfd6dd8426a8_1196292663,-24792.016,30100.139,1940.0521,Ledger,,,,InventoryDefinition_Key'ID_Key_Bronze',Ledger,,
SceneComponent,Loot_LedgerDesk_Medium_01a_Spawner_C,Loot_LedgerDesk_Medium_01a_Spawner_C_UAID_04D9F5F93AD5DB4802_97971df2a4ca033d_1214625334,-36332.918,-26428.438,8941.4,Ledger,,,,InventoryDefinition_Key'ID_Key_Bronze',Ledger,,
SceneComponent,Loot_LedgerDesk_Medium_01a_Spawner_C,Loot_LedgerDesk_Medium_01a_Spawner_C_UAID_581CF8B723158F5202_358ce63c24dd89f2_2108649050,-30617.701,-5245.3066,2219.8394,Ledger,,,,InventoryDefinition_Key'ID_Key_Bronze',Ledger,,
SceneComponent,Loot_LedgerDesk_Medium_02a_Spawner_C,Loot_LedgerDesk_Medium_02a_Spawner_C_25c38f96bd642657_1,-27475.684,-8205.454,2106.6604,Ledger Desk,,,,InventoryDefinition_Key'ID_Key_Bronze',Ledger,,
SceneComponent,Loot_LedgerDesk_Medium_02a_Spawner_C,Loot_LedgerDesk_Medium_02a_Spawner_C_358ce63c24dd89f2_1,-30223.36,-5597.168,2219.7144,Ledger Desk,,,,InventoryDefinition_Key'ID_Key_Bronze',Ledger,,
SceneComponent,Loot_LedgerDesk_Medium_02a_Spawner_C,Loot_LedgerDesk_Medium_02a_Spawner_C_UAID_046874882494359A02_afe4a3bbeb7c2068_1286793078,3056.821,-12112.197,1795.2524,Ledger Desk,,,,InventoryDefinition_Key'ID_Key_Bronze',Ledger,,
SceneComponent,Loot_LedgerDesk_Medium_02a_Spawner_C,Loot_LedgerDesk_Medium_02a_Spawner_C_UAID_046874882494359A02_afe4a3bbeb7c2068_1286892086,3744.5378,-12802.303,1792.3429,Ledger Desk,,,,InventoryDefinition_Key'ID_Key_Bronze',Ledger,,
SceneComponent,Loot_LedgerDesk_Medium_02a_Spawner_C,Loot_LedgerDesk_Medium_02a_Spawner_C_UAID_0468748824944E8902_1c556f47455d4841_1244087127,-2650.0444,2584.8513,421.2391,Ledger Desk,,,,InventoryDefinition_Key'ID_Key_Bronze',Ledger,,
SceneComponent,Loot_LedgerDesk_Medium_02a_Spawner_C,Loot_LedgerDesk_Medium_02a_Spawner_C_UAID_046874882494859A02_367755be1ccb9d60_1585031293,-27785.977,-9539.849,2108.5645,Ledger Desk,,,,InventoryDefinition_Key'ID_Key_Bronze',Ledger,,
SceneComponent,Loot_LedgerDesk_Medium_02a_Spawner_C,Loot_LedgerDesk_Medium_02a_Spawner_C_UAID_046874882494CC9502_97971df2a4ca033d_1226805096,-36400.586,-26637.03,8946.306,Ledger Desk,,,,InventoryDefinition_Key'ID_Key_Bronze',Ledger,,
SceneComponent,Loot_LedgerDesk_Medium_02a_Spawner_C,Loot_LedgerDesk_Medium_02a_Spawner_C_UAID_046874882494CC9502_97971df2a4ca033d_1232270216,-36274.19,-26862.29,9374.024,Ledger Desk,,,,InventoryDefinition_Key'ID_Key_Bronze',Ledger,,
SceneComponent,Loot_LedgerDesk_Medium_02a_Spawner_C,Loot_LedgerDesk_Medium_02a_Spawner_C_UAID_04D9F5F93AD54F4502_665a04c56e1f24ee_2020152179,-35500.555,-25519.287,8141.051,Ledger Desk,,,,InventoryDefinition_Key'ID_Key_Bronze',Ledger,,
SceneComponent,Loot_LedgerDesk_Medium_02a_Spawner_C,Loot_LedgerDesk_Medium_02a_Spawner_C_UAID_581CF8B723150CDA02_0d3d88d307a018df_1520094598,37763.285,-7980.254,-102.02146,Ledger Desk,,,,InventoryDefinition_Key'ID_Key_Bronze',Ledger,,
SceneComponent,Loot_LedgerDesk_Medium_02a_Spawner_C,Loot_LedgerDesk_Medium_02a_Spawner_C_UAID_581CF8B723150CDA02_0d3d88d307a018df_1520255606,36427.863,-10266.369,-101.980484,Ledger Desk,,,,InventoryDefinition_Key'ID_Key_Bronze',Ledger,,
SceneComponent,Loot_LedgerDesk_Medium_02a_Spawner_C,Loot_LedgerDesk_Medium_02a_Spawner_C_UAID_581CF8B72315C0A102_b70ca0ae9df1c85d_1120780816,37696.59,-8852.909,-99.65479,Ledger Desk,,,,InventoryDefinition_Key'ID_Key_Bronze',Ledger,,
SceneComponent,Loot_MedicalBag_Medium_01a_Spawner_C,Loot_MedicalBag_Medium_01a_Spawner_C_1839a5c7e36c7ddc_0,-50521.848,-32289.445,7002.278,Physician Bag,100.0,Custom,,,Medical_Medium,,
SceneComponent,Loot_MedicalBag_Medium_01a_Spawner_C,Loot_MedicalBag_Medium_01a_Spawner_C_UAID_046874882494859A02_367755be1ccb9d60_1585750742,-28823.484,-8524.362,1824.8931,Physician Bag,100.0,Custom,,,Medical_Medium,,
SceneComponent,Loot_MedicalBag_Medium_01a_Spawner_C,Loot_MedicalBag_Medium_01a_Spawner_C_UAID_046874882494977D02_f5f3745e62dd497c_1270702795,-65489.824,-2137.7327,2248.3826,Physician Bag,20.0,Custom,,,Medical_Medium,,
SceneComponent,Loot_MedicalBag_Medium_01a_Spawner_C,Loot_MedicalBag_Medium_01a_Spawner_C_UAID_046874882494AD8D02_c71ad3ef090f6a00_1996690747,-52877.92,33896.883,1737.9397,Physician Bag,50.0,Blueprint,,,Medical_Medium,,
SceneComponent,Loot_MedicalBag_Medium_01a_Spawner_C,Loot_MedicalBag_Medium_01a_Spawner_C_UAID_046874882494AD8D02_c71ad3ef090f6a00_1998459877,-54902.293,34467.453,1846.5597,Physician Bag,50.0,Blueprint,,,Medical_Medium,,
SceneComponent,Loot_MedicalBag_Medium_01a_Spawner_C,Loot_MedicalBag_Medium_01a_Spawner_C_UAID_046874882494AD8D02_c71ad3ef090f6a00_1998713886,-55541.844,36560.117,1741.8733,Physician Bag,50.0,Blueprint,,,Medical_Medium,,
SceneComponent,Loot_MedicalBag_Medium_01a_Spawner_C,Loot_MedicalBag_Medium_01a_Spawner_C_UAID_046874882494AD8D02_c71ad3ef090f6a00_2001502067,-53848.684,35622.406,1742.6471,Physician Bag,50.0,Blueprint,,,Medical_Medium,,
SceneComponent,Loot_MedicalBag_Medium_01a_Spawner_C,Loot_MedicalBag_Medium_01a_Spawner_C_UAID_046874882494FE9802_29c4ea76462ed633_1768581592,-28275.252,22266.684,-199.55206,Physician Bag,50.0,Blueprint,,,Medical_Medium,,
SceneComponent,Loot_MedicalBag_Medium_01a_Spawner_C,Loot_MedicalBag_Medium_01a_Spawner_C_UAID_04D9F5F93AD58F3102_5aa9c7cba1521a97_1422696120,-37741.957,-6023.8716,2994.313,Physician Bag,20.0,Custom,,,Medical_Medium,,
SceneComponent,Loot_MedicalBag_Medium_01a_Spawner_C,Loot_MedicalBag_Medium_01a_Spawner_C_UAID_18C04DA8201B437902_1955f5d21cbe47a4_1446726773,24062.291,8987.1045,2503.684,Physician Bag,50.0,Blueprint,,,Medical_Medium,,
SceneComponent,Loot_MedicalBag_Medium_01a_Spawner_C,Loot_MedicalBag_Medium_01a_Spawner_C_UAID_18C04DA8201B617102_c71ad3ef090f6a00_2120136981,-52993.062,33617.46,1732.1833,Physician Bag,50.0,Blueprint,,,Medical_Medium,,
SceneComponent,Loot_MedicalBag_Medium_01a_Spawner_C,Loot_MedicalBag_Medium_01a_Spawner_C_UAID_18C04DA8201B627102_c71ad3ef090f6a00_1715368484,-54238.477,37030.105,1732.1833,Physician Bag,50.0,Blueprint,,,Medical_Medium,,
SceneComponent,Loot_MedicalBag_Medium_01a_Spawner_C,Loot_MedicalBag_Medium_01a_Spawner_C_UAID_581CF8B7231511D902_6dfd51d988941e94_1530570095,38323.395,-12396.831,-101.685074,Physician Bag,50.0,Blueprint,,,Medical_Medium,,
SceneComponent,Loot_MedicalBag_Medium_01a_Spawner_C,Loot_MedicalBag_Medium_01a_Spawner_C_UAID_581CF8B723157BBC02_c3245b26535725e1_1136125691,24789.834,-7845.975,1020.4458,Physician Bag,50.0,Blueprint,,,Medical_Medium,,
SceneComponent,Loot_MedicalBag_Medium_01a_Spawner_C,Loot_MedicalBag_Medium_01a_Spawner_C_UAID_581CF8B72315AED402_cef4d286548b889d_1906340696,30598.969,-5887.2046,625.46484,Physician Bag,50.0,Blueprint,,,Medical_Medium,,
SceneComponent,Loot_MedicalBag_Medium_01a_Spawner_C,Loot_MedicalBag_Medium_01a_Spawner_C_UAID_581CF8B72315D2D802_b70ca0ae9df1c85d_1146464289,37993.89,-9533.781,-100.04955,Physician Bag,50.0,Blueprint,,,Medical_Medium,,
SceneComponent,Loot_MedicalBag_Medium_01a_Spawner_C,Loot_MedicalBag_Medium_01a_Spawner_C_UAID_581CF8B72315D2D802_b70ca0ae9df1c85d_1147396319,38251.152,-9155.886,7.098622,Physician Bag,50.0,Blueprint,,,Medical_Medium,,
SceneComponent,Loot_MedicalBag_Medium_01a_Spawner_C,Loot_MedicalBag_Medium_01a_Spawner_C_UAID_D843AE1A93E5A37D02_afe4a3bbeb7c2068_1925763733,2739.3882,-12209.048,1113.086,Physician Bag,50.0,Blueprint,,,Medical_Medium,,
SceneComponent,Loot_MedicalBag_Medium_01a_Spawner_C,Loot_MedicalBag_Medium_01a_Spawner_C_UAID_D843AE1A93E5CC7902_97971df2a4ca033d_1627776825,-35866.805,-27205.676,8987.013,Physician Bag,50.0,Blueprint,,,Medical_Medium,,
SceneComponent,Loot_MedicalBag_Medium_01a_Spawner_C,Loot_MedicalBag_Medium_01a_Spawner_C_UAID_D843AE1A93E5CD7902_97971df2a4ca033d_1719497529,-35273.445,-27202.195,8106.844,Physician Bag,50.0,Blueprint,,,Medical_Medium,,
SceneComponent,Loot_MedicalBag_Medium_01a_Spawner_C,Loot_MedicalBag_Medium_01a_Spawner_C_UAID_D843AE1A93E5E37902_1c556f47455d4841_1520959679,-3501.6396,3769.0942,-381.91486,Physician Bag,100.0,Custom,,,Medical_Medium,,
SceneComponent,Loot_MedicalBag_Medium_01a_Spawner_C,Loot_MedicalBag_Medium_01a_Spawner_C_da1ec3d8da7ef2d5_0,-51719.234,16605.19,-218.74886,Physician Bag,100.0,Custom,,,Medical_Medium,,
SceneComponent,Loot_MedicalBag_Medium_01a_Spawner_C,UNP_Loot_Strongbox_Medium_01a_73b7a2b36244c8f2_0,36886.4,-18000.646,59.377514,Physician Bag,50.0,Blueprint,,,Medical_Medium,,
SceneComponent,Loot_MedicalBag_Medium_01a_Spawner_C,UNP_Loot_Strongbox_Medium_01a_d52d91af14afa8f4_0,41818.86,-11332.754,59.261074,Physician Bag,50.0,Blueprint,,,Medical_Medium,,
SceneComponent,Loot_MedicalChest_01a_C,Loot_MedicalChest_01a_C_UAID_046874882494AD8D02_c71ad3ef090f6a00_1997702812,-54830.68,34605.234,1828.1062,Physician’s Cabinet,,,,,Medical_UREL_Medium,,
SceneComponent,Loot_MedicalChest_01a_C,Loot_MedicalChest_01a_C_UAID_046874882494FE9802_29c4ea76462ed633_1767214527,-28204.508,22128.453,-218.00554,Physician’s Cabinet,,,,,Medical_UREL_Medium,,
SceneComponent,Loot_MedicalChest_01a_Spawner_C,Loot_Chest_Medium_01a_Spawner_C_UAID_581CF8B72315384E02_97971df2a4ca033d_1982387061,-35988.39,-26726.283,6317.181,Physician’s Cabinet,,,,,Medical_UREL_Medium,,
SceneComponent,Loot_MedicalChest_Medium_01a_Spawner_C,Loot_MedicalChest_Medium_01a_Spawner_C_UAID_046874882494AD8D02_c71ad3ef090f6a00_1998448872,-54903.55,34479.523,1907.1436,Medical Chest,50.0,Blueprint,,,Medical_Medium,,
SceneComponent,Loot_MedicalChest_Medium_01a_Spawner_C,Loot_MedicalChest_Medium_01a_Spawner_C_UAID_046874882494AD8D02_c71ad3ef090f6a00_1999746954,-53764.383,36775.438,1737.2552,Medical Chest,50.0,Blueprint,,,Medical_Medium,,
SceneComponent,Loot_MedicalChest_Medium_01a_Spawner_C,Loot_MedicalChest_Medium_01a_Spawner_C_UAID_046874882494AD8D02_c71ad3ef090f6a00_2000626012,-54626.645,33703.12,1740.8042,Medical Chest,50.0,Blueprint,,,Medical_Medium,,
SceneComponent,Loot_MedicalChest_Medium_01a_Spawner_C,Loot_MedicalChest_Medium_01a_Spawner_C_UAID_046874882494AD8D02_c71ad3ef090f6a00_2001521077,-53526.42,35803.44,1742.3011,Medical Chest,50.0,Blueprint,,,Medical_Medium,,
SceneComponent,Loot_MedicalChest_Medium_01a_Spawner_C,Loot_MedicalChest_Medium_01a_Spawner_C_UAID_046874882494FE9802_29c4ea76462ed633_1768570587,-28264.688,22260.707,-138.96822,Medical Chest,50.0,Blueprint,,,Medical_Medium,,
SceneComponent,Loot_MedicalChest_Medium_01a_Spawner_C,Loot_MedicalChest_Medium_01a_Spawner_C_UAID_04D9F5F93AD5394C02_86279adec2ec3b27_2114806380,-14206.064,17910.035,186.37497,Medical Chest,50.0,Blueprint,,,Medical_Medium,,
SceneComponent,Loot_MedicalChest_Medium_01a_Spawner_C,Loot_MedicalChest_Medium_01a_Spawner_C_UAID_18C04DA8201B437902_1955f5d21cbe47a4_1151891199,20635.38,6256.1074,2389.9827,Medical Chest,50.0,Blueprint,,,Medical_Medium,,
SceneComponent,Loot_MedicalChest_Medium_01a_Spawner_C,Loot_MedicalChest_Medium_01a_Spawner_C_UAID_581CF8B72315D2D802_b70ca0ae9df1c85d_1147392315,38259.066,-9146.685,67.682465,Medical Chest,50.0,Blueprint,,,Medical_Medium,,
SceneComponent,Loot_MedicalChest_Medium_01a_Spawner_C,Loot_MedicalChest_Medium_01a_Spawner_C_UAID_581CF8B72315E4D602_d52d91af14afa8f4_1483347595,41917.098,-11832.687,-28.538464,Medical Chest,50.0,Blueprint,,,Medical_Medium,,
SceneComponent,Loot_MedicalChest_Medium_01a_Spawner_C,Loot_MedicalChest_Medium_01a_Spawner_C_UAID_D843AE1A93E5207A02_39c53a56517c239f_1643978139,14603.489,13319.132,2099.3528,Medical Chest,25.0,Custom,,,Medical_Medium,,
SceneComponent,Loot_MedicalChest_Medium_01a_Spawner_C,Loot_MedicalChest_Medium_01a_Spawner_C_UAID_D843AE1A93E5207A02_3e62a173f235e900_1643978139,21538.475,-22022.475,2662.9197,Medical Chest,25.0,Custom,,,Medical_Medium,,
SceneComponent,Loot_MedicalChest_Medium_01a_Spawner_C,Loot_MedicalChest_Medium_01a_Spawner_C_UAID_D843AE1A93E5207A02_6c4c20721545df36_1643978139,-30656.105,-45271.31,5770.349,Medical Chest,25.0,Custom,,,Medical_Medium,,
SceneComponent,Loot_MedicalChest_Medium_01a_Spawner_C,Loot_MedicalChest_Medium_01a_Spawner_C_UAID_D843AE1A93E5207A02_a1b8e9568afcd202_1643978139,-57740.56,-19498.27,6970.155,Medical Chest,25.0,Custom,,,Medical_Medium,,
SceneComponent,Loot_MedicalChest_Medium_01a_Spawner_C,Loot_MedicalChest_Medium_01a_Spawner_C_UAID_D843AE1A93E5207A02_b48abfd6dd8426a8_1643978139,-24387.842,30381.588,1456.2255,Medical Chest,25.0,Custom,,,Medical_Medium,,
SceneComponent,Loot_MedicalChest_Medium_01a_Spawner_C,Loot_MedicalChest_Medium_01a_Spawner_C_UAID_D843AE1A93E5B3DE02_71619fc7e70fc919_1837112837,-14252.902,19118.396,566.6557,Medical Chest,100.0,Custom,,,Medical_Medium,,
SceneComponent,Loot_MedicalChest_Medium_01a_Spawner_C,Loot_MedicalChest_Medium_01a_Spawner_C_UAID_D843AE1A93E5CC7902_97971df2a4ca033d_1604434819,-36376.57,-26563.389,8940.558,Medical Chest,50.0,Blueprint,,,Medical_Medium,,
SceneComponent,Loot_MedicalChest_Medium_01a_Spawner_C,Loot_MedicalChest_Medium_01a_Spawner_C_UAID_D843AE1A93E5CD7902_97971df2a4ca033d_1674543523,-35546.332,-27186.438,8075.097,Medical Chest,100.0,Custom,,,Medical_Medium,,
SceneComponent,Loot_MedicalChest_Medium_01a_Spawner_C,UNP_Loot_MedicalChest_Medium_01a_Spawner_44bc51358a0b9d56_0,-38968.363,30118.643,1084.2808,Medical Chest,50.0,Blueprint,,,Medical_Medium,,
SceneComponent,Loot_MedicalChest_Medium_01a_Spawner_C,UNP_Loot_MedicalChest_Medium_01a_Spawner_7c0996856b002674_0,-23574.879,6177.574,850.56244,Medical Chest,50.0,Blueprint,,,Medical_Medium,,
SceneComponent,Loot_MedicalChest_Medium_01a_Spawner_C,UNP_Loot_MedicalChest_Medium_01a_Spawner_UAID_046874882494AD8D02_c71ad3ef090f6a00_1994058593,-53693.0,37638.71,1867.7721,Medical Chest,50.0,Blueprint,,,Medical_Medium,,
SceneComponent,Loot_MedicalChest_Medium_01a_Spawner_C,UNP_Loot_MedicalChest_Medium_01a_Spawner_UAID_046874882494AD8D02_c71ad3ef090f6a00_1994063595,-53670.934,37742.99,1869.4391,Medical Chest,50.0,Blueprint,,,Medical_Medium,,
SceneComponent,Loot_MedicalChest_Medium_01a_Spawner_C,UNP_Loot_MedicalChest_Medium_01a_Spawner_UAID_D843AE1A93E5B78702_44bc51358a0b9d56_1527209718,-38948.99,30014.139,1076.0734,Medical Chest,50.0,Blueprint,,,Medical_Medium,,
SceneComponent,Loot_MedicalChest_Medium_01a_Spawner_C,UNP_Loot_MedicalChest_Medium_01a_Spawner_UAID_D843AE1A93E5B78702_7c0996856b002674_1527209718,-23595.084,6072.9165,852.12164,Medical Chest,50.0,Blueprint,,,Medical_Medium,,
SceneComponent,Loot_MeleeWeaponCrate_01a_Spawner_C,Loot_MeleeWeaponCrate_01a_Spawner_C_UAID_046874882494AD8D02_c71ad3ef090f6a00_1994066597,-53669.137,37652.05,1934.5352,Melee Weapon Chest,100.0,Custom,,,Weapon_Melee,,
SceneComponent,Loot_MeleeWeaponCrate_01a_Spawner_C,Loot_MeleeWeaponCrate_01a_Spawner_C_UAID_D843AE1A93E5B3DE02_86279adec2ec3b27_1561552369,-16131.957,19163.31,567.9443,Melee Weapon Chest,100.0,Custom,,,Weapon_Melee,,
SceneComponent,Loot_MeleeWeaponCrate_01a_Spawner_C,Loot_MeleeWeaponCrate_01a_Spawner_C_UAID_D843AE1A93E5B78702_44bc51358a0b9d56_1962362839,-38984.242,30091.195,1149.0813,Melee Weapon Chest,100.0,Custom,,,Weapon_Melee,,
SceneComponent,Loot_MeleeWeaponCrate_01a_Spawner_C,Loot_MeleeWeaponCrate_01a_Spawner_C_UAID_D843AE1A93E5B78702_7c0996856b002674_1962362839,-23603.607,6164.702,915.47504,Melee Weapon Chest,100.0,Custom,,,Weapon_Melee,,
SceneComponent,Loot_MeleeWeaponCrate_01a_Spawner_C,Loot_WeaponCrate_01a_C_UAID_0468748824944D9B02_925fe67b578e1df0_1449729246,-1987.898,19827.11,-75.1705,Melee Weapon Chest,50.0,Blueprint,,,Weapon_Melee,,
SceneComponent,Loot_MeleeWeaponCrate_01a_Spawner_C,Loot_WeaponCrate_01a_C_UAID_0468748824944D9B02_984f965975ddf80a_1449729246,-58049.293,20507.51,-300.66675,Melee Weapon Chest,50.0,Blueprint,,,Weapon_Melee,,
SceneComponent,Loot_MeleeWeaponCrate_01a_Spawner_C,Loot_WeaponCrate_01a_C_UAID_046874882494859A02_367755be1ccb9d60_1585794770,-31352.783,-5402.296,1916.3564,Melee Weapon Chest,50.0,Blueprint,,,Weapon_Melee,,
SceneComponent,Loot_MeleeWeaponCrate_01a_Spawner_C,Loot_WeaponCrate_01a_C_UAID_0468748824949CD502_37bd26559c49d275_1306360998,-10479.469,-17386.703,2069.7876,Melee Weapon Chest,50.0,Blueprint,,,Weapon_Melee,,
SceneComponent,Loot_MeleeWeaponCrate_01a_Spawner_C,Loot_WeaponCrate_01a_C_UAID_046874882494CB9502_54fee8d70f7daec6_1496183550,-19997.582,-2963.1477,1249.2745,Melee Weapon Chest,50.0,Blueprint,,,Weapon_Melee,,
SceneComponent,Loot_MeleeWeaponCrate_01a_Spawner_C,Loot_WeaponCrate_01a_C_UAID_046874882494CB9502_68a02f615dd9f886_1496183550,-55699.332,29695.254,1486.1592,Melee Weapon Chest,50.0,Blueprint,,,Weapon_Melee,,
SceneComponent,Loot_MeleeWeaponCrate_01a_Spawner_C,Loot_WeaponCrate_01a_C_UAID_046874882494CB9502_c986968a39a1c40b_1496183550,-27066.74,-1672.6486,1899.1758,Melee Weapon Chest,50.0,Blueprint,,,Weapon_Melee,,
SceneComponent,Loot_MeleeWeaponCrate_01a_Spawner_C,Loot_WeaponCrate_01a_C_UAID_046874882494CC9502_97971df2a4ca033d_1236380296,-35270.543,-27085.037,8154.6333,Melee Weapon Chest,50.0,Blueprint,,,Weapon_Melee,,
SceneComponent,Loot_MeleeWeaponCrate_01a_Spawner_C,Loot_WeaponCrate_01a_C_UAID_046874882494DB9A02_a595927790dec5fd_2084398109,-48311.375,-7886.4443,3474.091,Melee Weapon Chest,100.0,Custom,,,Weapon_Melee,,
SceneComponent,Loot_MeleeWeaponCrate_01a_Spawner_C,Loot_WeaponCrate_01a_C_UAID_046874882494F39502_fa61c736281e8a8a_1295352535,-37837.215,-29442.805,7181.002,Melee Weapon Chest,50.0,Blueprint,,,Weapon_Melee,,
SceneComponent,Loot_MeleeWeaponCrate_01a_Spawner_C,Loot_WeaponCrate_01a_C_UAID_10FFE0F0DC0E98AC02_6bf7ed90f87edc78_1802740781,-7209.891,-16203.656,451.222,Melee Weapon Chest,50.0,Blueprint,,,Weapon_Melee,,
SceneComponent,Loot_MeleeWeaponCrate_01a_Spawner_C,UNP_Loot_WeaponCrate_Rare_01a1_0aed1a8904ae4ec5_1,-19091.217,-17923.74,1766.4,Melee Weapon Chest,50.0,Blueprint,,,Weapon_Melee,,
SceneComponent,Loot_MeleeWeaponCrate_01a_Spawner_C,UNP_Loot_WeaponCrate_Rare_01a1_UAID_046874882494449B02_566cfd8f809d947c_1511931766,9943.946,-23106.094,123.27378,Melee Weapon Chest,50.0,Blueprint,,,Weapon_Melee,,
SceneComponent,Loot_MeleeWeaponCrate_01a_Spawner_C,UNP_Loot_WeaponCrate_Rare_01a1_UAID_046874882494A69E02_bd0f96a5981d5c04_1172817468,-39563.688,11119.411,-720.65704,Melee Weapon Chest,50.0,Blueprint,,,Weapon_Melee,,
SceneComponent,Loot_MeleeWeaponCrate_01a_Spawner_C,UNP_Loot_WeaponCrate_Rare_01a1_UAID_046874882494FE9802_29c4ea76462ed633_1764168424,-31652.256,22940.521,-278.94476,Melee Weapon Chest,50.0,Blueprint,,,Weapon_Melee,,
SceneComponent,Loot_MeleeWeaponCrate_01a_Spawner_C,UNP_Loot_WeaponCrate_Rare_01a1_e91804926c8cb328_1,21250.49,-7575.9277,2327.9292,Melee Weapon Chest,50.0,Blueprint,,,Weapon_Melee,,
SceneComponent,Loot_MeleeWeaponCrate_REL_01a_Spawner_C,Loot_MeleeWeaponCrate_REL_01a_Spawner_C_UAID_18C04DA8201B437902_1955f5d21cbe47a4_1437658220,23077.188,6898.265,2499.1714,Reinforced Melee Weapon Chest,50.0,Blueprint,,InventoryDefinition_Key'ID_Key_Silver',Weapon_Melee_REL,,
SceneComponent,Loot_MeleeWeaponCrate_REL_01a_Spawner_C,Loot_WeaponCrate_01a_C_UAID_0468748824949AD502_6bf7ed90f87edc78_2027511230,-7520.1426,-16698.578,1943.148,Reinforced Melee Weapon Chest,50.0,Blueprint,,InventoryDefinition_Key'ID_Key_Silver',Weapon_Melee_REL,,
SceneComponent,Loot_MeleeWeaponCrate_REL_01a_Spawner_C,Loot_WeaponCrate_01a_C_UAID_046874882494CC9502_97971df2a4ca033d_1238318326,-35648.293,-26693.639,9173.0205,Reinforced Melee Weapon Chest,50.0,Blueprint,,InventoryDefinition_Key'ID_Key_Silver',Weapon_Melee_REL,,
SceneComponent,Loot_MeleeWeaponCrate_REL_01a_Spawner_C,Loot_WeaponCrate_01a_C_UAID_046874882494D39502_c28b544d044813cd_1678071785,-38984.746,-28043.72,7051.703,Reinforced Melee Weapon Chest,50.0,Blueprint,,InventoryDefinition_Key'ID_Key_Silver',Weapon_Melee_REL,,
SceneComponent,Loot_MeleeWeaponCrate_REL_01a_Spawner_C,Loot_WeaponCrate_01a_C_UAID_046874882494FB9A02_71619fc7e70fc919_1232319890,-15254.6455,23359.998,-234.41913,Reinforced Melee Weapon Chest,50.0,Blueprint,,InventoryDefinition_Key'ID_Key_Silver',Weapon_Melee_REL,,
SceneComponent,Loot_MeleeWeaponCrate_REL_01a_Spawner_C,Loot_WeaponCrate_01a_C_UAID_046874882494FE9802_29c4ea76462ed633_1769083600,-32743.715,21653.354,-257.63116,Reinforced Melee Weapon Chest,50.0,Blueprint,,InventoryDefinition_Key'ID_Key_Silver',Weapon_Melee_REL,,
SceneComponent,Loot_MeleeWeaponCrate_REL_01a_Spawner_C,Loot_WeaponCrate_01a_C_UAID_04D9F5F93AD57B3302_0f847cc374263e91_2002938121,24110.791,4510.145,2405.0,Reinforced Melee Weapon Chest,50.0,Blueprint,,InventoryDefinition_Key'ID_Key_Silver',Weapon_Melee_REL,,
SceneComponent,Loot_MeleeWeaponCrate_REL_01a_Spawner_C,Loot_WeaponCrate_01a_C_UAID_04D9F5F93AD57B3302_2a68acf5ecb77c02_2002938121,20136.959,5054.2324,813.9357,Reinforced Melee Weapon Chest,50.0,Blueprint,,InventoryDefinition_Key'ID_Key_Silver',Weapon_Melee_REL,,
SceneComponent,Loot_MeleeWeaponCrate_REL_01a_Unlocked_Spawner_C,Loot_WeaponCrate_01a_C_643191a2278730e7_1,18496.613,-2412.2776,787.99664,Reinforced Melee Weapon Chest,50.0,Blueprint,,InventoryDefinition_Key'ID_Key_Silver',Weapon_Melee_REL,,
SceneComponent,Loot_MeleeWeaponCrate_REL_01a_Unlocked_Spawner_C,Loot_WeaponCrate_01a_C_UAID_0468748824944E8902_1c556f47455d4841_1223650372,-3694.6738,3740.3933,-518.1663,Reinforced Melee Weapon Chest,50.0,Blueprint,,InventoryDefinition_Key'ID_Key_Silver',Weapon_Melee_REL,,
SceneComponent,Loot_MeleeWeaponCrate_REL_01a_Unlocked_Spawner_C,Loot_WeaponCrate_01a_C_UAID_046874882494789602_25c38f96bd642657_2058928932,-26241.031,-7765.194,2153.9653,Reinforced Melee Weapon Chest,50.0,Blueprint,,InventoryDefinition_Key'ID_Key_Silver',Weapon_Melee_REL,,
SceneComponent,Loot_MeleeWeaponCrate_REL_01a_Unlocked_Spawner_C,Loot_WeaponCrate_01a_C_UAID_046874882494859A02_367755be1ccb9d60_1585092333,-30024.172,-7222.094,1824.5487,Reinforced Melee Weapon Chest,50.0,Blueprint,,InventoryDefinition_Key'ID_Key_Silver',Weapon_Melee_REL,,
SceneComponent,Loot_MeleeWeaponCrate_REL_01a_Unlocked_Spawner_C,Loot_WeaponCrate_01a_C_UAID_0468748824949AD502_6bf7ed90f87edc78_2019780071,-7611.093,-16200.496,898.1588,Reinforced Melee Weapon Chest,50.0,Blueprint,,InventoryDefinition_Key'ID_Key_Silver',Weapon_Melee_REL,,
SceneComponent,Loot_MeleeWeaponCrate_REL_01a_Unlocked_Spawner_C,Loot_WeaponCrate_01a_C_UAID_0468748824949AD502_6bf7ed90f87edc78_2020036075,-8004.983,-16472.87,651.7103,Reinforced Melee Weapon Chest,50.0,Blueprint,,InventoryDefinition_Key'ID_Key_Silver',Weapon_Melee_REL,,
SceneComponent,Loot_MeleeWeaponCrate_REL_01a_Unlocked_Spawner_C,Loot_WeaponCrate_01a_C_UAID_046874882494AD8D02_c71ad3ef090f6a00_2003435288,-54951.785,34172.74,1849.5712,Reinforced Melee Weapon Chest,50.0,Blueprint,,InventoryDefinition_Key'ID_Key_Silver',Weapon_Melee_REL,,
SceneComponent,Loot_MeleeWeaponCrate_REL_01a_Unlocked_Spawner_C,Loot_WeaponCrate_01a_C_UAID_046874882494AD8D02_c71ad3ef090f6a00_2003566293,-56036.65,33035.125,1782.955,Reinforced Melee Weapon Chest,50.0,Blueprint,,InventoryDefinition_Key'ID_Key_Silver',Weapon_Melee_REL,,
SceneComponent,Loot_MeleeWeaponCrate_REL_01a_Unlocked_Spawner_C,Loot_WeaponCrate_01a_C_UAID_046874882494CC9502_97971df2a4ca033d_1226302086,-35293.95,-27192.531,9428.969,Reinforced Melee Weapon Chest,50.0,Blueprint,,InventoryDefinition_Key'ID_Key_Silver',Weapon_Melee_REL,,
SceneComponent,Loot_MeleeWeaponCrate_REL_01a_Unlocked_Spawner_C,Loot_WeaponCrate_01a_C_UAID_046874882494CC9502_97971df2a4ca033d_1239901380,-35369.37,-26676.357,8120.894,Reinforced Melee Weapon Chest,50.0,Blueprint,,InventoryDefinition_Key'ID_Key_Silver',Weapon_Melee_REL,,
SceneComponent,Loot_MeleeWeaponCrate_REL_01a_Unlocked_Spawner_C,Loot_WeaponCrate_01a_C_UAID_046874882494CC9502_97971df2a4ca033d_1243727456,-35209.992,-27168.676,10229.063,Reinforced Melee Weapon Chest,50.0,Blueprint,,InventoryDefinition_Key'ID_Key_Silver',Weapon_Melee_REL,,
SceneComponent,Loot_MeleeWeaponCrate_REL_01a_Unlocked_Spawner_C,Loot_WeaponCrate_01a_C_UAID_046874882494D39502_c28b544d044813cd_1678038764,-38706.598,-25282.898,7243.626,Reinforced Melee Weapon Chest,50.0,Blueprint,,InventoryDefinition_Key'ID_Key_Silver',Weapon_Melee_REL,,
SceneComponent,Loot_MeleeWeaponCrate_REL_01a_Unlocked_Spawner_C,Loot_WeaponCrate_01a_C_UAID_046874882494E98802_200fe159653a847b_1710471154,-62507.39,-17546.549,1607.412,Reinforced Melee Weapon Chest,50.0,Blueprint,,InventoryDefinition_Key'ID_Key_Silver',Weapon_Melee_REL,,
SceneComponent,Loot_MeleeWeaponCrate_REL_01a_Unlocked_Spawner_C,Loot_WeaponCrate_01a_C_UAID_046874882494ED9302_665a04c56e1f24ee_2137150540,-34919.027,-25442.414,8751.747,Reinforced Melee Weapon Chest,50.0,Blueprint,,InventoryDefinition_Key'ID_Key_Silver',Weapon_Melee_REL,,
SceneComponent,Loot_MeleeWeaponCrate_REL_01a_Unlocked_Spawner_C,Loot_WeaponCrate_01a_C_UAID_18C04DA8201B437902_1955f5d21cbe47a4_1440979448,22465.99,694.58374,204.86061,Reinforced Melee Weapon Chest,50.0,Blueprint,,InventoryDefinition_Key'ID_Key_Silver',Weapon_Melee_REL,,
SceneComponent,Loot_MeleeWeaponCrate_REL_01a_Unlocked_Spawner_C,Loot_WeaponCrate_01a_C_UAID_581CF8B723156ABE02_20e2b082a6cc054c_1246954233,23649.785,-8067.7646,1040.5327,Reinforced Melee Weapon Chest,50.0,Blueprint,,InventoryDefinition_Key'ID_Key_Silver',Weapon_Melee_REL,,
SceneComponent,Loot_MeleeWeaponCrate_REL_01a_Unlocked_Spawner_C,Loot_WeaponCrate_01a_C_UAID_581CF8B723156ABE02_20e2b082a6cc054c_1247172238,23690.59,-9338.703,1020.9818,Reinforced Melee Weapon Chest,50.0,Blueprint,,InventoryDefinition_Key'ID_Key_Silver',Weapon_Melee_REL,,
SceneComponent,Loot_MeleeWeaponCrate_REL_01a_Unlocked_Spawner_C,Loot_WeaponCrate_01a_C_UAID_581CF8B723159BD502_cef4d286548b889d_1200445042,31662.545,-7960.0483,624.1488,Reinforced Melee Weapon Chest,50.0,Blueprint,,InventoryDefinition_Key'ID_Key_Silver',Weapon_Melee_REL,,
SceneComponent,Loot_OldStool_01a_Spawner_C,Loot_OldStool_01a_Spawner_C_UAID_00FF8EFC2BEF3E5202_1498942667,-16132.948,30267.553,-337.64035,Stool Drawer,,,,,Chest_Global_Small,,
SceneComponent,Loot_OldStool_01a_Spawner_C,UNP_Loot_OldStool_01a_Spawner_UAID_046874882494FE9802_29c4ea76462ed633_1783183300,-31327.404,21860.428,-310.36832,Stool Drawer,,,,,Chest_Global_Small,,
SceneComponent,Loot_OpiumBox_01a_Spawner_C,Loot_OpiumBox_01a_Spawner_C_UAID_046874882494859A02_367755be1ccb9d60_1585483583,-28842.816,-8636.588,1989.4357,Jewellery Box,50.0,Blueprint,,,ValuablesBox,,
SceneComponent,Loot_OpiumBox_01a_Spawner_C,Loot_OpiumBox_01a_Spawner_C_UAID_046874882494859A02_367755be1ccb9d60_1585774758,-31506.074,-6337.9634,1792.5143,Jewellery Box,50.0,Blueprint,,,ValuablesBox,,
SceneComponent,Loot_OpiumBox_01a_Spawner_C,Loot_OpiumBox_01a_Spawner_C_UAID_581CF8B7231544DB02_3df28b0128384e50_1449377229,40449.08,-14194.651,16.762417,Jewellery Box,50.0,Blueprint,,,ValuablesBox,,
SceneComponent,Loot_OpiumBox_01a_Spawner_C,Loot_OpiumBox_01a_Spawner_C_UAID_581CF8B72315C05A02_c71ad3ef090f6a00_2102821432,-55657.77,35196.61,1759.4791,Jewellery Box,5.0,Custom,,,ValuablesBox,,
SceneComponent,Loot_OpiumBox_01a_Spawner_C,Loot_OpiumBox_01a_Spawner_C_UAID_581CF8B72315DCD602_79f9a36b537b5426_1471489992,33627.9,-15143.559,-61.076412,Jewellery Box,5.0,Custom,,,ValuablesBox,,
SceneComponent,Loot_OpiumBox_01a_Spawner_C,Loot_OpiumBox_01a_Spawner_C_UAID_581CF8B72315E4D602_d52d91af14afa8f4_1461518589,41889.72,-11429.223,59.92879,Jewellery Box,50.0,Blueprint,,,ValuablesBox,,
SceneComponent,Loot_OpiumBox_01a_Spawner_C,Loot_OpiumBox_01a_Spawner_C_UAID_D843AE1A93E5A37D02_afe4a3bbeb7c2068_1925758731,2924.879,-13129.32,1099.555,Jewellery Box,50.0,Blueprint,,,ValuablesBox,,
SceneComponent,Loot_PhysiciansDesk_Medium_01a_Spawner_C,Loot_LedgerDesk_Medium_02a_Spawner_C_UAID_046874882494AD8D02_c71ad3ef090f6a00_2001509071,-53555.19,35868.844,1742.3011,Ledger Desk,,,,InventoryDefinition_Key'ID_Key_Bronze',Ledger,,
SceneComponent,Loot_PowderLocker_01a_Spawner_C,Loot_PowderLocker_01a_Spawner_C_UAID_10FFE03E321C54E502_2126656764,-54895.062,36119.715,1735.42,Powder Locker,50.0,Blueprint,,,PowderLocker,,
SceneComponent,Loot_PowderLocker_01a_Spawner_C,Loot_PowderLocker_01a_Spawner_C_UAID_10FFE03E321C55E502_1728928952,-66156.32,464.9297,1695.1847,Powder Locker,50.0,Blueprint,,,PowderLocker,,
SceneComponent,Loot_PowderLocker_01a_Spawner_C,Loot_PowderLocker_01a_Spawner_C_UAID_10FFE03E321C55E502_2023856974,22006.85,-22141.746,2149.9846,Powder Locker,50.0,Blueprint,,,PowderLocker,,
SceneComponent,Loot_PowderLocker_01a_Spawner_C,Loot_PowderLocker_01a_Spawner_C_UAID_10FFE03E321C56E502_1200040156,19432.846,3442.4907,2403.923,Powder Locker,50.0,Blueprint,,,PowderLocker,,
SceneComponent,Loot_RangedWeaponCrate_01a_Spawner_C,Loot_RangedWeaponCrate_01a_Spawner_C_UAID_00FF8EFC2BEFF55102_0567d919d7f75113_1901585462,-58201.562,-15841.327,4661.2114,Ranged Weapon Chest,25.0,Blueprint,,,Weapon_Ranged,,
SceneComponent,Loot_RangedWeaponCrate_01a_Spawner_C,Loot_RangedWeaponCrate_01a_Spawner_C_UAID_00FF8EFC2BEFF55102_99f4c739b9946800_1901585462,-2600.1997,-14828.554,187.62733,Ranged Weapon Chest,25.0,Blueprint,,,Weapon_Ranged,,
SceneComponent,Loot_RangedWeaponCrate_01a_Spawner_C,Loot_RangedWeaponCrate_01a_Spawner_C_UAID_00FF8EFC2BEFF55102_f36a3e50f886425e_1901585462,-29094.152,36035.39,1355.0533,Ranged Weapon Chest,25.0,Blueprint,,,Weapon_Ranged,,
SceneComponent,Loot_RangedWeaponCrate_01a_Spawner_C,Loot_RangedWeaponCrate_01a_Spawner_C_UAID_D843AE1A93E5B4DE02_9a171dde977e4581_1426406869,-66559.766,-2093.2026,1782.0645,Ranged Weapon Chest,100.0,Custom,,,Weapon_Ranged,,
SceneComponent,Loot_RangedWeaponCrate_01a_Spawner_C,Loot_WeaponCrate_01a_C_29c4ea76462ed633_2,-29174.676,21143.693,-140.31099,Ranged Weapon Chest,25.0,Blueprint,,,Weapon_Ranged,,
SceneComponent,Loot_RangedWeaponCrate_01a_Spawner_C,Loot_WeaponCrate_01a_C_UAID_0468748824949AD502_6bf7ed90f87edc78_2022657115,-7664.353,-16301.864,4150.519,Ranged Weapon Chest,25.0,Blueprint,,,Weapon_Ranged,,
SceneComponent,Loot_RangedWeaponCrate_01a_Spawner_C,Loot_WeaponCrate_01a_Spawner_C_536,-54385.402,-16868.105,3411.791,Ranged Weapon Chest,25.0,Blueprint,,,Weapon_Ranged,,
SceneComponent,Loot_RangedWeaponCrate_01a_Spawner_C,UNP_Loot_WeaponCrate_01a_7144dd4566ea6a39_0,1406.874,-14519.793,1436.4187,Ranged Weapon Chest,25.0,Custom,,,Weapon_Ranged,,
SceneComponent,Loot_RangedWeaponCrate_01a_Spawner_C,UNP_Loot_WeaponCrate_01a_UAID_0468748824943F9B02_25a8e10f80183f94_1308697786,-34186.973,37012.523,1452.494,Ranged Weapon Chest,25.0,Blueprint,,,Weapon_Ranged,,
SceneComponent,Loot_RangedWeaponCrate_01a_Spawner_C,UNP_Loot_WeaponCrate_01a_b787c659fad3114a_0,10273.665,27933.12,971.83856,Ranged Weapon Chest,25.0,Blueprint,,,Weapon_Ranged,,
SceneComponent,Loot_RangedWeaponCrate_01a_Spawner_C,UNP_Loot_WeaponCrate_01a_e38de8eeb220e3f9_0,-36853.848,-5576.738,2434.2676,Ranged Weapon Chest,25.0,Custom,,,Weapon_Ranged,,
SceneComponent,Loot_RangedWeaponCrate_01a_Spawner_C,UNP_Loot_WeaponCrate_01a_ffe6147ae5209860_0,-17348.383,-20616.834,1714.216,Ranged Weapon Chest,25.0,Custom,,,Weapon_Ranged,,
SceneComponent,Loot_RangedWeaponCrate_01a_Spawner_C,UNP_Loot_WeaponCrate_Rare_01a_0aed1a8904ae4ec5_0,-19320.848,-17796.398,1907.5306,Ranged Weapon Chest,25.0,Blueprint,,,Weapon_Ranged,,
SceneComponent,Loot_RangedWeaponCrate_01a_Spawner_C,UNP_Loot_WeaponCrate_Rare_01a_UAID_046874882494449B02_566cfd8f809d947c_1511935768,10020.722,-22861.604,222.91675,Ranged Weapon Chest,25.0,Blueprint,,,Weapon_Ranged,,
SceneComponent,Loot_RangedWeaponCrate_01a_Spawner_C,UNP_Loot_WeaponCrate_Rare_01a_UAID_046874882494A69E02_bd0f96a5981d5c04_1172818470,-39628.688,11322.829,-637.6213,Ranged Weapon Chest,25.0,Blueprint,,,Weapon_Ranged,,
SceneComponent,Loot_RangedWeaponCrate_01a_Spawner_C,UNP_Loot_WeaponCrate_Rare_01a_UAID_046874882494FE9802_29c4ea76462ed633_1764172426,-31442.07,22978.285,-195.90897,Ranged Weapon Chest,25.0,Blueprint,,,Weapon_Ranged,,
SceneComponent,Loot_RangedWeaponCrate_01a_Spawner_C,UNP_Loot_WeaponCrate_Rare_01a_e91804926c8cb328_0,21444.168,-7612.7427,2445.045,Ranged Weapon Chest,25.0,Blueprint,,,Weapon_Ranged,,
SceneComponent,Loot_RangedWeaponCrate_REL_01a_Spawner_C,Loot_WeaponCrate_01a_C_643191a2278730e7_0,18532.523,-1499.8425,752.7639,Reinforced Ranged Weapon Chest,50.0,Blueprint,,InventoryDefinition_Key'ID_Key_Silver',Weapon_Ranged_REL,,
SceneComponent,Loot_RangedWeaponCrate_REL_01a_Spawner_C,Loot_WeaponCrate_01a_C_UAID_046874882494859A02_367755be1ccb9d60_1585259443,-26267.965,-9045.766,1795.706,Reinforced Ranged Weapon Chest,50.0,Blueprint,,InventoryDefinition_Key'ID_Key_Silver',Weapon_Ranged_REL,,
SceneComponent,Loot_RangedWeaponCrate_REL_01a_Spawner_C,Loot_WeaponCrate_01a_C_UAID_046874882494977D02_f5f3745e62dd497c_1268930555,-65595.13,-3664.479,1937.1948,Reinforced Ranged Weapon Chest,50.0,Blueprint,,InventoryDefinition_Key'ID_Key_Silver',Weapon_Ranged_REL,,
SceneComponent,Loot_RangedWeaponCrate_REL_01a_Spawner_C,Loot_WeaponCrate_01a_C_UAID_046874882494AD8D02_c71ad3ef090f6a00_2003691300,-52120.64,33835.234,1780.8685,Reinforced Ranged Weapon Chest,50.0,Blueprint,,InventoryDefinition_Key'ID_Key_Silver',Weapon_Ranged_REL,,
SceneComponent,Loot_RangedWeaponCrate_REL_01a_Spawner_C,Loot_WeaponCrate_01a_C_UAID_046874882494CC9502_97971df2a4ca033d_1228151124,-35186.883,-26878.29,8992.423,Reinforced Ranged Weapon Chest,50.0,Blueprint,,InventoryDefinition_Key'ID_Key_Silver',Weapon_Ranged_REL,,
SceneComponent,Loot_RangedWeaponCrate_REL_01a_Spawner_C,Loot_WeaponCrate_01a_C_UAID_046874882494CC9502_97971df2a4ca033d_1234523266,-35914.566,-26615.457,7707.5625,Reinforced Ranged Weapon Chest,50.0,Blueprint,,InventoryDefinition_Key'ID_Key_Silver',Weapon_Ranged_REL,,
SceneComponent,Loot_RangedWeaponCrate_REL_01a_Spawner_C,Loot_WeaponCrate_01a_C_UAID_046874882494CC9502_97971df2a4ca033d_1243187449,-35477.168,-27520.027,8218.519,Reinforced Ranged Weapon Chest,50.0,Blueprint,,InventoryDefinition_Key'ID_Key_Silver',Weapon_Ranged_REL,,
SceneComponent,Loot_RangedWeaponCrate_REL_01a_Spawner_C,Loot_WeaponCrate_01a_C_UAID_046874882494CC9502_97971df2a4ca033d_1246939532,-36616.895,-27130.375,9025.124,Reinforced Ranged Weapon Chest,50.0,Blueprint,,InventoryDefinition_Key'ID_Key_Silver',Weapon_Ranged_REL,,
SceneComponent,Loot_RangedWeaponCrate_REL_01a_Spawner_C,Loot_WeaponCrate_01a_C_UAID_046874882494E49402_dd9000abe4fb1d99_1526131073,-37464.12,-24685.736,8125.691,Reinforced Ranged Weapon Chest,50.0,Blueprint,,InventoryDefinition_Key'ID_Key_Silver',Weapon_Ranged_REL,,
SceneComponent,Loot_RangedWeaponCrate_REL_01a_Spawner_C,Loot_WeaponCrate_01a_C_UAID_046874882494E59402_307909d31b9b9ada_1717755554,-37859.64,-28847.13,8125.691,Reinforced Ranged Weapon Chest,50.0,Blueprint,,InventoryDefinition_Key'ID_Key_Silver',Weapon_Ranged_REL,,
SceneComponent,Loot_RangedWeaponCrate_REL_01a_Spawner_C,Loot_WeaponCrate_01a_C_UAID_046874882494E59402_6329e284061ca9fb_1090206386,-39519.523,-26248.607,8125.691,Reinforced Ranged Weapon Chest,50.0,Blueprint,,InventoryDefinition_Key'ID_Key_Silver',Weapon_Ranged_REL,,
SceneComponent,Loot_RangedWeaponCrate_REL_01a_Spawner_C,Loot_WeaponCrate_01a_C_UAID_046874882494ED9302_e3d28eea39077f84_1733559353,-36184.27,-29228.684,8193.378,Reinforced Ranged Weapon Chest,50.0,Blueprint,,InventoryDefinition_Key'ID_Key_Silver',Weapon_Ranged_REL,,
SceneComponent,Loot_RangedWeaponCrate_REL_01a_Spawner_C,Loot_WeaponCrate_01a_C_UAID_046874882494FE9802_29c4ea76462ed633_1774593773,-33526.645,21117.879,-65.28129,Reinforced Ranged Weapon Chest,50.0,Blueprint,,InventoryDefinition_Key'ID_Key_Silver',Weapon_Ranged_REL,,
SceneComponent,Loot_RangedWeaponCrate_REL_01a_Unlocked_Spawner_C,Loot_RangedWeaponCrate_REL_01a_Unlocked_Spawner_C_UAID_581CF8B72315B7D402_cef4d286548b889d_1584283249,31110.336,-6249.754,618.7387,Reinforced Ranged Weapon Chest,50.0,Blueprint,,InventoryDefinition_Key'ID_Key_Silver',Weapon_Ranged_REL,,
SceneComponent,Loot_RangedWeaponCrate_REL_01a_Unlocked_Spawner_C,Loot_WeaponCrate_01a_C_UAID_04687488249498D502_314534fecdfa9afd_1579855148,-6827.7085,-17490.082,3885.315,Reinforced Ranged Weapon Chest,50.0,Blueprint,,InventoryDefinition_Key'ID_Key_Silver',Weapon_Ranged_REL,,
SceneComponent,Loot_RangedWeaponCrate_REL_01a_Unlocked_Spawner_C,Loot_WeaponCrate_01a_C_UAID_0468748824949AD502_6bf7ed90f87edc78_2021877102,-7998.79,-16582.953,2848.555,Reinforced Ranged Weapon Chest,50.0,Blueprint,,InventoryDefinition_Key'ID_Key_Silver',Weapon_Ranged_REL,,
SceneComponent,Loot_RangedWeaponCrate_REL_01a_Unlocked_Spawner_C,Loot_WeaponCrate_01a_C_UAID_0468748824949AD502_6bf7ed90f87edc78_2022137107,-8001.914,-16608.701,459.30554,Reinforced Ranged Weapon Chest,50.0,Blueprint,,InventoryDefinition_Key'ID_Key_Silver',Weapon_Ranged_REL,,
SceneComponent,Loot_RangedWeaponCrate_REL_01a_Unlocked_Spawner_C,Loot_WeaponCrate_01a_C_UAID_0468748824949AD502_6bf7ed90f87edc78_2022399111,-7271.525,-16017.208,653.0727,Reinforced Ranged Weapon Chest,50.0,Blueprint,,InventoryDefinition_Key'ID_Key_Silver',Weapon_Ranged_REL,,
SceneComponent,Loot_RangedWeaponCrate_REL_01a_Unlocked_Spawner_C,Loot_WeaponCrate_01a_C_UAID_046874882494CC9502_97971df2a4ca033d_1240088386,-36374.742,-26317.914,10228.783,Reinforced Ranged Weapon Chest,50.0,Blueprint,,InventoryDefinition_Key'ID_Key_Silver',Weapon_Ranged_REL,,
SceneComponent,Loot_RangedWeaponCrate_REL_01a_Unlocked_Spawner_C,Loot_WeaponCrate_01a_C_UAID_046874882494CC9502_97971df2a4ca033d_1240289391,-36092.68,-27084.379,9651.526,Reinforced Ranged Weapon Chest,50.0,Blueprint,,InventoryDefinition_Key'ID_Key_Silver',Weapon_Ranged_REL,,
SceneComponent,Loot_RangedWeaponCrate_REL_01a_Unlocked_Spawner_C,Loot_WeaponCrate_01a_C_UAID_046874882494CC9502_97971df2a4ca033d_1251452604,-36087.316,-26437.473,9024.89,Reinforced Ranged Weapon Chest,100.0,Custom,,InventoryDefinition_Key'ID_Key_Silver',Weapon_Ranged_REL,,
SceneComponent,Loot_RangedWeaponCrate_REL_01a_Unlocked_Spawner_C,Loot_WeaponCrate_01a_C_UAID_046874882494CC9502_97971df2a4ca033d_1256233669,-35664.547,-27182.215,9458.256,Reinforced Ranged Weapon Chest,100.0,Custom,,InventoryDefinition_Key'ID_Key_Silver',Weapon_Ranged_REL,,
SceneComponent,Loot_RangedWeaponCrate_REL_01a_Unlocked_Spawner_C,Loot_WeaponCrate_01a_C_UAID_046874882494DB9A02_a595927790dec5fd_2084763126,-48068.836,-8207.179,3491.9526,Reinforced Ranged Weapon Chest,50.0,Blueprint,,InventoryDefinition_Key'ID_Key_Silver',Weapon_Ranged_REL,,
SceneComponent,Loot_RangedWeaponCrate_REL_01a_Unlocked_Spawner_C,Loot_WeaponCrate_01a_C_UAID_08BFB82FEC6A85DC02_3df28b0128384e50_1195357468,32366.129,-11519.495,72.894646,Reinforced Ranged Weapon Chest,50.0,Blueprint,,InventoryDefinition_Key'ID_Key_Silver',Weapon_Ranged_REL,,
SceneComponent,Loot_RangedWeaponCrate_REL_01a_Unlocked_Spawner_C,Loot_WeaponCrate_01a_C_UAID_08BFB82FEC6A85DC02_3df28b0128384e50_1195531474,32989.477,-9371.206,23.537374,Reinforced Ranged Weapon Chest,50.0,Blueprint,,InventoryDefinition_Key'ID_Key_Silver',Weapon_Ranged_REL,,
SceneComponent,Loot_RangedWeaponCrate_REL_01a_Unlocked_Spawner_C,Loot_WeaponCrate_01a_C_UAID_581CF8B723150CBE02_c3245b26535725e1_1580413309,23140.238,-5977.0396,1026.9486,Reinforced Ranged Weapon Chest,50.0,Blueprint,,InventoryDefinition_Key'ID_Key_Silver',Weapon_Ranged_REL,,
SceneComponent,Loot_RangedWeaponCrate_REL_01a_Unlocked_Spawner_C,Loot_WeaponCrate_01a_C_UAID_581CF8B723154ED602_a9a338b10a444bbb_1289995037,30379.75,-14205.324,-4.447079,Reinforced Ranged Weapon Chest,50.0,Blueprint,,InventoryDefinition_Key'ID_Key_Silver',Weapon_Ranged_REL,,
SceneComponent,Loot_RangedWeaponCrate_REL_01a_Unlocked_Spawner_C,Loot_WeaponCrate_01a_C_UAID_581CF8B723155BD402_263882d4f35b9b05_1771578245,31892.934,-9337.489,17.844635,Reinforced Ranged Weapon Chest,50.0,Blueprint,,InventoryDefinition_Key'ID_Key_Silver',Weapon_Ranged_REL,,
SceneComponent,Loot_RangedWeaponCrate_REL_01a_Unlocked_Spawner_C,Loot_WeaponCrate_01a_C_UAID_581CF8B723156ABE02_20e2b082a6cc054c_1249902311,23093.316,-8484.623,1019.266,Reinforced Ranged Weapon Chest,50.0,Blueprint,,InventoryDefinition_Key'ID_Key_Silver',Weapon_Ranged_REL,,
SceneComponent,Loot_RangedWeaponCrate_REL_01a_Unlocked_Spawner_C,Loot_WeaponCrate_01a_C_UAID_581CF8B7231599D602_0d3d88d307a018df_1729993598,37110.984,-8420.737,-48.987965,Reinforced Ranged Weapon Chest,50.0,Blueprint,,InventoryDefinition_Key'ID_Key_Silver',Weapon_Ranged_REL,,
SceneComponent,Loot_RangedWeaponCrate_REL_01a_Unlocked_Spawner_C,Loot_WeaponCrate_01a_C_UAID_581CF8B7231599D602_0ee7a365402e2b65_1729678585,32316.107,-15377.231,-48.75763,Reinforced Ranged Weapon Chest,50.0,Blueprint,,InventoryDefinition_Key'ID_Key_Silver',Weapon_Ranged_REL,,
SceneComponent,Loot_RangedWeaponCrate_REL_01a_Unlocked_Spawner_C,Loot_WeaponCrate_01a_C_UAID_581CF8B7231599D602_0ee7a365402e2b65_1729831591,33515.63,-14590.538,38.95857,Reinforced Ranged Weapon Chest,50.0,Blueprint,,InventoryDefinition_Key'ID_Key_Silver',Weapon_Ranged_REL,,
SceneComponent,Loot_RangedWeaponCrate_REL_01a_Unlocked_Spawner_C,Loot_WeaponCrate_01a_C_UAID_581CF8B7231599D602_0ee7a365402e2b65_1729993598,33026.195,-15302.995,-48.987965,Reinforced Ranged Weapon Chest,50.0,Blueprint,,InventoryDefinition_Key'ID_Key_Silver',Weapon_Ranged_REL,,
SceneComponent,Loot_RangedWeaponCrate_REL_01a_Unlocked_Spawner_C,Loot_WeaponCrate_01a_C_UAID_581CF8B72315AACF02_0af8d68b152618b4_1509483234,25981.32,-7568.242,1023.708,Reinforced Ranged Weapon Chest,50.0,Blueprint,,InventoryDefinition_Key'ID_Key_Silver',Weapon_Ranged_REL,,
SceneComponent,Loot_RangedWeaponCrate_REL_01a_Unlocked_Spawner_C,Loot_WeaponCrate_01a_C_UAID_581CF8B72315AACF02_0af8d68b152618b4_1509745240,29481.83,-5439.0195,620.0239,Reinforced Ranged Weapon Chest,50.0,Blueprint,,InventoryDefinition_Key'ID_Key_Silver',Weapon_Ranged_REL,,
SceneComponent,Loot_RangedWeaponCrate_REL_01a_Unlocked_Spawner_C,Loot_WeaponCrate_01a_C_UAID_581CF8B72315DED602_09b253a8aea41573_1900379387,35336.65,-16874.846,38.95858,Reinforced Ranged Weapon Chest,50.0,Blueprint,,InventoryDefinition_Key'ID_Key_Silver',Weapon_Ranged_REL,,
SceneComponent,Loot_SideTable_01a_Spawner_C,LevelInstance_32787930e307ffa0_0,33431.66,-5135.008,591.0965,Bottom Drawer,,,,,CivilianCupboard_Small,,
SceneComponent,Loot_SideTable_01a_Spawner_C,LevelInstance_6aa29054035e3474_1,26977.594,-11896.63,589.9335,Bottom Drawer,,,,,CivilianCupboard_Small,,
SceneComponent,Loot_SideTable_01a_Spawner_C,LevelInstance_UAID_04D9F5F93AD5874702_b155a0e4697d664a_1567812618,-38366.844,-25457.686,6340.6836,Bottom Drawer,,,,,CivilianCupboard_Small,,
SceneComponent,Loot_SideTable_01a_Spawner_C,Loot_SideTable_01a_Spawner_C_UAID_04D9F5F93AD5BD4902_358ce63c24dd89f2_1758226770,-29479.865,-5016.188,2219.8394,Bottom Drawer,,,,,CivilianCupboard_Small,,
SceneComponent,Loot_SideTable_01a_Spawner_C,Loot_SideTable_01a_Spawner_C_afe4a3bbeb7c2068_1,3273.1353,-12449.449,1789.4801,Bottom Drawer,,,,,CivilianCupboard_Small,,
SceneComponent,Loot_SideTable_01a_Spawner_C,Loot_SideTable_01a_Spawner_C_afe4a3bbeb7c2068_2,4434.3794,-12817.7295,1789.4801,Bottom Drawer,,,,,CivilianCupboard_Small,,
SceneComponent,Loot_SideTable_01a_Spawner_C,Loot_SideTable_01a_Spawner_C_afe4a3bbeb7c2068_4,3260.855,-12993.029,1789.4802,Bottom Drawer,,,,,CivilianCupboard_Small,,
SceneComponent,Loot_SlopBin_01a_Spawner_C,Loot_SlopBin_01a_Spawner_C_UAID_10FFE03E321C56E502_1302923162,22680.574,7348.4556,2462.3794,Slop Bin,50.0,Blueprint,,,SlopBin,,
SceneComponent,Loot_SlopBin_01a_Spawner_C,Loot_SlopBin_01a_Spawner_C_UAID_10FFE03E321C56E502_1924482186,-3121.4526,3352.1736,422.36783,Slop Bin,50.0,Blueprint,,,SlopBin,,
SceneComponent,Loot_SlopBin_01a_Spawner_C,Loot_SlopBin_01a_Spawner_C_UAID_10FFE03E321C56E502_2119554192,-27942.021,-11095.127,1813.044,Slop Bin,50.0,Blueprint,,,SlopBin,,
SceneComponent,Loot_SlopBin_01a_Spawner_C,Loot_SlopBin_01a_Spawner_C_UAID_10FFE03E321C57E502_1158554380,-48954.492,-7973.156,3025.4287,Slop Bin,50.0,Blueprint,,,SlopBin,,
SceneComponent,Loot_Stove_01a_C,UNP_Loot_Stove_01a_39c53a56517c239f_0,14906.946,13295.298,2583.1882,Old Stove,,,,,Stove,,
SceneComponent,Loot_Stove_01a_C,UNP_Loot_Stove_01a_3e62a173f235e900_0,21633.428,-22286.467,3160.9592,Old Stove,,,,,Stove,,
SceneComponent,Loot_Stove_01a_C,UNP_Loot_Stove_01a_6c4c20721545df36_0,-30957.873,-45311.188,6254.1846,Old Stove,,,,,Stove,,
SceneComponent,Loot_Stove_01a_C,UNP_Loot_Stove_01a_a1b8e9568afcd202_0,-57862.168,-19777.314,7453.99,Old Stove,,,,,Stove,,
SceneComponent,Loot_Stove_01a_C,UNP_Loot_Stove_01a_b48abfd6dd8426a8_0,-24624.557,30572.953,1940.061,Old Stove,,,,,Stove,,
SceneComponent,Loot_Stove_01a_Spawner_C,Loot_Stove_01a_Spawner_C_UAID_581CF8B723157CD802_aa00791f1230a3b5_1518449445,36628.008,-8711.28,-106.20295,Old Stove,,,,,Stove,,
SceneComponent,Loot_Stove_01a_Spawner_C,Loot_Stove_01a_Spawner_C_UAID_581CF8B72315D2D802_b70ca0ae9df1c85d_1149693458,37822.855,-9496.538,-107.52933,Old Stove,,,,,Stove,,
SceneComponent,Loot_StrongboxMedium_01a_Locked_Spawner_C,Loot_Strongbox_Large_01a_Spawner_C_UAID_046874882494069902_4c0740ed445982b4_2095130485,-14453.031,-11452.57,1110.3226,Strongbox,50.0,Blueprint,,InventoryDefinition_Key'ID_Key_Silver',Chest_Valuable_Medium,,
SceneComponent,Loot_StrongboxMedium_01a_Locked_Spawner_C,Loot_Strongbox_Large_01a_Spawner_C_UAID_046874882494739B02_0db63d81c574f015_1633641653,14207.648,13716.319,1573.8013,Strongbox,50.0,Blueprint,,InventoryDefinition_Key'ID_Key_Silver',Chest_Valuable_Medium,,
SceneComponent,Loot_StrongboxMedium_01a_Locked_Spawner_C,Loot_Strongbox_Large_01a_Spawner_C_UAID_046874882494739B02_3c3291fccc4d0ca2_1633641653,-30186.23,-45577.355,5244.798,Strongbox,50.0,Blueprint,,InventoryDefinition_Key'ID_Key_Silver',Chest_Valuable_Medium,,
SceneComponent,Loot_StrongboxMedium_01a_Locked_Spawner_C,Loot_Strongbox_Large_01a_Spawner_C_UAID_046874882494739B02_b4eb7b5d453a345a_1633641653,21744.17,-21519.242,2119.6897,Strongbox,50.0,Blueprint,,InventoryDefinition_Key'ID_Key_Silver',Chest_Valuable_Medium,,
SceneComponent,Loot_StrongboxMedium_01a_Locked_Spawner_C,Loot_Strongbox_Large_01a_Spawner_C_UAID_046874882494739B02_e41ce24b7b9363e5_1633641653,-24286.219,29830.117,930.674,Strongbox,50.0,Blueprint,,InventoryDefinition_Key'ID_Key_Silver',Chest_Valuable_Medium,,
SceneComponent,Loot_StrongboxMedium_01a_Locked_Spawner_C,Loot_Strongbox_Large_01a_Spawner_C_UAID_046874882494739B02_e5dd62a3af5a34cb_1633641653,-57235.895,-19253.809,6444.6035,Strongbox,50.0,Blueprint,,InventoryDefinition_Key'ID_Key_Silver',Chest_Valuable_Medium,,
SceneComponent,Loot_StrongboxMedium_01a_Locked_Spawner_C,Loot_Strongbox_Large_01a_Spawner_C_UAID_046874882494977D02_f5f3745e62dd497c_1269024559,-66606.81,-2772.7405,1701.9377,Strongbox,50.0,Blueprint,,InventoryDefinition_Key'ID_Key_Silver',Chest_Valuable_Medium,,
SceneComponent,Loot_StrongboxMedium_01a_Locked_Spawner_C,Loot_Strongbox_Large_01a_Spawner_C_UAID_04687488249498D502_314534fecdfa9afd_1578298118,-6965.3745,-17407.885,2992.9023,Strongbox,50.0,Blueprint,,InventoryDefinition_Key'ID_Key_Silver',Chest_Valuable_Medium,,
SceneComponent,Loot_StrongboxMedium_01a_Locked_Spawner_C,Loot_Strongbox_Large_01a_Spawner_C_UAID_046874882494AD8D02_c71ad3ef090f6a00_1997161783,-53398.42,34076.656,1728.9943,Strongbox,50.0,Blueprint,,InventoryDefinition_Key'ID_Key_Silver',Chest_Valuable_Medium,,
SceneComponent,Loot_StrongboxMedium_01a_Locked_Spawner_C,Loot_Strongbox_Large_01a_Spawner_C_UAID_046874882494AD8D02_c71ad3ef090f6a00_1998314864,-54716.03,34338.72,1740.602,Strongbox,50.0,Blueprint,,InventoryDefinition_Key'ID_Key_Silver',Chest_Valuable_Medium,,
SceneComponent,Loot_StrongboxMedium_01a_Locked_Spawner_C,Loot_Strongbox_Large_01a_Spawner_C_UAID_046874882494AD8D02_c71ad3ef090f6a00_1999197922,-55021.344,36380.344,1732.928,Strongbox,50.0,Blueprint,,InventoryDefinition_Key'ID_Key_Silver',Chest_Valuable_Medium,,
SceneComponent,Loot_StrongboxMedium_01a_Locked_Spawner_C,Loot_Strongbox_Large_01a_Spawner_C_UAID_046874882494D39502_c28b544d044813cd_1677163258,-37734.867,-25160.268,7356.08,Strongbox,50.0,Blueprint,,InventoryDefinition_Key'ID_Key_Silver',Chest_Valuable_Medium,,
SceneComponent,Loot_StrongboxMedium_01a_Locked_Spawner_C,Loot_Strongbox_Large_01a_Spawner_C_UAID_046874882494EA8802_25ca5e96655365b7_1447572405,-62815.297,-14750.24,1574.9095,Strongbox,50.0,Blueprint,,InventoryDefinition_Key'ID_Key_Silver',Chest_Valuable_Medium,,
SceneComponent,Loot_StrongboxMedium_01a_Locked_Spawner_C,Loot_Strongbox_Large_01a_Spawner_C_UAID_046874882494FE9802_29c4ea76462ed633_1768315579,-28488.129,22189.553,-305.50974,Strongbox,50.0,Blueprint,,InventoryDefinition_Key'ID_Key_Silver',Chest_Valuable_Medium,,
SceneComponent,Loot_StrongboxMedium_01a_Locked_Spawner_C,Loot_Strongbox_Large_01a_Spawner_C_UAID_046874882494FE9802_29c4ea76462ed633_1781286249,-29202.406,21993.625,-309.06174,Strongbox,50.0,Blueprint,,InventoryDefinition_Key'ID_Key_Silver',Chest_Valuable_Medium,,
SceneComponent,Loot_StrongboxMedium_01a_Locked_Spawner_C,Loot_Strongbox_Large_01a_Spawner_C_UAID_046874882494FE9802_29c4ea76462ed633_1781558257,-32494.838,22789.762,-310.1187,Strongbox,50.0,Blueprint,,InventoryDefinition_Key'ID_Key_Silver',Chest_Valuable_Medium,,
SceneComponent,Loot_StrongboxMedium_01a_Spawner_C,Loot_StrongboxMedium_01a_Spawner_C_UAID_581CF8B72315ADD402_cef4d286548b889d_1925210486,30951.07,-6108.719,572.80743,Strongbox,50.0,Blueprint,,,Chest_Valuable_Medium,,
SceneComponent,Loot_StrongboxMedium_01a_Spawner_C,Loot_StrongboxMedium_01a_Spawner_C_UAID_581CF8B72315E4D602_d52d91af14afa8f4_1651389644,41170.895,-11800.128,-27.95255,Strongbox,50.0,Blueprint,,,Chest_Valuable_Medium,,
SceneComponent,Loot_StrongboxMedium_01a_Spawner_C,Loot_StrongboxMedium_01a_Spawner_C_UAID_D843AE1A93E5D97902_a595927790dec5fd_1367440495,-48187.62,-7697.3164,3441.3667,Strongbox,50.0,Blueprint,,,Chest_Valuable_Medium,,
SceneComponent,Loot_StrongboxMedium_01a_Spawner_C,Loot_Strongbox_Large_01a_Spawner_C_UAID_0468748824944E8902_1c556f47455d4841_1237272924,-4247.0186,3693.71,-568.4905,Strongbox,50.0,Blueprint,,,Chest_Valuable_Medium,,
SceneComponent,Loot_StrongboxMedium_01a_Spawner_C,Loot_Strongbox_Large_01a_Spawner_C_UAID_0468748824949AD502_6bf7ed90f87edc78_2020820089,-7730.177,-16385.178,377.5775,Strongbox,50.0,Blueprint,,,Chest_Valuable_Medium,,
SceneComponent,Loot_StrongboxMedium_01a_Spawner_C,Loot_Strongbox_Large_01a_Spawner_C_UAID_046874882494F39502_fa61c736281e8a8a_1310058652,-37149.066,-29204.512,7003.7954,Strongbox,50.0,Blueprint,,,Chest_Valuable_Medium,,
SceneComponent,Loot_StrongboxMedium_01a_Spawner_C,Loot_Strongbox_Large_01a_Spawner_C_UAID_046874882494F89A02_86279adec2ec3b27_1903737078,-14251.014,17960.068,567.1872,Strongbox,50.0,Blueprint,,,Chest_Valuable_Medium,,
SceneComponent,Loot_StrongboxSmall_01a_Locked_Spawner_C,Loot_StrongboxMedium_01a_Locked_Spawner_C_UAID_04D9F5F93AD54C4702_b155a0e4697d664a_1757206191,-38574.59,-25707.617,6451.59,Small Strongbox,50.0,Blueprint,,InventoryDefinition_Key'ID_Key_Bronze',Chest_Valuable_Small,,
SceneComponent,Loot_StrongboxSmall_01a_Locked_Spawner_C,Loot_StrongboxSmall_01a_Spawner_C_1839a5c7e36c7ddc_0,-50780.637,-32847.26,7226.103,Small Strongbox,50.0,Blueprint,,InventoryDefinition_Key'ID_Key_Bronze',Chest_Valuable_Small,,
SceneComponent,Loot_StrongboxSmall_01a_Locked_Spawner_C,Loot_StrongboxSmall_01a_Spawner_C_da1ec3d8da7ef2d5_0,-52148.395,16164.79,5.0761228,Small Strongbox,50.0,Blueprint,,InventoryDefinition_Key'ID_Key_Bronze',Chest_Valuable_Small,,
SceneComponent,Loot_StrongboxSmall_01a_Locked_Spawner_C,Loot_Strongbox_Large_01a_Spawner_C_UAID_581CF8B72315C84F02_97971df2a4ca033d_2049945802,-35320.855,-27321.584,8075.1914,Small Strongbox,50.0,Blueprint,,InventoryDefinition_Key'ID_Key_Bronze',Chest_Valuable_Small,,
SceneComponent,Loot_StrongboxSmall_01a_Spawner_Open_C,Loot_StrongboxMedium_01a_Locked_Spawner_C_32787930e307ffa0_0,33249.39,-4865.929,702.0029,Small Strongbox,50.0,Blueprint,,,Chest_Valuable_Small,,
SceneComponent,Loot_StrongboxSmall_01a_Spawner_Open_C,Loot_StrongboxMedium_01a_Locked_Spawner_C_6aa29054035e3474_0,26695.254,-12504.323,700.8399,Small Strongbox,50.0,Blueprint,,,Chest_Valuable_Small,,
SceneComponent,Loot_StrongboxSmall_01a_Spawner_Open_C,Loot_StrongboxSmall_01a_Locked_Spawner_C_UAID_581CF8B72315E4D602_d52d91af14afa8f4_1550418606,41932.41,-11594.849,-28.533503,Small Strongbox,50.0,Blueprint,,,Chest_Valuable_Small,,
SceneComponent,Loot_StrongboxSmall_01a_Spawner_Open_C,Loot_StrongboxSmall_01a_Spawner_Open_C_2f23f936f64b5dad_1,30026.602,-12193.107,119.51804,Small Strongbox,50.0,Blueprint,,,Chest_Valuable_Small,,
SceneComponent,Loot_StrongboxSmall_01a_Spawner_Open_C,Loot_StrongboxSmall_01a_Spawner_Open_C_UAID_D843AE1A93E5CC7902_97971df2a4ca033d_1738394830,-35791.434,-26525.283,8940.136,Small Strongbox,50.0,Blueprint,,,Chest_Valuable_Small,,
SceneComponent,Loot_StrongboxSmall_01a_Spawner_Open_C,Loot_Strongbox_Large_01a_Spawner_C_UAID_046874882494069902_4c0740ed445982b4_2095257494,-14465.689,-11168.861,1552.0051,Small Strongbox,50.0,Blueprint,,,Chest_Valuable_Small,,
SceneComponent,Loot_StrongboxSmall_01a_Spawner_Open_C,Loot_Strongbox_Large_01a_Spawner_C_UAID_04687488249498D502_314534fecdfa9afd_1578035111,-7513.5977,-17815.85,2401.6794,Small Strongbox,50.0,Blueprint,,,Chest_Valuable_Small,,
SceneComponent,Loot_StrongboxSmall_01a_Spawner_Open_C,Loot_Strongbox_Large_01a_Spawner_C_UAID_046874882494CC9502_97971df2a4ca033d_1242160435,-35069.28,-26781.645,10180.981,Small Strongbox,50.0,Blueprint,,,Chest_Valuable_Small,,
SceneComponent,Loot_StrongboxSmall_01a_Spawner_Open_C,Loot_Strongbox_Large_01a_Spawner_C_UAID_046874882494F29502_7ed34a54df1d9850_1872319868,-35923.516,-28003.453,8076.689,Small Strongbox,50.0,Blueprint,,,Chest_Valuable_Small,,
SceneComponent,Loot_StrongboxSmall_01a_Spawner_Open_C,Loot_Strongbox_Large_01a_Spawner_C_UAID_046874882494F59302_af7307d8cf93cafc_1865220915,-35363.95,-26216.68,8076.689,Small Strongbox,50.0,Blueprint,,,Chest_Valuable_Small,,
SceneComponent,Loot_StrongboxSmall_01a_Spawner_Open_C,Loot_Strongbox_Large_01a_Spawner_C_UAID_581CF8B72315ADD402_cef4d286548b889d_1490004476,30070.287,-6864.891,572.035,Small Strongbox,50.0,Blueprint,,,Chest_Valuable_Small,,
SceneComponent,Loot_Strongbox_Large_01a_Unlocked_Spawner_C,Loot_Strongbox_Large_01a_Spawner_C_UAID_046874882494CC9502_97971df2a4ca033d_1234355260,-36305.734,-26990.059,9373.166,Large Strongbox,100.0,Custom,,InventoryDefinition_Key'ID_Key_Silver',Chest_Valuable_Large,,
SceneComponent,Loot_Strongbox_Large_01a_Unlocked_Spawner_C,Loot_Strongbox_Large_01a_Spawner_C_UAID_046874882494CC9502_97971df2a4ca033d_1235200282,-35902.215,-27367.553,8941.19,Large Strongbox,100.0,Custom,,InventoryDefinition_Key'ID_Key_Silver',Chest_Valuable_Large,,
SceneComponent,Loot_Strongbox_Large_01a_Unlocked_Spawner_C,Loot_Strongbox_Large_01a_Spawner_C_UAID_581CF8B723159BD502_cef4d286548b889d_1203513234,31465.213,-7555.6357,570.11285,Large Strongbox,50.0,Blueprint,,InventoryDefinition_Key'ID_Key_Silver',Chest_Valuable_Large,,
SceneComponent,Loot_Strongbox_Large_01a_Unlocked_Spawner_C,Loot_Strongbox_Large_01a_Spawner_C_UAID_581CF8B723159BD502_cef4d286548b889d_1203668238,31842.107,-7015.3354,578.80286,Large Strongbox,50.0,Blueprint,,InventoryDefinition_Key'ID_Key_Silver',Chest_Valuable_Large,,
SceneComponent,Loot_Strongbox_Large_01a_Unlocked_Spawner_C,Loot_Strongbox_Large_01a_Spawner_C_UAID_581CF8B723159BD502_cef4d286548b889d_1203818242,30809.633,-7101.6934,573.00977,Large Strongbox,50.0,Blueprint,,InventoryDefinition_Key'ID_Key_Silver',Chest_Valuable_Large,,
SceneComponent,Loot_Strongbox_Large_01a_Unlocked_Spawner_C,Loot_Strongbox_Large_01a_Spawner_C_UAID_581CF8B723159BD502_cef4d286548b889d_1203976246,31184.088,-6559.704,573.00977,Large Strongbox,50.0,Blueprint,,InventoryDefinition_Key'ID_Key_Silver',Chest_Valuable_Large,,
SceneComponent,Loot_Strongbox_Large_01a_Unlocked_Spawner_C,Loot_Strongbox_Large_01a_Spawner_C_UAID_581CF8B723159BD502_cef4d286548b889d_1204122250,30393.64,-6813.6475,573.00977,Large Strongbox,50.0,Blueprint,,InventoryDefinition_Key'ID_Key_Silver',Chest_Valuable_Large,,
SceneComponent,Loot_Strongbox_Large_01a_Unlocked_Spawner_C,Loot_Strongbox_Large_01a_Spawner_C_UAID_581CF8B723159BD502_cef4d286548b889d_1204276254,30773.604,-6275.4727,573.00977,Large Strongbox,50.0,Blueprint,,InventoryDefinition_Key'ID_Key_Silver',Chest_Valuable_Large,,
SceneComponent,Loot_Strongbox_Large_01a_Unlocked_Spawner_C,Loot_Strongbox_Large_01a_Unlocked_Spawner_C_UAID_04D9F5F93AD5BF5F02_3df28b0128384e50_2079069819,37594.21,-15168.762,-29.85981,Large Strongbox,50.0,Blueprint,,InventoryDefinition_Key'ID_Key_Silver',Chest_Valuable_Large,,
SceneComponent,Loot_Strongbox_Large_01a_Unlocked_Spawner_C,Loot_Strongbox_Large_01a_Unlocked_Spawner_C_UAID_04D9F5F93AD5BF5F02_3df28b0128384e50_2079079821,39056.484,-13063.32,-26.488697,Large Strongbox,50.0,Blueprint,,InventoryDefinition_Key'ID_Key_Silver',Chest_Valuable_Large,,
SceneComponent,Loot_Strongbox_Large_01a_Unlocked_Spawner_C,Loot_Strongbox_Large_01a_Unlocked_Spawner_C_UAID_04D9F5F93AD5C45F02_3df28b0128384e50_2038560338,33781.344,-9939.48,-28.934443,Large Strongbox,50.0,Blueprint,,InventoryDefinition_Key'ID_Key_Silver',Chest_Valuable_Large,,
SceneComponent,Loot_Strongbox_Large_01a_Unlocked_Spawner_C,Loot_Strongbox_Large_01a_Unlocked_Spawner_C_UAID_04D9F5F93AD5C45F02_3df28b0128384e50_2038567340,31902.367,-10721.269,-28.91404,Large Strongbox,50.0,Blueprint,,InventoryDefinition_Key'ID_Key_Silver',Chest_Valuable_Large,,
SceneComponent,Loot_Strongbox_Large_01a_Unlocked_Spawner_C,UNP_Loot_Strongbox_Large_01a_73b7a2b36244c8f2_0,36993.99,-17820.309,-34.264748,Large Strongbox,50.0,Blueprint,,InventoryDefinition_Key'ID_Key_Silver',Chest_Valuable_Large,,
SceneComponent,Loot_Strongbox_Large_01a_Unlocked_Spawner_C,UNP_Loot_Strongbox_Large_01a_d52d91af14afa8f4_0,41598.484,-11295.727,-29.638817,Large Strongbox,50.0,Blueprint,,InventoryDefinition_Key'ID_Key_Silver',Chest_Valuable_Large,,
SceneComponent,Loot_TinkerCase_01a_Spawner_C,Loot_TinkerCase_01a_Spawner_C_UAID_10FFE03E321C55E502_1907882969,21740.777,-21809.646,2319.0442,Tinker's Case,50.0,Blueprint,,,TinkerCase,,
SceneComponent,Loot_TinkerCase_01a_Spawner_C,Loot_TinkerCase_01a_Spawner_C_UAID_10FFE03E321C56E502_1345542167,23460.889,9035.816,2587.3909,Tinker's Case,50.0,Blueprint,,,TinkerCase,,
SceneComponent,Loot_TinkerCase_01a_Spawner_C,Loot_TinkerCase_01a_Spawner_C_UAID_10FFE03E321C56E502_1550965173,-15748.2295,18719.932,267.4837,Tinker's Case,50.0,Blueprint,,,TinkerCase,,
SceneComponent,Loot_TinkerCase_01a_Spawner_C,Loot_TinkerCase_01a_Spawner_C_UAID_10FFE03E321C56E502_1871400180,-15473.691,-11860.69,1647.5338,Tinker's Case,50.0,Blueprint,,,TinkerCase,,
SceneComponent,Loot_Wardrobe_03a_Spawner_C,C_Wardrobe_03a_Spawner_C_a595927790dec5fd_124,-47749.203,-7625.469,3505.4082,Cupboard,,,,,HighClassCiv_Small,,
SceneComponent,Loot_Wardrobe_03a_Spawner_C,C_Wardrobe_03a_Spawner_C_afe4a3bbeb7c2068_3,4381.872,-12148.722,1428.3513,Cupboard,,,,,HighClassCiv_Small,,
SceneComponent,Loot_Wardrobe_03a_Spawner_C,LevelInstance_UAID_046874882494859A02_367755be1ccb9d60_1584999275,-28186.74,-9398.549,2107.3503,Cupboard,,,,,HighClassCiv_Small,,
SceneComponent,Loot_Wardrobe_03a_Spawner_C,LevelInstance_afe4a3bbeb7c2068_11,3250.4846,-12030.39,1789.4799,Cupboard,,,,,HighClassCiv_Small,,
SceneComponent,Loot_Wardrobe_03a_Spawner_C,Loot_Wardrobe_03a_Spawner_C_25c38f96bd642657_1,-27355.297,-8498.924,2105.5166,Cupboard,,,,,HighClassCiv_Small,,
SceneComponent,Loot_Wardrobe_03a_Spawner_C,Loot_Wardrobe_03a_Spawner_C_UAID_04D9F5F93AD50F4B02_358ce63c24dd89f2_1376448445,-29513.791,-5759.128,1813.2598,Cupboard,,,,,HighClassCiv_Small,,
SceneComponent,Loot_Wardrobe_03a_Spawner_C,Loot_Wardrobe_03a_Spawner_C_UAID_04D9F5F93AD5BD4902_358ce63c24dd89f2_1834522790,-29375.156,-4992.2334,2219.8394,Cupboard,,,,,HighClassCiv_Small,,
SceneComponent,Loot_Wardrobe_03a_Spawner_C,Loot_Wardrobe_03a_Spawner_C_UAID_04D9F5F93AD5ED4702_97971df2a4ca033d_2010820415,-36206.52,-26397.955,8941.502,Cupboard,,,,,HighClassCiv_Small,,
SceneComponent,Loot_Wardrobe_03a_Spawner_C,Loot_Wardrobe_03a_Spawner_C_afe4a3bbeb7c2068_1,4522.3,-12423.12,1789.48,Cupboard,,,,,HighClassCiv_Small,,
SceneComponent,Loot_Wardrobe_03a_Spawner_C,Loot_Wardrobe_03a_Spawner_C_afe4a3bbeb7c2068_3,4120.9644,-12476.737,1789.4811,Cupboard,,,,,HighClassCiv_Small,,
SceneComponent,Loot_Wardrobe_03a_Spawner_C,Loot_Wardrobe_03a_Spawner_C_afe4a3bbeb7c2068_5,3764.9792,-13097.266,1788.9365,Cupboard,,,,,HighClassCiv_Small,,
SceneComponent,PG_SC_Barrels_08_C,UNP_PG_SC_Barrels_08_UAID_0468748824944E8902_1c556f47455d4841_1135167676,67.35573,33.719067,20.627756,,,,,,,,
SceneComponent,PG_SC_Barrels_08_C,UNP_PG_SC_Barrels_08_UAID_0468748824944E8902_1c556f47455d4841_1135394683,67.35573,33.71907,20.627756,,,,,,,,
SceneComponent,PG_SC_Barrels_08_C,UNP_PG_SC_Barrels_08_UAID_046874882494977D02_f5f3745e62dd497c_1434291216,67.35573,33.71907,20.627758,,,,,,,,
SceneComponent,PG_SC_Barrels_08_C,UNP_PG_SC_Barrels_08_UAID_18C04DA8201B437902_1955f5d21cbe47a4_1439530341,67.35573,33.719067,20.627756,,,,,,,,
SceneComponent,PG_Soundtrap_Beam_Crows_01a_C,PG_Soundtrap_Beam_Crows_01a_C_UAID_046874882494859A02_367755be1ccb9d60_1585161377,-29105.293,-8327.755,2317.1187,Nest,10.0,Blueprint,,,Nest,,
SceneComponent,PG_Soundtrap_Beam_Crows_01a_C,UNP_PG_Soundtrap_Beam_Crows_01a_1c556f47455d4841_0,-2328.937,3012.7004,396.16174,Nest,10.0,Blueprint,,,Nest,,
SceneComponent,PG_Soundtrap_Beam_Crows_01a_C,UNP_PG_Soundtrap_Beam_Crows_01a_39c53a56517c239f_0,14658.334,13710.735,2509.3958,Nest,10.0,Blueprint,,,Nest,,
SceneComponent,PG_Soundtrap_Beam_Crows_01a_C,UNP_PG_Soundtrap_Beam_Crows_01a_3e62a173f235e900_0,21907.227,-21889.361,3076.198,Nest,10.0,Blueprint,,,Nest,,
SceneComponent,PG_Soundtrap_Beam_Crows_01a_C,UNP_PG_Soundtrap_Beam_Crows_01a_4f36605deaaf1c91_0,-8384.944,18527.053,-64.51297,Nest,10.0,Blueprint,,,Nest,,
SceneComponent,PG_Soundtrap_Beam_Crows_01a_C,UNP_PG_Soundtrap_Beam_Crows_01a_6c4c20721545df36_0,-30628.197,-45665.746,6180.392,Nest,10.0,Blueprint,,,Nest,,
SceneComponent,PG_Soundtrap_Beam_Crows_01a_C,UNP_PG_Soundtrap_Beam_Crows_01a_a1b8e9568afcd202_0,-57388.324,-19677.97,7380.1978,Nest,10.0,Blueprint,,,Nest,,
SceneComponent,PG_Soundtrap_Beam_Crows_01a_C,UNP_PG_Soundtrap_Beam_Crows_01a_afe4a3bbeb7c2068_0,3030.3,-12052.213,2301.5532,Nest,10.0,Blueprint,,,Nest,,
SceneComponent,PG_Soundtrap_Beam_Crows_01a_C,UNP_PG_Soundtrap_Beam_Crows_01a_b48abfd6dd8426a8_0,-24654.652,30089.744,1866.2684,Nest,10.0,Blueprint,,,Nest,,
SceneComponent,PG_Workbench_01_Spawner_C,PG_Workbench_01_Spawner_C_UAID_046874882494859A02_367755be1ccb9d60_1585112345,-28728.004,-9882.547,1754.992,Workbench Drawer,,,,,Workbench_Small,,
SceneComponent,PG_Workbench_01_Spawner_C,PG_Workbench_01_Spawner_C_UAID_046874882494859A02_367755be1ccb9d60_1585282457,-30816.373,-5537.8623,1746.0629,Workbench Drawer,,,,,Workbench_Small,,
SceneComponent,PG_Workbench_01_Spawner_C,PG_Workbench_01_Spawner_C_UAID_046874882494977D02_f5f3745e62dd497c_1270171681,-66849.41,-2495.5593,1701.9854,Workbench Drawer,,,,,Workbench_Small,,
SceneComponent,PG_Workbench_01_Spawner_C,PG_Workbench_01_Spawner_C_UAID_04D9F5F93AD5436802_494699353dfaa609_2088532885,-10461.086,21527.143,-475.2171,Workbench Drawer,,,,,Workbench_Small,,
SceneComponent,PG_Workbench_01_Spawner_C,PG_Workbench_01_Spawner_C_UAID_04D9F5F93AD5984102_4c0740ed445982b4_2044823278,-15450.973,-11816.382,1550.2562,Workbench Drawer,,,,,Workbench_Small,,
SceneComponent,PG_Workbench_01_Spawner_C,PG_Workbench_01_Spawner_C_UAID_50EBF6D299694D4102_a595927790dec5fd_1395269718,-48702.977,-7333.1494,2962.4448,Workbench Drawer,,,,,Workbench_Small,,
SphereComponent,BP_RaidExtractionPoint_Dirigible_C,BP_RaidExtractionPoint_Carriage_C_1,-11313.763,-36961.312,1164.528,West Road Dirigible,,,,,,,
SphereComponent,BP_RaidExtractionPoint_Dirigible_C,BP_RaidExtractionPoint_Carriage_C_3,-1006.0854,-27411.625,-498.60913,West River Dirigible,,,,,,,
SphereComponent,BP_RaidExtractionPoint_Dirigible_C,BP_RaidExtractionPoint_Carriage_C_UAID_04D9F5F93AD5415D02_1126174195,-4532.7583,-14711.715,2138.5352,Jacques Bridge Dirigible,,,,,,,
SphereComponent,BP_RaidExtractionPoint_Dirigible_C,BP_RaidExtractionPoint_Carriage_C_UAID_04D9F5F93AD5415D02_1350595371,10353.491,-19464.041,2047.6604,Western Bluff Dirigible,,,,,,,
SphereComponent,BP_RaidExtractionPoint_Dirigible_C,BP_RaidExtractionPoint_Dirigible_C_0,-63602.746,-1018.89294,1539.6481,Rearguard Dirigible,,,,,,,
SphereComponent,BP_RaidExtractionPoint_Dirigible_C,BP_RaidExtractionPoint_Dirigible_C_1,-58696.72,34076.43,1929.4935,Camp Lazaret Dirigible,,,,,,,
SphereComponent,BP_RaidExtractionPoint_Dirigible_C,BP_RaidExtractionPoint_Dirigible_C_2,-1514.3157,8190.8213,491.74384,Carriage House Dirigible,,,,,,,
SphereComponent,BP_RaidExtractionPoint_Dirigible_C,BP_RaidExtractionPoint_Dirigible_C_3,-30156.0,-41737.0,5191.151,Clifftop Road Dirigible,,,,,,,
SphereComponent,BP_RaidExtractionPoint_Dirigible_C,BP_RaidExtractionPoint_Dirigible_C_4,19060.523,-690.95654,2576.9233,Quarry Dirigible,,,,,,,
SphereComponent,BP_RaidExtractionPoint_Dirigible_C,BP_RaidExtractionPoint_Dirigible_C_UAID_04D9F5F93AD5395D02_1334879298,-11592.991,32067.383,-473.71323,East Islet Dirigible,,,,,,,
SphereComponent,BP_RaidExtractionPoint_Dirigible_C,BP_RaidExtractionPoint_Dirigible_C_UAID_04D9F5F93AD53F5D02_1712836440,-26712.46,20345.693,47.3166,River Crossing Dirigible,,,,,,,
SphereComponent,BP_RaidExtractionPoint_Dirigible_C,BP_RaidExtractionPoint_Dirigible_C_UAID_04D9F5F93AD53F5D02_1967602737,-37767.72,11606.644,-471.8598,Peat Bog Dirigible,,,,,,,
SphereComponent,BP_RaidExtractionPoint_Dirigible_C,BP_RaidExtractionPoint_Dirigible_C_UAID_04D9F5F93AD5405D02_1311440291,-60998.53,-22274.607,6258.53,Southern Bluff Dirigible,,,,,,,
SphereComponent,BP_RaidExtractionPoint_Dirigible_C,BP_RaidExtractionPoint_Dirigible_C_UAID_04D9F5F93AD5405D02_1701376433,-29408.406,-27095.266,5847.637,Lower Fort Dirigible,,,,,,,
StaticMeshComponent,Actor,Actor_04efd090dd5a393f_0,-23882.057,37563.355,665.61774,,,,,,,,True
StaticMeshComponent,Actor,Actor_0e2e3b09061c0b0b_0,-59804.047,-1394.3217,1282.6423,,,,,,,,True
StaticMeshComponent,Actor,Actor_1213c36dcec13739_0,-8927.355,24676.072,-747.13403,,,,,,,,False
StaticMeshComponent,Actor,Actor_1947b8c8b8ca91d9_0,21416.482,-7530.311,1173.823,,,,,,,,True
StaticMeshComponent,Actor,Actor_1edd625938271b7b_0,25233.549,7336.6387,2475.345,,,,,,,,
StaticMeshComponent,Actor,Actor_2082eea88914eb85_0,21248.78,-6761.1333,1179.6187,,,,,,,,True
StaticMeshComponent,Actor,Actor_208470b6866b6224_0,-32638.32,-5883.1255,1902.3198,,,,,,,,
StaticMeshComponent,Actor,Actor_33ef14ea37cde40d_0,-19820.15,15385.054,-733.3954,,,,,,,,False
StaticMeshComponent,Actor,Actor_4d25970f973bb898_0,23446.22,9137.659,2665.4233,,,,,,,,
StaticMeshComponent,Actor,Actor_51d7bc57e07ae390_0,-11843.635,35348.508,-718.17957,,,,,,,,False
StaticMeshComponent,Actor,Actor_59c9b58fc63ea357_0,-1179.0554,-26081.41,-714.97723,,,,,,,,False
StaticMeshComponent,Actor,Actor_64556189a53f0125_0,-26962.98,-44751.645,4242.167,,,,,,,,
StaticMeshComponent,Actor,Actor_64556189a53f0125_3,-26963.193,-44664.035,4233.5117,,,,,,,,
StaticMeshComponent,Actor,Actor_673e88f9469bc675_0,21351.223,-7130.5986,1179.6187,,,,,,,,True
StaticMeshComponent,Actor,Actor_69c75b8ba83c34f4_0,-60153.73,-2099.514,1442.5413,,,,,,,,True
StaticMeshComponent,Actor,Actor_816b49f3b3353a70_0,-40066.23,-38725.785,6119.907,,,,,,,,
StaticMeshComponent,Actor,Actor_816b49f3b3353a70_3,-40134.492,-38670.83,6111.4844,,,,,,,,
StaticMeshComponent,Actor,Actor_9715eaa0495147ed_0,-8364.827,8975.843,-731.66144,,,,,,,,True
StaticMeshComponent,Actor,Actor_9facf912dfe5b38a_0,-669.3477,1748.0575,-129.80063,,,,,,,,True
StaticMeshComponent,Actor,Actor_UAID_00FF8EFC2BEFB95002_8394b3517c34cd31_1505287539,-80.21661,18585.406,-93.53338,,,,,,,,False
StaticMeshComponent,Actor,Actor_UAID_00FF8EFC2BEFB95002_bc361b3780b5355e_1505287539,-20725.11,-1888.6691,1207.5684,,,,,,,,False
StaticMeshComponent,Actor,Actor_UAID_00FF8EFC2BEFB95002_f75b4a0f029556a9_1505287539,-48442.53,24931.994,412.0753,,,,,,,,False
StaticMeshComponent,Actor,Actor_UAID_0468748824944E8902_1c556f47455d4841_1135169677,209.34428,-54.332253,95.166954,,,,,,,,True
StaticMeshComponent,Actor,Actor_UAID_0468748824944E8902_1c556f47455d4841_1135396684,209.34427,-54.332256,95.166954,,,,,,,,True
StaticMeshComponent,Actor,Actor_UAID_046874882494977D02_f5f3745e62dd497c_1434293217,209.3443,-54.332256,95.16696,,,,,,,,True
StaticMeshComponent,Actor,Actor_UAID_D843AE1A93E58A5202_0221ac909f5a3573_1130343077,-13224.046,22453.977,-69.07379,,,,,,,,False
StaticMeshComponent,Actor,Actor_UAID_D843AE1A93E58A5202_0816225b7536af3a_1130343077,-17684.045,-29279.428,1945.2808,,,,,,,,False
StaticMeshComponent,Actor,Actor_UAID_D843AE1A93E58A5202_0829630bd1a23b38_1130343077,-56820.47,12519.193,338.92825,,,,,,,,False
StaticMeshComponent,Actor,Actor_UAID_D843AE1A93E58A5202_0dd31c98ef79c70e_1130343077,-59071.39,-5812.8105,2191.236,,,,,,,,False
StaticMeshComponent,Actor,Actor_UAID_D843AE1A93E58A5202_0eae0b435c84aef9_1130343077,-35587.242,22089.873,-104.85932,,,,,,,,False
StaticMeshComponent,Actor,Actor_UAID_D843AE1A93E58A5202_0fa38f42061f3c71_1130343077,-39041.35,30099.217,1114.9958,,,,,,,,False
StaticMeshComponent,Actor,Actor_UAID_D843AE1A93E58A5202_106374d1299a42d6_1130343077,13994.665,16963.785,1271.4803,,,,,,,,False
StaticMeshComponent,Actor,Actor_UAID_D843AE1A93E58A5202_1744a64b5f9c7b1c_1130343077,-32028.195,-41401.766,5293.1196,,,,,,,,False
StaticMeshComponent,Actor,Actor_UAID_D843AE1A93E58A5202_1aacceb92c3b009a_1151383084,34009.125,-6976.8643,-54.421963,,,,,,,,False
StaticMeshComponent,Actor,Actor_UAID_D843AE1A93E58A5202_257decb0cd8afdcc_1130343077,-27576.896,23336.7,-201.15167,,,,,,,,False
StaticMeshComponent,Actor,Actor_UAID_D843AE1A93E58A5202_2dfa9e8a1f1db824_1130343077,-23922.012,36807.082,825.06244,,,,,,,,False
StaticMeshComponent,Actor,Actor_UAID_D843AE1A93E58A5202_3175357f81da31b9_1130343077,-23651.559,6189.2783,875.677,,,,,,,,False
StaticMeshComponent,Actor,Actor_UAID_D843AE1A93E58A5202_378f95c2ab288e23_1130343077,-4652.833,26217.541,-125.162415,,,,,,,,False
StaticMeshComponent,Actor,Actor_UAID_D843AE1A93E58A5202_3abb03206979ab1f_1211372092,21517.184,-6921.3403,1458.3813,,,,,,,,False
StaticMeshComponent,Actor,Actor_UAID_D843AE1A93E58A5202_3c8eb66180efb5e5_1130343077,-67014.02,24139.127,154.98409,,,,,,,,False
StaticMeshComponent,Actor,Actor_UAID_D843AE1A93E58A5202_4055b4c05eada84c_1130343077,-33123.977,39929.914,2403.0466,,,,,,,,False
StaticMeshComponent,Actor,Actor_UAID_D843AE1A93E58A5202_452aa7d466f2307b_1130343077,-14158.117,804.20636,552.3994,,,,,,,,False
StaticMeshComponent,Actor,Actor_UAID_D843AE1A93E58A5202_452e6fec6d1ecb1c_1130343077,-22802.975,11189.615,295.42923,,,,,,,,False
StaticMeshComponent,Actor,Actor_UAID_D843AE1A93E58A5202_4c9ce8b9bf17f9f4_1151383084,21024.705,-10951.717,2365.3179,,,,,,,,False
StaticMeshComponent,Actor,Actor_UAID_D843AE1A93E58A5202_4e613f77670c3ca9_1130343077,26317.504,-13078.434,2610.0598,,,,,,,,False
StaticMeshComponent,Actor,Actor_UAID_D843AE1A93E58A5202_52c0e15de1ce6cf4_1130343077,-19839.906,-3788.632,1375.7716,,,,,,,,False
StaticMeshComponent,Actor,Actor_UAID_D843AE1A93E58A5202_54db56ca4bbd3583_1130343077,-47518.18,28413.0,1089.611,,,,,,,,False
StaticMeshComponent,Actor,Actor_UAID_D843AE1A93E58A5202_550221e04dd7d8a2_1130343077,-17198.328,-41671.617,2320.5173,,,,,,,,False
StaticMeshComponent,Actor,Actor_UAID_D843AE1A93E58A5202_5965ce5acb8ded6c_1130343077,-227.53973,32137.828,858.4152,,,,,,,,False
StaticMeshComponent,Actor,Actor_UAID_D843AE1A93E58A5202_5cf15eca55e382ea_1130343077,-1356.5012,2350.5476,85.653824,,,,,,,,False
StaticMeshComponent,Actor,Actor_UAID_D843AE1A93E58A5202_61a3a18c177a3616_1151383084,24411.11,-15382.716,1876.9757,,,,,,,,False
StaticMeshComponent,Actor,Actor_UAID_D843AE1A93E58A5202_64101a5d79a387e9_1151383084,25989.719,-12410.031,633.9386,,,,,,,,False
StaticMeshComponent,Actor,Actor_UAID_D843AE1A93E58A5202_6825f21581b84c23_1130343077,-66033.61,-128.17804,1879.7637,,,,,,,,False
StaticMeshComponent,Actor,Actor_UAID_D843AE1A93E58A5202_68c98c6aa45ea0c5_1130343077,-446.0686,21816.053,-89.989655,,,,,,,,False
StaticMeshComponent,Actor,Actor_UAID_D843AE1A93E58A5202_6b875f8fddf49b17_1151383084,34644.805,-8354.186,-96.01399,,,,,,,,False
StaticMeshComponent,Actor,Actor_UAID_D843AE1A93E58A5202_6bd2aae0921da39d_1130343077,-18193.188,8518.496,392.91937,,,,,,,,False
StaticMeshComponent,Actor,Actor_UAID_D843AE1A93E58A5202_7ac436230c88ddf5_1211372092,21212.777,-7353.3984,1458.3813,,,,,,,,False
StaticMeshComponent,Actor,Actor_UAID_D843AE1A93E58A5202_7c2cacc603fa0649_1211372092,24311.094,6829.8345,2532.456,,,,,,,,False
StaticMeshComponent,Actor,Actor_UAID_D843AE1A93E58A5202_7f3ee46452ef48de_1151383084,37378.613,-9050.151,-11.76794,,,,,,,,False
StaticMeshComponent,Actor,Actor_UAID_D843AE1A93E58A5202_7f5fd906c77ebd73_1130343077,-48826.496,40600.05,2306.2473,,,,,,,,False
StaticMeshComponent,Actor,Actor_UAID_D843AE1A93E58A5202_80c7ef72b4b10763_1151383084,-34904.617,41119.117,2642.8796,,,,,,,,False
StaticMeshComponent,Actor,Actor_UAID_D843AE1A93E58A5202_8e8b0c0a6c06c233_1130343077,-43795.168,-6121.825,3140.7607,,,,,,,,False
StaticMeshComponent,Actor,Actor_UAID_D843AE1A93E58A5202_94c773936c0c0efb_1130343077,199.45558,-37177.223,-89.52684,,,,,,,,False
StaticMeshComponent,Actor,Actor_UAID_D843AE1A93E58A5202_963910c588208c5e_1130343077,-2626.8848,-15254.301,280.86475,,,,,,,,False
StaticMeshComponent,Actor,Actor_UAID_D843AE1A93E58A5202_9712186256695704_1130343077,-55664.027,-3476.236,2422.908,,,,,,,,False
StaticMeshComponent,Actor,Actor_UAID_D843AE1A93E58A5202_9dc95f2af1798d7c_1130343077,-49504.848,32609.273,2064.7883,,,,,,,,False
StaticMeshComponent,Actor,Actor_UAID_D843AE1A93E58A5202_9ddbe1df1171702d_1130343077,-22216.994,7713.843,932.1634,,,,,,,,False
StaticMeshComponent,Actor,Actor_UAID_D843AE1A93E58A5202_a95660521c3b5770_1151383084,-49439.332,-8888.895,3051.4946,,,,,,,,False
StaticMeshComponent,Actor,Actor_UAID_D843AE1A93E58A5202_a9d7a369285af4a7_1130343077,-22840.193,-4735.0557,1706.9974,,,,,,,,False
StaticMeshComponent,Actor,Actor_UAID_D843AE1A93E58A5202_b183d9adb206350b_1211372092,24465.828,10982.046,2557.0889,,,,,,,,False
StaticMeshComponent,Actor,Actor_UAID_D843AE1A93E58A5202_b4a072566f2772d8_1130343077,-7189.0034,35079.99,-85.02837,,,,,,,,False
StaticMeshComponent,Actor,Actor_UAID_D843AE1A93E58A5202_b6e14f2f9873bb94_1130343077,-58115.76,-16259.191,4754.4487,,,,,,,,False
StaticMeshComponent,Actor,Actor_UAID_D843AE1A93E58A5202_bf5cb17dfded8f8e_1130343077,-51382.83,26390.436,838.617,,,,,,,,False
StaticMeshComponent,Actor,Actor_UAID_D843AE1A93E58A5202_c00be52de831c40d_1130343077,21239.441,-7564.6255,2373.4714,,,,,,,,False
StaticMeshComponent,Actor,Actor_UAID_D843AE1A93E58A5202_c0e08362172f8481_1151383084,-64212.113,5554.249,957.7378,,,,,,,,False
StaticMeshComponent,Actor,Actor_UAID_D843AE1A93E58A5202_c2b4d6c3a4c5ef58_1130343077,-46188.598,-34352.203,6845.833,,,,,,,,False
StaticMeshComponent,Actor,Actor_UAID_D843AE1A93E58A5202_c4763a5dd88e57d6_1130343077,-13776.655,8780.619,63.81772,,,,,,,,False
StaticMeshComponent,Actor,Actor_UAID_D843AE1A93E58A5202_c878f6b14f7160c8_1151383084,34831.23,-16588.766,-11.767936,,,,,,,,False
StaticMeshComponent,Actor,Actor_UAID_D843AE1A93E58A5202_cdefa5bcbe5052fe_1151383084,35951.54,-16045.202,-9.068635,,,,,,,,False
StaticMeshComponent,Actor,Actor_UAID_D843AE1A93E58A5202_d2fc925640223352_1130343077,-3698.5388,-39098.523,398.30923,,,,,,,,False
StaticMeshComponent,Actor,Actor_UAID_D843AE1A93E58A5202_da6e04a6fd7be2e9_1130343077,-39562.785,11106.806,-674.13605,,,,,,,,False
StaticMeshComponent,Actor,Actor_UAID_D843AE1A93E58A5202_dee4ee8c091f1af5_1130343077,-8987.509,-5702.0957,-357.87323,,,,,,,,False
StaticMeshComponent,Actor,Actor_UAID_D843AE1A93E58A5202_e6721e1d3a3abaaa_1130343077,-36965.63,-43864.125,5770.582,,,,,,,,False
StaticMeshComponent,Actor,Actor_UAID_D843AE1A93E58A5202_f536795eb5309153_1130343077,-19080.191,-17934.344,1827.1732,,,,,,,,False
StaticMeshComponent,Actor,Actor_UAID_D843AE1A93E58A5202_f7e95a06a093db85_1130343077,-28775.98,36341.914,1444.2759,,,,,,,,False
StaticMeshComponent,Actor,Actor_UAID_D843AE1A93E58A5202_f9ad2cc1e4fad9ab_1151383084,37289.344,-7537.184,-336.85596,,,,,,,,False
StaticMeshComponent,Actor,Actor_UAID_D843AE1A93E58A5202_fd2aebb22dc58be2_1130343077,30373.543,-14246.397,64.598854,,,,,,,,False
StaticMeshComponent,Actor,Actor_UAID_D843AE1A93E58A5202_ff42574dc120dce6_1130343077,-4155.462,16422.037,-48.847637,,,,,,,,False
StaticMeshComponent,Actor,Actor_b5ebc89f8604a879_0,-47896.246,-6122.273,2972.282,,,,,,,,
StaticMeshComponent,Actor,Actor_b5ebc89f8604a879_3,-47980.664,-6101.208,2958.8474,,,,,,,,
StaticMeshComponent,Actor,Actor_bf22cb93efe44d25_0,24528.273,-18070.457,1171.3015,,,,,,,,
StaticMeshComponent,Actor,Actor_bf22cb93efe44d25_4,24507.162,-18081.24,1171.4069,,,,,,,,
StaticMeshComponent,Actor,Actor_cadd9775a8118d2f_0,-43515.676,16060.964,-539.77185,,,,,,,,False
StaticMeshComponent,Actor,Actor_cdbb186408d6a76a_0,-638.79626,-7053.6685,1092.2511,,,,,,,,True
StaticMeshComponent,Actor,Actor_d55544b598bbb91e_0,-6873.504,26859.639,-731.66144,,,,,,,,True
StaticMeshComponent,Actor,Actor_d5fa6cc403726052_0,-8784.69,41447.94,-281.5043,,,,,,,,True
StaticMeshComponent,Actor,Actor_ef807d605b7c3083_0,-51829.824,13872.436,-18.266947,,,,,,,,False
StaticMeshComponent,Actor,Actor_f0a1d797be050e42_0,-3421.5781,-31116.29,4.7348957,,,,,,,,True
StaticMeshComponent,Actor,Actor_f1498b6efe4158a9_0,-5102.521,-26749.285,-738.5247,,,,,,,,True
StaticMeshComponent,Actor,Actor_fd586a458c2d435d_9,-7421.381,40332.28,-268.62305,,,,,,,,True
StaticMeshComponent,Actor,Actor_ffee232ddd30b213_37,-36891.074,6717.0854,218.6838,,,,,,,,True
StaticMeshComponent,BP_SoundTrap_Corpse_Fem_Hung04a_C,UNP_NT_CorpseFemale_Hanging_05_c3ec7d0135d62a79_0,-13770.052,13494.82,233.0932,,,,,,,,
StaticMeshComponent,LootNode,LootNode_048a6f7c99d09053_0,24154.076,-9718.739,969.88605,,,,,,LIT_Loose_Zweihander,,
StaticMeshComponent,LootNode,LootNode_1839a5c7e36c7ddc_0,-50768.85,-32451.611,7236.2964,,,,,,ID_Lore_Uncommon_Note03_U,,
StaticMeshComponent,LootNode,LootNode_UAID_046874882494859A02_367755be1ccb9d60_1585827790,-28251.182,-9097.789,2198.5432,,,,,,LIT_Ampoules,,
StaticMeshComponent,LootNode,LootNode_UAID_046874882494859A02_367755be1ccb9d60_1585904821,-28576.145,-9259.111,1907.2628,,,,,,LIT_Loose_Table,,
StaticMeshComponent,LootNode,LootNode_UAID_046874882494AD8D02_c71ad3ef090f6a00_1997730827,-54586.016,34588.094,1798.5356,,,,,,LIT_Ampoules,,
StaticMeshComponent,LootNode,LootNode_UAID_046874882494AD8D02_c71ad3ef090f6a00_1997732828,-54399.63,34636.668,1811.7819,,,,,,LIT_Ampoules,,
StaticMeshComponent,LootNode,LootNode_UAID_046874882494FE9802_29c4ea76462ed633_1767243542,-28351.105,21937.037,-247.57607,,,,,,LIT_Ampoules,,
StaticMeshComponent,LootNode,LootNode_UAID_046874882494FE9802_29c4ea76462ed633_1767245543,-28428.8,21759.012,-234.32993,,,,,,LIT_Ampoules,,
StaticMeshComponent,LootNode,LootNode_UAID_04D9F5F93AD5175B02_9ef134dc8a4c9f0e_1363914389,-39618.92,-15876.971,5155.359,,,,,,ID_Lore_Uncommon_Note03_U,,
StaticMeshComponent,LootNode,LootNode_UAID_04D9F5F93AD59D5B02_cef4d286548b889d_1510292617,31901.262,-7807.5244,662.79565,,,,,,ID_Lore_Epic_Note05_U,,
StaticMeshComponent,LootNode,LootNode_UAID_04D9F5F93AD5B25602_9a171dde977e4581_1127315686,-66092.914,646.8227,1799.1995,,,,,,LIT_Loose_M02MilitaryCheckpoint_01a,,
StaticMeshComponent,LootNode,LootNode_UAID_581CF8B7231511D902_6dfd51d988941e94_1530233091,38532.37,-11329.617,-13.2708435,,,,,,LIT_Ampoules,,
StaticMeshComponent,LootNode,LootNode_UAID_581CF8B7231511D902_6dfd51d988941e94_1530399094,39086.81,-11409.521,-14.602049,,,,,,LIT_Ampoules,,
StaticMeshComponent,LootNode,LootNode_UAID_581CF8B72315D2D802_b70ca0ae9df1c85d_1146644296,38436.184,-9860.71,-10.877123,,,,,,LIT_Ampoules,,
StaticMeshComponent,LootNode,LootNode_UAID_D843AE1A93E500D002_1262965286,-2578.6855,-15561.824,204.80641,,,,,,LIT_ChestArmourRecipe_Uncommon_Loose,,
StaticMeshComponent,LootNode,LootNode_UAID_D843AE1A93E502D002_1813245189,24637.518,-15333.945,1860.1929,,,,,,LIT_ChestArmourRecipe_Rare_Loose,,
StaticMeshComponent,LootNode,LootNode_UAID_D843AE1A93E503D002_1216952366,-10474.828,14486.317,-675.1268,,,,,,LIT_OldSatchelRecipe_Uncommon_Loose,,
StaticMeshComponent,LootNode,LootNode_UAID_D843AE1A93E503D002_1936295984,-35645.74,-25514.932,8706.787,,,,,,LIT_PeninsularCampaignBanner_Loose,,
StaticMeshComponent,LootNode,LootNode_UAID_D843AE1A93E504D002_1170841161,-39610.56,-28560.12,7163.4805,,,,,,LIT_KompasRecipe_Rare_Loose,,
StaticMeshComponent,LootNode,LootNode_UAID_D843AE1A93E50A9D02_04cea8cef2e8582c_1571953617,34887.906,-16582.953,-29.432528,,,,,,LIT_Loose_Money,,
StaticMeshComponent,LootNode,LootNode_UAID_D843AE1A93E50A9D02_4bd30f650c3776bc_1571953617,37322.074,-9057.18,-29.432531,,,,,,LIT_Loose_Money,,
StaticMeshComponent,LootNode,LootNode_UAID_D843AE1A93E50FDA02_1160988511,-7715.6406,-16748.621,2978.5017,,,,,,LIT_Loose_Ammo,,
StaticMeshComponent,LootNode,LootNode_UAID_D843AE1A93E510DA02_1221127980,-28749.266,19632.846,-209.61708,,,,,,LIT_Loose_Ammo,,
StaticMeshComponent,LootNode,LootNode_UAID_D843AE1A93E510DA02_1867238981,20127.238,3077.2402,2480.5605,,,,,,LIT_Loose_Ammo,,
StaticMeshComponent,LootNode,LootNode_UAID_D843AE1A93E510DA02_1988263982,-4077.4573,-38903.39,284.9891,,,,,,LIT_Loose_Ammo,,
StaticMeshComponent,LootNode,LootNode_UAID_D843AE1A93E510DA02_2091319983,-30843.166,-5479.0195,1845.2698,,,,,,LIT_Loose_Ammo,,
StaticMeshComponent,LootNode,LootNode_UAID_D843AE1A93E510DA02_2141669984,-44179.13,-6628.263,2998.114,,,,,,LIT_Loose_Ammo,,
StaticMeshComponent,LootNode,LootNode_UAID_D843AE1A93E511DA02_1156705161,-44447.05,33572.26,1446.2555,,,,,,LIT_Loose_Ammo,,
StaticMeshComponent,LootNode,LootNode_UAID_D843AE1A93E526E302_16430dedd3080722_1230613450,30050.195,-13805.591,-16.648846,,,,,,LIT_Loose_ChestArmour_All,,
StaticMeshComponent,LootNode,LootNode_UAID_D843AE1A93E526E302_16430dedd3080722_1758028830,34923.33,-17359.64,-16.648842,,,,,,LIT_Loose_ChestArmour_All,,
StaticMeshComponent,LootNode,LootNode_UAID_D843AE1A93E5498902_358ce63c24dd89f2_1269800062,-29503.896,-5094.741,2220.0566,,,,,,LIT_Medicine_Loose,,
StaticMeshComponent,LootNode,LootNode_UAID_D843AE1A93E5498902_d675ac69400b5c24_1580836341,-2510.107,2129.6377,423.14154,,,,,,LIT_Ampoules,,
StaticMeshComponent,LootNode,LootNode_UAID_D843AE1A93E54DB502_6bf7ed90f87edc78_1960913858,-7933.5127,-16820.84,464.3447,,,,,,ID_Lore_Epic_Note09_JacquesBridgeTowerArmoury,,
StaticMeshComponent,LootNode,LootNode_UAID_D843AE1A93E577D202_9e2eef7bf01ddff4_1385014607,-53216.703,34976.574,1799.9749,,,,,,LIT_Medicine_Loose,,
StaticMeshComponent,LootNode,LootNode_UAID_D843AE1A93E578D202_1922194202,-5013.538,-15983.302,2383.7693,,,,,,LIT_Loose_Ammo,,
StaticMeshComponent,LootNode,LootNode_UAID_D843AE1A93E578D202_fa61c736281e8a8a_1466023350,-36214.96,-26469.367,7747.559,,,,,,LIT_Medicine_Loose,,
StaticMeshComponent,LootNode,LootNode_UAID_D843AE1A93E579D202_ef24bfe3d12f0669_1911699410,22414.703,570.0387,302.63388,,,,,,LIT_Medicine_Loose,,
StaticMeshComponent,LootNode,LootNode_UAID_D843AE1A93E583D202_1162600121,-27382.791,-11467.02,2172.4565,,,,,,LIT_Medicine_Loose,,
StaticMeshComponent,LootNode,LootNode_UAID_D843AE1A93E583D202_1167878122,-26777.996,-7642.229,2200.7112,,,,,,LIT_Medicine_Loose,,
StaticMeshComponent,LootNode,LootNode_UAID_D843AE1A93E585D602_1909447186,-62751.008,-15529.861,1659.2266,,,,,,LIT_HohenzollernReborn_Loose,,
StaticMeshComponent,LootNode,LootNode_UAID_D843AE1A93E586D202_1153178643,-27471.828,-8196.007,2207.163,,,,,,LIT_Loose_MediumItems,,
StaticMeshComponent,LootNode,LootNode_UAID_D843AE1A93E586D202_2089058226,22345.445,-7342.9727,1057.7023,,,,,,LIT_Ampoules,,
StaticMeshComponent,LootNode,LootNode_UAID_D843AE1A93E586D602_1922935363,2742.6296,-34738.07,-479.0471,,,,,,LIT_TreatyWorkhorse_Loose,,
StaticMeshComponent,LootNode,LootNode_UAID_D843AE1A93E587D202_1367732314,23746.959,-6450.587,1058.864,,,,,,LIT_Keys_M02_Dungeon,,
StaticMeshComponent,LootNode,LootNode_UAID_D843AE1A93E587D602_1505906540,-24518.682,30035.967,1939.0422,,,,,,LIT_PrussianStandard_Loose,,
StaticMeshComponent,LootNode,LootNode_UAID_D843AE1A93E588D202_1531614123,-13785.251,13247.363,-117.08943,,,,,,LIT_Medicine_Loose,,
StaticMeshComponent,LootNode,LootNode_UAID_D843AE1A93E58CD602_1605262358,-64316.457,5475.206,964.3554,,,,,,LIT_BavarianStandard_Loose,,
StaticMeshComponent,LootNode,LootNode_UAID_D843AE1A93E58CD602_1799258359,-34858.516,41118.363,2644.8757,,,,,,LIT_EasternPromise_Loose,,
StaticMeshComponent,LootNode,LootNode_UAID_D843AE1A93E5947E02_ef24bfe3d12f0669_1679515023,22852.99,7462.885,2420.8074,,,,,,LIT_Loose_Volant,,
StaticMeshComponent,LootNode,LootNode_UAID_D843AE1A93E59AD602_1408045834,-16841.74,18304.877,-398.3909,,,,,,LIT_LionOfRotterdam_Loose,,
StaticMeshComponent,LootNode,LootNode_UAID_D843AE1A93E5B78702_c71ad3ef090f6a00_1167653877,-57115.883,34891.035,1875.5646,,,,,,LIT_Medicine_Loose,,
StaticMeshComponent,LootNode,LootNode_UAID_D843AE1A93E5B78702_c71ad3ef090f6a00_1217446878,-57054.383,36509.73,1872.6936,,,,,,LIT_Medicine_Loose,,
StaticMeshComponent,LootNode,LootNode_UAID_D843AE1A93E5B78702_c71ad3ef090f6a00_1252618879,-56138.758,37254.637,1797.4714,,,,,,LIT_Ampoules,,
StaticMeshComponent,LootNode,LootNode_UAID_D843AE1A93E5D1E302_16430dedd3080722_1162857838,30050.195,-13805.591,-16.648846,,,,,,LIT_Loose_HeadArmour_All,,
StaticMeshComponent,LootNode,LootNode_UAID_D843AE1A93E5D1E302_16430dedd3080722_1574363882,34923.33,-17359.64,-16.648842,,,,,,LIT_Loose_HeadArmour_All,,
StaticMeshComponent,LootNode,LootNode_UAID_D843AE1A93E5D2D802_afe4a3bbeb7c2068_1707365617,4431.8804,-12414.063,1519.5942,,,,,,LIT_Loose_Tavern,,
StaticMeshComponent,LootNode,LootNode_UAID_D843AE1A93E5D2D802_afe4a3bbeb7c2068_1818948618,3378.2883,-11229.528,1517.912,,,,,,LIT_Loose_Tavern,,
StaticMeshComponent,LootNode,LootNode_UAID_D843AE1A93E5D2D802_afe4a3bbeb7c2068_1905749859,3625.2788,-12761.581,1441.1151,,,,,,LIT_Loose_Tavern,,
StaticMeshComponent,LootNode,LootNode_UAID_D843AE1A93E5DFE202_16430dedd3080722_1261540655,32303.686,-7675.596,694.1836,,,,,,LIT_Keys_M02_Dungeon,,
StaticMeshComponent,LootNode,LootNode_UAID_D843AE1A93E5DFE202_16430dedd3080722_1261542656,21436.73,-7017.6636,1280.0973,,,,,,LIT_Keys_M02_Dungeon,,
StaticMeshComponent,LootNode,LootNode_UAID_D843AE1A93E5DFE202_16430dedd3080722_1261543657,26651.57,-7398.832,1020.44385,,,,,,LIT_Keys_M02_Dungeon,,
StaticMeshComponent,LootNode,LootNode_UAID_D843AE1A93E5E48802_358ce63c24dd89f2_1606033618,-30459.836,-5515.973,2374.5,,,,,,LIT_Medicine_Loose,,
StaticMeshComponent,LootNode,LootNode_UAID_D843AE1A93E5E48802_9e2eef7bf01ddff4_1785353812,-53173.465,33726.234,1736.6415,,,,,,LIT_Medicine_Loose,,
StaticMeshComponent,LootNode,LootNode_UAID_D843AE1A93E5E48802_9e2eef7bf01ddff4_1816218813,-54540.395,33622.727,1789.89,,,,,,LIT_Medicine_Loose,,
StaticMeshComponent,LootNode,LootNode_UAID_D843AE1A93E5E48802_9e2eef7bf01ddff4_1855554814,-53908.727,36658.367,1888.1006,,,,,,LIT_Medicine_Loose,,
StaticMeshComponent,LootNode,LootNode_UAID_D843AE1A93E5F3CF02_1433668536,-8048.918,-16491.82,2961.9282,,,,,,LIT_LionneRecipe_Epic_Loose,,
StaticMeshComponent,LootNode,LootNode_UAID_D843AE1A93E5F4B402_6bf7ed90f87edc78_1678501149,-7954.6045,-16774.93,463.97614,,,,,,LIT_Loose_Auster100,,
StaticMeshComponent,LootNode,LootNode_UAID_D843AE1A93E5F4CF02_1166317724,-53785.71,35514.27,1799.4237,,,,,,LIT_BloodbagRecipe_Rare_Loose,,
StaticMeshComponent,LootNode,LootNode_UAID_D843AE1A93E5F4CF02_1409858725,-36371.906,-27186.07,8603.262,,,,,,LIT_SpicedBreadRecipe_Epic_Loose,,
StaticMeshComponent,LootNode,LootNode_UAID_D843AE1A93E5F5CF02_1808104902,26184.338,8937.07,2725.821,,,,,,LIT_LongswordRecipe_Uncommon_Loose1,,
StaticMeshComponent,LootNode,LootNode_UAID_D843AE1A93E5F6CF02_1225546079,-31149.13,21885.441,-251.51619,,,,,,LIT_LudwigsDrumcaseRecipe_Rare_Loose,,
StaticMeshComponent,LootNode,LootNode_UAID_D843AE1A93E5F6CF02_1948042080,-49515.367,-31228.207,7053.2188,,,,,,LIT_TongsRecipe_Common_Loose,,
StaticMeshComponent,LootNode,LootNode_UAID_D843AE1A93E5F9CF02_1885634731,-48619.56,-7357.375,3062.0708,,,,,,LIT_Loose_Longsword,,
StaticMeshComponent,LootNode,LootNode_UAID_D843AE1A93E5FACF02_1327161908,-48703.39,-7978.403,3124.5496,,,,,,LIT_VolantRecipe_Uncommon_Loose,,
StaticMeshComponent,LootNode,LootNode_UAID_D843AE1A93E5FBD502_1269083466,-7256.9487,-16068.313,480.21976,,,,,,LIT_MarchersRoll_Loose,,
StaticMeshComponent,LootNode,LootNode_UAID_D843AE1A93E5FCD502_1190959799,-8411.92,18482.467,-285.59753,,,,,,LIT_HouseOfMedici_Loose,,
StaticMeshComponent,LootNode,LootNode_da1ec3d8da7ef2d5_0,-52006.043,16534.133,15.269533,,,,,,ID_Lore_Uncommon_Note03_U,,
StaticMeshComponent,LootNode,UNP_LootNode1_UAID_0468748824944E8902_1c556f47455d4841_1129141542,-2855.9492,1769.3977,14.036125,,,,,,LIT_Loose_MediumItems,,
StaticMeshComponent,LootNode,UNP_LootNode1_UAID_046874882494519802_358ce63c24dd89f2_1986550710,-30259.95,-5237.636,2307.5469,,,,,,LIT_Medicine_Loose,,
StaticMeshComponent,LootNode,UNP_LootNode1_UAID_046874882494619802_126232618081b8ee_1310911147,-26287.922,-10514.955,1522.2671,,,,,,LIT_Item_Table_Chapel,,
StaticMeshComponent,LootNode,UNP_LootNode1_UAID_046874882494669802_14c2f7d024ec740e_1271785928,-12253.666,23058.764,-207.71571,,,,,,LIT_Loose_MediumItems,,
StaticMeshComponent,LootNode,UNP_LootNode1_UAID_046874882494859A02_367755be1ccb9d60_1585875809,-28661.006,-7885.434,2368.1453,,,,,,LIT_Loose_MediumItems,,
StaticMeshComponent,LootNode,UNP_LootNode1_UAID_0468748824949AD502_6bf7ed90f87edc78_2011582021,-8003.208,-16577.096,4126.5312,,,,,,LIT_Keys_All,,
StaticMeshComponent,LootNode,UNP_LootNode1_UAID_046874882494F89A02_86279adec2ec3b27_1891369725,-13829.303,18689.883,274.7876,,,,,,LIT_Item_Valuables_Small,,
StaticMeshComponent,LootNode,UNP_LootNode1_UAID_046874882494FE9802_29c4ea76462ed633_1783186302,-31356.465,22087.383,-257.44522,,,,,,LIT_Loose_MediumItems,,
StaticMeshComponent,LootNode,UNP_LootNode1_UAID_08BFB82FEC6A85DC02_3df28b0128384e50_1183617000,36386.977,-11757.083,31.489994,,,,,,LIT_Keys_All,,
StaticMeshComponent,LootNode,UNP_LootNode1_UAID_581CF8B7231508DA02_0d3d88d307a018df_1388671567,36794.39,-9792.857,-11.37065,,,,,,LIT_Item_Table_Chapel,,
StaticMeshComponent,LootNode,UNP_LootNode1_UAID_581CF8B7231509DA02_0d3d88d307a018df_1508948924,36760.508,-8915.425,-13.666481,,,,,,LIT_Item_Table_Chapel,,
StaticMeshComponent,LootNode,UNP_LootNode1_UAID_581CF8B72315BED802_b70ca0ae9df1c85d_1912994747,38805.68,-9608.402,-11.239621,,,,,,LIT_Item_Table_Chapel,,
StaticMeshComponent,LootNode,UNP_LootNode1_UAID_D843AE1A93E586D202_1663740263,26374.695,-7884.896,1028.5642,,,,,,LIT_Keys_All,,
StaticMeshComponent,LootNode,UNP_LootNode1_UAID_D843AE1A93E586D202_1899267244,24002.58,-8482.34,1028.6119,,,,,,LIT_Keys_All,,
StaticMeshComponent,LootNode,UNP_LootNode1_UAID_D843AE1A93E587D202_1223036377,24241.846,-6710.9707,1028.8485,,,,,,LIT_Keys_All,,
StaticMeshComponent,LootNode,UNP_LootNode2_03d1cb763f9462de_0,16769.902,18621.146,1274.9675,,,,,,LIT_Item_Quarry,,
StaticMeshComponent,LootNode,UNP_LootNode2_859bab5d697aa0eb_0,9856.954,21836.4,981.9647,,,,,,LIT_Item_Quarry,,
StaticMeshComponent,LootNode,UNP_LootNode2_UAID_046874882494359A02_afe4a3bbeb7c2068_1286606065,3085.5562,-12680.984,1528.4452,,,,,,LIT_Loose_Table,,
StaticMeshComponent,LootNode,UNP_LootNode2_UAID_0468748824944E8902_1c556f47455d4841_1243407106,-2476.063,3854.2627,516.6717,,,,,,LIT_Loose_SmallItems,,
StaticMeshComponent,LootNode,UNP_LootNode2_UAID_0468748824944E8902_1c556f47455d4841_1243873126,-3034.3572,2201.3179,523.2823,,,,,,LIT_Loose_MediumItems,,
StaticMeshComponent,LootNode,UNP_LootNode2_UAID_046874882494977D02_f5f3745e62dd497c_1269563635,-66536.79,-2394.7903,1697.6317,,,,,,LIT_Item_Quarry,,
StaticMeshComponent,LootNode,UNP_LootNode2_UAID_046874882494F39502_fa61c736281e8a8a_1306705376,-39788.668,-30514.045,7071.1704,,,,,,LIT_Medicine_Loose,,
StaticMeshComponent,LootNode,UNP_LootNode2_UAID_046874882494F89A02_86279adec2ec3b27_1911216401,-14569.168,17977.56,336.60684,,,,,,LIT_Medicine_Loose,,
StaticMeshComponent,LootNode,UNP_LootNode2_UAID_046874882494FB9A02_71619fc7e70fc919_1230579643,-13937.688,23563.443,-272.43375,,,,,,LIT_Item_Quarry,,
StaticMeshComponent,LootNode,UNP_LootNode2_UAID_046874882494FE9802_29c4ea76462ed633_1773925728,-27889.201,21437.25,-299.84406,,,,,,LIT_Item_Quarry,,
StaticMeshComponent,LootNode,UNP_LootNode2_UAID_18C04DA8201B437902_1955f5d21cbe47a4_1442144516,20072.773,1855.3146,665.64984,,,,,,LIT_Item_Quarry,,
StaticMeshComponent,LootNode,UNP_LootNode2_b982339aea3a35d8_0,-24378.186,-40.0949,1013.3035,,,,,,LIT_Item_Quarry,,
StaticMeshComponent,LootNode,UNP_LootNode_UAID_046874882494089902_4fd79de106d61a35_1094082601,-15011.613,-9576.108,1334.2145,,,,,,LIT_Item_Currency,,
StaticMeshComponent,LootNode,UNP_LootNode_UAID_046874882494359A02_afe4a3bbeb7c2068_1283938880,3798.3826,-12720.703,1531.1188,,,,,,LIT_Loose_MediumItems,,
StaticMeshComponent,LootNode,UNP_LootNode_UAID_046874882494359A02_afe4a3bbeb7c2068_1284181899,4566.611,-12684.334,1880.7986,,,,,,LIT_Loose_Table,,
StaticMeshComponent,LootNode,UNP_LootNode_UAID_046874882494359A02_afe4a3bbeb7c2068_1285341988,3779.4878,-11302.38,1517.9996,,,,,,LIT_Loose_MediumItems,,
StaticMeshComponent,LootNode,UNP_LootNode_UAID_046874882494359A02_afe4a3bbeb7c2068_1286420057,3360.549,-12766.227,1029.0267,,,,,,LIT_Loose_SmallItems,,
StaticMeshComponent,LootNode,UNP_LootNode_UAID_046874882494359A02_afe4a3bbeb7c2068_1291275206,2887.582,-12236.785,1877.6115,,,,,,LIT_Loose_MediumItems,,
StaticMeshComponent,LootNode,UNP_LootNode_UAID_0468748824944E8902_1c556f47455d4841_1241380069,-4309.922,1492.1038,-394.66245,,,,,,LIT_Loose_MediumItems,,
StaticMeshComponent,LootNode,UNP_LootNode_UAID_0468748824944E8902_1c556f47455d4841_1242285086,-3874.1333,2222.6938,-364.64026,,,,,,LIT_Loose_MediumItems,,
StaticMeshComponent,LootNode,UNP_LootNode_UAID_046874882494519802_358ce63c24dd89f2_1984626551,-29302.748,-5279.4297,2004.7249,,,,,,LIT_Item_Currency,,
StaticMeshComponent,LootNode,UNP_LootNode_UAID_046874882494519802_358ce63c24dd89f2_1986285675,-29277.445,-5651.4653,2311.2686,,,,,,LIT_Loose_Table,,
StaticMeshComponent,LootNode,UNP_LootNode_UAID_046874882494519802_358ce63c24dd89f2_1986479703,-29127.898,-5555.232,1902.7014,,,,,,LIT_Medicine_Loose,,
StaticMeshComponent,LootNode,UNP_LootNode_UAID_046874882494619802_126232618081b8ee_1309128073,-25943.143,-10657.352,1589.1975,,,,,,LIT_Item_Civilian_Shelf,,
StaticMeshComponent,LootNode,UNP_LootNode_UAID_046874882494859A02_367755be1ccb9d60_1585862804,-30063.232,-8958.418,1910.5344,,,,,,LIT_Loose_MediumItems,,
StaticMeshComponent,LootNode,UNP_LootNode_UAID_0468748824949AD502_6bf7ed90f87edc78_2038104417,-7471.5396,-16269.752,2886.8745,,,,,,LIT_Loose_Valuables,,
StaticMeshComponent,LootNode,UNP_LootNode_UAID_046874882494AD8D02_c71ad3ef090f6a00_2001258061,-54473.52,33882.594,1741.0319,,,,,,LIT_Loose_SmallItems,,
StaticMeshComponent,LootNode,UNP_LootNode_UAID_046874882494AD8D02_c71ad3ef090f6a00_2003977328,-57254.363,35232.91,1870.3405,,,,,,LIT_Medicine_Loose,,
StaticMeshComponent,LootNode,UNP_LootNode_UAID_046874882494AD8D02_c71ad3ef090f6a00_2003979329,-57239.188,35449.18,1870.1107,,,,,,LIT_Loose_Medicine,,
StaticMeshComponent,LootNode,UNP_LootNode_UAID_046874882494DB9A02_a595927790dec5fd_2079325581,-47647.22,-6957.66,3603.2183,,,,,,LIT_Loose_Ammo,,
StaticMeshComponent,LootNode,UNP_LootNode_UAID_046874882494F39502_fa61c736281e8a8a_1311026690,-39350.453,-28907.166,7165.225,,,,,,LIT_Medicine_Loose,,
StaticMeshComponent,LootNode,UNP_LootNode_UAID_046874882494FE9802_29c4ea76462ed633_1783189303,-31135.066,21888.205,-251.16019,,,,,,LIT_Loose_MediumItems,,
StaticMeshComponent,LootNode,UNP_LootNode_UAID_18C04DA8201B327902_39c53a56517c239f_2128612275,14659.162,13322.307,2253.71,,,,,,LIT_Loose_MediumItems,,
StaticMeshComponent,LootNode,UNP_LootNode_UAID_18C04DA8201B327902_3e62a173f235e900_2128612275,21561.229,-22064.889,2819.8242,,,,,,LIT_Loose_MediumItems,,
StaticMeshComponent,LootNode,UNP_LootNode_UAID_18C04DA8201B327902_6c4c20721545df36_2128612275,-30709.896,-45286.008,5924.7065,,,,,,LIT_Loose_MediumItems,,
StaticMeshComponent,LootNode,UNP_LootNode_UAID_18C04DA8201B327902_a1b8e9568afcd202_2128612275,-57755.734,-19551.928,7124.5117,,,,,,LIT_Loose_MediumItems,,
StaticMeshComponent,LootNode,UNP_LootNode_UAID_18C04DA8201B327902_b48abfd6dd8426a8_2128612275,-24435.541,30410.475,1610.5826,,,,,,LIT_Loose_MediumItems,,
StaticMeshComponent,LootNode,UNP_LootNode_UAID_18C04DA8201B437902_1955f5d21cbe47a4_1439116329,22561.943,6747.385,2512.555,,,,,,LIT_Loose_SmallItems,,
StaticMeshComponent,LootNode,UNP_LootNode_UAID_18C04DA8201B437902_1955f5d21cbe47a4_1439119330,22504.793,6942.2197,2511.9155,,,,,,LIT_Loose_Medicine,,
StaticMeshComponent,LootNode,UNP_LootNode_UAID_18C04DA8201B437902_1955f5d21cbe47a4_1439697353,23386.285,7196.4194,2421.1372,,,,,,LIT_Loose_SmallItems,,
StaticMeshComponent,LootNode,UNP_LootNode_UAID_581CF8B723150CDA02_0d3d88d307a018df_1520422623,36943.094,-9614.815,-9.759942,,,,,,LIT_Loose_Valuables,,
StaticMeshComponent,LootNode,UNP_LootNode_UAID_581CF8B72315DCD602_79f9a36b537b5426_1531021039,34611.36,-15781.154,-101.21501,,,,,,LIT_Item_Currency,,
StaticMeshComponent,LootNode,UNP_LootNode_UAID_581CF8B72315DED602_09b253a8aea41573_1892099266,36021.4,-15793.818,-100.5289,,,,,,LIT_Item_Currency,,
StaticMeshComponent,LootNode,UNP_LootNode_UAID_D843AE1A93E5282D02_5f7908dd7b4d37e4_1545118561,-48765.906,25022.549,490.1454,,,,,,LIT_Item_Currency,,
StaticMeshComponent,LootNode,UNP_LootNode_UAID_D843AE1A93E5C95302_587d936ed7a167b2_1757797526,-15922.958,-15712.557,1189.106,,,,,,LIT_Item_Currency,,
StaticMeshComponent,Loot_FlourSacks_03_C,Loot_FlourSacks_03_C_UAID_0468748824941E9B02_34103052c501f18e_1950803236,11599.466,20087.975,1139.9805,Flour Sack,75.0,Blueprint,,,Sack_Flour,,
StaticMeshComponent,Loot_FlourSacks_03_C,Loot_FlourSacks_03_C_UAID_0468748824941E9B02_34103052c501f18e_1950806239,11588.85,19897.955,1167.5398,Flour Sack,75.0,Blueprint,,,Sack_Flour,,
StaticMeshComponent,Loot_FlourSacks_03_C,Loot_FlourSacks_03_C_UAID_046874882494FB9A02_71619fc7e70fc919_1210659792,-13821.721,20484.559,-289.15372,Flour Sack,75.0,Blueprint,,,Sack_Flour,,
StaticMeshComponent,Loot_FlourSacks_03_C,Loot_FlourSacks_03_C_UAID_046874882494FB9A02_71619fc7e70fc919_1210660795,-13807.458,20156.98,-289.15372,Flour Sack,75.0,Blueprint,,,Sack_Flour,,
StaticMeshComponent,Loot_FlourSacks_03_C,Loot_FlourSacks_03_C_UAID_04D9F5F93AD55C3902_549af68f93e3d71e_1453905709,19396.334,20029.158,1421.3759,Flour Sack,75.0,Blueprint,,,Sack_Flour,,
StaticMeshComponent,Loot_FlourSacks_03_C,Loot_FlourSacks_03_C_UAID_04D9F5F93AD55C3902_549af68f93e3d71e_1453912712,19077.863,20103.172,1396.6987,Flour Sack,75.0,Blueprint,,,Sack_Flour,,
StaticMeshComponent,Loot_FlourSacks_03_C,Loot_FlourSacks_03_C_UAID_04D9F5F93AD55C3902_b054a8bba0f34418_1453905709,17131.096,28698.309,929.7983,Flour Sack,75.0,Blueprint,,,Sack_Flour,,
StaticMeshComponent,Loot_FlourSacks_03_C,Loot_FlourSacks_03_C_UAID_04D9F5F93AD55C3902_b054a8bba0f34418_1453912712,16813.861,28638.654,872.22284,Flour Sack,75.0,Blueprint,,,Sack_Flour,,
StaticMeshComponent,Loot_FlourSacks_03_C,Loot_FlourSacks_03_C_UAID_04D9F5F93AD55C3902_f38e43277b3fc412_1453905709,-56037.13,27539.488,969.7809,Flour Sack,75.0,Blueprint,,,Sack_Flour,,
StaticMeshComponent,Loot_FlourSacks_03_C,Loot_FlourSacks_03_C_UAID_04D9F5F93AD55C3902_f38e43277b3fc412_1453912712,-55821.582,27296.242,926.3777,Flour Sack,75.0,Blueprint,,,Sack_Flour,,
StaticMeshComponent,Loot_FlourSacks_03_C,UNP_Loot_FlourSacks_03_0c7769a481dddbd5_0,-10056.023,13146.52,-543.39166,Flour Sack,75.0,Blueprint,,,Sack_Flour,,
StaticMeshComponent,Loot_FlourSacks_03_C,UNP_Loot_FlourSacks_03_113aac40dd19cce1_0,-14966.763,-35881.926,1285.9264,Flour Sack,75.0,Blueprint,,,Sack_Flour,,
StaticMeshComponent,Loot_FlourSacks_03_C,UNP_Loot_FlourSacks_03_55a6bec73623a530_0,-22482.537,315.39062,1359.0216,Flour Sack,75.0,Blueprint,,,Sack_Flour,,
StaticMeshComponent,Loot_FlourSacks_03_C,UNP_Loot_FlourSacks_03_9fac250d5149b043_2,-15148.224,22384.035,60.211803,Flour Sack,75.0,Blueprint,,,Sack_Flour,,
StaticMeshComponent,Loot_FlourSacks_03_C,UNP_Loot_FlourSacks_03_UAID_0468748824944C9B02_d0e23cfe7f59ca33_2006379758,-25185.818,-6269.9565,2118.7285,Flour Sack,75.0,Blueprint,,,Sack_Flour,,
StaticMeshComponent,Loot_FlourSacks_03_C,UNP_Loot_FlourSacks_03_UAID_0468748824944C9B02_e1ce29a85d20fd8c_2006379758,-13454.688,-37282.348,1278.4209,Flour Sack,75.0,Blueprint,,,Sack_Flour,,
StaticMeshComponent,Loot_FlourSacks_03_C,UNP_Loot_FlourSacks_03_UAID_046874882494D39502_c28b544d044813cd_1677181269,-37504.246,-25364.686,7354.2812,Flour Sack,75.0,Blueprint,,,Sack_Flour,,
StaticMeshComponent,Loot_FlourSacks_03_C,UNP_Loot_FlourSacks_03_bc9e8611b9e607b3_0,-13925.472,21093.078,69.28139,Flour Sack,75.0,Blueprint,,,Sack_Flour,,
StaticMeshComponent,Loot_FlourSacks_03_C,UNP_Loot_FlourSacks_03_bda10b7c50163ff5_2,-16647.848,18893.158,57.674152,Flour Sack,75.0,Blueprint,,,Sack_Flour,,
StaticMeshComponent,Loot_FlourSacks_03_C,UNP_Loot_FlourSacks_03_f5345b2b34b3415e_0,-26797.54,-5436.868,2102.563,Flour Sack,75.0,Blueprint,,,Sack_Flour,,
StaticMeshComponent,Loot_FlourSacks_03_C,UNP_Loot_FlourSacks_03_f5630e569374ca47_0,5185.298,-11047.4795,1776.8678,Flour Sack,75.0,Blueprint,,,Sack_Flour,,
StaticMeshComponent,Loot_FlourSacks_03_C,UNP_PG_FlourSacks_04_UAID_0468748824941B9B02_71619fc7e70fc919_1552254598,-7646.4775,17674.916,-490.57953,Flour Sack,75.0,Blueprint,,,Sack_Flour,,
StaticMeshComponent,Loot_FlourSacks_03_C,UNP_PG_FlourSacks_04_UAID_18C04DA8201B437902_1955f5d21cbe47a4_1446565734,20091.428,3644.5068,2403.8816,Flour Sack,75.0,Blueprint,,,Sack_Flour,,
StaticMeshComponent,Loot_FlourSacks_03_C,UNP_PG_FlourSacks_09a34_9fac250d5149b043_1,-15482.9,22191.174,61.87859,Flour Sack,75.0,Blueprint,,,Sack_Flour,,
StaticMeshComponent,Loot_FlourSacks_03_C,UNP_PG_FlourSacks_09a34_UAID_0468748824944C9B02_d0e23cfe7f59ca33_2006377753,-25018.57,-5921.772,2120.3953,Flour Sack,75.0,Blueprint,,,Sack_Flour,,
StaticMeshComponent,Loot_FlourSacks_03_C,UNP_PG_FlourSacks_09a34_UAID_0468748824944C9B02_e1ce29a85d20fd8c_2006377753,-13829.183,-37187.707,1280.0876,Flour Sack,75.0,Blueprint,,,Sack_Flour,,
StaticMeshComponent,Loot_FlourSacks_03_C,UNP_PG_FlourSacks_09a34_bda10b7c50163ff5_1,-16840.707,19227.834,59.34094,Flour Sack,75.0,Blueprint,,,Sack_Flour,,
StaticMeshComponent,Loot_FlourSacks_03_C,UNP_PG_FlourSacks_10a12_32787930e307ffa0_0,32214.027,-4808.45,563.85693,Flour Sack,75.0,Blueprint,,,Sack_Flour,,
StaticMeshComponent,Loot_FlourSacks_03_C,UNP_PG_FlourSacks_10a12_643191a2278730e7_0,25059.76,-5121.1714,966.29584,Flour Sack,75.0,Blueprint,,,Sack_Flour,,
StaticMeshComponent,Loot_FlourSacks_03_C,UNP_PG_FlourSacks_10a12_UAID_0468748824944D9B02_925fe67b578e1df0_1448027161,-2276.841,19074.23,-244.40906,Flour Sack,75.0,Blueprint,,,Sack_Flour,,
StaticMeshComponent,Loot_FlourSacks_03_C,UNP_PG_FlourSacks_10a12_UAID_0468748824944D9B02_984f965975ddf80a_1448027161,-57252.64,20382.375,-469.9053,Flour Sack,75.0,Blueprint,,,Sack_Flour,,
StaticMeshComponent,Loot_FlourSacks_03_C,UNP_PG_FlourSacks_10a12_UAID_0468748824944E8902_1c556f47455d4841_1239782014,-2942.696,3176.0647,-569.23944,Flour Sack,75.0,Blueprint,,,Sack_Flour,,
StaticMeshComponent,Loot_FlourSacks_03_C,UNP_PG_FlourSacks_10a12_UAID_0468748824944E8902_1c556f47455d4841_1240010027,-2335.3057,2156.056,-75.42329,Flour Sack,75.0,Blueprint,,,Sack_Flour,,
StaticMeshComponent,Loot_FlourSacks_03_C,UNP_PG_FlourSacks_10a12_UAID_046874882494859A02_367755be1ccb9d60_1585228425,-25844.6,-10748.733,1744.5253,Flour Sack,75.0,Blueprint,,,Sack_Flour,,
StaticMeshComponent,Loot_FlourSacks_03_C,UNP_PG_FlourSacks_10a12_UAID_046874882494859A02_367755be1ccb9d60_1585447559,-31563.117,-6246.916,1751.1147,Flour Sack,75.0,Blueprint,,,Sack_Flour,,
StaticMeshComponent,Loot_FlourSacks_03_C,UNP_PG_FlourSacks_10a12_UAID_046874882494859A02_367755be1ccb9d60_1585582645,-29833.38,-8887.757,1724.9331,Flour Sack,75.0,Blueprint,,,Sack_Flour,,
StaticMeshComponent,Loot_FlourSacks_03_C,UNP_PG_FlourSacks_10a12_UAID_0468748824949AD502_6bf7ed90f87edc78_2005420923,-7427.9375,-16016.372,3443.1257,Flour Sack,75.0,Blueprint,,,Sack_Flour,,
StaticMeshComponent,Loot_FlourSacks_03_C,UNP_PG_FlourSacks_10a12_UAID_046874882494F89A02_86279adec2ec3b27_1908676241,-14765.293,18039.88,182.84816,Flour Sack,75.0,Blueprint,,,Sack_Flour,,
StaticMeshComponent,Loot_FlourSacks_03_C,UNP_PG_FlourSacks_10a12_UAID_046874882494F89A02_86279adec2ec3b27_1909606301,-14229.001,19248.299,184.55968,Flour Sack,75.0,Blueprint,,,Sack_Flour,,
StaticMeshComponent,Loot_FlourSacks_03_C,UNP_PG_FlourSacks_10a12_UAID_046874882494FB9A02_71619fc7e70fc919_1234480982,-14282.518,21264.816,-294.02698,Flour Sack,75.0,Blueprint,,,Sack_Flour,,
StaticMeshComponent,Loot_FlourSacks_03_C,UNP_PG_FlourSacks_10a12_UAID_046874882494FB9A02_71619fc7e70fc919_1234583995,-13147.658,18909.432,-290.82626,Flour Sack,75.0,Blueprint,,,Sack_Flour,,
StaticMeshComponent,Loot_FlourSacks_03_C,UNP_PG_FlourSacks_10a12_UAID_581CF8B723150CBE02_c3245b26535725e1_1582856353,22018.648,-6177.4575,963.72284,Flour Sack,75.0,Blueprint,,,Sack_Flour,,
StaticMeshComponent,MapMarkerActor,MapMarkerActor_UAID_AC361BEF659429BC02_1904749747,-21996.346,1792.4115,15646.566,,,,,,,,
StaticMeshComponent,Node_Con_BarrelLathe_C,Node_Con_BarrelLathe_C_UAID_04D9F5F93AD58D9402_1c4cbb9ec8487c99_1445608601,32571.545,-14949.637,11.623358,,,,,,,,
StaticMeshComponent,Node_Con_BlackenedStriker_C,Node_Con_BlackenedStriker_C_UAID_D843AE1A93E560B902_0212bb412284ed44_1583786791,-27599.838,19598.232,-177.51349,,,,,,,,
StaticMeshComponent,Node_Con_BlackenedStriker_C,Node_Con_BlackenedStriker_C_UAID_D843AE1A93E560B902_07fa65772ee5927b_1583786791,-35065.777,-25191.434,8784.061,,,,,,,,
StaticMeshComponent,Node_Con_BlackenedStriker_C,Node_Con_BlackenedStriker_C_UAID_D843AE1A93E560B902_0eb8b422e1d8ef92_1583786791,-38689.836,-32190.295,6984.431,,,,,,,,
StaticMeshComponent,Node_Con_BlackenedStriker_C,Node_Con_BlackenedStriker_C_UAID_D843AE1A93E560B902_25a52b4de70ad022_1583786791,-15893.02,-18199.172,1798.581,,,,,,,,
StaticMeshComponent,Node_Con_BlackenedStriker_C,Node_Con_BlackenedStriker_C_UAID_D843AE1A93E560B902_3fd2200583e3474e_1583786791,-65565.09,-1421.1786,1792.5847,,,,,,,,
StaticMeshComponent,Node_Con_BlackenedStriker_C,Node_Con_BlackenedStriker_C_UAID_D843AE1A93E560B902_cf024f46e55603f8_1583786791,23544.865,-6841.0693,1052.8304,,,,,,,,
StaticMeshComponent,Node_Con_BlackenedStriker_C,Node_Con_BlackenedStriker_C_UAID_D843AE1A93E560B902_d9a9dab285956df9_1583786791,28338.049,-4664.008,852.83044,,,,,,,,
StaticMeshComponent,Node_Con_BrokenRifle_C,Node_Con_BrokenRifle_C_UAID_D843AE1A93E512AE02_1348365642,-35236.496,-26472.367,8941.856,,,,,,,,
StaticMeshComponent,Node_Con_BrokenRifle_C,Node_Con_BrokenRifle_C_UAID_D843AE1A93E5DEDC02_2142466898,34260.35,-13511.262,-99.078094,,,,,,,,
StaticMeshComponent,Node_Con_Chronometer_C,Node_Con_Chronometer_C_UAID_D843AE1A93E54C9F02_1948467098,-31715.727,20265.04,-311.83926,,,,,,,,
StaticMeshComponent,Node_Con_Chronometer_C,Node_Con_Chronometer_C_UAID_D843AE1A93E54C9F02_6bf7ed90f87edc78_1427595523,-7198.001,-16628.361,4069.197,,,,,,,,
StaticMeshComponent,Node_Con_Chronometer_C,Node_Con_Chronometer_C_UAID_D843AE1A93E54C9F02_fa61c736281e8a8a_1588431753,-38971.152,-24418.598,8229.844,,,,,,,,
StaticMeshComponent,Node_Con_Chronometer_C,Node_Con_Chronometer_C_UAID_D843AE1A93E5DFDC02_1102573567,25196.691,-9583.056,1016.5732,,,,,,,,
StaticMeshComponent,Node_Con_Chronometer_C,Node_Con_Chronometer_C_UAID_D843AE1A93E5DFDC02_1102575568,32578.639,-14439.029,-10.808583,,,,,,,,
StaticMeshComponent,Node_Con_ConvexGlass_C,Node_Con_ConvexGlass_C_UAID_04D9F5F93AD579A102_02f624c706f29222_2095142809,24413.668,-4534.5034,1083.68,,,,,,,,
StaticMeshComponent,Node_Con_ConvexGlass_C,Node_Con_ConvexGlass_C_UAID_04D9F5F93AD579A102_47eec5336baa6a54_2095142809,32622.623,-14439.962,0.9963605,,,,,,,,
StaticMeshComponent,Node_Con_ConvexGlass_C,Node_Con_ConvexGlass_C_UAID_D843AE1A93E527B702_30a6d723192009f1_1136638560,-36592.785,-27077.904,10295.644,,,,,,,,
StaticMeshComponent,Node_Con_ConvexGlass_C,Node_Con_ConvexGlass_C_UAID_D843AE1A93E527B702_9e5fd31aefb0aae2_1136638560,-7616.996,-15872.976,2907.6423,,,,,,,,
StaticMeshComponent,Node_Con_ConvexGlass_C,Node_Con_ConvexGlass_C_UAID_D843AE1A93E527B702_c16ebec1858af00e_1136638560,-33072.168,21854.818,355.10162,,,,,,,,
StaticMeshComponent,Node_Con_CopperTwine_C,Node_Con_CopperTwine_C_UAID_04D9F5F93AD5FB9102_41f19e29a3809ae3_1743312393,-775.1696,18725.256,-198.86623,,,,,,,,
StaticMeshComponent,Node_Con_CopperTwine_C,Node_Con_CopperTwine_C_UAID_04D9F5F93AD5FB9102_60018fc83a09a681_1743312393,-24096.074,36851.09,697.89905,,,,,,,,
StaticMeshComponent,Node_Con_CopperTwine_C,Node_Con_CopperTwine_C_UAID_04D9F5F93AD5FB9102_d07a814019402bfa_1743312393,-57225.367,21923.822,-424.3625,,,,,,,,
StaticMeshComponent,Node_Con_CopperTwine_C,Node_Con_CopperTwine_C_UAID_D843AE1A93E5B89C02_1598861217,14717.903,13792.197,2628.9495,,,,,,,,
StaticMeshComponent,Node_Con_CopperTwine_C,Node_Con_CopperTwine_C_UAID_D843AE1A93E5B89C02_651032435c25b62a_1840474260,3489.7202,-11769.887,1474.1738,,,,,,,,
StaticMeshComponent,Node_Con_CopperTwine_C,Node_Con_CopperTwine_C_UAID_D843AE1A93E5C29C02_d675ac69400b5c24_1617301417,-4273.5923,1766.6256,-42.5954,,,,,,,,
StaticMeshComponent,Node_Con_DamagedScrew_C,Node_Con_DamagedScrew_C_UAID_0468748824949AD502_6bf7ed90f87edc78_2027000227,-7596.55,-16064.9375,2542.7212,,,,,,,,
StaticMeshComponent,Node_Con_DamagedScrew_C,Node_Con_DamagedScrew_C_UAID_046874882494FB9802_8c02e6579b800a74_1080163659,-12140.263,29986.96,-633.5058,,,,,,,,
StaticMeshComponent,Node_Con_DamagedScrew_C,Node_Con_DamagedScrew_C_UAID_04D9F5F93AD5639202_10b8b2712608f9ef_1099971453,-39255.754,12577.439,-302.33847,,,,,,,,
StaticMeshComponent,Node_Con_DamagedScrew_C,Node_Con_DamagedScrew_C_UAID_04D9F5F93AD5639202_2428e8ddc9b859c3_1099971453,-9550.506,1641.801,-629.90594,,,,,,,,
StaticMeshComponent,Node_Con_DamagedScrew_C,Node_Con_DamagedScrew_C_UAID_04D9F5F93AD5639202_3a502c645dd934af_1099971453,-28941.416,19621.135,260.3394,,,,,,,,
StaticMeshComponent,Node_Con_DamagedScrew_C,Node_Con_DamagedScrew_C_UAID_04D9F5F93AD5639202_4767d6b37e76fd0f_1099971453,-21032.426,14892.472,-638.17883,,,,,,,,
StaticMeshComponent,Node_Con_DamagedScrew_C,Node_Con_DamagedScrew_C_UAID_04D9F5F93AD5639202_749933b65d7e122e_1099971453,-6844.0093,-12132.019,-650.25385,,,,,,,,
StaticMeshComponent,Node_Con_DamagedScrew_C,Node_Con_DamagedScrew_C_UAID_04D9F5F93AD5639202_d31a1c65952b27bb_1099971453,-56636.566,18570.135,-637.23303,,,,,,,,
StaticMeshComponent,Node_Con_DamagedScrew_C,Node_Con_DamagedScrew_C_UAID_08BFB82FEC6A1FE302_358ce63c24dd89f2_1900286194,-30413.855,-5189.529,2330.229,,,,,,,,
StaticMeshComponent,Node_Con_LeverArm_C,Node_Con_LeverArm_C_UAID_D843AE1A93E55CB902_2061084740,3292.4824,-12799.478,1032.5675,,,,,,,,
StaticMeshComponent,Node_Con_LeverArm_C,Node_Con_LeverArm_C_UAID_D843AE1A93E55CB902_2117547741,21834.918,6274.934,2466.0637,,,,,,,,
StaticMeshComponent,Node_Con_LeverArm_C,Node_Con_LeverArm_C_UAID_D843AE1A93E55DB902_1094350918,-2305.3071,847.3002,36.489883,,,,,,,,
StaticMeshComponent,Node_Con_LeverArm_C,Node_Con_LeverArm_C_UAID_D843AE1A93E55DB902_1131685919,-15474.078,20076.965,275.37396,,,,,,,,
StaticMeshComponent,Node_Con_LeverArm_C,Node_Con_LeverArm_C_UAID_D843AE1A93E55DB902_1245963926,-14647.156,-11614.6875,1197.3336,,,,,,,,
StaticMeshComponent,Node_Con_LeverArm_C,Node_Con_LeverArm_C_UAID_D843AE1A93E57ABC02_1094321180,-53762.48,37646.16,1815.9071,,,,,,,,
StaticMeshComponent,Node_Con_LodestoneSlag_C,Node_Con_LodestoneSlag_C_UAID_D843AE1A93E5B69C02_2eb32efd82568faf_2091542285,-49051.28,-9411.09,2951.3472,,,,,,,,
StaticMeshComponent,Node_Con_LodestoneSlag_C,Node_Con_LodestoneSlag_C_UAID_D843AE1A93E5B79C02_fa61c736281e8a8a_1782751706,-38579.684,-26124.7,6997.274,,,,,,,,
StaticMeshComponent,Node_Con_LodestoneSlag_C,Node_Con_LodestoneSlag_C_UAID_D843AE1A93E5BF9C02_1955f5d21cbe47a4_1937850884,23602.053,9493.089,2388.6494,,,,,,,,
StaticMeshComponent,Node_Con_LodestoneSlag_C,Node_Con_LodestoneSlag_C_UAID_D843AE1A93E5BF9C02_2eb32efd82568faf_2076375997,-49491.066,-8927.098,2951.76,,,,,,,,
StaticMeshComponent,Node_Con_LodestoneSlag_C,Node_Con_LodestoneSlag_C_UAID_D843AE1A93E5BF9C02_68df2555a9ebc86d_1644044504,-33287.44,21070.367,-310.83167,,,,,,,,
StaticMeshComponent,Node_Con_LodestoneSlag_C,Node_Con_LodestoneSlag_C_UAID_D843AE1A93E5BF9C02_9a171dde977e4581_1448534394,-66718.72,-2711.9026,1706.7701,,,,,,,,
StaticMeshComponent,Node_Con_OldGunpowder_C,Node_Con_OldGunpowder_C_UAID_D843AE1A93E515A302_2104813665,-38813.605,-25928.203,6997.274,,,,,,,,
StaticMeshComponent,Node_Con_OldGunpowder_C,Node_Con_OldGunpowder_C_UAID_D843AE1A93E516A302_1076455842,-37672.887,-30802.963,7004.316,,,,,,,,
StaticMeshComponent,Node_Con_OldGunpowder_C,Node_Con_OldGunpowder_C_UAID_D843AE1A93E516A302_1098552843,-39191.23,-30114.799,7045.9956,,,,,,,,
StaticMeshComponent,Node_Con_OldGunpowder_C,Node_Con_OldGunpowder_C_UAID_D843AE1A93E516A302_1142132844,-40882.26,-30078.064,7009.9995,,,,,,,,
StaticMeshComponent,Node_Con_OldGunpowder_C,Node_Con_OldGunpowder_C_UAID_D843AE1A93E516A302_1219448846,-16086.016,-19505.598,1729.2245,,,,,,,,
StaticMeshComponent,Node_Con_OldGunpowder_C,Node_Con_OldGunpowder_C_UAID_D843AE1A93E516A302_1276075847,-7125.512,-16684.604,4231.064,,,,,,,,
StaticMeshComponent,Node_Con_OldGunpowder_C,Node_Con_OldGunpowder_C_UAID_D843AE1A93E516A302_1311681848,-7910.55,-15889.432,3162.2617,,,,,,,,
StaticMeshComponent,Node_Con_OldGunpowder_C,Node_Con_OldGunpowder_C_UAID_D843AE1A93E516A302_1341227849,-7377.1787,-16483.86,2961.0771,,,,,,,,
StaticMeshComponent,Node_Con_OldGunpowder_C,Node_Con_OldGunpowder_C_UAID_D843AE1A93E516A302_1377678850,-7948.8438,-16739.045,2797.5515,,,,,,,,
StaticMeshComponent,Node_Con_OldGunpowder_C,Node_Con_OldGunpowder_C_UAID_D843AE1A93E516A302_1406100851,-31823.656,20354.459,-310.83167,,,,,,,,
StaticMeshComponent,Node_Con_OldGunpowder_C,Node_Con_OldGunpowder_C_UAID_D843AE1A93E516A302_1410399852,-31789.246,20317.861,-310.83167,,,,,,,,
StaticMeshComponent,Node_Con_OldGunpowder_C,Node_Con_OldGunpowder_C_UAID_D843AE1A93E516A302_1468087853,-32928.29,21861.63,-309.2475,,,,,,,,
StaticMeshComponent,Node_Con_OldGunpowder_C,Node_Con_OldGunpowder_C_UAID_D843AE1A93E516A302_1481961854,-33961.113,23041.79,-310.77695,,,,,,,,
StaticMeshComponent,Node_Con_OldGunpowder_C,Node_Con_OldGunpowder_C_UAID_D843AE1A93E516A302_1516088855,-32448.076,23234.264,-310.78598,,,,,,,,
StaticMeshComponent,Node_Con_OldGunpowder_C,Node_Con_OldGunpowder_C_UAID_D843AE1A93E516A302_1531518856,-32488.002,22881.357,-310.1868,,,,,,,,
StaticMeshComponent,Node_Con_OldGunpowder_C,Node_Con_OldGunpowder_C_UAID_D843AE1A93E5ABB402_6bf7ed90f87edc78_1690061935,-7337.3535,-16828.543,376.21826,,,,,,,,
StaticMeshComponent,Node_Con_OldGunpowder_C,Node_Con_OldGunpowder_C_UAID_D843AE1A93E5ABB402_6bf7ed90f87edc78_1715573936,-7296.591,-16818.135,376.21826,,,,,,,,
StaticMeshComponent,Node_Con_PowderCake_C,Node_Con_PowderCake_C_UAID_D843AE1A93E5ABB402_6bf7ed90f87edc78_1733870937,-7256.543,-16059.395,376.4887,,,,,,,,
StaticMeshComponent,Node_Con_PowderCake_C,Node_Con_PowderCake_C_UAID_D843AE1A93E5ABB402_6bf7ed90f87edc78_1770916938,-7282.646,-15986.332,376.31277,,,,,,,,
StaticMeshComponent,Node_Con_TarnishedQuicksilver_01a_C,Node_Con_TarnishedQuicksilver_01a_C_UAID_0468748824949AD502_6bf7ed90f87edc78_2026737225,-7465.388,-16362.218,2893.8674,,,,,,,,
StaticMeshComponent,Node_Con_TarnishedQuicksilver_01a_C,Node_Con_TarnishedQuicksilver_01a_C_UAID_D843AE1A93E50A9D02_04cea8cef2e8582c_1571956618,34871.26,-16569.518,-11.631062,,,,,,,,
StaticMeshComponent,Node_Con_TarnishedQuicksilver_01a_C,Node_Con_TarnishedQuicksilver_01a_C_UAID_D843AE1A93E50A9D02_4bd30f650c3776bc_1571956618,37339.004,-9070.256,-11.631066,,,,,,,,
StaticMeshComponent,Node_Con_WhaleOil_C,Node_Con_WhaleOil_C_UAID_D843AE1A93E5C09C02_367755be1ccb9d60_1393554751,-29127.664,-5430.4365,1902.3466,,,,,,,,
StaticMeshComponent,Node_Con_WhaleOil_C,Node_Con_WhaleOil_C_UAID_D843AE1A93E5C09C02_9e2eef7bf01ddff4_1111209319,-54787.88,34379.848,1849.3971,,,,,,,,
StaticMeshComponent,Node_Con_WhaleOil_C,Node_Con_WhaleOil_C_UAID_D843AE1A93E5C09C02_d675ac69400b5c24_1641296181,-2635.2725,3629.0298,511.82574,,,,,,,,
StaticMeshComponent,Node_Con_WhaleOil_C,Node_Con_WhaleOil_C_UAID_D843AE1A93E5C69C02_86279adec2ec3b27_1757805855,-15544.993,19222.86,275.86746,,,,,,,,
StaticMeshComponent,Node_Con_WhaleOil_C,Node_Con_WhaleOil_C_UAID_D843AE1A93E5DFDC02_1102572565,21140.408,-6924.086,1280.132,,,,,,,,
StaticMeshComponent,Node_Con_WhaleOil_C,Node_Con_WhaleOil_C_UAID_D843AE1A93E5DFDC02_1102573566,26337.814,-7900.455,1028.2981,,,,,,,,
StaticMeshComponent,Node_Nat_CinnamonBark_C,Node_Nat_CinnamonBark_C_UAID_D843AE1A93E5DFDC02_1564481051,32446.03,-15182.779,63.57411,,,,,,,,
StaticMeshComponent,Node_Nat_CinnamonBark_C,Node_Nat_CinnamonBark_C_UAID_D843AE1A93E5DFDC02_1564499052,32549.83,-15193.498,-99.71494,,,,,,,,
StaticMeshComponent,Node_Nat_CinnamonBark_C,Node_Nat_CinnamonBark_C_UAID_D843AE1A93E5DFDC02_1564501053,30154.844,-13569.686,63.709366,,,,,,,,
StaticMeshComponent,Node_Nat_CinnamonBark_C,Node_Nat_CinnamonBark_C_UAID_D843AE1A93E5DFDC02_1564502054,30227.729,-13605.683,-99.12748,,,,,,,,
StaticMeshComponent,Node_Nat_CinnamonBark_C,Node_Nat_CinnamonBark_C_UAID_D843AE1A93E5DFDC02_1564502055,30091.656,-13663.896,-70.18458,,,,,,,,
StaticMeshComponent,Node_Nat_CinnamonBark_C,Node_Nat_CinnamonBark_C_UAID_D843AE1A93E5DFDC02_1564503056,31423.184,-14286.489,-100.24776,,,,,,,,
StaticMeshComponent,Node_Nat_CinnamonBark_C,Node_Nat_CinnamonBark_C_UAID_D843AE1A93E5DFDC02_1564503057,32268.055,-15533.919,-100.72936,,,,,,,,
StaticMeshComponent,Node_Nat_Cinnamon_C,Node_Nat_Cinnamon_C_UAID_D843AE1A93E5AA9E02_1499825428,-42259.355,11820.8125,-273.8399,,,,,,,,
StaticMeshComponent,Node_Nat_Cinnamon_C,Node_Nat_Cinnamon_C_UAID_D843AE1A93E5AA9E02_1525476429,-42130.74,15673.636,-533.61847,,,,,,,,
StaticMeshComponent,Node_Nat_Cinnamon_C,Node_Nat_Cinnamon_C_UAID_D843AE1A93E5AA9E02_1555791430,-38713.92,19505.018,-389.09778,,,,,,,,
StaticMeshComponent,Node_Nat_Cinnamon_C,Node_Nat_Cinnamon_C_UAID_D843AE1A93E5AA9E02_1622806431,-33503.492,17228.496,-392.25232,,,,,,,,
StaticMeshComponent,Node_Nat_Cinnamon_C,Node_Nat_Cinnamon_C_UAID_D843AE1A93E5AA9E02_2048742438,-45157.824,16441.504,-369.97168,,,,,,,,
StaticMeshComponent,Node_Nat_Cinnamon_C,Node_Nat_Cinnamon_C_UAID_D843AE1A93E5AA9E02_2091834439,-42505.22,19954.553,-166.48444,,,,,,,,
StaticMeshComponent,Node_Nat_Cinnamon_C,Node_Nat_Cinnamon_C_UAID_D843AE1A93E5E29E02_1884071047,-7351.223,-7520.1855,-170.1936,,,,,,,,
StaticMeshComponent,Node_Nat_Cinnamon_C,Node_Nat_Cinnamon_C_UAID_D843AE1A93E5E29E02_1931211048,-10384.981,-12377.955,1050.3185,,,,,,,,
StaticMeshComponent,Node_Nat_Cinnamon_C,Node_Nat_Cinnamon_C_UAID_D843AE1A93E5E29E02_2002064049,-10816.281,-9500.617,1073.1699,,,,,,,,
StaticMeshComponent,Node_Nat_Cinnamon_C,Node_Nat_Cinnamon_C_UAID_D843AE1A93E5E29E02_2052842050,-13036.732,-9598.595,1191.8053,,,,,,,,
StaticMeshComponent,Node_Nat_Cinnamon_C,Node_Nat_Cinnamon_C_UAID_D843AE1A93E5E39E02_1120463227,-20838.9,-28397.527,2551.5288,,,,,,,,
StaticMeshComponent,Node_Nat_Cinnamon_C,Node_Nat_Cinnamon_C_UAID_D843AE1A93E5E39E02_1136848228,-22192.309,-29035.621,2584.0903,,,,,,,,
StaticMeshComponent,Node_Nat_Cinnamon_C,Node_Nat_Cinnamon_C_UAID_D843AE1A93E5E39E02_1159071229,-22340.096,-25948.354,3004.9004,,,,,,,,
StaticMeshComponent,Node_Nat_Cinnamon_C,Node_Nat_Cinnamon_C_UAID_D843AE1A93E5E39E02_1225919230,-27959.314,-21711.7,3419.6162,,,,,,,,
StaticMeshComponent,Node_Nat_Cinnamon_C,Node_Nat_Cinnamon_C_UAID_D843AE1A93E5E39E02_1236358231,-26596.184,-20944.676,3242.6797,,,,,,,,
StaticMeshComponent,Node_Nat_Cinnamon_C,Node_Nat_Cinnamon_C_UAID_D843AE1A93E5E39E02_1246366232,-26581.71,-22680.072,3603.8752,,,,,,,,
StaticMeshComponent,Node_Nat_Cinnamon_C,Node_Nat_Cinnamon_C_UAID_D843AE1A93E5E39E02_1266867233,-28066.916,-22774.293,3876.511,,,,,,,,
StaticMeshComponent,Node_Nat_Cinnamon_C,Node_Nat_Cinnamon_C_UAID_D843AE1A93E5E39E02_1288981234,-27698.666,-18574.514,3170.6929,,,,,,,,
StaticMeshComponent,Node_Nat_Clove_C,Node_Nat_Clove_C_UAID_D843AE1A93E5AD9D02_1336488445,2589.9207,2694.2734,236.81233,,,,,,,,
StaticMeshComponent,Node_Nat_Clove_C,Node_Nat_Clove_C_UAID_D843AE1A93E5AD9D02_1339943446,2621.3179,3507.5376,251.70036,,,,,,,,
StaticMeshComponent,Node_Nat_Clove_C,Node_Nat_Clove_C_UAID_D843AE1A93E5AD9D02_1377905447,3112.7642,4504.266,325.51678,,,,,,,,
StaticMeshComponent,Node_Nat_Clove_C,Node_Nat_Clove_C_UAID_D843AE1A93E5AD9D02_1385729448,3352.795,5183.948,334.48553,,,,,,,,
StaticMeshComponent,Node_Nat_Clove_C,Node_Nat_Clove_C_UAID_D843AE1A93E5AD9D02_1405903449,2921.1755,6904.905,330.27185,,,,,,,,
StaticMeshComponent,Node_Nat_Clove_C,Node_Nat_Clove_C_UAID_D843AE1A93E5AD9D02_1407502450,4013.8232,6948.5195,336.78482,,,,,,,,
StaticMeshComponent,Node_Nat_Clove_C,Node_Nat_Clove_C_UAID_D843AE1A93E5AD9D02_1409485451,3807.5974,7763.1987,348.81476,,,,,,,,
StaticMeshComponent,Node_Nat_Clove_C,Node_Nat_Clove_C_UAID_D843AE1A93E5AD9D02_1564156452,3438.6816,3800.0522,314.62375,,,,,,,,
StaticMeshComponent,Node_Nat_Clove_C,Node_Nat_Clove_C_UAID_D843AE1A93E5AD9D02_1565626453,1384.3815,6660.5063,359.9684,,,,,,,,
StaticMeshComponent,Node_Nat_Clove_C,Node_Nat_Clove_C_UAID_D843AE1A93E5AD9D02_1632904454,706.76154,9248.678,341.62686,,,,,,,,
StaticMeshComponent,Node_Nat_Clove_C,Node_Nat_Clove_C_UAID_D843AE1A93E5AD9D02_1639967455,1122.1276,9894.386,327.09094,,,,,,,,
StaticMeshComponent,Node_Nat_Clove_C,Node_Nat_Clove_C_UAID_D843AE1A93E5AD9D02_1649794456,1667.4299,9363.858,341.98486,,,,,,,,
StaticMeshComponent,Node_Nat_Clove_C,Node_Nat_Clove_C_UAID_D843AE1A93E5B09D02_1889495985,-21608.402,19677.332,-257.1522,,,,,,,,
StaticMeshComponent,Node_Nat_Clove_C,Node_Nat_Clove_C_UAID_D843AE1A93E5B09D02_1900067986,-21198.479,19745.43,-266.69443,,,,,,,,
StaticMeshComponent,Node_Nat_Clove_C,Node_Nat_Clove_C_UAID_D843AE1A93E5B09D02_1905217987,-21677.955,19379.45,-286.52762,,,,,,,,
StaticMeshComponent,Node_Nat_Clove_C,Node_Nat_Clove_C_UAID_D843AE1A93E5B09D02_1912491988,-21498.066,19502.63,-258.964,,,,,,,,
StaticMeshComponent,Node_Nat_Clove_C,Node_Nat_Clove_C_UAID_D843AE1A93E5B09D02_1933620989,-20978.826,19299.986,-282.28247,,,,,,,,
StaticMeshComponent,Node_Nat_Clove_C,Node_Nat_Clove_C_UAID_D843AE1A93E5B29D02_1884245342,-22581.459,23777.977,-217.3568,,,,,,,,
StaticMeshComponent,Node_Nat_Clove_C,Node_Nat_Clove_C_UAID_D843AE1A93E5B29D02_1900174343,-22152.953,24215.14,-217.34595,,,,,,,,
StaticMeshComponent,Node_Nat_Clove_C,Node_Nat_Clove_C_UAID_D843AE1A93E5B29D02_1918424344,-22735.203,23812.916,-212.9567,,,,,,,,
StaticMeshComponent,Node_Nat_Clove_C,Node_Nat_Clove_C_UAID_D843AE1A93E5B29D02_1927401345,-21762.469,23780.223,-206.59898,,,,,,,,
StaticMeshComponent,Node_Nat_Clove_C,Node_Nat_Clove_C_UAID_D843AE1A93E5B59D02_1558728874,-32907.023,-13807.22,2268.97,,,,,,,,
StaticMeshComponent,Node_Nat_Clove_C,Node_Nat_Clove_C_UAID_D843AE1A93E5B59D02_1560859875,-31554.992,-15591.059,2309.3257,,,,,,,,
StaticMeshComponent,Node_Nat_Clove_C,Node_Nat_Clove_C_UAID_D843AE1A93E5B59D02_1563015876,-32539.135,-14616.289,2264.3171,,,,,,,,
StaticMeshComponent,Node_Nat_Clove_C,Node_Nat_Clove_C_UAID_D843AE1A93E5B59D02_1672979877,-32784.383,-14339.387,2258.8914,,,,,,,,
StaticMeshComponent,Node_Nat_Clove_C,Node_Nat_Clove_C_UAID_D843AE1A93E5B59D02_1767394878,-33386.273,-14048.858,2314.29,,,,,,,,
StaticMeshComponent,Node_Nat_Clove_C,Node_Nat_Clove_C_UAID_D843AE1A93E5B59D02_1779769879,-33979.156,-14011.629,2366.2449,,,,,,,,
StaticMeshComponent,Node_Nat_Clove_C,Node_Nat_Clove_C_UAID_D843AE1A93E5B89D02_1978362408,-34488.605,-9624.388,2229.952,,,,,,,,
StaticMeshComponent,Node_Nat_Clove_C,Node_Nat_Clove_C_UAID_D843AE1A93E5B89D02_1988570409,-34340.85,-10074.029,2272.174,,,,,,,,
StaticMeshComponent,Node_Nat_Fungi_C,Node_Nat_Fungi_C_UAID_D843AE1A93E5DD9F02_1839809615,-26205.236,-10635.004,1432.1223,,,,,,,,
StaticMeshComponent,Node_Nat_Fungi_C,Node_Nat_Fungi_C_UAID_D843AE1A93E5DE9F02_2000306021,-2690.7952,-14239.2705,203.3013,,,,,,,,
StaticMeshComponent,Node_Nat_Fungi_C,Node_Nat_Fungi_C_UAID_D843AE1A93E5DE9F02_2121639022,-2746.7302,-14367.27,189.25674,,,,,,,,
StaticMeshComponent,Node_Nat_Fungi_C,Node_Nat_Fungi_C_UAID_D843AE1A93E5DF9F02_1352532634,-37616.703,-26609.438,6339.022,,,,,,,,
StaticMeshComponent,Node_Nat_Fungi_C,Node_Nat_Fungi_C_UAID_D843AE1A93E5DF9F02_1360143635,-37551.156,-25711.457,6343.889,,,,,,,,
StaticMeshComponent,Node_Nat_Fungi_C,Node_Nat_Fungi_C_UAID_D843AE1A93E5DF9F02_1491309636,21339.451,-2569.7966,575.63275,,,,,,,,
StaticMeshComponent,Node_Nat_Fungi_C,Node_Nat_Fungi_C_UAID_D843AE1A93E5DF9F02_1585075637,21756.604,-2284.55,600.59064,,,,,,,,
StaticMeshComponent,Node_Nat_Fungi_C,Node_Nat_Fungi_C_UAID_D843AE1A93E5DFDC02_1564504058,24557.639,-3177.5374,820.8062,,,,,,,,
StaticMeshComponent,Node_Nat_Fungi_C,Node_Nat_Fungi_C_UAID_D843AE1A93E5DFDC02_1564505059,25574.402,-12681.975,623.6685,,,,,,,,
StaticMeshComponent,Node_Nat_Fungi_C,Node_Nat_Fungi_C_UAID_D843AE1A93E5DFDC02_1564506060,32120.701,-8199.175,588.895,,,,,,,,
StaticMeshComponent,Node_Nat_Fungi_C,Node_Nat_Fungi_C_UAID_D843AE1A93E5DFDC02_1564507061,35653.84,-11473.618,-52.0532,,,,,,,,
StaticMeshComponent,Node_Nat_Fungi_C,Node_Nat_Fungi_C_UAID_D843AE1A93E5DFDC02_1564507063,31623.979,-14421.234,-101.6902,,,,,,,,
StaticMeshComponent,Node_Nat_Fungi_C,Node_Nat_Fungi_C_UAID_D843AE1A93E5DFDC02_1564508062,35758.52,-11786.085,-56.279423,,,,,,,,
StaticMeshComponent,Node_Nat_Fungi_C,Node_Nat_Fungi_C_UAID_D843AE1A93E5E09F02_1103810451,23492.855,-11020.66,767.1819,,,,,,,,
StaticMeshComponent,Node_Nat_Garlic_C,Node_Nat_Garlic_C_UAID_D843AE1A93E530DC02_3e25a7ff13785857_1290175800,9813.811,20883.16,962.9974,,,,,,,,
StaticMeshComponent,Node_Nat_Garlic_C,Node_Nat_Garlic_C_UAID_D843AE1A93E530DC02_3e25a7ff13785857_1290177801,9806.419,20922.371,966.9456,,,,,,,,
StaticMeshComponent,Node_Nat_Garlic_C,Node_Nat_Garlic_C_UAID_D843AE1A93E530DC02_3e25a7ff13785857_1290179802,9798.606,20972.666,970.19836,,,,,,,,
StaticMeshComponent,Node_Nat_Garlic_C,Node_Nat_Garlic_C_UAID_D843AE1A93E530DC02_3e25a7ff13785857_1290180803,9744.433,20968.107,969.3443,,,,,,,,
StaticMeshComponent,Node_Nat_Garlic_C,Node_Nat_Garlic_C_UAID_D843AE1A93E530DC02_3e25a7ff13785857_1290181804,9750.272,20915.652,965.07806,,,,,,,,
StaticMeshComponent,Node_Nat_Garlic_C,Node_Nat_Garlic_C_UAID_D843AE1A93E530DC02_3e25a7ff13785857_1290182805,9763.672,20867.186,963.1382,,,,,,,,
StaticMeshComponent,Node_Nat_Garlic_C,Node_Nat_Garlic_C_UAID_D843AE1A93E530DC02_555d4b465aaab14f_1290175800,-26900.78,-2926.2268,1771.0979,,,,,,,,
StaticMeshComponent,Node_Nat_Garlic_C,Node_Nat_Garlic_C_UAID_D843AE1A93E530DC02_555d4b465aaab14f_1290177801,-26876.521,-2958.1284,1772.3524,,,,,,,,
StaticMeshComponent,Node_Nat_Garlic_C,Node_Nat_Garlic_C_UAID_D843AE1A93E530DC02_555d4b465aaab14f_1290179802,-26846.941,-2999.675,1772.1407,,,,,,,,
StaticMeshComponent,Node_Nat_Garlic_C,Node_Nat_Garlic_C_UAID_D843AE1A93E530DC02_555d4b465aaab14f_1290180803,-26800.58,-2971.2688,1772.0552,,,,,,,,
StaticMeshComponent,Node_Nat_Garlic_C,Node_Nat_Garlic_C_UAID_D843AE1A93E530DC02_555d4b465aaab14f_1290181804,-26829.389,-2926.8457,1771.4233,,,,,,,,
StaticMeshComponent,Node_Nat_Garlic_C,Node_Nat_Garlic_C_UAID_D843AE1A93E530DC02_555d4b465aaab14f_1290182805,-26863.113,-2889.5183,1772.7706,,,,,,,,
StaticMeshComponent,Node_Nat_Garlic_C,Node_Nat_Garlic_C_UAID_D843AE1A93E530DC02_5a65b2c61a7f74fc_1290175800,-27046.33,-3034.9592,1770.4292,,,,,,,,
StaticMeshComponent,Node_Nat_Garlic_C,Node_Nat_Garlic_C_UAID_D843AE1A93E530DC02_5a65b2c61a7f74fc_1290177801,-27022.072,-3066.8538,1771.8462,,,,,,,,
StaticMeshComponent,Node_Nat_Garlic_C,Node_Nat_Garlic_C_UAID_D843AE1A93E530DC02_5a65b2c61a7f74fc_1290179802,-26992.492,-3108.4011,1771.8462,,,,,,,,
StaticMeshComponent,Node_Nat_Garlic_C,Node_Nat_Garlic_C_UAID_D843AE1A93E530DC02_5a65b2c61a7f74fc_1290180803,-26946.13,-3079.9956,1771.616,,,,,,,,
StaticMeshComponent,Node_Nat_Garlic_C,Node_Nat_Garlic_C_UAID_D843AE1A93E530DC02_5a65b2c61a7f74fc_1290181804,-26974.94,-3035.5764,1770.7578,,,,,,,,
StaticMeshComponent,Node_Nat_Garlic_C,Node_Nat_Garlic_C_UAID_D843AE1A93E530DC02_5a65b2c61a7f74fc_1290182805,-27008.664,-2998.2427,1771.9149,,,,,,,,
StaticMeshComponent,Node_Nat_Garlic_C,Node_Nat_Garlic_C_UAID_D843AE1A93E530DC02_9f374dfb4d853211_1290175800,-13883.399,-37792.67,953.5219,,,,,,,,
StaticMeshComponent,Node_Nat_Garlic_C,Node_Nat_Garlic_C_UAID_D843AE1A93E530DC02_9f374dfb4d853211_1290177801,-13916.374,-37815.44,954.93896,,,,,,,,
StaticMeshComponent,Node_Nat_Garlic_C,Node_Nat_Garlic_C_UAID_D843AE1A93E530DC02_9f374dfb4d853211_1290179802,-13959.235,-37843.082,954.93896,,,,,,,,
StaticMeshComponent,Node_Nat_Garlic_C,Node_Nat_Garlic_C_UAID_D843AE1A93E530DC02_9f374dfb4d853211_1290180803,-13932.989,-37890.7,954.70874,,,,,,,,
StaticMeshComponent,Node_Nat_Garlic_C,Node_Nat_Garlic_C_UAID_D843AE1A93E530DC02_9f374dfb4d853211_1290181804,-13887.294,-37863.96,953.8506,,,,,,,,
StaticMeshComponent,Node_Nat_Garlic_C,Node_Nat_Garlic_C_UAID_D843AE1A93E530DC02_9f374dfb4d853211_1290182805,-13848.451,-37831.984,955.00775,,,,,,,,
StaticMeshComponent,Node_Nat_Garlic_C,Node_Nat_Garlic_C_UAID_D843AE1A93E530DC02_a5617c42fce4bd86_1290175800,9844.252,20718.385,964.2483,,,,,,,,
StaticMeshComponent,Node_Nat_Garlic_C,Node_Nat_Garlic_C_UAID_D843AE1A93E530DC02_a5617c42fce4bd86_1290177801,9836.878,20757.793,964.8461,,,,,,,,
StaticMeshComponent,Node_Nat_Garlic_C,Node_Nat_Garlic_C_UAID_D843AE1A93E530DC02_a5617c42fce4bd86_1290179802,9829.073,20808.182,963.7951,,,,,,,,
StaticMeshComponent,Node_Nat_Garlic_C,Node_Nat_Garlic_C_UAID_D843AE1A93E530DC02_a5617c42fce4bd86_1290180803,9774.896,20803.586,963.76666,,,,,,,,
StaticMeshComponent,Node_Nat_Garlic_C,Node_Nat_Garlic_C_UAID_D843AE1A93E530DC02_a5617c42fce4bd86_1290181804,9780.721,20750.957,964.01056,,,,,,,,
StaticMeshComponent,Node_Nat_Garlic_C,Node_Nat_Garlic_C_UAID_D843AE1A93E530DC02_a5617c42fce4bd86_1290182805,9794.121,20702.498,966.1673,,,,,,,,
StaticMeshComponent,Node_Nat_Garlic_C,Node_Nat_Garlic_C_UAID_D843AE1A93E530DC02_c1a7300a8625839d_1290175800,-17184.244,22937.268,-288.25635,,,,,,,,
StaticMeshComponent,Node_Nat_Garlic_C,Node_Nat_Garlic_C_UAID_D843AE1A93E530DC02_c1a7300a8625839d_1290177801,-17189.486,22897.559,-286.4197,,,,,,,,
StaticMeshComponent,Node_Nat_Garlic_C,Node_Nat_Garlic_C_UAID_D843AE1A93E530DC02_c1a7300a8625839d_1290179802,-17197.887,22847.258,-285.75458,,,,,,,,
StaticMeshComponent,Node_Nat_Garlic_C,Node_Nat_Garlic_C_UAID_D843AE1A93E530DC02_c1a7300a8625839d_1290180803,-17145.191,22834.6,-290.15845,,,,,,,,
StaticMeshComponent,Node_Nat_Garlic_C,Node_Nat_Garlic_C_UAID_D843AE1A93E530DC02_c1a7300a8625839d_1290181804,-17134.293,22886.387,-291.8824,,,,,,,,
StaticMeshComponent,Node_Nat_Garlic_C,Node_Nat_Garlic_C_UAID_D843AE1A93E530DC02_c1a7300a8625839d_1290182805,-17131.693,22936.635,-290.92746,,,,,,,,
StaticMeshComponent,Node_Nat_Lavender_C,Node_Nat_Lavender_C_UAID_00FF8EFC2BEF41C002_2144926825,18948.883,22143.418,1345.569,,,,,,,,
StaticMeshComponent,Node_Nat_Lavender_C,Node_Nat_Lavender_C_UAID_00FF8EFC2BEF42C002_1104017002,22477.41,18914.744,1934.3182,,,,,,,,
StaticMeshComponent,Node_Nat_Lavender_C,Node_Nat_Lavender_C_UAID_00FF8EFC2BEF42C002_1108728003,22187.992,18910.822,1880.9784,,,,,,,,
StaticMeshComponent,Node_Nat_Lavender_C,Node_Nat_Lavender_C_UAID_00FF8EFC2BEF42C002_1115252004,22954.38,18539.451,2050.9292,,,,,,,,
StaticMeshComponent,Node_Nat_Lavender_C,Node_Nat_Lavender_C_UAID_00FF8EFC2BEF44C002_1875010417,19779.844,16459.3,1795.9495,,,,,,,,
StaticMeshComponent,Node_Nat_Lavender_C,Node_Nat_Lavender_C_UAID_00FF8EFC2BEF8FC002_2143285637,17828.955,23350.488,1224.2507,,,,,,,,
StaticMeshComponent,Node_Nat_Lavender_C,Node_Nat_Lavender_C_UAID_D843AE1A93E5A59E02_1730420488,18237.145,16453.383,1688.5651,,,,,,,,
StaticMeshComponent,Node_Nat_Lavender_C,Node_Nat_Lavender_C_UAID_D843AE1A93E5A69E02_1221429665,18703.232,16604.617,1681.5337,,,,,,,,
StaticMeshComponent,Node_Nat_Lavender_C,Node_Nat_Lavender_C_UAID_D843AE1A93E5A69E02_1229017666,17391.621,17296.992,1513.7059,,,,,,,,
StaticMeshComponent,Node_Nat_Lavender_C,Node_Nat_Lavender_C_UAID_D843AE1A93E5A79E02_1101291843,18484.12,17184.535,1647.6426,,,,,,,,
StaticMeshComponent,Node_Nat_Lavender_C,Node_Nat_Lavender_C_UAID_D843AE1A93E5A79E02_1101304844,18020.047,17073.17,1615.9851,,,,,,,,
StaticMeshComponent,Node_Nat_Lavender_C,Node_Nat_Lavender_C_UAID_D843AE1A93E5A79E02_1101307845,17842.312,16418.74,1597.421,,,,,,,,
StaticMeshComponent,Node_Nat_Lavender_C,Node_Nat_Lavender_C_UAID_D843AE1A93E5A79E02_1157366846,18906.014,22054.068,1347.3922,,,,,,,,
StaticMeshComponent,Node_Nat_Lavender_C,Node_Nat_Lavender_C_UAID_D843AE1A93E5A79E02_1225799847,18239.912,21516.344,1314.1643,,,,,,,,
StaticMeshComponent,Node_Nat_Lavender_C,Node_Nat_Lavender_C_UAID_D843AE1A93E5A79E02_1257454848,18040.115,22854.654,1239.7131,,,,,,,,
StaticMeshComponent,Node_Nat_Lavender_C,Node_Nat_Lavender_C_UAID_D843AE1A93E5A79E02_1362700849,-3872.9675,35131.14,398.9827,,,,,,,,
StaticMeshComponent,Node_Nat_Lavender_C,Node_Nat_Lavender_C_UAID_D843AE1A93E5A79E02_1390028850,-3918.1604,34571.145,384.4479,,,,,,,,
StaticMeshComponent,Node_Nat_Lavender_C,Node_Nat_Lavender_C_UAID_D843AE1A93E5A79E02_1398687851,-2679.0586,32726.336,398.33426,,,,,,,,
StaticMeshComponent,Node_Nat_Lavender_C,Node_Nat_Lavender_C_UAID_D843AE1A93E5A79E02_1413740852,-2825.7957,32501.262,368.00296,,,,,,,,
StaticMeshComponent,Node_Nat_Lavender_C,Node_Nat_Lavender_C_UAID_D843AE1A93E5A79E02_1426690853,-2434.721,32729.107,464.12708,,,,,,,,
StaticMeshComponent,Node_Nat_Lavender_C,Node_Nat_Lavender_C_UAID_D843AE1A93E5A79E02_1440672854,-3390.6072,34140.3,413.92236,,,,,,,,
StaticMeshComponent,Node_Nat_Lavender_C,Node_Nat_Lavender_C_UAID_D843AE1A93E5A79E02_1452361855,-5728.091,35058.047,86.499725,,,,,,,,
StaticMeshComponent,Node_Nat_Lavender_C,Node_Nat_Lavender_C_UAID_D843AE1A93E5A79E02_1471719856,-3103.916,33133.523,397.88373,,,,,,,,
StaticMeshComponent,Node_Nat_Lavender_C,Node_Nat_Lavender_C_UAID_D843AE1A93E5A79E02_1631821857,-50812.9,30112.516,1358.9113,,,,,,,,
StaticMeshComponent,Node_Nat_Lavender_C,Node_Nat_Lavender_C_UAID_D843AE1A93E5A79E02_1642768858,-50955.875,30748.055,1494.0962,,,,,,,,
StaticMeshComponent,Node_Nat_Lavender_C,Node_Nat_Lavender_C_UAID_D843AE1A93E5A79E02_1659044859,-50456.574,31120.133,1563.0432,,,,,,,,
StaticMeshComponent,Node_Nat_Lavender_C,Node_Nat_Lavender_C_UAID_D843AE1A93E5A79E02_1672630860,-47826.688,30207.236,1214.0654,,,,,,,,
StaticMeshComponent,Node_Nat_Lavender_C,Node_Nat_Lavender_C_UAID_D843AE1A93E5A79E02_1695057861,-51778.28,31188.678,1628.8335,,,,,,,,
StaticMeshComponent,Node_Nat_Lavender_C,Node_Nat_Lavender_C_UAID_D843AE1A93E5A79E02_1749059862,-50311.35,31853.365,1656.7834,,,,,,,,
StaticMeshComponent,Node_Nat_Lavender_C,Node_Nat_Lavender_C_UAID_D843AE1A93E5A79E02_1786328863,-48694.668,30179.14,1275.2611,,,,,,,,
StaticMeshComponent,Node_Nat_PepperPlate_C,Node_Nat_PepperPlate_C_UAID_D843AE1A93E55AB902_03296f022d68a132_1669144536,23442.262,-11483.95,857.2361,,,,,,,,
StaticMeshComponent,Node_Nat_PepperPlate_C,Node_Nat_PepperPlate_C_UAID_D843AE1A93E55AB902_0ecc4e6ef9725651_1669144536,39994.75,-10095.968,-4.154433,,,,,,,,
StaticMeshComponent,Node_Nat_PepperPlate_C,Node_Nat_PepperPlate_C_UAID_D843AE1A93E55AB902_75e3c329743431c3_1669144536,40015.086,-10078.497,-4.154433,,,,,,,,
StaticMeshComponent,Node_Nat_PepperPlate_C,Node_Nat_PepperPlate_C_UAID_D843AE1A93E55AB902_8ed4d99c28455e73_1669144536,25024.242,-4780.855,1070.3544,,,,,,,,
StaticMeshComponent,Node_Nat_PepperPlate_C,Node_Nat_PepperPlate_C_UAID_D843AE1A93E55AB902_a33a36cce49f5912_1669144536,25039.951,-4767.6084,1070.3544,,,,,,,,
StaticMeshComponent,Node_Nat_PepperPlate_C,Node_Nat_PepperPlate_C_UAID_D843AE1A93E55AB902_ae25d48d09f27e96_1669144536,40017.137,-10104.285,-4.154433,,,,,,,,
StaticMeshComponent,Node_Nat_PepperPlate_C,Node_Nat_PepperPlate_C_UAID_D843AE1A93E55AB902_b6bf8969e28e6913_1669144536,26633.941,-6491.58,1036.7158,,,,,,,,
StaticMeshComponent,Node_Nat_PepperPlate_C,Node_Nat_PepperPlate_C_UAID_D843AE1A93E55AB902_b6e0d7090fee6fdc_1669144536,24917.479,-7887.0063,1020.02216,,,,,,,,
StaticMeshComponent,Node_Nat_PepperPlate_C,Node_Nat_PepperPlate_C_UAID_D843AE1A93E55AB902_c9009b3d29e24187_1669144536,25021.822,-4761.9546,1070.3544,,,,,,,,
StaticMeshComponent,Node_Nat_PepperPlate_C,Node_Nat_PepperPlate_C_UAID_D843AE1A93E55AB902_cd547677f6e86a9a_1669144536,39993.92,-10121.567,-4.154433,,,,,,,,
StaticMeshComponent,Node_Nat_PepperPlate_C,Node_Nat_PepperPlate_C_UAID_D843AE1A93E55AB902_efc8b37a0e8b72b8_1669144536,23540.6,-9539.23,1059.7848,,,,,,,,
StaticMeshComponent,Node_Nat_PepperPlate_C,Node_Nat_PepperPlate_C_UAID_D843AE1A93E55AB902_fb0b660bb1ab4983_1669144536,21364.78,-7151.698,1286.6796,,,,,,,,
StaticMeshComponent,Node_Nat_PepperPlate_C,Node_Nat_PepperPlate_C_UAID_D843AE1A93E5DEDC02_2142405896,34182.02,-13493.245,-9.424021,,,,,,,,
StaticMeshComponent,Node_Nat_PepperPlate_C,Node_Nat_PepperPlate_C_UAID_D843AE1A93E5DEDC02_2142465897,34199.227,-13481.932,-9.424021,,,,,,,,
StaticMeshComponent,Node_Nat_Pepper_C,Node_Nat_Pepper_C_UAID_D843AE1A93E5E59E02_1273447610,22376.264,-8961.583,2414.424,,,,,,,,
StaticMeshComponent,Node_Nat_Pepper_C,Node_Nat_Pepper_C_UAID_D843AE1A93E5E69E02_1377082787,22405.008,-5468.4053,2339.699,,,,,,,,
StaticMeshComponent,Node_Nat_Pepper_C,Node_Nat_Pepper_C_UAID_D843AE1A93E5E99E02_1169089317,-41240.914,-28126.027,6951.3345,,,,,,,,
StaticMeshComponent,Node_Nat_Pepper_C,Node_Nat_Pepper_C_UAID_D843AE1A93E5E99E02_1525748318,-34900.312,-29042.162,6901.087,,,,,,,,
StaticMeshComponent,Node_Nat_PinkYarrowVase_C,Node_Nat_PinkYarrowVase_C_UAID_D843AE1A93E511AE02_1912033097,23687.27,-6396.1147,1058.5599,,,,,,,,
StaticMeshComponent,Node_Nat_PinkYarrowVase_C,Node_Nat_PinkYarrowVase_C_UAID_D843AE1A93E511AE02_1958959098,27355.662,-6465.954,1073.3628,,,,,,,,
StaticMeshComponent,Node_Nat_PinkYarrowVase_C,Node_Nat_PinkYarrowVase_C_UAID_D843AE1A93E5DFDC02_1564508064,34411.023,-15806.511,96.494865,,,,,,,,
StaticMeshComponent,Node_Nat_PinkYarrowVase_C,Node_Nat_PinkYarrowVase_C_UAID_D843AE1A93E5DFDC02_1564509065,33671.88,-15093.212,83.48234,,,,,,,,
StaticMeshComponent,Node_Nat_PinkYarrowVase_C,Node_Nat_PinkYarrowVase_C_UAID_D843AE1A93E5DFDC02_1564509066,32564.934,-14382.917,-10.432194,,,,,,,,
StaticMeshComponent,Node_Nat_PinkYarrow_C,Node_Nat_PinkYarrow_C_UAID_D843AE1A93E5EB9E02_1505697693,-19375.0,-5462.3657,1309.921,,,,,,,,
StaticMeshComponent,Node_Nat_PinkYarrow_C,Node_Nat_PinkYarrow_C_UAID_D843AE1A93E5EB9E02_1530638694,-19343.664,-5521.788,1304.2783,,,,,,,,
StaticMeshComponent,Node_Nat_PinkYarrow_C,Node_Nat_PinkYarrow_C_UAID_D843AE1A93E5EB9E02_1533948695,-19332.434,-5592.202,1298.5967,,,,,,,,
StaticMeshComponent,Node_Nat_PinkYarrow_C,Node_Nat_PinkYarrow_C_UAID_D843AE1A93E5EB9E02_1959795698,-12520.827,13407.109,-197.77718,,,,,,,,
StaticMeshComponent,Node_Nat_PinkYarrow_C,Node_Nat_PinkYarrow_C_UAID_D843AE1A93E5EB9E02_1986791699,-12517.51,13333.02,-200.66995,,,,,,,,
StaticMeshComponent,Node_Nat_PinkYarrow_C,Node_Nat_PinkYarrow_C_UAID_D843AE1A93E5EB9E02_1993870700,-12535.611,13258.999,-198.78383,,,,,,,,
StaticMeshComponent,Node_Nat_PinkYarrow_C,Node_Nat_PinkYarrow_C_UAID_D843AE1A93E5EB9E02_2056578702,-7130.7847,-1326.3728,-218.27429,,,,,,,,
StaticMeshComponent,Node_Nat_PinkYarrow_C,Node_Nat_PinkYarrow_C_UAID_D843AE1A93E5EB9E02_2065834703,-7114.634,-1405.6332,-218.27429,,,,,,,,
StaticMeshComponent,Node_Nat_PinkYarrow_C,Node_Nat_PinkYarrow_C_UAID_D843AE1A93E5EB9E02_2078566704,-7140.8306,-1476.1265,-225.97209,,,,,,,,
StaticMeshComponent,Node_Nat_PinkYarrow_C,Node_Nat_PinkYarrow_C_UAID_D843AE1A93E5EC9E02_1134588881,-24059.967,6838.4297,663.6879,,,,,,,,
StaticMeshComponent,Node_Nat_PinkYarrow_C,Node_Nat_PinkYarrow_C_UAID_D843AE1A93E5EC9E02_1147160882,-24052.76,6789.0986,675.05225,,,,,,,,
StaticMeshComponent,Node_Nat_PinkYarrow_C,Node_Nat_PinkYarrow_C_UAID_D843AE1A93E5EC9E02_1152127883,-24016.957,6719.569,674.89703,,,,,,,,
StaticMeshComponent,Node_Nat_PoppyDried_01a_C,Node_Nat_PoppyDried_01a_C_UAID_D843AE1A93E508A302_1079b4c064ad0bfb_1442192787,23432.92,-11063.382,812.55237,,,,,,,,
StaticMeshComponent,Node_Nat_PoppyDried_01a_C,Node_Nat_PoppyDried_01a_C_UAID_D843AE1A93E508A302_3148921ef9c4074a_1442192787,23557.12,-9525.887,1058.315,,,,,,,,
StaticMeshComponent,Node_Nat_PoppyDried_01a_C,Node_Nat_PoppyDried_01a_C_UAID_D843AE1A93E508A302_555e4fca3c5dcb72_1442192787,24898.125,-7887.578,1018.9312,,,,,,,,
StaticMeshComponent,Node_Nat_PoppyDried_01a_C,Node_Nat_PoppyDried_01a_C_UAID_D843AE1A93E508A302_713e531d20351cc9_1442192787,30729.844,-13737.445,8.264889,,,,,,,,
StaticMeshComponent,Node_Nat_PoppyDried_01a_C,Node_Nat_PoppyDried_01a_C_UAID_D843AE1A93E508A302_b505fd770e22a780_1442192787,24473.59,-4404.5347,1068.8066,,,,,,,,
StaticMeshComponent,Node_Nat_PoppyDried_01a_C,Node_Nat_PoppyDried_01a_C_UAID_D843AE1A93E508A302_ce37914730108b12_1442192787,31780.547,-11353.179,-10.299455,,,,,,,,
StaticMeshComponent,Node_Nat_PoppyDried_01a_C,Node_Nat_PoppyDried_01a_C_UAID_D843AE1A93E508A302_db0ea40bc8492c49_1442192787,21350.645,-7167.392,1284.0514,,,,,,,,
StaticMeshComponent,Node_Nat_PoppyDried_01a_C,Node_Nat_PoppyDried_01a_C_UAID_D843AE1A93E508A302_df452a3e2764b8bf_1442192787,31698.385,-11413.314,-16.318354,,,,,,,,
StaticMeshComponent,Node_Nat_PoppyDried_01a_C,Node_Nat_PoppyDried_01a_C_UAID_D843AE1A93E508A302_ef176d3dc1aea72e_1442192787,23684.416,-6413.754,1059.5175,,,,,,,,
StaticMeshComponent,Node_Nat_Poppy_C,Node_Nat_Poppy_C_UAID_D843AE1A93E5E49F02_1083315065,-21252.506,-9268.812,1648.2075,,,,,,,,
StaticMeshComponent,Node_Nat_Poppy_C,Node_Nat_Poppy_C_UAID_D843AE1A93E5E49F02_1150669066,-30168.35,25736.7,-157.44008,,,,,,,,
StaticMeshComponent,Node_Nat_Poppy_C,Node_Nat_Poppy_C_UAID_D843AE1A93E5E49F02_1223971067,-18115.412,-16932.584,1692.6201,,,,,,,,
StaticMeshComponent,Node_Nat_Rosemary_C,Node_Nat_Rosemary_C_UAID_D843AE1A93E5EA9E02_1175762495,-58251.918,29872.11,1460.8993,,,,,,,,
StaticMeshComponent,Node_Nat_Rosemary_C,Node_Nat_Rosemary_C_UAID_D843AE1A93E5EA9E02_1370530496,-59489.086,29954.771,1496.9911,,,,,,,,
StaticMeshComponent,Node_Nat_Rosemary_C,Node_Nat_Rosemary_C_UAID_D843AE1A93E5EA9E02_1424616497,-57525.156,30620.6,1690.8019,,,,,,,,
StaticMeshComponent,Node_Nat_Rosemary_C,Node_Nat_Rosemary_C_UAID_D843AE1A93E5EA9E02_1451867498,-58517.383,30746.275,1596.1409,,,,,,,,
StaticMeshComponent,Node_Nat_Rosemary_C,Node_Nat_Rosemary_C_UAID_D843AE1A93E5EA9E02_1480945499,-58396.637,31845.734,1756.1449,,,,,,,,
StaticMeshComponent,Node_Nat_Rosemary_C,Node_Nat_Rosemary_C_UAID_D843AE1A93E5EA9E02_1650763501,-59628.52,22758.86,-56.343422,,,,,,,,
StaticMeshComponent,Node_Nat_Rosemary_C,Node_Nat_Rosemary_C_UAID_D843AE1A93E5EA9E02_1664681502,-61541.67,21797.158,-248.18956,,,,,,,,
StaticMeshComponent,Node_Nat_Rosemary_C,Node_Nat_Rosemary_C_UAID_D843AE1A93E5EA9E02_1700991503,-61645.582,20580.701,-555.0489,,,,,,,,
StaticMeshComponent,Node_Nat_Rosemary_C,Node_Nat_Rosemary_C_UAID_D843AE1A93E5EA9E02_1747247504,-62885.473,20135.514,-499.0207,,,,,,,,
StaticMeshComponent,Node_Nat_Rosemary_C,Node_Nat_Rosemary_C_UAID_D843AE1A93E5EA9E02_1786371505,-64035.703,20750.45,-407.65033,,,,,,,,
StaticMeshComponent,Node_Nat_Rosemary_C,Node_Nat_Rosemary_C_UAID_D843AE1A93E5EA9E02_1869701506,-5007.3843,22082.871,-394.1734,,,,,,,,
StaticMeshComponent,Node_Nat_Rosemary_C,Node_Nat_Rosemary_C_UAID_D843AE1A93E5EA9E02_1896883507,-5882.376,23049.953,-534.02875,,,,,,,,
StaticMeshComponent,Node_Nat_Rosemary_C,Node_Nat_Rosemary_C_UAID_D843AE1A93E5EA9E02_1947114508,-3979.207,20024.793,-290.44894,,,,,,,,
StaticMeshComponent,Node_Nat_Rosemary_C,Node_Nat_Rosemary_C_UAID_D843AE1A93E5EA9E02_1977217509,-3477.5344,22589.223,-316.66592,,,,,,,,
StaticMeshComponent,Node_Nat_Rosemary_C,Node_Nat_Rosemary_C_UAID_D843AE1A93E5EA9E02_1993406510,-2346.2202,22052.164,-281.9219,,,,,,,,
StaticMeshComponent,Node_Nat_Rosemary_C,Node_Nat_Rosemary_C_UAID_D843AE1A93E5EA9E02_2008808511,-2047.6285,20202.115,-255.64914,,,,,,,,
StaticMeshComponent,Node_Nat_Rosemary_C,Node_Nat_Rosemary_C_UAID_D843AE1A93E5EA9E02_2091363512,-25599.438,-873.5723,1421.4287,,,,,,,,
StaticMeshComponent,Node_Nat_Rosemary_C,Node_Nat_Rosemary_C_UAID_D843AE1A93E5EA9E02_2126881513,-25968.285,-1968.6328,1634.1232,,,,,,,,
StaticMeshComponent,Node_Nat_Rosemary_C,Node_Nat_Rosemary_C_UAID_D843AE1A93E5EB9E02_1101682690,-24017.848,-3012.23,1530.1404,,,,,,,,
StaticMeshComponent,Node_Nat_SaffronBasket_C,Node_Nat_SaffronBasket_C_UAID_D843AE1A93E5DFDC02_1564510067,35028.65,-17304.377,133.48164,,,,,,,,
StaticMeshComponent,Node_Nat_SaffronBasket_C,Node_Nat_SaffronBasket_C_UAID_D843AE1A93E5DFDC02_1564511068,33407.195,-13733.94,78.04922,,,,,,,,
StaticMeshComponent,Node_Nat_SaffronBasket_C,Node_Nat_SaffronBasket_C_UAID_D843AE1A93E5DFDC02_1564512069,32661.26,-15788.887,45.7436,,,,,,,,
StaticMeshComponent,Node_Nat_SaffronBasket_C,Node_Nat_SaffronBasket_C_UAID_D843AE1A93E5DFDC02_1564513070,32493.23,-15832.162,-100.27449,,,,,,,,
StaticMeshComponent,Node_Nat_SaffronBasket_C,Node_Nat_SaffronBasket_C_UAID_D843AE1A93E5DFDC02_1564513071,35067.23,-17243.639,65.66195,,,,,,,,
StaticMeshComponent,Node_Nat_SaffronBasket_C,Node_Nat_SaffronBasket_C_UAID_D843AE1A93E5DFDC02_1564514072,36529.492,-16326.493,0.271369,,,,,,,,
StaticMeshComponent,Node_Nat_SaffronBasket_C,Node_Nat_SaffronBasket_C_UAID_D843AE1A93E5DFDC02_1564515073,31744.344,-13854.864,45.38701,,,,,,,,
StaticMeshComponent,Node_Nat_SaffronBasket_C,Node_Nat_SaffronBasket_C_UAID_D843AE1A93E5DFDC02_1564516074,32877.68,-15480.345,80.30716,,,,,,,,
StaticMeshComponent,Node_Nat_SaffronBasket_C,Node_Nat_SaffronBasket_C_UAID_D843AE1A93E5DFDC02_1564517075,35843.3,-16416.396,120.67679,,,,,,,,
StaticMeshComponent,Node_Nat_SaffronBasket_C,Node_Nat_SaffronBasket_C_UAID_D843AE1A93E5DFDC02_1564518076,30153.5,-13594.932,-3.687506,,,,,,,,
StaticMeshComponent,Node_Nat_SaffronBasket_C,Node_Nat_SaffronBasket_C_UAID_D843AE1A93E5DFDC02_1564518077,30121.322,-13648.709,65.81462,,,,,,,,
StaticMeshComponent,Node_Nat_SaffronBasket_C,Node_Nat_SaffronBasket_C_UAID_D843AE1A93E5DFDC02_1564519078,32665.695,-14549.546,-67.87122,,,,,,,,
StaticMeshComponent,Node_Nat_Saffron_C,Node_Nat_Saffron_C_UAID_D843AE1A93E5E39E02_1569497235,-22850.795,-14566.348,1902.8756,,,,,,,,
StaticMeshComponent,Node_Nat_Saffron_C,Node_Nat_Saffron_C_UAID_D843AE1A93E5E39E02_1590157236,-25691.182,-14904.546,1922.6151,,,,,,,,
StaticMeshComponent,Node_Nat_Saffron_C,Node_Nat_Saffron_C_UAID_D843AE1A93E5E39E02_1610997237,-22741.318,-17290.281,1890.9669,,,,,,,,
StaticMeshComponent,Node_Nat_Saffron_C,Node_Nat_Saffron_C_UAID_D843AE1A93E5E39E02_1686191238,-23075.162,-8374.445,1754.1571,,,,,,,,
StaticMeshComponent,Node_Nat_Saffron_C,Node_Nat_Saffron_C_UAID_D843AE1A93E5E39E02_1707160239,-23104.158,-9022.996,1770.4417,,,,,,,,
StaticMeshComponent,Node_Nat_Saffron_C,Node_Nat_Saffron_C_UAID_D843AE1A93E5E39E02_1798201240,-14231.587,-3481.0005,309.01968,,,,,,,,
StaticMeshComponent,Node_Nat_Saffron_C,Node_Nat_Saffron_C_UAID_D843AE1A93E5E39E02_1816288241,-13783.42,-3678.5588,236.64595,,,,,,,,
StaticMeshComponent,Node_Nat_Saffron_C,Node_Nat_Saffron_C_UAID_D843AE1A93E5E39E02_2138036247,-39108.918,-15730.742,5177.576,,,,,,,,
StaticMeshComponent,Node_Nat_Saffron_C,Node_Nat_Saffron_C_UAID_D843AE1A93E5E49E02_1087029424,-39278.53,-16167.839,5175.406,,,,,,,,
StaticMeshComponent,Node_Nat_Saffron_C,Node_Nat_Saffron_C_UAID_D843AE1A93E5E49E02_1816348430,20374.693,-7929.7046,2311.134,,,,,,,,
StaticMeshComponent,Node_Nat_Saffron_C,Node_Nat_Saffron_C_UAID_D843AE1A93E5E49E02_1848848431,19460.316,-6442.9316,2206.8772,,,,,,,,
StaticMeshComponent,Node_Scav_Copper_C,Node_Scav_Copper_C_UAID_D843AE1A93E5EA9F02_1955529373,-44610.94,-5496.4746,2071.5132,,,,,,,,
StaticMeshComponent,Node_Scav_Copper_C,Node_Scav_Copper_C_UAID_D843AE1A93E5EA9F02_2008783374,-43732.2,-5723.8296,2168.0571,,,,,,,,
StaticMeshComponent,Node_Scav_Copper_C,Node_Scav_Copper_C_UAID_D843AE1A93E5EA9F02_2037626375,-45045.082,-8080.842,2531.7854,,,,,,,,
StaticMeshComponent,Node_Scav_Copper_C,Node_Scav_Copper_C_UAID_D843AE1A93E5EA9F02_2062945376,-44132.96,-9526.263,2927.6875,,,,,,,,
StaticMeshComponent,Node_Scav_Copper_C,Node_Scav_Copper_C_UAID_D843AE1A93E5EA9F02_2099079377,-45069.383,-10998.221,2968.3604,,,,,,,,
StaticMeshComponent,Node_Scav_Copper_C,Node_Scav_Copper_C_UAID_D843AE1A93E5EB9F02_1106222554,-59542.207,-9705.316,2605.2502,,,,,,,,
StaticMeshComponent,Node_Scav_Copper_C,Node_Scav_Copper_C_UAID_D843AE1A93E5EB9F02_1129519555,-60001.633,-10402.765,2364.7385,,,,,,,,
StaticMeshComponent,Node_Scav_Copper_C,Node_Scav_Copper_C_UAID_D843AE1A93E5EB9F02_1165678556,-57745.273,-11649.427,2803.9111,,,,,,,,
StaticMeshComponent,Node_Scav_Copper_C,Node_Scav_Copper_C_UAID_D843AE1A93E5EB9F02_1188904557,-57338.04,-13587.788,3161.7812,,,,,,,,
StaticMeshComponent,Node_Scav_Copper_C,Node_Scav_Copper_C_UAID_D843AE1A93E5EB9F02_1354049558,-51375.727,-22221.543,5077.2837,,,,,,,,
StaticMeshComponent,Node_Scav_Copper_C,Node_Scav_Copper_C_UAID_D843AE1A93E5EB9F02_1371753559,-51653.53,-20961.156,4697.0137,,,,,,,,
StaticMeshComponent,Node_Scav_Copper_C,Node_Scav_Copper_C_UAID_D843AE1A93E5EB9F02_1401885560,-52859.734,-19462.951,4337.1963,,,,,,,,
StaticMeshComponent,Node_Scav_Copper_C,Node_Scav_Copper_C_UAID_D843AE1A93E5EB9F02_1441294561,-51082.527,-23782.652,5503.8916,,,,,,,,
StaticMeshComponent,Node_Scav_CottonBasket_C,Node_Scav_CottonBasket_C_UAID_D843AE1A93E550AE02_1654012639,24882.72,-4159.409,1074.12,,,,,,,,
StaticMeshComponent,Node_Scav_CottonBasket_C,Node_Scav_CottonBasket_C_UAID_D843AE1A93E5DFDC02_1564520079,29603.371,-7882.538,419.80347,,,,,,,,
StaticMeshComponent,Node_Scav_CottonBasket_C,Node_Scav_CottonBasket_C_UAID_D843AE1A93E5DFDC02_1564520080,26680.525,-5562.6753,1012.0672,,,,,,,,
StaticMeshComponent,Node_Scav_Cotton_C,Node_Scav_Cotton_C_UAID_D843AE1A93E5489F02_1976083918,-17855.934,-5913.049,1208.9148,,,,,,,,
StaticMeshComponent,Node_Scav_Cotton_C,Node_Scav_Cotton_C_UAID_D843AE1A93E5489F02_2022175919,-18754.6,-4130.23,1208.5737,,,,,,,,
StaticMeshComponent,Node_Scav_Cotton_C,Node_Scav_Cotton_C_UAID_D843AE1A93E5489F02_2075174920,-16950.889,-5177.0923,986.2648,,,,,,,,
StaticMeshComponent,Node_Scav_Cotton_C,Node_Scav_Cotton_C_UAID_D843AE1A93E5499F02_1078473097,-20150.96,8449.781,580.09985,,,,,,,,
StaticMeshComponent,Node_Scav_Cotton_C,Node_Scav_Cotton_C_UAID_D843AE1A93E5499F02_1096626098,-21421.043,8745.994,688.2992,,,,,,,,
StaticMeshComponent,Node_Scav_Cotton_C,Node_Scav_Cotton_C_UAID_D843AE1A93E5499F02_1199157099,-19267.828,6328.909,677.412,,,,,,,,
StaticMeshComponent,Node_Scav_Cotton_C,Node_Scav_Cotton_C_UAID_D843AE1A93E5499F02_1311228100,-28236.87,24952.246,-177.82373,,,,,,,,
StaticMeshComponent,Node_Scav_Cotton_C,Node_Scav_Cotton_C_UAID_D843AE1A93E5499F02_1333144101,-28742.834,25974.867,-102.64887,,,,,,,,
StaticMeshComponent,Node_Scav_Cotton_C,Node_Scav_Cotton_C_UAID_D843AE1A93E5499F02_1376570102,-27104.01,27397.256,90.69224,,,,,,,,
StaticMeshComponent,Node_Scav_Cotton_C,Node_Scav_Cotton_C_UAID_D843AE1A93E5499F02_1474941103,-18526.803,-15248.685,1591.0186,,,,,,,,
StaticMeshComponent,Node_Scav_Cotton_C,Node_Scav_Cotton_C_UAID_D843AE1A93E5499F02_1497018104,-18711.227,-13204.075,1399.9374,,,,,,,,
StaticMeshComponent,Node_Scav_Flax_C,Node_Scav_Flax_C_UAID_D843AE1A93E5479F02_1344759728,-44057.14,10758.841,-549.1528,,,,,,,,
StaticMeshComponent,Node_Scav_Flax_C,Node_Scav_Flax_C_UAID_D843AE1A93E5479F02_1457970729,-40490.504,12823.542,-744.365,,,,,,,,
StaticMeshComponent,Node_Scav_Flax_C,Node_Scav_Flax_C_UAID_D843AE1A93E5479F02_1553034730,-35592.082,14040.521,-658.7126,,,,,,,,
StaticMeshComponent,Node_Scav_Flax_C,Node_Scav_Flax_C_UAID_D843AE1A93E5479F02_1623597731,-35290.3,14156.055,-641.8919,,,,,,,,
StaticMeshComponent,Node_Scav_Flax_C,Node_Scav_Flax_C_UAID_D843AE1A93E5479F02_1657041732,-38960.45,13978.791,-735.0581,,,,,,,,
StaticMeshComponent,Node_Scav_Flax_C,Node_Scav_Flax_C_UAID_D843AE1A93E5479F02_1667147733,-38112.582,14989.169,-600.9176,,,,,,,,
StaticMeshComponent,Node_Scav_Flax_C,Node_Scav_Flax_C_UAID_D843AE1A93E5479F02_1669421734,-35638.27,11790.576,-495.84802,,,,,,,,
StaticMeshComponent,Node_Scav_Flax_C,Node_Scav_Flax_C_UAID_D843AE1A93E5489F02_1393853911,-22576.566,14556.673,-643.72144,,,,,,,,
StaticMeshComponent,Node_Scav_Flax_C,Node_Scav_Flax_C_UAID_D843AE1A93E5489F02_1409448912,-22403.135,14491.612,-638.90204,,,,,,,,
StaticMeshComponent,Node_Scav_Flax_C,Node_Scav_Flax_C_UAID_D843AE1A93E5489F02_1557000913,-10548.4375,30133.486,-455.65176,,,,,,,,
StaticMeshComponent,Node_Scav_Flax_C,Node_Scav_Flax_C_UAID_D843AE1A93E5489F02_1576734914,-10450.671,30077.635,-469.6222,,,,,,,,
StaticMeshComponent,Node_Scav_Flax_C,Node_Scav_Flax_C_UAID_D843AE1A93E5489F02_1651626915,617.7339,-36669.723,-513.8669,,,,,,,,
StaticMeshComponent,Node_Scav_Flax_C,Node_Scav_Flax_C_UAID_D843AE1A93E5489F02_1656103916,597.56976,-36777.773,-501.39404,,,,,,,,
StaticMeshComponent,Node_Scav_GoldBarrow_C,Node_Scav_GoldBarrow_C_UAID_D843AE1A93E521A302_1645972163,24210.662,-4408.7505,967.9695,,,,,,,,
StaticMeshComponent,Node_Scav_GoldBarrow_C,Node_Scav_GoldBarrow_C_UAID_D843AE1A93E5DEDC02_2142351895,34001.344,-13800.821,-99.07811,,,,,,,,
StaticMeshComponent,Node_Scav_GoldBarrow_C,Node_Scav_GoldBarrow_C_UAID_D843AE1A93E5DFDC02_1102569561,35022.082,-17164.219,-99.07811,,,,,,,,
StaticMeshComponent,Node_Scav_GoldBarrow_C,Node_Scav_GoldBarrow_C_UAID_D843AE1A93E5DFDC02_1102570562,22004.215,-4735.4634,567.9993,,,,,,,,
StaticMeshComponent,Node_Scav_GoldBarrow_C,Node_Scav_GoldBarrow_C_UAID_D843AE1A93E5DFDC02_1102571563,20920.521,-4579.189,568.1253,,,,,,,,
StaticMeshComponent,Node_Scav_GoldBarrow_C,Node_Scav_GoldBarrow_C_UAID_D843AE1A93E5DFDC02_1102571564,22101.535,-3603.1287,558.17413,,,,,,,,
StaticMeshComponent,Node_Scav_Gold_C,Node_Scav_Gold_C_UAID_D843AE1A93E5E79F02_1121693824,21744.451,-9.851724,1135.456,,,,,,,,
StaticMeshComponent,Node_Scav_Gold_C,Node_Scav_Gold_C_UAID_D843AE1A93E5E79F02_1388343825,-38905.48,-26859.666,6430.598,,,,,,,,
StaticMeshComponent,Node_Scav_Hemp_C,Node_Scav_Hemp_C_UAID_D843AE1A93E5469F02_1597492534,-65771.22,19085.418,-584.59906,,,,,,,,
StaticMeshComponent,Node_Scav_Hemp_C,Node_Scav_Hemp_C_UAID_D843AE1A93E5469F02_1658036535,-66056.48,19222.023,-614.81067,,,,,,,,
StaticMeshComponent,Node_Scav_Hemp_C,Node_Scav_Hemp_C_UAID_D843AE1A93E5469F02_1673503536,-66152.44,19337.713,-617.13635,,,,,,,,
StaticMeshComponent,Node_Scav_Hemp_C,Node_Scav_Hemp_C_UAID_D843AE1A93E5469F02_1702749537,-66040.08,19491.215,-589.87067,,,,,,,,
StaticMeshComponent,Node_Scav_Hemp_C,Node_Scav_Hemp_C_UAID_D843AE1A93E5469F02_1745840538,-65838.695,19339.709,-580.843,,,,,,,,
StaticMeshComponent,Node_Scav_Hemp_C,Node_Scav_Hemp_C_UAID_D843AE1A93E5469F02_1850820539,-51107.906,18315.586,-367.97934,,,,,,,,
StaticMeshComponent,Node_Scav_Hemp_C,Node_Scav_Hemp_C_UAID_D843AE1A93E5469F02_1856842540,-51294.3,18391.367,-370.53195,,,,,,,,
StaticMeshComponent,Node_Scav_Hemp_C,Node_Scav_Hemp_C_UAID_D843AE1A93E5469F02_1909402541,-50931.9,18508.732,-399.22577,,,,,,,,
StaticMeshComponent,Node_Scav_Hemp_C,Node_Scav_Hemp_C_UAID_D843AE1A93E5469F02_1997690542,-35749.918,20060.541,-547.16614,,,,,,,,
StaticMeshComponent,Node_Scav_Hemp_C,Node_Scav_Hemp_C_UAID_D843AE1A93E5469F02_2007108543,-35857.81,19993.076,-572.4295,,,,,,,,
StaticMeshComponent,Node_Scav_Hemp_C,Node_Scav_Hemp_C_UAID_D843AE1A93E5469F02_2022087544,-35990.207,20039.64,-578.5545,,,,,,,,
StaticMeshComponent,Node_Scav_Hemp_C,Node_Scav_Hemp_C_UAID_D843AE1A93E5479F02_1084231724,-15539.217,13680.213,-401.45496,,,,,,,,
StaticMeshComponent,Node_Scav_Hemp_C,Node_Scav_Hemp_C_UAID_D843AE1A93E5479F02_1201093725,-15674.495,13876.116,-416.43738,,,,,,,,
StaticMeshComponent,Node_Scav_Hemp_C,Node_Scav_Hemp_C_UAID_D843AE1A93E5479F02_1207359726,-15652.047,14119.952,-591.01074,,,,,,,,
StaticMeshComponent,Node_Scav_Hemp_C,Node_Scav_Hemp_C_UAID_D843AE1A93E5479F02_1217054727,-15483.038,14125.727,-564.59656,,,,,,,,
StaticMeshComponent,Node_Scav_Iron_C,Node_Scav_Iron_C_UAID_D843AE1A93E5DFDC02_1564521081,26391.611,-13429.852,731.49335,,,,,,,,
StaticMeshComponent,Node_Scav_Iron_C,Node_Scav_Iron_C_UAID_D843AE1A93E5DFDC02_1564522082,25767.52,-12969.957,675.4268,,,,,,,,
StaticMeshComponent,Node_Scav_Iron_C,Node_Scav_Iron_C_UAID_D843AE1A93E5EC9F02_2111822967,24522.596,581.34094,819.23364,,,,,,,,
StaticMeshComponent,Node_Scav_Iron_C,Node_Scav_Iron_C_UAID_D843AE1A93E5EC9F02_2111826968,22381.879,5645.216,996.82874,,,,,,,,
StaticMeshComponent,Node_Scav_Iron_C,Node_Scav_Iron_C_UAID_D843AE1A93E5EC9F02_2111828969,21387.299,16.875654,706.08655,,,,,,,,
StaticMeshComponent,Node_Scav_Iron_C,Node_Scav_Iron_C_UAID_D843AE1A93E5EC9F02_2111830970,19982.914,2369.3215,790.4322,,,,,,,,
StaticMeshComponent,Node_Scav_Iron_C,Node_Scav_Iron_C_UAID_D843AE1A93E5EC9F02_2111832971,22266.07,4256.967,218.33093,,,,,,,,
StaticMeshComponent,Node_Scav_Iron_C,Node_Scav_Iron_C_UAID_D843AE1A93E5EC9F02_2111833972,24253.244,4617.024,853.72095,,,,,,,,
StaticMeshComponent,Node_Scav_Iron_C,Node_Scav_Iron_C_UAID_D843AE1A93E5EC9F02_2111834973,23174.602,-862.9772,1155.1317,,,,,,,,
StaticMeshComponent,Node_Scav_Iron_C,Node_Scav_Iron_C_UAID_D843AE1A93E5EC9F02_2111835974,19332.752,5731.664,1043.7549,,,,,,,,
StaticMeshComponent,Node_Scav_Iron_C,Node_Scav_Iron_C_UAID_D843AE1A93E5ED9F02_2103191159,25185.56,-15034.7705,1478.7192,,,,,,,,
StaticMeshComponent,Node_Scav_Lead_C,Node_Scav_Lead_C_UAID_D843AE1A93E5E89F02_2031261004,-63642.074,8328.939,5.907768,,,,,,,,
StaticMeshComponent,Node_Scav_Lead_C,Node_Scav_Lead_C_UAID_D843AE1A93E5E89F02_2062999005,-63450.91,6354.743,94.845665,,,,,,,,
StaticMeshComponent,Node_Scav_Lead_C,Node_Scav_Lead_C_UAID_D843AE1A93E5E99F02_1293841182,-62669.32,4846.844,290.44952,,,,,,,,
StaticMeshComponent,Node_Scav_Lead_C,Node_Scav_Lead_C_UAID_D843AE1A93E5E99F02_1640006183,-62765.492,11154.421,11.588931,,,,,,,,
StaticMeshComponent,Node_Scav_Lead_C,Node_Scav_Lead_C_UAID_D843AE1A93E5E99F02_1690691184,-62988.71,12903.5205,-502.82162,,,,,,,,
StaticMeshComponent,Node_Scav_Lead_C,Node_Scav_Lead_C_UAID_D843AE1A93E5E99F02_1853676185,-64968.695,7948.438,260.05026,,,,,,,,
StaticMeshComponent,Node_Scav_Lead_C,Node_Scav_Lead_C_UAID_D843AE1A93E5E99F02_1953473186,-45370.695,4399.8535,225.76231,,,,,,,,
StaticMeshComponent,Node_Scav_Lead_C,Node_Scav_Lead_C_UAID_D843AE1A93E5E99F02_1979475187,-44424.65,5394.775,-40.10002,,,,,,,,
StaticMeshComponent,Node_Scav_Lead_C,Node_Scav_Lead_C_UAID_D843AE1A93E5E99F02_2027697188,-42809.54,5136.898,-199.99013,,,,,,,,
StaticMeshComponent,Node_Scav_Lead_C,Node_Scav_Lead_C_UAID_D843AE1A93E5E99F02_2096940189,-41851.227,3894.9385,93.703064,,,,,,,,
StaticMeshComponent,Node_Scav_Lead_C,Node_Scav_Lead_C_UAID_D843AE1A93E5EA9F02_1181904367,-43048.703,31046.58,872.17145,,,,,,,,
StaticMeshComponent,Node_Scav_Lead_C,Node_Scav_Lead_C_UAID_D843AE1A93E5EA9F02_1240568368,-43566.086,30469.627,626.4802,,,,,,,,
StaticMeshComponent,Node_Scav_Lead_C,Node_Scav_Lead_C_UAID_D843AE1A93E5EA9F02_1515284369,-39963.355,27633.252,160.1502,,,,,,,,
StaticMeshComponent,Node_Scav_Lead_C,Node_Scav_Lead_C_UAID_D843AE1A93E5EA9F02_1633821370,-39059.848,26036.504,-31.521812,,,,,,,,
StaticMeshComponent,Node_Scav_Lead_C,Node_Scav_Lead_C_UAID_D843AE1A93E5EA9F02_1680064371,-40852.766,27850.316,80.38116,,,,,,,,
StaticMeshComponent,Node_Scav_Lead_C,Node_Scav_Lead_C_UAID_D843AE1A93E5EA9F02_1711534372,-41828.11,28719.104,376.0177,,,,,,,,
StaticMeshComponent,Node_Scav_SilkBanner_01a_C,Node_Scav_SilkBanner_01a_C_UAID_D843AE1A93E5DEDC02_2142350894,32624.418,-15070.996,-100.54049,,,,,,,,
StaticMeshComponent,Node_Scav_SilkBanner_01b_C,Node_Scav_SilkBanner_01b_C_UAID_D843AE1A93E516A302_1675827858,30855.512,-6048.4385,582.68854,,,,,,,,
StaticMeshComponent,Node_Scav_SilkBanner_01b_C,Node_Scav_SilkBanner_01b_C_UAID_D843AE1A93E5DEDC02_2142336893,33878.97,-13130.037,-99.622314,,,,,,,,
StaticMeshComponent,Node_Scav_SilkBanner_01b_C,Node_Scav_SilkBanner_01b_C_UAID_D843AE1A93E5DFDC02_1102567559,30902.262,-7370.7974,574.20654,,,,,,,,
StaticMeshComponent,Node_Scav_SilkBanner_01b_C,Node_Scav_SilkBanner_01b_C_UAID_D843AE1A93E5DFDC02_1102568560,36505.273,-11297.966,-25.926601,,,,,,,,
StaticMeshComponent,Node_Scav_SilkBanner_01c_C,Node_Scav_SilkBanner_01c_C_UAID_D843AE1A93E507A302_5a837d4f61abb898_1782002610,27761.178,-4786.635,893.83215,,,,,,,,
StaticMeshComponent,Node_Scav_Silk_C,Node_Scav_Silk_C_UAID_D843AE1A93E5CCA002_2086912678,-39905.723,-16248.163,5152.2,,,,,,,,
StaticMeshComponent,Node_Scav_Silk_C,Node_Scav_Silk_C_UAID_D843AE1A93E5CDA002_1096885856,-11793.011,3089.804,90.902084,,,,,,,,
StaticMeshComponent,Node_Scav_SilverBarrow_C,Node_Scav_SilverBarrow_C_UAID_D843AE1A93E5DFDC02_1102564557,20316.781,-4017.1982,567.4515,,,,,,,,
StaticMeshComponent,Node_Scav_SilverBarrow_C,Node_Scav_SilverBarrow_C_UAID_D843AE1A93E5DFDC02_1102566558,22348.967,-4464.798,567.6996,,,,,,,,
StaticMeshComponent,Node_Scav_Silver_C,Node_Scav_Silver_C_UAID_581CF8B723154AD602_16430dedd3080722_1181190372,30172.79,-12637.812,145.40352,,,,,,,,
StaticMeshComponent,Node_Scav_Silver_C,Node_Scav_Silver_C_UAID_D843AE1A93E5DFDC02_1564523083,27116.115,-12785.856,919.8927,,,,,,,,
StaticMeshComponent,Node_Scav_Silver_C,Node_Scav_Silver_C_UAID_D843AE1A93E5DFDC02_1564562084,25625.107,-14005.92,1527.7296,,,,,,,,
StaticMeshComponent,Node_Scav_Silver_C,Node_Scav_Silver_C_UAID_D843AE1A93E5DFDC02_1564563085,25744.592,-14493.721,1687.4049,,,,,,,,
StaticMeshComponent,Node_Scav_Silver_C,Node_Scav_Silver_C_UAID_D843AE1A93E5E69F02_1844612647,22353.316,5542.2676,1563.2235,,,,,,,,
StaticMeshComponent,Node_Scav_Silver_C,Node_Scav_Silver_C_UAID_D843AE1A93E5E79F02_1875981826,-38695.67,-27851.904,6443.5967,,,,,,,,
StaticMeshComponent,Node_Scav_Silver_C,Node_Scav_Silver_C_UAID_D843AE1A93E5E79F02_1963210827,-38585.25,-26813.668,6651.989,,,,,,,,
StaticMeshComponent,Node_Scav_Silver_C,Node_Scav_Silver_C_UAID_D843AE1A93E5EC9F02_2111813965,21992.043,502.0706,206.04996,,,,,,,,
StaticMeshComponent,Node_Scav_Silver_C,Node_Scav_Silver_C_UAID_D843AE1A93E5EC9F02_2111820966,22396.15,9.441332,518.10345,,,,,,,,
StaticMeshComponent,Node_Scav_WoolPillow_C,Node_Scav_WoolPillow_C_UAID_D843AE1A93E5DFDC02_1564563086,34496.19,-15871.367,-51.86393,,,,,,,,
StaticMeshComponent,Node_Scav_WoolPillow_C,Node_Scav_WoolPillow_C_UAID_D843AE1A93E5DFDC02_1564577087,33734.105,-15839.256,-45.780266,,,,,,,,
StaticMeshComponent,Node_Scav_WoolPillow_C,Node_Scav_WoolPillow_C_UAID_D843AE1A93E5DFDC02_1564578088,33496.598,-15655.593,-46.666813,,,,,,,,
StaticMeshComponent,Node_Scav_WoolPillow_C,Node_Scav_WoolPillow_C_UAID_D843AE1A93E5DFDC02_1564578089,33838.832,-15890.013,-100.382996,,,,,,,,
StaticMeshComponent,Node_Scav_WoolPillow_C,Node_Scav_WoolPillow_C_UAID_D843AE1A93E5DFDC02_1564579090,33780.25,-15238.165,-100.29477,,,,,,,,
StaticMeshComponent,Node_Scav_Wool_C,Node_Scav_Wool_C_UAID_D843AE1A93E5499F02_1676921471,-26275.457,-12795.069,1769.612,,,,,,,,
StaticMeshComponent,Node_Scav_Wool_C,Node_Scav_Wool_C_UAID_D843AE1A93E5499F02_1731247472,-22949.232,-4107.62,1534.7369,,,,,,,,
StaticMeshComponent,Node_Scav_Wool_C,Node_Scav_Wool_C_UAID_D843AE1A93E5499F02_1805517473,-14433.278,10555.28,-87.58828,,,,,,,,
StaticMeshComponent,Node_Scav_Wool_C,Node_Scav_Wool_C_UAID_D843AE1A93E5499F02_fa61c736281e8a8a_1639127288,-39940.277,-30427.967,7000.041,,,,,,,,
StaticMeshComponent,Node_Scav_Wool_C,Node_Scav_Wool_C_UAID_D843AE1A93E54A9F02_1186215650,21379.037,-7998.55,2345.0115,,,,,,,,
StaticMeshComponent,StaticMeshActor,BP_Billboard_Sun_01a_C_UAID_9C6B002263F7833802_cf7cc99b57fa7ef6_2082910698,930129.0,195510.44,339836.0,,,,,,,,
StaticMeshComponent,StaticMeshActor,StaticMeshActor_UAID_50EBF6D2996918A802_cf7cc99b57fa7ef6_1135477232,730317.0,175674.0,427411.0,,,,,,,,
StaticMeshComponent,StaticMeshActor,StaticMeshActor_UAID_50EBF6D29969995402_c6745f6cb7506194_1610991166,-302796.78,-375167.78,-3258.8975,,,,,,,,
StaticMeshComponent,StaticMeshActor,StaticMeshActor_UAID_50EBF6D29969995402_c6745f6cb7506194_1712972186,304400.06,-372731.72,-5963.062,,,,,,,,
StaticMeshComponent,StaticMeshActor,StaticMeshActor_UAID_50EBF6D29969995402_c6745f6cb7506194_1825927199,361234.38,183346.6,362.52036,,,,,,,,
StaticMeshComponent,StaticMeshActor,StaticMeshActor_UAID_50EBF6D29969995402_c6745f6cb7506194_1895437212,79426.086,384681.25,-4828.1885,,,,,,,,
StaticMeshComponent,StaticMeshActor,StaticMeshActor_UAID_50EBF6D29969995402_c6745f6cb7506194_1945319225,-437377.7,151627.22,-4955.343,,,,,,,,
StaticMeshComponent,StaticMeshActor,StaticMeshActor_UAID_50EBF6D29969995402_c6745f6cb7506194_2113802237,-75233.555,-109672.945,-1327.9679,,,,,,,,
StaticMeshComponent,StaticMeshActor,StaticMeshActor_UAID_50EBF6D299699A5402_c6745f6cb7506194_1169998439,31973.744,87868.18,598.7496,,,,,,,,
StaticMeshComponent,StaticMeshActor,StaticMeshActor_UAID_50EBF6D299699A5402_c6745f6cb7506194_1236389444,-53791.11,69969.64,406.55286,,,,,,,,
StaticMeshComponent,StaticMeshActor,StaticMeshActor_UAID_50EBF6D299699A5402_c6745f6cb7506194_1307489449,-195183.11,315037.34,406.55286,,,,,,,,
StaticMeshComponent,StaticMeshActor,StaticMeshActor_UAID_50EBF6D299699A5402_c6745f6cb7506194_1343676454,-276901.84,-761.9656,406.55286,,,,,,,,
StaticMeshComponent,StaticMeshActor,StaticMeshActor_UAID_50EBF6D299699A5402_c6745f6cb7506194_1391832459,90804.625,-103014.75,-616.0174,,,,,,,,
StaticMeshComponent,StaticMeshActor,StaticMeshActor_UAID_50EBF6D299699A5402_c6745f6cb7506194_1425912464,138079.83,-112722.06,1422.7135,,,,,,,,
StaticMeshComponent,StaticMeshActor,StaticMeshActor_UAID_50EBF6D299699A5402_c6745f6cb7506194_1453074469,-23150.963,-110641.42,-1327.9679,,,,,,,,
StaticMeshComponent,StaticMeshActor,StaticMeshActor_UAID_50EBF6D299699A5402_c6745f6cb7506194_1517725474,51790.03,121327.375,4484.0483,,,,,,,,
StaticMeshComponent,StaticMeshActor,StaticMeshActor_UAID_50EBF6D299699A5402_c6745f6cb7506194_1552979479,160842.98,55433.195,4666.65,,,,,,,,
StaticMeshComponent,StaticMeshActor,StaticMeshActor_UAID_50EBF6D299699A5402_c6745f6cb7506194_1574928484,43399.977,-42642.035,2024.7964,,,,,,,,
StaticMeshComponent,StaticMeshActor,StaticMeshActor_UAID_50EBF6D299699A5402_c6745f6cb7506194_1612238489,-102188.75,51673.348,406.55286,,,,,,,,
StaticMeshComponent,StaticMeshActor,StaticMeshActor_UAID_50EBF6D299699A5402_c6745f6cb7506194_1642951494,69418.52,33603.133,6667.72,,,,,,,,
StaticMeshComponent,StaticMeshActor,StaticMeshActor_UAID_50EBF6D299699A5402_c6745f6cb7506194_1663736499,-7889.8643,180285.34,-1300.569,,,,,,,,
StaticMeshComponent,StaticMeshActor,StaticMeshActor_UAID_50EBF6D299699A5402_c6745f6cb7506194_1683254504,65984.79,-27646.12,3650.7417,,,,,,,,
StaticMeshComponent,StaticMeshActor,StaticMeshActor_UAID_50EBF6D299699A5402_c6745f6cb7506194_1706470509,14190.576,-102258.08,-3427.1921,,,,,,,,
StaticMeshComponent,StaticMeshActor,StaticMeshActor_UAID_50EBF6D299699A5402_c6745f6cb7506194_1725582514,-105434.62,-17774.982,-2038.4705,,,,,,,,
StaticMeshComponent,StaticMeshActor,StaticMeshActor_UAID_50EBF6D299699A5402_c6745f6cb7506194_1744058519,-14398.053,79468.28,-1332.8579,,,,,,,,
StaticMeshComponent,StaticMeshActor,StaticMeshActor_UAID_9C6B002263F77D3802_1781809489,-63196.285,-25914.21,7258.7256,,,,,,,,
StaticMeshComponent,StaticMeshActor,StaticMeshActor_UAID_9C6B002263F77D3802_1781894529,-44987.543,-46892.69,8368.695,,,,,,,,
