Type,ObjectName,StaticMeshName,X,Y,Z,SpawnChance
SceneComponent,AGV_Biomme_C'map03_p_WP:PersistentLevel.AGV_Biomme_C_UAID_107C614ADD425EB302_f557d925b58a3824_1113851188',,5920.0,-4275.0,40.0,
SceneComponent,AGV_Biomme_C'map03_p_WP:PersistentLevel.AGV_Biomme_C_UAID_107C614ADD425EB302_f557d925b58a3824_1155962189',,-12835.0,32440.0,-1610.0,
SceneComponent,AGV_Biomme_C'map03_p_WP:PersistentLevel.AGV_Biomme_C_UAID_107C614ADD425EB302_f557d925b58a3824_1187051190',,11475.0,31890.0,-590.0,
SceneComponent,AGV_Biomme_C'map03_p_WP:PersistentLevel.AGV_Biomme_C_UAID_107C614ADD425EB302_f557d925b58a3824_1206363191',,26970.0,48530.0,-3580.0,
SceneComponent,AGV_Biomme_C'map03_p_WP:PersistentLevel.AGV_Biomme_C_UAID_107C614ADD425EB302_f557d925b58a3824_1223204192',,39255.0,38155.0,-2615.0,
SceneComponent,AGV_Biomme_C'map03_p_WP:PersistentLevel.AGV_Biomme_C_UAID_107C614ADD425EB302_f557d925b58a3824_1292868193',,56659.574,6657.2144,-560.0,
SceneComponent,AGV_Biomme_C'map03_p_WP:PersistentLevel.AGV_Biomme_C_UAID_107C614ADD425EB302_f557d925b58a3824_1312332194',,-2805.0,16590.0,125.0,
SceneComponent,AGV_Biomme_C'map03_p_WP:PersistentLevel.AGV_Biomme_C_UAID_107C614ADD425EB302_f557d925b58a3824_1327169195',,48955.0,-19090.0,-4635.0,
SceneComponent,AISpawner'map03_p_WP:PersistentLevel.AISpawner_UAID_04D9F5F93AD5248002_ffbd4ee98032c22b_1482003249',AISpawnerConfigSet'DA_AISpawner_Peasants',29795.379,17579.773,-1060.1603,
SceneComponent,AISpawner'map03_p_WP:PersistentLevel.AISpawner_UAID_04D9F5F93AD5248002_ffbd4ee98032c22b_1491078250',AISpawnerConfigSet'DA_AISpawner_Peasants',30371.826,17530.19,-1044.8208,
SceneComponent,AISpawner'map03_p_WP:PersistentLevel.AISpawner_UAID_04D9F5F93AD5545C02_e866662526208594_1352701803',AISpawnerConfigSet'DA_AISpawner_Infirmary',39502.82,49997.492,-3608.0378,
SceneComponent,AISpawner'map03_p_WP:PersistentLevel.AISpawner_UAID_04D9F5F93AD5545C02_e866662526208594_1352708804',AISpawnerConfigSet'DA_AISpawner_Infirmary',39822.582,49340.953,-3608.0378,
SceneComponent,AISpawner'map03_p_WP:PersistentLevel.AISpawner_UAID_04D9F5F93AD5545C02_e866662526208594_1352712805',AISpawnerConfigSet'DA_AISpawner_Infirmary',38910.53,51361.18,-3608.0378,
SceneComponent,AISpawner'map03_p_WP:PersistentLevel.AISpawner_UAID_04D9F5F93AD5545C02_e866662526208594_1352717806',AISpawnerConfigSet'DA_AISpawner_Infirmary',37931.24,51338.555,-3608.0378,
SceneComponent,AISpawner'map03_p_WP:PersistentLevel.AISpawner_UAID_04D9F5F93AD5545C02_e866662526208594_1352721807',AISpawnerConfigSet'DA_AISpawner_Infirmary',38023.08,52073.355,-3553.2947,
SceneComponent,AISpawner'map03_p_WP:PersistentLevel.AISpawner_UAID_04D9F5F93AD5545C02_e866662526208594_1352726808',AISpawnerConfigSet'DA_AISpawner_Infirmary',36417.184,51549.73,-3579.338,
SceneComponent,AISpawner'map03_p_WP:PersistentLevel.AISpawner_UAID_04D9F5F93AD5545C02_e866662526208594_1352730809',AISpawnerConfigSet'DA_AISpawner_Infirmary',35564.723,51400.094,-3579.338,
SceneComponent,AISpawner'map03_p_WP:PersistentLevel.AISpawner_UAID_04D9F5F93AD5545C02_e866662526208594_1352734810',AISpawnerConfigSet'DA_AISpawner_Infirmary',35588.684,50490.49,-3579.338,
SceneComponent,AISpawner'map03_p_WP:PersistentLevel.AISpawner_UAID_04D9F5F93AD5545C02_e866662526208594_1352738811',AISpawnerConfigSet'DA_AISpawner_Infirmary',35180.6,49920.816,-3579.338,
SceneComponent,AISpawner'map03_p_WP:PersistentLevel.AISpawner_UAID_04D9F5F93AD5545C02_e866662526208594_1352742812',AISpawnerConfigSet'DA_AISpawner_Infirmary',35575.78,48434.09,-3579.338,
SceneComponent,AISpawner'map03_p_WP:PersistentLevel.AISpawner_UAID_04D9F5F93AD5545C02_e866662526208594_1352747813',AISpawnerConfigSet'DA_AISpawner_Infirmary',36112.887,47360.81,-3579.338,
SceneComponent,AISpawner'map03_p_WP:PersistentLevel.AISpawner_UAID_04D9F5F93AD5545C02_e866662526208594_1352751814',AISpawnerConfigSet'DA_AISpawner_Infirmary',37052.082,47586.055,-3579.338,
SceneComponent,AISpawner'map03_p_WP:PersistentLevel.AISpawner_UAID_04D9F5F93AD5545C02_e866662526208594_1352755815',AISpawnerConfigSet'DA_AISpawner_Infirmary',38076.336,47954.043,-3579.338,
SceneComponent,AISpawner'map03_p_WP:PersistentLevel.AISpawner_UAID_04D9F5F93AD5545C02_e866662526208594_1352759816',AISpawnerConfigSet'DA_AISpawner_Infirmary',39245.996,48506.684,-3579.338,
SceneComponent,AISpawner'map03_p_WP:PersistentLevel.AISpawner_UAID_04D9F5F93AD5545C02_e866662526208594_1362072817',AISpawnerConfigSet'DA_AISpawner_Infirmary',36933.84,50793.723,-3579.338,
SceneComponent,BP_AISpawner_C'map03_p_WP:PersistentLevel.BP_AISpawner_C_35267f9c3545d35c_0',AISpawnerConfigSet'DA_AISpawner_Peasants',56063.207,29596.52,-4821.4375,
SceneComponent,BP_AISpawner_C'map03_p_WP:PersistentLevel.BP_AISpawner_C_35267f9c3545d35c_1',AISpawnerConfigSet'DA_AISpawner_Peasants',56518.44,29869.375,-4821.4375,
SceneComponent,BP_AISpawner_C'map03_p_WP:PersistentLevel.BP_AISpawner_C_35267f9c3545d35c_10',AISpawnerConfigSet'DA_AISpawner_Peasants',57650.53,29408.928,-4430.56,
SceneComponent,BP_AISpawner_C'map03_p_WP:PersistentLevel.BP_AISpawner_C_35267f9c3545d35c_11',AISpawnerConfigSet'DA_AISpawner_Mobs',54153.56,32792.176,-5505.3022,
SceneComponent,BP_AISpawner_C'map03_p_WP:PersistentLevel.BP_AISpawner_C_35267f9c3545d35c_13',AISpawnerConfigSet'DA_AISpawner_Mobs',54768.45,32444.861,-5617.924,
SceneComponent,BP_AISpawner_C'map03_p_WP:PersistentLevel.BP_AISpawner_C_35267f9c3545d35c_17',AISpawnerConfigSet'DA_AISpawner_Peasants',54862.598,31775.299,-5627.356,
SceneComponent,BP_AISpawner_C'map03_p_WP:PersistentLevel.BP_AISpawner_C_35267f9c3545d35c_2',AISpawnerConfigSet'DA_AISpawner_Peasants',57250.496,30464.58,-4821.4375,
SceneComponent,BP_AISpawner_C'map03_p_WP:PersistentLevel.BP_AISpawner_C_35267f9c3545d35c_21',AISpawnerConfigSet'DA_AISpawner_Peasants',55465.547,30921.03,-5634.7646,
SceneComponent,BP_AISpawner_C'map03_p_WP:PersistentLevel.BP_AISpawner_C_35267f9c3545d35c_23',AISpawnerConfigSet'DA_AISpawner_Peasants',55814.74,30116.148,-5630.6655,
SceneComponent,BP_AISpawner_C'map03_p_WP:PersistentLevel.BP_AISpawner_C_35267f9c3545d35c_25',AISpawnerConfigSet'DA_AISpawner_Peasants',56463.855,29228.127,-5623.571,
SceneComponent,BP_AISpawner_C'map03_p_WP:PersistentLevel.BP_AISpawner_C_35267f9c3545d35c_29',AISpawnerConfigSet'DA_AISpawner_Peasants',56307.117,28179.82,-5451.908,
SceneComponent,BP_AISpawner_C'map03_p_WP:PersistentLevel.BP_AISpawner_C_35267f9c3545d35c_3',AISpawnerConfigSet'DA_AISpawner_Peasants',57480.74,29974.824,-4821.4375,
SceneComponent,BP_AISpawner_C'map03_p_WP:PersistentLevel.BP_AISpawner_C_35267f9c3545d35c_31',AISpawnerConfigSet'DA_AISpawner_Peasants',55715.87,28757.613,-5364.2417,
SceneComponent,BP_AISpawner_C'map03_p_WP:PersistentLevel.BP_AISpawner_C_35267f9c3545d35c_4',AISpawnerConfigSet'DA_AISpawner_Peasants',57585.293,29225.674,-4821.4375,
SceneComponent,BP_AISpawner_C'map03_p_WP:PersistentLevel.BP_AISpawner_C_35267f9c3545d35c_5',AISpawnerConfigSet'DA_AISpawner_Peasants',56178.324,32018.879,-4869.8467,
SceneComponent,BP_AISpawner_C'map03_p_WP:PersistentLevel.BP_AISpawner_C_35267f9c3545d35c_6',AISpawnerConfigSet'DA_AISpawner_Peasants',55412.152,29371.357,-4821.4375,
SceneComponent,BP_AISpawner_C'map03_p_WP:PersistentLevel.BP_AISpawner_C_5abb851929817da7_1',AISpawnerConfigSet'DA_AISpawner_Military',-11129.392,-585.39575,1926.0066,
SceneComponent,BP_AISpawner_C'map03_p_WP:PersistentLevel.BP_AISpawner_C_5abb851929817da7_3',AISpawnerConfigSet'DA_AISpawner_Military',-11549.164,-1050.6124,1879.4576,
SceneComponent,BP_AISpawner_C'map03_p_WP:PersistentLevel.BP_AISpawner_C_7f13be226a970f87_1',AISpawnerConfigSet'DA_AISpawner_Military',61688.72,17367.117,-2332.3145,
SceneComponent,BP_AISpawner_C'map03_p_WP:PersistentLevel.BP_AISpawner_C_7f13be226a970f87_3',AISpawnerConfigSet'DA_AISpawner_Military',61236.51,16933.36,-2378.8633,
SceneComponent,BP_AISpawner_C'map03_p_WP:PersistentLevel.BP_AISpawner_C_UAID_046874882494928402_29fb098085780a4e_1955512311',AISpawnerConfigSet'DA_AISpawner_Peasants',23345.633,20024.96,21.865223,
SceneComponent,BP_AISpawner_C'map03_p_WP:PersistentLevel.BP_AISpawner_C_UAID_046874882494928402_29fb098085780a4e_1955522318',AISpawnerConfigSet'DA_AISpawner_Peasants',25173.14,19989.105,58.152847,
SceneComponent,BP_AISpawner_C'map03_p_WP:PersistentLevel.BP_AISpawner_C_UAID_046874882494928402_29fb098085780a4e_1955525319',AISpawnerConfigSet'DA_AISpawner_Peasants',23962.291,18628.133,46.815502,
SceneComponent,BP_AISpawner_C'map03_p_WP:PersistentLevel.BP_AISpawner_C_UAID_046874882494928402_29fb098085780a4e_1956203470',AISpawnerConfigSet'DA_AISpawner_Peasants',29876.744,17656.957,181.48299,
SceneComponent,BP_AISpawner_C'map03_p_WP:PersistentLevel.BP_AISpawner_C_UAID_046874882494928402_29fb098085780a4e_1956243489',AISpawnerConfigSet'DA_AISpawner_Peasants',29499.16,17742.176,174.04735,
SceneComponent,BP_AISpawner_C'map03_p_WP:PersistentLevel.BP_AISpawner_C_UAID_046874882494938402_29fb098085780a4e_1356784892',AISpawnerConfigSet'DA_AISpawner_Peasants',22014.717,18807.88,-3.105219,
SceneComponent,BP_AISpawner_C'map03_p_WP:PersistentLevel.BP_AISpawner_C_UAID_046874882494938402_29fb098085780a4e_1356799898',AISpawnerConfigSet'DA_AISpawner_Peasants',22811.287,18506.271,-4.935098,
SceneComponent,BP_AISpawner_C'map03_p_WP:PersistentLevel.BP_AISpawner_C_UAID_046874882494938402_29fb098085780a4e_1356801899',AISpawnerConfigSet'DA_AISpawner_Peasants',22351.975,19258.459,-3.105219,
SceneComponent,BP_AISpawner_C'map03_p_WP:PersistentLevel.BP_AISpawner_C_UAID_046874882494938402_29fb098085780a4e_1356808903',AISpawnerConfigSet'DA_AISpawner_Peasants',22826.158,18944.76,-3.105219,
SceneComponent,BP_AISpawner_C'map03_p_WP:PersistentLevel.BP_AISpawner_C_UAID_046874882494AD8D02_e866662526208594_1994888630',AISpawnerConfigSet'DA_AISpawner_Infirmary',37305.652,48364.18,-3627.6023,
SceneComponent,BP_AISpawner_C'map03_p_WP:PersistentLevel.BP_AISpawner_C_UAID_046874882494AD8D02_e866662526208594_1995785688',AISpawnerConfigSet'DA_AISpawner_Infirmary',37973.746,50224.766,-3625.3152,
SceneComponent,BP_AISpawner_C'map03_p_WP:PersistentLevel.BP_AISpawner_C_UAID_046874882494AD8D02_e866662526208594_1996695750',AISpawnerConfigSet'DA_AISpawner_Infirmary',36328.207,47951.06,-3630.0898,
SceneComponent,BP_AISpawner_C'map03_p_WP:PersistentLevel.BP_AISpawner_C_UAID_046874882494AD8D02_e866662526208594_1997725825',AISpawnerConfigSet'DA_AISpawner_Infirmary',36734.29,49457.227,-3626.1128,
SceneComponent,BP_AISpawner_C'map03_p_WP:PersistentLevel.BP_AISpawner_C_UAID_046874882494AD8D02_e866662526208594_1998719889',AISpawnerConfigSet'DA_AISpawner_Infirmary',38727.37,50523.49,-3626.1562,
SceneComponent,BP_AISpawner_C'map03_p_WP:PersistentLevel.BP_AISpawner_C_UAID_046874882494AD8D02_e866662526208594_1999793979',AISpawnerConfigSet'DA_AISpawner_Infirmary',39126.395,49251.676,-3639.5671,
SceneComponent,BP_AISpawner_C'map03_p_WP:PersistentLevel.BP_AISpawner_C_UAID_046874882494AD8D02_e866662526208594_2000672037',AISpawnerConfigSet'DA_AISpawner_Infirmary',35953.984,49196.88,-3636.018,
SceneComponent,BP_AISpawner_C'map03_p_WP:PersistentLevel.BP_AISpawner_C_UAID_046874882494AD8D02_e866662526208594_2001498066',AISpawnerConfigSet'DA_AISpawner_Infirmary',38133.168,48812.47,-3634.175,
SceneComponent,BP_AISpawner_C'map03_p_WP:PersistentLevel.BP_AISpawner_C_UAID_046874882494BB8602_92f9112ff1518191_1730399915',AISpawnerConfigSet'DA_AISpawner_Military',42634.91,-11751.46,-3821.4187,
SceneComponent,BP_AISpawner_C'map03_p_WP:PersistentLevel.BP_AISpawner_C_UAID_046874882494D77F02_46c6e786a3fd7089_1162630213',AISpawnerConfigSet'DA_AISpawner_Peasants',23905.732,40360.816,-2375.9778,
SceneComponent,BP_AISpawner_C'map03_p_WP:PersistentLevel.BP_AISpawner_C_UAID_046874882494D77F02_46c6e786a3fd7089_1162661228',AISpawnerConfigSet'DA_AISpawner_Peasants',26428.342,39884.94,-2375.9778,
SceneComponent,BP_AISpawner_C'map03_p_WP:PersistentLevel.BP_AISpawner_C_UAID_046874882494D77F02_46c6e786a3fd7089_1162684239',AISpawnerConfigSet'DA_AISpawner_Peasants',25300.982,40691.098,-2375.9778,
SceneComponent,BP_AISpawner_C'map03_p_WP:PersistentLevel.BP_AISpawner_C_UAID_04D9F5F93AD5023602_70b069ed0aa90e45_1798496921',AISpawnerConfigSet'DA_AISpawner_Peasants',33167.805,22984.205,-5582.994,
SceneComponent,BP_AISpawner_C'map03_p_WP:PersistentLevel.BP_AISpawner_C_UAID_04D9F5F93AD5023602_70b069ed0aa90e45_1800273922',AISpawnerConfigSet'DA_AISpawner_Peasants',33107.24,22252.203,-5481.0645,
SceneComponent,BP_AISpawner_C'map03_p_WP:PersistentLevel.BP_AISpawner_C_UAID_04D9F5F93AD5232D02_5abb851929817da7_1372669305',AISpawnerConfigSet'DA_AISpawner_Military',-11886.517,-863.0265,1875.2896,
SceneComponent,BP_AISpawner_C'map03_p_WP:PersistentLevel.BP_AISpawner_C_UAID_04D9F5F93AD5232D02_7f13be226a970f87_1372669305',AISpawnerConfigSet'DA_AISpawner_Military',60913.555,17144.766,-2383.0315,
SceneComponent,BP_AISpawner_C'map03_p_WP:PersistentLevel.BP_AISpawner_C_UAID_04D9F5F93AD5232D02_ce52be21fe63b205_1372669305',AISpawnerConfigSet'DA_AISpawner_Military',14793.395,-13443.496,206.66833,
SceneComponent,BP_AISpawner_C'map03_p_WP:PersistentLevel.BP_AISpawner_C_UAID_04D9F5F93AD5232D02_d30a12f2c04c18d1_1372669305',AISpawnerConfigSet'DA_AISpawner_Military',-12916.675,47566.906,-2296.1702,
SceneComponent,BP_AISpawner_C'map03_p_WP:PersistentLevel.BP_AISpawner_C_UAID_04D9F5F93AD53B3102_70b069ed0aa90e45_1815765838',AISpawnerConfigSet'DA_AISpawner_Peasants',31330.242,22073.352,-5517.909,
SceneComponent,BP_AISpawner_C'map03_p_WP:PersistentLevel.BP_AISpawner_C_UAID_04D9F5F93AD53B3102_70b069ed0aa90e45_1819376839',AISpawnerConfigSet'DA_AISpawner_Peasants',31968.91,21773.809,-5569.6045,
SceneComponent,BP_AISpawner_C'map03_p_WP:PersistentLevel.BP_AISpawner_C_UAID_04D9F5F93AD53D7302_edad57567b47cde9_1612517701',AISpawnerConfigSet'DA_AISpawner_DirigibleQuest',10937.494,-3667.3381,-82.3203,
SceneComponent,BP_AISpawner_C'map03_p_WP:PersistentLevel.BP_AISpawner_C_UAID_04D9F5F93AD54A5702_d30c5cf25f8a0dcb_2045424356',AISpawnerConfigSet'DA_AISpawner_Peasants',24524.621,-1528.7803,-1009.4763,
SceneComponent,BP_AISpawner_C'map03_p_WP:PersistentLevel.BP_AISpawner_C_UAID_04D9F5F93AD54A5702_d30c5cf25f8a0dcb_2059075357',AISpawnerConfigSet'DA_AISpawner_Peasants',24158.04,-809.354,-988.3662,
SceneComponent,BP_AISpawner_C'map03_p_WP:PersistentLevel.BP_AISpawner_C_UAID_04D9F5F93AD54A5702_d30c5cf25f8a0dcb_2070077358',AISpawnerConfigSet'DA_AISpawner_Peasants',23490.057,-1902.8763,-1009.47626,
SceneComponent,BP_AISpawner_C'map03_p_WP:PersistentLevel.BP_AISpawner_C_UAID_04D9F5F93AD54A5702_d30c5cf25f8a0dcb_2079570359',AISpawnerConfigSet'DA_AISpawner_Peasants',23171.098,-2883.7812,-989.4183,
SceneComponent,BP_AISpawner_C'map03_p_WP:PersistentLevel.BP_AISpawner_C_UAID_04D9F5F93AD54A5702_d30c5cf25f8a0dcb_2089359360',AISpawnerConfigSet'DA_AISpawner_Peasants',23122.984,-22.197828,-989.99713,
SceneComponent,BP_AISpawner_C'map03_p_WP:PersistentLevel.BP_AISpawner_C_UAID_04D9F5F93AD54D4502_6050371b4132a7ae_1633610924',AISpawnerConfigSet'DA_AISpawner_Peasants',29215.855,-15780.841,-3691.8716,
SceneComponent,BP_AISpawner_C'map03_p_WP:PersistentLevel.BP_AISpawner_C_UAID_04D9F5F93AD54D4502_6050371b4132a7ae_1635641925',AISpawnerConfigSet'DA_AISpawner_Peasants',29669.854,-16138.313,-3846.2173,
SceneComponent,BP_AISpawner_C'map03_p_WP:PersistentLevel.BP_AISpawner_C_UAID_04D9F5F93AD54D4502_6050371b4132a7ae_1653999926',AISpawnerConfigSet'DA_AISpawner_Peasants',29007.373,-16330.352,-3644.099,
SceneComponent,BP_AISpawner_C'map03_p_WP:PersistentLevel.BP_AISpawner_C_UAID_04D9F5F93AD5732D02_2c07323eb2e99beb_1167438452',AISpawnerConfigSet'DA_AISpawner_Miniboss',33349.414,8492.365,1195.3127,
SceneComponent,BP_AISpawner_C'map03_p_WP:PersistentLevel.BP_AISpawner_C_UAID_04D9F5F93AD5732D02_2c07323eb2e99beb_1183017453',AISpawnerConfigSet'DA_AISpawner_Miniboss',33650.473,9391.279,1195.3127,
SceneComponent,BP_AISpawner_C'map03_p_WP:PersistentLevel.BP_AISpawner_C_UAID_04D9F5F93AD5732D02_2c07323eb2e99beb_1195781454',AISpawnerConfigSet'DA_AISpawner_Military',34064.234,9065.505,1195.3127,
SceneComponent,BP_AISpawner_C'map03_p_WP:PersistentLevel.BP_AISpawner_C_UAID_04D9F5F93AD5732D02_2c07323eb2e99beb_1243679456',AISpawnerConfigSet'DA_AISpawner_Military',35079.082,8955.474,1195.3127,
SceneComponent,BP_AISpawner_C'map03_p_WP:PersistentLevel.BP_AISpawner_C_UAID_04D9F5F93AD5732D02_2c07323eb2e99beb_1246322457',AISpawnerConfigSet'DA_AISpawner_Military',34285.65,9895.237,1195.3127,
SceneComponent,BP_AISpawner_C'map03_p_WP:PersistentLevel.BP_AISpawner_C_UAID_04D9F5F93AD5732D02_2c07323eb2e99beb_1251527458',AISpawnerConfigSet'DA_AISpawner_Military',33618.383,10583.558,1195.3127,
SceneComponent,BP_AISpawner_C'map03_p_WP:PersistentLevel.BP_AISpawner_C_UAID_04D9F5F93AD5732D02_2c07323eb2e99beb_1255311459',AISpawnerConfigSet'DA_AISpawner_Military',32477.135,11315.09,1195.3127,
SceneComponent,BP_AISpawner_C'map03_p_WP:PersistentLevel.BP_AISpawner_C_UAID_04D9F5F93AD5732D02_2c07323eb2e99beb_1257053460',AISpawnerConfigSet'DA_AISpawner_Military',31823.855,10567.481,1195.3127,
SceneComponent,BP_AISpawner_C'map03_p_WP:PersistentLevel.BP_AISpawner_C_UAID_04D9F5F93AD5732D02_2c07323eb2e99beb_1260977461',AISpawnerConfigSet'DA_AISpawner_Military',31381.785,10062.387,1195.3127,
SceneComponent,BP_AISpawner_C'map03_p_WP:PersistentLevel.BP_AISpawner_C_UAID_04D9F5F93AD5732D02_2c07323eb2e99beb_1263458462',AISpawnerConfigSet'DA_AISpawner_Military',31070.377,9337.021,1195.3127,
SceneComponent,BP_AISpawner_C'map03_p_WP:PersistentLevel.BP_AISpawner_C_UAID_04D9F5F93AD5732D02_2c07323eb2e99beb_1267402463',AISpawnerConfigSet'DA_AISpawner_Military',31214.809,8490.974,1195.3127,
SceneComponent,BP_AISpawner_C'map03_p_WP:PersistentLevel.BP_AISpawner_C_UAID_04D9F5F93AD5732D02_2c07323eb2e99beb_1271312464',AISpawnerConfigSet'DA_AISpawner_Military',32028.42,8366.578,1195.3127,
SceneComponent,BP_AISpawner_C'map03_p_WP:PersistentLevel.BP_AISpawner_C_UAID_04D9F5F93AD5732D02_2c07323eb2e99beb_1277113465',AISpawnerConfigSet'DA_AISpawner_Military',32504.883,9251.912,1195.3127,
SceneComponent,BP_AISpawner_C'map03_p_WP:PersistentLevel.BP_AISpawner_C_UAID_04D9F5F93AD5732D02_2c07323eb2e99beb_1281386466',AISpawnerConfigSet'DA_AISpawner_Military',34166.734,8186.6777,1195.3127,
SceneComponent,BP_AISpawner_C'map03_p_WP:PersistentLevel.BP_AISpawner_C_UAID_04D9F5F93AD5732D02_2c07323eb2e99beb_1284815467',AISpawnerConfigSet'DA_AISpawner_Military',33603.438,7307.8853,1195.3127,
SceneComponent,BP_AISpawner_C'map03_p_WP:PersistentLevel.BP_AISpawner_C_UAID_04D9F5F93AD5732D02_2c07323eb2e99beb_1287757468',AISpawnerConfigSet'DA_AISpawner_Military',33890.47,6823.16,1195.3127,
SceneComponent,BP_AISpawner_C'map03_p_WP:PersistentLevel.BP_AISpawner_C_UAID_04D9F5F93AD5732D02_2c07323eb2e99beb_1303112470',AISpawnerConfigSet'DA_AISpawner_Military',32806.41,7818.774,1195.3127,
SceneComponent,BP_AISpawner_C'map03_p_WP:PersistentLevel.BP_AISpawner_C_UAID_04D9F5F93AD5793302_00bbfbf2603ca7c5_1406589278',AISpawnerConfigSet'DA_AISpawner_Mobs_Rare',22421.217,10288.252,416.45886,
SceneComponent,BP_AISpawner_C'map03_p_WP:PersistentLevel.BP_AISpawner_C_UAID_04D9F5F93AD5793302_0199a6fdbabff49b_1406589278',AISpawnerConfigSet'DA_AISpawner_Mobs_Rare',30687.791,46514.59,-3602.9429,
SceneComponent,BP_AISpawner_C'map03_p_WP:PersistentLevel.BP_AISpawner_C_UAID_04D9F5F93AD5793302_027c90f8705a752f_1406589278',AISpawnerConfigSet'DA_AISpawner_Mobs_Rare',58585.848,20062.373,-2634.5886,
SceneComponent,BP_AISpawner_C'map03_p_WP:PersistentLevel.BP_AISpawner_C_UAID_04D9F5F93AD5793302_02f51f5ca109d340_1406589278',AISpawnerConfigSet'DA_AISpawner_Mobs_Rare',11336.651,-7118.812,-95.27767,
SceneComponent,BP_AISpawner_C'map03_p_WP:PersistentLevel.BP_AISpawner_C_UAID_04D9F5F93AD5793302_066098f7cb8e5f7a_1406589278',AISpawnerConfigSet'DA_AISpawner_Mobs_Rare',29999.297,32676.36,-2072.4783,
SceneComponent,BP_AISpawner_C'map03_p_WP:PersistentLevel.BP_AISpawner_C_UAID_04D9F5F93AD5793302_07227bf2c1055211_1406589278',AISpawnerConfigSet'DA_AISpawner_Mobs_Rare',-10560.403,46687.273,-2519.64,
SceneComponent,BP_AISpawner_C'map03_p_WP:PersistentLevel.BP_AISpawner_C_UAID_04D9F5F93AD5793302_0a89ff0b5d3f8861_1406589278',AISpawnerConfigSet'DA_AISpawner_Mobs_Rare',59286.58,15607.5,-2665.8772,
SceneComponent,BP_AISpawner_C'map03_p_WP:PersistentLevel.BP_AISpawner_C_UAID_04D9F5F93AD5793302_1498c6bcbb68b211_1406589278',AISpawnerConfigSet'DA_AISpawner_Mobs_Rare',2984.4907,49750.832,-3010.738,
SceneComponent,BP_AISpawner_C'map03_p_WP:PersistentLevel.BP_AISpawner_C_UAID_04D9F5F93AD5793302_152a8f94a62cb297_1406589278',AISpawnerConfigSet'DA_AISpawner_Mobs_Rare',-18216.742,35163.16,94.347275,
SceneComponent,BP_AISpawner_C'map03_p_WP:PersistentLevel.BP_AISpawner_C_UAID_04D9F5F93AD5793302_16db07e943acaa06_1406589278',AISpawnerConfigSet'DA_AISpawner_Mobs_Rare',32262.959,45446.99,-3656.9211,
SceneComponent,BP_AISpawner_C'map03_p_WP:PersistentLevel.BP_AISpawner_C_UAID_04D9F5F93AD5793302_184b21bcd6b5d100_1406589278',AISpawnerConfigSet'DA_AISpawner_Mobs_Rare',4014.4578,-6324.4897,114.75704,
SceneComponent,BP_AISpawner_C'map03_p_WP:PersistentLevel.BP_AISpawner_C_UAID_04D9F5F93AD5793302_19943a331df0bbef_1406589278',AISpawnerConfigSet'DA_AISpawner_Mobs_Rare',25887.15,597.2333,-922.3557,
SceneComponent,BP_AISpawner_C'map03_p_WP:PersistentLevel.BP_AISpawner_C_UAID_04D9F5F93AD5793302_19d666035b4a969e_1406589278',AISpawnerConfigSet'DA_AISpawner_Mobs_Rare',20019.014,41024.293,-1999.275,
SceneComponent,BP_AISpawner_C'map03_p_WP:PersistentLevel.BP_AISpawner_C_UAID_04D9F5F93AD5793302_1b805e21be67cf32_1406589278',AISpawnerConfigSet'DA_AISpawner_Mobs_Rare',584.679,49471.156,-2909.5464,
SceneComponent,BP_AISpawner_C'map03_p_WP:PersistentLevel.BP_AISpawner_C_UAID_04D9F5F93AD5793302_1d3034e5c1b28599_1406589278',AISpawnerConfigSet'DA_AISpawner_Mobs_Rare',27812.82,-311.72803,-900.2866,
SceneComponent,BP_AISpawner_C'map03_p_WP:PersistentLevel.BP_AISpawner_C_UAID_04D9F5F93AD5793302_1f82be4675bcfe32_1406589278',AISpawnerConfigSet'DA_AISpawner_Mobs_Rare',7241.054,-8779.235,-35.447994,
SceneComponent,BP_AISpawner_C'map03_p_WP:PersistentLevel.BP_AISpawner_C_UAID_04D9F5F93AD5793302_230cc9d877550326_1406589278',AISpawnerConfigSet'DA_AISpawner_Mobs_Rare',49478.66,13542.188,-590.41797,
SceneComponent,BP_AISpawner_C'map03_p_WP:PersistentLevel.BP_AISpawner_C_UAID_04D9F5F93AD5793302_24f0ae58c07ab4a7_1406589278',AISpawnerConfigSet'DA_AISpawner_Mobs_Rare',7367.436,-6875.353,63.94666,
SceneComponent,BP_AISpawner_C'map03_p_WP:PersistentLevel.BP_AISpawner_C_UAID_04D9F5F93AD5793302_2609f4d1d02996c9_1406589278',AISpawnerConfigSet'DA_AISpawner_Mobs_Rare',-10061.574,41567.76,-2541.08,
SceneComponent,BP_AISpawner_C'map03_p_WP:PersistentLevel.BP_AISpawner_C_UAID_04D9F5F93AD5793302_26bca98c3bc21f65_1406589278',AISpawnerConfigSet'DA_AISpawner_Mobs_Rare',-10840.294,-14476.892,1224.9866,
SceneComponent,BP_AISpawner_C'map03_p_WP:PersistentLevel.BP_AISpawner_C_UAID_04D9F5F93AD5793302_275846b15c35d52e_1406589278',AISpawnerConfigSet'DA_AISpawner_Mobs_Rare',29632.99,-19910.967,-2218.8447,
SceneComponent,BP_AISpawner_C'map03_p_WP:PersistentLevel.BP_AISpawner_C_UAID_04D9F5F93AD5793302_27b9f45235177406_1406589278',AISpawnerConfigSet'DA_AISpawner_Mobs_Rare',-4452.895,-10508.578,495.61984,
SceneComponent,BP_AISpawner_C'map03_p_WP:PersistentLevel.BP_AISpawner_C_UAID_04D9F5F93AD5793302_2a55e2eb19857f6f_1406589278',AISpawnerConfigSet'DA_AISpawner_Mobs_Rare',-19463.957,5087.154,224.03555,
SceneComponent,BP_AISpawner_C'map03_p_WP:PersistentLevel.BP_AISpawner_C_UAID_04D9F5F93AD5793302_2cb31065dda6ef50_1406589278',AISpawnerConfigSet'DA_AISpawner_Mobs_Rare',-7497.7114,11829.03,-56.60789,
SceneComponent,BP_AISpawner_C'map03_p_WP:PersistentLevel.BP_AISpawner_C_UAID_04D9F5F93AD5793302_2dba8f448c1890ab_1406589278',AISpawnerConfigSet'DA_AISpawner_Mobs_Rare',29686.816,206.7526,-900.2866,
SceneComponent,BP_AISpawner_C'map03_p_WP:PersistentLevel.BP_AISpawner_C_UAID_04D9F5F93AD5793302_2fe1ddc005042704_1406589278',AISpawnerConfigSet'DA_AISpawner_Mobs_Rare',4568.1045,51872.562,-3207.7805,
SceneComponent,BP_AISpawner_C'map03_p_WP:PersistentLevel.BP_AISpawner_C_UAID_04D9F5F93AD5793302_30605cea70a6b4f6_1406589278',AISpawnerConfigSet'DA_AISpawner_Mobs_Rare',-11740.412,-12135.401,1246.705,
SceneComponent,BP_AISpawner_C'map03_p_WP:PersistentLevel.BP_AISpawner_C_UAID_04D9F5F93AD5793302_33460ce73b1a902d_1406589278',AISpawnerConfigSet'DA_AISpawner_Mobs_Rare',-12054.635,40824.773,-2538.3655,
SceneComponent,BP_AISpawner_C'map03_p_WP:PersistentLevel.BP_AISpawner_C_UAID_04D9F5F93AD5793302_3974a14bb10b0e44_1406589278',AISpawnerConfigSet'DA_AISpawner_Mobs_Rare',-19684.055,11092.445,-56.292557,
SceneComponent,BP_AISpawner_C'map03_p_WP:PersistentLevel.BP_AISpawner_C_UAID_04D9F5F93AD5793302_3bbfeac3bb1ffb34_1406589278',AISpawnerConfigSet'DA_AISpawner_Mobs_Rare',21506.91,-9497.243,-1136.1206,
SceneComponent,BP_AISpawner_C'map03_p_WP:PersistentLevel.BP_AISpawner_C_UAID_04D9F5F93AD5793302_43b4701b4c855041_1406589278',AISpawnerConfigSet'DA_AISpawner_Mobs_Rare',12030.789,-13102.523,-140.54236,
SceneComponent,BP_AISpawner_C'map03_p_WP:PersistentLevel.BP_AISpawner_C_UAID_04D9F5F93AD5793302_4aa21e7724921762_1406589278',AISpawnerConfigSet'DA_AISpawner_Mobs_Rare',28307.361,-10056.271,-2316.4026,
SceneComponent,BP_AISpawner_C'map03_p_WP:PersistentLevel.BP_AISpawner_C_UAID_04D9F5F93AD5793302_4dfd252aeeb969c0_1406589278',AISpawnerConfigSet'DA_AISpawner_Mobs_Rare',-2303.1812,-9391.339,466.9051,
SceneComponent,BP_AISpawner_C'map03_p_WP:PersistentLevel.BP_AISpawner_C_UAID_04D9F5F93AD5793302_5572fa001372036a_1406589278',AISpawnerConfigSet'DA_AISpawner_Mobs_Rare',7023.4644,3922.6472,-543.25415,
SceneComponent,BP_AISpawner_C'map03_p_WP:PersistentLevel.BP_AISpawner_C_UAID_04D9F5F93AD5793302_5bab36c05c0da029_1406589278',AISpawnerConfigSet'DA_AISpawner_Mobs_Rare',-5116.2153,16465.719,20.842638,
SceneComponent,BP_AISpawner_C'map03_p_WP:PersistentLevel.BP_AISpawner_C_UAID_04D9F5F93AD5793302_5bb0400d5274a1ca_1406589278',AISpawnerConfigSet'DA_AISpawner_Mobs_Rare',18070.502,29733.2,-1744.9652,
SceneComponent,BP_AISpawner_C'map03_p_WP:PersistentLevel.BP_AISpawner_C_UAID_04D9F5F93AD5793302_5e012efb0afdeba4_1406589278',AISpawnerConfigSet'DA_AISpawner_Mobs_Rare',28729.66,47487.438,-3545.6924,
SceneComponent,BP_AISpawner_C'map03_p_WP:PersistentLevel.BP_AISpawner_C_UAID_04D9F5F93AD5793302_5ef86386dad58889_1406589278',AISpawnerConfigSet'DA_AISpawner_Mobs_Rare',21972.887,-7512.0938,-1221.6823,
SceneComponent,BP_AISpawner_C'map03_p_WP:PersistentLevel.BP_AISpawner_C_UAID_04D9F5F93AD5793302_5f462b5d8c7fd6cf_1406589278',AISpawnerConfigSet'DA_AISpawner_Mobs_Rare',51616.395,-6909.8657,-4135.961,
SceneComponent,BP_AISpawner_C'map03_p_WP:PersistentLevel.BP_AISpawner_C_UAID_04D9F5F93AD5793302_60408c87fe7e2db7_1406589278',AISpawnerConfigSet'DA_AISpawner_Mobs_Rare',6834.3647,-11320.85,-45.657803,
SceneComponent,BP_AISpawner_C'map03_p_WP:PersistentLevel.BP_AISpawner_C_UAID_04D9F5F93AD5793302_608d6fff7c4985c4_1406589278',AISpawnerConfigSet'DA_AISpawner_Mobs_Rare',27477.396,10592.025,1197.2498,
SceneComponent,BP_AISpawner_C'map03_p_WP:PersistentLevel.BP_AISpawner_C_UAID_04D9F5F93AD5793302_6321a2a9add6a258_1406589278',AISpawnerConfigSet'DA_AISpawner_Mobs_Rare',-10372.663,14318.519,-59.9283,
SceneComponent,BP_AISpawner_C'map03_p_WP:PersistentLevel.BP_AISpawner_C_UAID_04D9F5F93AD5793302_63abc86bfbec4f91_1406589278',AISpawnerConfigSet'DA_AISpawner_Mobs_Rare',5940.704,48508.508,-2985.9849,
SceneComponent,BP_AISpawner_C'map03_p_WP:PersistentLevel.BP_AISpawner_C_UAID_04D9F5F93AD5793302_662c659b85a08435_1406589278',AISpawnerConfigSet'DA_AISpawner_Mobs_Rare',-6978.9766,-6380.117,425.76532,
SceneComponent,BP_AISpawner_C'map03_p_WP:PersistentLevel.BP_AISpawner_C_UAID_04D9F5F93AD5793302_66beb5a8bb944851_1406589278',AISpawnerConfigSet'DA_AISpawner_Mobs_Rare',-22126.646,31445.889,49.38645,
SceneComponent,BP_AISpawner_C'map03_p_WP:PersistentLevel.BP_AISpawner_C_UAID_04D9F5F93AD5793302_6be4a3703aa779d5_1406589278',AISpawnerConfigSet'DA_AISpawner_Mobs_Rare',-11218.718,8424.163,-138.84334,
SceneComponent,BP_AISpawner_C'map03_p_WP:PersistentLevel.BP_AISpawner_C_UAID_04D9F5F93AD5793302_73c574e1e47e4225_1406589278',AISpawnerConfigSet'DA_AISpawner_Mobs_Rare',-10228.321,9496.574,-148.90384,
SceneComponent,BP_AISpawner_C'map03_p_WP:PersistentLevel.BP_AISpawner_C_UAID_04D9F5F93AD5793302_7de613dde6f083e7_1406589278',AISpawnerConfigSet'DA_AISpawner_Mobs_Rare',8569.862,-14482.245,-88.21273,
SceneComponent,BP_AISpawner_C'map03_p_WP:PersistentLevel.BP_AISpawner_C_UAID_04D9F5F93AD5793302_82bcf12c679aaf8a_1406589278',AISpawnerConfigSet'DA_AISpawner_Mobs_Rare',-4316.89,15264.63,-14.034435,
SceneComponent,BP_AISpawner_C'map03_p_WP:PersistentLevel.BP_AISpawner_C_UAID_04D9F5F93AD5793302_86ae4c6b6edbb75f_1406589278',AISpawnerConfigSet'DA_AISpawner_Mobs_Rare',-13250.123,9439.299,-43.142483,
SceneComponent,BP_AISpawner_C'map03_p_WP:PersistentLevel.BP_AISpawner_C_UAID_04D9F5F93AD5793302_8b4f584eee92d44a_1406589278',AISpawnerConfigSet'DA_AISpawner_Mobs_Rare',16098.135,24713.229,-1275.2319,
SceneComponent,BP_AISpawner_C'map03_p_WP:PersistentLevel.BP_AISpawner_C_UAID_04D9F5F93AD5793302_8c5d158e6e24c828_1406589278',AISpawnerConfigSet'DA_AISpawner_Mobs_Rare',22040.342,33841.535,-1676.3418,
SceneComponent,BP_AISpawner_C'map03_p_WP:PersistentLevel.BP_AISpawner_C_UAID_04D9F5F93AD5793302_929f59472065ed1f_1406589278',AISpawnerConfigSet'DA_AISpawner_Mobs_Rare',-2520.309,956.91925,-546.2795,
SceneComponent,BP_AISpawner_C'map03_p_WP:PersistentLevel.BP_AISpawner_C_UAID_04D9F5F93AD5793302_96fef2cc515633d3_1406589278',AISpawnerConfigSet'DA_AISpawner_Mobs_Rare',37337.504,55463.562,-3542.4436,
SceneComponent,BP_AISpawner_C'map03_p_WP:PersistentLevel.BP_AISpawner_C_UAID_04D9F5F93AD5793302_978a6b61ef515b08_1406589278',AISpawnerConfigSet'DA_AISpawner_Mobs_Rare',25085.637,-15135.665,-2425.8323,
SceneComponent,BP_AISpawner_C'map03_p_WP:PersistentLevel.BP_AISpawner_C_UAID_04D9F5F93AD5793302_a266635abc9e13d4_1406589278',AISpawnerConfigSet'DA_AISpawner_Mobs_Rare',-2594.94,33659.2,-2527.0247,
SceneComponent,BP_AISpawner_C'map03_p_WP:PersistentLevel.BP_AISpawner_C_UAID_04D9F5F93AD5793302_a46d2591e99e4bd3_1406589278',AISpawnerConfigSet'DA_AISpawner_Mobs_Rare',38177.918,37403.844,-2778.3137,
SceneComponent,BP_AISpawner_C'map03_p_WP:PersistentLevel.BP_AISpawner_C_UAID_04D9F5F93AD5793302_a4a370a890cc3cd2_1406589278',AISpawnerConfigSet'DA_AISpawner_Mobs_Rare',-9587.442,11841.779,-79.44543,
SceneComponent,BP_AISpawner_C'map03_p_WP:PersistentLevel.BP_AISpawner_C_UAID_04D9F5F93AD5793302_aca3e254e880a9bb_1406589278',AISpawnerConfigSet'DA_AISpawner_Mobs_Rare',53531.926,8373.758,-590.41797,
SceneComponent,BP_AISpawner_C'map03_p_WP:PersistentLevel.BP_AISpawner_C_UAID_04D9F5F93AD5793302_b321499a77def8e5_1406589278',AISpawnerConfigSet'DA_AISpawner_Mobs_Rare',-20387.828,6550.3647,149.75851,
SceneComponent,BP_AISpawner_C'map03_p_WP:PersistentLevel.BP_AISpawner_C_UAID_04D9F5F93AD5793302_b748c54ddec73ebe_1406589278',AISpawnerConfigSet'DA_AISpawner_Mobs_Rare',-20198.996,32252.633,49.38645,
SceneComponent,BP_AISpawner_C'map03_p_WP:PersistentLevel.BP_AISpawner_C_UAID_04D9F5F93AD5793302_b85fb48da68f08b8_1406589278',AISpawnerConfigSet'DA_AISpawner_Mobs_Rare',-17535.281,9255.529,7.6414275,
SceneComponent,BP_AISpawner_C'map03_p_WP:PersistentLevel.BP_AISpawner_C_UAID_04D9F5F93AD5793302_be25ef3c6517e539_1406589278',AISpawnerConfigSet'DA_AISpawner_Mobs_Rare',25748.646,49801.582,-3707.3955,
SceneComponent,BP_AISpawner_C'map03_p_WP:PersistentLevel.BP_AISpawner_C_UAID_04D9F5F93AD5793302_bffb006716a36a31_1406589278',AISpawnerConfigSet'DA_AISpawner_Mobs_Rare',12103.15,5674.3066,-568.42847,
SceneComponent,BP_AISpawner_C'map03_p_WP:PersistentLevel.BP_AISpawner_C_UAID_04D9F5F93AD5793302_c132c06b4c3aa215_1406589278',AISpawnerConfigSet'DA_AISpawner_Mobs_Rare',33277.562,-17974.74,-2218.8447,
SceneComponent,BP_AISpawner_C'map03_p_WP:PersistentLevel.BP_AISpawner_C_UAID_04D9F5F93AD5793302_c3bcd1e52b3f975e_1406589278',AISpawnerConfigSet'DA_AISpawner_Mobs_Rare',16437.623,31930.943,-1660.3046,
SceneComponent,BP_AISpawner_C'map03_p_WP:PersistentLevel.BP_AISpawner_C_UAID_04D9F5F93AD5793302_c88cebdc88b1acd6_1406589278',AISpawnerConfigSet'DA_AISpawner_Mobs_Rare',14345.913,35771.957,-583.0716,
SceneComponent,BP_AISpawner_C'map03_p_WP:PersistentLevel.BP_AISpawner_C_UAID_04D9F5F93AD5793302_c9b5db77e5baeb2e_1406589278',AISpawnerConfigSet'DA_AISpawner_Mobs_Rare',47458.723,8714.979,-673.6895,
SceneComponent,BP_AISpawner_C'map03_p_WP:PersistentLevel.BP_AISpawner_C_UAID_04D9F5F93AD5793302_cd13d604dd27b552_1406589278',AISpawnerConfigSet'DA_AISpawner_Mobs_Rare',39518.168,36397.863,-2778.3137,
SceneComponent,BP_AISpawner_C'map03_p_WP:PersistentLevel.BP_AISpawner_C_UAID_04D9F5F93AD5793302_cd6b4fa576c644c5_1406589278',AISpawnerConfigSet'DA_AISpawner_Mobs_Rare',21558.148,-13561.116,-1180.2913,
SceneComponent,BP_AISpawner_C'map03_p_WP:PersistentLevel.BP_AISpawner_C_UAID_04D9F5F93AD5793302_da1d10d3f6745405_1406589278',AISpawnerConfigSet'DA_AISpawner_Mobs_Rare',31734.137,-18482.352,-2218.8447,
SceneComponent,BP_AISpawner_C'map03_p_WP:PersistentLevel.BP_AISpawner_C_UAID_04D9F5F93AD5793302_dcdbe982c7b717ff_1406589278',AISpawnerConfigSet'DA_AISpawner_Mobs_Rare',37468.75,36267.293,-2778.3137,
SceneComponent,BP_AISpawner_C'map03_p_WP:PersistentLevel.BP_AISpawner_C_UAID_04D9F5F93AD5793302_e22fde2c163019eb_1406589278',AISpawnerConfigSet'DA_AISpawner_Mobs_Rare',15513.357,30719.822,-1721.0385,
SceneComponent,BP_AISpawner_C'map03_p_WP:PersistentLevel.BP_AISpawner_C_UAID_04D9F5F93AD5793302_e3f8f5d307a6062e_1406589278',AISpawnerConfigSet'DA_AISpawner_Mobs_Rare',19362.994,-11760.401,-967.87866,
SceneComponent,BP_AISpawner_C'map03_p_WP:PersistentLevel.BP_AISpawner_C_UAID_04D9F5F93AD5793302_e496b8e7e25864ab_1406589278',AISpawnerConfigSet'DA_AISpawner_Mobs_Rare',28308.805,30077.754,-1998.8464,
SceneComponent,BP_AISpawner_C'map03_p_WP:PersistentLevel.BP_AISpawner_C_UAID_04D9F5F93AD5793302_e49ac1e209e302b2_1406589278',AISpawnerConfigSet'DA_AISpawner_Mobs_Rare',-11128.958,28444.795,-1786.9442,
SceneComponent,BP_AISpawner_C'map03_p_WP:PersistentLevel.BP_AISpawner_C_UAID_04D9F5F93AD5793302_e4a5baa4f91aee34_1406589278',AISpawnerConfigSet'DA_AISpawner_Mobs_Rare',-6383.454,13982.079,-85.798096,
SceneComponent,BP_AISpawner_C'map03_p_WP:PersistentLevel.BP_AISpawner_C_UAID_04D9F5F93AD5793302_e6c09394b3d0445d_1406589278',AISpawnerConfigSet'DA_AISpawner_Mobs_Rare',-9868.317,-20525.854,4938.169,
SceneComponent,BP_AISpawner_C'map03_p_WP:PersistentLevel.BP_AISpawner_C_UAID_04D9F5F93AD5793302_ec0f658522ae0ca6_1406589278',AISpawnerConfigSet'DA_AISpawner_Mobs_Rare',9356.01,6311.942,-543.25415,
SceneComponent,BP_AISpawner_C'map03_p_WP:PersistentLevel.BP_AISpawner_C_UAID_04D9F5F93AD5793302_ecc3272213f968f3_1406589278',AISpawnerConfigSet'DA_AISpawner_Mobs_Rare',4839.7676,49961.117,-3031.5396,
SceneComponent,BP_AISpawner_C'map03_p_WP:PersistentLevel.BP_AISpawner_C_UAID_04D9F5F93AD5793302_f15fb314656a3b82_1406589278',AISpawnerConfigSet'DA_AISpawner_Mobs_Rare',12983.518,-9123.433,-110.64585,
SceneComponent,BP_AISpawner_C'map03_p_WP:PersistentLevel.BP_AISpawner_C_UAID_04D9F5F93AD5793302_f317d9878575a1ad_1406589278',AISpawnerConfigSet'DA_AISpawner_Mobs_Rare',-19218.967,8615.775,57.053825,
SceneComponent,BP_AISpawner_C'map03_p_WP:PersistentLevel.BP_AISpawner_C_UAID_04D9F5F93AD5793302_f49fea6251eb4cdc_1406589278',AISpawnerConfigSet'DA_AISpawner_Mobs_Rare',8224.829,2836.3457,-559.1433,
SceneComponent,BP_AISpawner_C'map03_p_WP:PersistentLevel.BP_AISpawner_C_UAID_04D9F5F93AD5793302_f4b8b51097b870b0_1406589278',AISpawnerConfigSet'DA_AISpawner_Mobs_Rare',5832.4067,-5122.8516,151.41675,
SceneComponent,BP_AISpawner_C'map03_p_WP:PersistentLevel.BP_AISpawner_C_UAID_04D9F5F93AD5793302_f514eb452cbe71b0_1406589278',AISpawnerConfigSet'DA_AISpawner_Mobs_Rare',-15498.437,26732.123,-1378.3593,
SceneComponent,BP_AISpawner_C'map03_p_WP:PersistentLevel.BP_AISpawner_C_UAID_04D9F5F93AD5793302_fa6298ef16a52611_1406589278',AISpawnerConfigSet'DA_AISpawner_Mobs_Rare',10137.133,-13810.386,-165.54001,
SceneComponent,BP_AISpawner_C'map03_p_WP:PersistentLevel.BP_AISpawner_C_UAID_04D9F5F93AD5793302_fcbb947bc43449aa_1406589278',AISpawnerConfigSet'DA_AISpawner_Mobs_Rare',28189.54,-1753.6086,-900.2866,
SceneComponent,BP_AISpawner_C'map03_p_WP:PersistentLevel.BP_AISpawner_C_UAID_04D9F5F93AD5793302_fd5acfdacb06c711_1406589278',AISpawnerConfigSet'DA_AISpawner_Mobs_Rare',51284.715,12774.999,-590.41797,
SceneComponent,BP_AISpawner_C'map03_p_WP:PersistentLevel.BP_AISpawner_C_UAID_04D9F5F93AD5793302_fdf3d450bb63c000_1406589278',AISpawnerConfigSet'DA_AISpawner_Mobs_Rare',6695.45,-13308.321,-92.3449,
SceneComponent,BP_AISpawner_C'map03_p_WP:PersistentLevel.BP_AISpawner_C_UAID_04D9F5F93AD57D3302_c01302f103af8f1c_1541619938',AISpawnerConfigSet'DA_AISpawner_Military',40650.39,32543.982,-2845.3372,
SceneComponent,BP_AISpawner_C'map03_p_WP:PersistentLevel.BP_AISpawner_C_UAID_04D9F5F93AD57D3302_c01302f103af8f1c_1551298939',AISpawnerConfigSet'DA_AISpawner_Military',39795.66,32468.377,-2845.3372,
SceneComponent,BP_AISpawner_C'map03_p_WP:PersistentLevel.BP_AISpawner_C_UAID_04D9F5F93AD5842D02_35267f9c3545d35c_1698526102',AISpawnerConfigSet'DA_AISpawner_Peasants',54789.836,33421.094,-5365.1074,
SceneComponent,BP_AISpawner_C'map03_p_WP:PersistentLevel.BP_AISpawner_C_UAID_04D9F5F93AD5842D02_35267f9c3545d35c_1710993103',AISpawnerConfigSet'DA_AISpawner_Peasants',55758.89,32861.566,-5364.6055,
SceneComponent,BP_AISpawner_C'map03_p_WP:PersistentLevel.BP_AISpawner_C_UAID_04D9F5F93AD58A3102_c01302f103af8f1c_1935061350',AISpawnerConfigSet'DA_AISpawner_Miniboss',42542.305,30999.13,-2820.5276,
SceneComponent,BP_AISpawner_C'map03_p_WP:PersistentLevel.BP_AISpawner_C_UAID_04D9F5F93AD58A3102_c01302f103af8f1c_1953378351',AISpawnerConfigSet'DA_AISpawner_Military',42461.086,32303.004,-2820.5276,
SceneComponent,BP_AISpawner_C'map03_p_WP:PersistentLevel.BP_AISpawner_C_UAID_04D9F5F93AD58A3102_c01302f103af8f1c_1956434352',AISpawnerConfigSet'DA_AISpawner_Military',43058.44,32250.742,-2820.5276,
SceneComponent,BP_AISpawner_C'map03_p_WP:PersistentLevel.BP_AISpawner_C_UAID_04D9F5F93AD58A3102_c01302f103af8f1c_1958194353',AISpawnerConfigSet'DA_AISpawner_Military',42912.367,33004.277,-2820.5276,
SceneComponent,BP_AISpawner_C'map03_p_WP:PersistentLevel.BP_AISpawner_C_UAID_04D9F5F93AD58A3102_c01302f103af8f1c_1994605354',AISpawnerConfigSet'DA_AISpawner_Military',42088.145,33013.14,-2820.5276,
SceneComponent,BP_AISpawner_C'map03_p_WP:PersistentLevel.BP_AISpawner_C_UAID_04D9F5F93AD58A3102_c01302f103af8f1c_2000649355',AISpawnerConfigSet'DA_AISpawner_Military',42114.418,33704.29,-2820.5276,
SceneComponent,BP_AISpawner_C'map03_p_WP:PersistentLevel.BP_AISpawner_C_UAID_04D9F5F93AD58A3102_c01302f103af8f1c_2008212356',AISpawnerConfigSet'DA_AISpawner_Military',41805.203,30169.92,-2820.5276,
SceneComponent,BP_AISpawner_C'map03_p_WP:PersistentLevel.BP_AISpawner_C_UAID_04D9F5F93AD58A3102_c01302f103af8f1c_2012371357',AISpawnerConfigSet'DA_AISpawner_Military',42768.58,30422.34,-2820.5276,
SceneComponent,BP_AISpawner_C'map03_p_WP:PersistentLevel.BP_AISpawner_C_UAID_04D9F5F93AD58A3102_c01302f103af8f1c_2016717358',AISpawnerConfigSet'DA_AISpawner_Military',43150.62,31141.566,-2820.5276,
SceneComponent,BP_AISpawner_C'map03_p_WP:PersistentLevel.BP_AISpawner_C_UAID_04D9F5F93AD5913102_0711dd0e841c9413_1302726250',AISpawnerConfigSet'DA_AISpawner_Lumber_Rare',-1898.0474,9925.27,-121.547745,
SceneComponent,BP_AISpawner_C'map03_p_WP:PersistentLevel.BP_AISpawner_C_UAID_04D9F5F93AD5913102_09bf8bb96d5f95f1_1302726250',AISpawnerConfigSet'DA_AISpawner_Lumber_Rare',44088.637,57967.164,-3934.9412,
SceneComponent,BP_AISpawner_C'map03_p_WP:PersistentLevel.BP_AISpawner_C_UAID_04D9F5F93AD5913102_0bf562ff8726c545_1302726250',AISpawnerConfigSet'DA_AISpawner_Lumber_Rare',35814.645,-10471.096,-3783.5164,
SceneComponent,BP_AISpawner_C'map03_p_WP:PersistentLevel.BP_AISpawner_C_UAID_04D9F5F93AD5913102_1d3a035d16537f76_1302726250',AISpawnerConfigSet'DA_AISpawner_Lumber_Rare',6620.0503,16320.567,-24.83734,
SceneComponent,BP_AISpawner_C'map03_p_WP:PersistentLevel.BP_AISpawner_C_UAID_04D9F5F93AD5913102_255a3a83ab96fa04_1302726250',AISpawnerConfigSet'DA_AISpawner_Lumber_Rare',5649.9995,17883.906,30.398186,
SceneComponent,BP_AISpawner_C'map03_p_WP:PersistentLevel.BP_AISpawner_C_UAID_04D9F5F93AD5913102_2a21e18d96c6628e_1302726250',AISpawnerConfigSet'DA_AISpawner_Lumber_Rare',51444.742,31793.781,-4991.5317,
SceneComponent,BP_AISpawner_C'map03_p_WP:PersistentLevel.BP_AISpawner_C_UAID_04D9F5F93AD5913102_2eb48b0790733fd8_1302726250',AISpawnerConfigSet'DA_AISpawner_Lumber_Rare',-1631.5323,34691.723,-2526.1108,
SceneComponent,BP_AISpawner_C'map03_p_WP:PersistentLevel.BP_AISpawner_C_UAID_04D9F5F93AD5913102_40c974abe9177931_1302726250',AISpawnerConfigSet'DA_AISpawner_Lumber_Rare',699.87335,43051.594,-2698.806,
SceneComponent,BP_AISpawner_C'map03_p_WP:PersistentLevel.BP_AISpawner_C_UAID_04D9F5F93AD5913102_413f8aff8b9a56b1_1302726250',AISpawnerConfigSet'DA_AISpawner_Lumber_Rare',12508.76,51439.35,-3707.3762,
SceneComponent,BP_AISpawner_C'map03_p_WP:PersistentLevel.BP_AISpawner_C_UAID_04D9F5F93AD5913102_42a0e5becea9d869_1302726250',AISpawnerConfigSet'DA_AISpawner_Lumber_Rare',3277.417,12868.585,-125.37848,
SceneComponent,BP_AISpawner_C'map03_p_WP:PersistentLevel.BP_AISpawner_C_UAID_04D9F5F93AD5913102_4dbaa1d6c1abd945_1302726250',AISpawnerConfigSet'DA_AISpawner_Lumber_Rare',-189.94812,43698.53,-2630.9485,
SceneComponent,BP_AISpawner_C'map03_p_WP:PersistentLevel.BP_AISpawner_C_UAID_04D9F5F93AD5913102_5201efd4553b1a8e_1302726250',AISpawnerConfigSet'DA_AISpawner_Lumber_Rare',29570.951,45355.69,-3362.6108,
SceneComponent,BP_AISpawner_C'map03_p_WP:PersistentLevel.BP_AISpawner_C_UAID_04D9F5F93AD5913102_53ced24eb70232b5_1302726250',AISpawnerConfigSet'DA_AISpawner_Lumber_Rare',5105.34,11786.439,-184.0128,
SceneComponent,BP_AISpawner_C'map03_p_WP:PersistentLevel.BP_AISpawner_C_UAID_04D9F5F93AD5913102_56792777a18a858b_1302726250',AISpawnerConfigSet'DA_AISpawner_Lumber_Rare',51640.855,28118.057,-4998.877,
SceneComponent,BP_AISpawner_C'map03_p_WP:PersistentLevel.BP_AISpawner_C_UAID_04D9F5F93AD5913102_7a5d4ee33826d49d_1302726250',AISpawnerConfigSet'DA_AISpawner_Lumber_Rare',16436.852,46430.742,-3266.0032,
SceneComponent,BP_AISpawner_C'map03_p_WP:PersistentLevel.BP_AISpawner_C_UAID_04D9F5F93AD5913102_84c546080aa66ce4_1302726250',AISpawnerConfigSet'DA_AISpawner_Lumber_Rare',16743.328,29794.773,-1808.6554,
SceneComponent,BP_AISpawner_C'map03_p_WP:PersistentLevel.BP_AISpawner_C_UAID_04D9F5F93AD5913102_84cda13608cb869c_1302726250',AISpawnerConfigSet'DA_AISpawner_Lumber_Rare',-8901.849,38834.2,-2536.3538,
SceneComponent,BP_AISpawner_C'map03_p_WP:PersistentLevel.BP_AISpawner_C_UAID_04D9F5F93AD5913102_a129e90ffeb11ae4_1302726250',AISpawnerConfigSet'DA_AISpawner_Lumber_Rare',1989.9967,41511.477,-2822.3433,
SceneComponent,BP_AISpawner_C'map03_p_WP:PersistentLevel.BP_AISpawner_C_UAID_04D9F5F93AD5913102_a188406ee1564f01_1302726250',AISpawnerConfigSet'DA_AISpawner_Lumber_Rare',30719.148,43813.19,-3429.6997,
SceneComponent,BP_AISpawner_C'map03_p_WP:PersistentLevel.BP_AISpawner_C_UAID_04D9F5F93AD5913102_abc74a841f50a0da_1302726250',AISpawnerConfigSet'DA_AISpawner_Lumber_Rare',15965.763,41067.67,-2279.475,
SceneComponent,BP_AISpawner_C'map03_p_WP:PersistentLevel.BP_AISpawner_C_UAID_04D9F5F93AD5913102_b31efe084c1529fc_1302726250',AISpawnerConfigSet'DA_AISpawner_Lumber_Rare',4722.24,43186.81,-2857.9834,
SceneComponent,BP_AISpawner_C'map03_p_WP:PersistentLevel.BP_AISpawner_C_UAID_04D9F5F93AD5913102_b52dbb2c9ba3c158_1302726250',AISpawnerConfigSet'DA_AISpawner_Lumber_Rare',14814.857,52770.555,-3677.1484,
SceneComponent,BP_AISpawner_C'map03_p_WP:PersistentLevel.BP_AISpawner_C_UAID_04D9F5F93AD5913102_b7a1d024ffd54e31_1302726250',AISpawnerConfigSet'DA_AISpawner_Lumber_Rare',1964.2332,9999.2295,-169.89897,
SceneComponent,BP_AISpawner_C'map03_p_WP:PersistentLevel.BP_AISpawner_C_UAID_04D9F5F93AD5913102_c33ffdd6039ad797_1302726250',AISpawnerConfigSet'DA_AISpawner_Lumber_Rare',14288.805,39661.53,-2089.5022,
SceneComponent,BP_AISpawner_C'map03_p_WP:PersistentLevel.BP_AISpawner_C_UAID_04D9F5F93AD5913102_d0a671bad54fd6b4_1302726250',AISpawnerConfigSet'DA_AISpawner_Lumber_Rare',51615.695,30257.953,-5018.233,
SceneComponent,BP_AISpawner_C'map03_p_WP:PersistentLevel.BP_AISpawner_C_UAID_04D9F5F93AD5913102_d3974bb4b9a59472_1302726250',AISpawnerConfigSet'DA_AISpawner_Lumber_Rare',32317.354,37330.24,-3357.1992,
SceneComponent,BP_AISpawner_C'map03_p_WP:PersistentLevel.BP_AISpawner_C_UAID_04D9F5F93AD5913102_dc42103f2c08a886_1302726250',AISpawnerConfigSet'DA_AISpawner_Lumber_Rare',30907.21,46560.055,-3630.0032,
SceneComponent,BP_AISpawner_C'map03_p_WP:PersistentLevel.BP_AISpawner_C_UAID_04D9F5F93AD5913102_ea637883698b55df_1302726250',AISpawnerConfigSet'DA_AISpawner_Lumber_Rare',40438.5,6698.667,-376.09906,
SceneComponent,BP_AISpawner_C'map03_p_WP:PersistentLevel.BP_AISpawner_C_UAID_04D9F5F93AD5913102_ffcf5ffa9ca3733c_1302726250',AISpawnerConfigSet'DA_AISpawner_Lumber_Rare',32193.568,15384.68,1124.5306,
SceneComponent,BP_AISpawner_C'map03_p_WP:PersistentLevel.BP_AISpawner_C_UAID_04D9F5F93AD5A13A02_c85329728f06dd80_2002859087',AISpawnerConfigSet'DA_AISpawner_Workers',-15246.82,12623.854,-589.6693,
SceneComponent,BP_AISpawner_C'map03_p_WP:PersistentLevel.BP_AISpawner_C_UAID_04D9F5F93AD5A13A02_c85329728f06dd80_2024067088',AISpawnerConfigSet'DA_AISpawner_Workers',-13845.353,13261.998,-591.99567,
SceneComponent,BP_AISpawner_C'map03_p_WP:PersistentLevel.BP_AISpawner_C_UAID_04D9F5F93AD5C83302_edad57567b47cde9_1551338402',AISpawnerConfigSet'DA_AISpawner_DirigibleQuest',12364.284,-3993.3008,-82.32029,
SceneComponent,BP_AISpawner_C'map03_p_WP:PersistentLevel.BP_AISpawner_C_UAID_04D9F5F93AD5C83302_edad57567b47cde9_1556116403',AISpawnerConfigSet'DA_AISpawner_DirigibleQuest',11626.072,-4553.3896,-82.32028,
SceneComponent,BP_AISpawner_C'map03_p_WP:PersistentLevel.BP_AISpawner_C_UAID_04D9F5F93AD5CB3302_edad57567b47cde9_1552609175',AISpawnerConfigSet'DA_AISpawner_DirigibleQuest',11948.756,-3545.4387,-82.3203,
SceneComponent,BP_AISpawner_C'map03_p_WP:PersistentLevel.BP_AISpawner_C_UAID_18C04DA8201BEF7202_91ce05da56308e53_1168524342',AISpawnerConfigSet'DA_AISpawner_Military',7749.709,42578.016,-3001.9385,
SceneComponent,BP_AISpawner_C'map03_p_WP:PersistentLevel.BP_AISpawner_C_UAID_581CF8B723154D6D02_42c3d461f962a7d8_1942210187',AISpawnerConfigSet'DA_AISpawner_Peasants',27704.244,17864.94,-1474.5364,
SceneComponent,BP_AISpawner_C'map03_p_WP:PersistentLevel.BP_AISpawner_C_UAID_581CF8B723154D6D02_42c3d461f962a7d8_1949997188',AISpawnerConfigSet'DA_AISpawner_Peasants',26790.252,17565.736,-1322.881,
SceneComponent,BP_AISpawner_C'map03_p_WP:PersistentLevel.BP_AISpawner_C_UAID_581CF8B723154D6D02_42c3d461f962a7d8_1955750189',AISpawnerConfigSet'DA_AISpawner_Peasants',29284.129,19383.953,-1766.474,
SceneComponent,BP_AISpawner_C'map03_p_WP:PersistentLevel.BP_AISpawner_C_UAID_581CF8B72315707B02_0b2520431dbf7620_1443817691',AISpawnerConfigSet'DA_AISpawner_Peasants',44013.94,18228.6,-2053.959,
SceneComponent,BP_AISpawner_C'map03_p_WP:PersistentLevel.BP_AISpawner_C_UAID_581CF8B72315707B02_117287aed0bbd5b4_1443817691',AISpawnerConfigSet'DA_AISpawner_Peasants',36886.92,20045.332,-7206.187,
SceneComponent,BP_AISpawner_C'map03_p_WP:PersistentLevel.BP_AISpawner_C_UAID_581CF8B72315B53A02_35267f9c3545d35c_2109907389',AISpawnerConfigSet'DA_AISpawner_Peasants',55612.875,29412.584,-5364.7866,
SceneComponent,BP_AISpawner_C'map03_p_WP:PersistentLevel.BP_AISpawner_C_UAID_581CF8B72315D52C02_35267f9c3545d35c_1729665143',AISpawnerConfigSet'DA_AISpawner_Mobs',54752.414,30265.117,-5363.579,
SceneComponent,BP_AISpawner_C'map03_p_WP:PersistentLevel.BP_AISpawner_C_UAID_581CF8B72315D85E02_92f9112ff1518191_2109468729',AISpawnerConfigSet'DA_AISpawner_Peasants',40878.047,-11396.713,-3808.6772,
SceneComponent,BP_AISpawner_C'map03_p_WP:PersistentLevel.BP_AISpawner_C_UAID_581CF8B72315D85E02_92f9112ff1518191_2115233730',AISpawnerConfigSet'DA_AISpawner_Peasants',41515.418,-11805.62,-3828.2268,
SceneComponent,BP_AISpawner_C'map03_p_WP:PersistentLevel.BP_AISpawner_C_UAID_581CF8B72315D85E02_92f9112ff1518191_2118963731',AISpawnerConfigSet'DA_AISpawner_Peasants',40724.336,-10988.59,-3837.515,
SceneComponent,BP_AISpawner_C'map03_p_WP:PersistentLevel.BP_AISpawner_C_UAID_581CF8B72315D85E02_92f9112ff1518191_2122656732',AISpawnerConfigSet'DA_AISpawner_Peasants',39470.617,-11263.212,-3803.4792,
SceneComponent,BP_AISpawner_C'map03_p_WP:PersistentLevel.BP_AISpawner_C_UAID_581CF8B72315D85E02_92f9112ff1518191_2130000733',AISpawnerConfigSet'DA_AISpawner_Peasants',41380.094,-10293.437,-3837.515,
SceneComponent,BP_AISpawner_C'map03_p_WP:PersistentLevel.BP_AISpawner_C_UAID_581CF8B72315D85E02_92f9112ff1518191_2133676734',AISpawnerConfigSet'DA_AISpawner_Peasants',42742.03,-11036.904,-3837.515,
SceneComponent,BP_AISpawner_C'map03_p_WP:PersistentLevel.BP_AISpawner_C_UAID_581CF8B72315D85E02_92f9112ff1518191_2138620735',AISpawnerConfigSet'DA_AISpawner_Peasants',40551.96,-9541.358,-3804.4915,
SceneComponent,BP_AISpawner_C'map03_p_WP:PersistentLevel.BP_AISpawner_C_UAID_581CF8B72315D85E02_92f9112ff1518191_2142376736',AISpawnerConfigSet'DA_AISpawner_Peasants',39341.777,-9652.295,-3837.515,
SceneComponent,BP_AISpawner_C'map03_p_WP:PersistentLevel.BP_AISpawner_C_UAID_581CF8B72315D95E02_92f9112ff1518191_1073919913',AISpawnerConfigSet'DA_AISpawner_Peasants',42006.055,-11022.1,-3826.7063,
SceneComponent,BP_AISpawner_C'map03_p_WP:PersistentLevel.BP_AISpawner_C_UAID_581CF8B72315D95E02_92f9112ff1518191_1078730914',AISpawnerConfigSet'DA_AISpawner_Peasants',38956.492,-10100.868,-3837.515,
SceneComponent,BP_AISpawner_C'map03_p_WP:PersistentLevel.BP_AISpawner_C_UAID_581CF8B72315EA7D02_00c96ecbce87a0a2_1550587403',AISpawnerConfigSet'DA_AISpawner_Peasants',32261.865,19079.64,-2961.9683,
SceneComponent,BP_AISpawner_C'map03_p_WP:PersistentLevel.BP_AISpawner_C_UAID_581CF8B72315F17D02_00c96ecbce87a0a2_1245463759',AISpawnerConfigSet'DA_AISpawner_Peasants',32062.35,18198.512,-4039.7373,
SceneComponent,BP_AISpawner_C'map03_p_WP:PersistentLevel.BP_AISpawner_C_UAID_581CF8B72315F17D02_00c96ecbce87a0a2_1255342761',AISpawnerConfigSet'DA_AISpawner_Peasants',29867.36,18859.73,-5507.041,
SceneComponent,BP_AISpawner_C'map03_p_WP:PersistentLevel.BP_AISpawner_C_UAID_581CF8B72315F17D02_00c96ecbce87a0a2_1274817765',AISpawnerConfigSet'DA_AISpawner_Miniboss',31230.121,19005.428,-5330.4263,
SceneComponent,BP_AISpawner_C'map03_p_WP:PersistentLevel.BP_AISpawner_C_UAID_D843AE1A93E548CB02_46c6e786a3fd7089_1763314639',AISpawnerConfigSet'DA_AISpawner_Miniboss',24298.52,41988.457,-2332.7559,
SceneComponent,BP_AISpawner_C'map03_p_WP:PersistentLevel.BP_AISpawner_C_UAID_D843AE1A93E5C48A02_f6ac66adf17bf997_1590144222',AISpawnerConfigSet'DA_AISpawner_Voltigeur',-21618.354,22997.076,-1477.747,
SceneComponent,BP_AISpawner_C'map03_p_WP:PersistentLevel.BP_AISpawner_C_UAID_D843AE1A93E5C48A02_f6ac66adf17bf997_1623326223',AISpawnerConfigSet'DA_AISpawner_Voltigeur',-21287.389,21695.84,-1475.8594,
SceneComponent,BP_AISpawner_C'map03_p_WP:PersistentLevel.BP_AISpawner_C_UAID_D843AE1A93E5C48A02_f6ac66adf17bf997_1629264224',AISpawnerConfigSet'DA_AISpawner_Voltigeur',-18405.268,22679.58,-1483.4613,
SceneComponent,BP_AISpawner_C'map03_p_WP:PersistentLevel.BP_AISpawner_C_c85329728f06dd80_25',AISpawnerConfigSet'DA_AISpawner_Workers',-14132.119,13901.292,-96.50777,
SceneComponent,BP_AISpawner_C'map03_p_WP:PersistentLevel.BP_AISpawner_C_c85329728f06dd80_26',AISpawnerConfigSet'DA_AISpawner_Workers',-14735.832,13122.282,-94.017296,
SceneComponent,BP_AISpawner_C'map03_p_WP:PersistentLevel.BP_AISpawner_C_c85329728f06dd80_29',AISpawnerConfigSet'DA_AISpawner_Workers',-15482.14,11328.937,-95.49326,
SceneComponent,BP_AISpawner_C'map03_p_WP:PersistentLevel.BP_AISpawner_C_c85329728f06dd80_30',AISpawnerConfigSet'DA_AISpawner_Workers',-14361.672,11561.641,-96.28495,
SceneComponent,BP_AISpawner_C'map03_p_WP:PersistentLevel.BP_AISpawner_C_c85329728f06dd80_32',AISpawnerConfigSet'DA_AISpawner_Workers',-14988.269,12289.456,-96.78081,
SceneComponent,BP_AISpawner_C'map03_p_WP:PersistentLevel.BP_AISpawner_C_c85329728f06dd80_33',AISpawnerConfigSet'DA_AISpawner_Workers',-14109.256,13146.766,-95.792786,
SceneComponent,BP_AISpawner_C'map03_p_WP:PersistentLevel.BP_AISpawner_C_c85329728f06dd80_35',AISpawnerConfigSet'DA_AISpawner_Workers',-13098.154,14573.979,-96.01491,
SceneComponent,BP_AISpawner_C'map03_p_WP:PersistentLevel.BP_AISpawner_C_c85329728f06dd80_36',AISpawnerConfigSet'DA_AISpawner_Civilian',-15660.09,13552.904,397.91452,
SceneComponent,BP_AISpawner_C'map03_p_WP:PersistentLevel.BP_AISpawner_C_c85329728f06dd80_37',AISpawnerConfigSet'DA_AISpawner_Civilian',-15270.938,14063.297,397.08087,
SceneComponent,BP_AISpawner_C'map03_p_WP:PersistentLevel.BP_AISpawner_C_c85329728f06dd80_40',AISpawnerConfigSet'DA_AISpawner_Workers',-16352.424,11829.89,-94.14302,
SceneComponent,BP_AISpawner_C'map03_p_WP:PersistentLevel.BP_AISpawner_C_c85329728f06dd80_42',AISpawnerConfigSet'DA_AISpawner_Workers',-16288.346,12847.594,-76.54998,
SceneComponent,BP_AISpawner_C'map03_p_WP:PersistentLevel.BP_AISpawner_C_c85329728f06dd80_43',AISpawnerConfigSet'DA_AISpawner_Workers',-14904.89,14230.833,-96.06432,
SceneComponent,BP_AISpawner_C'map03_p_WP:PersistentLevel.BP_AISpawner_C_c85329728f06dd80_51',AISpawnerConfigSet'DA_AISpawner_Workers',-15686.221,13645.684,-591.2889,
SceneComponent,BP_AISpawner_C'map03_p_WP:PersistentLevel.BP_AISpawner_C_ce52be21fe63b205_1',AISpawnerConfigSet'DA_AISpawner_Military',15592.239,-13553.796,257.38535,
SceneComponent,BP_AISpawner_C'map03_p_WP:PersistentLevel.BP_AISpawner_C_ce52be21fe63b205_3',AISpawnerConfigSet'DA_AISpawner_Military',15003.199,-13767.498,210.83644,
SceneComponent,BP_AISpawner_C'map03_p_WP:PersistentLevel.BP_AISpawner_C_d30a12f2c04c18d1_1',AISpawnerConfigSet'DA_AISpawner_Military',-12963.07,48371.992,-2245.4531,
SceneComponent,BP_AISpawner_C'map03_p_WP:PersistentLevel.BP_AISpawner_C_d30a12f2c04c18d1_3',AISpawnerConfigSet'DA_AISpawner_Military',-12639.405,47835.453,-2292.0022,
SceneComponent,BP_AISpawner_C'map03_p_WP:PersistentLevel.UNP_BP_AISpawner1_00b6a2249b669eac_1',AISpawnerConfigSet'DA_AISpawner_Mobs_Rare',29375.518,42000.336,-2849.4983,
SceneComponent,BP_AISpawner_C'map03_p_WP:PersistentLevel.UNP_BP_AISpawner1_039c8620f5ef8060_2',AISpawnerConfigSet'DA_AISpawner_Peasants',-146.90845,-11431.682,426.2847,
SceneComponent,BP_AISpawner_C'map03_p_WP:PersistentLevel.UNP_BP_AISpawner1_049f5705fc7f2404_1',AISpawnerConfigSet'DA_AISpawner_Mobs_Rare',30171.398,1606.3708,-804.6714,
SceneComponent,BP_AISpawner_C'map03_p_WP:PersistentLevel.UNP_BP_AISpawner1_056f2f44a04beb20_1',AISpawnerConfigSet'DA_AISpawner_Mobs_Rare',35178.56,36758.035,-3373.9216,
SceneComponent,BP_AISpawner_C'map03_p_WP:PersistentLevel.UNP_BP_AISpawner1_062f6cd087d70038_1',AISpawnerConfigSet'DA_AISpawner_Mobs_Rare',21210.795,28082.309,-1426.2764,
SceneComponent,BP_AISpawner_C'map03_p_WP:PersistentLevel.UNP_BP_AISpawner1_090391270ee7297f_0',AISpawnerConfigSet'DA_AISpawner_Peasants',34179.305,16017.098,-2973.0933,
SceneComponent,BP_AISpawner_C'map03_p_WP:PersistentLevel.UNP_BP_AISpawner1_0d42e420d145f2c2_1',AISpawnerConfigSet'DA_AISpawner_Mobs_Rare',21985.648,35895.617,-2230.619,
SceneComponent,BP_AISpawner_C'map03_p_WP:PersistentLevel.UNP_BP_AISpawner1_144e02eb07b79d23_1',AISpawnerConfigSet'DA_AISpawner_Mobs_Rare',30270.662,7299.562,1224.4974,
SceneComponent,BP_AISpawner_C'map03_p_WP:PersistentLevel.UNP_BP_AISpawner1_15e10bb9c2b76a53_1',AISpawnerConfigSet'DA_AISpawner_Mobs_Rare',-9291.155,7636.2495,-303.11658,
SceneComponent,BP_AISpawner_C'map03_p_WP:PersistentLevel.UNP_BP_AISpawner1_161bf58e9a214e91_1',AISpawnerConfigSet'DA_AISpawner_Mobs_Rare',34592.297,30320.734,-2628.3557,
SceneComponent,BP_AISpawner_C'map03_p_WP:PersistentLevel.UNP_BP_AISpawner1_20c886124a4a6cac_1',AISpawnerConfigSet'DA_AISpawner_Peasants',-1164.0876,14335.7,-75.996956,
SceneComponent,BP_AISpawner_C'map03_p_WP:PersistentLevel.UNP_BP_AISpawner1_239aa48c25ca09bb_1',AISpawnerConfigSet'DA_AISpawner_Mobs_Rare',46023.94,33483.367,-3067.7134,
SceneComponent,BP_AISpawner_C'map03_p_WP:PersistentLevel.UNP_BP_AISpawner1_248ca04a73e0c586_1',AISpawnerConfigSet'DA_AISpawner_Mobs',36285.656,19390.16,2179.245,
SceneComponent,BP_AISpawner_C'map03_p_WP:PersistentLevel.UNP_BP_AISpawner1_3015e60b6a6de93b_1',AISpawnerConfigSet'DA_AISpawner_Mobs_Rare',33676.773,34338.6,-2946.9883,
SceneComponent,BP_AISpawner_C'map03_p_WP:PersistentLevel.UNP_BP_AISpawner1_314762ac4a9b1b65_0',AISpawnerConfigSet'DA_AISpawner_Peasants',-1232.0487,49632.227,-4250.0376,
SceneComponent,BP_AISpawner_C'map03_p_WP:PersistentLevel.UNP_BP_AISpawner1_35798a81ebd9a42e_1',AISpawnerConfigSet'DA_AISpawner_Mobs_Rare',42164.043,25093.773,-2797.9917,
SceneComponent,BP_AISpawner_C'map03_p_WP:PersistentLevel.UNP_BP_AISpawner1_36f04927d9a253be_1',AISpawnerConfigSet'DA_AISpawner_Mobs_Rare',45543.742,36758.91,-3427.7415,
SceneComponent,BP_AISpawner_C'map03_p_WP:PersistentLevel.UNP_BP_AISpawner1_39594d96bab860e5_1',AISpawnerConfigSet'DA_AISpawner_Mobs_Rare',39118.33,23175.023,-914.2815,
SceneComponent,BP_AISpawner_C'map03_p_WP:PersistentLevel.UNP_BP_AISpawner1_3aaa89b46109a853_1',AISpawnerConfigSet'DA_AISpawner_Mobs_Rare',13750.724,20489.6,-796.56396,
SceneComponent,BP_AISpawner_C'map03_p_WP:PersistentLevel.UNP_BP_AISpawner1_3ab67b87e7e424bf_1',AISpawnerConfigSet'DA_AISpawner_Mobs_Rare',33500.86,22058.72,-1155.9445,
SceneComponent,BP_AISpawner_C'map03_p_WP:PersistentLevel.UNP_BP_AISpawner1_3ac990017731b1e9_1',AISpawnerConfigSet'DA_AISpawner_Mobs_Rare',28645.516,26661.248,-1709.0408,
SceneComponent,BP_AISpawner_C'map03_p_WP:PersistentLevel.UNP_BP_AISpawner1_3b12317ea1fcbdda_0',AISpawnerConfigSet'DA_AISpawner_Mobs_Rare',44240.195,46427.957,-5190.272,
SceneComponent,BP_AISpawner_C'map03_p_WP:PersistentLevel.UNP_BP_AISpawner1_40aa1f369fb38bc5_1',AISpawnerConfigSet'DA_AISpawner_Mobs_Rare',-4683.1675,19582.219,35.91466,
SceneComponent,BP_AISpawner_C'map03_p_WP:PersistentLevel.UNP_BP_AISpawner1_4cdcfcaf0064502d_1',AISpawnerConfigSet'DA_AISpawner_Mobs_Rare',32142.53,32107.846,-2700.503,
SceneComponent,BP_AISpawner_C'map03_p_WP:PersistentLevel.UNP_BP_AISpawner1_4f31e5946d9239b2_1',AISpawnerConfigSet'DA_AISpawner_Mobs_Rare',3247.536,42312.047,-2879.53,
SceneComponent,BP_AISpawner_C'map03_p_WP:PersistentLevel.UNP_BP_AISpawner1_533b696d1d0cc45d_1',AISpawnerConfigSet'DA_AISpawner_Mobs_Rare',36170.836,41902.035,-4478.1235,
SceneComponent,BP_AISpawner_C'map03_p_WP:PersistentLevel.UNP_BP_AISpawner1_588fc6362429a251_1',AISpawnerConfigSet'DA_AISpawner_Mobs_Rare',2180.6533,39027.71,-2667.0146,
SceneComponent,BP_AISpawner_C'map03_p_WP:PersistentLevel.UNP_BP_AISpawner1_59d1dbf28c5508b2_1',AISpawnerConfigSet'DA_AISpawner_Mobs_Rare',29917.562,13101.035,1142.0292,
SceneComponent,BP_AISpawner_C'map03_p_WP:PersistentLevel.UNP_BP_AISpawner1_5dede457f63f927c_1',AISpawnerConfigSet'DA_AISpawner_Mobs_Rare',31778.637,38967.766,-3391.4634,
SceneComponent,BP_AISpawner_C'map03_p_WP:PersistentLevel.UNP_BP_AISpawner1_61975f18186840dd_1',AISpawnerConfigSet'DA_AISpawner_Mobs_Rare',53938.305,25958.547,-5118.3037,
SceneComponent,BP_AISpawner_C'map03_p_WP:PersistentLevel.UNP_BP_AISpawner1_64121a9002eac42d_1',AISpawnerConfigSet'DA_AISpawner_Mobs_Rare',45828.35,50921.95,-4410.807,
SceneComponent,BP_AISpawner_C'map03_p_WP:PersistentLevel.UNP_BP_AISpawner1_643746db1684a568_1',AISpawnerConfigSet'DA_AISpawner_Mobs_Rare',41234.625,46309.973,-4842.2456,
SceneComponent,BP_AISpawner_C'map03_p_WP:PersistentLevel.UNP_BP_AISpawner1_64394a8c06402507_2',AISpawnerConfigSet'DA_AISpawner_Peasants',-15218.116,23542.0,-1534.2808,
SceneComponent,BP_AISpawner_C'map03_p_WP:PersistentLevel.UNP_BP_AISpawner1_69cbbac340940721_1',AISpawnerConfigSet'DA_AISpawner_Mobs_Rare',19697.092,-10381.857,-954.5365,
SceneComponent,BP_AISpawner_C'map03_p_WP:PersistentLevel.UNP_BP_AISpawner1_6ed99d200bbadc17_1',AISpawnerConfigSet'DA_AISpawner_Mobs',12695.97,45233.004,-2927.7444,
SceneComponent,BP_AISpawner_C'map03_p_WP:PersistentLevel.UNP_BP_AISpawner1_72d018e0681484bc_1',AISpawnerConfigSet'DA_AISpawner_Mobs_Rare',41267.176,22413.814,-866.9495,
SceneComponent,BP_AISpawner_C'map03_p_WP:PersistentLevel.UNP_BP_AISpawner1_77470d6b374b4624_1',AISpawnerConfigSet'DA_AISpawner_Mobs_Rare',36895.094,22571.273,-922.0834,
SceneComponent,BP_AISpawner_C'map03_p_WP:PersistentLevel.UNP_BP_AISpawner1_7ad0fa9df5ffecb3_1',AISpawnerConfigSet'DA_AISpawner_Mobs_Rare',10614.851,38720.42,-2218.032,
SceneComponent,BP_AISpawner_C'map03_p_WP:PersistentLevel.UNP_BP_AISpawner1_7fe88cda44fda5bb_1',AISpawnerConfigSet'DA_AISpawner_Mobs_Rare',39442.727,45825.566,-4778.1777,
SceneComponent,BP_AISpawner_C'map03_p_WP:PersistentLevel.UNP_BP_AISpawner1_845ca9a12707e345_1',AISpawnerConfigSet'DA_AISpawner_Mobs_Rare',9975.364,16256.5,-2.1037729,
SceneComponent,BP_AISpawner_C'map03_p_WP:PersistentLevel.UNP_BP_AISpawner1_8874f365b0a5144e_1',AISpawnerConfigSet'DA_AISpawner_Mobs_Rare',3959.7131,39777.64,-2710.3987,
SceneComponent,BP_AISpawner_C'map03_p_WP:PersistentLevel.UNP_BP_AISpawner1_8f0e72109bbed5e0_1',AISpawnerConfigSet'DA_AISpawner_Mobs_Rare',27049.13,28205.383,-1737.2312,
SceneComponent,BP_AISpawner_C'map03_p_WP:PersistentLevel.UNP_BP_AISpawner1_90d7047e313b2b81_4',AISpawnerConfigSet'DA_AISpawner_Peasants',17503.498,33639.105,-1945.0894,
SceneComponent,BP_AISpawner_C'map03_p_WP:PersistentLevel.UNP_BP_AISpawner1_9f065498e04582c7_1',AISpawnerConfigSet'DA_AISpawner_Mobs_Rare',43747.035,18508.975,-640.33075,
SceneComponent,BP_AISpawner_C'map03_p_WP:PersistentLevel.UNP_BP_AISpawner1_UAID_046874882494118C02_2389606fe4e70095_1342757712',AISpawnerConfigSet'DA_AISpawner_Peasants',27728.85,21185.965,228.24823,
SceneComponent,BP_AISpawner_C'map03_p_WP:PersistentLevel.UNP_BP_AISpawner1_UAID_046874882494118C02_2389606fe4e70095_1349440443',AISpawnerConfigSet'DA_AISpawner_Peasants',26085.941,25928.328,-1248.6426,
SceneComponent,BP_AISpawner_C'map03_p_WP:PersistentLevel.UNP_BP_AISpawner1_UAID_046874882494118C02_2389606fe4e70095_1388805591',AISpawnerConfigSet'DA_AISpawner_Mobs_Rare',18142.783,19874.424,-699.6571,
SceneComponent,BP_AISpawner_C'map03_p_WP:PersistentLevel.UNP_BP_AISpawner1_UAID_046874882494118C02_2389606fe4e70095_1389061605',AISpawnerConfigSet'DA_AISpawner_Mobs_Rare',16879.068,22344.348,-1044.5774,
SceneComponent,BP_AISpawner_C'map03_p_WP:PersistentLevel.UNP_BP_AISpawner1_UAID_046874882494368F02_9c34f29bae09b13e_1381291435',AISpawnerConfigSet'DA_AISpawner_Peasants',-999.6305,1915.5293,-578.22986,
SceneComponent,BP_AISpawner_C'map03_p_WP:PersistentLevel.UNP_BP_AISpawner1_UAID_046874882494368F02_9c34f29bae09b13e_1381562452',AISpawnerConfigSet'DA_AISpawner_Peasants',-1263.3348,3693.8206,-2462.4988,
SceneComponent,BP_AISpawner_C'map03_p_WP:PersistentLevel.UNP_BP_AISpawner1_UAID_046874882494368F02_9c34f29bae09b13e_1382396580',AISpawnerConfigSet'DA_AISpawner_Mobs',-1191.6006,4418.069,-641.2693,
SceneComponent,BP_AISpawner_C'map03_p_WP:PersistentLevel.UNP_BP_AISpawner1_UAID_0468748824944E8902_c85329728f06dd80_1129883564',AISpawnerConfigSet'DA_AISpawner_Workers',-15618.345,10515.092,-745.2426,
SceneComponent,BP_AISpawner_C'map03_p_WP:PersistentLevel.UNP_BP_AISpawner1_UAID_0468748824944E9002_29a1b4c71511b535_1419094962',AISpawnerConfigSet'DA_AISpawner_Peasants',45334.21,43394.684,-5333.996,
SceneComponent,BP_AISpawner_C'map03_p_WP:PersistentLevel.UNP_BP_AISpawner1_UAID_0468748824944E9002_29a1b4c71511b535_1420854216',AISpawnerConfigSet'DA_AISpawner_Peasants',47223.594,41743.363,-5270.9565,
SceneComponent,BP_AISpawner_C'map03_p_WP:PersistentLevel.UNP_BP_AISpawner1_UAID_046874882494907E02_f6ac66adf17bf997_1359934915',AISpawnerConfigSet'DA_AISpawner_Voltigeur',-19626.426,21101.477,-1435.3992,
SceneComponent,BP_AISpawner_C'map03_p_WP:PersistentLevel.UNP_BP_AISpawner1_UAID_046874882494907E02_f6ac66adf17bf997_1360735009',AISpawnerConfigSet'DA_AISpawner_Mobs',-20701.994,23704.908,-1436.2897,
SceneComponent,BP_AISpawner_C'map03_p_WP:PersistentLevel.UNP_BP_AISpawner1_UAID_046874882494907E02_f6ac66adf17bf997_1369194245',AISpawnerConfigSet'DA_AISpawner_Peasants',-21757.031,22276.422,-1455.8721,
SceneComponent,BP_AISpawner_C'map03_p_WP:PersistentLevel.UNP_BP_AISpawner1_UAID_046874882494928402_29fb098085780a4e_1954575163',AISpawnerConfigSet'DA_AISpawner_Peasants',16828.76,15736.759,23.778284,
SceneComponent,BP_AISpawner_C'map03_p_WP:PersistentLevel.UNP_BP_AISpawner1_UAID_046874882494928402_29fb098085780a4e_1954908224',AISpawnerConfigSet'DA_AISpawner_Peasants',27282.18,18933.201,146.46681,
SceneComponent,BP_AISpawner_C'map03_p_WP:PersistentLevel.UNP_BP_AISpawner1_UAID_046874882494938402_29fb098085780a4e_1356462864',AISpawnerConfigSet'DA_AISpawner_Peasants',27668.572,16724.094,186.79436,
SceneComponent,BP_AISpawner_C'map03_p_WP:PersistentLevel.UNP_BP_AISpawner1_UAID_046874882494938402_29fb098085780a4e_1356568875',AISpawnerConfigSet'DA_AISpawner_Peasants',25887.523,17329.803,65.376236,
SceneComponent,BP_AISpawner_C'map03_p_WP:PersistentLevel.UNP_BP_AISpawner1_UAID_046874882494938402_29fb098085780a4e_1356575878',AISpawnerConfigSet'DA_AISpawner_Peasants',26633.412,18301.295,65.376236,
SceneComponent,BP_AISpawner_C'map03_p_WP:PersistentLevel.UNP_BP_AISpawner1_UAID_046874882494977D02_c01302f103af8f1c_1267377325',AISpawnerConfigSet'DA_AISpawner_Military',41875.957,29705.857,-2819.369,
SceneComponent,BP_AISpawner_C'map03_p_WP:PersistentLevel.UNP_BP_AISpawner1_UAID_046874882494998402_42c3d461f962a7d8_1739563508',AISpawnerConfigSet'DA_AISpawner_Peasants',26225.291,15005.175,-560.97253,
SceneComponent,BP_AISpawner_C'map03_p_WP:PersistentLevel.UNP_BP_AISpawner1_UAID_046874882494998402_42c3d461f962a7d8_1739919548',AISpawnerConfigSet'DA_AISpawner_Peasants',24458.06,14712.347,-572.9224,
SceneComponent,BP_AISpawner_C'map03_p_WP:PersistentLevel.UNP_BP_AISpawner1_UAID_046874882494D77F02_46c6e786a3fd7089_1400876310',AISpawnerConfigSet'DA_AISpawner_Peasants',23843.936,38868.773,-2359.4204,
SceneComponent,BP_AISpawner_C'map03_p_WP:PersistentLevel.UNP_BP_AISpawner1_UAID_046874882494D77F02_46c6e786a3fd7089_1404724876',AISpawnerConfigSet'DA_AISpawner_Mobs',26333.357,40654.08,-2389.7664,
SceneComponent,BP_AISpawner_C'map03_p_WP:PersistentLevel.UNP_BP_AISpawner1_UAID_046874882494D77F02_46c6e786a3fd7089_1405137961',AISpawnerConfigSet'DA_AISpawner_Mobs',23186.975,39881.234,-2365.5864,
SceneComponent,BP_AISpawner_C'map03_p_WP:PersistentLevel.UNP_BP_AISpawner1_UAID_046874882494D77F02_46c6e786a3fd7089_1405601047',AISpawnerConfigSet'DA_AISpawner_Mobs',24553.404,40708.027,-2389.7664,
SceneComponent,BP_AISpawner_C'map03_p_WP:PersistentLevel.UNP_BP_AISpawner1_UAID_046874882494EC8802_6050371b4132a7ae_1429925186',AISpawnerConfigSet'DA_AISpawner_Peasants',24488.277,-16254.298,-4371.691,
SceneComponent,BP_AISpawner_C'map03_p_WP:PersistentLevel.UNP_BP_AISpawner1_UAID_046874882494EC8802_6050371b4132a7ae_1430051189',AISpawnerConfigSet'DA_AISpawner_Peasants',25547.617,-17886.389,-4350.405,
SceneComponent,BP_AISpawner_C'map03_p_WP:PersistentLevel.UNP_BP_AISpawner1_UAID_046874882494EC8802_6050371b4132a7ae_1430215200',AISpawnerConfigSet'DA_AISpawner_Peasants',24228.713,-14941.758,-4371.691,
SceneComponent,BP_AISpawner_C'map03_p_WP:PersistentLevel.UNP_BP_AISpawner1_UAID_046874882494ED8802_a44c2e6e6faa7d77_1510698842',AISpawnerConfigSet'DA_AISpawner_Peasants',57175.55,6954.3545,-2389.8057,
SceneComponent,BP_AISpawner_C'map03_p_WP:PersistentLevel.UNP_BP_AISpawner1_UAID_046874882494ED8802_a44c2e6e6faa7d77_1510799861',AISpawnerConfigSet'DA_AISpawner_Peasants',58501.676,6252.384,-2383.3604,
SceneComponent,BP_AISpawner_C'map03_p_WP:PersistentLevel.UNP_BP_AISpawner1_UAID_046874882494ED8802_c6899ba472a785b4_1081191745',AISpawnerConfigSet'DA_AISpawner_Peasants',-571.14197,52162.54,-5550.805,
SceneComponent,BP_AISpawner_C'map03_p_WP:PersistentLevel.UNP_BP_AISpawner1_UAID_046874882494ED8802_c6899ba472a785b4_1081332760',AISpawnerConfigSet'DA_AISpawner_Peasants',-2340.2222,49300.633,-5550.805,
SceneComponent,BP_AISpawner_C'map03_p_WP:PersistentLevel.UNP_BP_AISpawner1_UAID_046874882494ED8802_c6899ba472a785b4_1081486771',AISpawnerConfigSet'DA_AISpawner_Peasants',-1189.3804,51215.688,-5529.519,
SceneComponent,BP_AISpawner_C'map03_p_WP:PersistentLevel.UNP_BP_AISpawner1_UAID_046874882494F98A02_2c07323eb2e99beb_2106951954',AISpawnerConfigSet'DA_AISpawner_Mobs',34905.83,8153.5347,1166.0907,
SceneComponent,BP_AISpawner_C'map03_p_WP:PersistentLevel.UNP_BP_AISpawner1_UAID_046874882494F98A02_2c07323eb2e99beb_2107442039',AISpawnerConfigSet'DA_AISpawner_Mobs',31612.508,9374.099,1188.4738,
SceneComponent,BP_AISpawner_C'map03_p_WP:PersistentLevel.UNP_BP_AISpawner1_UAID_046874882494F98A02_2c07323eb2e99beb_2107968125',AISpawnerConfigSet'DA_AISpawner_Mobs',33144.168,6665.657,1172.7225,
SceneComponent,BP_AISpawner_C'map03_p_WP:PersistentLevel.UNP_BP_AISpawner1_UAID_04D9F5F93AD5A63602_07034b7c2028137c_1552504879',AISpawnerConfigSet'DA_AISpawner_Peasants',33096.36,17437.637,-2970.0244,
SceneComponent,BP_AISpawner_C'map03_p_WP:PersistentLevel.UNP_BP_AISpawner1_UAID_04D9F5F93AD5A63602_64b1bc84c65e2e37_1552504879',AISpawnerConfigSet'DA_AISpawner_Peasants',38877.426,18881.424,-7178.609,
SceneComponent,BP_AISpawner_C'map03_p_WP:PersistentLevel.UNP_BP_AISpawner1_UAID_04D9F5F93AD5E43102_699f294b0b865658_1213986784',AISpawnerConfigSet'DA_AISpawner_Mobs_Rare',12022.088,21108.053,-393.39822,
SceneComponent,BP_AISpawner_C'map03_p_WP:PersistentLevel.UNP_BP_AISpawner1_UAID_04D9F5F93AD5E43102_be37f125076a3618_1213986784',AISpawnerConfigSet'DA_AISpawner_Mobs_Rare',6530.557,22981.2,-365.6945,
SceneComponent,BP_AISpawner_C'map03_p_WP:PersistentLevel.UNP_BP_AISpawner1_UAID_18C04DA8201B437902_b67ec8a3d8d2e891_1437672230',AISpawnerConfigSet'DA_AISpawner_Mobs',-5246.3066,37951.637,-2527.6113,
SceneComponent,BP_AISpawner_C'map03_p_WP:PersistentLevel.UNP_BP_AISpawner1_UAID_18C04DA8201BEF7202_91ce05da56308e53_1348212692',AISpawnerConfigSet'DA_AISpawner_Mobs_Rare',13166.019,45507.312,-3278.772,
SceneComponent,BP_AISpawner_C'map03_p_WP:PersistentLevel.UNP_BP_AISpawner1_UAID_18C04DA8201BEF7202_91ce05da56308e53_1348327697',AISpawnerConfigSet'DA_AISpawner_Mobs_Rare',5664.0825,42406.87,-2916.2605,
SceneComponent,BP_AISpawner_C'map03_p_WP:PersistentLevel.UNP_BP_AISpawner1_UAID_D843AE1A93E5282D02_54dc6b4a459f87c4_1715930627',AISpawnerConfigSet'DA_AISpawner_Peasants',70108.53,5181.965,-5507.395,
SceneComponent,BP_AISpawner_C'map03_p_WP:PersistentLevel.UNP_BP_AISpawner1_UAID_D843AE1A93E55C2E02_0c3f988957697b23_1289740316',AISpawnerConfigSet'DA_AISpawner_Peasants',-1909.678,48293.5,-4243.5923,
SceneComponent,BP_AISpawner_C'map03_p_WP:PersistentLevel.UNP_BP_AISpawner1_UAID_D843AE1A93E55C2E02_8e70133f0ea6acd2_1289740316',AISpawnerConfigSet'DA_AISpawner_Peasants',37579.043,14577.228,-7173.887,
SceneComponent,BP_AISpawner_C'map03_p_WP:PersistentLevel.UNP_BP_AISpawner1_UAID_D843AE1A93E55C2E02_efc88959b2b5650b_1289740316',AISpawnerConfigSet'DA_AISpawner_Peasants',35268.113,23965.244,-5521.7407,
SceneComponent,BP_AISpawner_C'map03_p_WP:PersistentLevel.UNP_BP_AISpawner1_a08f056012bf1a67_1',AISpawnerConfigSet'DA_AISpawner_Mobs',49402.305,29416.754,-4317.1523,
SceneComponent,BP_AISpawner_C'map03_p_WP:PersistentLevel.UNP_BP_AISpawner1_a119f0ca2c0d07d2_1',AISpawnerConfigSet'DA_AISpawner_Mobs_Rare',45251.72,55105.098,-4127.9717,
SceneComponent,BP_AISpawner_C'map03_p_WP:PersistentLevel.UNP_BP_AISpawner1_aaddf3294c8c48ae_1',AISpawnerConfigSet'DA_AISpawner_Mobs_Rare',19433.87,28766.896,-1676.9635,
SceneComponent,BP_AISpawner_C'map03_p_WP:PersistentLevel.UNP_BP_AISpawner1_ae4702d802e77ef0_1',AISpawnerConfigSet'DA_AISpawner_Mobs_Rare',7008.8574,14696.067,-78.56411,
SceneComponent,BP_AISpawner_C'map03_p_WP:PersistentLevel.UNP_BP_AISpawner1_b20a26e4c2edf6a9_1',AISpawnerConfigSet'DA_AISpawner_Mobs_Rare',578.84515,37556.08,-2513.895,
SceneComponent,BP_AISpawner_C'map03_p_WP:PersistentLevel.UNP_BP_AISpawner1_b383eb5507a3e069_1',AISpawnerConfigSet'DA_AISpawner_Mobs_Rare',11958.977,50170.418,-3672.6604,
SceneComponent,BP_AISpawner_C'map03_p_WP:PersistentLevel.UNP_BP_AISpawner1_b407eb9e9ae602fa_1',AISpawnerConfigSet'DA_AISpawner_Mobs_Rare',13576.468,49030.41,-3675.3862,
SceneComponent,BP_AISpawner_C'map03_p_WP:PersistentLevel.UNP_BP_AISpawner1_b95cf0988ea94482_1',AISpawnerConfigSet'DA_AISpawner_Mobs_Rare',35315.613,31259.947,-2710.2095,
SceneComponent,BP_AISpawner_C'map03_p_WP:PersistentLevel.UNP_BP_AISpawner1_ba5ff1c27bbd0a5e_1',AISpawnerConfigSet'DA_AISpawner_Mobs_Rare',29928.426,35195.35,-2897.5747,
SceneComponent,BP_AISpawner_C'map03_p_WP:PersistentLevel.UNP_BP_AISpawner1_c396676779c4d6b9_1',AISpawnerConfigSet'DA_AISpawner_Mobs_Rare',16462.955,43841.637,-2753.1611,
SceneComponent,BP_AISpawner_C'map03_p_WP:PersistentLevel.UNP_BP_AISpawner1_c846d622402f21c9_1',AISpawnerConfigSet'DA_AISpawner_Mobs_Rare',43066.703,20659.623,-766.91034,
SceneComponent,BP_AISpawner_C'map03_p_WP:PersistentLevel.UNP_BP_AISpawner1_cdf66bf02a7cdaad_1',AISpawnerConfigSet'DA_AISpawner_Mobs_Rare',46251.086,34160.57,-3077.9204,
SceneComponent,BP_AISpawner_C'map03_p_WP:PersistentLevel.UNP_BP_AISpawner1_d13aeda62c2404aa_1',AISpawnerConfigSet'DA_AISpawner_Mobs',43983.31,13335.084,2186.5757,
SceneComponent,BP_AISpawner_C'map03_p_WP:PersistentLevel.UNP_BP_AISpawner1_d30b084deb7c4de1_1',AISpawnerConfigSet'DA_AISpawner_Mobs_Rare',46296.766,31045.408,-4029.55,
SceneComponent,BP_AISpawner_C'map03_p_WP:PersistentLevel.UNP_BP_AISpawner1_db17fceef7c2c539_1',AISpawnerConfigSet'DA_AISpawner_Mobs_Rare',34008.863,39157.73,-3819.5947,
SceneComponent,BP_AISpawner_C'map03_p_WP:PersistentLevel.UNP_BP_AISpawner1_dbd9770f81b6b67f_1',AISpawnerConfigSet'DA_AISpawner_Mobs_Rare',40854.527,43782.516,-4900.731,
SceneComponent,BP_AISpawner_C'map03_p_WP:PersistentLevel.UNP_BP_AISpawner1_dc20528bc1a1e7f0_1',AISpawnerConfigSet'DA_AISpawner_Mobs_Rare',23513.72,28362.754,-1506.5619,
SceneComponent,BP_AISpawner_C'map03_p_WP:PersistentLevel.UNP_BP_AISpawner1_e6a054bfb5ab74dc_1',AISpawnerConfigSet'DA_AISpawner_Mobs_Rare',9127.935,23247.402,-713.1399,
SceneComponent,BP_AISpawner_C'map03_p_WP:PersistentLevel.UNP_BP_AISpawner1_e856541705d524f0_1',AISpawnerConfigSet'DA_AISpawner_Mobs_Rare',5947.8296,40114.926,-2673.9927,
SceneComponent,BP_AISpawner_C'map03_p_WP:PersistentLevel.UNP_BP_AISpawner1_eb419f0b58df74cb_1',AISpawnerConfigSet'DA_AISpawner_Mobs_Rare',50199.37,24920.547,-4264.5176,
SceneComponent,BP_AISpawner_C'map03_p_WP:PersistentLevel.UNP_BP_AISpawner1_f0569c710cf77bc4_1',AISpawnerConfigSet'DA_AISpawner_Mobs_Rare',36067.81,38209.152,-3509.9072,
SceneComponent,BP_AISpawner_C'map03_p_WP:PersistentLevel.UNP_BP_AISpawner1_f0e41a3eff3aea0b_1',AISpawnerConfigSet'DA_AISpawner_Mobs_Rare',2071.549,20951.672,-100.417175,
SceneComponent,BP_AISpawner_C'map03_p_WP:PersistentLevel.UNP_BP_AISpawner1_f413952e99bc7f5a_1',AISpawnerConfigSet'DA_AISpawner_Mobs_Rare',31683.715,42201.85,-3546.4204,
SceneComponent,BP_AISpawner_C'map03_p_WP:PersistentLevel.UNP_BP_AISpawner1_f657f7070e2851d5_1',AISpawnerConfigSet'DA_AISpawner_Mobs_Rare',44527.652,47644.164,-4951.241,
SceneComponent,BP_AISpawner_C'map03_p_WP:PersistentLevel.UNP_BP_AISpawner1_f8ecbdf92a8482d1_1',AISpawnerConfigSet'DA_AISpawner_Mobs_Rare',35313.9,22325.418,-1064.6976,
SceneComponent,BP_AISpawner_C'map03_p_WP:PersistentLevel.UNP_BP_AISpawner1_fb274162a7d9727d_1',AISpawnerConfigSet'DA_AISpawner_Mobs_Rare',48753.027,36377.82,-5163.5107,
SceneComponent,BP_AISpawner_C'map03_p_WP:PersistentLevel.UNP_BP_AISpawner1_fea4b5c59189294b_1',AISpawnerConfigSet'DA_AISpawner_Peasants',3929.225,41437.363,-2854.4277,
SceneComponent,BP_AISpawner_C'map03_p_WP:PersistentLevel.UNP_BP_AISpawner1_ff5dd85c62d47c6c_1',AISpawnerConfigSet'DA_AISpawner_Mobs_Rare',42632.504,52005.438,-4080.935,
SceneComponent,BP_AISpawner_C'map03_p_WP:PersistentLevel.UNP_BP_AISpawner2_039c8620f5ef8060_1',AISpawnerConfigSet'DA_AISpawner_Peasants',-622.69446,-11926.179,426.2847,
SceneComponent,BP_AISpawner_C'map03_p_WP:PersistentLevel.UNP_BP_AISpawner2_20c886124a4a6cac_2',AISpawnerConfigSet'DA_AISpawner_Peasants',-1404.9373,15075.831,-59.966164,
SceneComponent,BP_AISpawner_C'map03_p_WP:PersistentLevel.UNP_BP_AISpawner2_248ca04a73e0c586_2',AISpawnerConfigSet'DA_AISpawner_Mobs',36964.21,20165.85,2180.2217,
SceneComponent,BP_AISpawner_C'map03_p_WP:PersistentLevel.UNP_BP_AISpawner2_64394a8c06402507_1',AISpawnerConfigSet'DA_AISpawner_Peasants',-15856.77,23290.957,-1534.2808,
SceneComponent,BP_AISpawner_C'map03_p_WP:PersistentLevel.UNP_BP_AISpawner2_6ed99d200bbadc17_2',AISpawnerConfigSet'DA_AISpawner_Mobs',13621.617,44737.52,-2928.0906,
SceneComponent,BP_AISpawner_C'map03_p_WP:PersistentLevel.UNP_BP_AISpawner2_90d7047e313b2b81_0',AISpawnerConfigSet'DA_AISpawner_Peasants',19922.035,34331.24,-1945.0894,
SceneComponent,BP_AISpawner_C'map03_p_WP:PersistentLevel.UNP_BP_AISpawner2_UAID_046874882494907E02_f6ac66adf17bf997_1359958930',AISpawnerConfigSet'DA_AISpawner_Voltigeur',-20463.793,20468.115,-1436.336,
SceneComponent,BP_AISpawner_C'map03_p_WP:PersistentLevel.UNP_BP_AISpawner2_UAID_046874882494907E02_f6ac66adf17bf997_1360701990',AISpawnerConfigSet'DA_AISpawner_Voltigeur',-19677.28,23814.865,-1435.8427,
SceneComponent,BP_AISpawner_C'map03_p_WP:PersistentLevel.UNP_BP_AISpawner2_UAID_046874882494928402_29fb098085780a4e_1954603179',AISpawnerConfigSet'DA_AISpawner_Peasants',17878.43,15713.931,23.778284,
SceneComponent,BP_AISpawner_C'map03_p_WP:PersistentLevel.UNP_BP_AISpawner2_UAID_046874882494928402_29fb098085780a4e_1954926230',AISpawnerConfigSet'DA_AISpawner_Peasants',27531.95,17913.436,150.82144,
SceneComponent,BP_AISpawner_C'map03_p_WP:PersistentLevel.UNP_BP_AISpawner2_UAID_046874882494D77F02_46c6e786a3fd7089_1404752892',AISpawnerConfigSet'DA_AISpawner_Mobs',25568.928,41373.78,-2389.7664,
SceneComponent,BP_AISpawner_C'map03_p_WP:PersistentLevel.UNP_BP_AISpawner2_UAID_046874882494D77F02_46c6e786a3fd7089_1405155971',AISpawnerConfigSet'DA_AISpawner_Mobs',22906.979,40597.996,-2389.7664,
SceneComponent,BP_AISpawner_C'map03_p_WP:PersistentLevel.UNP_BP_AISpawner2_UAID_046874882494D77F02_46c6e786a3fd7089_1405568028',AISpawnerConfigSet'DA_AISpawner_Mobs',24987.783,39773.445,-2389.7664,
SceneComponent,BP_AISpawner_C'map03_p_WP:PersistentLevel.UNP_BP_AISpawner2_UAID_046874882494F98A02_2c07323eb2e99beb_2106980970',AISpawnerConfigSet'DA_AISpawner_Mobs',34340.89,7268.563,1166.0907,
SceneComponent,BP_AISpawner_C'map03_p_WP:PersistentLevel.UNP_BP_AISpawner2_UAID_046874882494F98A02_2c07323eb2e99beb_2107460049',AISpawnerConfigSet'DA_AISpawner_Mobs',31985.555,10047.136,1164.2938,
SceneComponent,BP_AISpawner_C'map03_p_WP:PersistentLevel.UNP_BP_AISpawner2_UAID_046874882494F98A02_2c07323eb2e99beb_2107931106',AISpawnerConfigSet'DA_AISpawner_Mobs',32282.229,7230.626,1172.7225,
SceneComponent,BP_AISpawner_C'map03_p_WP:PersistentLevel.UNP_BP_AISpawner2_UAID_18C04DA8201B437902_b67ec8a3d8d2e891_1437700250',AISpawnerConfigSet'DA_AISpawner_Mobs',-4338.458,38479.023,-2527.6113,
SceneComponent,BP_AISpawner_C'map03_p_WP:PersistentLevel.UNP_BP_AISpawner2_a08f056012bf1a67_2',AISpawnerConfigSet'DA_AISpawner_Mobs',49529.758,30458.906,-4317.4985,
SceneComponent,BP_AISpawner_C'map03_p_WP:PersistentLevel.UNP_BP_AISpawner2_d13aeda62c2404aa_2',AISpawnerConfigSet'DA_AISpawner_Mobs',44906.676,13834.808,2186.2295,
SceneComponent,BP_AISpawner_C'map03_p_WP:PersistentLevel.UNP_BP_AISpawner2_fea4b5c59189294b_2',AISpawnerConfigSet'DA_AISpawner_Peasants',3734.671,42077.55,-2842.7502,
SceneComponent,BP_AISpawner_C'map03_p_WP:PersistentLevel.UNP_BP_AISpawner3_039c8620f5ef8060_0',AISpawnerConfigSet'DA_AISpawner_Peasants',-28.320148,-12413.128,426.2847,
SceneComponent,BP_AISpawner_C'map03_p_WP:PersistentLevel.UNP_BP_AISpawner3_20c886124a4a6cac_3',AISpawnerConfigSet'DA_AISpawner_Peasants',-394.37268,13092.612,-75.996956,
SceneComponent,BP_AISpawner_C'map03_p_WP:PersistentLevel.UNP_BP_AISpawner3_248ca04a73e0c586_3',AISpawnerConfigSet'DA_AISpawner_Mobs',36611.086,19317.326,2180.342,
SceneComponent,BP_AISpawner_C'map03_p_WP:PersistentLevel.UNP_BP_AISpawner3_64394a8c06402507_0',AISpawnerConfigSet'DA_AISpawner_Peasants',-15519.602,22600.51,-1534.2808,
SceneComponent,BP_AISpawner_C'map03_p_WP:PersistentLevel.UNP_BP_AISpawner3_90d7047e313b2b81_2',AISpawnerConfigSet'DA_AISpawner_Peasants',18841.113,32882.07,-1945.0894,
SceneComponent,BP_AISpawner_C'map03_p_WP:PersistentLevel.UNP_BP_AISpawner3_UAID_046874882494118C02_2389606fe4e70095_1342756711',AISpawnerConfigSet'DA_AISpawner_Peasants',27896.246,20105.566,228.24823,
SceneComponent,BP_AISpawner_C'map03_p_WP:PersistentLevel.UNP_BP_AISpawner3_UAID_046874882494368F02_9c34f29bae09b13e_1382431599',AISpawnerConfigSet'DA_AISpawner_Mobs',-1146.0161,3327.4277,-641.2693,
SceneComponent,BP_AISpawner_C'map03_p_WP:PersistentLevel.UNP_BP_AISpawner3_UAID_0468748824944E9002_29a1b4c71511b535_1419092961',AISpawnerConfigSet'DA_AISpawner_Peasants',46054.445,42572.16,-5333.996,
SceneComponent,BP_AISpawner_C'map03_p_WP:PersistentLevel.UNP_BP_AISpawner3_UAID_046874882494907E02_f6ac66adf17bf997_1360668974',AISpawnerConfigSet'DA_AISpawner_Voltigeur',-20512.209,23430.697,-1436.4731,
SceneComponent,BP_AISpawner_C'map03_p_WP:PersistentLevel.UNP_BP_AISpawner3_UAID_046874882494D77F02_46c6e786a3fd7089_1405139962',AISpawnerConfigSet'DA_AISpawner_Mobs',23477.525,39975.24,-2365.5864,
SceneComponent,BP_AISpawner_C'map03_p_WP:PersistentLevel.UNP_BP_AISpawner3_UAID_046874882494D77F02_46c6e786a3fd7089_1405531011',AISpawnerConfigSet'DA_AISpawner_Mobs',24355.002,40439.984,-2389.7664,
SceneComponent,BP_AISpawner_C'map03_p_WP:PersistentLevel.UNP_BP_AISpawner3_UAID_046874882494F98A02_2c07323eb2e99beb_2107445040',AISpawnerConfigSet'DA_AISpawner_Mobs',31870.324,9210.433,1188.4738,
SceneComponent,BP_AISpawner_C'map03_p_WP:PersistentLevel.UNP_BP_AISpawner3_UAID_046874882494F98A02_2c07323eb2e99beb_2107893089',AISpawnerConfigSet'DA_AISpawner_Mobs',33171.38,6998.0264,1172.7225,
SceneComponent,BP_AISpawner_C'map03_p_WP:PersistentLevel.UNP_BP_AISpawner3_fea4b5c59189294b_3',AISpawnerConfigSet'DA_AISpawner_Peasants',4222.7305,42225.71,-2833.8472,
SceneComponent,BP_AISpawner_C'map03_p_WP:PersistentLevel.UNP_BP_AISpawner4_20c886124a4a6cac_4',AISpawnerConfigSet'DA_AISpawner_Peasants',-1768.1163,12031.493,-75.996956,
SceneComponent,BP_AISpawner_C'map03_p_WP:PersistentLevel.UNP_BP_AISpawner4_90d7047e313b2b81_3',AISpawnerConfigSet'DA_AISpawner_Peasants',19301.592,32328.043,-1945.0894,
SceneComponent,BP_AISpawner_C'map03_p_WP:PersistentLevel.UNP_BP_AISpawner_0020d3ccafb18ec2_0',AISpawnerConfigSet'DA_AISpawner_Mobs_Rare',49228.25,32779.883,-4456.1255,
SceneComponent,BP_AISpawner_C'map03_p_WP:PersistentLevel.UNP_BP_AISpawner_00b6a2249b669eac_0',AISpawnerConfigSet'DA_AISpawner_Mobs_Rare',29305.764,41810.027,-2833.9646,
SceneComponent,BP_AISpawner_C'map03_p_WP:PersistentLevel.UNP_BP_AISpawner_0130370eb69a98c6_0',AISpawnerConfigSet'DA_AISpawner_Mobs_Rare',38471.676,31866.488,-2893.7368,
SceneComponent,BP_AISpawner_C'map03_p_WP:PersistentLevel.UNP_BP_AISpawner_01cdd42ca1f0cada_0',AISpawnerConfigSet'DA_AISpawner_Mobs_Rare',15536.087,42442.99,-2645.8018,
SceneComponent,BP_AISpawner_C'map03_p_WP:PersistentLevel.UNP_BP_AISpawner_039c8620f5ef8060_3',AISpawnerConfigSet'DA_AISpawner_Peasants',178.76404,-11805.496,426.2847,
SceneComponent,BP_AISpawner_C'map03_p_WP:PersistentLevel.UNP_BP_AISpawner_049f5705fc7f2404_0',AISpawnerConfigSet'DA_AISpawner_Mobs_Rare',30357.107,1675.0565,-758.64636,
SceneComponent,BP_AISpawner_C'map03_p_WP:PersistentLevel.UNP_BP_AISpawner_04a8eaedbca5069c_0',AISpawnerConfigSet'DA_AISpawner_Mobs_Rare',34770.305,34851.28,-3064.7368,
SceneComponent,BP_AISpawner_C'map03_p_WP:PersistentLevel.UNP_BP_AISpawner_056f2f44a04beb20_0',AISpawnerConfigSet'DA_AISpawner_Mobs_Rare',35343.43,36639.383,-3381.8752,
SceneComponent,BP_AISpawner_C'map03_p_WP:PersistentLevel.UNP_BP_AISpawner_061991d54819b6c1_0',AISpawnerConfigSet'DA_AISpawner_Mobs_Rare',1375.7617,-6745.7285,288.8562,
SceneComponent,BP_AISpawner_C'map03_p_WP:PersistentLevel.UNP_BP_AISpawner_062f6cd087d70038_0',AISpawnerConfigSet'DA_AISpawner_Mobs_Rare',21308.697,27904.87,-1410.3135,
SceneComponent,BP_AISpawner_C'map03_p_WP:PersistentLevel.UNP_BP_AISpawner_08d9e252a998983f_0',AISpawnerConfigSet'DA_AISpawner_Mobs_Rare',11876.662,17047.883,-76.65633,
SceneComponent,BP_AISpawner_C'map03_p_WP:PersistentLevel.UNP_BP_AISpawner_0a5094fba154e66f_0',AISpawnerConfigSet'DA_AISpawner_Mobs_Rare',-614.3147,18941.152,-21.599133,
SceneComponent,BP_AISpawner_C'map03_p_WP:PersistentLevel.UNP_BP_AISpawner_0a9854e54ebbcdb2_0',AISpawnerConfigSet'DA_AISpawner_Mobs_Rare',13868.818,30137.34,-1785.275,
SceneComponent,BP_AISpawner_C'map03_p_WP:PersistentLevel.UNP_BP_AISpawner_0b42926be43f17e1_0',AISpawnerConfigSet'DA_AISpawner_Mobs_Rare',12116.599,38076.543,-2187.556,
SceneComponent,BP_AISpawner_C'map03_p_WP:PersistentLevel.UNP_BP_AISpawner_0c24a28e217135db_0',AISpawnerConfigSet'DA_AISpawner_Mobs_Rare',16962.553,51195.395,-3681.116,
SceneComponent,BP_AISpawner_C'map03_p_WP:PersistentLevel.UNP_BP_AISpawner_0c8e552c61dc2960_0',AISpawnerConfigSet'DA_AISpawner_Mobs_Rare',8829.514,24733.746,-868.62305,
SceneComponent,BP_AISpawner_C'map03_p_WP:PersistentLevel.UNP_BP_AISpawner_0d33841abe568357_0',AISpawnerConfigSet'DA_AISpawner_Mobs_Rare',42768.73,47087.63,-4915.547,
SceneComponent,BP_AISpawner_C'map03_p_WP:PersistentLevel.UNP_BP_AISpawner_0d42e420d145f2c2_0',AISpawnerConfigSet'DA_AISpawner_Mobs_Rare',22172.684,35966.934,-2266.0503,
SceneComponent,BP_AISpawner_C'map03_p_WP:PersistentLevel.UNP_BP_AISpawner_0d47b86c2df1e9e7_0',AISpawnerConfigSet'DA_AISpawner_Mobs_Rare',21745.836,-15250.728,-1714.1718,
SceneComponent,BP_AISpawner_C'map03_p_WP:PersistentLevel.UNP_BP_AISpawner_0da393a28e967b08_0',AISpawnerConfigSet'DA_AISpawner_Mobs_Rare',5184.0215,10320.353,-199.40071,
SceneComponent,BP_AISpawner_C'map03_p_WP:PersistentLevel.UNP_BP_AISpawner_0ff98c0633d254df_0',AISpawnerConfigSet'DA_AISpawner_Mobs_Rare',22004.65,42191.117,-2271.476,
SceneComponent,BP_AISpawner_C'map03_p_WP:PersistentLevel.UNP_BP_AISpawner_10f620945fb04776_0',AISpawnerConfigSet'DA_AISpawner_Peasants',29963.898,20415.17,-5475.4346,
SceneComponent,BP_AISpawner_C'map03_p_WP:PersistentLevel.UNP_BP_AISpawner_122d43448eaaf4f1_0',AISpawnerConfigSet'DA_AISpawner_Mobs_Rare',27515.674,44276.22,-2794.0012,
SceneComponent,BP_AISpawner_C'map03_p_WP:PersistentLevel.UNP_BP_AISpawner_132318d1de34deeb_0',AISpawnerConfigSet'DA_AISpawner_Mobs_Rare',34273.457,35875.684,-3251.004,
SceneComponent,BP_AISpawner_C'map03_p_WP:PersistentLevel.UNP_BP_AISpawner_143a7d1ad30f9411_0',AISpawnerConfigSet'DA_AISpawner_Mobs_Rare',29950.834,38100.598,-2925.3804,
SceneComponent,BP_AISpawner_C'map03_p_WP:PersistentLevel.UNP_BP_AISpawner_144e02eb07b79d23_0',AISpawnerConfigSet'DA_AISpawner_Mobs_Rare',30312.643,7496.1064,1193.9689,
SceneComponent,BP_AISpawner_C'map03_p_WP:PersistentLevel.UNP_BP_AISpawner_147ee368e4932e3e_0',AISpawnerConfigSet'DA_AISpawner_Mobs_Rare',-3909.2937,23653.46,-204.00618,
SceneComponent,BP_AISpawner_C'map03_p_WP:PersistentLevel.UNP_BP_AISpawner_1509db08db1b656f_0',AISpawnerConfigSet'DA_AISpawner_Mobs_Rare',51504.977,34193.605,-5047.4863,
SceneComponent,BP_AISpawner_C'map03_p_WP:PersistentLevel.UNP_BP_AISpawner_1591c21bc3566ab3_0',AISpawnerConfigSet'DA_AISpawner_Mobs_Rare',30927.652,45685.27,-3907.7998,
SceneComponent,BP_AISpawner_C'map03_p_WP:PersistentLevel.UNP_BP_AISpawner_15e10bb9c2b76a53_0',AISpawnerConfigSet'DA_AISpawner_Mobs_Rare',-9116.279,7547.7036,-356.98798,
SceneComponent,BP_AISpawner_C'map03_p_WP:PersistentLevel.UNP_BP_AISpawner_161bf58e9a214e91_0',AISpawnerConfigSet'DA_AISpawner_Mobs_Rare',34397.637,30371.848,-2656.9768,
SceneComponent,BP_AISpawner_C'map03_p_WP:PersistentLevel.UNP_BP_AISpawner_166f4d3e5a797637_0',AISpawnerConfigSet'DA_AISpawner_Mobs_Rare',11763.6875,13514.685,-90.13702,
SceneComponent,BP_AISpawner_C'map03_p_WP:PersistentLevel.UNP_BP_AISpawner_17ff228a3f536ed2_0',AISpawnerConfigSet'DA_AISpawner_Mobs_Rare',-39857.227,-5130.834,356.016,
SceneComponent,BP_AISpawner_C'map03_p_WP:PersistentLevel.UNP_BP_AISpawner_18219a88d87d140d_0',AISpawnerConfigSet'DA_AISpawner_Mobs_Rare',-20712.777,11529.588,-123.68008,
SceneComponent,BP_AISpawner_C'map03_p_WP:PersistentLevel.UNP_BP_AISpawner_1894409cc0c67105_0',AISpawnerConfigSet'DA_AISpawner_Mobs_Rare',-22620.79,9995.074,-100.455894,
SceneComponent,BP_AISpawner_C'map03_p_WP:PersistentLevel.UNP_BP_AISpawner_18af0b7603db91f4_0',AISpawnerConfigSet'DA_AISpawner_Mobs_Rare',12332.574,31350.865,-1788.404,
SceneComponent,BP_AISpawner_C'map03_p_WP:PersistentLevel.UNP_BP_AISpawner_19a87834db8e2708_0',AISpawnerConfigSet'DA_AISpawner_Mobs_Rare',-5401.7173,23097.68,-204.00618,
SceneComponent,BP_AISpawner_C'map03_p_WP:PersistentLevel.UNP_BP_AISpawner_1ba4fde04d3fff43_0',AISpawnerConfigSet'DA_AISpawner_Mobs_Rare',18689.033,10343.746,301.39096,
SceneComponent,BP_AISpawner_C'map03_p_WP:PersistentLevel.UNP_BP_AISpawner_1d00c38b966ecc9a_0',AISpawnerConfigSet'DA_AISpawner_Mobs_Rare',37222.555,-10126.33,-3784.0344,
SceneComponent,BP_AISpawner_C'map03_p_WP:PersistentLevel.UNP_BP_AISpawner_1df07277eda395f7_0',AISpawnerConfigSet'DA_AISpawner_Mobs_Rare',11081.651,50921.316,-3757.454,
SceneComponent,BP_AISpawner_C'map03_p_WP:PersistentLevel.UNP_BP_AISpawner_1e9146268bbb59aa_0',AISpawnerConfigSet'DA_AISpawner_Mobs_Rare',-17250.463,10857.479,-105.44171,
SceneComponent,BP_AISpawner_C'map03_p_WP:PersistentLevel.UNP_BP_AISpawner_1fdb678b10f19a6f_0',AISpawnerConfigSet'DA_AISpawner_Mobs_Rare',6605.7744,20915.154,-90.836555,
SceneComponent,BP_AISpawner_C'map03_p_WP:PersistentLevel.UNP_BP_AISpawner_1fe35ca279005220_0',AISpawnerConfigSet'DA_AISpawner_Mobs_Rare',11907.536,36706.855,-2215.435,
SceneComponent,BP_AISpawner_C'map03_p_WP:PersistentLevel.UNP_BP_AISpawner_20508aeec61c7db5_0',AISpawnerConfigSet'DA_AISpawner_Mobs_Rare',20458.084,52648.297,-3681.116,
SceneComponent,BP_AISpawner_C'map03_p_WP:PersistentLevel.UNP_BP_AISpawner_20c886124a4a6cac_0',AISpawnerConfigSet'DA_AISpawner_Peasants',-2317.0645,13215.166,-75.996956,
SceneComponent,BP_AISpawner_C'map03_p_WP:PersistentLevel.UNP_BP_AISpawner_239aa48c25ca09bb_0',AISpawnerConfigSet'DA_AISpawner_Mobs_Rare',45932.574,33305.79,-3105.702,
SceneComponent,BP_AISpawner_C'map03_p_WP:PersistentLevel.UNP_BP_AISpawner_23e059b03b2edbac_0',AISpawnerConfigSet'DA_AISpawner_Mobs_Rare',33587.46,47233.45,-5038.683,
SceneComponent,BP_AISpawner_C'map03_p_WP:PersistentLevel.UNP_BP_AISpawner_248ca04a73e0c586_0',AISpawnerConfigSet'DA_AISpawner_Mobs',36959.652,19741.744,2179.601,
SceneComponent,BP_AISpawner_C'map03_p_WP:PersistentLevel.UNP_BP_AISpawner_26b6ce9230940909_0',AISpawnerConfigSet'DA_AISpawner_Mobs_Rare',11704.094,35393.61,-2144.7927,
SceneComponent,BP_AISpawner_C'map03_p_WP:PersistentLevel.UNP_BP_AISpawner_275a07c48aa95973_0',AISpawnerConfigSet'DA_AISpawner_Mobs_Rare',44088.516,24593.033,-2916.3916,
SceneComponent,BP_AISpawner_C'map03_p_WP:PersistentLevel.UNP_BP_AISpawner_275d95994bc3454f_0',AISpawnerConfigSet'DA_AISpawner_Mobs_Rare',37504.598,53909.316,-3568.6555,
SceneComponent,BP_AISpawner_C'map03_p_WP:PersistentLevel.UNP_BP_AISpawner_28bf0a2353b96ee9_0',AISpawnerConfigSet'DA_AISpawner_Mobs_Rare',-6030.781,33422.6,-2564.0444,
SceneComponent,BP_AISpawner_C'map03_p_WP:PersistentLevel.UNP_BP_AISpawner_29070150fa02fd4b_0',AISpawnerConfigSet'DA_AISpawner_Mobs_Rare',6465.3135,11004.532,-193.01286,
SceneComponent,BP_AISpawner_C'map03_p_WP:PersistentLevel.UNP_BP_AISpawner_2a5f6b8c9f0819f0_0',AISpawnerConfigSet'DA_AISpawner_Mobs_Rare',-12747.658,27826.637,-1602.344,
SceneComponent,BP_AISpawner_C'map03_p_WP:PersistentLevel.UNP_BP_AISpawner_2a7ff369e95d7332_0',AISpawnerConfigSet'DA_AISpawner_Mobs_Rare',52092.668,32724.055,-5126.995,
SceneComponent,BP_AISpawner_C'map03_p_WP:PersistentLevel.UNP_BP_AISpawner_2c5b04356b384fb3_0',AISpawnerConfigSet'DA_AISpawner_Mobs_Rare',39059.656,30030.744,-2808.868,
SceneComponent,BP_AISpawner_C'map03_p_WP:PersistentLevel.UNP_BP_AISpawner_2c8900c46b5701f1_0',AISpawnerConfigSet'DA_AISpawner_Mobs_Rare',-8355.02,32457.97,-2438.205,
SceneComponent,BP_AISpawner_C'map03_p_WP:PersistentLevel.UNP_BP_AISpawner_2cd7178691c28e6e_0',AISpawnerConfigSet'DA_AISpawner_Mobs_Rare',24931.98,28837.885,-1732.9607,
SceneComponent,BP_AISpawner_C'map03_p_WP:PersistentLevel.UNP_BP_AISpawner_2cf4952ca7e74488_0',AISpawnerConfigSet'DA_AISpawner_Mobs_Rare',68.89437,38690.895,-2649.0093,
SceneComponent,BP_AISpawner_C'map03_p_WP:PersistentLevel.UNP_BP_AISpawner_2d84bc64df1a253f_0',AISpawnerConfigSet'DA_AISpawner_Mobs_Rare',1837.0199,24664.375,-636.59863,
SceneComponent,BP_AISpawner_C'map03_p_WP:PersistentLevel.UNP_BP_AISpawner_2ee3a77bff57f36b_0',AISpawnerConfigSet'DA_AISpawner_Mobs_Rare',16777.684,-16079.668,-871.07544,
SceneComponent,BP_AISpawner_C'map03_p_WP:PersistentLevel.UNP_BP_AISpawner_3015e60b6a6de93b_0',AISpawnerConfigSet'DA_AISpawner_Mobs_Rare',33781.418,34164.348,-2949.932,
SceneComponent,BP_AISpawner_C'map03_p_WP:PersistentLevel.UNP_BP_AISpawner_308950a9bac05081_0',AISpawnerConfigSet'DA_AISpawner_Mobs_Rare',37810.125,32766.607,-2850.5251,
SceneComponent,BP_AISpawner_C'map03_p_WP:PersistentLevel.UNP_BP_AISpawner_30fa77cbf391bfc5_0',AISpawnerConfigSet'DA_AISpawner_Peasants',-109695.01,14464.25,-671.9436,
SceneComponent,BP_AISpawner_C'map03_p_WP:PersistentLevel.UNP_BP_AISpawner_31057564029a1704_0',AISpawnerConfigSet'DA_AISpawner_Mobs_Rare',15601.009,23238.553,-1176.4825,
SceneComponent,BP_AISpawner_C'map03_p_WP:PersistentLevel.UNP_BP_AISpawner_31614b8be15cc24f_0',AISpawnerConfigSet'DA_AISpawner_Mobs_Rare',18900.05,48918.504,-3636.4934,
SceneComponent,BP_AISpawner_C'map03_p_WP:PersistentLevel.UNP_BP_AISpawner_31ea12bfb56b699e_0',AISpawnerConfigSet'DA_AISpawner_Mobs_Rare',-17053.25,24492.893,-1425.8441,
SceneComponent,BP_AISpawner_C'map03_p_WP:PersistentLevel.UNP_BP_AISpawner_33e347b5a7b42e3c_0',AISpawnerConfigSet'DA_AISpawner_Mobs_Rare',39075.69,44574.438,-4806.924,
SceneComponent,BP_AISpawner_C'map03_p_WP:PersistentLevel.UNP_BP_AISpawner_34114e7e258a2790_0',AISpawnerConfigSet'DA_AISpawner_Mobs_Rare',29676.67,43471.85,-3164.5718,
SceneComponent,BP_AISpawner_C'map03_p_WP:PersistentLevel.UNP_BP_AISpawner_35798a81ebd9a42e_0',AISpawnerConfigSet'DA_AISpawner_Mobs_Rare',42328.656,24985.191,-2847.3433,
SceneComponent,BP_AISpawner_C'map03_p_WP:PersistentLevel.UNP_BP_AISpawner_365c3100ced975f8_0',AISpawnerConfigSet'DA_AISpawner_Mobs_Rare',3280.565,24887.277,-769.812,
SceneComponent,BP_AISpawner_C'map03_p_WP:PersistentLevel.UNP_BP_AISpawner_36acb6130ae35c24_0',AISpawnerConfigSet'DA_AISpawner_Mobs_Rare',21831.041,-16389.055,-1689.9929,
SceneComponent,BP_AISpawner_C'map03_p_WP:PersistentLevel.UNP_BP_AISpawner_36f04927d9a253be_0',AISpawnerConfigSet'DA_AISpawner_Mobs_Rare',45677.633,36907.938,-3462.2217,
SceneComponent,BP_AISpawner_C'map03_p_WP:PersistentLevel.UNP_BP_AISpawner_37f5bce2fb7f131c_0',AISpawnerConfigSet'DA_AISpawner_Mobs_Rare',23127.89,36672.957,-2292.6646,
SceneComponent,BP_AISpawner_C'map03_p_WP:PersistentLevel.UNP_BP_AISpawner_385bc23db955bdba_0',AISpawnerConfigSet'DA_AISpawner_Mobs_Rare',5556.5146,13883.249,-135.17851,
SceneComponent,BP_AISpawner_C'map03_p_WP:PersistentLevel.UNP_BP_AISpawner_390fc25d00f4e67f_0',AISpawnerConfigSet'DA_AISpawner_Mobs_Rare',12545.88,27601.795,-1298.1783,
SceneComponent,BP_AISpawner_C'map03_p_WP:PersistentLevel.UNP_BP_AISpawner_39594d96bab860e5_0',AISpawnerConfigSet'DA_AISpawner_Mobs_Rare',39220.07,23000.865,-888.95575,
SceneComponent,BP_AISpawner_C'map03_p_WP:PersistentLevel.UNP_BP_AISpawner_3a84ba8087750cd6_0',AISpawnerConfigSet'DA_AISpawner_Mobs_Rare',35153.3,44765.91,-4948.7544,
SceneComponent,BP_AISpawner_C'map03_p_WP:PersistentLevel.UNP_BP_AISpawner_3aaa89b46109a853_0',AISpawnerConfigSet'DA_AISpawner_Mobs_Rare',13939.643,20423.508,-832.1365,
SceneComponent,BP_AISpawner_C'map03_p_WP:PersistentLevel.UNP_BP_AISpawner_3ab67b87e7e424bf_0',AISpawnerConfigSet'DA_AISpawner_Mobs_Rare',33677.35,21958.057,-1149.4996,
SceneComponent,BP_AISpawner_C'map03_p_WP:PersistentLevel.UNP_BP_AISpawner_3ac990017731b1e9_0',AISpawnerConfigSet'DA_AISpawner_Mobs_Rare',28443.281,26680.643,-1701.9967,
SceneComponent,BP_AISpawner_C'map03_p_WP:PersistentLevel.UNP_BP_AISpawner_40aa1f369fb38bc5_0',AISpawnerConfigSet'DA_AISpawner_Mobs_Rare',-4524.4126,19458.848,5.908369,
SceneComponent,BP_AISpawner_C'map03_p_WP:PersistentLevel.UNP_BP_AISpawner_460787624afb4d15_0',AISpawnerConfigSet'DA_AISpawner_Mobs_Rare',42789.73,44985.125,-5177.5034,
SceneComponent,BP_AISpawner_C'map03_p_WP:PersistentLevel.UNP_BP_AISpawner_46bfa89ff5083403_0',AISpawnerConfigSet'DA_AISpawner_Mobs_Rare',39665.41,-8504.7295,-3763.8416,
SceneComponent,BP_AISpawner_C'map03_p_WP:PersistentLevel.UNP_BP_AISpawner_46cf0e355f944edc_0',AISpawnerConfigSet'DA_AISpawner_Mobs_Rare',-3451.644,53878.574,-4490.4077,
SceneComponent,BP_AISpawner_C'map03_p_WP:PersistentLevel.UNP_BP_AISpawner_47162f028340511a_0',AISpawnerConfigSet'DA_AISpawner_Mobs_Rare',-11524.731,18899.271,-66.813995,
SceneComponent,BP_AISpawner_C'map03_p_WP:PersistentLevel.UNP_BP_AISpawner_496263486a940a0a_0',AISpawnerConfigSet'DA_AISpawner_Mobs_Rare',37019.184,43747.957,-4805.097,
SceneComponent,BP_AISpawner_C'map03_p_WP:PersistentLevel.UNP_BP_AISpawner_4a9ce0b0c35fb3d5_0',AISpawnerConfigSet'DA_AISpawner_Mobs_Rare',-10225.211,31445.633,-2268.3142,
SceneComponent,BP_AISpawner_C'map03_p_WP:PersistentLevel.UNP_BP_AISpawner_4c4e62702615f66c_0',AISpawnerConfigSet'DA_AISpawner_Mobs_Rare',-3234.664,22367.309,-151.99048,
SceneComponent,BP_AISpawner_C'map03_p_WP:PersistentLevel.UNP_BP_AISpawner_4cdcfcaf0064502d_0',AISpawnerConfigSet'DA_AISpawner_Mobs_Rare',32074.13,32295.148,-2740.0344,
SceneComponent,BP_AISpawner_C'map03_p_WP:PersistentLevel.UNP_BP_AISpawner_4e51c7a1e52bdada_0',AISpawnerConfigSet'DA_AISpawner_Mobs_Rare',17108.352,42238.004,-2267.4324,
SceneComponent,BP_AISpawner_C'map03_p_WP:PersistentLevel.UNP_BP_AISpawner_4ea8e8b38951974f_0',AISpawnerConfigSet'DA_AISpawner_Mobs_Rare',14389.614,29414.93,-1773.3018,
SceneComponent,BP_AISpawner_C'map03_p_WP:PersistentLevel.UNP_BP_AISpawner_4f31e5946d9239b2_0',AISpawnerConfigSet'DA_AISpawner_Mobs_Rare',3114.5757,42161.793,-2912.2273,
SceneComponent,BP_AISpawner_C'map03_p_WP:PersistentLevel.UNP_BP_AISpawner_531d17be69ef6837_0',AISpawnerConfigSet'DA_AISpawner_Mobs_Rare',17894.357,28803.406,-1938.0983,
SceneComponent,BP_AISpawner_C'map03_p_WP:PersistentLevel.UNP_BP_AISpawner_533b696d1d0cc45d_0',AISpawnerConfigSet'DA_AISpawner_Mobs_Rare',36335.92,41783.723,-4469.564,
SceneComponent,BP_AISpawner_C'map03_p_WP:PersistentLevel.UNP_BP_AISpawner_53a14b2c042dcd5d_0',AISpawnerConfigSet'DA_AISpawner_Mobs_Rare',15139.419,21281.117,-1014.45667,
SceneComponent,BP_AISpawner_C'map03_p_WP:PersistentLevel.UNP_BP_AISpawner_566d8b5b9721bfc1_0',AISpawnerConfigSet'DA_AISpawner_Mobs_Rare',15842.419,16133.057,-11.497601,
SceneComponent,BP_AISpawner_C'map03_p_WP:PersistentLevel.UNP_BP_AISpawner_57ee543e24c4c4b3_0',AISpawnerConfigSet'DA_AISpawner_Mobs_Rare',9664.234,14082.188,-40.16179,
SceneComponent,BP_AISpawner_C'map03_p_WP:PersistentLevel.UNP_BP_AISpawner_58251de87bedf4a8_0',AISpawnerConfigSet'DA_AISpawner_Mobs_Rare',30867.451,35918.25,-3021.3677,
SceneComponent,BP_AISpawner_C'map03_p_WP:PersistentLevel.UNP_BP_AISpawner_588fc6362429a251_0',AISpawnerConfigSet'DA_AISpawner_Mobs_Rare',2024.3623,39145.797,-2721.3584,
SceneComponent,BP_AISpawner_C'map03_p_WP:PersistentLevel.UNP_BP_AISpawner_59c49c2279d9778c_0',AISpawnerConfigSet'DA_AISpawner_Mobs_Rare',-9174.177,32008.127,-2382.6365,
SceneComponent,BP_AISpawner_C'map03_p_WP:PersistentLevel.UNP_BP_AISpawner_59d1dbf28c5508b2_0',AISpawnerConfigSet'DA_AISpawner_Mobs_Rare',30116.184,13068.643,1113.3204,
SceneComponent,BP_AISpawner_C'map03_p_WP:PersistentLevel.UNP_BP_AISpawner_5b2f56998b0ff6be_0',AISpawnerConfigSet'DA_AISpawner_Mobs_Rare',38898.223,28598.926,-2614.4458,
SceneComponent,BP_AISpawner_C'map03_p_WP:PersistentLevel.UNP_BP_AISpawner_5b8afab69fb8f35f_0',AISpawnerConfigSet'DA_AISpawner_Mobs_Rare',36689.766,4430.3384,-498.6724,
SceneComponent,BP_AISpawner_C'map03_p_WP:PersistentLevel.UNP_BP_AISpawner_5c2e0f35a4776352_0',AISpawnerConfigSet'DA_AISpawner_Mobs_Rare',39086.492,3360.7468,-676.25616,
SceneComponent,BP_AISpawner_C'map03_p_WP:PersistentLevel.UNP_BP_AISpawner_5dce1e6ab14bb390_0',AISpawnerConfigSet'DA_AISpawner_Mobs_Rare',23224.691,37711.5,-2374.3596,
SceneComponent,BP_AISpawner_C'map03_p_WP:PersistentLevel.UNP_BP_AISpawner_5dede457f63f927c_0',AISpawnerConfigSet'DA_AISpawner_Mobs_Rare',31906.19,39096.547,-3483.497,
SceneComponent,BP_AISpawner_C'map03_p_WP:PersistentLevel.UNP_BP_AISpawner_5eeccbf7e720f495_0',AISpawnerConfigSet'DA_AISpawner_Mobs_Rare',13143.7295,22899.234,-989.91113,
SceneComponent,BP_AISpawner_C'map03_p_WP:PersistentLevel.UNP_BP_AISpawner_5f057450616ae3c8_0',AISpawnerConfigSet'DA_AISpawner_Mobs_Rare',30657.854,14705.199,825.83344,
SceneComponent,BP_AISpawner_C'map03_p_WP:PersistentLevel.UNP_BP_AISpawner_6148c196511a54f1_0',AISpawnerConfigSet'DA_AISpawner_Mobs_Rare',10110.208,10835.932,-346.81253,
SceneComponent,BP_AISpawner_C'map03_p_WP:PersistentLevel.UNP_BP_AISpawner_61975f18186840dd_0',AISpawnerConfigSet'DA_AISpawner_Mobs_Rare',54088.51,25826.486,-5154.657,
SceneComponent,BP_AISpawner_C'map03_p_WP:PersistentLevel.UNP_BP_AISpawner_62a3a46c36642741_0',AISpawnerConfigSet'DA_AISpawner_Mobs_Rare',36364.598,52588.84,-3561.4944,
SceneComponent,BP_AISpawner_C'map03_p_WP:PersistentLevel.UNP_BP_AISpawner_62a739989eeeff38_0',AISpawnerConfigSet'DA_AISpawner_Mobs_Rare',44232.06,49570.777,-4632.273,
SceneComponent,BP_AISpawner_C'map03_p_WP:PersistentLevel.UNP_BP_AISpawner_638949d18088b66f_0',AISpawnerConfigSet'DA_AISpawner_Mobs_Rare',44385.535,51720.824,-4339.1304,
SceneComponent,BP_AISpawner_C'map03_p_WP:PersistentLevel.UNP_BP_AISpawner_638a82241f52b0c5_0',AISpawnerConfigSet'DA_AISpawner_Mobs_Rare',-6429.9688,-14635.65,691.8086,
SceneComponent,BP_AISpawner_C'map03_p_WP:PersistentLevel.UNP_BP_AISpawner_64121a9002eac42d_0',AISpawnerConfigSet'DA_AISpawner_Mobs_Rare',45770.06,51116.688,-4409.3613,
SceneComponent,BP_AISpawner_C'map03_p_WP:PersistentLevel.UNP_BP_AISpawner_643746db1684a568_0',AISpawnerConfigSet'DA_AISpawner_Mobs_Rare',41422.81,46372.004,-4887.673,
SceneComponent,BP_AISpawner_C'map03_p_WP:PersistentLevel.UNP_BP_AISpawner_64394a8c06402507_3',AISpawnerConfigSet'DA_AISpawner_Peasants',-15077.995,23066.432,-1534.2808,
SceneComponent,BP_AISpawner_C'map03_p_WP:PersistentLevel.UNP_BP_AISpawner_66f3750ff2ec171c_0',AISpawnerConfigSet'DA_AISpawner_Mobs_Rare',12787.91,29167.986,-1568.8776,
SceneComponent,BP_AISpawner_C'map03_p_WP:PersistentLevel.UNP_BP_AISpawner_67622080953a4ae2_0',AISpawnerConfigSet'DA_AISpawner_Mobs_Rare',36370.8,-1145.8308,-1561.6766,
SceneComponent,BP_AISpawner_C'map03_p_WP:PersistentLevel.UNP_BP_AISpawner_676f07ad1d720d8e_0',AISpawnerConfigSet'DA_AISpawner_Mobs_Rare',5540.7427,23165.05,-520.2036,
SceneComponent,BP_AISpawner_C'map03_p_WP:PersistentLevel.UNP_BP_AISpawner_67f7d2959e84f0b6_0',AISpawnerConfigSet'DA_AISpawner_Mobs_Rare',17636.21,27431.865,-1745.0822,
SceneComponent,BP_AISpawner_C'map03_p_WP:PersistentLevel.UNP_BP_AISpawner_67fe7f500ea2a78f_0',AISpawnerConfigSet'DA_AISpawner_Mobs_Rare',7790.932,11606.616,-143.49876,
SceneComponent,BP_AISpawner_C'map03_p_WP:PersistentLevel.UNP_BP_AISpawner_681195d1b95d9a0e_0',AISpawnerConfigSet'DA_AISpawner_Mobs_Rare',15968.5,44274.48,-2881.5234,
SceneComponent,BP_AISpawner_C'map03_p_WP:PersistentLevel.UNP_BP_AISpawner_68dd56dba29707dd_0',AISpawnerConfigSet'DA_AISpawner_Mobs_Rare',-2380.8254,23989.451,-253.68095,
SceneComponent,BP_AISpawner_C'map03_p_WP:PersistentLevel.UNP_BP_AISpawner_69b639271abef5d1_0',AISpawnerConfigSet'DA_AISpawner_Mobs_Rare',-12145.435,28758.172,-1747.1882,
SceneComponent,BP_AISpawner_C'map03_p_WP:PersistentLevel.UNP_BP_AISpawner_69cbbac340940721_0',AISpawnerConfigSet'DA_AISpawner_Mobs_Rare',19666.037,-10183.292,-985.0588,
SceneComponent,BP_AISpawner_C'map03_p_WP:PersistentLevel.UNP_BP_AISpawner_6a69382f49b4cefe_0',AISpawnerConfigSet'DA_AISpawner_Mobs_Rare',47287.77,29813.984,-4321.116,
SceneComponent,BP_AISpawner_C'map03_p_WP:PersistentLevel.UNP_BP_AISpawner_6ac5c074fddd4165_0',AISpawnerConfigSet'DA_AISpawner_Mobs_Rare',621.0168,-4605.9243,-75.88747,
SceneComponent,BP_AISpawner_C'map03_p_WP:PersistentLevel.UNP_BP_AISpawner_6cdda2afa424c876_0',AISpawnerConfigSet'DA_AISpawner_Mobs_Rare',-1273.2345,20438.803,-72.449,
SceneComponent,BP_AISpawner_C'map03_p_WP:PersistentLevel.UNP_BP_AISpawner_6dc98d83d2869ce9_0',AISpawnerConfigSet'DA_AISpawner_Mobs_Rare',32788.09,39342.723,-3768.6587,
SceneComponent,BP_AISpawner_C'map03_p_WP:PersistentLevel.UNP_BP_AISpawner_6ed99d200bbadc17_0',AISpawnerConfigSet'DA_AISpawner_Mobs',13323.442,44914.484,-2928.0305,
SceneComponent,BP_AISpawner_C'map03_p_WP:PersistentLevel.UNP_BP_AISpawner_6f58f1debffc5712_0',AISpawnerConfigSet'DA_AISpawner_Mobs_Rare',24902.887,29963.46,-1748.6884,
SceneComponent,BP_AISpawner_C'map03_p_WP:PersistentLevel.UNP_BP_AISpawner_71ae240a2ecf524e_0',AISpawnerConfigSet'DA_AISpawner_Mobs_Rare',38391.25,27358.162,-2385.8333,
SceneComponent,BP_AISpawner_C'map03_p_WP:PersistentLevel.UNP_BP_AISpawner_72d018e0681484bc_0',AISpawnerConfigSet'DA_AISpawner_Mobs_Rare',41215.566,22220.627,-830.35693,
SceneComponent,BP_AISpawner_C'map03_p_WP:PersistentLevel.UNP_BP_AISpawner_72fe5be3ed08fc12_0',AISpawnerConfigSet'DA_AISpawner_Mobs_Rare',10315.47,24373.518,-865.811,
SceneComponent,BP_AISpawner_C'map03_p_WP:PersistentLevel.UNP_BP_AISpawner_7648bb5e59300a89_0',AISpawnerConfigSet'DA_AISpawner_Mobs_Rare',47348.277,28388.828,-4344.287,
SceneComponent,BP_AISpawner_C'map03_p_WP:PersistentLevel.UNP_BP_AISpawner_76e23620a7d88ee5_0',AISpawnerConfigSet'DA_AISpawner_Mobs_Rare',40344.5,44876.234,-4931.4893,
SceneComponent,BP_AISpawner_C'map03_p_WP:PersistentLevel.UNP_BP_AISpawner_770d5d0ddca28304_0',AISpawnerConfigSet'DA_AISpawner_Mobs_Rare',12614.355,22034.05,-858.4683,
SceneComponent,BP_AISpawner_C'map03_p_WP:PersistentLevel.UNP_BP_AISpawner_77470d6b374b4624_0',AISpawnerConfigSet'DA_AISpawner_Mobs_Rare',37000.125,22401.846,-882.25104,
SceneComponent,BP_AISpawner_C'map03_p_WP:PersistentLevel.UNP_BP_AISpawner_7a5f3251cc194cbf_0',AISpawnerConfigSet'DA_AISpawner_Mobs_Rare',3923.8926,9677.928,-199.30423,
SceneComponent,BP_AISpawner_C'map03_p_WP:PersistentLevel.UNP_BP_AISpawner_7ad0fa9df5ffecb3_0',AISpawnerConfigSet'DA_AISpawner_Mobs_Rare',10690.617,38532.902,-2238.523,
SceneComponent,BP_AISpawner_C'map03_p_WP:PersistentLevel.UNP_BP_AISpawner_7bc95b862b3f88ee_0',AISpawnerConfigSet'DA_AISpawner_Mobs_Rare',50728.203,35647.008,-5193.949,
SceneComponent,BP_AISpawner_C'map03_p_WP:PersistentLevel.UNP_BP_AISpawner_7c924ecfd3d55bbd_0',AISpawnerConfigSet'DA_AISpawner_Mobs_Rare',-21711.836,10801.004,-98.88856,
SceneComponent,BP_AISpawner_C'map03_p_WP:PersistentLevel.UNP_BP_AISpawner_7e1199fb3e53fa6a_0',AISpawnerConfigSet'DA_AISpawner_Mobs_Rare',-13540.863,26730.031,-1476.2924,
SceneComponent,BP_AISpawner_C'map03_p_WP:PersistentLevel.UNP_BP_AISpawner_7e33a0fd871429f3_0',AISpawnerConfigSet'DA_AISpawner_Mobs_Rare',37780.66,5181.6714,-441.1336,
SceneComponent,BP_AISpawner_C'map03_p_WP:PersistentLevel.UNP_BP_AISpawner_7ecf3167ebe46c6d_0',AISpawnerConfigSet'DA_AISpawner_Mobs_Rare',-23289.951,17707.553,-1388.6962,
SceneComponent,BP_AISpawner_C'map03_p_WP:PersistentLevel.UNP_BP_AISpawner_7f1e4e99b27e8920_0',AISpawnerConfigSet'DA_AISpawner_Mobs_Rare',33465.883,37181.383,-3519.4194,
SceneComponent,BP_AISpawner_C'map03_p_WP:PersistentLevel.UNP_BP_AISpawner_7fae2b7dd26ea36b_0',AISpawnerConfigSet'DA_AISpawner_Mobs_Rare',2309.4255,42555.023,-2838.5146,
SceneComponent,BP_AISpawner_C'map03_p_WP:PersistentLevel.UNP_BP_AISpawner_7fe88cda44fda5bb_0',AISpawnerConfigSet'DA_AISpawner_Mobs_Rare',39530.754,45649.28,-4828.1685,
SceneComponent,BP_AISpawner_C'map03_p_WP:PersistentLevel.UNP_BP_AISpawner_8101c1c91d45cff5_0',AISpawnerConfigSet'DA_AISpawner_Mobs_Rare',35313.574,10804.509,1173.0098,
SceneComponent,BP_AISpawner_C'map03_p_WP:PersistentLevel.UNP_BP_AISpawner_8290876da911f1cc_0',AISpawnerConfigSet'DA_AISpawner_Mobs_Rare',-19674.12,12478.729,-103.59419,
SceneComponent,BP_AISpawner_C'map03_p_WP:PersistentLevel.UNP_BP_AISpawner_839b4729d08d18f8_0',AISpawnerConfigSet'DA_AISpawner_Mobs_Rare',-129.73112,-3575.8975,-267.71695,
SceneComponent,BP_AISpawner_C'map03_p_WP:PersistentLevel.UNP_BP_AISpawner_83f0d42dc50a86a6_0',AISpawnerConfigSet'DA_AISpawner_Mobs_Rare',15133.052,27283.719,-1550.8473,
SceneComponent,BP_AISpawner_C'map03_p_WP:PersistentLevel.UNP_BP_AISpawner_845ca9a12707e345_0',AISpawnerConfigSet'DA_AISpawner_Mobs_Rare',10122.911,16120.577,-34.94759,
SceneComponent,BP_AISpawner_C'map03_p_WP:PersistentLevel.UNP_BP_AISpawner_8487f6ef9475d057_0',AISpawnerConfigSet'DA_AISpawner_Mobs_Rare',49250.316,27644.105,-4552.6816,
SceneComponent,BP_AISpawner_C'map03_p_WP:PersistentLevel.UNP_BP_AISpawner_84f04746e20cf031_0',AISpawnerConfigSet'DA_AISpawner_Mobs_Rare',27924.865,39562.51,-2432.939,
SceneComponent,BP_AISpawner_C'map03_p_WP:PersistentLevel.UNP_BP_AISpawner_8501e42b72476e5c_0',AISpawnerConfigSet'DA_AISpawner_Mobs_Rare',-10104.486,-16783.783,761.8531,
SceneComponent,BP_AISpawner_C'map03_p_WP:PersistentLevel.UNP_BP_AISpawner_85de579da3a71192_0',AISpawnerConfigSet'DA_AISpawner_Mobs_Rare',38015.004,44125.387,-4779.8774,
SceneComponent,BP_AISpawner_C'map03_p_WP:PersistentLevel.UNP_BP_AISpawner_876e75d12a6d16a6_0',AISpawnerConfigSet'DA_AISpawner_Mobs_Rare',37270.582,-3330.0845,-2146.1084,
SceneComponent,BP_AISpawner_C'map03_p_WP:PersistentLevel.UNP_BP_AISpawner_87b0eef14b4cfc64_0',AISpawnerConfigSet'DA_AISpawner_Mobs_Rare',12842.481,11897.115,-338.6935,
SceneComponent,BP_AISpawner_C'map03_p_WP:PersistentLevel.UNP_BP_AISpawner_8835a70aff502f6d_0',AISpawnerConfigSet'DA_AISpawner_Mobs_Rare',47737.41,40678.887,-5280.797,
SceneComponent,BP_AISpawner_C'map03_p_WP:PersistentLevel.UNP_BP_AISpawner_8874f365b0a5144e_0',AISpawnerConfigSet'DA_AISpawner_Mobs_Rare',4108.1123,39911.312,-2748.2588,
SceneComponent,BP_AISpawner_C'map03_p_WP:PersistentLevel.UNP_BP_AISpawner_88d6133da47771f4_0',AISpawnerConfigSet'DA_AISpawner_Mobs_Rare',-682.30853,22698.873,-271.2881,
SceneComponent,BP_AISpawner_C'map03_p_WP:PersistentLevel.UNP_BP_AISpawner_8a4958024dce8c04_0',AISpawnerConfigSet'DA_AISpawner_Mobs_Rare',5066.277,-15737.666,-11.063854,
SceneComponent,BP_AISpawner_C'map03_p_WP:PersistentLevel.UNP_BP_AISpawner_8c9bfc39e6c3ae25_0',AISpawnerConfigSet'DA_AISpawner_Mobs_Rare',47540.938,31098.498,-4289.7944,
SceneComponent,BP_AISpawner_C'map03_p_WP:PersistentLevel.UNP_BP_AISpawner_8d7af245da181108_0',AISpawnerConfigSet'DA_AISpawner_Mobs_Rare',33524.723,-4590.4497,-2190.8252,
SceneComponent,BP_AISpawner_C'map03_p_WP:PersistentLevel.UNP_BP_AISpawner_8df52e92d1e1315a_0',AISpawnerConfigSet'DA_AISpawner_Mobs_Rare',4172.8213,44489.29,-2950.4646,
SceneComponent,BP_AISpawner_C'map03_p_WP:PersistentLevel.UNP_BP_AISpawner_8f0e72109bbed5e0_0',AISpawnerConfigSet'DA_AISpawner_Mobs_Rare',26846.148,28194.514,-1735.16,
SceneComponent,BP_AISpawner_C'map03_p_WP:PersistentLevel.UNP_BP_AISpawner_906fdc69864a6042_0',AISpawnerConfigSet'DA_AISpawner_Mobs_Rare',-11468.571,-17694.018,763.11945,
SceneComponent,BP_AISpawner_C'map03_p_WP:PersistentLevel.UNP_BP_AISpawner_90d7047e313b2b81_1',AISpawnerConfigSet'DA_AISpawner_Peasants',18387.756,33360.516,-1945.0894,
SceneComponent,BP_AISpawner_C'map03_p_WP:PersistentLevel.UNP_BP_AISpawner_9136c03ffad90340_0',AISpawnerConfigSet'DA_AISpawner_Mobs_Rare',14695.834,50369.38,-3711.344,
SceneComponent,BP_AISpawner_C'map03_p_WP:PersistentLevel.UNP_BP_AISpawner_94eceb8a6474f6db_0',AISpawnerConfigSet'DA_AISpawner_Mobs_Rare',42406.58,28026.762,-2847.0461,
SceneComponent,BP_AISpawner_C'map03_p_WP:PersistentLevel.UNP_BP_AISpawner_964225c636183ecc_0',AISpawnerConfigSet'DA_AISpawner_Mobs_Rare',-5261.0464,-13476.648,638.3016,
SceneComponent,BP_AISpawner_C'map03_p_WP:PersistentLevel.UNP_BP_AISpawner_973dfb4d974b200c_0',AISpawnerConfigSet'DA_AISpawner_Mobs_Rare',26650.38,28969.734,-1826.2712,
SceneComponent,BP_AISpawner_C'map03_p_WP:PersistentLevel.UNP_BP_AISpawner_97483738daf00a10_0',AISpawnerConfigSet'DA_AISpawner_Mobs_Rare',3075.2205,43775.223,-2869.7666,
SceneComponent,BP_AISpawner_C'map03_p_WP:PersistentLevel.UNP_BP_AISpawner_995fa33ea429f9fa_0',AISpawnerConfigSet'DA_AISpawner_Mobs_Rare',7427.4033,24861.451,-878.72034,
SceneComponent,BP_AISpawner_C'map03_p_WP:PersistentLevel.UNP_BP_AISpawner_99b630ee4265c6f8_0',AISpawnerConfigSet'DA_AISpawner_Mobs_Rare',13021.194,14079.821,-72.22364,
SceneComponent,BP_AISpawner_C'map03_p_WP:PersistentLevel.UNP_BP_AISpawner_99eed9e69e8b73da_0',AISpawnerConfigSet'DA_AISpawner_Mobs_Rare',-930.6167,37636.418,-2573.3127,
SceneComponent,BP_AISpawner_C'map03_p_WP:PersistentLevel.UNP_BP_AISpawner_9a1ff93608fe5f28_0',AISpawnerConfigSet'DA_AISpawner_Mobs_Rare',16617.854,49826.79,-3680.2888,
SceneComponent,BP_AISpawner_C'map03_p_WP:PersistentLevel.UNP_BP_AISpawner_9af5d1ce0cb0ee76_0',AISpawnerConfigSet'DA_AISpawner_Mobs_Rare',32705.176,33734.32,-2869.5898,
SceneComponent,BP_AISpawner_C'map03_p_WP:PersistentLevel.UNP_BP_AISpawner_9c1e699a92657f9c_0',AISpawnerConfigSet'DA_AISpawner_Mobs_Rare',-7703.4546,21701.69,-103.99082,
SceneComponent,BP_AISpawner_C'map03_p_WP:PersistentLevel.UNP_BP_AISpawner_9ccb39015466adaa_0',AISpawnerConfigSet'DA_AISpawner_Mobs_Rare',42528.28,53199.48,-3956.5815,
SceneComponent,BP_AISpawner_C'map03_p_WP:PersistentLevel.UNP_BP_AISpawner_9cfddcc358b90a48_0',AISpawnerConfigSet'DA_AISpawner_Mobs_Rare',-731.44,6572.9634,-539.22614,
SceneComponent,BP_AISpawner_C'map03_p_WP:PersistentLevel.UNP_BP_AISpawner_9d28d3ba02d25890_0',AISpawnerConfigSet'DA_AISpawner_Mobs_Rare',-244.04614,-9021.7,463.80142,
SceneComponent,BP_AISpawner_C'map03_p_WP:PersistentLevel.UNP_BP_AISpawner_9f065498e04582c7_0',AISpawnerConfigSet'DA_AISpawner_Mobs_Rare',43812.61,18322.484,-687.7166,
SceneComponent,BP_AISpawner_C'map03_p_WP:PersistentLevel.UNP_BP_AISpawner_9f26ec197a44bf97_0',AISpawnerConfigSet'DA_AISpawner_Mobs_Rare',53337.492,25414.385,-4948.8936,
SceneComponent,BP_AISpawner_C'map03_p_WP:PersistentLevel.UNP_BP_AISpawner_UAID_046874882494118C02_2389606fe4e70095_1230846639',AISpawnerConfigSet'DA_AISpawner_Mobs_Rare',15998.603,19788.615,-747.14685,
SceneComponent,BP_AISpawner_C'map03_p_WP:PersistentLevel.UNP_BP_AISpawner_UAID_046874882494118C02_2389606fe4e70095_1342754706',AISpawnerConfigSet'DA_AISpawner_Peasants',27633.842,20868.316,228.24823,
SceneComponent,BP_AISpawner_C'map03_p_WP:PersistentLevel.UNP_BP_AISpawner_UAID_046874882494118C02_2389606fe4e70095_1349443448',AISpawnerConfigSet'DA_AISpawner_Peasants',25994.803,26213.447,-1243.8997,
SceneComponent,BP_AISpawner_C'map03_p_WP:PersistentLevel.UNP_BP_AISpawner_UAID_046874882494118C02_2389606fe4e70095_1388795588',AISpawnerConfigSet'DA_AISpawner_Mobs_Rare',17679.053,19524.785,-652.5134,
SceneComponent,BP_AISpawner_C'map03_p_WP:PersistentLevel.UNP_BP_AISpawner_UAID_046874882494118C02_2389606fe4e70095_1389051602',AISpawnerConfigSet'DA_AISpawner_Mobs_Rare',17460.238,22371.654,-1012.7763,
SceneComponent,BP_AISpawner_C'map03_p_WP:PersistentLevel.UNP_BP_AISpawner_UAID_046874882494169202_12e65868fd8f26ee_1849161620',AISpawnerConfigSet'DA_AISpawner_Mobs_Rare',40503.004,13135.399,1579.6661,
SceneComponent,BP_AISpawner_C'map03_p_WP:PersistentLevel.UNP_BP_AISpawner_UAID_046874882494169202_12e65868fd8f26ee_1849348622',AISpawnerConfigSet'DA_AISpawner_Mobs_Rare',43365.195,14945.391,1569.2373,
SceneComponent,BP_AISpawner_C'map03_p_WP:PersistentLevel.UNP_BP_AISpawner_UAID_046874882494169202_12e65868fd8f26ee_1866258945',AISpawnerConfigSet'DA_AISpawner_Miniboss',42828.78,12501.481,2162.7695,
SceneComponent,BP_AISpawner_C'map03_p_WP:PersistentLevel.UNP_BP_AISpawner_UAID_046874882494169202_12e65868fd8f26ee_1866402947',AISpawnerConfigSet'DA_AISpawner_Miniboss',35054.875,18971.592,2162.9045,
SceneComponent,BP_AISpawner_C'map03_p_WP:PersistentLevel.UNP_BP_AISpawner_UAID_046874882494169202_12e65868fd8f26ee_1866543949',AISpawnerConfigSet'DA_AISpawner_Bloats',38009.49,14852.64,1563.8724,
SceneComponent,BP_AISpawner_C'map03_p_WP:PersistentLevel.UNP_BP_AISpawner_UAID_046874882494169202_12e65868fd8f26ee_1866547950',AISpawnerConfigSet'DA_AISpawner_Bloats',38116.27,14580.456,1563.8724,
SceneComponent,BP_AISpawner_C'map03_p_WP:PersistentLevel.UNP_BP_AISpawner_UAID_046874882494169202_12e65868fd8f26ee_1866550951',AISpawnerConfigSet'DA_AISpawner_Bloats',38346.4,14752.492,1563.8724,
SceneComponent,BP_AISpawner_C'map03_p_WP:PersistentLevel.UNP_BP_AISpawner_UAID_046874882494169202_12e65868fd8f26ee_1866697955',AISpawnerConfigSet'DA_AISpawner_Mobs_M03',37191.484,18818.885,2149.304,
SceneComponent,BP_AISpawner_C'map03_p_WP:PersistentLevel.UNP_BP_AISpawner_UAID_046874882494169202_12e65868fd8f26ee_1866723965',AISpawnerConfigSet'DA_AISpawner_Mobs_M03',36148.96,17903.832,2149.304,
SceneComponent,BP_AISpawner_C'map03_p_WP:PersistentLevel.UNP_BP_AISpawner_UAID_046874882494169202_12e65868fd8f26ee_1866726966',AISpawnerConfigSet'DA_AISpawner_Mobs_M03',37818.207,19415.05,2149.304,
SceneComponent,BP_AISpawner_C'map03_p_WP:PersistentLevel.UNP_BP_AISpawner_UAID_046874882494358F02_0736a14ebb365f01_1698732836',AISpawnerConfigSet'DA_AISpawner_Mobs_Rare',57734.516,11702.12,-645.1725,
SceneComponent,BP_AISpawner_C'map03_p_WP:PersistentLevel.UNP_BP_AISpawner_UAID_046874882494358F02_0ef479fcbbc9df05_1698732836',AISpawnerConfigSet'DA_AISpawner_Mobs_Rare',26835.053,-13522.067,-2470.5273,
SceneComponent,BP_AISpawner_C'map03_p_WP:PersistentLevel.UNP_BP_AISpawner_UAID_046874882494358F02_1379b4ada167c2d7_1698732836',AISpawnerConfigSet'DA_AISpawner_Mobs_Rare',7793.5903,51578.207,-3243.4395,
SceneComponent,BP_AISpawner_C'map03_p_WP:PersistentLevel.UNP_BP_AISpawner_UAID_046874882494358F02_1a1677757b3f6d71_1698732836',AISpawnerConfigSet'DA_AISpawner_Mobs_Rare',15027.679,9245.189,-602.8386,
SceneComponent,BP_AISpawner_C'map03_p_WP:PersistentLevel.UNP_BP_AISpawner_UAID_046874882494358F02_226987f1651dafe3_1698732836',AISpawnerConfigSet'DA_AISpawner_Mobs_Rare',23895.734,-16517.248,-2373.0066,
SceneComponent,BP_AISpawner_C'map03_p_WP:PersistentLevel.UNP_BP_AISpawner_UAID_046874882494358F02_28425777a5479ca7_1698732836',AISpawnerConfigSet'DA_AISpawner_Mobs_Rare',50546.74,11651.285,-627.18005,
SceneComponent,BP_AISpawner_C'map03_p_WP:PersistentLevel.UNP_BP_AISpawner_UAID_046874882494358F02_2953f06ac6863443_1698732836',AISpawnerConfigSet'DA_AISpawner_Mobs_Rare',13405.606,25749.785,-1138.5026,
SceneComponent,BP_AISpawner_C'map03_p_WP:PersistentLevel.UNP_BP_AISpawner_UAID_046874882494358F02_2a372fc209a9deb9_1698732836',AISpawnerConfigSet'DA_AISpawner_Mobs_Rare',25002.676,31384.959,-1766.5859,
SceneComponent,BP_AISpawner_C'map03_p_WP:PersistentLevel.UNP_BP_AISpawner_UAID_046874882494358F02_34078d94a5a8184d_1698732836',AISpawnerConfigSet'DA_AISpawner_Mobs_Rare',56343.35,12079.8545,-646.27527,
SceneComponent,BP_AISpawner_C'map03_p_WP:PersistentLevel.UNP_BP_AISpawner_UAID_046874882494358F02_39c330fb33e4780a_1698732836',AISpawnerConfigSet'DA_AISpawner_Mobs_Rare',-23657.91,25760.959,-1428.5098,
SceneComponent,BP_AISpawner_C'map03_p_WP:PersistentLevel.UNP_BP_AISpawner_UAID_046874882494358F02_4085950bffa5af3a_1698732836',AISpawnerConfigSet'DA_AISpawner_Mobs_Rare',10163.293,-14723.429,-118.517235,
SceneComponent,BP_AISpawner_C'map03_p_WP:PersistentLevel.UNP_BP_AISpawner_UAID_046874882494358F02_558ff63b8319c755_1698732836',AISpawnerConfigSet'DA_AISpawner_Mobs_Rare',37179.973,26775.312,-2225.7769,
SceneComponent,BP_AISpawner_C'map03_p_WP:PersistentLevel.UNP_BP_AISpawner_UAID_046874882494358F02_569c21017582132b_1698732836',AISpawnerConfigSet'DA_AISpawner_Mobs_Rare',35666.3,26668.28,-2225.7769,
SceneComponent,BP_AISpawner_C'map03_p_WP:PersistentLevel.UNP_BP_AISpawner_UAID_046874882494358F02_5c85237492bf052a_1698732836',AISpawnerConfigSet'DA_AISpawner_Mobs_Rare',14473.501,10587.452,-585.0877,
SceneComponent,BP_AISpawner_C'map03_p_WP:PersistentLevel.UNP_BP_AISpawner_UAID_046874882494358F02_5cb6323853e98b03_1698732836',AISpawnerConfigSet'DA_AISpawner_Mobs_Rare',53321.516,11524.805,-627.0197,
SceneComponent,BP_AISpawner_C'map03_p_WP:PersistentLevel.UNP_BP_AISpawner_UAID_046874882494358F02_6027297f3286b166_1698732836',AISpawnerConfigSet'DA_AISpawner_Mobs_Rare',-671.6339,-13220.206,504.43088,
SceneComponent,BP_AISpawner_C'map03_p_WP:PersistentLevel.UNP_BP_AISpawner_UAID_046874882494358F02_74700285e0fdaca4_1698732836',AISpawnerConfigSet'DA_AISpawner_Mobs_Rare',24402.701,33994.633,-1810.7155,
SceneComponent,BP_AISpawner_C'map03_p_WP:PersistentLevel.UNP_BP_AISpawner_UAID_046874882494358F02_751d3a4c18c67e8c_1698732836',AISpawnerConfigSet'DA_AISpawner_Mobs_Rare',13042.114,24290.566,-1011.40485,
SceneComponent,BP_AISpawner_C'map03_p_WP:PersistentLevel.UNP_BP_AISpawner_UAID_046874882494358F02_7e8c9a29384687ed_1698732836',AISpawnerConfigSet'DA_AISpawner_Mobs_Rare',422.11523,-13918.0,607.27985,
SceneComponent,BP_AISpawner_C'map03_p_WP:PersistentLevel.UNP_BP_AISpawner_UAID_046874882494358F02_80b0fef5ca5f6428_1698732836',AISpawnerConfigSet'DA_AISpawner_Mobs_Rare',24942.576,32852.133,-1809.8274,
SceneComponent,BP_AISpawner_C'map03_p_WP:PersistentLevel.UNP_BP_AISpawner_UAID_046874882494358F02_85724af794ee5b13_1698732836',AISpawnerConfigSet'DA_AISpawner_Mobs_Rare',34693.21,26773.096,-2225.7769,
SceneComponent,BP_AISpawner_C'map03_p_WP:PersistentLevel.UNP_BP_AISpawner_UAID_046874882494358F02_8ea427fba79df9b6_1698732836',AISpawnerConfigSet'DA_AISpawner_Mobs_Rare',-4545.304,50296.816,-2974.0317,
SceneComponent,BP_AISpawner_C'map03_p_WP:PersistentLevel.UNP_BP_AISpawner_UAID_046874882494358F02_a22ebddb95e00b3a_1698732836',AISpawnerConfigSet'DA_AISpawner_Mobs_Rare',7759.138,-15973.455,-58.546013,
SceneComponent,BP_AISpawner_C'map03_p_WP:PersistentLevel.UNP_BP_AISpawner_UAID_046874882494358F02_a5813b03045d4769_1698732836',AISpawnerConfigSet'DA_AISpawner_Mobs_Rare',3120.8826,-15071.647,537.7751,
SceneComponent,BP_AISpawner_C'map03_p_WP:PersistentLevel.UNP_BP_AISpawner_UAID_046874882494358F02_ab6437067383dc2e_1698732836',AISpawnerConfigSet'DA_AISpawner_Mobs_Rare',51989.906,11510.324,-627.18005,
SceneComponent,BP_AISpawner_C'map03_p_WP:PersistentLevel.UNP_BP_AISpawner_UAID_046874882494358F02_ace226ebc93f6cd7_1698732836',AISpawnerConfigSet'DA_AISpawner_Mobs_Rare',-4342.5703,48910.08,-2714.3848,
SceneComponent,BP_AISpawner_C'map03_p_WP:PersistentLevel.UNP_BP_AISpawner_UAID_046874882494358F02_cbae7b55686a4562_1698732836',AISpawnerConfigSet'DA_AISpawner_Mobs_Rare',41.91484,17473.24,3.883889,
SceneComponent,BP_AISpawner_C'map03_p_WP:PersistentLevel.UNP_BP_AISpawner_UAID_046874882494358F02_d32ae4a2298f1007_1698732836',AISpawnerConfigSet'DA_AISpawner_Mobs_Rare',11753.181,-14370.187,-171.21623,
SceneComponent,BP_AISpawner_C'map03_p_WP:PersistentLevel.UNP_BP_AISpawner_UAID_046874882494358F02_e99b454e9e3ca8db_1698732836',AISpawnerConfigSet'DA_AISpawner_Mobs_Rare',6173.254,-15942.44,-58.546013,
SceneComponent,BP_AISpawner_C'map03_p_WP:PersistentLevel.UNP_BP_AISpawner_UAID_046874882494358F02_e9ed153f441254da_1698732836',AISpawnerConfigSet'DA_AISpawner_Mobs_Rare',54773.836,11886.137,-640.2942,
SceneComponent,BP_AISpawner_C'map03_p_WP:PersistentLevel.UNP_BP_AISpawner_UAID_046874882494358F02_f34bd2c28b754659_1698732836',AISpawnerConfigSet'DA_AISpawner_Mobs_Rare',9089.806,-15555.142,-58.546013,
SceneComponent,BP_AISpawner_C'map03_p_WP:PersistentLevel.UNP_BP_AISpawner_UAID_046874882494368F02_9c34f29bae09b13e_1380362309',AISpawnerConfigSet'DA_AISpawner_Miniboss',-1190.4572,5558.6084,-645.8742,
SceneComponent,BP_AISpawner_C'map03_p_WP:PersistentLevel.UNP_BP_AISpawner_UAID_046874882494368F02_9c34f29bae09b13e_1381302440',AISpawnerConfigSet'DA_AISpawner_Peasants',-1113.5101,1638.6654,-578.22986,
SceneComponent,BP_AISpawner_C'map03_p_WP:PersistentLevel.UNP_BP_AISpawner_UAID_046874882494368F02_9c34f29bae09b13e_1381573457',AISpawnerConfigSet'DA_AISpawner_Peasants',-1040.9551,3894.2437,-2462.4988,
SceneComponent,BP_AISpawner_C'map03_p_WP:PersistentLevel.UNP_BP_AISpawner_UAID_046874882494368F02_9c34f29bae09b13e_1382452610',AISpawnerConfigSet'DA_AISpawner_Mobs',-1225.5565,3676.964,-641.2693,
SceneComponent,BP_AISpawner_C'map03_p_WP:PersistentLevel.UNP_BP_AISpawner_UAID_046874882494378F02_d30c5cf25f8a0dcb_1820081341',AISpawnerConfigSet'DA_AISpawner_Peasants',24629.303,242.87912,-956.77185,
SceneComponent,BP_AISpawner_C'map03_p_WP:PersistentLevel.UNP_BP_AISpawner_UAID_0468748824944E8902_c85329728f06dd80_1130148573',AISpawnerConfigSet'DA_AISpawner_Workers',-16391.408,11843.856,-742.0784,
SceneComponent,BP_AISpawner_C'map03_p_WP:PersistentLevel.UNP_BP_AISpawner_UAID_0468748824944E9002_29a1b4c71511b535_1416910421',AISpawnerConfigSet'DA_AISpawner_Miniboss',44569.887,44233.723,-5297.643,
SceneComponent,BP_AISpawner_C'map03_p_WP:PersistentLevel.UNP_BP_AISpawner_UAID_0468748824944E9002_29a1b4c71511b535_1419083956',AISpawnerConfigSet'DA_AISpawner_Peasants',45424.195,43075.574,-5333.996,
SceneComponent,BP_AISpawner_C'map03_p_WP:PersistentLevel.UNP_BP_AISpawner_UAID_0468748824944E9002_29a1b4c71511b535_1420863221',AISpawnerConfigSet'DA_AISpawner_Peasants',47342.836,41468.77,-5270.9565,
SceneComponent,BP_AISpawner_C'map03_p_WP:PersistentLevel.UNP_BP_AISpawner_UAID_046874882494689102_70b069ed0aa90e45_1221884085',AISpawnerConfigSet'DA_AISpawner_Miniboss',32133.092,22499.312,-5542.4697,
SceneComponent,BP_AISpawner_C'map03_p_WP:PersistentLevel.UNP_BP_AISpawner_UAID_046874882494907E02_f6ac66adf17bf997_1354831778',AISpawnerConfigSet'DA_AISpawner_Miniboss',-19673.229,22540.55,-1457.7744,
SceneComponent,BP_AISpawner_C'map03_p_WP:PersistentLevel.UNP_BP_AISpawner_UAID_046874882494907E02_f6ac66adf17bf997_1359910903',AISpawnerConfigSet'DA_AISpawner_Mobs',-20178.293,20664.875,-1436.7262,
SceneComponent,BP_AISpawner_C'map03_p_WP:PersistentLevel.UNP_BP_AISpawner_UAID_046874882494907E02_f6ac66adf17bf997_1360659970',AISpawnerConfigSet'DA_AISpawner_Mobs',-19968.223,23506.256,-1436.1025,
SceneComponent,BP_AISpawner_C'map03_p_WP:PersistentLevel.UNP_BP_AISpawner_UAID_046874882494907E02_f6ac66adf17bf997_1369201249',AISpawnerConfigSet'DA_AISpawner_Peasants',-20194.164,21685.775,-1455.8721,
SceneComponent,BP_AISpawner_C'map03_p_WP:PersistentLevel.UNP_BP_AISpawner_UAID_046874882494928402_29fb098085780a4e_1859340979',AISpawnerConfigSet'DA_AISpawner_Peasants',17486.004,14876.966,31.0344,
SceneComponent,BP_AISpawner_C'map03_p_WP:PersistentLevel.UNP_BP_AISpawner_UAID_046874882494928402_29fb098085780a4e_1859466984',AISpawnerConfigSet'DA_AISpawner_Peasants',20662.719,11839.278,235.71445,
SceneComponent,BP_AISpawner_C'map03_p_WP:PersistentLevel.UNP_BP_AISpawner_UAID_046874882494928402_29fb098085780a4e_1859702062',AISpawnerConfigSet'DA_AISpawner_Peasants',20984.89,13707.87,164.10686,
SceneComponent,BP_AISpawner_C'map03_p_WP:PersistentLevel.UNP_BP_AISpawner_UAID_046874882494928402_29fb098085780a4e_1954551151',AISpawnerConfigSet'DA_AISpawner_Peasants',17532.45,15736.759,23.778284,
SceneComponent,BP_AISpawner_C'map03_p_WP:PersistentLevel.UNP_BP_AISpawner_UAID_046874882494928402_29fb098085780a4e_1954929231',AISpawnerConfigSet'DA_AISpawner_Peasants',27464.404,18253.521,149.31035,
SceneComponent,BP_AISpawner_C'map03_p_WP:PersistentLevel.UNP_BP_AISpawner_UAID_046874882494938402_29fb098085780a4e_1231313433',AISpawnerConfigSet'DA_AISpawner_Peasants',28482.299,17710.672,207.04388,
SceneComponent,BP_AISpawner_C'map03_p_WP:PersistentLevel.UNP_BP_AISpawner_UAID_046874882494938402_29fb098085780a4e_1356470868',AISpawnerConfigSet'DA_AISpawner_Peasants',27373.133,16767.455,165.38681,
SceneComponent,BP_AISpawner_C'map03_p_WP:PersistentLevel.UNP_BP_AISpawner_UAID_046874882494938402_29fb098085780a4e_1356563874',AISpawnerConfigSet'DA_AISpawner_Peasants',25491.834,18488.557,80.98326,
SceneComponent,BP_AISpawner_C'map03_p_WP:PersistentLevel.UNP_BP_AISpawner_UAID_046874882494938402_29fb098085780a4e_1417611912',AISpawnerConfigSet'DA_AISpawner_Miniboss',23528.03,15807.825,103.59674,
SceneComponent,BP_AISpawner_C'map03_p_WP:PersistentLevel.UNP_BP_AISpawner_UAID_046874882494938402_29fb098085780a4e_1446846981',AISpawnerConfigSet'DA_AISpawner_Peasants',20864.795,12511.716,215.93234,
SceneComponent,BP_AISpawner_C'map03_p_WP:PersistentLevel.UNP_BP_AISpawner_UAID_046874882494938402_29fb098085780a4e_1447103061',AISpawnerConfigSet'DA_AISpawner_Peasants',21132.547,15078.761,82.3516,
SceneComponent,BP_AISpawner_C'map03_p_WP:PersistentLevel.UNP_BP_AISpawner_UAID_046874882494938402_29fb098085780a4e_1810113129',AISpawnerConfigSet'DA_AISpawner_Peasants',29290.768,18727.195,237.33847,
SceneComponent,BP_AISpawner_C'map03_p_WP:PersistentLevel.UNP_BP_AISpawner_UAID_046874882494977D02_c01302f103af8f1c_1267385329',AISpawnerConfigSet'DA_AISpawner_Military',42174.918,29721.484,-2819.369,
SceneComponent,BP_AISpawner_C'map03_p_WP:PersistentLevel.UNP_BP_AISpawner_UAID_046874882494998402_42c3d461f962a7d8_1739755527',AISpawnerConfigSet'DA_AISpawner_Peasants',25642.049,15027.038,-598.6111,
SceneComponent,BP_AISpawner_C'map03_p_WP:PersistentLevel.UNP_BP_AISpawner_UAID_046874882494998402_42c3d461f962a7d8_1740015553',AISpawnerConfigSet'DA_AISpawner_Peasants',27056.457,16333.529,-1035.36,
SceneComponent,BP_AISpawner_C'map03_p_WP:PersistentLevel.UNP_BP_AISpawner_UAID_046874882494998402_42c3d461f962a7d8_1740084554',AISpawnerConfigSet'DA_AISpawner_Peasants',28647.51,15452.375,-763.55396,
SceneComponent,BP_AISpawner_C'map03_p_WP:PersistentLevel.UNP_BP_AISpawner_UAID_046874882494AD8D02_e866662526208594_2003821310',AISpawnerConfigSet'DA_AISpawner_Miniboss',37134.992,49155.684,-3589.8896,
SceneComponent,BP_AISpawner_C'map03_p_WP:PersistentLevel.UNP_BP_AISpawner_UAID_046874882494BF9102_6eba12598bb1f39f_1347464781',AISpawnerConfigSet'DA_AISpawner_Miniboss',40048.32,16330.743,-7168.458,
SceneComponent,BP_AISpawner_C'map03_p_WP:PersistentLevel.UNP_BP_AISpawner_UAID_046874882494D77F02_46c6e786a3fd7089_1400884314',AISpawnerConfigSet'DA_AISpawner_Peasants',23652.686,39099.09,-2359.4204,
SceneComponent,BP_AISpawner_C'map03_p_WP:PersistentLevel.UNP_BP_AISpawner_UAID_046874882494D77F02_46c6e786a3fd7089_1404700864',AISpawnerConfigSet'DA_AISpawner_Mobs',25810.646,41125.195,-2389.7664,
SceneComponent,BP_AISpawner_C'map03_p_WP:PersistentLevel.UNP_BP_AISpawner_UAID_046874882494D77F02_46c6e786a3fd7089_1405102945',AISpawnerConfigSet'DA_AISpawner_Mobs',23220.016,40602.09,-2389.7664,
SceneComponent,BP_AISpawner_C'map03_p_WP:PersistentLevel.UNP_BP_AISpawner_UAID_046874882494D77F02_46c6e786a3fd7089_1405522007',AISpawnerConfigSet'DA_AISpawner_Mobs',24601.87,39949.387,-2389.7664,
SceneComponent,BP_AISpawner_C'map03_p_WP:PersistentLevel.UNP_BP_AISpawner_UAID_046874882494EC8802_6050371b4132a7ae_1429496167',AISpawnerConfigSet'DA_AISpawner_Peasants',25789.928,-14808.014,-4383.827,
SceneComponent,BP_AISpawner_C'map03_p_WP:PersistentLevel.UNP_BP_AISpawner_UAID_046874882494EC8802_6050371b4132a7ae_1429647175',AISpawnerConfigSet'DA_AISpawner_Peasants',24992.023,-15378.496,-4381.825,
SceneComponent,BP_AISpawner_C'map03_p_WP:PersistentLevel.UNP_BP_AISpawner_UAID_046874882494EC8802_6050371b4132a7ae_1429776178',AISpawnerConfigSet'DA_AISpawner_Peasants',25562.506,-16176.399,-4383.827,
SceneComponent,BP_AISpawner_C'map03_p_WP:PersistentLevel.UNP_BP_AISpawner_UAID_046874882494EC8802_6050371b4132a7ae_1430360212',AISpawnerConfigSet'DA_AISpawner_Peasants',27786.084,-14922.723,-4113.827,
SceneComponent,BP_AISpawner_C'map03_p_WP:PersistentLevel.UNP_BP_AISpawner_UAID_046874882494ED8802_c6899ba472a785b4_1080910738',AISpawnerConfigSet'DA_AISpawner_Peasants',-1391.943,51848.242,-5560.939,
SceneComponent,BP_AISpawner_C'map03_p_WP:PersistentLevel.UNP_BP_AISpawner_UAID_046874882494ED8802_c6899ba472a785b4_1081062741',AISpawnerConfigSet'DA_AISpawner_Peasants',-2397.4885,50532.574,-5562.941,
SceneComponent,BP_AISpawner_C'map03_p_WP:PersistentLevel.UNP_BP_AISpawner_UAID_046874882494ED8802_c6899ba472a785b4_1081657783',AISpawnerConfigSet'DA_AISpawner_Peasants',-1739.3214,52741.156,-5291.6914,
SceneComponent,BP_AISpawner_C'map03_p_WP:PersistentLevel.UNP_BP_AISpawner_UAID_046874882494F98A02_2c07323eb2e99beb_2106928942',AISpawnerConfigSet'DA_AISpawner_Mobs',34540.176,7552.3057,1166.0907,
SceneComponent,BP_AISpawner_C'map03_p_WP:PersistentLevel.UNP_BP_AISpawner_UAID_046874882494F98A02_2c07323eb2e99beb_2107407023',AISpawnerConfigSet'DA_AISpawner_Mobs',32188.512,9808.771,1164.2938,
SceneComponent,BP_AISpawner_C'map03_p_WP:PersistentLevel.UNP_BP_AISpawner_UAID_046874882494F98A02_2c07323eb2e99beb_2107884085',AISpawnerConfigSet'DA_AISpawner_Mobs',32702.902,7284.6636,1172.7225,
SceneComponent,BP_AISpawner_C'map03_p_WP:PersistentLevel.UNP_BP_AISpawner_UAID_04D9F5F93AD5213F02_6faf72e525d3d46f_1094741304',AISpawnerConfigSet'DA_AISpawner_Bloats',40011.54,53072.062,-3665.4106,
SceneComponent,BP_AISpawner_C'map03_p_WP:PersistentLevel.UNP_BP_AISpawner_UAID_04D9F5F93AD5213F02_6faf72e525d3d46f_1102046305',AISpawnerConfigSet'DA_AISpawner_Bloats',40118.484,52799.945,-3666.8955,
SceneComponent,BP_AISpawner_C'map03_p_WP:PersistentLevel.UNP_BP_AISpawner_UAID_04D9F5F93AD5397302_7d841b13de30ebaf_1903653325',AISpawnerConfigSet'DA_AISpawner_Dregs',-4793.0454,44138.715,-4770.6504,
SceneComponent,BP_AISpawner_C'map03_p_WP:PersistentLevel.UNP_BP_AISpawner_UAID_04D9F5F93AD5397302_7d841b13de30ebaf_1903658326',AISpawnerConfigSet'DA_AISpawner_Dregs',-5052.927,44182.68,-4770.6504,
SceneComponent,BP_AISpawner_C'map03_p_WP:PersistentLevel.UNP_BP_AISpawner_UAID_04D9F5F93AD5397302_7d841b13de30ebaf_1903675330',AISpawnerConfigSet'DA_AISpawner_Dregs',-5541.971,44116.254,-4770.6504,
SceneComponent,BP_AISpawner_C'map03_p_WP:PersistentLevel.UNP_BP_AISpawner_UAID_04D9F5F93AD5397302_7d841b13de30ebaf_1903692334',AISpawnerConfigSet'DA_AISpawner_Dregs',-5728.6875,44041.914,-4770.6504,
SceneComponent,BP_AISpawner_C'map03_p_WP:PersistentLevel.UNP_BP_AISpawner_UAID_04D9F5F93AD5397302_7d841b13de30ebaf_1903696335',AISpawnerConfigSet'DA_AISpawner_Dregs',-5339.0894,44037.234,-4770.6504,
SceneComponent,BP_AISpawner_C'map03_p_WP:PersistentLevel.UNP_BP_AISpawner_UAID_04D9F5F93AD5397302_7d841b13de30ebaf_1903701336',AISpawnerConfigSet'DA_AISpawner_Dregs',-6324.6333,44125.35,-4770.6504,
SceneComponent,BP_AISpawner_C'map03_p_WP:PersistentLevel.UNP_BP_AISpawner_UAID_04D9F5F93AD5397302_7d841b13de30ebaf_1903705337',AISpawnerConfigSet'DA_AISpawner_Dregs',-4624.3345,44128.977,-4770.6504,
SceneComponent,BP_AISpawner_C'map03_p_WP:PersistentLevel.UNP_BP_AISpawner_UAID_04D9F5F93AD5397302_7d841b13de30ebaf_1903713339',AISpawnerConfigSet'DA_AISpawner_Dregs',-6005.964,44111.254,-4770.6504,
SceneComponent,BP_AISpawner_C'map03_p_WP:PersistentLevel.UNP_BP_AISpawner_UAID_04D9F5F93AD5397302_7d841b13de30ebaf_1968359575',AISpawnerConfigSet'DA_AISpawner_Miniboss',-5345.5137,43163.508,-4748.0894,
SceneComponent,BP_AISpawner_C'map03_p_WP:PersistentLevel.UNP_BP_AISpawner_UAID_04D9F5F93AD5397302_7d841b13de30ebaf_2050857931',AISpawnerConfigSet'DA_AISpawner_Bloats',-4925.4185,41669.125,-4772.6533,
SceneComponent,BP_AISpawner_C'map03_p_WP:PersistentLevel.UNP_BP_AISpawner_UAID_04D9F5F93AD5397302_7d841b13de30ebaf_2050867933',AISpawnerConfigSet'DA_AISpawner_Bloats',-5255.2153,41790.66,-4772.6533,
SceneComponent,BP_AISpawner_C'map03_p_WP:PersistentLevel.UNP_BP_AISpawner_UAID_04D9F5F93AD57DA102_12e65868fd8f26ee_1967845280',AISpawnerConfigSet'DA_AISpawner_Mobs_M03',45958.895,14008.155,2108.804,
SceneComponent,BP_AISpawner_C'map03_p_WP:PersistentLevel.UNP_BP_AISpawner_UAID_04D9F5F93AD57DA102_12e65868fd8f26ee_1975540281',AISpawnerConfigSet'DA_AISpawner_Mobs_M03',44180.37,15743.14,1563.6089,
SceneComponent,BP_AISpawner_C'map03_p_WP:PersistentLevel.UNP_BP_AISpawner_UAID_04D9F5F93AD57DA102_12e65868fd8f26ee_1987286282',AISpawnerConfigSet'DA_AISpawner_Mobs_M03',41744.9,18235.93,1420.0875,
SceneComponent,BP_AISpawner_C'map03_p_WP:PersistentLevel.UNP_BP_AISpawner_UAID_04D9F5F93AD57DA102_12e65868fd8f26ee_1993758283',AISpawnerConfigSet'DA_AISpawner_Mobs_M03',40005.45,19688.049,1528.0511,
SceneComponent,BP_AISpawner_C'map03_p_WP:PersistentLevel.UNP_BP_AISpawner_UAID_04D9F5F93AD57DA102_12e65868fd8f26ee_2004275284',AISpawnerConfigSet'DA_AISpawner_Mobs_M03',38785.59,17070.6,1565.1439,
SceneComponent,BP_AISpawner_C'map03_p_WP:PersistentLevel.UNP_BP_AISpawner_UAID_04D9F5F93AD57EA102_3c96d5654b6776db_1385446984',AISpawnerConfigSet'DA_AISpawner_Mobs_M03',31188.305,13935.502,-2073.0127,
SceneComponent,BP_AISpawner_C'map03_p_WP:PersistentLevel.UNP_BP_AISpawner_UAID_04D9F5F93AD5E23102_20c886124a4a6cac_1082182540',AISpawnerConfigSet'DA_AISpawner_Peasants',-115.86292,14670.838,-75.996956,
SceneComponent,BP_AISpawner_C'map03_p_WP:PersistentLevel.UNP_BP_AISpawner_UAID_18C04DA8201B437902_b67ec8a3d8d2e891_1437662223',AISpawnerConfigSet'DA_AISpawner_Mobs',-4645.666,38318.254,-2527.6113,
SceneComponent,BP_AISpawner_C'map03_p_WP:PersistentLevel.UNP_BP_AISpawner_UAID_18C04DA8201B897902_7d841b13de30ebaf_1655707508',AISpawnerConfigSet'DA_AISpawner_Mobs_Rare',-2978.9033,36759.508,-3256.6187,
SceneComponent,BP_AISpawner_C'map03_p_WP:PersistentLevel.UNP_BP_AISpawner_UAID_18C04DA8201B897902_7d841b13de30ebaf_1741084512',AISpawnerConfigSet'DA_AISpawner_Mobs_Rare',-2682.796,37758.87,-3545.9016,
SceneComponent,BP_AISpawner_C'map03_p_WP:PersistentLevel.UNP_BP_AISpawner_UAID_18C04DA8201B897902_7d841b13de30ebaf_1798001636',AISpawnerConfigSet'DA_AISpawner_Mobs_Rare',-2837.0088,39232.355,-3957.193,
SceneComponent,BP_AISpawner_C'map03_p_WP:PersistentLevel.UNP_BP_AISpawner_UAID_18C04DA8201B897902_7d841b13de30ebaf_1818893640',AISpawnerConfigSet'DA_AISpawner_Mobs_Rare',-3278.6833,40260.15,-4263.8047,
SceneComponent,BP_AISpawner_C'map03_p_WP:PersistentLevel.UNP_BP_AISpawner_UAID_18C04DA8201B897902_7d841b13de30ebaf_1819083644',AISpawnerConfigSet'DA_AISpawner_Mobs_Rare',-3832.2888,35651.84,-2955.8535,
SceneComponent,BP_AISpawner_C'map03_p_WP:PersistentLevel.UNP_BP_AISpawner_UAID_18C04DA8201B897902_7d841b13de30ebaf_1819281648',AISpawnerConfigSet'DA_AISpawner_Mobs_Rare',-4721.536,34577.426,-2658.2969,
SceneComponent,BP_AISpawner_C'map03_p_WP:PersistentLevel.UNP_BP_AISpawner_UAID_18C04DA8201BEF7202_91ce05da56308e53_1335481597',AISpawnerConfigSet'DA_AISpawner_Mobs_Rare',7901.7925,46296.633,-2902.8384,
SceneComponent,BP_AISpawner_C'map03_p_WP:PersistentLevel.UNP_BP_AISpawner_UAID_18C04DA8201BEF7202_91ce05da56308e53_1336293600',AISpawnerConfigSet'DA_AISpawner_Mobs_Rare',6576.5737,45828.984,-2878.0615,
SceneComponent,BP_AISpawner_C'map03_p_WP:PersistentLevel.UNP_BP_AISpawner_UAID_18C04DA8201BEF7202_91ce05da56308e53_1337035604',AISpawnerConfigSet'DA_AISpawner_Mobs_Rare',7098.1978,45430.94,-2878.0615,
SceneComponent,BP_AISpawner_C'map03_p_WP:PersistentLevel.UNP_BP_AISpawner_UAID_18C04DA8201BEF7202_91ce05da56308e53_1337817609',AISpawnerConfigSet'DA_AISpawner_Mobs_Rare',5359.0513,45417.316,-2834.8184,
SceneComponent,BP_AISpawner_C'map03_p_WP:PersistentLevel.UNP_BP_AISpawner_UAID_18C04DA8201BEF7202_91ce05da56308e53_1338680613',AISpawnerConfigSet'DA_AISpawner_Mobs_Rare',9131.754,46737.227,-2941.5444,
SceneComponent,BP_AISpawner_C'map03_p_WP:PersistentLevel.UNP_BP_AISpawner_UAID_18C04DA8201BEF7202_91ce05da56308e53_1338788616',AISpawnerConfigSet'DA_AISpawner_Mobs_Rare',8705.145,45591.418,-2941.3667,
SceneComponent,BP_AISpawner_C'map03_p_WP:PersistentLevel.UNP_BP_AISpawner_UAID_18C04DA8201BEF7202_91ce05da56308e53_1338893618',AISpawnerConfigSet'DA_AISpawner_Mobs_Rare',13493.735,43195.11,-2946.4404,
SceneComponent,BP_AISpawner_C'map03_p_WP:PersistentLevel.UNP_BP_AISpawner_UAID_18C04DA8201BEF7202_91ce05da56308e53_1339654623',AISpawnerConfigSet'DA_AISpawner_Mobs_Rare',12985.647,45565.34,-2968.87,
SceneComponent,BP_AISpawner_C'map03_p_WP:PersistentLevel.UNP_BP_AISpawner_UAID_18C04DA8201BEF7202_91ce05da56308e53_1339745626',AISpawnerConfigSet'DA_AISpawner_Mobs_Rare',14897.679,44075.27,-3024.3315,
SceneComponent,BP_AISpawner_C'map03_p_WP:PersistentLevel.UNP_BP_AISpawner_UAID_18C04DA8201BEF7202_91ce05da56308e53_1340448629',AISpawnerConfigSet'DA_AISpawner_Mobs_Rare',13288.775,47254.62,-3536.0273,
SceneComponent,BP_AISpawner_C'map03_p_WP:PersistentLevel.UNP_BP_AISpawner_UAID_18C04DA8201BEF7202_91ce05da56308e53_1341199633',AISpawnerConfigSet'DA_AISpawner_Mobs_Rare',14398.067,46580.305,-3474.1697,
SceneComponent,BP_AISpawner_C'map03_p_WP:PersistentLevel.UNP_BP_AISpawner_UAID_18C04DA8201BEF7202_91ce05da56308e53_1341963637',AISpawnerConfigSet'DA_AISpawner_Mobs_Rare',15108.459,46917.445,-3502.6448,
SceneComponent,BP_AISpawner_C'map03_p_WP:PersistentLevel.UNP_BP_AISpawner_UAID_18C04DA8201BEF7202_91ce05da56308e53_1342610641',AISpawnerConfigSet'DA_AISpawner_Mobs_Rare',14626.474,43076.46,-2901.1172,
SceneComponent,BP_AISpawner_C'map03_p_WP:PersistentLevel.UNP_BP_AISpawner_UAID_18C04DA8201BEF7202_91ce05da56308e53_1343473646',AISpawnerConfigSet'DA_AISpawner_Mobs_Rare',14809.576,45593.098,-3303.1045,
SceneComponent,BP_AISpawner_C'map03_p_WP:PersistentLevel.UNP_BP_AISpawner_UAID_18C04DA8201BEF7202_91ce05da56308e53_1344230649',AISpawnerConfigSet'DA_AISpawner_Mobs_Rare',6545.064,41464.746,-2850.2466,
SceneComponent,BP_AISpawner_C'map03_p_WP:PersistentLevel.UNP_BP_AISpawner_UAID_18C04DA8201BEF7202_91ce05da56308e53_1344931653',AISpawnerConfigSet'DA_AISpawner_Mobs_Rare',12521.433,39713.9,-2239.154,
SceneComponent,BP_AISpawner_C'map03_p_WP:PersistentLevel.UNP_BP_AISpawner_UAID_18C04DA8201BEF7202_91ce05da56308e53_1345661658',AISpawnerConfigSet'DA_AISpawner_Mobs_Rare',13248.201,41193.047,-2544.974,
SceneComponent,BP_AISpawner_C'map03_p_WP:PersistentLevel.UNP_BP_AISpawner_UAID_18C04DA8201BEF7202_91ce05da56308e53_1346414662',AISpawnerConfigSet'DA_AISpawner_Mobs_Rare',13943.986,42240.715,-2804.879,
SceneComponent,BP_AISpawner_C'map03_p_WP:PersistentLevel.UNP_BP_AISpawner_UAID_18C04DA8201BEF7202_91ce05da56308e53_1347169665',AISpawnerConfigSet'DA_AISpawner_Mobs_Rare',7708.304,45467.14,-2933.5002,
SceneComponent,BP_AISpawner_C'map03_p_WP:PersistentLevel.UNP_BP_AISpawner_UAID_18C04DA8201BEF7202_91ce05da56308e53_1347924669',AISpawnerConfigSet'DA_AISpawner_Miniboss',12204.109,44306.316,-2953.1133,
SceneComponent,BP_AISpawner_C'map03_p_WP:PersistentLevel.UNP_BP_AISpawner_UAID_18C04DA8201BEF7202_91ce05da56308e53_1347999671',AISpawnerConfigSet'DA_AISpawner_Miniboss',11706.581,41847.28,-2832.9934,
SceneComponent,BP_AISpawner_C'map03_p_WP:PersistentLevel.UNP_BP_AISpawner_UAID_18C04DA8201BEF7202_91ce05da56308e53_1348076673',AISpawnerConfigSet'DA_AISpawner_Dregs',11833.74,43496.13,-2967.9993,
SceneComponent,BP_AISpawner_C'map03_p_WP:PersistentLevel.UNP_BP_AISpawner_UAID_18C04DA8201BEF7202_91ce05da56308e53_1348078674',AISpawnerConfigSet'DA_AISpawner_Dregs',11593.894,43605.42,-2967.9993,
SceneComponent,BP_AISpawner_C'map03_p_WP:PersistentLevel.UNP_BP_AISpawner_UAID_18C04DA8201BEF7202_91ce05da56308e53_1348080675',AISpawnerConfigSet'DA_AISpawner_Dregs',11004.746,43807.965,-2967.9993,
SceneComponent,BP_AISpawner_C'map03_p_WP:PersistentLevel.UNP_BP_AISpawner_UAID_18C04DA8201BEF7202_91ce05da56308e53_1348082676',AISpawnerConfigSet'DA_AISpawner_Dregs',10790.327,43818.617,-2967.9993,
SceneComponent,BP_AISpawner_C'map03_p_WP:PersistentLevel.UNP_BP_AISpawner_UAID_18C04DA8201BEF7202_91ce05da56308e53_1348084677',AISpawnerConfigSet'DA_AISpawner_Dregs',11395.399,43691.273,-2967.9993,
SceneComponent,BP_AISpawner_C'map03_p_WP:PersistentLevel.UNP_BP_AISpawner_UAID_18C04DA8201BEF7202_91ce05da56308e53_1348085678',AISpawnerConfigSet'DA_AISpawner_Dregs',11104.209,43666.95,-2967.9993,
SceneComponent,BP_AISpawner_C'map03_p_WP:PersistentLevel.UNP_BP_AISpawner_UAID_18C04DA8201BEF7202_91ce05da56308e53_1348087679',AISpawnerConfigSet'DA_AISpawner_Dregs',10746.388,43660.098,-2967.9993,
SceneComponent,BP_AISpawner_C'map03_p_WP:PersistentLevel.UNP_BP_AISpawner_UAID_18C04DA8201BEF7202_91ce05da56308e53_1348089680',AISpawnerConfigSet'DA_AISpawner_Dregs',11688.34,43455.492,-2967.9993,
SceneComponent,BP_AISpawner_C'map03_p_WP:PersistentLevel.UNP_BP_AISpawner_UAID_18C04DA8201BEF7202_91ce05da56308e53_1348091681',AISpawnerConfigSet'DA_AISpawner_Dregs',11631.552,43284.56,-2967.9993,
SceneComponent,BP_AISpawner_C'map03_p_WP:PersistentLevel.UNP_BP_AISpawner_UAID_18C04DA8201BEF7202_91ce05da56308e53_1348092682',AISpawnerConfigSet'DA_AISpawner_Dregs',10904.657,43643.105,-2967.9993,
SceneComponent,BP_AISpawner_C'map03_p_WP:PersistentLevel.UNP_BP_AISpawner_UAID_18C04DA8201BEF7202_91ce05da56308e53_1348094683',AISpawnerConfigSet'DA_AISpawner_Dregs',11279.959,43538.43,-2967.9993,
SceneComponent,BP_AISpawner_C'map03_p_WP:PersistentLevel.UNP_BP_AISpawner_UAID_18C04DA8201BEF7202_91ce05da56308e53_1348096684',AISpawnerConfigSet'DA_AISpawner_Dregs',10350.19,43876.945,-2967.9993,
SceneComponent,BP_AISpawner_C'map03_p_WP:PersistentLevel.UNP_BP_AISpawner_UAID_18C04DA8201BEF7202_91ce05da56308e53_1348098685',AISpawnerConfigSet'DA_AISpawner_Dregs',11994.276,43443.344,-2967.9993,
SceneComponent,BP_AISpawner_C'map03_p_WP:PersistentLevel.UNP_BP_AISpawner_UAID_18C04DA8201BEF7202_91ce05da56308e53_1348099686',AISpawnerConfigSet'DA_AISpawner_Dregs',10515.312,43824.703,-2967.9993,
SceneComponent,BP_AISpawner_C'map03_p_WP:PersistentLevel.UNP_BP_AISpawner_UAID_18C04DA8201BEF7202_91ce05da56308e53_1348101687',AISpawnerConfigSet'DA_AISpawner_Dregs',10654.525,43781.4,-2967.9993,
SceneComponent,BP_AISpawner_C'map03_p_WP:PersistentLevel.UNP_BP_AISpawner_UAID_18C04DA8201BEF7202_91ce05da56308e53_1348201688',AISpawnerConfigSet'DA_AISpawner_Mobs_Rare',13747.302,45467.715,-3286.309,
SceneComponent,BP_AISpawner_C'map03_p_WP:PersistentLevel.UNP_BP_AISpawner_UAID_18C04DA8201BEF7202_91ce05da56308e53_1348317693',AISpawnerConfigSet'DA_AISpawner_Mobs_Rare',5082.479,42437.984,-2899.3848,
SceneComponent,BP_AISpawner_C'map03_p_WP:PersistentLevel.UNP_BP_AISpawner_UAID_D843AE1A93E5282D02_37caa5ab6c76ada1_1846440660',AISpawnerConfigSet'DA_AISpawner_Miniboss',-4716.1284,37046.324,-2530.16,
SceneComponent,BP_AISpawner_C'map03_p_WP:PersistentLevel.UNP_BP_AISpawner_UAID_D843AE1A93E5282D02_54dc6b4a459f87c4_1715930626',AISpawnerConfigSet'DA_AISpawner_Peasants',69980.445,4911.38,-5507.395,
SceneComponent,BP_AISpawner_C'map03_p_WP:PersistentLevel.UNP_BP_AISpawner_UAID_D843AE1A93E5282D02_6faf72e525d3d46f_1792641648',AISpawnerConfigSet'DA_AISpawner_Bloats',40347.77,52971.94,-3686.9446,
SceneComponent,BP_AISpawner_C'map03_p_WP:PersistentLevel.UNP_BP_AISpawner_UAID_D843AE1A93E55C2E02_327590917d1dfb53_1333795332',AISpawnerConfigSet'DA_AISpawner_Peasants',33170.863,15932.012,-2969.1086,
SceneComponent,BP_AISpawner_C'map03_p_WP:PersistentLevel.UNP_BP_AISpawner_UAID_D843AE1A93E55C2E02_54fa836fdabae1ec_1333795332',AISpawnerConfigSet'DA_AISpawner_Peasants',36256.71,24418.617,-5553.2627,
SceneComponent,BP_AISpawner_C'map03_p_WP:PersistentLevel.UNP_BP_AISpawner_UAID_D843AE1A93E55C2E02_77afe1c4b790689a_1333795332',AISpawnerConfigSet'DA_AISpawner_Peasants',31561.6,17433.955,-988.71234,
SceneComponent,BP_AISpawner_C'map03_p_WP:PersistentLevel.UNP_BP_AISpawner_UAID_D843AE1A93E55C2E02_a3704caed54ad9e7_1333795332',AISpawnerConfigSet'DA_AISpawner_Peasants',38085.81,20293.29,-7189.1577,
SceneComponent,BP_AISpawner_C'map03_p_WP:PersistentLevel.UNP_BP_AISpawner_a08f056012bf1a67_0',AISpawnerConfigSet'DA_AISpawner_Mobs',49472.52,30116.932,-4317.4385,
SceneComponent,BP_AISpawner_C'map03_p_WP:PersistentLevel.UNP_BP_AISpawner_a119f0ca2c0d07d2_0',AISpawnerConfigSet'DA_AISpawner_Mobs_Rare',45356.746,54934.06,-4160.209,
SceneComponent,BP_AISpawner_C'map03_p_WP:PersistentLevel.UNP_BP_AISpawner_a27405d8209a1e6b_0',AISpawnerConfigSet'DA_AISpawner_Mobs_Rare',-10279.868,17998.045,-16.009192,
SceneComponent,BP_AISpawner_C'map03_p_WP:PersistentLevel.UNP_BP_AISpawner_a387d7058a8084c5_0',AISpawnerConfigSet'DA_AISpawner_Mobs_Rare',36006.086,43180.9,-4794.172,
SceneComponent,BP_AISpawner_C'map03_p_WP:PersistentLevel.UNP_BP_AISpawner_a39a6db4c5d0dabb_0',AISpawnerConfigSet'DA_AISpawner_Mobs_Rare',-897.9303,-10316.75,460.7183,
SceneComponent,BP_AISpawner_C'map03_p_WP:PersistentLevel.UNP_BP_AISpawner_a5476cef8ef1fcb4_0',AISpawnerConfigSet'DA_AISpawner_Mobs_Rare',-8936.781,-16116.656,763.9854,
SceneComponent,BP_AISpawner_C'map03_p_WP:PersistentLevel.UNP_BP_AISpawner_a60b93cdc2b650a6_0',AISpawnerConfigSet'DA_AISpawner_Mobs_Rare',778.76117,-7790.9395,402.13315,
SceneComponent,BP_AISpawner_C'map03_p_WP:PersistentLevel.UNP_BP_AISpawner_a86f01fecda0d753_0',AISpawnerConfigSet'DA_AISpawner_Mobs_Rare',14186.152,28514.705,-1659.3851,
SceneComponent,BP_AISpawner_C'map03_p_WP:PersistentLevel.UNP_BP_AISpawner_a8a0a409cdf46de1_0',AISpawnerConfigSet'DA_AISpawner_Mobs_Rare',-12460.722,-18771.607,768.4949,
SceneComponent,BP_AISpawner_C'map03_p_WP:PersistentLevel.UNP_BP_AISpawner_a9acf140903f668f_0',AISpawnerConfigSet'DA_AISpawner_Mobs_Rare',33129.87,40534.816,-4003.764,
SceneComponent,BP_AISpawner_C'map03_p_WP:PersistentLevel.UNP_BP_AISpawner_a9b27ce2c4a215c1_0',AISpawnerConfigSet'DA_AISpawner_Mobs_Rare',11034.9375,10356.95,-446.01013,
SceneComponent,BP_AISpawner_C'map03_p_WP:PersistentLevel.UNP_BP_AISpawner_a9d93a18888c5ffd_0',AISpawnerConfigSet'DA_AISpawner_Mobs_Rare',-1676.4221,-11273.206,465.4412,
SceneComponent,BP_AISpawner_C'map03_p_WP:PersistentLevel.UNP_BP_AISpawner_a9e0ac107d69f56d_0',AISpawnerConfigSet'DA_AISpawner_Mobs_Rare',29202.447,38994.98,-2670.548,
SceneComponent,BP_AISpawner_C'map03_p_WP:PersistentLevel.UNP_BP_AISpawner_aa109f287ca5c7bd_0',AISpawnerConfigSet'DA_AISpawner_Mobs_Rare',-1238.1042,569.58887,-569.2039,
SceneComponent,BP_AISpawner_C'map03_p_WP:PersistentLevel.UNP_BP_AISpawner_aa570c5bb62b24c3_0',AISpawnerConfigSet'DA_AISpawner_Mobs_Rare',12373.116,-14430.949,-155.7295,
SceneComponent,BP_AISpawner_C'map03_p_WP:PersistentLevel.UNP_BP_AISpawner_aaddf3294c8c48ae_0',AISpawnerConfigSet'DA_AISpawner_Mobs_Rare',19553.244,28603.062,-1692.2161,
SceneComponent,BP_AISpawner_C'map03_p_WP:PersistentLevel.UNP_BP_AISpawner_abaea62f65791d8c_0',AISpawnerConfigSet'DA_AISpawner_Mobs_Rare',-11289.023,30429.465,-2062.2197,
SceneComponent,BP_AISpawner_C'map03_p_WP:PersistentLevel.UNP_BP_AISpawner_adb8ff6450642498_0',AISpawnerConfigSet'DA_AISpawner_Mobs_Rare',35516.312,43523.86,-4812.394,
SceneComponent,BP_AISpawner_C'map03_p_WP:PersistentLevel.UNP_BP_AISpawner_ae4702d802e77ef0_0',AISpawnerConfigSet'DA_AISpawner_Mobs_Rare',7181.008,14590.498,-101.87602,
SceneComponent,BP_AISpawner_C'map03_p_WP:PersistentLevel.UNP_BP_AISpawner_b0f17a24a17b719b_0',AISpawnerConfigSet'DA_AISpawner_Mobs_Rare',-180.87582,11002.886,-102.299774,
SceneComponent,BP_AISpawner_C'map03_p_WP:PersistentLevel.UNP_BP_AISpawner_b116dc445bed0299_0',AISpawnerConfigSet'DA_AISpawner_Mobs_Rare',15501.592,14993.407,25.409014,
SceneComponent,BP_AISpawner_C'map03_p_WP:PersistentLevel.UNP_BP_AISpawner_b14592b14b96b3cc_0',AISpawnerConfigSet'DA_AISpawner_Mobs_Rare',5984.793,24766.123,-866.54956,
SceneComponent,BP_AISpawner_C'map03_p_WP:PersistentLevel.UNP_BP_AISpawner_b1dc7581fd5ea0e5_0',AISpawnerConfigSet'DA_AISpawner_Mobs_Rare',-10439.293,19838.861,-17.579243,
SceneComponent,BP_AISpawner_C'map03_p_WP:PersistentLevel.UNP_BP_AISpawner_b20a26e4c2edf6a9_0',AISpawnerConfigSet'DA_AISpawner_Mobs_Rare',485.98724,37376.035,-2530.8062,
SceneComponent,BP_AISpawner_C'map03_p_WP:PersistentLevel.UNP_BP_AISpawner_b304631f0be6a353_0',AISpawnerConfigSet'DA_AISpawner_Mobs_Rare',30348.275,37021.19,-3033.0276,
SceneComponent,BP_AISpawner_C'map03_p_WP:PersistentLevel.UNP_BP_AISpawner_b383eb5507a3e069_0',AISpawnerConfigSet'DA_AISpawner_Mobs_Rare',11942.272,50369.426,-3710.6191,
SceneComponent,BP_AISpawner_C'map03_p_WP:PersistentLevel.UNP_BP_AISpawner_b3bc13968ec56ee3_0',AISpawnerConfigSet'DA_AISpawner_Mobs_Rare',-16562.648,10068.282,-105.44171,
SceneComponent,BP_AISpawner_C'map03_p_WP:PersistentLevel.UNP_BP_AISpawner_b407eb9e9ae602fa_0',AISpawnerConfigSet'DA_AISpawner_Mobs_Rare',13573.019,48829.008,-3702.7576,
SceneComponent,BP_AISpawner_C'map03_p_WP:PersistentLevel.UNP_BP_AISpawner_b5baa914cc5fffd6_0',AISpawnerConfigSet'DA_AISpawner_Mobs_Rare',-2017.3701,23019.355,-243.47118,
SceneComponent,BP_AISpawner_C'map03_p_WP:PersistentLevel.UNP_BP_AISpawner_b7c7181c319dcb8f_0',AISpawnerConfigSet'DA_AISpawner_Mobs_Rare',39664.008,4814.398,-546.7867,
SceneComponent,BP_AISpawner_C'map03_p_WP:PersistentLevel.UNP_BP_AISpawner_b7d26758bf26e6ed_0',AISpawnerConfigSet'DA_AISpawner_Mobs_Rare',10437.958,12768.945,-76.085304,
SceneComponent,BP_AISpawner_C'map03_p_WP:PersistentLevel.UNP_BP_AISpawner_b8ac10caa5827041_0',AISpawnerConfigSet'DA_AISpawner_Mobs_Rare',1720.185,-14532.309,722.3814,
SceneComponent,BP_AISpawner_C'map03_p_WP:PersistentLevel.UNP_BP_AISpawner_b8ca17d7f37f7ed1_0',AISpawnerConfigSet'DA_AISpawner_Mobs_Rare',20030.723,11105.18,259.31332,
SceneComponent,BP_AISpawner_C'map03_p_WP:PersistentLevel.UNP_BP_AISpawner_b949bea536238e1e_0',AISpawnerConfigSet'DA_AISpawner_Mobs_Rare',7079.063,23853.215,-759.0719,
SceneComponent,BP_AISpawner_C'map03_p_WP:PersistentLevel.UNP_BP_AISpawner_b95cf0988ea94482_0',AISpawnerConfigSet'DA_AISpawner_Mobs_Rare',35151.746,31378.248,-2732.0237,
SceneComponent,BP_AISpawner_C'map03_p_WP:PersistentLevel.UNP_BP_AISpawner_ba5ff1c27bbd0a5e_0',AISpawnerConfigSet'DA_AISpawner_Mobs_Rare',29751.086,35291.984,-2920.745,
SceneComponent,BP_AISpawner_C'map03_p_WP:PersistentLevel.UNP_BP_AISpawner_bb3b8c634ab7117c_0',AISpawnerConfigSet'DA_AISpawner_Mobs_Rare',31556.514,45680.64,-3700.961,
SceneComponent,BP_AISpawner_C'map03_p_WP:PersistentLevel.UNP_BP_AISpawner_bcaa73b0b04dd1ad_0',AISpawnerConfigSet'DA_AISpawner_Mobs_Rare',17834.33,50394.16,-3730.7524,
SceneComponent,BP_AISpawner_C'map03_p_WP:PersistentLevel.UNP_BP_AISpawner_bcc1f82604dfb83e_0',AISpawnerConfigSet'DA_AISpawner_Mobs_Rare',35847.324,3058.049,-613.2497,
SceneComponent,BP_AISpawner_C'map03_p_WP:PersistentLevel.UNP_BP_AISpawner_bf3665c5351801eb_0',AISpawnerConfigSet'DA_AISpawner_Mobs_Rare',-1863.5958,21807.889,-159.96881,
SceneComponent,BP_AISpawner_C'map03_p_WP:PersistentLevel.UNP_BP_AISpawner_c06dd2d798a7e23d_0',AISpawnerConfigSet'DA_AISpawner_Mobs_Rare',9638.532,51641.312,-3763.303,
SceneComponent,BP_AISpawner_C'map03_p_WP:PersistentLevel.UNP_BP_AISpawner_c36800855afaa7f3_0',AISpawnerConfigSet'DA_AISpawner_Mobs_Rare',9117.739,12227.082,-96.7062,
SceneComponent,BP_AISpawner_C'map03_p_WP:PersistentLevel.UNP_BP_AISpawner_c396676779c4d6b9_0',AISpawnerConfigSet'DA_AISpawner_Mobs_Rare',16276.672,43776.086,-2801.3904,
SceneComponent,BP_AISpawner_C'map03_p_WP:PersistentLevel.UNP_BP_AISpawner_c3a261195df0fb2c_0',AISpawnerConfigSet'DA_AISpawner_Mobs_Rare',-7260.737,33094.152,-2506.161,
SceneComponent,BP_AISpawner_C'map03_p_WP:PersistentLevel.UNP_BP_AISpawner_c41b58f2460524c1_0',AISpawnerConfigSet'DA_AISpawner_Mobs_Rare',47322.285,27122.943,-4375.4966,
SceneComponent,BP_AISpawner_C'map03_p_WP:PersistentLevel.UNP_BP_AISpawner_c43d898162b83081_0',AISpawnerConfigSet'DA_AISpawner_Mobs_Rare',-104856.73,42079.297,-797.364,
SceneComponent,BP_AISpawner_C'map03_p_WP:PersistentLevel.UNP_BP_AISpawner_c4e7c06e650cff53_0',AISpawnerConfigSet'DA_AISpawner_Mobs_Rare',34789.855,40783.26,-4201.6074,
SceneComponent,BP_AISpawner_C'map03_p_WP:PersistentLevel.UNP_BP_AISpawner_c5fc73ff3643fc0d_0',AISpawnerConfigSet'DA_AISpawner_Mobs_Rare',30594.691,40560.38,-3109.2625,
SceneComponent,BP_AISpawner_C'map03_p_WP:PersistentLevel.UNP_BP_AISpawner_c667cf64fc2015ea_0',AISpawnerConfigSet'DA_AISpawner_Mobs_Rare',-7740.7056,-15399.122,729.3021,
SceneComponent,BP_AISpawner_C'map03_p_WP:PersistentLevel.UNP_BP_AISpawner_c7c43d5929e798e3_0',AISpawnerConfigSet'DA_AISpawner_Mobs_Rare',-17933.951,11868.316,-117.53417,
SceneComponent,BP_AISpawner_C'map03_p_WP:PersistentLevel.UNP_BP_AISpawner_c846d622402f21c9_0',AISpawnerConfigSet'DA_AISpawner_Mobs_Rare',43214.25,20525.322,-805.8746,
SceneComponent,BP_AISpawner_C'map03_p_WP:PersistentLevel.UNP_BP_AISpawner_ca4c42539b1f0ccc_0',AISpawnerConfigSet'DA_AISpawner_Mobs_Rare',32918.555,38434.355,-3665.2053,
SceneComponent,BP_AISpawner_C'map03_p_WP:PersistentLevel.UNP_BP_AISpawner_cad3b0bcf9433f86_0',AISpawnerConfigSet'DA_AISpawner_Mobs_Rare',16774.225,48029.996,-3544.7349,
SceneComponent,BP_AISpawner_C'map03_p_WP:PersistentLevel.UNP_BP_AISpawner_caecfdb1d87389e8_0',AISpawnerConfigSet'DA_AISpawner_Mobs_Rare',4209.887,44553.223,-2816.9036,
SceneComponent,BP_AISpawner_C'map03_p_WP:PersistentLevel.UNP_BP_AISpawner_cb067b0b5b168a0f_0',AISpawnerConfigSet'DA_AISpawner_Mobs_Rare',31853.71,34855.195,-2955.2437,
SceneComponent,BP_AISpawner_C'map03_p_WP:PersistentLevel.UNP_BP_AISpawner_cb5134b0479b4618_0',AISpawnerConfigSet'DA_AISpawner_Mobs_Rare',4634.3125,24835.488,-811.9853,
SceneComponent,BP_AISpawner_C'map03_p_WP:PersistentLevel.UNP_BP_AISpawner_cc10e15a5dda7ef0_0',AISpawnerConfigSet'DA_AISpawner_Mobs_Rare',49015.32,38486.094,-5280.797,
SceneComponent,BP_AISpawner_C'map03_p_WP:PersistentLevel.UNP_BP_AISpawner_cc87323acc6710dd_0',AISpawnerConfigSet'DA_AISpawner_Mobs_Rare',38799.168,31019.898,-2854.942,
SceneComponent,BP_AISpawner_C'map03_p_WP:PersistentLevel.UNP_BP_AISpawner_cd14d4d3173ce360_0',AISpawnerConfigSet'DA_AISpawner_Mobs_Rare',19423.799,-15660.9375,-987.9619,
SceneComponent,BP_AISpawner_C'map03_p_WP:PersistentLevel.UNP_BP_AISpawner_cd826f0e3daa3ff4_0',AISpawnerConfigSet'DA_AISpawner_Mobs_Rare',13746.556,27248.254,-1382.2197,
SceneComponent,BP_AISpawner_C'map03_p_WP:PersistentLevel.UNP_BP_AISpawner_cdf66bf02a7cdaad_0',AISpawnerConfigSet'DA_AISpawner_Mobs_Rare',46451.223,34142.223,-3108.449,
SceneComponent,BP_AISpawner_C'map03_p_WP:PersistentLevel.UNP_BP_AISpawner_cdfd51f6e0bec8bb_0',AISpawnerConfigSet'DA_AISpawner_Mobs_Rare',8826.866,15135.38,-45.382896,
SceneComponent,BP_AISpawner_C'map03_p_WP:PersistentLevel.UNP_BP_AISpawner_d0c56e9285f7f4df_0',AISpawnerConfigSet'DA_AISpawner_Mobs_Rare',-1080.329,-729.9839,-557.28876,
SceneComponent,BP_AISpawner_C'map03_p_WP:PersistentLevel.UNP_BP_AISpawner_d13aeda62c2404aa_0',AISpawnerConfigSet'DA_AISpawner_Mobs',44594.75,13683.392,2186.2896,
SceneComponent,BP_AISpawner_C'map03_p_WP:PersistentLevel.UNP_BP_AISpawner_d30b084deb7c4de1_0',AISpawnerConfigSet'DA_AISpawner_Mobs_Rare',46484.914,31055.41,-4105.8667,
SceneComponent,BP_AISpawner_C'map03_p_WP:PersistentLevel.UNP_BP_AISpawner_d31df4836ad1a6d0_0',AISpawnerConfigSet'DA_AISpawner_Mobs_Rare',-15580.711,25275.803,-1404.0968,
SceneComponent,BP_AISpawner_C'map03_p_WP:PersistentLevel.UNP_BP_AISpawner_d463ddee73aef388_0',AISpawnerConfigSet'DA_AISpawner_Mobs_Rare',-9020.127,20818.346,-38.878315,
SceneComponent,BP_AISpawner_C'map03_p_WP:PersistentLevel.UNP_BP_AISpawner_d632a6ea0e7dfd39_0',AISpawnerConfigSet'DA_AISpawner_Mobs_Rare',36034.418,32928.71,-2793.667,
SceneComponent,BP_AISpawner_C'map03_p_WP:PersistentLevel.UNP_BP_AISpawner_d7ab2bf0a0fa3afd_0',AISpawnerConfigSet'DA_AISpawner_Mobs_Rare',-4208.122,48068.598,-2601.8848,
SceneComponent,BP_AISpawner_C'map03_p_WP:PersistentLevel.UNP_BP_AISpawner_d865aaac203477e9_0',AISpawnerConfigSet'DA_AISpawner_Mobs_Rare',45764.547,53186.03,-4190.5347,
SceneComponent,BP_AISpawner_C'map03_p_WP:PersistentLevel.UNP_BP_AISpawner_d94908d9414b9c48_0',AISpawnerConfigSet'DA_AISpawner_Mobs_Rare',15910.986,47560.777,-3544.0017,
SceneComponent,BP_AISpawner_C'map03_p_WP:PersistentLevel.UNP_BP_AISpawner_d9ef967dad3c446c_0',AISpawnerConfigSet'DA_AISpawner_Mobs_Rare',10507.679,12548.419,-104.951324,
SceneComponent,BP_AISpawner_C'map03_p_WP:PersistentLevel.UNP_BP_AISpawner_db17fceef7c2c539_0',AISpawnerConfigSet'DA_AISpawner_Mobs_Rare',34205.508,39178.59,-3866.6982,
SceneComponent,BP_AISpawner_C'map03_p_WP:PersistentLevel.UNP_BP_AISpawner_db4e2eab25b31870_0',AISpawnerConfigSet'DA_AISpawner_Mobs_Rare',1413.8909,8275.575,-297.56693,
SceneComponent,BP_AISpawner_C'map03_p_WP:PersistentLevel.UNP_BP_AISpawner_dbd94f8a2d2cafb7_0',AISpawnerConfigSet'DA_AISpawner_Mobs_Rare',14238.276,21976.293,-1029.6775,
SceneComponent,BP_AISpawner_C'map03_p_WP:PersistentLevel.UNP_BP_AISpawner_dbd9770f81b6b67f_0',AISpawnerConfigSet'DA_AISpawner_Mobs_Rare',41006.652,43906.45,-4953.864,
SceneComponent,BP_AISpawner_C'map03_p_WP:PersistentLevel.UNP_BP_AISpawner_dbfbd0e5a52f12bc_0',AISpawnerConfigSet'DA_AISpawner_Mobs_Rare',-104856.73,42079.297,-797.364,
SceneComponent,BP_AISpawner_C'map03_p_WP:PersistentLevel.UNP_BP_AISpawner_dc20528bc1a1e7f0_0',AISpawnerConfigSet'DA_AISpawner_Mobs_Rare',23325.562,28286.066,-1512.7944,
SceneComponent,BP_AISpawner_C'map03_p_WP:PersistentLevel.UNP_BP_AISpawner_dc998988a8d5fc9b_0',AISpawnerConfigSet'DA_AISpawner_Mobs_Rare',16321.664,29621.473,-1856.654,
SceneComponent,BP_AISpawner_C'map03_p_WP:PersistentLevel.UNP_BP_AISpawner_df62622555da31be_0',AISpawnerConfigSet'DA_AISpawner_Mobs_Rare',41120.57,-8285.474,-3782.4956,
SceneComponent,BP_AISpawner_C'map03_p_WP:PersistentLevel.UNP_BP_AISpawner_e00afe3022203a66_0',AISpawnerConfigSet'DA_AISpawner_Mobs_Rare',34030.21,41489.44,-4325.106,
SceneComponent,BP_AISpawner_C'map03_p_WP:PersistentLevel.UNP_BP_AISpawner_e17d709e48d9f92b_0',AISpawnerConfigSet'DA_AISpawner_Mobs_Rare',-14486.601,25875.932,-1422.6208,
SceneComponent,BP_AISpawner_C'map03_p_WP:PersistentLevel.UNP_BP_AISpawner_e186e69889481341_0',AISpawnerConfigSet'DA_AISpawner_Mobs_Rare',17790.129,-15644.848,-878.4837,
SceneComponent,BP_AISpawner_C'map03_p_WP:PersistentLevel.UNP_BP_AISpawner_e28de6cbb306a109_0',AISpawnerConfigSet'DA_AISpawner_Mobs_Rare',38477.242,4512.504,-526.1429,
SceneComponent,BP_AISpawner_C'map03_p_WP:PersistentLevel.UNP_BP_AISpawner_e2c8f1c3c0f813fe_0',AISpawnerConfigSet'DA_AISpawner_Mobs_Rare',-1257.8304,-12321.364,539.3847,
SceneComponent,BP_AISpawner_C'map03_p_WP:PersistentLevel.UNP_BP_AISpawner_e375b8c33c08e089_0',AISpawnerConfigSet'DA_AISpawner_Mobs_Rare',34384.297,45987.215,-4958.9497,
SceneComponent,BP_AISpawner_C'map03_p_WP:PersistentLevel.UNP_BP_AISpawner_e382a679f76cafe1_0',AISpawnerConfigSet'DA_AISpawner_Mobs_Rare',46180.93,29338.113,-4087.8796,
SceneComponent,BP_AISpawner_C'map03_p_WP:PersistentLevel.UNP_BP_AISpawner_e3a11fa03d38051a_0',AISpawnerConfigSet'DA_AISpawner_Mobs_Rare',-977.23553,24140.03,-352.8305,
SceneComponent,BP_AISpawner_C'map03_p_WP:PersistentLevel.UNP_BP_AISpawner_e4081e6db168e583_0',AISpawnerConfigSet'DA_AISpawner_Mobs_Rare',95.93451,7430.424,-396.02692,
SceneComponent,BP_AISpawner_C'map03_p_WP:PersistentLevel.UNP_BP_AISpawner_e590fda574b022ab_0',AISpawnerConfigSet'DA_AISpawner_Mobs_Rare',17236.156,48497.74,-3573.9563,
SceneComponent,BP_AISpawner_C'map03_p_WP:PersistentLevel.UNP_BP_AISpawner_e658d8cfad803d57_0',AISpawnerConfigSet'DA_AISpawner_Mobs_Rare',36174.562,10284.636,1169.1897,
SceneComponent,BP_AISpawner_C'map03_p_WP:PersistentLevel.UNP_BP_AISpawner_e6a054bfb5ab74dc_0',AISpawnerConfigSet'DA_AISpawner_Mobs_Rare',9065.434,23436.092,-755.7329,
SceneComponent,BP_AISpawner_C'map03_p_WP:PersistentLevel.UNP_BP_AISpawner_e7002cf657f7a5b2_0',AISpawnerConfigSet'DA_AISpawner_Mobs_Rare',10614.909,17920.105,-45.91944,
SceneComponent,BP_AISpawner_C'map03_p_WP:PersistentLevel.UNP_BP_AISpawner_e75cc60589396834_0',AISpawnerConfigSet'DA_AISpawner_Mobs_Rare',2686.4634,8957.183,-229.50674,
SceneComponent,BP_AISpawner_C'map03_p_WP:PersistentLevel.UNP_BP_AISpawner_e856541705d524f0_0',AISpawnerConfigSet'DA_AISpawner_Mobs_Rare',6001.9595,39919.76,-2691.438,
SceneComponent,BP_AISpawner_C'map03_p_WP:PersistentLevel.UNP_BP_AISpawner_eb419f0b58df74cb_0',AISpawnerConfigSet'DA_AISpawner_Mobs_Rare',50116.52,25103.531,-4295.7646,
SceneComponent,BP_AISpawner_C'map03_p_WP:PersistentLevel.UNP_BP_AISpawner_eb5c0955b2cd375c_0',AISpawnerConfigSet'DA_AISpawner_Mobs_Rare',41607.195,3910.5845,-790.6694,
SceneComponent,BP_AISpawner_C'map03_p_WP:PersistentLevel.UNP_BP_AISpawner_eb85ccbde8f6433e_0',AISpawnerConfigSet'DA_AISpawner_Mobs_Rare',52191.176,26290.197,-4882.2827,
SceneComponent,BP_AISpawner_C'map03_p_WP:PersistentLevel.UNP_BP_AISpawner_edf004a41a4c0141_0',AISpawnerConfigSet'DA_AISpawner_Mobs_Rare',15842.004,17438.633,-190.61624,
SceneComponent,BP_AISpawner_C'map03_p_WP:PersistentLevel.UNP_BP_AISpawner_ee5ba0b6bd4a2982_0',AISpawnerConfigSet'DA_AISpawner_Mobs_Rare',32559.041,13057.174,1178.0759,
SceneComponent,BP_AISpawner_C'map03_p_WP:PersistentLevel.UNP_BP_AISpawner_ef803dfa3e8106d9_0',AISpawnerConfigSet'DA_AISpawner_Mobs_Rare',-7323.178,16373.466,-73.46647,
SceneComponent,BP_AISpawner_C'map03_p_WP:PersistentLevel.UNP_BP_AISpawner_f0569c710cf77bc4_0',AISpawnerConfigSet'DA_AISpawner_Mobs_Rare',36233.63,38321.367,-3545.0586,
SceneComponent,BP_AISpawner_C'map03_p_WP:PersistentLevel.UNP_BP_AISpawner_f0e41a3eff3aea0b_0',AISpawnerConfigSet'DA_AISpawner_Mobs_Rare',1935.4286,20802.26,-122.132065,
SceneComponent,BP_AISpawner_C'map03_p_WP:PersistentLevel.UNP_BP_AISpawner_f1b5d6a7b4c11fb9_0',AISpawnerConfigSet'DA_AISpawner_Mobs_Rare',50755.117,27132.475,-4750.0684,
SceneComponent,BP_AISpawner_C'map03_p_WP:PersistentLevel.UNP_BP_AISpawner_f3e9c9a30b29e17c_0',AISpawnerConfigSet'DA_AISpawner_Mobs_Rare',-23911.416,16985.076,-1287.0289,
SceneComponent,BP_AISpawner_C'map03_p_WP:PersistentLevel.UNP_BP_AISpawner_f413952e99bc7f5a_0',AISpawnerConfigSet'DA_AISpawner_Mobs_Rare',31612.006,42012.05,-3558.9995,
SceneComponent,BP_AISpawner_C'map03_p_WP:PersistentLevel.UNP_BP_AISpawner_f46e6e63336a277d_0',AISpawnerConfigSet'DA_AISpawner_Mobs_Rare',1181.2538,-5466.5967,104.27789,
SceneComponent,BP_AISpawner_C'map03_p_WP:PersistentLevel.UNP_BP_AISpawner_f48f7785da8339e5_0',AISpawnerConfigSet'DA_AISpawner_Mobs_Rare',34875.73,42441.117,-4613.693,
SceneComponent,BP_AISpawner_C'map03_p_WP:PersistentLevel.UNP_BP_AISpawner_f57ca14dbbeda0d5_0',AISpawnerConfigSet'DA_AISpawner_Mobs_Rare',15934.895,-16347.027,-852.71674,
SceneComponent,BP_AISpawner_C'map03_p_WP:PersistentLevel.UNP_BP_AISpawner_f657f7070e2851d5_0',AISpawnerConfigSet'DA_AISpawner_Mobs_Rare',44632.992,47818.02,-4952.615,
SceneComponent,BP_AISpawner_C'map03_p_WP:PersistentLevel.UNP_BP_AISpawner_f8ecbdf92a8482d1_0',AISpawnerConfigSet'DA_AISpawner_Mobs_Rare',35486.137,22422.645,-1111.6521,
SceneComponent,BP_AISpawner_C'map03_p_WP:PersistentLevel.UNP_BP_AISpawner_fad2c776438282a3_0',AISpawnerConfigSet'DA_AISpawner_Mobs_Rare',53457.91,26971.53,-5151.1665,
SceneComponent,BP_AISpawner_C'map03_p_WP:PersistentLevel.UNP_BP_AISpawner_fadb162da34a3d8a_0',AISpawnerConfigSet'DA_AISpawner_Mobs_Rare',-718.7459,-2132.1926,-441.00208,
SceneComponent,BP_AISpawner_C'map03_p_WP:PersistentLevel.UNP_BP_AISpawner_fb170b2acb52a176_0',AISpawnerConfigSet'DA_AISpawner_Mobs_Rare',14325.623,14673.29,-47.526833,
SceneComponent,BP_AISpawner_C'map03_p_WP:PersistentLevel.UNP_BP_AISpawner_fb274162a7d9727d_0',AISpawnerConfigSet'DA_AISpawner_Mobs_Rare',48923.207,36273.145,-5201.0073,
SceneComponent,BP_AISpawner_C'map03_p_WP:PersistentLevel.UNP_BP_AISpawner_fbca6a6ee7f3403c_0',AISpawnerConfigSet'DA_AISpawner_Mobs_Rare',11776.678,23703.98,-928.9343,
SceneComponent,BP_AISpawner_C'map03_p_WP:PersistentLevel.UNP_BP_AISpawner_fc199f8bddb70e00_0',AISpawnerConfigSet'DA_AISpawner_Mobs_Rare',27615.43,46562.934,-3308.8157,
SceneComponent,BP_AISpawner_C'map03_p_WP:PersistentLevel.UNP_BP_AISpawner_fd7b5955112de759_0',AISpawnerConfigSet'DA_AISpawner_Mobs_Rare',8036.4507,16413.658,-37.753708,
SceneComponent,BP_AISpawner_C'map03_p_WP:PersistentLevel.UNP_BP_AISpawner_fe2505b300dd61fe_0',AISpawnerConfigSet'DA_AISpawner_Mobs_Rare',50765.555,33067.797,-4760.8086,
SceneComponent,BP_AISpawner_C'map03_p_WP:PersistentLevel.UNP_BP_AISpawner_fe63c872f44745b3_0',AISpawnerConfigSet'DA_AISpawner_Mobs_Rare',-11781.251,29367.64,-1856.4113,
SceneComponent,BP_AISpawner_C'map03_p_WP:PersistentLevel.UNP_BP_AISpawner_fea4b5c59189294b_0',AISpawnerConfigSet'DA_AISpawner_Peasants',4417.285,41585.52,-2845.5247,
SceneComponent,BP_AISpawner_C'map03_p_WP:PersistentLevel.UNP_BP_AISpawner_ff344f45b39a4ada_0',AISpawnerConfigSet'DA_AISpawner_Mobs_Rare',10811.426,51860.234,-3757.454,
SceneComponent,BP_AISpawner_C'map03_p_WP:PersistentLevel.UNP_BP_AISpawner_ff3fb83ab63180fd_0',AISpawnerConfigSet'DA_AISpawner_Mobs_Rare',368.48303,24433.201,-474.56943,
SceneComponent,BP_AISpawner_C'map03_p_WP:PersistentLevel.UNP_BP_AISpawner_ff5dd85c62d47c6c_0',AISpawnerConfigSet'DA_AISpawner_Mobs_Rare',42824.2,52054.934,-4127.0537,
SceneComponent,BP_AISpawner_C'map03_p_WP:PersistentLevel.UNP_BP_AISpawner_ffb124c9baf0c3ed_0',AISpawnerConfigSet'DA_AISpawner_Mobs_Rare',32979.945,48526.547,-5162.149,
SceneComponent,BP_Billboard_Sun_01a_C'map03_p_WP:PersistentLevel.BP_Billboard_Sun_01a_C_UAID_9C6B002263F7782E02_4b21edfab64d74c7_1508723195',,930129.0,195510.44,339836.0,
SceneComponent,BP_BreakableBridge_01a_C'map03_p_WP:PersistentLevel.BP_BreakableBridge_01a_C_UAID_18C04DA8201B437902_b67ec8a3d8d2e891_1151888198',,-2572.7192,39516.793,-2582.8994,
SceneComponent,BP_BreakableBridge_02a_C'map03_p_WP:PersistentLevel.BP_BreakableBridge_02a_C_UAID_00FF8EFC2BEF673902_1236020032',,43525.4,38302.273,-3677.7415,
SceneComponent,BP_BreakableBridge_02a_C'map03_p_WP:PersistentLevel.BP_BreakableBridge_02a_C_UAID_04D9F5F93AD5783302_1715039077',,27803.143,-12214.035,-2493.448,
SceneComponent,BP_BreakableWellCover_01a_C'map03_p_WP:PersistentLevel.UNP_BP_BreakableWellCover_01a_UAID_0468748824944E8902_c85329728f06dd80_1129898571',,-15861.855,10691.782,-38.12351,
SceneComponent,BP_DirigibleFlare_C'map03_p_WP:PersistentLevel.BP_DirigibleFlare_C_UAID_04D9F5F93AD53E7302_edad57567b47cde9_2091261950',,11504.749,-3825.8188,-155.11198,
SceneComponent,BP_Door_Cage_01a_C'map03_p_WP:PersistentLevel.BP_Door_Cage_01a_C_UAID_046874882494F98A02_2c07323eb2e99beb_1938735635',,32733.463,9058.324,1284.5508,
SceneComponent,BP_Door_Cage_02a_C'map03_p_WP:PersistentLevel.BP_Door_Cage_02a_C_UAID_046874882494F98A02_2c07323eb2e99beb_1938904642',,33879.723,9842.942,1163.5013,
SceneComponent,BP_Door_Cage_02a_C'map03_p_WP:PersistentLevel.BP_Door_Cage_02a_C_UAID_046874882494F98A02_2c07323eb2e99beb_1939054647',,33664.62,10027.329,1152.1198,
SceneComponent,BP_Door_Cage_02a_C'map03_p_WP:PersistentLevel.BP_Door_Cage_02a_C_UAID_046874882494F98A02_2c07323eb2e99beb_1939202652',,35409.96,8628.386,1132.1335,
SceneComponent,BP_Door_Ext_Single_01a_C'map03_p_WP:PersistentLevel.BP_Door_Int_SingleWood_03_C_35267f9c3545d35c_5',,55326.664,29567.904,-5406.793,
SceneComponent,BP_Door_Ext_Single_01a_C'map03_p_WP:PersistentLevel.BP_Door_Int_SingleWood_03_C_35267f9c3545d35c_6',,55947.5,32439.418,-5411.7886,
SceneComponent,BP_Door_Ext_Single_05a_Burned_C'map03_p_WP:PersistentLevel.UNP_BP_Door_Ext_Single_01a2_UAID_046874882494928402_29fb098085780a4e_1954950241',,27139.133,18165.725,125.50981,
SceneComponent,BP_Door_Ext_Single_05a_Burned_C'map03_p_WP:PersistentLevel.UNP_BP_Door_Ext_Single_01a3_UAID_046874882494928402_29fb098085780a4e_1954941238',,27224.121,19170.115,119.98419,
SceneComponent,BP_Door_Ext_Single_05a_C'map03_p_WP:PersistentLevel.UNP_BP_Door_Ext_Single_01a2_248ca04a73e0c586_1',,36955.65,19461.01,2131.174,
SceneComponent,BP_Door_Ext_Single_05a_C'map03_p_WP:PersistentLevel.UNP_BP_Door_Ext_Single_01a2_6ed99d200bbadc17_1',,13171.419,44613.957,-2976.0354,
SceneComponent,BP_Door_Ext_Single_05a_C'map03_p_WP:PersistentLevel.UNP_BP_Door_Ext_Single_01a2_UAID_046874882494907E02_f6ac66adf17bf997_1359986943',,-20387.625,20928.709,-1484.7095,
SceneComponent,BP_Door_Ext_Single_05a_C'map03_p_WP:PersistentLevel.UNP_BP_Door_Ext_Single_01a2_UAID_046874882494907E02_f6ac66adf17bf997_1360767024',,-20161.535,23302.646,-1484.7095,
SceneComponent,BP_Door_Ext_Single_05a_C'map03_p_WP:PersistentLevel.UNP_BP_Door_Ext_Single_01a2_UAID_046874882494928402_29fb098085780a4e_1954633192',,17532.922,15399.969,-1.69225,
SceneComponent,BP_Door_Ext_Single_05a_C'map03_p_WP:PersistentLevel.UNP_BP_Door_Ext_Single_01a2_UAID_046874882494D77F02_46c6e786a3fd7089_1404781905',,26035.773,41375.684,-2415.2368,
SceneComponent,BP_Door_Ext_Single_05a_C'map03_p_WP:PersistentLevel.UNP_BP_Door_Ext_Single_01a2_UAID_046874882494D77F02_46c6e786a3fd7089_1405190985',,23392.824,40807.87,-2415.2368,
SceneComponent,BP_Door_Ext_Single_05a_C'map03_p_WP:PersistentLevel.UNP_BP_Door_Ext_Single_01a2_UAID_046874882494D77F02_46c6e786a3fd7089_1405632062',,24346.814,40066.754,-2415.237,
SceneComponent,BP_Door_Ext_Single_05a_C'map03_p_WP:PersistentLevel.UNP_BP_Door_Ext_Single_01a2_UAID_046874882494F98A02_2c07323eb2e99beb_2107010983',,34252.176,7726.905,1140.6201,
SceneComponent,BP_Door_Ext_Single_05a_C'map03_p_WP:PersistentLevel.UNP_BP_Door_Ext_Single_01a2_UAID_046874882494F98A02_2c07323eb2e99beb_2107497063',,32457.225,9807.088,1138.8234,
SceneComponent,BP_Door_Ext_Single_05a_C'map03_p_WP:PersistentLevel.UNP_BP_Door_Ext_Single_01a2_UAID_046874882494F98A02_2c07323eb2e99beb_2108001140',,32981.5,7319.453,1147.252,
SceneComponent,BP_Door_Ext_Single_05a_C'map03_p_WP:PersistentLevel.UNP_BP_Door_Ext_Single_01a2_UAID_18C04DA8201B437902_b67ec8a3d8d2e891_1437723261',,-4469.7954,38031.03,-2553.082,
SceneComponent,BP_Door_Ext_Single_05a_C'map03_p_WP:PersistentLevel.UNP_BP_Door_Ext_Single_01a2_a08f056012bf1a67_1',,49807.676,30083.797,-4365.4434,
SceneComponent,BP_Door_Ext_Single_05a_C'map03_p_WP:PersistentLevel.UNP_BP_Door_Ext_Single_01a2_d13aeda62c2404aa_1',,44761.863,13390.986,2138.2847,
SceneComponent,BP_Door_Ext_Single_05a_C'map03_p_WP:PersistentLevel.UNP_BP_Door_Ext_Single_01a3_248ca04a73e0c586_0',,36231.973,19118.605,2131.174,
SceneComponent,BP_Door_Ext_Single_05a_C'map03_p_WP:PersistentLevel.UNP_BP_Door_Ext_Single_01a3_6ed99d200bbadc17_0',,12480.866,45348.254,-2976.0354,
SceneComponent,BP_Door_Ext_Single_05a_C'map03_p_WP:PersistentLevel.UNP_BP_Door_Ext_Single_01a3_UAID_046874882494907E02_f6ac66adf17bf997_1359979940',,-19431.74,21248.613,-1484.7095,
SceneComponent,BP_Door_Ext_Single_05a_C'map03_p_WP:PersistentLevel.UNP_BP_Door_Ext_Single_01a3_UAID_046874882494907E02_f6ac66adf17bf997_1360747016',,-20925.596,23541.732,-1484.7095,
SceneComponent,BP_Door_Ext_Single_05a_C'map03_p_WP:PersistentLevel.UNP_BP_Door_Ext_Single_01a3_UAID_046874882494928402_29fb098085780a4e_1954625189',,16584.787,15742.158,-1.69225,
SceneComponent,BP_Door_Ext_Single_05a_C'map03_p_WP:PersistentLevel.UNP_BP_Door_Ext_Single_01a3_UAID_046874882494D77F02_46c6e786a3fd7089_1404773902',,26510.969,40486.73,-2415.2368,
SceneComponent,BP_Door_Ext_Single_05a_C'map03_p_WP:PersistentLevel.UNP_BP_Door_Ext_Single_01a3_UAID_046874882494D77F02_46c6e786a3fd7089_1405613054',,24326.863,40867.1,-2415.237,
SceneComponent,BP_Door_Ext_Single_05a_C'map03_p_WP:PersistentLevel.UNP_BP_Door_Ext_Single_01a3_UAID_046874882494F98A02_2c07323eb2e99beb_2107001980',,35037.215,8359.178,1140.6201,
SceneComponent,BP_Door_Ext_Single_05a_C'map03_p_WP:PersistentLevel.UNP_BP_Door_Ext_Single_01a3_UAID_046874882494F98A02_2c07323eb2e99beb_2107981132',,33420.535,6649.9756,1147.252,
SceneComponent,BP_Door_Ext_Single_05a_C'map03_p_WP:PersistentLevel.UNP_BP_Door_Ext_Single_01a3_UAID_18C04DA8201B437902_b67ec8a3d8d2e891_1437720260',,-5457.3647,37829.137,-2553.082,
SceneComponent,BP_Door_Ext_Single_05a_C'map03_p_WP:PersistentLevel.UNP_BP_Door_Ext_Single_01a3_a08f056012bf1a67_0',,49372.586,29174.537,-4365.4434,
SceneComponent,BP_Door_Ext_Single_05a_C'map03_p_WP:PersistentLevel.UNP_BP_Door_Ext_Single_01a3_d13aeda62c2404aa_0',,43768.645,13219.017,2138.2847,
SceneComponent,BP_Door_Ext_Single_05a_C'map03_p_WP:PersistentLevel.UNP_BP_Door_Ext_Single_01a4_248ca04a73e0c586_2',,37009.645,20383.406,2131.174,
SceneComponent,BP_Door_Ext_Single_05a_C'map03_p_WP:PersistentLevel.UNP_BP_Door_Ext_Single_01a4_UAID_046874882494907E02_f6ac66adf17bf997_1360756019',,-19496.36,23943.95,-1484.7095,
SceneComponent,BP_Door_Ext_Single_05a_C'map03_p_WP:PersistentLevel.UNP_BP_Door_Ext_Single_01a4_UAID_046874882494D77F02_46c6e786a3fd7089_1405621057',,25168.295,39643.79,-2415.237,
SceneComponent,BP_Door_Ext_Single_05a_C'map03_p_WP:PersistentLevel.UNP_BP_Door_Ext_Single_01a4_UAID_046874882494F98A02_2c07323eb2e99beb_2107989135',,32060.482,7245.5894,1147.252,
SceneComponent,BP_Door_Ext_Single_05a_C'map03_p_WP:PersistentLevel.UNP_BP_Door_Ext_Single_04a1_0937f42e405261d3_0',,-12322.921,-367.1535,2858.484,
SceneComponent,BP_Door_Ext_Single_05a_C'map03_p_WP:PersistentLevel.UNP_BP_Door_Ext_Single_04a1_37a28efbd26adc60_0',,14640.858,-12800.79,1189.8627,
SceneComponent,BP_Door_Ext_Single_05a_C'map03_p_WP:PersistentLevel.UNP_BP_Door_Ext_Single_04a1_9b091094a2e3f407_0',,-13517.707,47292.863,-1312.9758,
SceneComponent,BP_Door_Ext_Single_05a_C'map03_p_WP:PersistentLevel.UNP_BP_Door_Ext_Single_04a1_ab5027526005fa55_0',,60514.016,17670.797,-1399.837,
SceneComponent,BP_Door_Ext_Single_05a_C'map03_p_WP:PersistentLevel.UNP_BP_Door_Ext_Single_06a2_c85329728f06dd80_0',,-12417.834,14200.305,-143.55527,
SceneComponent,BP_Door_Ext_Single_06a_C'map03_p_WP:PersistentLevel.UNP_BP_Door_Ext_Single_06a1_c85329728f06dd80_0',,-13650.283,14748.112,-143.55527,
SceneComponent,BP_Door_Ext_Single_06a_C'map03_p_WP:PersistentLevel.UNP_BP_Door_Ext_Single_06a4_c85329728f06dd80_1',,-14763.159,12599.161,-143.55527,
SceneComponent,BP_Door_Ext_Single_06a_burnt_C'map03_p_WP:PersistentLevel.BP_Door_Ext_Single_06a_burnt_C_UAID_046874882494928402_29fb098085780a4e_1956300516',,29760.324,18071.717,174.7087,
SceneComponent,BP_Door_Ext_Single_06a_burnt_C'map03_p_WP:PersistentLevel.BP_Door_Ext_Single_06a_burnt_C_UAID_046874882494928402_29fb098085780a4e_1956308519',,29446.0,19242.213,175.80136,
SceneComponent,BP_Door_Ext_Single_06a_burnt_C'map03_p_WP:PersistentLevel.BP_Door_Ext_Single_06a_burnt_C_UAID_046874882494928402_29fb098085780a4e_1956319523',,29707.508,17327.145,178.0105,
SceneComponent,BP_Door_Ext_Single_07a_C'map03_p_WP:PersistentLevel.BP_Door_Ext_Single_07a_C_bacad867c9c5e889_0',,23664.04,129.45668,-1010.9019,
SceneComponent,BP_Door_Ext_Single_08a_C'map03_p_WP:PersistentLevel.UNP_BP_Door_Ext_Single_04a_0937f42e405261d3_0',,-11980.762,-498.2004,1850.4923,
SceneComponent,BP_Door_Ext_Single_08a_C'map03_p_WP:PersistentLevel.UNP_BP_Door_Ext_Single_04a_37a28efbd26adc60_0',,14881.45,-13077.126,181.87108,
SceneComponent,BP_Door_Ext_Single_08a_C'map03_p_WP:PersistentLevel.UNP_BP_Door_Ext_Single_04a_9b091094a2e3f407_0',,-13293.159,47582.39,-2320.9675,
SceneComponent,BP_Door_Ext_Single_08a_C'map03_p_WP:PersistentLevel.UNP_BP_Door_Ext_Single_04a_ab5027526005fa55_0',,60845.844,17515.436,-2407.8286,
SceneComponent,BP_Door_Ext_Single_08a_C'map03_p_WP:PersistentLevel.UNP_BP_Door_Ext_Single_06a3_c85329728f06dd80_0',,-15293.296,14387.21,-143.55527,
SceneComponent,BP_Door_Int_Prison_01n_C'map03_p_WP:PersistentLevel.BP_Door_Int_Prison_01n_C_UAID_04D9F5F93AD5337A02_6050371b4132a7ae_2041471324',,25682.71,-17585.377,-4443.7603,
SceneComponent,BP_Door_Int_SingleWood_01_C'map03_p_WP:PersistentLevel.BP_Door_Int_SingleWood_03_C_35267f9c3545d35c_2',,57313.207,30208.455,-4853.942,
SceneComponent,BP_Door_Int_SingleWood_01_C'map03_p_WP:PersistentLevel.UNP_BP_Door_Ext_Single_06a_c85329728f06dd80_0',,-14772.822,14537.099,-143.55527,
SceneComponent,BP_Door_Int_SingleWood_02_C'map03_p_WP:PersistentLevel.UNP_BP_Door_Ext_Single_01a3_UAID_046874882494BB8602_92f9112ff1518191_1740759259',,39835.934,-10291.884,-3821.0984,
SceneComponent,BP_Door_Int_SingleWood_03_Burned_C'map03_p_WP:PersistentLevel.UNP_BP_Door_Ext_Single_01a4_UAID_046874882494928402_29fb098085780a4e_1954959244',,27395.473,18481.533,122.91452,
SceneComponent,BP_Door_Int_SingleWood_03_C'map03_p_WP:PersistentLevel.BP_Door_Int_SingleWood_03_C_35267f9c3545d35c_0',,56693.684,30258.594,-4850.313,
SceneComponent,BP_Door_Int_SingleWood_03_C'map03_p_WP:PersistentLevel.BP_Door_Int_SingleWood_03_C_35267f9c3545d35c_1',,56563.797,31801.209,-4935.0938,
SceneComponent,BP_Door_Int_SingleWood_03_C'map03_p_WP:PersistentLevel.BP_Door_Int_SingleWood_03_C_35267f9c3545d35c_7',,57101.527,29791.15,-4852.56,
SceneComponent,BP_Door_Int_SingleWood_03_C'map03_p_WP:PersistentLevel.BP_Door_Int_SingleWood_03_C_35267f9c3545d35c_8',,57884.03,29093.258,-4471.193,
SceneComponent,BP_Door_Int_SingleWood_03_C'map03_p_WP:PersistentLevel.UNP_BP_Door_Ext_Single_01a3_UAID_046874882494168102_20c886124a4a6cac_1343910347',,-2083.3079,12442.851,-101.53575,
SceneComponent,BP_Door_Int_SingleWood_03_C'map03_p_WP:PersistentLevel.UNP_BP_Door_Ext_Single_01a3_UAID_046874882494907E02_f6ac66adf17bf997_1365563144',,-21336.135,22295.818,-1511.2483,
SceneComponent,BP_Door_Int_SingleWood_03_C'map03_p_WP:PersistentLevel.UNP_BP_Door_Ext_Single_01a4_6ed99d200bbadc17_0',,13107.698,45015.69,-2976.0354,
SceneComponent,BP_Door_Int_SingleWood_03_C'map03_p_WP:PersistentLevel.UNP_BP_Door_Ext_Single_01a4_UAID_046874882494907E02_f6ac66adf17bf997_1359996947',,-19996.092,20818.469,-1484.7095,
SceneComponent,BP_Door_Int_SingleWood_03_C'map03_p_WP:PersistentLevel.UNP_BP_Door_Ext_Single_01a4_UAID_046874882494928402_29fb098085780a4e_1954644196',,17294.26,15729.35,-1.69225,
SceneComponent,BP_Door_Int_SingleWood_03_C'map03_p_WP:PersistentLevel.UNP_BP_Door_Ext_Single_01a4_UAID_046874882494D77F02_46c6e786a3fd7089_1404791909',,25992.537,40971.23,-2415.2368,
SceneComponent,BP_Door_Int_SingleWood_03_C'map03_p_WP:PersistentLevel.UNP_BP_Door_Ext_Single_01a4_UAID_046874882494D77F02_46c6e786a3fd7089_1405173978',,23390.479,40373.85,-2415.2368,
SceneComponent,BP_Door_Int_SingleWood_03_C'map03_p_WP:PersistentLevel.UNP_BP_Door_Ext_Single_01a4_UAID_046874882494F98A02_2c07323eb2e99beb_2107021987',,34657.613,7759.663,1140.6201,
SceneComponent,BP_Door_Int_SingleWood_03_C'map03_p_WP:PersistentLevel.UNP_BP_Door_Ext_Single_01a4_UAID_046874882494F98A02_2c07323eb2e99beb_2107479056',,32121.615,9531.868,1138.8234,
SceneComponent,BP_Door_Int_SingleWood_03_C'map03_p_WP:PersistentLevel.UNP_BP_Door_Ext_Single_01a4_UAID_18C04DA8201B437902_b67ec8a3d8d2e891_1437730264',,-4845.1143,38187.836,-2553.082,
SceneComponent,BP_Door_Int_SingleWood_03_C'map03_p_WP:PersistentLevel.UNP_BP_Door_Ext_Single_01a4_a08f056012bf1a67_0',,49456.125,29879.191,-4365.4434,
SceneComponent,BP_Door_Int_SingleWood_03_C'map03_p_WP:PersistentLevel.UNP_BP_Door_Ext_Single_01a4_d13aeda62c2404aa_0',,44391.453,13559.057,2138.2847,
SceneComponent,BP_Door_Int_SingleWood_03_C'map03_p_WP:PersistentLevel.UNP_BP_Door_Ext_Single_01a5_UAID_046874882494D77F02_46c6e786a3fd7089_1405162974',,23441.28,39732.45,-2415.2368,
SceneComponent,BP_Door_Int_SingleWood_03_C'map03_p_WP:PersistentLevel.UNP_BP_Door_Ext_Single_01a5_UAID_046874882494F98A02_2c07323eb2e99beb_2107468052',,31660.29,9083.367,1138.8234,
SceneComponent,BP_Door_Int_SingleWood_03_C'map03_p_WP:PersistentLevel.UNP_BP_Door_Ext_Single_05a1_UAID_D843AE1A93E5A37D02_13ef505d61c59003_1300145851',,-15554.176,13123.772,-637.4952,
SceneComponent,BP_Door_Int_SingleWood_03_C'map03_p_WP:PersistentLevel.UNP_BP_Door_Ext_Single_05a2_c85329728f06dd80_1',,-15641.608,13979.095,349.44473,
SceneComponent,BP_Door_Int_SingleWood_03_C'map03_p_WP:PersistentLevel.UNP_BP_Door_Ext_Single_05a3_UAID_D843AE1A93E5A37D02_13ef505d61c59003_1300139850',,-14744.681,12545.827,-639.62573,
SceneComponent,BP_Door_Int_SingleWood_03_C'map03_p_WP:PersistentLevel.UNP_BP_Door_Ext_Single_05a4_c85329728f06dd80_4',,-14769.849,14535.043,-637.49506,
SceneComponent,BP_Door_Int_SingleWood_03_C'map03_p_WP:PersistentLevel.UNP_BP_Door_Ext_Single_05a5_c85329728f06dd80_0',,-15134.787,14261.356,349.44473,
SceneComponent,BP_Door_Int_SingleWood_03_C'map03_p_WP:PersistentLevel.UNP_BP_Door_Ext_Single_05a5_c85329728f06dd80_5',,-14819.417,13900.444,349.44473,
SceneComponent,BP_Door_Int_SingleWood_03_C'map03_p_WP:PersistentLevel.UNP_BP_Door_Ext_Single_05a_c85329728f06dd80_0',,-15556.98,13121.059,-143.55525,
SceneComponent,BP_Door_Int_SingleWood_04a_C'map03_p_WP:PersistentLevel.UNP_BP_Door_Ext_Single_01a3_UAID_046874882494168102_20c886124a4a6cac_1342643293',,-649.98425,14001.102,-105.99014,
SceneComponent,BP_Door_Int_SingleWood_04a_C'map03_p_WP:PersistentLevel.UNP_BP_Door_Ext_Single_01a3_UAID_046874882494907E02_f6ac66adf17bf997_1366132195',,-19074.477,22097.154,-1517.7026,
SceneComponent,BP_Door_Int_SingleWood_04a_C'map03_p_WP:PersistentLevel.UNP_BP_Door_Ext_Single_01a3_UAID_046874882494977D02_c01302f103af8f1c_1270198705',,41788.938,31090.309,-2911.2195,
SceneComponent,BP_Door_Int_SingleWood_04a_C'map03_p_WP:PersistentLevel.UNP_BP_Door_Ext_Single_01a3_UAID_046874882494D77F02_46c6e786a3fd7089_1410559299',,23721.129,42439.37,-2457.222,
SceneComponent,BP_Door_Int_SingleWood_04b_C'map03_p_WP:PersistentLevel.BP_Door_Ext_Single_06b_C_UAID_046874882494938402_29fb098085780a4e_1574442638',,27511.826,14719.337,64.54094,
SceneComponent,BP_Door_Int_SingleWood_04b_C'map03_p_WP:PersistentLevel.BP_Door_Ext_Single_06b_C_UAID_046874882494A98802_00c96ecbce87a0a2_1893561226',,32668.014,18759.797,-3011.6284,
SceneComponent,BP_Door_Int_SingleWood_04b_C'map03_p_WP:PersistentLevel.BP_Door_Ext_Single_06b_C_UAID_04D9F5F93AD5D17F02_034bd1c01542be36_1936174395',,29862.25,19690.871,-5519.4385,
SceneComponent,BP_Door_Int_SingleWood_04b_C'map03_p_WP:PersistentLevel.BP_Door_Ext_Single_06b_C_UAID_04D9F5F93AD5D17F02_6fbc53fdbe759d14_1936174395',,39420.14,17507.578,-7258.076,
SceneComponent,BP_Door_Int_SingleWood_04b_C'map03_p_WP:PersistentLevel.BP_Door_Ext_Single_06b_C_UAID_04D9F5F93AD5D17F02_81b4d0c06971c051_1936174395',,29353.623,17650.25,-1088.2274,
SceneComponent,BP_Door_Int_SingleWood_04b_C'map03_p_WP:PersistentLevel.BP_Door_Ext_Single_06b_C_UAID_04D9F5F93AD5D17F02_82b4ccec8eab45cd_1936174395',,33869.918,23257.492,-5591.2656,
SceneComponent,BP_Door_Int_SingleWood_04b_C'map03_p_WP:PersistentLevel.BP_Door_Ext_Single_06b_C_UAID_04D9F5F93AD5D17F02_898a0dc8ececf492_1936174395',,32181.746,13884.943,-2218.6384,
SceneComponent,BP_Door_Int_SingleWood_04b_C'map03_p_WP:PersistentLevel.BP_Door_Int_SingleWood_03_C_35267f9c3545d35c_4',,55801.02,29519.297,-4852.888,
SceneComponent,BP_Door_MedCart_01a_C'map03_p_WP:PersistentLevel.UNP_BP_Door_MedCart_01a_UAID_046874882494AD8D02_e866662526208594_1994076602',,40048.816,49020.21,-3467.4866,
SceneComponent,BP_Door_MedCart_01a_C'map03_p_WP:PersistentLevel.UNP_BP_Door_MedCart_01a_a95f76f47bc88969_0',,43687.305,48684.254,-4615.739,
SceneComponent,BP_EasyFog_C'map03_p_WP:PersistentLevel.BP_EasyFog_C_0',,46251.164,-41295.926,9203.894,
SceneComponent,BP_EasyFog_C'map03_p_WP:PersistentLevel.BP_EasyFog_C_1',,78058.16,40272.7,4214.99,
SceneComponent,BP_EasyFog_C'map03_p_WP:PersistentLevel.BP_EasyFog_C_2',,91553.83,-3914.4673,13353.028,
SceneComponent,BP_EasyFog_C'map03_p_WP:PersistentLevel.BP_EasyFog_C_3',,83962.56,28246.914,6019.2744,
SceneComponent,BP_EasyFog_C'map03_p_WP:PersistentLevel.BP_EasyFog_C_4',,12324.049,-36600.176,15926.847,
SceneComponent,BP_EasyFog_C'map03_p_WP:PersistentLevel.BP_EasyFog_C_5',,62397.363,-71632.805,43451.91,
SceneComponent,BP_EasyFog_C'map03_p_WP:PersistentLevel.BP_EasyFog_C_UAID_9C6B002263F7772E02_4cbed4e5a689032f_2087186598',,-340576.6,976148.7,24915.0,
SceneComponent,BP_EasyFog_C'map03_p_WP:PersistentLevel.BP_EasyFog_C_UAID_9C6B002263F7782E02_4b21edfab64d74c7_1508726198',,1341588.6,275542.66,461387.44,
SceneComponent,BP_EasyFog_C'map03_p_WP:PersistentLevel.BP_EasyFog_C_UAID_9C6B002263F7782E02_4b21edfab64d74c7_1508727199',,1341598.6,275552.66,461387.44,
SceneComponent,BP_Etienne_C'map03_p_WP:PersistentLevel.BP_Etienne_C_UAID_D843AE1A93E5C0BD02_6eba12598bb1f39f_1593979557',,36893.098,14210.943,-7263.2334,
SceneComponent,BP_ExtractorsCache_M03_C'map03_p_WP:PersistentLevel.BP_ExtractorsCache_M03_C_UAID_D843AE1A93E5AFE502_1871298156',,38444.473,-14458.04,-5351.628,
SceneComponent,BP_FogDisableVolume_Base_C'map03_p_WP:PersistentLevel.BP_FogDisableVolume_Base_C_UAID_581CF8D81CD7B8A302_12e65868fd8f26ee_1362814441',,35886.805,19191.395,-5833.2007,
SceneComponent,BP_FogDisableVolume_Base_C'map03_p_WP:PersistentLevel.BP_FogDisableVolume_Base_C_UAID_D843AE1A93E530E302_12e65868fd8f26ee_1379521144',,40285.523,15601.011,-4866.706,
SceneComponent,BP_FogDisableVolume_Base_C'map03_p_WP:PersistentLevel.BP_FogDisableVolume_Base_C_UAID_D843AE1A93E530E302_12e65868fd8f26ee_1425647145',,29874.896,18122.533,-6199.808,
SceneComponent,BP_FogDisableVolume_Base_C'map03_p_WP:PersistentLevel.BP_FogDisableVolume_Base_C_UAID_D843AE1A93E530E302_12e65868fd8f26ee_1463677146',,29218.602,14131.416,-1815.2141,
SceneComponent,BP_Interact01_C'map03_p_WP:PersistentLevel.BP_Interact01_C_UAID_04D9F5F93AD5AA6C02_f6ac66adf17bf997_2027113062',,-20681.701,22380.938,-1475.9799,
SceneComponent,BP_Interact02_C'map03_p_WP:PersistentLevel.BP_Interact02_C_UAID_04D9F5F93AD5AA6C02_f6ac66adf17bf997_1945008061',,-20509.207,22077.521,-1413.1832,
SceneComponent,BP_Interact03_C'map03_p_WP:PersistentLevel.BP_Interact03_C_UAID_04D9F5F93AD5A26C02_aea6d6ea3b5e144a_1760716797',,33609.37,7876.117,1255.3816,
SceneComponent,BP_LadderVolume_01_C'map03_p_WP:PersistentLevel.BP_LadderVolume_01_C_35267f9c3545d35c_1',,57049.92,30101.398,-4464.971,
SceneComponent,BP_Lift_01A_C'map03_p_WP:PersistentLevel.BP_Lift_01A_C_UAID_581CF8B72315867A02_00c96ecbce87a0a2_1453208959',,31592.229,19560.07,-3132.9895,
SceneComponent,BP_LouisMother_C'map03_p_WP:PersistentLevel.BP_LouisMother_C_UAID_04D9F5F93AD5EA5D02_4f58371cef43ffd2_1437924890',,68750.164,2805.3523,-5303.2354,
SceneComponent,BP_LouisMothersNoteQ08_C'map03_p_WP:PersistentLevel.BP_LouisMothersNoteQ08_C_UAID_D843AE1A93E5DFE202_1857004213',,68700.016,2835.4758,-5452.1743,
SceneComponent,BP_MortuaryRecord_C'map03_p_WP:PersistentLevel.BP_MortuaryRecord_C_UAID_04D9F5F93AD5725A02_4cb1a62a42540541_2013102759',,38272.223,48692.504,-3534.1997,
SceneComponent,BP_P_CrowsCircle_01_C'map03_p_WP:PersistentLevel.UNP_BP_P_CrowsCircle_01_20c886124a4a6cac_0',,-1582.1167,13224.797,2884.003,
SceneComponent,BP_PiroCorpsePile_01_C'map03_p_WP:PersistentLevel.BP_Pyre_M01_C_UAID_D843AE1A93E5B1DA02_1759299011',,19664.096,-10430.137,-1009.12616,
SceneComponent,BP_PiroCorpsePile_02_C'map03_p_WP:PersistentLevel.BP_Pyre_02_C_UAID_D843AE1A93E5B3DA02_1394038366',,-9499.021,8094.163,-330.18076,
SceneComponent,BP_PiroCorpsePile_03_C'map03_p_WP:PersistentLevel.BP_Pyre_03_C_UAID_D843AE1A93E5B3DA02_1592526370',,20498.422,52705.35,-3730.7607,
SceneComponent,BP_Q04_Interact02_C'map03_p_WP:PersistentLevel.BP_Q07_Interact02_C_UAID_D843AE1A93E5269602_12e65868fd8f26ee_1153559110',,36875.727,14262.933,-7254.1846,
SceneComponent,BP_Q05_Water01_C'map03_p_WP:PersistentLevel.StaticMeshActor_UAID_18C04DA8201B605602_a95c94d953822ddd_1803669318',,59292.215,9393.55,-771.77026,
SceneComponent,BP_Q07_LacourtsLedger_C'map03_p_WP:PersistentLevel.BP_Q07_LacourtsLedger_C_UAID_04D9F5F93AD53C3702_35267f9c3545d35c_2004238083',,57230.55,29448.502,-4749.333,
SceneComponent,BP_Q08_Sylvette_C'map03_p_WP:PersistentLevel.BP_Q08_Sylvette_C_UAID_04D9F5F93AD5A16C02_aea6d6ea3b5e144a_2003270393',,31417.402,9302.589,1142.9131,
SceneComponent,BP_QIS_Reynauld07_C'map03_p_WP:PersistentLevel.BP_Q07_Interact01_C_UAID_04D9F5F93AD5AF6C02_7127332db5ae3901_1453700351',,4898.7646,7199.8115,-579.38135,
SceneComponent,BP_QIS_Reynauld07_C'map03_p_WP:PersistentLevel.LevelInstance_UAID_04D9F5F93AD5EA6C02_1182366448',,5753.114,3266.4294,-599.40283,
SceneComponent,BP_QIS_Reynauld07_C'map03_p_WP:PersistentLevel.LevelInstance_UAID_04D9F5F93AD5EA6C02_1242125451',,12114.867,3749.7366,-606.27423,
SceneComponent,BP_QIS_Reynauld07_C'map03_p_WP:PersistentLevel.LevelInstance_UAID_04D9F5F93AD5EA6C02_1273695453',,3798.6287,3963.9636,-592.53076,
SceneComponent,BP_QIS_Reynauld07_C'map03_p_WP:PersistentLevel.LevelInstance_UAID_04D9F5F93AD5EA6C02_1364742455',,13435.403,4495.826,-631.6051,
SceneComponent,BP_QIS_Reynauld07_C'map03_p_WP:PersistentLevel.LevelInstance_UAID_04D9F5F93AD5EA6C02_1464491457',,9444.889,3835.8215,-589.2058,
SceneComponent,BP_QIS_Reynauld_WQ04_C'map03_p_WP:PersistentLevel.BP_WQ04_BruteSpawner_C_UAID_D843AE1A93E5809B02_1516902804',,-8204.943,4948.557,-2507.4722,
SceneComponent,BP_QIS_Reynauld_WQ04_C'map03_p_WP:PersistentLevel.BP_WQ04_BruteSpawner_C_UAID_D843AE1A93E5809B02_1553699878',,-3325.683,3796.4854,-2489.703,
SceneComponent,BP_QIS_Reynauld_WQ04_C'map03_p_WP:PersistentLevel.BP_WQ04_BruteSpawner_C_UAID_D843AE1A93E5809B02_1580733991',,1170.3278,3840.6057,-2221.872,
SceneComponent,BP_QIS_Reynauld_WQ04_C'map03_p_WP:PersistentLevel.BP_WQ04_BruteSpawner_C_UAID_D843AE1A93E5809B02_1613566057',,9706.538,8162.6333,-1914.7163,
SceneComponent,BP_QIS_Reynauld_WQ04_C'map03_p_WP:PersistentLevel.BP_WQ04_BruteSpawner_C_UAID_D843AE1A93E5809B02_1642605116',,17763.824,2875.7183,-1855.5833,
SceneComponent,BP_RaidSpawn_C'map03_p_WP:PersistentLevel.BP_RaidSpawn_C_0',,31869.445,51315.08,-6111.028,
SceneComponent,BP_RaidSpawn_C'map03_p_WP:PersistentLevel.BP_RaidSpawn_C_1',,20023.096,53911.59,-3714.776,
SceneComponent,BP_RaidSpawn_C'map03_p_WP:PersistentLevel.BP_RaidSpawn_C_10',,-13120.095,45233.76,-2594.2734,
SceneComponent,BP_RaidSpawn_C'map03_p_WP:PersistentLevel.BP_RaidSpawn_C_11',,58637.535,25132.945,-5513.661,
SceneComponent,BP_RaidSpawn_C'map03_p_WP:PersistentLevel.BP_RaidSpawn_C_12',,70963.0,10882.473,-5522.9443,
SceneComponent,BP_RaidSpawn_C'map03_p_WP:PersistentLevel.BP_RaidSpawn_C_13',,58776.816,-6087.001,-5557.594,
SceneComponent,BP_RaidSpawn_C'map03_p_WP:PersistentLevel.BP_RaidSpawn_C_14',,-3983.9531,-14125.696,616.8501,
SceneComponent,BP_RaidSpawn_C'map03_p_WP:PersistentLevel.BP_RaidSpawn_C_2',,-5612.9624,55549.395,-4745.89,
SceneComponent,BP_RaidSpawn_C'map03_p_WP:PersistentLevel.BP_RaidSpawn_C_3',,-14799.048,35720.25,-1763.7886,
SceneComponent,BP_RaidSpawn_C'map03_p_WP:PersistentLevel.BP_RaidSpawn_C_4',,-19265.78,26867.332,-1438.7422,
SceneComponent,BP_RaidSpawn_C'map03_p_WP:PersistentLevel.BP_RaidSpawn_C_5',,-17597.746,5826.864,136.6251,
SceneComponent,BP_RaidSpawn_C'map03_p_WP:PersistentLevel.BP_RaidSpawn_C_6',,-13046.484,-4193.144,1719.0189,
SceneComponent,BP_RaidSpawn_C'map03_p_WP:PersistentLevel.BP_RaidSpawn_C_7',,25227.342,-18623.396,-2472.4236,
SceneComponent,BP_RaidSpawn_C'map03_p_WP:PersistentLevel.BP_RaidSpawn_C_8',,35092.402,-15358.15,-5344.0435,
SceneComponent,BP_RaidSpawn_C'map03_p_WP:PersistentLevel.BP_RaidSpawn_C_9',,45989.12,57759.332,-4107.449,
SceneComponent,BP_RaidSpawn_C'map03_p_WP:PersistentLevel.BP_RaidSpawn_C_UAID_04D9F5F93AD53E9402_1785473988',,67227.95,21739.227,-4437.696,
SceneComponent,BP_Ruins_Medium_01a_C'map03_p_WP:PersistentLevel.BP_Ruins_Medium_01a_C_0',,-109718.43,10395.306,-831.39166,
SceneComponent,BP_SPOI_C'map03_p_WP:PersistentLevel.UNP_BP_SPOI_039c8620f5ef8060_0',,-222.72151,-11930.833,426.2847,
SceneComponent,BP_SPOI_C'map03_p_WP:PersistentLevel.UNP_BP_SPOI_fea4b5c59189294b_0',,4061.0925,41838.703,-2994.2002,
SceneComponent,BP_SawmillReport_C'map03_p_WP:PersistentLevel.BP_SawmillReport_C_UAID_04D9F5F93AD5735A02_35267f9c3545d35c_1541742737',,57167.008,29526.67,-4737.472,
SceneComponent,BP_SignalHorn_M03_C'map03_p_WP:PersistentLevel.BP_SignalHorn_M03_C_UAID_04D9F5F93AD5B85B02_1148204739',,-7638.505,17888.602,511.75177,
SceneComponent,BP_SoundTrap_Corpse_Fem_C'map03_p_WP:PersistentLevel.BP_SoundTrap_Corpse_Fem_C_UAID_18C04DA8201B437902_b67ec8a3d8d2e891_1151872190',,-2625.993,39539.895,-3255.9763,
SceneComponent,BP_SoundTrap_Corpse_Fem_C'map03_p_WP:PersistentLevel.BP_SoundTrap_Corpse_Male_C_UAID_00FF8EFC2BEFD45502_08f1821ec36d4652_1076987282',,45276.64,21094.596,-1514.5406,
SceneComponent,BP_SoundTrap_Corpse_Fem_C'map03_p_WP:PersistentLevel.BP_SoundTrap_Corpse_Male_C_UAID_00FF8EFC2BEFD45502_1c2a6cdba880923c_1076987282',,23142.566,-4663.6074,-1371.7336,
SceneComponent,BP_SoundTrap_Corpse_Fem_C'map03_p_WP:PersistentLevel.BP_SoundTrap_Corpse_Male_C_UAID_00FF8EFC2BEFD45502_246194deecc0f216_1076987282',,58318.113,13238.855,-1078.308,
SceneComponent,BP_SoundTrap_Corpse_Fem_C'map03_p_WP:PersistentLevel.BP_SoundTrap_Corpse_Male_C_UAID_046874882494BF9102_6eba12598bb1f39f_1350762973',,41255.94,15895.377,-995.70056,
SceneComponent,BP_SoundTrap_Corpse_Fem_C'map03_p_WP:PersistentLevel.BP_SoundTrap_Corpse_Male_C_UAID_046874882494BF9102_6eba12598bb1f39f_1352116310',,40724.016,14995.832,1134.9418,
SceneComponent,BP_SoundTrap_Corpse_Fem_C'map03_p_WP:PersistentLevel.BP_SoundTrap_Corpse_Male_C_UAID_18C04DA8201B867902_7d841b13de30ebaf_1932594305',,-6942.3643,45419.16,-3036.611,
SceneComponent,BP_SoundTrap_Corpse_Fem_C'map03_p_WP:PersistentLevel.BP_SoundTrap_Corpse_Male_C_UAID_18C04DA8201B897902_7d841b13de30ebaf_1957753011',,-5393.418,39554.4,-3032.5708,
SceneComponent,BP_SoundTrap_Corpse_Fem_C'map03_p_WP:PersistentLevel.UNP_BP_SoundTrap_Corpse_Fem_UAID_046874882494118C02_2389606fe4e70095_1381458957',,25173.855,26577.729,-774.23444,
SceneComponent,BP_SoundTrap_Corpse_Fem_C'map03_p_WP:PersistentLevel.UNP_BP_SoundTrap_Corpse_Fem_UAID_046874882494118C02_2389606fe4e70095_1381887013',,16161.474,21312.736,-511.8169,
SceneComponent,BP_SoundTrap_Corpse_Fem_C'map03_p_WP:PersistentLevel.UNP_BP_SoundTrap_Corpse_Fem_UAID_046874882494169202_12e65868fd8f26ee_1866909980',,37589.645,14569.498,2049.947,
SceneComponent,BP_SoundTrap_Corpse_Fem_C'map03_p_WP:PersistentLevel.UNP_BP_SoundTrap_Corpse_Fem_UAID_0468748824941D8B02_2c07323eb2e99beb_1278008806',,35328.66,9364.64,1642.9348,
SceneComponent,BP_SoundTrap_Corpse_Fem_C'map03_p_WP:PersistentLevel.UNP_BP_SoundTrap_Corpse_Fem_c85329728f06dd80_0',,-14273.635,13834.722,624.70544,
SceneComponent,BP_SoundTrap_Corpse_Fem_Hung05a_C'map03_p_WP:PersistentLevel.BP_SoundTrap_Corpse_Fem_Hung05a_C_UAID_04D9F5F93AD5A93C02_29fb098085780a4e_1159232437',,20300.373,15650.004,-97.05339,
SceneComponent,BP_SoundTrap_Corpse_Fem_Hung05a_C'map03_p_WP:PersistentLevel.BP_SoundTrap_Corpse_Fem_Hung05a_C_UAID_04D9F5F93AD5DB3D02_91ce05da56308e53_1355538414',,12563.014,39122.918,-2247.9888,
SceneComponent,BP_SoundTrap_Corpse_Fem_Hung05a_C'map03_p_WP:PersistentLevel.BP_SoundTrap_Corpse_Fem_Hung05a_C_UAID_04D9F5F93AD5DC3202_20c886124a4a6cac_1858507815',,-1556.8208,11595.962,-111.97049,
SceneComponent,BP_SoundTrap_Corpse_Fem_Hung05a_C'map03_p_WP:PersistentLevel.UNP_BP_SoundTrap_Corpse_Fem_Hung05a_29a1b4c71511b535_0',,44686.164,43450.99,-5339.668,
SceneComponent,BP_SoundTrap_Corpse_Fem_Hung05a_C'map03_p_WP:PersistentLevel.UNP_BP_SoundTrap_Corpse_Fem_Hung05a_5039a3ad58c94e5b_0',,43432.117,25473.094,-2803.3184,
SceneComponent,BP_SoundTrap_Corpse_Fem_Hung05a_C'map03_p_WP:PersistentLevel.UNP_BP_SoundTrap_Corpse_Fem_Hung05a_9c34f29bae09b13e_0',,-1542.7776,4925.43,-646.94116,
SceneComponent,BP_SoundTrap_Corpse_Fem_Hung05a_C'map03_p_WP:PersistentLevel.UNP_BP_SoundTrap_Corpse_Fem_Hung05a_C_UAID_046874882494907E02_f6ac66adf17bf997_1315730612',,-19531.297,24655.098,-1530.8721,
SceneComponent,BP_SoundTrap_Corpse_Fem_Hung05a_C'map03_p_WP:PersistentLevel.UNP_BP_SoundTrap_Corpse_Fem_Hung05a_C_UAID_046874882494D77F02_46c6e786a3fd7089_1162516158',,23705.129,41576.332,-2461.3994,
SceneComponent,BP_SoundTrap_Corpse_Fem_Hung05a_C'map03_p_WP:PersistentLevel.UNP_BP_SoundTrap_Corpse_Fem_Hung05a_UAID_046874882494597E02_4f8bcf840b5012b1_1576819317',,-8652.771,19888.217,66.13439,
SceneComponent,BP_SoundTrap_Corpse_Fem_Hung05a_C'map03_p_WP:PersistentLevel.UNP_BP_SoundTrap_Corpse_Fem_Hung05a_UAID_046874882494597E02_4f8bcf840b5012b1_1642816395',,-6643.913,19202.123,54.00721,
SceneComponent,BP_SoundTrap_Corpse_Fem_Hung05a_C'map03_p_WP:PersistentLevel.UNP_BP_SoundTrap_Corpse_Fem_Hung05a_bacad867c9c5e889_0',,24183.127,650.3506,-1010.7753,
SceneComponent,BP_SoundTrap_Corpse_Male_C'map03_p_WP:PersistentLevel.BP_SoundTrap_Corpse_Male_C_UAID_00FF8EFC2BEF3F8902_a44c2e6e6faa7d77_1212548552',,59335.85,4728.915,-935.6418,
SceneComponent,BP_SoundTrap_Corpse_Male_C'map03_p_WP:PersistentLevel.UNP_NT_CorpseMale_Hanging_01_0894a4b7551bfdac_0',,3573.8806,27311.072,-882.90607,
SceneComponent,BP_SoundTrap_Corpse_Male_C'map03_p_WP:PersistentLevel.UNP_NT_CorpseMale_Hanging_01_08be49ae777b02d9_0',,-12266.259,-15793.133,1718.2283,
SceneComponent,BP_SoundTrap_Corpse_Male_C'map03_p_WP:PersistentLevel.UNP_NT_CorpseMale_Hanging_01_1146f3376378a2b5_0',,53743.344,16846.463,-2274.8027,
SceneComponent,BP_SoundTrap_Corpse_Male_C'map03_p_WP:PersistentLevel.UNP_NT_CorpseMale_Hanging_01_11fc3648b829698c_0',,2677.0757,19017.9,503.49872,
SceneComponent,BP_SoundTrap_Corpse_Male_C'map03_p_WP:PersistentLevel.UNP_NT_CorpseMale_Hanging_01_12a1f002c01538ba_0',,-5257.689,-18500.871,1718.1003,
SceneComponent,BP_SoundTrap_Corpse_Male_C'map03_p_WP:PersistentLevel.UNP_NT_CorpseMale_Hanging_01_1561a8731776018d_0',,-12530.203,2181.283,1770.5157,
SceneComponent,BP_SoundTrap_Corpse_Male_C'map03_p_WP:PersistentLevel.UNP_NT_CorpseMale_Hanging_01_1885bab0097135e4_0',,-20896.377,30979.943,535.5164,
SceneComponent,BP_SoundTrap_Corpse_Male_C'map03_p_WP:PersistentLevel.UNP_NT_CorpseMale_Hanging_01_1ac539276a1dfa67_0',,-6365.4453,-12460.343,1101.3384,
SceneComponent,BP_SoundTrap_Corpse_Male_C'map03_p_WP:PersistentLevel.UNP_NT_CorpseMale_Hanging_01_244e20c53f6fdd69_0',,11467.154,28167.762,-711.9306,
SceneComponent,BP_SoundTrap_Corpse_Male_C'map03_p_WP:PersistentLevel.UNP_NT_CorpseMale_Hanging_01_26db654f305f1d92_0',,56.875824,52168.523,-2790.224,
SceneComponent,BP_SoundTrap_Corpse_Male_C'map03_p_WP:PersistentLevel.UNP_NT_CorpseMale_Hanging_01_2798a497eeff3a9f_0',,-20578.371,38197.91,535.5164,
SceneComponent,BP_SoundTrap_Corpse_Male_C'map03_p_WP:PersistentLevel.UNP_NT_CorpseMale_Hanging_01_2ef0a1af000c2358_0',,-20280.297,18368.03,-906.69916,
SceneComponent,BP_SoundTrap_Corpse_Male_C'map03_p_WP:PersistentLevel.UNP_NT_CorpseMale_Hanging_01_3135b739fdcdd68b_0',,7801.6655,-17146.951,482.3816,
SceneComponent,BP_SoundTrap_Corpse_Male_C'map03_p_WP:PersistentLevel.UNP_NT_CorpseMale_Hanging_01_3ad39f653938bc41_0',,23476.557,29892.96,-1176.2913,
SceneComponent,BP_SoundTrap_Corpse_Male_C'map03_p_WP:PersistentLevel.UNP_NT_CorpseMale_Hanging_01_3c39fe0742cfc153_0',,28457.613,7394.858,1694.8318,
SceneComponent,BP_SoundTrap_Corpse_Male_C'map03_p_WP:PersistentLevel.UNP_NT_CorpseMale_Hanging_01_407a81d2c574939c_0',,54811.043,7197.239,-129.64705,
SceneComponent,BP_SoundTrap_Corpse_Male_C'map03_p_WP:PersistentLevel.UNP_NT_CorpseMale_Hanging_01_419337242b61f3a7_0',,23660.893,-17985.803,-1560.6183,
SceneComponent,BP_SoundTrap_Corpse_Male_C'map03_p_WP:PersistentLevel.UNP_NT_CorpseMale_Hanging_01_43ada4b51533062c_0',,142.8889,602.15375,-93.55583,
SceneComponent,BP_SoundTrap_Corpse_Male_C'map03_p_WP:PersistentLevel.UNP_NT_CorpseMale_Hanging_01_5d85f5a092c91210_0',,9753.202,-17307.96,464.20895,
SceneComponent,BP_SoundTrap_Corpse_Male_C'map03_p_WP:PersistentLevel.UNP_NT_CorpseMale_Hanging_01_5f727d84eda2cf62_0',,-5623.7485,-8201.129,936.69946,
SceneComponent,BP_SoundTrap_Corpse_Male_C'map03_p_WP:PersistentLevel.UNP_NT_CorpseMale_Hanging_01_63af1096b7378570_0',,9695.398,-11361.613,381.66278,
SceneComponent,BP_SoundTrap_Corpse_Male_C'map03_p_WP:PersistentLevel.UNP_NT_CorpseMale_Hanging_01_6faa4e55037b1ff8_0',,-9650.322,-21263.396,1209.6652,
SceneComponent,BP_SoundTrap_Corpse_Male_C'map03_p_WP:PersistentLevel.UNP_NT_CorpseMale_Hanging_01_7a32076158876815_0',,11399.633,-15677.902,341.7326,
SceneComponent,BP_SoundTrap_Corpse_Male_C'map03_p_WP:PersistentLevel.UNP_NT_CorpseMale_Hanging_01_7a61cc8c21434164_0',,-21634.82,26397.03,-667.8148,
SceneComponent,BP_SoundTrap_Corpse_Male_C'map03_p_WP:PersistentLevel.UNP_NT_CorpseMale_Hanging_01_7c42150e991da5a5_0',,13630.213,-18240.746,488.07266,
SceneComponent,BP_SoundTrap_Corpse_Male_C'map03_p_WP:PersistentLevel.UNP_NT_CorpseMale_Hanging_01_7e7e4c0dd0948b82_0',,-8259.35,9262.731,216.95766,
SceneComponent,BP_SoundTrap_Corpse_Male_C'map03_p_WP:PersistentLevel.UNP_NT_CorpseMale_Hanging_01_8304a667a6ba9a75_0',,27884.066,-14570.506,-1999.5052,
SceneComponent,BP_SoundTrap_Corpse_Male_C'map03_p_WP:PersistentLevel.UNP_NT_CorpseMale_Hanging_01_859aa18503f5926a_0',,2138.196,27352.297,-929.23224,
SceneComponent,BP_SoundTrap_Corpse_Male_C'map03_p_WP:PersistentLevel.UNP_NT_CorpseMale_Hanging_01_8f95974c80e89842_0',,-18955.059,40979.973,604.7366,
SceneComponent,BP_SoundTrap_Corpse_Male_C'map03_p_WP:PersistentLevel.UNP_NT_CorpseMale_Hanging_01_958a95dc3142bbf2_0',,-19209.629,31176.12,535.5164,
SceneComponent,BP_SoundTrap_Corpse_Male_C'map03_p_WP:PersistentLevel.UNP_NT_CorpseMale_Hanging_01_9fbde8b6c23b8361_0',,-22533.402,27990.582,-667.8148,
SceneComponent,BP_SoundTrap_Corpse_Male_C'map03_p_WP:PersistentLevel.UNP_NT_CorpseMale_Hanging_01_a8ec247345d9e686_0',,-10086.936,-18774.453,1280.729,
SceneComponent,BP_SoundTrap_Corpse_Male_C'map03_p_WP:PersistentLevel.UNP_NT_CorpseMale_Hanging_01_ab076ee457c9a808_0',,6417.9673,-14593.316,393.0478,
SceneComponent,BP_SoundTrap_Corpse_Male_C'map03_p_WP:PersistentLevel.UNP_NT_CorpseMale_Hanging_01_ac90aaa5c5cda036_0',,5992.3877,51614.266,-2696.9265,
SceneComponent,BP_SoundTrap_Corpse_Male_C'map03_p_WP:PersistentLevel.UNP_NT_CorpseMale_Hanging_01_afd1df9a18b1e1e8_0',,-191.54828,46218.723,-2173.6235,
SceneComponent,BP_SoundTrap_Corpse_Male_C'map03_p_WP:PersistentLevel.UNP_NT_CorpseMale_Hanging_01_b569bc5d5e83e6b0_0',,-17718.28,26030.754,-936.06683,
SceneComponent,BP_SoundTrap_Corpse_Male_C'map03_p_WP:PersistentLevel.UNP_NT_CorpseMale_Hanging_01_b70318fddf00217d_0',,-11611.331,-21789.547,1303.6556,
SceneComponent,BP_SoundTrap_Corpse_Male_C'map03_p_WP:PersistentLevel.UNP_NT_CorpseMale_Hanging_01_b742af10fe7ecf85_0',,55166.785,17752.607,-2199.1304,
SceneComponent,BP_SoundTrap_Corpse_Male_C'map03_p_WP:PersistentLevel.UNP_NT_CorpseMale_Hanging_01_b8e213fe35498db6_0',,15849.631,-18142.781,494.85556,
SceneComponent,BP_SoundTrap_Corpse_Male_C'map03_p_WP:PersistentLevel.UNP_NT_CorpseMale_Hanging_01_bf20ee70d86c992d_0',,1150.5591,-12750.012,1141.647,
SceneComponent,BP_SoundTrap_Corpse_Male_C'map03_p_WP:PersistentLevel.UNP_NT_CorpseMale_Hanging_01_bf56834ec61d6aff_0',,17788.912,-18155.797,539.4578,
SceneComponent,BP_SoundTrap_Corpse_Male_C'map03_p_WP:PersistentLevel.UNP_NT_CorpseMale_Hanging_01_c7ff2d5126f42aa9_0',,-5509.872,12444.435,403.83453,
SceneComponent,BP_SoundTrap_Corpse_Male_C'map03_p_WP:PersistentLevel.UNP_NT_CorpseMale_Hanging_01_caa3dcf4e84c752e_0',,13109.938,9687.533,-110.863045,
SceneComponent,BP_SoundTrap_Corpse_Male_C'map03_p_WP:PersistentLevel.UNP_NT_CorpseMale_Hanging_01_d1d65ebd8a0473fc_0',,-14088.43,28074.605,-1024.3118,
SceneComponent,BP_SoundTrap_Corpse_Male_C'map03_p_WP:PersistentLevel.UNP_NT_CorpseMale_Hanging_01_db805b1cc86bab89_0',,3088.3623,5284.757,-90.424355,
SceneComponent,BP_SoundTrap_Corpse_Male_C'map03_p_WP:PersistentLevel.UNP_NT_CorpseMale_Hanging_01_e5310b1f786287b9_0',,-2893.4404,49961.734,-2341.2483,
SceneComponent,BP_SoundTrap_Corpse_Male_C'map03_p_WP:PersistentLevel.UNP_NT_CorpseMale_Hanging_01_e6784b6f4bf9ff8e_0',,11295.945,-5950.621,430.55453,
SceneComponent,BP_SoundTrap_Corpse_Male_C'map03_p_WP:PersistentLevel.UNP_NT_CorpseMale_Hanging_01_ea7ffb5fbbaf7525_0',,-8562.626,-17918.207,1296.6624,
SceneComponent,BP_SoundTrap_Corpse_Male_C'map03_p_WP:PersistentLevel.UNP_NT_CorpseMale_Hanging_01_eb3f6aef83b41fcf_0',,-2953.3003,16076.869,492.79187,
SceneComponent,BP_SoundTrap_Corpse_Male_C'map03_p_WP:PersistentLevel.UNP_NT_CorpseMale_Hanging_01_f45a0dc9ca613635_0',,-18543.729,32883.72,605.0,
SceneComponent,BP_SoundTrap_Corpse_Male_C'map03_p_WP:PersistentLevel.UNP_NT_CorpseMale_Hanging_01_fccd5bcfe259a2d4_0',,-20603.203,36338.508,535.5164,
SceneComponent,BP_SoundTrap_Crow_C'map03_p_WP:PersistentLevel.BP_SoundTrap_Crow_C_UAID_00FF8EFC2BEF5A8D02_1293194986',,24671.71,53717.53,-5717.1133,
SceneComponent,BP_SoundTrap_Crow_C'map03_p_WP:PersistentLevel.BP_SoundTrap_Crow_C_UAID_00FF8EFC2BEF5A8D02_1298561987',,24880.012,53664.7,-5835.7515,
SceneComponent,BP_SoundTrap_Crow_C'map03_p_WP:PersistentLevel.BP_SoundTrap_Crow_C_UAID_00FF8EFC2BEF5A8D02_1316587988',,24093.098,54001.0,-5484.2246,
SceneComponent,BP_SoundTrap_Crow_C'map03_p_WP:PersistentLevel.BP_SoundTrap_Crow_C_UAID_00FF8EFC2BEF5A8D02_1325863989',,24176.238,53968.08,-5514.113,
SceneComponent,BP_SoundTrap_Crow_C'map03_p_WP:PersistentLevel.BP_SoundTrap_Crow_C_UAID_00FF8EFC2BEF5A8D02_1343506990',,22692.223,54880.5,-5662.6206,
SceneComponent,BP_SoundTrap_Crow_C'map03_p_WP:PersistentLevel.BP_SoundTrap_Crow_C_UAID_00FF8EFC2BEFD1E202_1193906182',,45539.863,17036.46,-901.2086,
SceneComponent,BP_SoundTrap_Crow_C'map03_p_WP:PersistentLevel.BP_SoundTrap_Crow_C_UAID_00FF8EFC2BEFD1E202_1223931183',,45193.875,17160.742,-797.2202,
SceneComponent,BP_SoundTrap_Crow_C'map03_p_WP:PersistentLevel.BP_SoundTrap_Crow_C_UAID_00FF8EFC2BEFD1E202_1241482184',,46645.723,16947.629,-706.0973,
SceneComponent,BP_SoundTrap_Crow_C'map03_p_WP:PersistentLevel.BP_SoundTrap_Crow_C_UAID_00FF8EFC2BEFD1E202_1283899186',,48001.473,15676.584,-472.54242,
SceneComponent,BP_SoundTrap_Crow_C'map03_p_WP:PersistentLevel.BP_SoundTrap_Crow_C_UAID_00FF8EFC2BEFD1E202_1297003187',,46573.99,16913.94,-712.6793,
SceneComponent,BP_SoundTrap_Crow_C'map03_p_WP:PersistentLevel.BP_SoundTrap_Crow_C_UAID_00FF8EFC2BEFD3E202_1985950941',,46863.258,16662.691,-849.3674,
SceneComponent,BP_SoundTrap_Crow_C'map03_p_WP:PersistentLevel.BP_SoundTrap_Crow_C_UAID_00FF8EFC2BEFD3E202_1995942942',,45503.664,16898.236,-772.48645,
SceneComponent,BP_SoundTrap_Crow_C'map03_p_WP:PersistentLevel.BP_SoundTrap_Crow_C_UAID_00FF8EFC2BEFE0E202_1340756202',,31111.803,21233.688,-1379.7041,
SceneComponent,BP_SoundTrap_Crow_C'map03_p_WP:PersistentLevel.BP_SoundTrap_Crow_C_UAID_00FF8EFC2BEFE0E202_1353539203',,31231.018,21345.8,-1371.7749,
SceneComponent,BP_SoundTrap_Crow_C'map03_p_WP:PersistentLevel.BP_SoundTrap_Crow_C_UAID_00FF8EFC2BEFE0E202_1362485204',,31586.55,21574.578,-1341.4054,
SceneComponent,BP_SoundTrap_Crow_C'map03_p_WP:PersistentLevel.BP_SoundTrap_Crow_C_UAID_00FF8EFC2BEFE0E202_1376953205',,30280.857,20449.545,-1304.3162,
SceneComponent,BP_SoundTrap_Crow_C'map03_p_WP:PersistentLevel.BP_SoundTrap_Crow_C_UAID_00FF8EFC2BEFE0E202_1383645206',,30082.717,20315.451,-1303.7426,
SceneComponent,BP_SoundTrap_Crow_C'map03_p_WP:PersistentLevel.BP_SoundTrap_Crow_C_UAID_00FF8EFC2BEFE0E202_1392020207',,30055.441,20303.197,-1306.9637,
SceneComponent,BP_SoundTrap_Crow_C'map03_p_WP:PersistentLevel.BP_SoundTrap_Crow_C_UAID_00FF8EFC2BEFE0E202_1402134208',,30690.012,20824.135,-1560.5753,
SceneComponent,BP_SoundTrap_Crow_C'map03_p_WP:PersistentLevel.BP_SoundTrap_Crow_C_UAID_00FF8EFC2BEFE0E202_1412058209',,30948.615,20939.28,-1431.8688,
SceneComponent,BP_SoundTrap_Crow_C'map03_p_WP:PersistentLevel.BP_SoundTrap_Crow_C_UAID_046874882494AD8D02_e866662526208594_1993926592',,39018.6,48628.65,-3484.4546,
SceneComponent,BP_SoundTrap_Crow_C'map03_p_WP:PersistentLevel.UNP_BP_SoundTrap_Crow1_0a920fb21e69c5bc_1',,47719.32,30196.53,-4220.27,
SceneComponent,BP_SoundTrap_Crow_C'map03_p_WP:PersistentLevel.UNP_BP_SoundTrap_Crow1_UAID_046874882494118C02_2389606fe4e70095_1342237562',,20522.326,24897.354,-884.50024,
SceneComponent,BP_SoundTrap_Crow_C'map03_p_WP:PersistentLevel.UNP_BP_SoundTrap_Crow1_UAID_0468748824942F8002_4f8bcf840b5012b1_1274665370',,-7099.1143,17398.283,144.18628,
SceneComponent,BP_SoundTrap_Crow_C'map03_p_WP:PersistentLevel.UNP_BP_SoundTrap_Crow1_UAID_046874882494977D02_c01302f103af8f1c_1269204605',,42246.223,32755.537,-2723.425,
SceneComponent,BP_SoundTrap_Crow_C'map03_p_WP:PersistentLevel.UNP_BP_SoundTrap_Crow2_0a920fb21e69c5bc_2',,47794.977,29620.611,-4242.6406,
SceneComponent,BP_SoundTrap_Crow_C'map03_p_WP:PersistentLevel.UNP_BP_SoundTrap_Crow2_UAID_046874882494118C02_2389606fe4e70095_1342237563',,20033.967,24583.434,-913.895,
SceneComponent,BP_SoundTrap_Crow_C'map03_p_WP:PersistentLevel.UNP_BP_SoundTrap_Crow2_UAID_0468748824942F8002_4f8bcf840b5012b1_1274668371',,-7665.7515,17273.303,109.42481,
SceneComponent,BP_SoundTrap_Crow_C'map03_p_WP:PersistentLevel.UNP_BP_SoundTrap_Crow2_UAID_046874882494977D02_c01302f103af8f1c_1269207606',,42825.797,32716.81,-2745.7954,
SceneComponent,BP_SoundTrap_Crow_C'map03_p_WP:PersistentLevel.UNP_BP_SoundTrap_Crow3_0a920fb21e69c5bc_3',,47819.867,29546.057,-4219.615,
SceneComponent,BP_SoundTrap_Crow_C'map03_p_WP:PersistentLevel.UNP_BP_SoundTrap_Crow3_UAID_046874882494118C02_2389606fe4e70095_1342232559',,19976.367,24529.783,-891.26355,
SceneComponent,BP_SoundTrap_Crow_C'map03_p_WP:PersistentLevel.UNP_BP_SoundTrap_Crow3_UAID_0468748824942F8002_4f8bcf840b5012b1_1274654367',,-7737.9663,17240.521,129.88268,
SceneComponent,BP_SoundTrap_Crow_C'map03_p_WP:PersistentLevel.UNP_BP_SoundTrap_Crow3_UAID_046874882494977D02_c01302f103af8f1c_1269194602',,42903.78,32726.6,-2722.7705,
SceneComponent,BP_SoundTrap_Crow_C'map03_p_WP:PersistentLevel.UNP_BP_SoundTrap_Crow4_0a920fb21e69c5bc_4',,47849.336,29496.404,-4226.4546,
SceneComponent,BP_SoundTrap_Crow_C'map03_p_WP:PersistentLevel.UNP_BP_SoundTrap_Crow4_UAID_046874882494118C02_2389606fe4e70095_1342235561',,19944.154,24481.836,-897.8898,
SceneComponent,BP_SoundTrap_Crow_C'map03_p_WP:PersistentLevel.UNP_BP_SoundTrap_Crow4_UAID_0468748824942F8002_4f8bcf840b5012b1_1274662369',,-7784.725,17207.236,120.596825,
SceneComponent,BP_SoundTrap_Crow_C'map03_p_WP:PersistentLevel.UNP_BP_SoundTrap_Crow4_UAID_046874882494977D02_c01302f103af8f1c_1269200604',,42958.25,32745.762,-2729.6094,
SceneComponent,BP_SoundTrap_Crow_C'map03_p_WP:PersistentLevel.UNP_BP_SoundTrap_Crow_0a920fb21e69c5bc_0',,47767.793,30308.422,-4223.5312,
SceneComponent,BP_SoundTrap_Crow_C'map03_p_WP:PersistentLevel.UNP_BP_SoundTrap_Crow_UAID_046874882494118C02_2389606fe4e70095_1342234560',,20644.258,24900.998,-884.1485,
SceneComponent,BP_SoundTrap_Crow_C'map03_p_WP:PersistentLevel.UNP_BP_SoundTrap_Crow_UAID_0468748824942F8002_4f8bcf840b5012b1_1274659368',,-6983.31,17360.229,139.52551,
SceneComponent,BP_SoundTrap_Crow_C'map03_p_WP:PersistentLevel.UNP_BP_SoundTrap_Crow_UAID_046874882494977D02_c01302f103af8f1c_1269197603',,42146.004,32825.01,-2726.6863,
SceneComponent,BP_SoundTrap_Crow_Group_01a_C'map03_p_WP:PersistentLevel.DNU_SoundTrap_Crow_Group_01a_C_UAID_046874882494928402_29fb098085780a4e_1956894569',,22979.023,16934.545,160.52045,
SceneComponent,BP_SoundTrap_Crow_Group_01a_C'map03_p_WP:PersistentLevel.UNP_BP_SoundTrap_Crow_Group_01a_UAID_046874882494907E02_f6ac66adf17bf997_1355313783',,-18835.924,21337.377,-1494.3628,
SceneComponent,BP_SoundTrap_Crow_Group_01a_C'map03_p_WP:PersistentLevel.UNP_BP_SoundTrap_Crow_Group_01a_UAID_046874882494907E02_f6ac66adf17bf997_1355880821',,-18331.145,21949.78,-1494.3628,
SceneComponent,BP_SoundTrap_Crow_Line_01a_C'map03_p_WP:PersistentLevel.UNP_BP_SoundTrap_Crow_Group_0e11671aba4149ed_0',,-559.0423,21649.176,-4.5446215,
SceneComponent,BP_SoundTrap_Crow_Line_01a_C'map03_p_WP:PersistentLevel.UNP_BP_SoundTrap_Crow_Group_1c6c96231a0d6fcc_0',,8341.331,13303.5,107.46522,
SceneComponent,BP_SoundTrap_Crow_Line_01a_C'map03_p_WP:PersistentLevel.UNP_BP_SoundTrap_Crow_Group_1e8938903aab7f84_0',,30481.139,25256.35,-1788.137,
SceneComponent,BP_SoundTrap_Crow_Line_01a_C'map03_p_WP:PersistentLevel.UNP_BP_SoundTrap_Crow_Group_23fb81a63ddc28f3_0',,51211.82,29759.525,-4666.39,
SceneComponent,BP_SoundTrap_Crow_Line_01a_C'map03_p_WP:PersistentLevel.UNP_BP_SoundTrap_Crow_Group_2f63e42062b2d7bb_0',,3929.2593,21864.938,-47.489536,
SceneComponent,BP_SoundTrap_Crow_Line_01a_C'map03_p_WP:PersistentLevel.UNP_BP_SoundTrap_Crow_Group_320c17913e438a5b_0',,42885.285,43746.734,-4991.276,
SceneComponent,BP_SoundTrap_Crow_Line_01a_C'map03_p_WP:PersistentLevel.UNP_BP_SoundTrap_Crow_Group_349fc21aac453220_0',,56004.363,24154.027,-4894.947,
SceneComponent,BP_SoundTrap_Crow_Line_01a_C'map03_p_WP:PersistentLevel.UNP_BP_SoundTrap_Crow_Group_39b35c7bdfce31f3_0',,3025.2544,10659.705,25.24836,
SceneComponent,BP_SoundTrap_Crow_Line_01a_C'map03_p_WP:PersistentLevel.UNP_BP_SoundTrap_Crow_Group_41a0eced7cba3bb9_0',,53137.1,24682.846,-4847.9995,
SceneComponent,BP_SoundTrap_Crow_Line_01a_C'map03_p_WP:PersistentLevel.UNP_BP_SoundTrap_Crow_Group_41bb02367f810541_0',,46665.51,33930.773,-2987.8162,
SceneComponent,BP_SoundTrap_Crow_Line_01a_C'map03_p_WP:PersistentLevel.UNP_BP_SoundTrap_Crow_Group_45b31efba6894815_0',,45693.645,31475.957,-3108.8584,
SceneComponent,BP_SoundTrap_Crow_Line_01a_C'map03_p_WP:PersistentLevel.UNP_BP_SoundTrap_Crow_Group_4a3134f02ee3373d_0',,475.6795,40878.14,-2493.2012,
SceneComponent,BP_SoundTrap_Crow_Line_01a_C'map03_p_WP:PersistentLevel.UNP_BP_SoundTrap_Crow_Group_4e88f428efb5af14_0',,52319.58,26835.908,-4813.012,
SceneComponent,BP_SoundTrap_Crow_Line_01a_C'map03_p_WP:PersistentLevel.UNP_BP_SoundTrap_Crow_Group_5475fbfcda31740c_0',,1428.6957,22627.262,-116.31714,
SceneComponent,BP_SoundTrap_Crow_Line_01a_C'map03_p_WP:PersistentLevel.UNP_BP_SoundTrap_Crow_Group_6371e507bb8e6de4_0',,-3084.8003,20567.057,109.10793,
SceneComponent,BP_SoundTrap_Crow_Line_01a_C'map03_p_WP:PersistentLevel.UNP_BP_SoundTrap_Crow_Group_65609cd8ea8c534c_0',,-2409.6562,6976.7354,-274.96964,
SceneComponent,BP_SoundTrap_Crow_Line_01a_C'map03_p_WP:PersistentLevel.UNP_BP_SoundTrap_Crow_Group_65dc2ce00c80d7ac_0',,4047.8335,17531.932,212.95593,
SceneComponent,BP_SoundTrap_Crow_Line_01a_C'map03_p_WP:PersistentLevel.UNP_BP_SoundTrap_Crow_Group_6671a53a8df94fa4_0',,-15822.492,21337.38,-1231.1226,
SceneComponent,BP_SoundTrap_Crow_Line_01a_C'map03_p_WP:PersistentLevel.UNP_BP_SoundTrap_Crow_Group_6a0943f00de6807a_0',,48182.402,41004.58,-4981.1665,
SceneComponent,BP_SoundTrap_Crow_Line_01a_C'map03_p_WP:PersistentLevel.UNP_BP_SoundTrap_Crow_Group_778d6b8505fefabc_0',,1917.9714,45123.78,-2625.387,
SceneComponent,BP_SoundTrap_Crow_Line_01a_C'map03_p_WP:PersistentLevel.UNP_BP_SoundTrap_Crow_Group_7ae454b5ee900472_0',,50226.8,27804.016,-4582.3667,
SceneComponent,BP_SoundTrap_Crow_Line_01a_C'map03_p_WP:PersistentLevel.UNP_BP_SoundTrap_Crow_Group_83ad3bf228d3f4d3_0',,4634.474,15923.38,188.134,
SceneComponent,BP_SoundTrap_Crow_Line_01a_C'map03_p_WP:PersistentLevel.UNP_BP_SoundTrap_Crow_Group_8484dee19b4cd6fd_0',,49244.273,34124.68,-4301.0396,
SceneComponent,BP_SoundTrap_Crow_Line_01a_C'map03_p_WP:PersistentLevel.UNP_BP_SoundTrap_Crow_Group_8f24a6a81aba01e4_0',,11322.128,12681.583,-66.49077,
SceneComponent,BP_SoundTrap_Crow_Line_01a_C'map03_p_WP:PersistentLevel.UNP_BP_SoundTrap_Crow_Group_921ef0f1325455de_0',,8112.275,14459.588,404.46127,
SceneComponent,BP_SoundTrap_Crow_Line_01a_C'map03_p_WP:PersistentLevel.UNP_BP_SoundTrap_Crow_Group_9bdf1dcba4ccbe1b_0',,39798.125,-1744.618,-1212.4456,
SceneComponent,BP_SoundTrap_Crow_Line_01a_C'map03_p_WP:PersistentLevel.UNP_BP_SoundTrap_Crow_Group_UAID_046874882494118C02_2389606fe4e70095_1333237419',,22219.055,23937.121,-553.52094,
SceneComponent,BP_SoundTrap_Crow_Line_01a_C'map03_p_WP:PersistentLevel.UNP_BP_SoundTrap_Crow_Group_UAID_046874882494118C02_2389606fe4e70095_1333534513',,21233.2,24952.564,-688.8657,
SceneComponent,BP_SoundTrap_Crow_Line_01a_C'map03_p_WP:PersistentLevel.UNP_BP_SoundTrap_Crow_Group_UAID_046874882494118C02_2389606fe4e70095_1334265711',,25322.621,22150.756,-540.43225,
SceneComponent,BP_SoundTrap_Crow_Line_01a_C'map03_p_WP:PersistentLevel.UNP_BP_SoundTrap_Crow_Group_UAID_046874882494118C02_2389606fe4e70095_1335450048',,27208.693,25570.207,-1208.4005,
SceneComponent,BP_SoundTrap_Crow_Line_01a_C'map03_p_WP:PersistentLevel.UNP_BP_SoundTrap_Crow_Group_UAID_046874882494118C02_2389606fe4e70095_1370866249',,23065.164,24327.574,-877.509,
SceneComponent,BP_SoundTrap_Crow_Line_01a_C'map03_p_WP:PersistentLevel.UNP_BP_SoundTrap_Crow_Group_UAID_046874882494238002_20c886124a4a6cac_1618754100',,466.69235,12739.759,411.77686,
SceneComponent,BP_SoundTrap_Crow_Line_01a_C'map03_p_WP:PersistentLevel.UNP_BP_SoundTrap_Crow_Group_UAID_046874882494238002_20c886124a4a6cac_1618834119',,-1117.2786,14842.312,101.00474,
SceneComponent,BP_SoundTrap_Crow_Line_01a_C'map03_p_WP:PersistentLevel.UNP_BP_SoundTrap_Crow_Group_UAID_0468748824944A8902_35267f9c3545d35c_1907037699',,54087.09,30006.4,-5221.3965,
SceneComponent,BP_SoundTrap_Crow_Line_01a_C'map03_p_WP:PersistentLevel.UNP_BP_SoundTrap_Crow_Group_UAID_046874882494759C02_35267f9c3545d35c_1187674151',,55825.71,28918.797,-4574.146,
SceneComponent,BP_SoundTrap_Crow_Line_01a_C'map03_p_WP:PersistentLevel.UNP_BP_SoundTrap_Crow_Group_UAID_046874882494938402_29fb098085780a4e_1503471480',,31258.586,18459.521,401.394,
SceneComponent,BP_SoundTrap_Crow_Line_01a_C'map03_p_WP:PersistentLevel.UNP_BP_SoundTrap_Crow_Group_UAID_046874882494BB8602_92f9112ff1518191_1708169559',,41173.965,-9534.017,-3394.5925,
SceneComponent,BP_SoundTrap_Crow_Line_01a_C'map03_p_WP:PersistentLevel.UNP_BP_SoundTrap_Crow_Group_UAID_046874882494BB8602_92f9112ff1518191_1730814941',,38813.773,-8604.714,-3628.6199,
SceneComponent,BP_SoundTrap_Crow_Line_01a_C'map03_p_WP:PersistentLevel.UNP_BP_SoundTrap_Crow_Group_UAID_18C04DA8201B897902_7d841b13de30ebaf_2109837019',,-7984.5938,36157.45,-2088.6409,
SceneComponent,BP_SoundTrap_Crow_Line_01a_C'map03_p_WP:PersistentLevel.UNP_BP_SoundTrap_Crow_Group_UAID_18C04DA8201BEF7202_91ce05da56308e53_1825872924',,9721.341,46603.645,-2511.5945,
SceneComponent,BP_SoundTrap_Crow_Line_01a_C'map03_p_WP:PersistentLevel.UNP_BP_SoundTrap_Crow_Group_UAID_581CF8B72315DE6302_91ce05da56308e53_1308104657',,13864.389,40653.883,-2156.444,
SceneComponent,BP_SoundTrap_Crow_Line_01a_C'map03_p_WP:PersistentLevel.UNP_BP_SoundTrap_Crow_Group_a101d35d8aba0e41_0',,52225.176,30693.867,-4834.168,
SceneComponent,BP_SoundTrap_Crow_Line_01a_C'map03_p_WP:PersistentLevel.UNP_BP_SoundTrap_Crow_Group_a347c4276a757b3e_0',,42677.16,28649.943,-2768.2197,
SceneComponent,BP_SoundTrap_Crow_Line_01a_C'map03_p_WP:PersistentLevel.UNP_BP_SoundTrap_Crow_Group_a372773c3329b421_0',,47014.824,38801.04,-5002.49,
SceneComponent,BP_SoundTrap_Crow_Line_01a_C'map03_p_WP:PersistentLevel.UNP_BP_SoundTrap_Crow_Group_a907f7e08bcc7144_0',,12444.733,13000.84,-75.493164,
SceneComponent,BP_SoundTrap_Crow_Line_01a_C'map03_p_WP:PersistentLevel.UNP_BP_SoundTrap_Crow_Group_b0c98e3af57991af_0',,50457.746,22964.162,-4119.675,
SceneComponent,BP_SoundTrap_Crow_Line_01a_C'map03_p_WP:PersistentLevel.UNP_BP_SoundTrap_Crow_Group_b596651595a3de6d_0',,46570.984,18446.867,-1950.913,
SceneComponent,BP_SoundTrap_Crow_Line_01a_C'map03_p_WP:PersistentLevel.UNP_BP_SoundTrap_Crow_Group_b7dfeb3666986412_0',,32184.666,27277.129,-2127.8347,
SceneComponent,BP_SoundTrap_Crow_Line_01a_C'map03_p_WP:PersistentLevel.UNP_BP_SoundTrap_Crow_Group_bbcfa35503839d35_0',,33095.914,4868.42,884.9131,
SceneComponent,BP_SoundTrap_Crow_Line_01a_C'map03_p_WP:PersistentLevel.UNP_BP_SoundTrap_Crow_Group_cde4da2cbb4f0a09_0',,44512.152,56470.383,-3886.978,
SceneComponent,BP_SoundTrap_Crow_Line_01a_C'map03_p_WP:PersistentLevel.UNP_BP_SoundTrap_Crow_Group_d0d40f2cdc606e35_0',,11100.766,14330.689,148.59943,
SceneComponent,BP_SoundTrap_Crow_Line_01a_C'map03_p_WP:PersistentLevel.UNP_BP_SoundTrap_Crow_Group_d4e1ed7202705c6c_0',,-4745.656,7386.02,-179.5546,
SceneComponent,BP_SoundTrap_Crow_Line_01a_C'map03_p_WP:PersistentLevel.UNP_BP_SoundTrap_Crow_Group_dd5982801d8a857a_0',,32956.957,35252.484,-2924.9636,
SceneComponent,BP_SoundTrap_Crow_Line_01a_C'map03_p_WP:PersistentLevel.UNP_BP_SoundTrap_Crow_Group_deb68d4bd4295415_0',,8617.122,18247.709,206.68156,
SceneComponent,BP_SoundTrap_Crow_Line_01a_C'map03_p_WP:PersistentLevel.UNP_BP_SoundTrap_Crow_Group_e915950daa8e8663_0',,8513.957,50350.465,-3544.2908,
SceneComponent,BP_SoundTrap_Crow_Line_01a_C'map03_p_WP:PersistentLevel.UNP_BP_SoundTrap_Crow_Group_edc52b1227c59d46_0',,41897.766,28815.623,-2773.7788,
SceneComponent,BP_SoundTrap_Crow_Line_01a_C'map03_p_WP:PersistentLevel.UNP_BP_SoundTrap_Crow_Group_ee517047c9f77099_0',,-4470.6963,10287.48,68.662636,
SceneComponent,BP_SoundTrap_Crow_Line_01a_C'map03_p_WP:PersistentLevel.UNP_BP_SoundTrap_Crow_Group_ee7c747a40935d6e_0',,42102.566,27253.936,-2789.5198,
SceneComponent,BP_SoundTrap_Crow_Line_01a_C'map03_p_WP:PersistentLevel.UNP_BP_SoundTrap_Crow_Group_f56ee197333f9d6b_0',,-9106.896,15417.997,81.11269,
SceneComponent,BP_SoundTrap_Crow_Line_01a_C'map03_p_WP:PersistentLevel.UNP_BP_SoundTrap_Crow_Line_01a_30fa77cbf391bfc5_0',,-109514.42,14529.723,-416.38535,
SceneComponent,BP_SoundTrap_Crow_Line_01a_C'map03_p_WP:PersistentLevel.UNP_BP_SoundTrap_Crow_Line_01a_UAID_0468748824941D8B02_2c07323eb2e99beb_1278505820',,30127.492,8530.616,1469.489,
SceneComponent,BP_SoundTrap_Crow_Line_01a_C'map03_p_WP:PersistentLevel.UNP_BP_SoundTrap_Crow_Line_01a_UAID_046874882494977D02_c01302f103af8f1c_1270685784',,42479.785,31975.193,-2548.1475,
SceneComponent,BP_SoundTrap_Ground_Glass_C'map03_p_WP:PersistentLevel.BP_SoundTrap_Ground_Glass_C_UAID_00FF8EFC2BEF3F8902_a44c2e6e6faa7d77_2134940631',,59666.01,4561.937,-1955.6069,
SceneComponent,BP_SoundTrap_Ground_Glass_C'map03_p_WP:PersistentLevel.BP_SoundTrap_Ground_Glass_C_UAID_046874882494928402_29fb098085780a4e_1956303517',,29689.75,18298.562,171.16542,
SceneComponent,BP_SoundTrap_Ground_Glass_C'map03_p_WP:PersistentLevel.BP_SoundTrap_Ground_Glass_C_UAID_046874882494928402_29fb098085780a4e_1956306518',,29466.902,18978.906,169.99472,
SceneComponent,BP_SoundTrap_Ground_Glass_C'map03_p_WP:PersistentLevel.BP_SoundTrap_Ground_Glass_C_UAID_046874882494928402_29fb098085780a4e_1956316522',,29723.463,17685.857,171.16542,
SceneComponent,BP_SoundTrap_Ground_Glass_C'map03_p_WP:PersistentLevel.BP_SoundTrap_Ground_Glass_C_UAID_04D9F5F93AD5953102_0937f42e405261d3_1497996242',,-12063.083,-327.52057,1843.4583,
SceneComponent,BP_SoundTrap_Ground_Glass_C'map03_p_WP:PersistentLevel.BP_SoundTrap_Ground_Glass_C_UAID_04D9F5F93AD5953102_37a28efbd26adc60_1497996242',,14888.89,-12887.777,174.837,
SceneComponent,BP_SoundTrap_Ground_Glass_C'map03_p_WP:PersistentLevel.BP_SoundTrap_Ground_Glass_C_UAID_04D9F5F93AD5953102_9b091094a2e3f407_1497996242',,-13480.368,47553.043,-2328.0015,
SceneComponent,BP_SoundTrap_Ground_Glass_C'map03_p_WP:PersistentLevel.BP_SoundTrap_Ground_Glass_C_UAID_04D9F5F93AD5953102_ab5027526005fa55_1497996242',,60776.035,17691.604,-2414.8628,
SceneComponent,BP_SoundTrap_Ground_Glass_C'map03_p_WP:PersistentLevel.BP_SoundTrap_Ground_Glass_C_UAID_581CF8B72315D72C02_35267f9c3545d35c_1401143674',,54863.35,29159.361,-5312.6514,
SceneComponent,BP_SoundTrap_Ground_Glass_C'map03_p_WP:PersistentLevel.BP_SoundTrap_Ground_Glass_C_c85329728f06dd80_486',,-14330.812,14905.755,-145.09184,
SceneComponent,BP_SoundTrap_Ground_Glass_C'map03_p_WP:PersistentLevel.UNP_BP_SoundTrap_Ground_Glass_C_92f9112ff1518191_3',,41018.15,-10622.49,-3845.2607,
SceneComponent,BP_SoundTrap_Ground_Glass_C'map03_p_WP:PersistentLevel.UNP_BP_SoundTrap_Ground_Glass_C_92f9112ff1518191_4',,39123.527,-10613.823,-3696.4944,
SceneComponent,BP_SoundTrap_Ground_Glass_C'map03_p_WP:PersistentLevel.UNP_BP_SoundTrap_Ground_Glass_C_UAID_046874882494938402_29fb098085780a4e_1575534777',,20876.086,16696.055,73.127945,
SceneComponent,BP_SoundTrap_Ground_Glass_C'map03_p_WP:PersistentLevel.UNP_BP_SoundTrap_Ground_Glass_UAID_046874882494168102_20c886124a4a6cac_1342911303',,-555.1643,14149.391,-106.56533,
SceneComponent,BP_SoundTrap_Ground_Glass_C'map03_p_WP:PersistentLevel.UNP_BP_SoundTrap_Ground_Glass_UAID_046874882494169202_12e65868fd8f26ee_1796782437',,43140.32,17946.951,1921.0311,
SceneComponent,BP_SoundTrap_Ground_Glass_C'map03_p_WP:PersistentLevel.UNP_BP_SoundTrap_Ground_Glass_UAID_046874882494238002_20c886124a4a6cac_1642343146',,-776.16724,12239.835,-115.99696,
SceneComponent,BP_SoundTrap_Ground_Glass_C'map03_p_WP:PersistentLevel.UNP_BP_SoundTrap_Ground_Glass_UAID_046874882494378F02_d30c5cf25f8a0dcb_1823057558',,23085.08,-157.66908,-990.2662,
SceneComponent,BP_SoundTrap_Ground_Glass_C'map03_p_WP:PersistentLevel.UNP_BP_SoundTrap_Ground_Glass_UAID_046874882494427E02_6ed99d200bbadc17_1213800320',,13249.025,44815.35,-2972.0354,
SceneComponent,BP_SoundTrap_Ground_Glass_C'map03_p_WP:PersistentLevel.UNP_BP_SoundTrap_Ground_Glass_UAID_046874882494427E02_6ed99d200bbadc17_1213861322',,12734.7295,45202.29,-2972.0354,
SceneComponent,BP_SoundTrap_Ground_Glass_C'map03_p_WP:PersistentLevel.UNP_BP_SoundTrap_Ground_Glass_UAID_046874882494427E02_a08f056012bf1a67_1213800320',,49591.848,30083.371,-4361.4434,
SceneComponent,BP_SoundTrap_Ground_Glass_C'map03_p_WP:PersistentLevel.UNP_BP_SoundTrap_Ground_Glass_UAID_046874882494427E02_a08f056012bf1a67_1213861322',,49416.934,29463.994,-4361.4434,
SceneComponent,BP_SoundTrap_Ground_Glass_C'map03_p_WP:PersistentLevel.UNP_BP_SoundTrap_Ground_Glass_UAID_046874882494427E02_d13aeda62c2404aa_1213800320',,44636.508,13566.681,2142.2847,
SceneComponent,BP_SoundTrap_Ground_Glass_C'map03_p_WP:PersistentLevel.UNP_BP_SoundTrap_Ground_Glass_UAID_046874882494427E02_d13aeda62c2404aa_1213861322',,44030.293,13350.5205,2142.2847,
SceneComponent,BP_SoundTrap_Ground_Glass_C'map03_p_WP:PersistentLevel.UNP_BP_SoundTrap_Ground_Glass_UAID_046874882494477E02_248ca04a73e0c586_1671851416',,36941.086,19770.424,2135.174,
SceneComponent,BP_SoundTrap_Ground_Glass_C'map03_p_WP:PersistentLevel.UNP_BP_SoundTrap_Ground_Glass_UAID_046874882494477E02_248ca04a73e0c586_1672045418',,36323.87,19343.057,2135.174,
SceneComponent,BP_SoundTrap_Ground_Glass_C'map03_p_WP:PersistentLevel.UNP_BP_SoundTrap_Ground_Glass_UAID_0468748824944A8902_35267f9c3545d35c_1894649164',,57343.812,30111.082,-4468.5957,
SceneComponent,BP_SoundTrap_Ground_Glass_C'map03_p_WP:PersistentLevel.UNP_BP_SoundTrap_Ground_Glass_UAID_0468748824944A8902_35267f9c3545d35c_1894834166',,57905.074,29345.604,-5411.0767,
SceneComponent,BP_SoundTrap_Ground_Glass_C'map03_p_WP:PersistentLevel.UNP_BP_SoundTrap_Ground_Glass_UAID_0468748824944A8902_35267f9c3545d35c_1895012168',,57610.355,29972.459,-4850.321,
SceneComponent,BP_SoundTrap_Ground_Glass_C'map03_p_WP:PersistentLevel.UNP_BP_SoundTrap_Ground_Glass_UAID_0468748824944A8902_35267f9c3545d35c_1895191170',,57588.402,29247.523,-4850.321,
SceneComponent,BP_SoundTrap_Ground_Glass_C'map03_p_WP:PersistentLevel.UNP_BP_SoundTrap_Ground_Glass_UAID_0468748824944A8902_35267f9c3545d35c_1895378172',,55438.383,29300.867,-4849.7666,
SceneComponent,BP_SoundTrap_Ground_Glass_C'map03_p_WP:PersistentLevel.UNP_BP_SoundTrap_Ground_Glass_UAID_0468748824944A8902_35267f9c3545d35c_1895555174',,56407.773,31905.45,-4939.959,
SceneComponent,BP_SoundTrap_Ground_Glass_C'map03_p_WP:PersistentLevel.UNP_BP_SoundTrap_Ground_Glass_UAID_0468748824944A8902_35267f9c3545d35c_1935862739',,54579.715,30682.803,-5412.9834,
SceneComponent,BP_SoundTrap_Ground_Glass_C'map03_p_WP:PersistentLevel.UNP_BP_SoundTrap_Ground_Glass_UAID_0468748824944E8902_c85329728f06dd80_1244979141',,-14863.028,12515.376,-145.55527,
SceneComponent,BP_SoundTrap_Ground_Glass_C'map03_p_WP:PersistentLevel.UNP_BP_SoundTrap_Ground_Glass_UAID_0468748824944E8902_c85329728f06dd80_1245192143',,-14581.029,14577.717,-638.1304,
SceneComponent,BP_SoundTrap_Ground_Glass_C'map03_p_WP:PersistentLevel.UNP_BP_SoundTrap_Ground_Glass_UAID_0468748824944E8902_c85329728f06dd80_1245411145',,-13498.45,13427.768,-638.0553,
SceneComponent,BP_SoundTrap_Ground_Glass_C'map03_p_WP:PersistentLevel.UNP_BP_SoundTrap_Ground_Glass_UAID_0468748824944E8902_c85329728f06dd80_1245625147',,-12874.951,14281.928,205.39929,
SceneComponent,BP_SoundTrap_Ground_Glass_C'map03_p_WP:PersistentLevel.UNP_BP_SoundTrap_Ground_Glass_UAID_0468748824944E8902_c85329728f06dd80_1245845149',,-15637.552,13388.081,350.88684,
SceneComponent,BP_SoundTrap_Ground_Glass_C'map03_p_WP:PersistentLevel.UNP_BP_SoundTrap_Ground_Glass_UAID_0468748824944E8902_c85329728f06dd80_1246059151',,-15327.639,14069.865,352.0198,
SceneComponent,BP_SoundTrap_Ground_Glass_C'map03_p_WP:PersistentLevel.UNP_BP_SoundTrap_Ground_Glass_UAID_0468748824944E8902_c85329728f06dd80_1250033170',,-14681.041,14133.745,350.6611,
SceneComponent,BP_SoundTrap_Ground_Glass_C'map03_p_WP:PersistentLevel.UNP_BP_SoundTrap_Ground_Glass_UAID_0468748824944E8902_c85329728f06dd80_1250256172',,-15264.549,12858.843,-637.7847,
SceneComponent,BP_SoundTrap_Ground_Glass_C'map03_p_WP:PersistentLevel.UNP_BP_SoundTrap_Ground_Glass_UAID_0468748824944E8902_c85329728f06dd80_1250478174',,-15046.351,14140.509,-637.8547,
SceneComponent,BP_SoundTrap_Ground_Glass_C'map03_p_WP:PersistentLevel.UNP_BP_SoundTrap_Ground_Glass_UAID_046874882494907E02_f6ac66adf17bf997_1359982941',,-20237.19,20773.947,-1480.7095,
SceneComponent,BP_SoundTrap_Ground_Glass_C'map03_p_WP:PersistentLevel.UNP_BP_SoundTrap_Ground_Glass_UAID_046874882494907E02_f6ac66adf17bf997_1359999948',,-19670.541,21079.127,-1480.7095,
SceneComponent,BP_SoundTrap_Ground_Glass_C'map03_p_WP:PersistentLevel.UNP_BP_SoundTrap_Ground_Glass_UAID_046874882494907E02_f6ac66adf17bf997_1360769025',,-20705.85,23644.375,-1480.7095,
SceneComponent,BP_SoundTrap_Ground_Glass_C'map03_p_WP:PersistentLevel.UNP_BP_SoundTrap_Ground_Glass_UAID_046874882494907E02_f6ac66adf17bf997_1360772026',,-19962.42,23539.926,-1480.7095,
SceneComponent,BP_SoundTrap_Ground_Glass_C'map03_p_WP:PersistentLevel.UNP_BP_SoundTrap_Ground_Glass_UAID_046874882494928402_29fb098085780a4e_1954628190',,17510.965,15614.679,2.30775,
SceneComponent,BP_SoundTrap_Ground_Glass_C'map03_p_WP:PersistentLevel.UNP_BP_SoundTrap_Ground_Glass_UAID_046874882494928402_29fb098085780a4e_1954647197',,16877.225,15726.916,2.30775,
SceneComponent,BP_SoundTrap_Ground_Glass_C'map03_p_WP:PersistentLevel.UNP_BP_SoundTrap_Ground_Glass_UAID_046874882494928402_29fb098085780a4e_1954956243',,27285.143,18883.73,125.241295,
SceneComponent,BP_SoundTrap_Ground_Glass_C'map03_p_WP:PersistentLevel.UNP_BP_SoundTrap_Ground_Glass_UAID_046874882494AD8D02_e866662526208594_1994349614',,35484.17,49971.3,-3643.5364,
SceneComponent,BP_SoundTrap_Ground_Glass_C'map03_p_WP:PersistentLevel.UNP_BP_SoundTrap_Ground_Glass_UAID_046874882494AD8D02_e866662526208594_1994473616',,39718.094,49605.363,-3643.5364,
SceneComponent,BP_SoundTrap_Ground_Glass_C'map03_p_WP:PersistentLevel.UNP_BP_SoundTrap_Ground_Glass_UAID_046874882494BB8602_92f9112ff1518191_1710913674',,40831.043,-12069.427,-3837.515,
SceneComponent,BP_SoundTrap_Ground_Glass_C'map03_p_WP:PersistentLevel.UNP_BP_SoundTrap_Ground_Glass_UAID_046874882494BB8602_92f9112ff1518191_1740340241',,39232.656,-9499.901,-3836.9292,
SceneComponent,BP_SoundTrap_Ground_Glass_C'map03_p_WP:PersistentLevel.UNP_BP_SoundTrap_Ground_Glass_UAID_046874882494D77F02_46c6e786a3fd7089_1404776903',,25908.338,41201.492,-2411.2368,
SceneComponent,BP_SoundTrap_Ground_Glass_C'map03_p_WP:PersistentLevel.UNP_BP_SoundTrap_Ground_Glass_UAID_046874882494D77F02_46c6e786a3fd7089_1404793910',,26303.947,40693.836,-2411.2368,
SceneComponent,BP_SoundTrap_Ground_Glass_C'map03_p_WP:PersistentLevel.UNP_BP_SoundTrap_Ground_Glass_UAID_046874882494D77F02_46c6e786a3fd7089_1405159973',,23208.666,39818.383,-2411.2368,
SceneComponent,BP_SoundTrap_Ground_Glass_C'map03_p_WP:PersistentLevel.UNP_BP_SoundTrap_Ground_Glass_UAID_046874882494D77F02_46c6e786a3fd7089_1405167976',,23184.037,40900.055,-2411.2769,
SceneComponent,BP_SoundTrap_Ground_Glass_C'map03_p_WP:PersistentLevel.UNP_BP_SoundTrap_Ground_Glass_UAID_046874882494D77F02_46c6e786a3fd7089_1405193986',,23257.357,40529.074,-2411.2368,
SceneComponent,BP_SoundTrap_Ground_Glass_C'map03_p_WP:PersistentLevel.UNP_BP_SoundTrap_Ground_Glass_UAID_046874882494D77F02_46c6e786a3fd7089_1405634063',,24494.857,40692.168,-2411.237,
SceneComponent,BP_SoundTrap_Ground_Glass_C'map03_p_WP:PersistentLevel.UNP_BP_SoundTrap_Ground_Glass_UAID_046874882494D77F02_46c6e786a3fd7089_1405637064',,24635.611,39954.746,-2411.237,
SceneComponent,BP_SoundTrap_Ground_Glass_C'map03_p_WP:PersistentLevel.UNP_BP_SoundTrap_Ground_Glass_UAID_046874882494F98A02_2c07323eb2e99beb_2107005981',,34447.035,7634.0977,1144.6201,
SceneComponent,BP_SoundTrap_Ground_Glass_C'map03_p_WP:PersistentLevel.UNP_BP_SoundTrap_Ground_Glass_UAID_046874882494F98A02_2c07323eb2e99beb_2107024988',,34872.234,8117.241,1144.6201,
SceneComponent,BP_SoundTrap_Ground_Glass_C'map03_p_WP:PersistentLevel.UNP_BP_SoundTrap_Ground_Glass_UAID_046874882494F98A02_2c07323eb2e99beb_2107465051',,31577.969,9317.284,1142.8234,
SceneComponent,BP_SoundTrap_Ground_Glass_C'map03_p_WP:PersistentLevel.UNP_BP_SoundTrap_Ground_Glass_UAID_046874882494F98A02_2c07323eb2e99beb_2107473054',,32394.924,10026.652,1142.7834,
SceneComponent,BP_SoundTrap_Ground_Glass_C'map03_p_WP:PersistentLevel.UNP_BP_SoundTrap_Ground_Glass_UAID_046874882494F98A02_2c07323eb2e99beb_2107500064',,32156.14,9733.421,1142.8234,
SceneComponent,BP_SoundTrap_Ground_Glass_C'map03_p_WP:PersistentLevel.UNP_BP_SoundTrap_Ground_Glass_UAID_046874882494F98A02_2c07323eb2e99beb_2108004141',,33185.547,6710.0083,1151.252,
SceneComponent,BP_SoundTrap_Ground_Glass_C'map03_p_WP:PersistentLevel.UNP_BP_SoundTrap_Ground_Glass_UAID_046874882494F98A02_2c07323eb2e99beb_2108007142',,32677.06,7262.314,1151.252,
SceneComponent,BP_SoundTrap_Ground_Glass_C'map03_p_WP:PersistentLevel.UNP_BP_SoundTrap_Ground_Glass_UAID_18C04DA8201B437902_b67ec8a3d8d2e891_1438862305',,-4600.4014,38202.86,-2549.082,
SceneComponent,BP_SoundTrap_Ground_Glass_C'map03_p_WP:PersistentLevel.UNP_BP_SoundTrap_Ground_Glass_UAID_18C04DA8201B437902_b67ec8a3d8d2e891_1439205332',,-5199.811,37968.484,-2549.082,
SceneComponent,BP_SoundTrap_Ground_Glass_C'map03_p_WP:PersistentLevel.UNP_BP_SoundTrap_Ground_Glass_bacad867c9c5e889_0',,24000.639,252.2991,-1002.05304,
SceneComponent,BP_Spawn_Miniboss_01b_C'map03_p_WP:PersistentLevel.BP_Spawn_Miniboss_01b_C_UAID_581CF8B72315EA7D02_00c96ecbce87a0a2_1439797380',,30233.31,18827.072,-3961.2974,
SceneComponent,BP_StoneWallSet_Door_01a_C'map03_p_WP:PersistentLevel.UNP_BP_StoneWallSet_Door_01a_c85329728f06dd80_0',,-13902.149,11687.5205,-154.4552,
SceneComponent,BP_Trap_Ground_Bleed_C'map03_p_WP:PersistentLevel.BP_Trap_Ground_Bleed_C_UAID_046874882494368F02_9c34f29bae09b13e_1382497635',,-1120.6306,4014.4685,-656.098,
SceneComponent,BP_Trap_Ground_Bleed_C'map03_p_WP:PersistentLevel.BP_Trap_Ground_Bleed_C_UAID_046874882494368F02_9c34f29bae09b13e_1382500636',,-1247.9662,3065.7336,-655.5387,
SceneComponent,BP_Trap_Ground_Bleed_C'map03_p_WP:PersistentLevel.BP_Trap_Ground_Bleed_C_UAID_046874882494368F02_9c34f29bae09b13e_1382503637',,-1226.8701,4623.641,-656.9722,
SceneComponent,BP_Trap_Ground_ExplosiveBleed_C'map03_p_WP:PersistentLevel.BP_Trap_Ground_ExplosiveBleed_C_UAID_00FF8EFC2BEFD45502_08f1821ec36d4652_1237536284',,45086.14,20774.945,-1807.5809,
SceneComponent,BP_Trap_Ground_ExplosiveBleed_C'map03_p_WP:PersistentLevel.BP_Trap_Ground_ExplosiveBleed_C_UAID_00FF8EFC2BEFD45502_08f1821ec36d4652_1410034287',,45150.324,21231.723,-2266.8984,
SceneComponent,BP_Trap_Ground_ExplosiveBleed_C'map03_p_WP:PersistentLevel.BP_Trap_Ground_ExplosiveBleed_C_UAID_00FF8EFC2BEFD45502_1c2a6cdba880923c_1237536284',,22916.771,-4367.8335,-1664.7739,
SceneComponent,BP_Trap_Ground_ExplosiveBleed_C'map03_p_WP:PersistentLevel.BP_Trap_Ground_ExplosiveBleed_C_UAID_00FF8EFC2BEFD45502_1c2a6cdba880923c_1410034287',,23316.854,-4597.3975,-2124.0913,
SceneComponent,BP_Trap_Ground_ExplosiveBleed_C'map03_p_WP:PersistentLevel.BP_Trap_Ground_ExplosiveBleed_C_UAID_00FF8EFC2BEFD45502_246194deecc0f216_1237536284',,58452.93,12892.028,-1371.3483,
SceneComponent,BP_Trap_Ground_ExplosiveBleed_C'map03_p_WP:PersistentLevel.BP_Trap_Ground_ExplosiveBleed_C_UAID_00FF8EFC2BEFD45502_246194deecc0f216_1410034287',,58132.297,13223.628,-1830.6658,
SceneComponent,BP_Trap_Ground_ExplosiveBleed_C'map03_p_WP:PersistentLevel.BP_Trap_Ground_ExplosiveBleed_C_UAID_046874882494BF9102_6eba12598bb1f39f_1350760972',,41441.31,15915.358,-1748.0583,
SceneComponent,BP_Trap_Ground_ExplosiveBleed_C'map03_p_WP:PersistentLevel.BP_Trap_Ground_ExplosiveBleed_C_UAID_046874882494BF9102_6eba12598bb1f39f_1350769975',,41112.285,16238.639,-1288.7408,
SceneComponent,BP_Trap_Ground_ExplosiveBleed_C'map03_p_WP:PersistentLevel.BP_Trap_Ground_ExplosiveBleed_C_UAID_046874882494BF9102_6eba12598bb1f39f_1352113309',,40680.383,14814.571,382.58395,
SceneComponent,BP_Trap_Ground_ExplosiveBleed_C'map03_p_WP:PersistentLevel.BP_Trap_Ground_ExplosiveBleed_C_UAID_046874882494BF9102_6eba12598bb1f39f_1352122312',,41095.605,15015.448,841.9014,
SceneComponent,BP_Trap_Ground_ExplosiveBleed_C'map03_p_WP:PersistentLevel.BP_Trap_Ground_ExplosiveBleed_C_UAID_04D9F5F93AD50F3402_edad57567b47cde9_1520611076',,11375.067,-3493.0903,-184.86963,
SceneComponent,BP_Trap_Ground_ExplosiveBleed_C'map03_p_WP:PersistentLevel.BP_Trap_Ground_ExplosiveBleed_C_UAID_04D9F5F93AD50F3402_edad57567b47cde9_1563348077',,11352.164,-4341.081,-184.7983,
SceneComponent,BP_Trap_Ground_ExplosiveBleed_C'map03_p_WP:PersistentLevel.BP_Trap_Ground_ExplosiveBleed_C_UAID_04D9F5F93AD50F3402_edad57567b47cde9_1577760078',,10383.36,-3063.5386,137.64825,
SceneComponent,BP_Trap_Ground_ExplosiveBleed_C'map03_p_WP:PersistentLevel.BP_Trap_Ground_ExplosiveBleed_C_UAID_04D9F5F93AD50F3402_edad57567b47cde9_1595595079',,9445.425,-2357.8467,73.30216,
SceneComponent,BP_Trap_Ground_ExplosiveBleed_C'map03_p_WP:PersistentLevel.BP_Trap_Ground_ExplosiveBleed_C_UAID_04D9F5F93AD50F3402_edad57567b47cde9_1621621080',,8726.309,-2403.5078,53.600895,
SceneComponent,BP_Trap_Ground_ExplosiveBleed_C'map03_p_WP:PersistentLevel.BP_Trap_Ground_ExplosiveBleed_C_UAID_04D9F5F93AD50F3402_edad57567b47cde9_1646771082',,9497.634,-4393.2383,100.707664,
SceneComponent,BP_Trap_Ground_ExplosiveBleed_C'map03_p_WP:PersistentLevel.BP_Trap_Ground_ExplosiveBleed_C_UAID_04D9F5F93AD50F3402_edad57567b47cde9_1706754083',,11550.427,-3041.268,-37.767014,
SceneComponent,BP_Trap_Ground_ExplosiveBleed_C'map03_p_WP:PersistentLevel.BP_Trap_Ground_ExplosiveBleed_C_UAID_04D9F5F93AD50F3402_edad57567b47cde9_1744941084',,10060.265,-2822.3652,137.35725,
SceneComponent,BP_Trap_Ground_ExplosiveBleed_C'map03_p_WP:PersistentLevel.BP_Trap_Ground_ExplosiveBleed_C_UAID_04D9F5F93AD50F3402_edad57567b47cde9_1938048110',,8353.337,-2510.0056,30.917015,
SceneComponent,BP_Trap_Ground_ExplosiveBleed_C'map03_p_WP:PersistentLevel.BP_Trap_Ground_ExplosiveBleed_C_UAID_04D9F5F93AD5C13402_edad57567b47cde9_1472321404',,11020.291,-4499.0825,-53.928,
SceneComponent,BP_Trap_Ground_ExplosiveBleed_C'map03_p_WP:PersistentLevel.BP_Trap_Ground_ExplosiveBleed_C_UAID_18C04DA8201B437902_b67ec8a3d8d2e891_1151853181',,-3606.9773,38898.117,-2595.5994,
SceneComponent,BP_Trap_Ground_ExplosiveBleed_C'map03_p_WP:PersistentLevel.BP_Trap_Ground_ExplosiveBleed_C_UAID_18C04DA8201B437902_b67ec8a3d8d2e891_1151885197',,-1993.9264,39892.414,-2581.018,
SceneComponent,BP_Trap_Ground_ExplosiveBleed_C'map03_p_WP:PersistentLevel.BP_Trap_Ground_ExplosiveBleed_C_UAID_18C04DA8201B867902_7d841b13de30ebaf_1932585302',,-6950.347,45605.43,-3788.9688,
SceneComponent,BP_Trap_Ground_ExplosiveBleed_C'map03_p_WP:PersistentLevel.BP_Trap_Ground_ExplosiveBleed_C_UAID_18C04DA8201B867902_7d841b13de30ebaf_1932591304',,-7294.1777,45297.945,-3329.6514,
SceneComponent,BP_Trap_Ground_ExplosiveBleed_C'map03_p_WP:PersistentLevel.BP_Trap_Ground_ExplosiveBleed_C_UAID_18C04DA8201B897902_7d841b13de30ebaf_1957750010',,-5498.1865,39400.18,-3784.9285,
SceneComponent,BP_Trap_Ground_ExplosiveBleed_C'map03_p_WP:PersistentLevel.BP_Trap_Ground_ExplosiveBleed_C_UAID_18C04DA8201B897902_7d841b13de30ebaf_1957759013',,-5038.7925,39441.676,-3325.611,
SceneComponent,BP_Trap_Ground_ExplosiveBleed_C'map03_p_WP:PersistentLevel.BP_Trap_Ground_ExplosiveBleed_C_UAID_581CF8B72315245F02_92f9112ff1518191_1198168659',,38688.195,-9884.604,-3837.515,
SceneComponent,BP_Trap_Ground_Explosive_C'map03_p_WP:PersistentLevel.BP_Trap_Ground_Explosive_C_UAID_00FF8EFC2BEF408902_a44c2e6e6faa7d77_1393649820',,59684.574,5265.847,-1197.3478,
SceneComponent,BP_Trap_Ground_Explosive_C'map03_p_WP:PersistentLevel.BP_Trap_Ground_Explosive_C_UAID_00FF8EFC2BEFD45502_08f1821ec36d4652_1269162285',,45098.582,19734.258,-1209.0513,
SceneComponent,BP_Trap_Ground_Explosive_C'map03_p_WP:PersistentLevel.BP_Trap_Ground_Explosive_C_UAID_00FF8EFC2BEFD45502_1c2a6cdba880923c_1269162285',,21946.207,-3992.0823,-1066.2443,
SceneComponent,BP_Trap_Ground_Explosive_C'map03_p_WP:PersistentLevel.BP_Trap_Ground_Explosive_C_UAID_00FF8EFC2BEFD45502_246194deecc0f216_1269162285',,59281.05,12261.628,-772.81866,
SceneComponent,BP_Trap_Ground_Explosive_C'map03_p_WP:PersistentLevel.BP_Trap_Ground_Explosive_C_UAID_046874882494998402_42c3d461f962a7d8_1739569511',,26406.578,15074.809,-658.62756,
SceneComponent,BP_Trap_Ground_Explosive_C'map03_p_WP:PersistentLevel.BP_Trap_Ground_Explosive_C_UAID_046874882494998402_42c3d461f962a7d8_1739572512',,26422.738,15015.568,-658.62756,
SceneComponent,BP_Trap_Ground_Explosive_C'map03_p_WP:PersistentLevel.BP_Trap_Ground_Explosive_C_UAID_046874882494BF9102_6eba12598bb1f39f_1350766974',,40268.297,16847.625,-690.21124,
SceneComponent,BP_Trap_Ground_Explosive_C'map03_p_WP:PersistentLevel.BP_Trap_Ground_Explosive_C_UAID_046874882494BF9102_6eba12598bb1f39f_1352119311',,41953.33,15604.941,1440.431,
SceneComponent,BP_Trap_Ground_Explosive_C'map03_p_WP:PersistentLevel.BP_Trap_Ground_Explosive_C_UAID_046874882494EC8802_6050371b4132a7ae_1430068196',,25454.81,-18060.975,-4448.06,
SceneComponent,BP_Trap_Ground_Explosive_C'map03_p_WP:PersistentLevel.BP_Trap_Ground_Explosive_C_UAID_046874882494EC8802_6050371b4132a7ae_1430071197',,25513.91,-18077.64,-4448.06,
SceneComponent,BP_Trap_Ground_Explosive_C'map03_p_WP:PersistentLevel.BP_Trap_Ground_Explosive_C_UAID_046874882494ED8802_c6899ba472a785b4_1081503778',,-1113.0763,51033.28,-5627.174,
SceneComponent,BP_Trap_Ground_Explosive_C'map03_p_WP:PersistentLevel.BP_Trap_Ground_Explosive_C_UAID_046874882494ED8802_c6899ba472a785b4_1081506779',,-1062.7432,51068.457,-5627.174,
SceneComponent,BP_Trap_Ground_Explosive_C'map03_p_WP:PersistentLevel.BP_Trap_Ground_Explosive_C_UAID_04D9F5F93AD54B5D02_e866662526208594_1561015091',,36409.285,49115.95,-3643.5364,
SceneComponent,BP_Trap_Ground_Explosive_C'map03_p_WP:PersistentLevel.BP_Trap_Ground_Explosive_C_UAID_04D9F5F93AD54B5D02_e866662526208594_1613771092',,38335.86,50597.727,-3643.5364,
SceneComponent,BP_Trap_Ground_Explosive_C'map03_p_WP:PersistentLevel.BP_Trap_Ground_Explosive_C_UAID_04D9F5F93AD54B5D02_e866662526208594_1613779093',,38513.086,50235.36,-3643.5364,
SceneComponent,BP_Trap_Ground_Explosive_C'map03_p_WP:PersistentLevel.BP_Trap_Ground_Explosive_C_UAID_04D9F5F93AD5616602_b67ec8a3d8d2e891_1262224419',,-3868.2737,42658.445,-4315.2295,
SceneComponent,BP_Trap_Ground_Explosive_C'map03_p_WP:PersistentLevel.BP_Trap_Ground_Explosive_C_UAID_04D9F5F93AD5616602_b67ec8a3d8d2e891_1396964425',,-3400.0508,44155.09,-4315.2295,
SceneComponent,BP_Trap_Ground_Explosive_C'map03_p_WP:PersistentLevel.BP_Trap_Ground_Explosive_C_UAID_04D9F5F93AD5616602_b67ec8a3d8d2e891_1402421426',,-3545.7056,44179.75,-4315.2295,
SceneComponent,BP_Trap_Ground_Explosive_C'map03_p_WP:PersistentLevel.BP_Trap_Ground_Explosive_C_UAID_04D9F5F93AD5616602_b67ec8a3d8d2e891_1542160429',,-4426.5264,40884.11,-4361.503,
SceneComponent,BP_Trap_Ground_Explosive_C'map03_p_WP:PersistentLevel.BP_Trap_Ground_Explosive_C_UAID_04D9F5F93AD5668002_8b779a13974286ee_1581934128',,37258.297,21506.441,-7030.5137,
SceneComponent,BP_Trap_Ground_Explosive_C'map03_p_WP:PersistentLevel.BP_Trap_Ground_Explosive_C_UAID_04D9F5F93AD5668002_8b779a13974286ee_1595818129',,36997.04,22033.963,-6629.7515,
SceneComponent,BP_Trap_Ground_Explosive_C'map03_p_WP:PersistentLevel.BP_Trap_Ground_Explosive_C_UAID_04D9F5F93AD5668002_8b779a13974286ee_1609413130',,36934.31,22977.033,-6086.3,
SceneComponent,BP_Trap_Ground_Explosive_C'map03_p_WP:PersistentLevel.BP_Trap_Ground_Explosive_C_UAID_04D9F5F93AD5A46602_b67ec8a3d8d2e891_1569745835',,-4415.0947,45261.33,-4317.9263,
SceneComponent,BP_Trap_Ground_Explosive_C'map03_p_WP:PersistentLevel.BP_Trap_Ground_Explosive_C_UAID_04D9F5F93AD5FA3502_090391270ee7297f_1512651520',,34370.21,16068.565,-3070.7483,
SceneComponent,BP_Trap_Ground_Explosive_C'map03_p_WP:PersistentLevel.BP_Trap_Ground_Explosive_C_UAID_04D9F5F93AD5FA3502_090391270ee7297f_1530996528',,34342.016,16123.114,-3070.7483,
SceneComponent,BP_Trap_Ground_Explosive_C'map03_p_WP:PersistentLevel.BP_Trap_Ground_Explosive_C_UAID_04D9F5F93AD5FA3502_6050371b4132a7ae_1411386503',,27173.717,-14438.022,-4460.9077,
SceneComponent,BP_Trap_Ground_Explosive_C'map03_p_WP:PersistentLevel.BP_Trap_Ground_Explosive_C_UAID_04D9F5F93AD5FA3502_6050371b4132a7ae_1438214504',,26095.676,-14806.459,-4441.136,
SceneComponent,BP_Trap_Ground_Explosive_C'map03_p_WP:PersistentLevel.BP_Trap_Ground_Explosive_C_UAID_04D9F5F93AD5FA3502_6050371b4132a7ae_1457867505',,25053.568,-15530.698,-4443.7983,
SceneComponent,BP_Trap_Ground_Explosive_C'map03_p_WP:PersistentLevel.BP_Trap_Ground_Explosive_C_UAID_04D9F5F93AD5FA3502_6050371b4132a7ae_1481587506',,25920.322,-17550.951,-4459.863,
SceneComponent,BP_Trap_Ground_Explosive_C'map03_p_WP:PersistentLevel.BP_Trap_Ground_Explosive_C_UAID_04D9F5F93AD5FA3502_c01302f103af8f1c_1867934732',,42361.23,33343.94,-2928.9097,
SceneComponent,BP_Trap_Ground_Explosive_C'map03_p_WP:PersistentLevel.BP_Trap_Ground_Explosive_C_UAID_04D9F5F93AD5FA3502_c01302f103af8f1c_2062591733',,41786.65,33290.164,-2939.985,
SceneComponent,BP_Trap_Ground_Explosive_C'map03_p_WP:PersistentLevel.BP_Trap_Ground_Explosive_C_UAID_04D9F5F93AD5FA3502_c01302f103af8f1c_2094766734',,41357.95,32846.72,-2926.6467,
SceneComponent,BP_Trap_Ground_Explosive_C'map03_p_WP:PersistentLevel.BP_Trap_Ground_Explosive_C_UAID_04D9F5F93AD5FA3502_c01302f103af8f1c_2114112735',,41953.184,31712.77,-2925.6853,
SceneComponent,BP_Trap_Ground_Explosive_C'map03_p_WP:PersistentLevel.BP_Trap_Ground_Explosive_C_UAID_04D9F5F93AD5FA3502_c01302f103af8f1c_2138918736',,43138.21,31824.492,-2915.9524,
SceneComponent,BP_Trap_Ground_Explosive_C'map03_p_WP:PersistentLevel.BP_Trap_Ground_Explosive_C_UAID_04D9F5F93AD5FA3502_c6899ba472a785b4_1611889539',,-1395.326,51608.797,-5628.5234,
SceneComponent,BP_Trap_Ground_Explosive_C'map03_p_WP:PersistentLevel.BP_Trap_Ground_Explosive_C_UAID_04D9F5F93AD5FA3502_c6899ba472a785b4_1643447540',,-2086.1077,53462.57,-4898.782,
SceneComponent,BP_Trap_Ground_Explosive_C'map03_p_WP:PersistentLevel.BP_Trap_Ground_Explosive_C_UAID_04D9F5F93AD5FA3502_c6899ba472a785b4_1691737541',,-560.038,52056.258,-5634.771,
SceneComponent,BP_Trap_Ground_Explosive_C'map03_p_WP:PersistentLevel.BP_Trap_Ground_Explosive_C_UAID_04D9F5F93AD5FA3502_c6899ba472a785b4_1718349542',,-2203.6194,50766.254,-5616.6226,
SceneComponent,BP_Trap_Ground_Explosive_C'map03_p_WP:PersistentLevel.BP_Trap_Ground_Explosive_C_UAID_04D9F5F93AD5FB3502_5abb851929817da7_1600113197',,-12001.389,-1143.3822,1808.2764,
SceneComponent,BP_Trap_Ground_Explosive_C'map03_p_WP:PersistentLevel.BP_Trap_Ground_Explosive_C_UAID_04D9F5F93AD5FB3502_5abb851929817da7_1626758198',,-11615.454,-777.98584,1840.0242,
SceneComponent,BP_Trap_Ground_Explosive_C'map03_p_WP:PersistentLevel.BP_Trap_Ground_Explosive_C_UAID_04D9F5F93AD5FB3502_5abb851929817da7_1640016199',,-11277.047,-474.78314,1837.1406,
SceneComponent,BP_Trap_Ground_Explosive_C'map03_p_WP:PersistentLevel.BP_Trap_Ground_Explosive_C_UAID_04D9F5F93AD5FB3502_7f13be226a970f87_1600113197',,60778.777,16873.418,-2450.0447,
SceneComponent,BP_Trap_Ground_Explosive_C'map03_p_WP:PersistentLevel.BP_Trap_Ground_Explosive_C_UAID_04D9F5F93AD5FB3502_7f13be226a970f87_1626758198',,61190.04,17210.053,-2418.2969,
SceneComponent,BP_Trap_Ground_Explosive_C'map03_p_WP:PersistentLevel.BP_Trap_Ground_Explosive_C_UAID_04D9F5F93AD5FB3502_7f13be226a970f87_1640016199',,61549.418,17488.082,-2421.1804,
SceneComponent,BP_Trap_Ground_Explosive_C'map03_p_WP:PersistentLevel.BP_Trap_Ground_Explosive_C_UAID_04D9F5F93AD5FB3502_ce52be21fe63b205_1600113197',,14560.3545,-13637.11,139.6551,
SceneComponent,BP_Trap_Ground_Explosive_C'map03_p_WP:PersistentLevel.BP_Trap_Ground_Explosive_C_UAID_04D9F5F93AD5FB3502_ce52be21fe63b205_1626758198',,15072.654,-13495.66,171.4029,
SceneComponent,BP_Trap_Ground_Explosive_C'map03_p_WP:PersistentLevel.BP_Trap_Ground_Explosive_C_UAID_04D9F5F93AD5FB3502_ce52be21fe63b205_1640016199',,15513.793,-13386.812,168.51941,
SceneComponent,BP_Trap_Ground_Explosive_C'map03_p_WP:PersistentLevel.BP_Trap_Ground_Explosive_C_UAID_04D9F5F93AD5FB3502_d30a12f2c04c18d1_1600113197',,-12681.618,47375.746,-2363.1833,
SceneComponent,BP_Trap_Ground_Explosive_C'map03_p_WP:PersistentLevel.BP_Trap_Ground_Explosive_C_UAID_04D9F5F93AD5FB3502_d30a12f2c04c18d1_1626758198',,-12919.546,47850.98,-2331.4355,
SceneComponent,BP_Trap_Ground_Explosive_C'map03_p_WP:PersistentLevel.BP_Trap_Ground_Explosive_C_UAID_04D9F5F93AD5FB3502_d30a12f2c04c18d1_1640016199',,-13111.715,48262.71,-2334.319,
SceneComponent,BP_Trap_Ground_Explosive_C'map03_p_WP:PersistentLevel.BP_Trap_Ground_Explosive_C_UAID_04D9F5F93AD5FC6102_e866662526208594_1226543492',,37045.09,47046.758,-3643.5364,
SceneComponent,BP_Trap_Ground_Explosive_C'map03_p_WP:PersistentLevel.BP_Trap_Ground_Explosive_C_UAID_18C04DA8201B437902_b67ec8a3d8d2e891_1151865186',,-2819.138,39493.812,-2584.4463,
SceneComponent,BP_Trap_Ground_Explosive_C'map03_p_WP:PersistentLevel.BP_Trap_Ground_Explosive_C_UAID_18C04DA8201B867902_7d841b13de30ebaf_1932588303',,-7956.3384,44494.996,-2731.1218,
SceneComponent,BP_Trap_Ground_Explosive_C'map03_p_WP:PersistentLevel.BP_Trap_Ground_Explosive_C_UAID_18C04DA8201B897902_7d841b13de30ebaf_1957756012',,-4028.267,39690.723,-2727.0815,
SceneComponent,BP_Trap_Ground_Explosive_C'map03_p_WP:PersistentLevel.BP_Trap_Ground_Explosive_C_UAID_581CF8B72315C15A02_e866662526208594_1522192614',,36398.05,49768.203,-3643.5364,
SceneComponent,BP_Trap_Ground_Explosive_C'map03_p_WP:PersistentLevel.BP_Trap_Ground_Explosive_C_UAID_D843AE1A93E5DC7F02_abd83efe2c769858_1299138090',,36136.613,24948.78,-5605.304,
SceneComponent,BP_Trap_Ground_Poison_C'map03_p_WP:PersistentLevel.BP_Trap_Ground_Poison_C_UAID_04D9F5F93AD5FA3502_83f36e3a3de27e74_1192176465',,-1186.7747,49638.285,-4305.6523,
SceneComponent,BP_Trap_Ground_Poison_C'map03_p_WP:PersistentLevel.BP_Trap_Ground_Poison_C_UAID_04D9F5F93AD5FA3502_83f36e3a3de27e74_1214169466',,-1427.3043,49215.703,-4312.7607,
SceneComponent,BP_Trap_Ground_Poison_C'map03_p_WP:PersistentLevel.BP_Trap_Ground_Poison_C_UAID_04D9F5F93AD5FA3502_83f36e3a3de27e74_1225664467',,-1598.3973,48878.332,-4311.49,
SceneComponent,BP_Trap_Ground_Poison_C'map03_p_WP:PersistentLevel.BP_Trap_Ground_Poison_C_UAID_04D9F5F93AD5FA3502_83f36e3a3de27e74_1234848468',,-1921.7654,48230.84,-4306.686,
SceneComponent,BP_Trap_Ground_Poison_C'map03_p_WP:PersistentLevel.BP_Trap_Ground_Poison_C_UAID_04D9F5F93AD5FA3502_83f36e3a3de27e74_1247908469',,-2339.3845,47372.38,-4317.1934,
SceneComponent,BP_Trap_Ground_Poison_C'map03_p_WP:PersistentLevel.BP_Trap_Ground_Poison_C_UAID_04D9F5F93AD5FA3502_a44c2e6e6faa7d77_1192176465',,57170.32,6999.732,-2445.4202,
SceneComponent,BP_Trap_Ground_Poison_C'map03_p_WP:PersistentLevel.BP_Trap_Ground_Poison_C_UAID_04D9F5F93AD5FA3502_a44c2e6e6faa7d77_1214169466',,57588.438,6751.523,-2452.5286,
SceneComponent,BP_Trap_Ground_Poison_C'map03_p_WP:PersistentLevel.BP_Trap_Ground_Poison_C_UAID_04D9F5F93AD5FA3502_a44c2e6e6faa7d77_1225664467',,57922.625,6574.296,-2451.258,
SceneComponent,BP_Trap_Ground_Poison_C'map03_p_WP:PersistentLevel.BP_Trap_Ground_Poison_C_UAID_04D9F5F93AD5FA3502_a44c2e6e6faa7d77_1234848468',,58564.105,6239.154,-2446.4539,
SceneComponent,BP_Trap_Ground_Poison_C'map03_p_WP:PersistentLevel.BP_Trap_Ground_Poison_C_UAID_04D9F5F93AD5FA3502_a44c2e6e6faa7d77_1247908469',,59414.793,5805.923,-2456.9614,
SceneComponent,BP_Trapdoor_01a_C'map03_p_WP:PersistentLevel.BP_Trapdoor_01a_C_35267f9c3545d35c_1',,56222.73,31721.28,-4944.173,
SceneComponent,BP_Trapdoor_01a_C'map03_p_WP:PersistentLevel.BP_Trapdoor_01a_C_35267f9c3545d35c_3',,56177.395,29833.459,-4855.6826,
SceneComponent,BP_Trapdoor_01a_C'map03_p_WP:PersistentLevel.UNP_BP_Trapdoor_01a_0937f42e405261d3_0',,-11999.645,-114.71065,2838.6775,
SceneComponent,BP_Trapdoor_01a_C'map03_p_WP:PersistentLevel.UNP_BP_Trapdoor_01a_37a28efbd26adc60_0',,15044.809,-12729.657,1170.0562,
SceneComponent,BP_Trapdoor_01a_C'map03_p_WP:PersistentLevel.UNP_BP_Trapdoor_01a_9b091094a2e3f407_0',,-13665.676,47675.41,-1332.7823,
SceneComponent,BP_Trapdoor_01a_C'map03_p_WP:PersistentLevel.UNP_BP_Trapdoor_01a_ab5027526005fa55_0',,60854.645,17899.29,-1419.6436,
SceneComponent,BP_Trapdoor_01a_C'map03_p_WP:PersistentLevel.UNP_ChildActor_UAID_046874882494118C02_2389606fe4e70095_1381460958',,25409.805,26804.402,-769.3464,
SceneComponent,BP_Trapdoor_01a_C'map03_p_WP:PersistentLevel.UNP_ChildActor_UAID_046874882494118C02_2389606fe4e70095_1381889014',,16032.888,21613.6,-506.92886,
SceneComponent,BP_Trapdoor_01a_C'map03_p_WP:PersistentLevel.UNP_ChildActor_UAID_046874882494169202_12e65868fd8f26ee_1866913981',,37265.67,14615.268,2054.8352,
SceneComponent,BP_Trapdoor_01a_C'map03_p_WP:PersistentLevel.UNP_ChildActor_UAID_046874882494169202_12e65868fd8f26ee_1867127000',,35113.35,18006.486,2643.7288,
SceneComponent,BP_Trapdoor_01a_C'map03_p_WP:PersistentLevel.UNP_ChildActor_UAID_0468748824941D8B02_2c07323eb2e99beb_1278012807',,35650.754,9422.171,1647.8228,
SceneComponent,BP_Trapdoor_01a_C'map03_p_WP:PersistentLevel.UNP_ChildActor_UAID_0468748824942F8002_4f8bcf840b5012b1_1279797038',,-7644.5073,18020.38,508.0425,
SceneComponent,BP_Trapdoor_01a_C'map03_p_WP:PersistentLevel.UNP_ChildActor_UAID_046874882494BB8602_92f9112ff1518191_1741895284',,40133.168,-9075.066,-3290.4446,
SceneComponent,BP_Trapdoor_01a_C'map03_p_WP:PersistentLevel.UNP_Trapdoor_01_UAID_0468748824941D8B02_2c07323eb2e99beb_1278530834',,30541.146,8530.221,1649.8945,
SceneComponent,BP_Trapdoor_01a_C'map03_p_WP:PersistentLevel.UNP_Trapdoor_01_UAID_046874882494977D02_c01302f103af8f1c_1270707798',,42678.23,31612.248,-2367.742,
SceneComponent,BP_Trapdoor_01a_C'map03_p_WP:PersistentLevel.UNP_Trapdoor_01_c85329728f06dd80_0',,-15346.642,13835.694,347.29385,
SceneComponent,BP_Trapdoor_01a_C'map03_p_WP:PersistentLevel.UNP_Trapdoor_02_c85329728f06dd80_1',,-12615.076,14156.454,199.84193,
SceneComponent,BP_WeaponCache01_C'map03_p_WP:PersistentLevel.BP_WeaponCache01_C_UAID_04D9F5F93AD5463502_6050371b4132a7ae_1594069830',,24598.797,-14764.439,-4419.262,
SceneComponent,BP_WeaponCache02_C'map03_p_WP:PersistentLevel.BP_WeaponCache02_C_UAID_04D9F5F93AD5463502_6050371b4132a7ae_1535612829',,24324.94,-16375.147,-4428.468,
SceneComponent,BP_WeaponCache03_C'map03_p_WP:PersistentLevel.BP_WeaponCache03_C_UAID_04D9F5F93AD5463502_c6899ba472a785b4_1264790818',,-1348.3556,51014.938,-5603.1196,
SceneComponent,BP_WeaponCache04_C'map03_p_WP:PersistentLevel.BP_WeaponCache04_C_UAID_04D9F5F93AD5463502_83f36e3a3de27e74_1103252814',,-1610.2451,49488.26,-4290.277,
SceneComponent,BP_WeaponCache04_C'map03_p_WP:PersistentLevel.BP_WeaponCache04_C_UAID_04D9F5F93AD5463502_a44c2e6e6faa7d77_1103252814',,57312.582,6573.592,-2430.045,
SceneComponent,BP_WeaponCache05_C'map03_p_WP:PersistentLevel.BP_WeaponCache05_C_UAID_04D9F5F93AD5463502_c6899ba472a785b4_1289998819',,-2266.0571,49008.188,-5610.7334,
SceneComponent,BP_Window_Ext_Single_07a_Burned_C'map03_p_WP:PersistentLevel.UNP_BP_Window_Ext_Single_07a1_UAID_046874882494928402_29fb098085780a4e_1954944239',,27048.07,18490.82,213.16612,
SceneComponent,BP_Window_Ext_Single_07a_Burned_C'map03_p_WP:PersistentLevel.UNP_BP_Window_Ext_Single_07a1_UAID_046874882494928402_29fb098085780a4e_1956298515',,29768.84,19181.254,363.2865,
SceneComponent,BP_Window_Ext_Single_07a_Burned_C'map03_p_WP:PersistentLevel.UNP_BP_Window_Ext_Single_07a2_UAID_046874882494928402_29fb098085780a4e_1954953242',,27771.805,18419.623,210.83133,
SceneComponent,BP_Window_Ext_Single_07a_Burned_C'map03_p_WP:PersistentLevel.UNP_BP_Window_Ext_Single_07a_UAID_046874882494928402_29fb098085780a4e_1954947240',,27527.809,17717.652,215.38287,
SceneComponent,BP_Window_Ext_Single_07a_C'map03_p_WP:PersistentLevel.BP_Window_Ext_Single_07a_C_35267f9c3545d35c_0',,56004.17,29844.652,-4738.2324,
SceneComponent,BP_Window_Ext_Single_07a_C'map03_p_WP:PersistentLevel.BP_Window_Ext_Single_07a_C_35267f9c3545d35c_1',,56193.633,29519.838,-4738.2324,
SceneComponent,BP_Window_Ext_Single_07a_C'map03_p_WP:PersistentLevel.BP_Window_Ext_Single_07a_C_35267f9c3545d35c_10',,55142.668,29132.955,-4719.2046,
SceneComponent,BP_Window_Ext_Single_07a_C'map03_p_WP:PersistentLevel.BP_Window_Ext_Single_07a_C_35267f9c3545d35c_13',,57366.754,29049.025,-5200.3335,
SceneComponent,BP_Window_Ext_Single_07a_C'map03_p_WP:PersistentLevel.BP_Window_Ext_Single_07a_C_35267f9c3545d35c_2',,56419.258,29655.072,-4738.2324,
SceneComponent,BP_Window_Ext_Single_07a_C'map03_p_WP:PersistentLevel.BP_Window_Ext_Single_07a_C_35267f9c3545d35c_3',,56613.727,30606.246,-4738.2324,
SceneComponent,BP_Window_Ext_Single_07a_C'map03_p_WP:PersistentLevel.BP_Window_Ext_Single_07a_C_35267f9c3545d35c_4',,56227.637,29978.594,-4738.2324,
SceneComponent,BP_Window_Ext_Single_07a_C'map03_p_WP:PersistentLevel.BP_Window_Ext_Single_07a_C_35267f9c3545d35c_5',,56473.52,30125.969,-4738.2324,
SceneComponent,BP_Window_Ext_Single_07a_C'map03_p_WP:PersistentLevel.BP_Window_Ext_Single_07a_C_UAID_581CF8B723150A2B02_35267f9c3545d35c_1612701016',,56881.613,30159.305,-3897.9817,
SceneComponent,BP_Window_Ext_Single_07a_C'map03_p_WP:PersistentLevel.UNP_BP_Window_Ext_Single_07a1_248ca04a73e0c586_0',,37236.625,19796.744,2220.174,
SceneComponent,BP_Window_Ext_Single_07a_C'map03_p_WP:PersistentLevel.UNP_BP_Window_Ext_Single_07a1_6ed99d200bbadc17_1',,12868.807,44762.848,-2887.0354,
SceneComponent,BP_Window_Ext_Single_07a_C'map03_p_WP:PersistentLevel.UNP_BP_Window_Ext_Single_07a1_UAID_046874882494907E02_f6ac66adf17bf997_1359989944',,-20125.764,21141.244,-1395.7095,
SceneComponent,BP_Window_Ext_Single_07a_C'map03_p_WP:PersistentLevel.UNP_BP_Window_Ext_Single_07a1_UAID_046874882494907E02_f6ac66adf17bf997_1360750017',,-19727.365,23358.86,-1395.7095,
SceneComponent,BP_Window_Ext_Single_07a_C'map03_p_WP:PersistentLevel.UNP_BP_Window_Ext_Single_07a1_UAID_046874882494928402_29fb098085780a4e_1954636193',,17195.691,15395.759,87.30775,
SceneComponent,BP_Window_Ext_Single_07a_C'map03_p_WP:PersistentLevel.UNP_BP_Window_Ext_Single_07a1_UAID_046874882494D77F02_46c6e786a3fd7089_1404783906',,26289.092,41153.04,-2326.2368,
SceneComponent,BP_Window_Ext_Single_07a_C'map03_p_WP:PersistentLevel.UNP_BP_Window_Ext_Single_07a1_UAID_046874882494D77F02_46c6e786a3fd7089_1405186983',,23479.203,40554.562,-2326.2368,
SceneComponent,BP_Window_Ext_Single_07a_C'map03_p_WP:PersistentLevel.UNP_BP_Window_Ext_Single_07a1_UAID_046874882494D77F02_46c6e786a3fd7089_1405616055',,24539.973,39673.875,-2326.237,
SceneComponent,BP_Window_Ext_Single_07a_C'map03_p_WP:PersistentLevel.UNP_BP_Window_Ext_Single_07a1_UAID_046874882494F98A02_2c07323eb2e99beb_2107013984',,34423.812,8017.221,1229.6201,
SceneComponent,BP_Window_Ext_Single_07a_C'map03_p_WP:PersistentLevel.UNP_BP_Window_Ext_Single_07a1_UAID_046874882494F98A02_2c07323eb2e99beb_2107492061',,32317.361,9578.912,1227.8234,
SceneComponent,BP_Window_Ext_Single_07a_C'map03_p_WP:PersistentLevel.UNP_BP_Window_Ext_Single_07a1_UAID_046874882494F98A02_2c07323eb2e99beb_2107984133',,32610.193,7551.3887,1236.252,
SceneComponent,BP_Window_Ext_Single_07a_C'map03_p_WP:PersistentLevel.UNP_BP_Window_Ext_Single_07a1_UAID_18C04DA8201B437902_b67ec8a3d8d2e891_1437725262',,-4755.449,37851.742,-2464.082,
SceneComponent,BP_Window_Ext_Single_07a_C'map03_p_WP:PersistentLevel.UNP_BP_Window_Ext_Single_07a1_a08f056012bf1a67_1',,49778.215,29747.828,-4276.4434,
SceneComponent,BP_Window_Ext_Single_07a_C'map03_p_WP:PersistentLevel.UNP_BP_Window_Ext_Single_07a1_d13aeda62c2404aa_1',,44470.926,13220.408,2227.2847,
SceneComponent,BP_Window_Ext_Single_07a_C'map03_p_WP:PersistentLevel.UNP_BP_Window_Ext_Single_07a2_248ca04a73e0c586_1',,36523.164,20000.25,2220.174,
SceneComponent,BP_Window_Ext_Single_07a_C'map03_p_WP:PersistentLevel.UNP_BP_Window_Ext_Single_07a2_6ed99d200bbadc17_2',,13405.313,45253.793,-2887.0354,
SceneComponent,BP_Window_Ext_Single_07a_C'map03_p_WP:PersistentLevel.UNP_BP_Window_Ext_Single_07a2_UAID_046874882494907E02_f6ac66adf17bf997_1359991945',,-19904.383,20448.53,-1395.7095,
SceneComponent,BP_Window_Ext_Single_07a_C'map03_p_WP:PersistentLevel.UNP_BP_Window_Ext_Single_07a2_UAID_046874882494907E02_f6ac66adf17bf997_1360745015',,-20113.725,23992.238,-1395.7095,
SceneComponent,BP_Window_Ext_Single_07a_C'map03_p_WP:PersistentLevel.UNP_BP_Window_Ext_Single_07a2_UAID_046874882494928402_29fb098085780a4e_1954638194',,17451.865,16076.376,87.30775,
SceneComponent,BP_Window_Ext_Single_07a_C'map03_p_WP:PersistentLevel.UNP_BP_Window_Ext_Single_07a2_UAID_046874882494D77F02_46c6e786a3fd7089_1404786907',,25643.133,40818.973,-2326.2368,
SceneComponent,BP_Window_Ext_Single_07a_C'map03_p_WP:PersistentLevel.UNP_BP_Window_Ext_Single_07a2_UAID_046874882494D77F02_46c6e786a3fd7089_1405170977',,22826.27,40340.9,-2326.2368,
SceneComponent,BP_Window_Ext_Single_07a_C'map03_p_WP:PersistentLevel.UNP_BP_Window_Ext_Single_07a2_UAID_046874882494D77F02_46c6e786a3fd7089_1405610053',,25015.014,40243.77,-2326.237,
SceneComponent,BP_Window_Ext_Single_07a_C'map03_p_WP:PersistentLevel.UNP_BP_Window_Ext_Single_07a2_UAID_046874882494F98A02_2c07323eb2e99beb_2107016985',,34872.215,7444.682,1229.6201,
SceneComponent,BP_Window_Ext_Single_07a_C'map03_p_WP:PersistentLevel.UNP_BP_Window_Ext_Single_07a2_UAID_046874882494F98A02_2c07323eb2e99beb_2107476055',,31736.127,9945.166,1227.8234,
SceneComponent,BP_Window_Ext_Single_07a_C'map03_p_WP:PersistentLevel.UNP_BP_Window_Ext_Single_07a2_UAID_046874882494F98A02_2c07323eb2e99beb_2107978131',,32507.13,6816.6636,1236.252,
SceneComponent,BP_Window_Ext_Single_07a_C'map03_p_WP:PersistentLevel.UNP_BP_Window_Ext_Single_07a2_UAID_18C04DA8201B437902_b67ec8a3d8d2e891_1437728263',,-4891.387,38566.156,-2464.082,
SceneComponent,BP_Window_Ext_Single_07a_C'map03_p_WP:PersistentLevel.UNP_BP_Window_Ext_Single_07a2_a08f056012bf1a67_2',,49126.56,30070.639,-4276.4434,
SceneComponent,BP_Window_Ext_Single_07a_C'map03_p_WP:PersistentLevel.UNP_BP_Window_Ext_Single_07a2_d13aeda62c2404aa_2',,44356.63,13938.602,2227.2847,
SceneComponent,BP_Window_Ext_Single_07a_C'map03_p_WP:PersistentLevel.UNP_BP_Window_Ext_Single_07a3_0937f42e405261d3_1',,-12167.808,7.448058,2941.3542,
SceneComponent,BP_Window_Ext_Single_07a_C'map03_p_WP:PersistentLevel.UNP_BP_Window_Ext_Single_07a3_248ca04a73e0c586_2',,36739.28,19190.729,2220.174,
SceneComponent,BP_Window_Ext_Single_07a_C'map03_p_WP:PersistentLevel.UNP_BP_Window_Ext_Single_07a3_37a28efbd26adc60_1',,14953.676,-12542.852,1272.733,
SceneComponent,BP_Window_Ext_Single_07a_C'map03_p_WP:PersistentLevel.UNP_BP_Window_Ext_Single_07a3_9b091094a2e3f407_1',,-13831.312,47549.844,-1230.1055,
SceneComponent,BP_Window_Ext_Single_07a_C'map03_p_WP:PersistentLevel.UNP_BP_Window_Ext_Single_07a3_UAID_046874882494907E02_f6ac66adf17bf997_1360753018',,-20503.84,23250.725,-1395.7095,
SceneComponent,BP_Window_Ext_Single_07a_C'map03_p_WP:PersistentLevel.UNP_BP_Window_Ext_Single_07a3_UAID_046874882494D77F02_46c6e786a3fd7089_1405175979',,23625.295,40103.016,-2326.2368,
SceneComponent,BP_Window_Ext_Single_07a_C'map03_p_WP:PersistentLevel.UNP_BP_Window_Ext_Single_07a3_UAID_046874882494D77F02_46c6e786a3fd7089_1405618056',,24187.33,40374.055,-2326.237,
SceneComponent,BP_Window_Ext_Single_07a_C'map03_p_WP:PersistentLevel.UNP_BP_Window_Ext_Single_07a3_UAID_046874882494F98A02_2c07323eb2e99beb_2107481057',,32063.006,9178.236,1227.8234,
SceneComponent,BP_Window_Ext_Single_07a_C'map03_p_WP:PersistentLevel.UNP_BP_Window_Ext_Single_07a3_UAID_046874882494F98A02_2c07323eb2e99beb_2107987134',,33279.066,7142.4697,1236.252,
SceneComponent,BP_Window_Ext_Single_07a_C'map03_p_WP:PersistentLevel.UNP_BP_Window_Ext_Single_07a3_ab5027526005fa55_1',,60695.723,18033.248,-1316.9667,
SceneComponent,BP_Window_Ext_Single_07a_C'map03_p_WP:PersistentLevel.UNP_BP_Window_Ext_Single_07a4_0937f42e405261d3_2',,-11959.098,-542.137,2940.6375,
SceneComponent,BP_Window_Ext_Single_07a_C'map03_p_WP:PersistentLevel.UNP_BP_Window_Ext_Single_07a4_37a28efbd26adc60_2',,14879.952,-13126.091,1272.0162,
SceneComponent,BP_Window_Ext_Single_07a_C'map03_p_WP:PersistentLevel.UNP_BP_Window_Ext_Single_07a4_9b091094a2e3f407_2',,-13244.831,47590.395,-1230.8223,
SceneComponent,BP_Window_Ext_Single_07a_C'map03_p_WP:PersistentLevel.UNP_BP_Window_Ext_Single_07a4_UAID_046874882494D77F02_46c6e786a3fd7089_1405180981',,22972.223,39889.78,-2326.2368,
SceneComponent,BP_Window_Ext_Single_07a_C'map03_p_WP:PersistentLevel.UNP_BP_Window_Ext_Single_07a4_UAID_046874882494F98A02_2c07323eb2e99beb_2107486059',,31482.014,9544.872,1227.8234,
SceneComponent,BP_Window_Ext_Single_07a_C'map03_p_WP:PersistentLevel.UNP_BP_Window_Ext_Single_07a4_ab5027526005fa55_2',,60864.285,17470.053,-1317.6835,
SceneComponent,BP_Window_Ext_Single_07a_C'map03_p_WP:PersistentLevel.UNP_BP_Window_Ext_Single_07a5_UAID_046874882494D77F02_46c6e786a3fd7089_1405183982',,22706.924,40709.78,-2326.2368,
SceneComponent,BP_Window_Ext_Single_07a_C'map03_p_WP:PersistentLevel.UNP_BP_Window_Ext_Single_07a5_UAID_046874882494F98A02_2c07323eb2e99beb_2107489060',,31943.918,10272.489,1227.8234,
SceneComponent,BP_Window_Ext_Single_07a_C'map03_p_WP:PersistentLevel.UNP_BP_Window_Ext_Single_07a_0937f42e405261d3_0',,-11800.447,-176.07127,2941.4111,
SceneComponent,BP_Window_Ext_Single_07a_C'map03_p_WP:PersistentLevel.UNP_BP_Window_Ext_Single_07a_37a28efbd26adc60_0',,15191.885,-12877.35,1272.7898,
SceneComponent,BP_Window_Ext_Single_07a_C'map03_p_WP:PersistentLevel.UNP_BP_Window_Ext_Single_07a_6ed99d200bbadc17_0',,13764.612,44603.234,-2887.0354,
SceneComponent,BP_Window_Ext_Single_07a_C'map03_p_WP:PersistentLevel.UNP_BP_Window_Ext_Single_07a_9b091094a2e3f407_0',,-13549.241,47848.29,-1230.0487,
SceneComponent,BP_Window_Ext_Single_07a_C'map03_p_WP:PersistentLevel.UNP_BP_Window_Ext_Single_07a_UAID_046874882494907E02_f6ac66adf17bf997_1359975939',,-20645.594,20394.438,-1395.7095,
SceneComponent,BP_Window_Ext_Single_07a_C'map03_p_WP:PersistentLevel.UNP_BP_Window_Ext_Single_07a_UAID_046874882494928402_29fb098085780a4e_1954621188',,18066.72,15658.915,87.30775,
SceneComponent,BP_Window_Ext_Single_07a_C'map03_p_WP:PersistentLevel.UNP_BP_Window_Ext_Single_07a_UAID_046874882494D77F02_46c6e786a3fd7089_1404770901',,25465.895,41540.71,-2326.2368,
SceneComponent,BP_Window_Ext_Single_07a_C'map03_p_WP:PersistentLevel.UNP_BP_Window_Ext_Single_07a_UAID_046874882494F98A02_2c07323eb2e99beb_2106999979',,34196.047,7136.2754,1229.6201,
SceneComponent,BP_Window_Ext_Single_07a_C'map03_p_WP:PersistentLevel.UNP_BP_Window_Ext_Single_07a_UAID_18C04DA8201B437902_b67ec8a3d8d2e891_1437718259',,-4149.0776,38530.164,-2464.082,
SceneComponent,BP_Window_Ext_Single_07a_C'map03_p_WP:PersistentLevel.UNP_BP_Window_Ext_Single_07a_a08f056012bf1a67_0',,49603.285,30640.768,-4276.4434,
SceneComponent,BP_Window_Ext_Single_07a_C'map03_p_WP:PersistentLevel.UNP_BP_Window_Ext_Single_07a_ab5027526005fa55_0',,61048.902,17823.734,-1316.9099,
SceneComponent,BP_Window_Ext_Single_07a_C'map03_p_WP:PersistentLevel.UNP_BP_Window_Ext_Single_07a_d13aeda62c2404aa_0',,45097.51,13880.203,2227.2847,
SceneComponent,BP_Window_Ext_Single_08a_C'map03_p_WP:PersistentLevel.UNP_BP_Window_Ext_Single_07a3_c85329728f06dd80_1',,-14239.513,12454.998,-55.555264,
SceneComponent,BP_Window_Ext_Single_08a_C'map03_p_WP:PersistentLevel.UNP_BP_Window_Ext_Single_07a4_c85329728f06dd80_2',,-14408.955,15038.268,-55.555264,
SceneComponent,BP_Window_Ext_Single_08a_C'map03_p_WP:PersistentLevel.UNP_BP_Window_Ext_Single_07a_c85329728f06dd80_0',,-14731.308,12809.939,-55.555264,
SceneComponent,BP_Window_Ext_Single_09a_Breakable_C'map03_p_WP:PersistentLevel.BP_Window_Ext_Single_07a_C_35267f9c3545d35c_12',,55313.355,29234.283,-5282.9214,
SceneComponent,BP_Window_Ext_Single_09a_Breakable_C'map03_p_WP:PersistentLevel.BP_Window_Ext_Single_07a_C_35267f9c3545d35c_14',,58024.66,29598.371,-4351.9907,
SceneComponent,BP_Window_Ext_Single_09a_Breakable_C'map03_p_WP:PersistentLevel.BP_Window_Ext_Single_07a_C_35267f9c3545d35c_15',,57376.465,29209.857,-4351.9907,
SceneComponent,BP_Window_Ext_Single_09a_Breakable_C'map03_p_WP:PersistentLevel.BP_Window_Ext_Single_07a_C_35267f9c3545d35c_16',,57233.867,30747.574,-3606.3342,
SceneComponent,BP_Window_Ext_Single_09a_Breakable_C'map03_p_WP:PersistentLevel.BP_Window_Ext_Single_07a_C_35267f9c3545d35c_17',,57563.145,30198.209,-3606.3342,
SceneComponent,BP_Window_Ext_Single_09a_Breakable_C'map03_p_WP:PersistentLevel.BP_Window_Ext_Single_07a_C_35267f9c3545d35c_18',,56863.434,30525.543,-3606.3342,
SceneComponent,BP_Window_Ext_Single_09a_Breakable_C'map03_p_WP:PersistentLevel.BP_Window_Ext_Single_07a_C_35267f9c3545d35c_19',,57192.71,29976.18,-3606.3342,
SceneComponent,BP_Window_Ext_Single_09a_Breakable_C'map03_p_WP:PersistentLevel.BP_Window_Ext_Single_07a_C_35267f9c3545d35c_6',,57168.055,29380.549,-4719.7974,
SceneComponent,BP_Window_Ext_Single_09a_Breakable_C'map03_p_WP:PersistentLevel.BP_Window_Ext_Single_07a_C_35267f9c3545d35c_7',,57387.18,29014.96,-4719.7974,
SceneComponent,BP_Window_Ext_Single_09a_Breakable_C'map03_p_WP:PersistentLevel.BP_Window_Ext_Single_07a_C_35267f9c3545d35c_8',,58333.562,29622.592,-4812.197,
SceneComponent,BP_Window_Ext_Single_09a_Breakable_C'map03_p_WP:PersistentLevel.BP_Window_Ext_Single_07a_C_35267f9c3545d35c_9',,58197.18,29849.33,-4812.197,
SceneComponent,BP_Window_Ext_Single_09a_Breakable_C'map03_p_WP:PersistentLevel.BP_Window_Ext_Single_07a_C_UAID_581CF8B72315B93A02_35267f9c3545d35c_1955512135',,57541.656,30553.482,-4203.199,
SceneComponent,BP_Window_Large_01a_C'map03_p_WP:PersistentLevel.UNP_BP_Window_195x105_BST_02b_c85329728f06dd80_0',,-15647.023,14151.1045,424.325,
SceneComponent,BP_Window_Large_01a_C'map03_p_WP:PersistentLevel.UNP_BP_Window_Large_01a1_c85329728f06dd80_4',,-14543.968,14253.855,424.325,
SceneComponent,BP_Window_Large_01a_C'map03_p_WP:PersistentLevel.UNP_BP_Window_Large_01a2_c85329728f06dd80_2',,-15166.136,14568.213,424.325,
SceneComponent,BP_Window_Large_01a_C'map03_p_WP:PersistentLevel.UNP_BP_Window_Large_01a3_c85329728f06dd80_3',,-16126.008,13735.6455,424.325,
SceneComponent,BP_Window_Large_01a_C'map03_p_WP:PersistentLevel.UNP_BP_Window_Large_01a4_c85329728f06dd80_5',,-15380.145,13228.165,424.325,
SceneComponent,BP_Window_Large_01a_C'map03_p_WP:PersistentLevel.UNP_BP_Window_Large_01a_c85329728f06dd80_1',,-14602.478,13902.854,424.325,
SceneComponent,BP_Window_Large_01d_C'map03_p_WP:PersistentLevel.UNP_BP_Window_195x105_BST_02b1_c85329728f06dd80_0',,-15649.699,14154.189,820.94037,
SceneComponent,BP_Window_Stable_01a_Burned_C'map03_p_WP:PersistentLevel.BP_Window_Stable_01a_Burned_C_UAID_046874882494928402_29fb098085780a4e_1956295514',,30053.227,18026.193,283.2636,
SceneComponent,BP_Window_Stable_01a_Burned_C'map03_p_WP:PersistentLevel.BP_Window_Stable_01a_Burned_C_UAID_046874882494928402_29fb098085780a4e_1956311520',,29127.232,17556.42,283.2636,
SceneComponent,BP_Window_Stable_01a_Burned_C'map03_p_WP:PersistentLevel.BP_Window_Stable_01a_Burned_C_UAID_046874882494928402_29fb098085780a4e_1956314521',,29070.807,17782.553,283.2636,
SceneComponent,BP_Window_Stable_01a_C'map03_p_WP:PersistentLevel.BP_Window_Stable_01a_C_35267f9c3545d35c_0',,55933.97,31736.527,-4812.218,
SceneComponent,BP_Window_Stable_01a_C'map03_p_WP:PersistentLevel.BP_Window_Stable_01a_C_35267f9c3545d35c_1',,56566.473,32121.598,-4812.218,
SceneComponent,BP_Window_Stable_01a_C'map03_p_WP:PersistentLevel.BP_Window_Stable_01a_C_35267f9c3545d35c_2',,56439.887,32331.115,-4812.218,
SceneComponent,BP_Window_Stable_01a_C'map03_p_WP:PersistentLevel.BP_Window_Stable_01a_C_35267f9c3545d35c_3',,55394.715,29621.834,-4746.2324,
SceneComponent,BP_Window_Stable_01a_C'map03_p_WP:PersistentLevel.UNP_BP_Window_Stable_01a_c85329728f06dd80_0',,-14984.123,13545.648,443.88116,
SceneComponent,BP_Window_Stable_02a_C'map03_p_WP:PersistentLevel.StaticMeshActor_35267f9c3545d35c_125',,56110.406,31651.5,-5282.965,
SceneComponent,BP_Window_Stable_02a_C'map03_p_WP:PersistentLevel.StaticMeshActor_35267f9c3545d35c_29',,56403.99,32183.701,-5255.3667,
SceneComponent,BP_WoodenDoor_Ext_01a_C'map03_p_WP:PersistentLevel.BP_WoodenDoor_Ext_01a_C_UAID_046874882494168102_20c886124a4a6cac_1350021476',,-309.20123,15579.509,-106.41789,
SceneComponent,BP_WoodenDoor_Ext_01a_C'map03_p_WP:PersistentLevel.BP_WoodenDoor_Ext_01a_C_UAID_046874882494168102_20c886124a4a6cac_1350440489',,-85.63822,12096.758,-120.152626,
SceneComponent,BP_WoodenDoor_Ext_01a_C'map03_p_WP:PersistentLevel.BP_WoodenDoor_Ext_01a_C_UAID_0468748824944A8902_35267f9c3545d35c_1905774632',,56647.2,30531.264,-5416.0024,
SceneComponent,BP_WoodenDoor_Ext_01a_C'map03_p_WP:PersistentLevel.BP_WoodenDoor_Ext_01a_C_UAID_0468748824944A8902_35267f9c3545d35c_1906003646',,57906.74,29112.955,-5415.435,
SceneComponent,BP_WoodenDoor_Ext_01a_C'map03_p_WP:PersistentLevel.BP_WoodenDoor_Ext_01a_C_UAID_046874882494938402_29fb098085780a4e_1498919140',,20877.549,13031.355,162.84435,
SceneComponent,BP_WoodenDoor_Ext_01a_C'map03_p_WP:PersistentLevel.BP_WoodenDoor_Ext_01a_C_UAID_046874882494938402_29fb098085780a4e_1806125950',,28893.438,18588.332,164.75386,
SceneComponent,BP_WoodenDoor_Ext_01a_C'map03_p_WP:PersistentLevel.BP_WoodenDoor_Ext_01a_C_UAID_046874882494AD8D02_e866662526208594_1994623627',,40068.043,50314.176,-3661.8047,
SceneComponent,BP_WoodenDoor_Ext_01a_C'map03_p_WP:PersistentLevel.BP_WoodenDoor_Ext_01a_C_UAID_046874882494BB8602_92f9112ff1518191_1729444894',,38908.105,-11357.774,-3835.376,
SceneComponent,BP_WoodenDoor_Ext_01a_C'map03_p_WP:PersistentLevel.BP_WoodenDoor_Ext_01a_C_UAID_046874882494D77F02_46c6e786a3fd7089_1407244123',,27252.334,39698.53,-2455.3926,
SceneComponent,BP_WoodenDoor_Ext_01a_C'map03_p_WP:PersistentLevel.BP_WoodenDoor_Ext_01a_C_UAID_046874882494D77F02_46c6e786a3fd7089_1407456134',,22731.268,42195.887,-2451.167,
SceneComponent,BP_WoodenDoor_Ext_01a_C'map03_p_WP:PersistentLevel.BP_WoodenDoor_Ext_01a_C_UAID_046874882494F98A02_2c07323eb2e99beb_1934142431',,34182.613,10819.558,1107.144,
SceneComponent,BP_WoodenDoor_Ext_01a_C'map03_p_WP:PersistentLevel.BP_WoodenDoor_Ext_01a_C_UAID_04D9F5F93AD5FB6102_5f4c60a048f63850_1747107106',,12207.873,39253.473,-2245.284,
SceneComponent,BP_WoodenDoor_Ext_01a_C'map03_p_WP:PersistentLevel.BP_WoodenDoor_Ext_01a_C_UAID_18C04DA8201B447902_b67ec8a3d8d2e891_1586998625',,-6067.4883,34000.035,-2597.2803,
SceneComponent,BP_WoodenDoor_Ext_01a_C'map03_p_WP:PersistentLevel.BP_WoodenDoor_Ext_01a_C_UAID_18C04DA8201B447902_b67ec8a3d8d2e891_1587523636',,-6097.1094,38239.38,-2621.9133,
SceneComponent,BP_WoodenDoor_Ext_02a_C'map03_p_WP:PersistentLevel.BP_WoodenDoor_Ext_01a_C_UAID_046874882494169202_12e65868fd8f26ee_1862957796',,37231.402,13959.326,1495.3546,
SceneComponent,C_BeerBarrels_01a_Spawner_C'map03_p_WP:PersistentLevel.C_BeerBarrels_01a_Spawner_C_UAID_00FF8EFC2BEFF08202_e866662526208594_1638474955',,37535.207,52453.465,-3589.8455,
SceneComponent,C_BeerBarrels_01a_Spawner_C'map03_p_WP:PersistentLevel.C_BeerBarrels_01a_Spawner_C_UAID_10FFE0F0DC0E47D002_2c07323eb2e99beb_1274870096',,32528.914,10010.712,1142.5435,
SceneComponent,C_BeerBarrels_01a_Spawner_C'map03_p_WP:PersistentLevel.LevelInstance_UAID_00FF8EFC2BEFF28202_b67ec8a3d8d2e891_1431596921',,-6470.7954,37980.465,-2596.3516,
SceneComponent,C_BeerBarrels_01a_Spawner_C'map03_p_WP:PersistentLevel.LevelInstance_UAID_04D9F5F93AD57E6402_12e65868fd8f26ee_1956066683',,45061.086,14056.954,2100.229,
SceneComponent,C_Wardrobe_01a_Spawner_C'map03_p_WP:PersistentLevel.C_Wardrobe_01a_Spawner_C_35267f9c3545d35c_1',,57644.04,29021.477,-4850.325,
SceneComponent,C_Wardrobe_02a_Spawner_C'map03_p_WP:PersistentLevel.C_Wardrobe_02a_Spawner_C_35267f9c3545d35c_1',,57064.027,30016.414,-4850.3184,
SceneComponent,C_Wardrobe_02a_Spawner_C'map03_p_WP:PersistentLevel.UNP_C_Wardrobe_02a_Spawner1_248ca04a73e0c586_1',,36390.176,19771.748,2135.174,
SceneComponent,C_Wardrobe_02a_Spawner_C'map03_p_WP:PersistentLevel.UNP_C_Wardrobe_02a_Spawner1_6ed99d200bbadc17_1',,13214.093,45126.57,-2972.0354,
SceneComponent,C_Wardrobe_02a_Spawner_C'map03_p_WP:PersistentLevel.UNP_C_Wardrobe_02a_Spawner1_UAID_046874882494907E02_f6ac66adf17bf997_1359949924',,-19939.91,20675.44,-1480.7095,
SceneComponent,C_Wardrobe_02a_Spawner_C'map03_p_WP:PersistentLevel.UNP_C_Wardrobe_02a_Spawner1_UAID_046874882494907E02_f6ac66adf17bf997_1360720001',,-20366.416,23914.482,-1480.7095,
SceneComponent,C_Wardrobe_02a_Spawner_C'map03_p_WP:PersistentLevel.UNP_C_Wardrobe_02a_Spawner1_UAID_046874882494928402_29fb098085780a4e_1954594173',,17338.943,15876.378,2.30775,
SceneComponent,C_Wardrobe_02a_Spawner_C'map03_p_WP:PersistentLevel.UNP_C_Wardrobe_02a_Spawner1_UAID_046874882494D77F02_46c6e786a3fd7089_1404743886',,25860.912,40891.93,-2411.2368,
SceneComponent,C_Wardrobe_02a_Spawner_C'map03_p_WP:PersistentLevel.UNP_C_Wardrobe_02a_Spawner1_UAID_046874882494D77F02_46c6e786a3fd7089_1405586039',,24859.957,40457.91,-2411.237,
SceneComponent,C_Wardrobe_02a_Spawner_C'map03_p_WP:PersistentLevel.UNP_C_Wardrobe_02a_Spawner1_UAID_046874882494F98A02_2c07323eb2e99beb_2106970964',,34760.016,7645.0874,1144.6201,
SceneComponent,C_Wardrobe_02a_Spawner_C'map03_p_WP:PersistentLevel.UNP_C_Wardrobe_02a_Spawner1_UAID_046874882494F98A02_2c07323eb2e99beb_2107951117',,32751.805,6716.4956,1151.252,
SceneComponent,C_Wardrobe_02a_Spawner_C'map03_p_WP:PersistentLevel.UNP_C_Wardrobe_02a_Spawner1_UAID_18C04DA8201B437902_b67ec8a3d8d2e891_1437690243',,-4883.576,38336.613,-2549.082,
SceneComponent,C_Wardrobe_02a_Spawner_C'map03_p_WP:PersistentLevel.UNP_C_Wardrobe_02a_Spawner1_a08f056012bf1a67_1',,49314.29,29938.322,-4361.4434,
SceneComponent,C_Wardrobe_02a_Spawner_C'map03_p_WP:PersistentLevel.UNP_C_Wardrobe_02a_Spawner1_d13aeda62c2404aa_1',,44357.504,13708.928,2142.2847,
SceneComponent,C_Wardrobe_02a_Spawner_C'map03_p_WP:PersistentLevel.UNP_C_Wardrobe_02a_Spawner_248ca04a73e0c586_0',,36403.84,19030.86,2135.174,
SceneComponent,C_Wardrobe_02a_Spawner_C'map03_p_WP:PersistentLevel.UNP_C_Wardrobe_02a_Spawner_6ed99d200bbadc17_0',,12526.851,44981.027,-2972.0354,
SceneComponent,C_Wardrobe_02a_Spawner_C'map03_p_WP:PersistentLevel.UNP_C_Wardrobe_02a_Spawner_UAID_046874882494907E02_f6ac66adf17bf997_1359967934',,-19784.512,21360.521,-1480.7095,
SceneComponent,C_Wardrobe_02a_Spawner_C'map03_p_WP:PersistentLevel.UNP_C_Wardrobe_02a_Spawner_UAID_046874882494907E02_f6ac66adf17bf997_1360741013',,-20858.783,23360.697,-1480.7095,
SceneComponent,C_Wardrobe_02a_Spawner_C'map03_p_WP:PersistentLevel.UNP_C_Wardrobe_02a_Spawner_UAID_046874882494928402_29fb098085780a4e_1954611183',,16792.014,15435.5205,2.30775,
SceneComponent,C_Wardrobe_02a_Spawner_C'map03_p_WP:PersistentLevel.UNP_C_Wardrobe_02a_Spawner_UAID_046874882494D77F02_46c6e786a3fd7089_1404760896',,26562.33,40853.242,-2411.2368,
SceneComponent,C_Wardrobe_02a_Spawner_C'map03_p_WP:PersistentLevel.UNP_C_Wardrobe_02a_Spawner_UAID_046874882494D77F02_46c6e786a3fd7089_1405607051',,24177.027,40745.5,-2411.237,
SceneComponent,C_Wardrobe_02a_Spawner_C'map03_p_WP:PersistentLevel.UNP_C_Wardrobe_02a_Spawner_UAID_046874882494F98A02_2c07323eb2e99beb_2106989974',,34667.547,8341.46,1144.6201,
SceneComponent,C_Wardrobe_02a_Spawner_C'map03_p_WP:PersistentLevel.UNP_C_Wardrobe_02a_Spawner_UAID_046874882494F98A02_2c07323eb2e99beb_2107975129',,33483.715,6832.311,1151.252,
SceneComponent,C_Wardrobe_02a_Spawner_C'map03_p_WP:PersistentLevel.UNP_C_Wardrobe_02a_Spawner_UAID_18C04DA8201B437902_b67ec8a3d8d2e891_1437712256',,-5120.7266,37675.367,-2549.082,
SceneComponent,C_Wardrobe_02a_Spawner_C'map03_p_WP:PersistentLevel.UNP_C_Wardrobe_02a_Spawner_a08f056012bf1a67_0',,49698.37,29350.133,-4361.4434,
SceneComponent,C_Wardrobe_02a_Spawner_C'map03_p_WP:PersistentLevel.UNP_C_Wardrobe_02a_Spawner_d13aeda62c2404aa_0',,44100.484,13055.148,2142.2847,
SceneComponent,CineCameraActor'map03_p_WP:PersistentLevel.CineCameraActor_UAID_D843AE1A93E5ED5102_1307728938',,29603.428,23551.54,-785.47,
SceneComponent,CineCameraActor'map03_p_WP:PersistentLevel.CineCameraActor_UAID_D843AE1A93E5ED5102_1538885940',,26852.086,16551.596,893.2608,
SceneComponent,CineCameraActor'map03_p_WP:PersistentLevel.CineCameraActor_UAID_D843AE1A93E5ED5102_1960690941',,43928.062,34623.133,-676.2406,
SceneComponent,CineCameraActor'map03_p_WP:PersistentLevel.CineCameraActor_UAID_D843AE1A93E5F05102_1166910470',,51072.863,32096.486,-3001.8345,
SceneComponent,CineCameraActor'map03_p_WP:PersistentLevel.CineCameraActor_UAID_D843AE1A93E5F05102_1359106471',,3531.7065,12056.681,938.1435,
SceneComponent,CineCameraActor'map03_p_WP:PersistentLevel.CineCameraActor_UAID_D843AE1A93E5F05102_1512546472',,-1476.3715,12612.768,900.89075,
SceneComponent,CineCameraActor'map03_p_WP:PersistentLevel.CineCameraActor_UAID_D843AE1A93E5F05102_1726910473',,34253.367,5256.5674,2136.6177,
SceneComponent,DNU_SoundTrap_Crow_Line_01a_C'map03_p_WP:PersistentLevel.DNU_SoundTrap_Crow_Line_01a_C_UAID_00FF8EFC2BEFD1E202_1252441185',,47018.152,16544.084,-671.5976,
SceneComponent,InstancedFoliageActor'map03_p_WP:PersistentLevel.InstancedFoliageActor_25600_-1_-1_-1_F9BFF03',,-12800.0,-12800.0,-12800.0,
SceneComponent,InstancedFoliageActor'map03_p_WP:PersistentLevel.InstancedFoliageActor_25600_-1_0_-1_F9BFF03',,-12800.0,12800.0,-12800.0,
SceneComponent,InstancedFoliageActor'map03_p_WP:PersistentLevel.InstancedFoliageActor_25600_1_1_-1_F9BFF03',,38400.0,38400.0,-12800.0,
SceneComponent,InstancedFoliageActor'map03_p_WP:PersistentLevel.InstancedFoliageActor_25600_2_1_-1_F9BFF03',,64000.0,38400.0,-12800.0,
SceneComponent,LevelSequenceActor'map03_p_WP:PersistentLevel.LevelSequenceActor_UAID_D843AE1A93E5ED5102_1377166939',,29603.428,23551.54,-785.47,
SceneComponent,Light_Lantern_01a_C'map03_p_WP:PersistentLevel.UNP_Light_Lantern_01a1_UAID_046874882494118C02_2389606fe4e70095_1381452947',,25520.773,26968.7,-608.9202,
SceneComponent,Light_Lantern_01a_C'map03_p_WP:PersistentLevel.UNP_Light_Lantern_01a1_UAID_046874882494118C02_2389606fe4e70095_1381882003',,15918.45,21775.5,-346.50272,
SceneComponent,Light_Lantern_01a_C'map03_p_WP:PersistentLevel.UNP_Light_Lantern_01a1_UAID_046874882494169202_12e65868fd8f26ee_1866891970',,37067.91,14601.192,2215.2612,
SceneComponent,Light_Lantern_01a_C'map03_p_WP:PersistentLevel.UNP_Light_Lantern_01a1_UAID_046874882494169202_12e65868fd8f26ee_1867112994',,35360.094,18017.305,2818.1643,
SceneComponent,Light_Lantern_01a_C'map03_p_WP:PersistentLevel.UNP_Light_Lantern_01a1_UAID_0468748824941D8B02_2c07323eb2e99beb_1277993796',,35834.266,9497.21,1808.2489,
SceneComponent,Light_Lantern_01a_C'map03_p_WP:PersistentLevel.UNP_Light_Lantern_01a1_UAID_0468748824941D8B02_2c07323eb2e99beb_1278516826',,30314.154,8480.262,1792.4968,
SceneComponent,Light_Lantern_01a_C'map03_p_WP:PersistentLevel.UNP_Light_Lantern_01a1_UAID_046874882494368F02_9c34f29bae09b13e_1385194924',,-1453.1249,3814.6648,-483.94418,
SceneComponent,Light_Lantern_01a_C'map03_p_WP:PersistentLevel.UNP_Light_Lantern_01a1_UAID_046874882494BB8602_92f9112ff1518191_1740721245',,39601.863,-10679.519,-3654.0063,
SceneComponent,Light_Lantern_01a_C'map03_p_WP:PersistentLevel.UNP_Light_Lantern_01a1_UAID_046874882494BB8602_92f9112ff1518191_1741880278',,40052.63,-9308.544,-3116.009,
SceneComponent,Light_Lantern_01a_C'map03_p_WP:PersistentLevel.UNP_Light_Lantern_01a_5039a3ad58c94e5b_0',,43847.477,25786.88,-2596.9714,
SceneComponent,Light_Lantern_01a_C'map03_p_WP:PersistentLevel.UNP_Light_Lantern_01a_64394a8c06402507_0',,-15834.137,22439.914,-1359.9398,
SceneComponent,Light_Lantern_01a_C'map03_p_WP:PersistentLevel.UNP_Light_Lantern_01a_90d7047e313b2b81_0',,18696.908,33981.664,-1592.1896,
SceneComponent,Light_Lantern_01a_C'map03_p_WP:PersistentLevel.UNP_Light_Lantern_01a_UAID_046874882494118C02_2389606fe4e70095_1381452946',,25627.826,26620.21,-1098.0629,
SceneComponent,Light_Lantern_01a_C'map03_p_WP:PersistentLevel.UNP_Light_Lantern_01a_UAID_046874882494118C02_2389606fe4e70095_1381881002',,16282.276,21752.398,-835.6454,
SceneComponent,Light_Lantern_01a_C'map03_p_WP:PersistentLevel.UNP_Light_Lantern_01a_UAID_046874882494129202_87d6de7cd1afab30_1951469513',,41678.688,17170.002,2063.4895,
SceneComponent,Light_Lantern_01a_C'map03_p_WP:PersistentLevel.UNP_Light_Lantern_01a_UAID_046874882494168102_20c886124a4a6cac_1342625285',,-723.83234,14092.514,11.4330635,
SceneComponent,Light_Lantern_01a_C'map03_p_WP:PersistentLevel.UNP_Light_Lantern_01a_UAID_046874882494169202_12e65868fd8f26ee_1866887969',,37276.055,14900.491,1726.1187,
SceneComponent,Light_Lantern_01a_C'map03_p_WP:PersistentLevel.UNP_Light_Lantern_01a_UAID_046874882494169202_12e65868fd8f26ee_1867101991',,34849.137,18020.56,2686.9797,
SceneComponent,Light_Lantern_01a_C'map03_p_WP:PersistentLevel.UNP_Light_Lantern_01a_UAID_0468748824941D8B02_2c07323eb2e99beb_1277990795',,35729.824,9147.931,1319.1062,
SceneComponent,Light_Lantern_01a_C'map03_p_WP:PersistentLevel.UNP_Light_Lantern_01a_UAID_0468748824941D8B02_2c07323eb2e99beb_1278513825',,30800.09,8611.073,1321.178,
SceneComponent,Light_Lantern_01a_C'map03_p_WP:PersistentLevel.UNP_Light_Lantern_01a_UAID_046874882494368F02_9c34f29bae09b13e_1385177915',,-973.9685,4770.2446,-468.8826,
SceneComponent,Light_Lantern_01a_C'map03_p_WP:PersistentLevel.UNP_Light_Lantern_01a_UAID_046874882494907E02_f6ac66adf17bf997_1366113186',,-19015.758,22198.95,-1340.0718,
SceneComponent,Light_Lantern_01a_C'map03_p_WP:PersistentLevel.UNP_Light_Lantern_01a_UAID_046874882494BB8602_92f9112ff1518191_1733265073',,42393.363,-10152.586,-3406.8235,
SceneComponent,Light_Lantern_01a_C'map03_p_WP:PersistentLevel.UNP_Light_Lantern_01a_UAID_046874882494BB8602_92f9112ff1518191_1740755258',,39896.027,-10392.872,-3701.2297,
SceneComponent,Light_Lantern_01a_C'map03_p_WP:PersistentLevel.UNP_Light_Lantern_01a_UAID_046874882494BB8602_92f9112ff1518191_1741871275',,40243.285,-8834.478,-3247.1936,
SceneComponent,Light_Lantern_01a_C'map03_p_WP:PersistentLevel.UNP_Light_Lantern_01a_UAID_046874882494D77F02_46c6e786a3fd7089_1410540290',,23627.457,42368.414,-2279.591,
SceneComponent,Light_Lantern_01a_C'map03_p_WP:PersistentLevel.UNP_Light_Lantern_01a_UAID_18C04DA8201B437902_b67ec8a3d8d2e891_1446542720',,-2382.777,42788.01,-2324.7507,
SceneComponent,Light_Lantern_01a_C'map03_p_WP:PersistentLevel.UNP_Light_Lantern_01a_UAID_581CF8B72315275F02_92f9112ff1518191_2098341275',,40191.98,-11971.491,-3580.37,
SceneComponent,Light_Lantern_01b_C'map03_p_WP:PersistentLevel.Light_Lantern_01b_C_UAID_0468748824946B9102_77afe1c4b790689a_1195166915',,31719.82,17866.23,-898.2487,
SceneComponent,Light_Lantern_01b_C'map03_p_WP:PersistentLevel.Light_Lantern_01b_C_UAID_046874882494D77F02_46c6e786a3fd7089_1411023319',,25013.527,40369.242,-2372.0796,
SceneComponent,Light_Lantern_01b_C'map03_p_WP:PersistentLevel.Light_Lantern_01b_C_UAID_046874882494F98A02_2c07323eb2e99beb_1938391614',,33673.6,7886.4,1255.4287,
SceneComponent,Light_Lantern_01b_C'map03_p_WP:PersistentLevel.Light_Lantern_01b_C_UAID_046874882494F98A02_2c07323eb2e99beb_1941264732',,33505.637,7077.7036,1190.791,
SceneComponent,Light_Lantern_01b_C'map03_p_WP:PersistentLevel.UNP_Light_Lantern_01b_UAID_046874882494118C02_2389606fe4e70095_1229928429',,26285.443,25055.049,-714.03516,
SceneComponent,Light_Lantern_01b_C'map03_p_WP:PersistentLevel.UNP_Light_Lantern_01b_UAID_046874882494118C02_2389606fe4e70095_1230686613',,28041.9,21637.088,343.5701,
SceneComponent,Light_Lantern_01b_C'map03_p_WP:PersistentLevel.UNP_Light_Lantern_01b_UAID_046874882494129202_87d6de7cd1afab30_1951473514',,41974.547,16301.893,1938.198,
SceneComponent,Light_Lantern_01b_C'map03_p_WP:PersistentLevel.UNP_Light_Lantern_01b_UAID_046874882494BB8602_92f9112ff1518191_1733268074',,42634.074,-9753.812,-3555.7673,
SceneComponent,Light_Lantern_01b_C'map03_p_WP:PersistentLevel.UNP_Light_Lantern_01b_UAID_046874882494BB8602_92f9112ff1518191_1740732249',,39462.38,-10110.904,-3731.6428,
SceneComponent,Light_Lantern_01b_C'map03_p_WP:PersistentLevel.UNP_Light_Lantern_01b_UAID_18C04DA8201B437902_b67ec8a3d8d2e891_1446581748',,-2868.6821,42010.168,-2450.0422,
SceneComponent,Light_Lantern_01b_C'map03_p_WP:PersistentLevel.UNP_Light_Lantern_01b_e6bb2361b1e4fd9c_0',,50946.87,26230.69,-4092.6765,
SceneComponent,Light_Lantern_01c_C'map03_p_WP:PersistentLevel.Light_Lantern_01c_C_UAID_046874882494A17D02_c01302f103af8f1c_1137962226',,41078.816,33894.973,-2920.4524,
SceneComponent,Light_Lantern_01c_C'map03_p_WP:PersistentLevel.Light_Lantern_01c_C_UAID_046874882494BB8602_92f9112ff1518191_1729276876',,36327.277,-12348.616,-4620.038,
SceneComponent,Light_Lantern_01c_C'map03_p_WP:PersistentLevel.Light_Lantern_01c_C_UAID_046874882494D77F02_46c6e786a3fd7089_1404025809',,24856.979,42244.023,-2229.3647,
SceneComponent,Light_Lantern_01c_C'map03_p_WP:PersistentLevel.Light_Lantern_01c_C_UAID_04D9F5F93AD5002F02_4372bae0c73bf844_1804366147',,52978.027,24520.6,-4974.534,
SceneComponent,Light_Lantern_01c_C'map03_p_WP:PersistentLevel.Light_Lantern_01c_C_UAID_04D9F5F93AD5002F02_9afeda482da1c14e_1804366147',,42988.605,36888.945,-4142.272,
SceneComponent,Light_Lantern_01c_C'map03_p_WP:PersistentLevel.Light_Lantern_01c_C_UAID_04D9F5F93AD5002F02_9de7c73400e59ff2_1804366147',,35408.934,21198.217,376.46024,
SceneComponent,Light_Lantern_01c_C'map03_p_WP:PersistentLevel.Light_Lantern_01c_C_UAID_18C04DA8201B437902_b67ec8a3d8d2e891_1151870188',,-2253.4114,39550.793,-2277.481,
SceneComponent,Light_Lantern_01c_C'map03_p_WP:PersistentLevel.UNP_Light_Lantern_01c_08e025dbdcebad22_0',,33978.75,37593.887,-3294.0437,
SceneComponent,Light_Lantern_01c_C'map03_p_WP:PersistentLevel.UNP_Light_Lantern_01c_0abdae788eaa50d0_0',,33196.516,42913.504,-3419.912,
SceneComponent,Light_Lantern_01c_C'map03_p_WP:PersistentLevel.UNP_Light_Lantern_01c_0c0fe895efe46c0a_0',,29133.818,13066.164,1364.5503,
SceneComponent,Light_Lantern_01c_C'map03_p_WP:PersistentLevel.UNP_Light_Lantern_01c_107d15e0dd48c7e3_0',,525.0802,8468.072,-49.730297,
SceneComponent,Light_Lantern_01c_C'map03_p_WP:PersistentLevel.UNP_Light_Lantern_01c_14cee946f41674a6_0',,7755.797,10927.989,57.14903,
SceneComponent,Light_Lantern_01c_C'map03_p_WP:PersistentLevel.UNP_Light_Lantern_01c_27e6fb2842d1c7de_0',,53562.906,29198.68,-5042.4355,
SceneComponent,Light_Lantern_01c_C'map03_p_WP:PersistentLevel.UNP_Light_Lantern_01c_2bd537b9868f81ef_0',,-15.395005,19620.92,232.97084,
SceneComponent,Light_Lantern_01c_C'map03_p_WP:PersistentLevel.UNP_Light_Lantern_01c_359632986c68b03c_0',,36084.453,43918.676,-4608.152,
SceneComponent,Light_Lantern_01c_C'map03_p_WP:PersistentLevel.UNP_Light_Lantern_01c_39633bfc59775755_0',,1660.3225,11415.608,127.27051,
SceneComponent,Light_Lantern_01c_C'map03_p_WP:PersistentLevel.UNP_Light_Lantern_01c_3b40609a677cc6d6_0',,-18159.219,19252.408,-1107.1119,
SceneComponent,Light_Lantern_01c_C'map03_p_WP:PersistentLevel.UNP_Light_Lantern_01c_4512be32db0fd487_0',,-4352.604,18341.312,242.0272,
SceneComponent,Light_Lantern_01c_C'map03_p_WP:PersistentLevel.UNP_Light_Lantern_01c_49726b25da30b5dc_0',,43572.75,34164.477,-2601.159,
SceneComponent,Light_Lantern_01c_C'map03_p_WP:PersistentLevel.UNP_Light_Lantern_01c_5028c33ce3aedcff_0',,1137.0457,15029.842,210.41243,
SceneComponent,Light_Lantern_01c_C'map03_p_WP:PersistentLevel.UNP_Light_Lantern_01c_52dcfe4841774874_0',,5779.859,13239.322,91.25991,
SceneComponent,Light_Lantern_01c_C'map03_p_WP:PersistentLevel.UNP_Light_Lantern_01c_752c169baa325082_0',,48656.86,36742.27,-4960.673,
SceneComponent,Light_Lantern_01c_C'map03_p_WP:PersistentLevel.UNP_Light_Lantern_01c_792863db48014c70_0',,2205.5254,15475.974,277.30737,
SceneComponent,Light_Lantern_01c_C'map03_p_WP:PersistentLevel.UNP_Light_Lantern_01c_79c3c7e9a002d7f0_0',,-8359.949,37708.844,-2295.95,
SceneComponent,Light_Lantern_01c_C'map03_p_WP:PersistentLevel.UNP_Light_Lantern_01c_7b26c54d3530403d_0',,46720.37,26786.648,-4001.8132,
SceneComponent,Light_Lantern_01c_C'map03_p_WP:PersistentLevel.UNP_Light_Lantern_01c_8772f0d5aaab836d_0',,-103985.55,38509.457,-552.9925,
SceneComponent,Light_Lantern_01c_C'map03_p_WP:PersistentLevel.UNP_Light_Lantern_01c_a3e7effbc76fa8cc_0',,44720.066,49265.3,-4454.406,
SceneComponent,Light_Lantern_01c_C'map03_p_WP:PersistentLevel.UNP_Light_Lantern_01c_a7fa3b4b73e534d1_0',,2874.9814,24144.623,-342.22058,
SceneComponent,Light_Lantern_01c_C'map03_p_WP:PersistentLevel.UNP_Light_Lantern_01c_b18a59561d99854e_0',,36974.293,4129.372,-312.81982,
SceneComponent,Light_Lantern_01c_C'map03_p_WP:PersistentLevel.UNP_Light_Lantern_01c_b75bea6de6140d58_0',,16439.957,48997.445,-3360.727,
SceneComponent,Light_Lantern_01c_C'map03_p_WP:PersistentLevel.UNP_Light_Lantern_01c_b9ee70cb389b7834_0',,-103985.55,38509.457,-552.9925,
SceneComponent,Light_Lantern_01c_C'map03_p_WP:PersistentLevel.UNP_Light_Lantern_01c_c9bdea24449a5a6b_0',,21346.162,39789.742,-1750.7938,
SceneComponent,Light_Lantern_01c_C'map03_p_WP:PersistentLevel.UNP_Light_Lantern_01c_da495cf9b48d8f4e_0',,-3956.0251,8106.1714,0.96795434,
SceneComponent,Light_Lantern_01c_C'map03_p_WP:PersistentLevel.UNP_Light_Lantern_01c_deec6614afbb49a7_0',,15425.434,27742.281,-1430.1948,
SceneComponent,Light_Lantern_01c_C'map03_p_WP:PersistentLevel.UNP_Light_Lantern_01c_f2ec0610ece1423b_0',,53614.652,22210.367,-4023.8252,
SceneComponent,Light_Lantern_01c_C'map03_p_WP:PersistentLevel.UNP_Light_Lantern_01c_fea4b5c59189294b_0',,3978.244,41658.91,-2657.3384,
SceneComponent,Light_Lantern_01d_C'map03_p_WP:PersistentLevel.Light_Lantern_01d_C_UAID_50EBF6D29969CA3502_70b069ed0aa90e45_1354263745',,33422.61,22309.445,-5318.9033,
SceneComponent,Loot_AmmoBox_Medium_01a_Spawner_C'map03_p_WP:PersistentLevel.Loot_AmmoBox_Medium_01a_Spawner_C_5abb851929817da7_1',,-12640.226,216.72382,1794.3977,
SceneComponent,Loot_AmmoBox_Medium_01a_Spawner_C'map03_p_WP:PersistentLevel.Loot_AmmoBox_Medium_01a_Spawner_C_7f13be226a970f87_1',,60239.613,18276.021,-2463.9233,
SceneComponent,Loot_AmmoBox_Medium_01a_Spawner_C'map03_p_WP:PersistentLevel.Loot_AmmoBox_Medium_01a_Spawner_C_UAID_046874882494169202_12e65868fd8f26ee_1802394555',,42728.008,11721.857,2227.4683,
SceneComponent,Loot_AmmoBox_Medium_01a_Spawner_C'map03_p_WP:PersistentLevel.Loot_AmmoBox_Medium_01a_Spawner_C_UAID_046874882494238002_20c886124a4a6cac_1642926179',,-1673.3992,14713.826,-13.357086,
SceneComponent,Loot_AmmoBox_Medium_01a_Spawner_C'map03_p_WP:PersistentLevel.Loot_AmmoBox_Medium_01a_Spawner_C_UAID_0468748824944A8902_35267f9c3545d35c_1896685207',,57331.773,27632.94,-5306.264,
SceneComponent,Loot_AmmoBox_Medium_01a_Spawner_C'map03_p_WP:PersistentLevel.Loot_AmmoBox_Medium_01a_Spawner_C_UAID_046874882494907E02_f6ac66adf17bf997_1365057112',,-20597.865,21985.654,-1520.5145,
SceneComponent,Loot_AmmoBox_Medium_01a_Spawner_C'map03_p_WP:PersistentLevel.Loot_AmmoBox_Medium_01a_Spawner_C_UAID_046874882494928402_29fb098085780a4e_1955750355',,22602.82,13978.6455,-341.96072,
SceneComponent,Loot_AmmoBox_Medium_01a_Spawner_C'map03_p_WP:PersistentLevel.Loot_AmmoBox_Medium_01a_Spawner_C_UAID_046874882494988402_3c96d5654b6776db_2088302159',,30877.658,13963.564,-2143.989,
SceneComponent,Loot_AmmoBox_Medium_01a_Spawner_C'map03_p_WP:PersistentLevel.Loot_AmmoBox_Medium_01a_Spawner_C_UAID_046874882494F98A02_2c07323eb2e99beb_1937592551',,31574.227,10775.969,1150.8068,
SceneComponent,Loot_AmmoBox_Medium_01a_Spawner_C'map03_p_WP:PersistentLevel.Loot_AmmoBox_Medium_01a_Spawner_C_UAID_046874882494F98A02_2c07323eb2e99beb_1938009590',,33686.98,6125.6167,1306.3641,
SceneComponent,Loot_AmmoBox_Medium_01a_Spawner_C'map03_p_WP:PersistentLevel.Loot_AmmoBox_Medium_01a_Spawner_C_UAID_04D9F5F93AD57E6402_12e65868fd8f26ee_1956105693',,36337.492,16547.24,2131.3,
SceneComponent,Loot_AmmoBox_Medium_01a_Spawner_C'map03_p_WP:PersistentLevel.Loot_AmmoBox_Medium_01a_Spawner_C_UAID_18C04DA8201B437902_b67ec8a3d8d2e891_1441055454',,-7171.114,37471.887,-2597.4937,
SceneComponent,Loot_AmmoBox_Medium_01a_Spawner_C'map03_p_WP:PersistentLevel.Loot_AmmoBox_Medium_01a_Spawner_C_UAID_18C04DA8201B437902_b67ec8a3d8d2e891_1442486552',,-7194.089,42855.473,-4166.437,
SceneComponent,Loot_AmmoBox_Medium_01a_Spawner_C'map03_p_WP:PersistentLevel.Loot_AmmoBox_Medium_01a_Spawner_C_UAID_18C04DA8201B437902_b67ec8a3d8d2e891_1443906624',,-6351.9844,40613.215,-4167.016,
SceneComponent,Loot_AmmoBox_Medium_01a_Spawner_C'map03_p_WP:PersistentLevel.Loot_AmmoBox_Medium_01a_Spawner_C_UAID_18C04DA8201B437902_b67ec8a3d8d2e891_1448213838',,-6176.5635,36176.87,-2465.9546,
SceneComponent,Loot_AmmoBox_Medium_01a_Spawner_C'map03_p_WP:PersistentLevel.Loot_AmmoBox_Medium_01a_Spawner_C_UAID_18C04DA8201B627102_e866662526208594_1897331760',,34611.84,50121.586,-3598.8418,
SceneComponent,Loot_AmmoBox_Medium_01a_Spawner_C'map03_p_WP:PersistentLevel.Loot_AmmoBox_Medium_01a_Spawner_C_UAID_18C04DA8201BEF7202_91ce05da56308e53_2052894948',,11460.514,47197.684,-3000.3276,
SceneComponent,Loot_AmmoBox_Medium_01a_Spawner_C'map03_p_WP:PersistentLevel.Loot_AmmoBox_Medium_01a_Spawner_C_UAID_18C04DA8201BF07202_91ce05da56308e53_1231347257',,12114.582,40341.62,-2354.3745,
SceneComponent,Loot_AmmoBox_Medium_01a_Spawner_C'map03_p_WP:PersistentLevel.Loot_AmmoBox_Medium_01a_Spawner_C_UAID_18C04DA8201BF07202_91ce05da56308e53_1231512264',,10131.256,42194.277,-2890.391,
SceneComponent,Loot_AmmoBox_Medium_01a_Spawner_C'map03_p_WP:PersistentLevel.Loot_AmmoBox_Medium_01a_Spawner_C_UAID_18C04DA8201BF07202_91ce05da56308e53_1231671271',,11367.545,44744.586,-2888.9082,
SceneComponent,Loot_AmmoBox_Medium_01a_Spawner_C'map03_p_WP:PersistentLevel.Loot_AmmoBox_Medium_01a_Spawner_C_UAID_581CF8B723150F7C02_8b779a13974286ee_1664552792',,36944.957,23500.934,-5662.493,
SceneComponent,Loot_AmmoBox_Medium_01a_Spawner_C'map03_p_WP:PersistentLevel.Loot_AmmoBox_Medium_01a_Spawner_C_UAID_581CF8B723151D4A02_2c07323eb2e99beb_1387046003',,31844.787,12437.978,1103.6824,
SceneComponent,Loot_AmmoBox_Medium_01a_Spawner_C'map03_p_WP:PersistentLevel.Loot_AmmoBox_Medium_01a_Spawner_C_UAID_581CF8B72315235F02_92f9112ff1518191_1815319446',,38825.055,-9836.825,-3673.926,
SceneComponent,Loot_AmmoBox_Medium_01a_Spawner_C'map03_p_WP:PersistentLevel.Loot_AmmoBox_Medium_01a_Spawner_C_UAID_581CF8B72315362D02_35267f9c3545d35c_1589403891',,57270.246,29334.477,-5359.9536,
SceneComponent,Loot_AmmoBox_Medium_01a_Spawner_C'map03_p_WP:PersistentLevel.Loot_AmmoBox_Medium_01a_Spawner_C_UAID_581CF8B723155F7702_12e65868fd8f26ee_1202145088',,37530.273,21664.99,1525.1367,
SceneComponent,Loot_AmmoBox_Medium_01a_Spawner_C'map03_p_WP:PersistentLevel.Loot_AmmoBox_Medium_01a_Spawner_C_UAID_581CF8B72315C05A02_e866662526208594_1815263384',,39015.316,52133.15,-3563.251,
SceneComponent,Loot_AmmoBox_Medium_01a_Spawner_C'map03_p_WP:PersistentLevel.Loot_AmmoBox_Medium_01a_Spawner_C_UAID_581CF8B72315C44902_2c07323eb2e99beb_2048695774',,33340.836,10277.949,1175.3605,
SceneComponent,Loot_AmmoBox_Medium_01a_Spawner_C'map03_p_WP:PersistentLevel.Loot_AmmoBox_Medium_01a_Spawner_C_UAID_581CF8B72315D24802_2c07323eb2e99beb_1370395875',,31732.703,11718.985,1177.9175,
SceneComponent,Loot_AmmoBox_Medium_01a_Spawner_C'map03_p_WP:PersistentLevel.Loot_AmmoBox_Medium_01a_Spawner_C_UAID_581CF8B72315D67E02_12e65868fd8f26ee_1835274657',,42944.086,17766.107,-2053.2983,
SceneComponent,Loot_AmmoBox_Medium_01a_Spawner_C'map03_p_WP:PersistentLevel.Loot_AmmoBox_Medium_01a_Spawner_C_UAID_581CF8B72315F17D02_00c96ecbce87a0a2_1294752766',,31056.396,19521.465,-5352.907,
SceneComponent,Loot_AmmoBox_Medium_01a_Spawner_C'map03_p_WP:PersistentLevel.Loot_AmmoBox_Medium_01a_Spawner_C_ce52be21fe63b205_1',,14634.796,-12136.291,125.776474,
SceneComponent,Loot_AmmoBox_Medium_01a_Spawner_C'map03_p_WP:PersistentLevel.Loot_AmmoBox_Medium_01a_Spawner_C_d30a12f2c04c18d1_1',,-14168.468,47158.31,-2377.062,
SceneComponent,Loot_AmmoBox_Medium_01a_Spawner_C'map03_p_WP:PersistentLevel.UNP_Loot_AmmoBox_Medium_01a_131ecbdcdd2341bd_0',,47833.875,28821.834,-4410.4937,
SceneComponent,Loot_AmmoBox_Medium_01a_Spawner_C'map03_p_WP:PersistentLevel.UNP_Loot_AmmoBox_Medium_01a_2b781dc8506ddbeb_0',,43381.7,28609.533,-2943.8003,
SceneComponent,Loot_AmmoBox_Medium_01a_Spawner_C'map03_p_WP:PersistentLevel.UNP_Loot_AmmoBox_Medium_01a_4f3aec2fb10bb75a_0',,35426.316,11250.599,1126.7008,
SceneComponent,Loot_AmmoBox_Medium_01a_Spawner_C'map03_p_WP:PersistentLevel.UNP_Loot_AmmoBox_Medium_01a_5039a3ad58c94e5b_0',,43727.277,26560.2,-2927.8765,
SceneComponent,Loot_AmmoBox_Medium_01a_Spawner_C'map03_p_WP:PersistentLevel.UNP_Loot_AmmoBox_Medium_01a_66cf023825e86e96_0',,43014.633,26156.139,-2900.8074,
SceneComponent,Loot_AmmoBox_Medium_01a_Spawner_C'map03_p_WP:PersistentLevel.UNP_Loot_AmmoBox_Medium_01a_7b525eb82f538d95_0',,33414.066,13271.438,1136.139,
SceneComponent,Loot_AmmoBox_Medium_01a_Spawner_C'map03_p_WP:PersistentLevel.UNP_Loot_AmmoBox_Medium_01a_90d7047e313b2b81_0',,17619.113,33804.93,-2022.791,
SceneComponent,Loot_AmmoBox_Medium_01a_Spawner_C'map03_p_WP:PersistentLevel.UNP_Loot_AmmoBox_Medium_01a_Spawner1_UAID_046874882494368F02_9c34f29bae09b13e_1382417591',,-1070.1642,3529.554,-653.8461,
SceneComponent,Loot_AmmoBox_Medium_01a_Spawner_C'map03_p_WP:PersistentLevel.UNP_Loot_AmmoBox_Medium_01a_Spawner_0a920fb21e69c5bc_0',,48226.3,29452.635,-4385.5146,
SceneComponent,Loot_AmmoBox_Medium_01a_Spawner_C'map03_p_WP:PersistentLevel.UNP_Loot_AmmoBox_Medium_01a_Spawner_UAID_046874882494118C02_2389606fe4e70095_1342222549',,20069.404,24118.203,-1044.1857,
SceneComponent,Loot_AmmoBox_Medium_01a_Spawner_C'map03_p_WP:PersistentLevel.UNP_Loot_AmmoBox_Medium_01a_Spawner_UAID_046874882494118C02_2389606fe4e70095_1342747696',,28013.715,20336.467,215.67142,
SceneComponent,Loot_AmmoBox_Medium_01a_Spawner_C'map03_p_WP:PersistentLevel.UNP_Loot_AmmoBox_Medium_01a_Spawner_UAID_046874882494169202_12e65868fd8f26ee_1867114995',,35020.887,17897.32,2648.6677,
SceneComponent,Loot_AmmoBox_Medium_01a_Spawner_C'map03_p_WP:PersistentLevel.UNP_Loot_AmmoBox_Medium_01a_Spawner_UAID_0468748824942F8002_4f8bcf840b5012b1_1274590332',,-7793.2876,16838.365,-61.55717,
SceneComponent,Loot_AmmoBox_Medium_01a_Spawner_C'map03_p_WP:PersistentLevel.UNP_Loot_AmmoBox_Medium_01a_Spawner_UAID_0468748824942F8002_4f8bcf840b5012b1_1279787033',,-7501.6904,18028.748,512.98126,
SceneComponent,Loot_AmmoBox_Medium_01a_Spawner_C'map03_p_WP:PersistentLevel.UNP_Loot_AmmoBox_Medium_01a_Spawner_UAID_0468748824944E9002_29a1b4c71511b535_1419068946',,46029.906,42830.06,-5346.573,
SceneComponent,Loot_AmmoBox_Medium_01a_Spawner_C'map03_p_WP:PersistentLevel.UNP_Loot_AmmoBox_Medium_01a_Spawner_UAID_046874882494977D02_c01302f103af8f1c_1269131567',,43075.08,33106.832,-2888.6697,
SceneComponent,Loot_AmmoBox_Medium_01a_Spawner_C'map03_p_WP:PersistentLevel.UNP_Loot_AmmoBox_Medium_01a_Spawner_UAID_046874882494BB8602_92f9112ff1518191_1741883279',,40065.586,-8948.976,-3285.5059,
SceneComponent,Loot_AmmoBox_Medium_01a_Spawner_C'map03_p_WP:PersistentLevel.UNP_Loot_AmmoBox_Medium_01a_UAID_046874882494118C02_2389606fe4e70095_1229933438',,26324.451,24953.871,-830.41724,
SceneComponent,Loot_AmmoBox_Medium_01a_Spawner_C'map03_p_WP:PersistentLevel.UNP_Loot_AmmoBox_Medium_01a_UAID_046874882494118C02_2389606fe4e70095_1230145487',,26952.46,21465.205,227.188,
SceneComponent,Loot_AmmoBox_Medium_01a_Spawner_C'map03_p_WP:PersistentLevel.UNP_Loot_AmmoBox_Medium_01a_UAID_046874882494118C02_2389606fe4e70095_1230682610',,27953.812,21732.459,227.18802,
SceneComponent,Loot_AmmoBox_Medium_01a_Spawner_C'map03_p_WP:PersistentLevel.UNP_Loot_AmmoBox_Medium_01a_UAID_046874882494118C02_2389606fe4e70095_1385575448',,19735.86,21680.578,-946.3427,
SceneComponent,Loot_AmmoBox_Medium_01a_Spawner_C'map03_p_WP:PersistentLevel.UNP_Loot_AmmoBox_Medium_01a_UAID_046874882494118C02_2389606fe4e70095_1385813475',,27140.396,23807.055,-856.4906,
SceneComponent,Loot_AmmoBox_Medium_01a_Spawner_C'map03_p_WP:PersistentLevel.UNP_Loot_AmmoBox_Medium_01a_UAID_046874882494118C02_2389606fe4e70095_1386040502',,27442.295,23371.383,-853.4272,
SceneComponent,Loot_AmmoBox_Medium_01a_Spawner_C'map03_p_WP:PersistentLevel.UNP_Loot_AmmoBox_Medium_01a_UAID_046874882494129202_87d6de7cd1afab30_1949241444',,41018.85,16817.541,1534.6793,
SceneComponent,Loot_AmmoBox_Medium_01a_Spawner_C'map03_p_WP:PersistentLevel.UNP_Loot_AmmoBox_Medium_01a_UAID_046874882494129202_87d6de7cd1afab30_1951448501',,41866.195,16297.625,1821.8158,
SceneComponent,Loot_AmmoBox_Medium_01a_Spawner_C'map03_p_WP:PersistentLevel.UNP_Loot_AmmoBox_Medium_01a_UAID_046874882494168102_20c886124a4a6cac_1351902506',,-1406.2681,12674.342,72.43507,
SceneComponent,Loot_AmmoBox_Medium_01a_Spawner_C'map03_p_WP:PersistentLevel.UNP_Loot_AmmoBox_Medium_01a_UAID_046874882494169202_12e65868fd8f26ee_1849518626',,35952.758,19182.033,2146.5632,
SceneComponent,Loot_AmmoBox_Medium_01a_Spawner_C'map03_p_WP:PersistentLevel.UNP_Loot_AmmoBox_Medium_01a_UAID_046874882494368F02_9c34f29bae09b13e_1377944994',,-816.38403,5010.5806,-676.0733,
SceneComponent,Loot_AmmoBox_Medium_01a_Spawner_C'map03_p_WP:PersistentLevel.UNP_Loot_AmmoBox_Medium_01a_UAID_046874882494368F02_9c34f29bae09b13e_1380481316',,-1458.1484,5942.925,-544.9839,100.0
SceneComponent,Loot_AmmoBox_Medium_01a_Spawner_C'map03_p_WP:PersistentLevel.UNP_Loot_AmmoBox_Medium_01a_UAID_0468748824944A8902_35267f9c3545d35c_1898099257',,55149.168,34451.4,-5415.7246,
SceneComponent,Loot_AmmoBox_Medium_01a_Spawner_C'map03_p_WP:PersistentLevel.UNP_Loot_AmmoBox_Medium_01a_UAID_0468748824944E9002_29a1b4c71511b535_1416968428',,44006.055,43976.223,-5262.1045,100.0
SceneComponent,Loot_AmmoBox_Medium_01a_Spawner_C'map03_p_WP:PersistentLevel.UNP_Loot_AmmoBox_Medium_01a_UAID_0468748824944E9002_29a1b4c71511b535_1419528019',,45080.664,43899.883,-5359.377,
SceneComponent,Loot_AmmoBox_Medium_01a_Spawner_C'map03_p_WP:PersistentLevel.UNP_Loot_AmmoBox_Medium_01a_UAID_046874882494597E02_4f8bcf840b5012b1_1576785296',,-8766.178,18766.443,-48.72671,
SceneComponent,Loot_AmmoBox_Medium_01a_Spawner_C'map03_p_WP:PersistentLevel.UNP_Loot_AmmoBox_Medium_01a_UAID_046874882494597E02_4f8bcf840b5012b1_1642781374',,-7465.3525,19974.441,-60.853893,
SceneComponent,Loot_AmmoBox_Medium_01a_Spawner_C'map03_p_WP:PersistentLevel.UNP_Loot_AmmoBox_Medium_01a_UAID_046874882494907E02_f6ac66adf17bf997_1370239287',,-21014.092,19821.69,-1529.5558,
SceneComponent,Loot_AmmoBox_Medium_01a_Spawner_C'map03_p_WP:PersistentLevel.UNP_Loot_AmmoBox_Medium_01a_UAID_046874882494907E02_f6ac66adf17bf997_1370823326',,-17785.316,23026.61,-1524.2263,
SceneComponent,Loot_AmmoBox_Medium_01a_Spawner_C'map03_p_WP:PersistentLevel.UNP_Loot_AmmoBox_Medium_01a_UAID_046874882494938402_29fb098085780a4e_1575301697',,22482.771,20553.678,287.81097,
SceneComponent,Loot_AmmoBox_Medium_01a_Spawner_C'map03_p_WP:PersistentLevel.UNP_Loot_AmmoBox_Medium_01a_UAID_046874882494AD8D02_e866662526208594_1993588564',,36643.78,52915.15,-3653.9282,
SceneComponent,Loot_AmmoBox_Medium_01a_Spawner_C'map03_p_WP:PersistentLevel.UNP_Loot_AmmoBox_Medium_01a_UAID_046874882494F98A02_2c07323eb2e99beb_1893407290',,31546.996,8165.671,1215.0159,100.0
SceneComponent,Loot_AmmoBox_Medium_01a_Spawner_C'map03_p_WP:PersistentLevel.UNP_Loot_AmmoBox_Medium_01a_UAID_046874882494F98A02_2c07323eb2e99beb_1893643305',,34702.68,9839.926,1212.9879,100.0
SceneComponent,Loot_AmmoBox_Medium_01a_Spawner_C'map03_p_WP:PersistentLevel.UNP_Loot_AmmoBox_Medium_01a_UAID_18C04DA8201B327902_0937f42e405261d3_2128013231',,-12226.1455,-182.97632,1889.2733,
SceneComponent,Loot_AmmoBox_Medium_01a_Spawner_C'map03_p_WP:PersistentLevel.UNP_Loot_AmmoBox_Medium_01a_UAID_18C04DA8201B327902_37a28efbd26adc60_2128013231',,14812.7705,-12683.601,220.65208,
SceneComponent,Loot_AmmoBox_Medium_01a_Spawner_C'map03_p_WP:PersistentLevel.UNP_Loot_AmmoBox_Medium_01a_UAID_18C04DA8201B327902_9b091094a2e3f407_2128013231',,-13665.952,47438.844,-2282.1865,
SceneComponent,Loot_AmmoBox_Medium_01a_Spawner_C'map03_p_WP:PersistentLevel.UNP_Loot_AmmoBox_Medium_01a_UAID_18C04DA8201B327902_ab5027526005fa55_2128013231',,60623.812,17847.521,-2369.0476,
SceneComponent,Loot_AmmoBox_Medium_01a_Spawner_C'map03_p_WP:PersistentLevel.UNP_Loot_AmmoBox_Medium_01a_UAID_18C04DA8201B437902_b67ec8a3d8d2e891_1437561212',,-4587.691,38875.418,-2555.5266,
SceneComponent,Loot_AmmoBox_Medium_01a_Spawner_C'map03_p_WP:PersistentLevel.UNP_Loot_AmmoBox_Medium_01a_UAID_18C04DA8201B437902_b67ec8a3d8d2e891_1446554726',,-2940.4556,42091.453,-2566.4243,
SceneComponent,Loot_AmmoBox_Medium_01a_Spawner_C'map03_p_WP:PersistentLevel.UNP_Loot_AmmoBox_Medium_01a_UAID_18C04DA8201BEF7202_91ce05da56308e53_1622900836',,9520.745,42107.926,-2540.3533,
SceneComponent,Loot_AmmoBox_Medium_01a_Spawner_C'map03_p_WP:PersistentLevel.UNP_Loot_AmmoBox_Medium_01a_UAID_581CF8B72315C94F02_0a65446b0d2529e0_1833563489',,12137.386,42172.176,-2839.9463,
SceneComponent,Loot_AmmoBox_Medium_01a_Spawner_C'map03_p_WP:PersistentLevel.UNP_Loot_AmmoBox_Medium_01a_UAID_581CF8B72315C94F02_d511d7897b3e3c3c_1833563489',,13828.001,45157.82,-2978.48,
SceneComponent,Loot_AmmoBox_Medium_01a_Spawner_C'map03_p_WP:PersistentLevel.UNP_Loot_AmmoBox_Medium_01a_UAID_581CF8B72315C94F02_fdc3d6e4587808e0_1833563489',,42754.62,26565.355,-2901.4788,
SceneComponent,Loot_AmmoBox_Medium_01a_Spawner_C'map03_p_WP:PersistentLevel.UNP_Loot_AmmoBox_Medium_01a_e36b4c37399c2378_0',,38844.71,-14660.068,-5352.895,
SceneComponent,Loot_AmmoBox_Medium_01a_Spawner_C'map03_p_WP:PersistentLevel.UNP_Loot_AmmoBox_Medium_01a_e6bb2361b1e4fd9c_0',,50979.54,26127.29,-4209.0586,
SceneComponent,Loot_AmmoBox_Medium_01a_Spawner_C'map03_p_WP:PersistentLevel.UNP_Loot_AmmoBox_Medium_01a_ee0923a16f0eea29_0',,43616.582,27363.627,-2943.8003,
SceneComponent,Loot_AmmoBox_Small_01a_Spawner_C'map03_p_WP:PersistentLevel.Loot_AmmoBox_Small_01a_Spawner_C_35267f9c3545d35c_309',,57709.707,29044.18,-4426.9272,100.0
SceneComponent,Loot_AmmoBox_Small_01a_Spawner_C'map03_p_WP:PersistentLevel.Loot_AmmoBox_Small_01a_Spawner_C_UAID_046874882494169202_12e65868fd8f26ee_1865666894',,46333.574,14863.568,2166.7708,
SceneComponent,Loot_AmmoBox_Small_01a_Spawner_C'map03_p_WP:PersistentLevel.Loot_AmmoBox_Small_01a_Spawner_C_UAID_046874882494169202_12e65868fd8f26ee_1865890917',,35889.035,16856.564,2159.771,
SceneComponent,Loot_AmmoBox_Small_01a_Spawner_C'map03_p_WP:PersistentLevel.Loot_AmmoBox_Small_01a_Spawner_C_UAID_046874882494368F02_9c34f29bae09b13e_1385155903',,-1082.6085,3420.5896,-356.77338,
SceneComponent,Loot_AmmoBox_Small_01a_Spawner_C'map03_p_WP:PersistentLevel.Loot_AmmoBox_Small_01a_Spawner_C_UAID_0468748824944A8902_35267f9c3545d35c_1901382473',,55783.75,32060.375,-4727.2627,
SceneComponent,Loot_AmmoBox_Small_01a_Spawner_C'map03_p_WP:PersistentLevel.Loot_AmmoBox_Small_01a_Spawner_C_UAID_0468748824946B9102_77afe1c4b790689a_1195161912',,31794.684,17747.11,-958.2122,
SceneComponent,Loot_AmmoBox_Small_01a_Spawner_C'map03_p_WP:PersistentLevel.Loot_AmmoBox_Small_01a_Spawner_C_UAID_046874882494938402_29fb098085780a4e_1574901671',,22915.836,13063.079,309.21017,
SceneComponent,Loot_AmmoBox_Small_01a_Spawner_C'map03_p_WP:PersistentLevel.Loot_AmmoBox_Small_01a_Spawner_C_UAID_046874882494977D02_c01302f103af8f1c_1267123282',,39721.77,32393.928,-2611.18,
SceneComponent,Loot_AmmoBox_Small_01a_Spawner_C'map03_p_WP:PersistentLevel.Loot_AmmoBox_Small_01a_Spawner_C_UAID_046874882494AD8D02_e866662526208594_1997914844',,36833.71,49714.895,-3637.2593,
SceneComponent,Loot_AmmoBox_Small_01a_Spawner_C'map03_p_WP:PersistentLevel.Loot_AmmoBox_Small_01a_Spawner_C_UAID_046874882494F98A02_2c07323eb2e99beb_1937807572',,31528.584,7699.6743,1165.3654,
SceneComponent,Loot_AmmoBox_Small_01a_Spawner_C'map03_p_WP:PersistentLevel.Loot_AmmoBox_Small_01a_Spawner_C_UAID_046874882494F98A02_2c07323eb2e99beb_1938400618',,33533.125,7878.598,1195.4651,
SceneComponent,Loot_AmmoBox_Small_01a_Spawner_C'map03_p_WP:PersistentLevel.Loot_AmmoBox_Small_01a_Spawner_C_UAID_18C04DA8201B437902_b67ec8a3d8d2e891_1151883195',,-2849.3113,39281.2,-2544.4468,
SceneComponent,Loot_AmmoBox_Small_01a_Spawner_C'map03_p_WP:PersistentLevel.Loot_AmmoBox_Small_01a_Spawner_C_UAID_18C04DA8201B437902_b67ec8a3d8d2e891_1440904442',,-3679.573,38745.625,-2557.0286,
SceneComponent,Loot_AmmoBox_Small_01a_Spawner_C'map03_p_WP:PersistentLevel.Loot_AmmoBox_Small_01a_Spawner_C_UAID_18C04DA8201B437902_b67ec8a3d8d2e891_1441180486',,-3171.5571,44538.76,-4253.7944,
SceneComponent,Loot_AmmoBox_Small_01a_Spawner_C'map03_p_WP:PersistentLevel.Loot_AmmoBox_Small_01a_Spawner_C_UAID_18C04DA8201B627102_e866662526208594_1896245736',,39322.574,51340.79,-3581.0125,
SceneComponent,Loot_AmmoBox_Small_01a_Spawner_C'map03_p_WP:PersistentLevel.Loot_AmmoBox_Small_01a_Spawner_C_UAID_18C04DA8201B627102_e866662526208594_1898364799',,38221.62,47651.414,-3581.0125,
SceneComponent,Loot_AmmoBox_Small_01a_Spawner_C'map03_p_WP:PersistentLevel.Loot_AmmoBox_Small_01a_Spawner_C_UAID_581CF8B723150A2B02_35267f9c3545d35c_1687171018',,56917.35,30207.578,-3979.6235,
SceneComponent,Loot_AmmoBox_Small_01a_Spawner_C'map03_p_WP:PersistentLevel.Loot_AmmoBox_Small_01a_Spawner_C_UAID_581CF8B72315152F02_35267f9c3545d35c_1887925805',,57171.83,28010.045,-5405.634,
SceneComponent,Loot_AmmoBox_Small_01a_Spawner_C'map03_p_WP:PersistentLevel.Loot_AmmoBox_Small_01a_Spawner_C_UAID_581CF8B72315235F02_92f9112ff1518191_1767413436',,38728.707,-10583.6455,-3696.8538,
SceneComponent,Loot_AmmoBox_Small_01a_Spawner_C'map03_p_WP:PersistentLevel.Loot_AmmoBox_Small_01a_Spawner_C_UAID_581CF8B723154A2B02_35267f9c3545d35c_1934003185',,56429.85,32323.396,-5338.9536,
SceneComponent,Loot_AmmoBox_Small_01a_Spawner_C'map03_p_WP:PersistentLevel.Loot_AmmoBox_Small_01a_Spawner_C_UAID_581CF8B723154A6302_91ce05da56308e53_1745715655',,8350.796,42083.965,-2959.551,
SceneComponent,Loot_AmmoBox_Small_01a_Spawner_C'map03_p_WP:PersistentLevel.Loot_AmmoBox_Small_01a_Spawner_C_UAID_581CF8B72315542A02_35267f9c3545d35c_1737456103',,57714.066,29595.014,-4897.789,
SceneComponent,Loot_AmmoBox_Small_01a_Spawner_C'map03_p_WP:PersistentLevel.Loot_AmmoBox_Small_01a_Spawner_C_UAID_581CF8B72315804902_2c07323eb2e99beb_1332408402',,32607.344,12368.626,1121.199,
SceneComponent,Loot_AmmoBox_Small_01a_Spawner_C'map03_p_WP:PersistentLevel.Loot_AmmoBox_Small_01a_Spawner_C_UAID_581CF8B72315C05A02_e866662526208594_1988188408',,35953.64,49610.047,-3585.3132,
SceneComponent,Loot_AmmoBox_Small_01a_Spawner_C'map03_p_WP:PersistentLevel.Loot_AmmoBox_Small_01a_Spawner_C_UAID_581CF8B72315CE4802_2c07323eb2e99beb_1197336021',,35676.023,8823.724,1118.6133,
SceneComponent,Loot_AmmoBox_Small_01a_Spawner_C'map03_p_WP:PersistentLevel.Loot_AmmoBox_Small_01a_Spawner_C_UAID_581CF8B72315EB7D02_00c96ecbce87a0a2_1257570602',,29952.785,19171.238,-3958.902,
SceneComponent,Loot_AmmoBox_Small_01a_Spawner_C'map03_p_WP:PersistentLevel.Loot_AmmoBox_Small_01a_Spawner_C_c85329728f06dd80_0',,-15415.327,13297.171,-24.73506,
SceneComponent,Loot_AmmoBox_Small_01a_Spawner_C'map03_p_WP:PersistentLevel.UNP_Loot_AmmoBox_Small_01a2_UAID_0468748824944E8902_c85329728f06dd80_1224350401',,-13353.132,13774.13,-472.8515,
SceneComponent,Loot_AmmoBox_Small_01a_Spawner_C'map03_p_WP:PersistentLevel.UNP_Loot_AmmoBox_Small_01a2_UAID_0468748824944E8902_c85329728f06dd80_1224575410',,-14177.627,14999.392,-472.82773,
SceneComponent,Loot_AmmoBox_Small_01a_Spawner_C'map03_p_WP:PersistentLevel.UNP_Loot_AmmoBox_Small_01a2_UAID_18C04DA8201B327902_0937f42e405261d3_2128310253',,-11912.998,-141.18074,2008.1985,
SceneComponent,Loot_AmmoBox_Small_01a_Spawner_C'map03_p_WP:PersistentLevel.UNP_Loot_AmmoBox_Small_01a2_UAID_18C04DA8201B327902_37a28efbd26adc60_2128310253',,15108.887,-12793.705,339.5772,
SceneComponent,Loot_AmmoBox_Small_01a_Spawner_C'map03_p_WP:PersistentLevel.UNP_Loot_AmmoBox_Small_01a2_UAID_18C04DA8201B327902_9b091094a2e3f407_2128310253',,-13615.24,47750.67,-2163.2612,
SceneComponent,Loot_AmmoBox_Small_01a_Spawner_C'map03_p_WP:PersistentLevel.UNP_Loot_AmmoBox_Small_01a2_UAID_18C04DA8201B327902_ab5027526005fa55_2128310253',,60939.156,17866.645,-2250.1226,
SceneComponent,Loot_AmmoBox_Small_01a_Spawner_C'map03_p_WP:PersistentLevel.UNP_Loot_AmmoBox_Small_01a3_UAID_0468748824944A8902_35267f9c3545d35c_1900811452',,56335.906,31624.123,-5250.519,
SceneComponent,Loot_AmmoBox_Small_01a_Spawner_C'map03_p_WP:PersistentLevel.UNP_Loot_AmmoBox_Small_01a3_UAID_0468748824944A8902_35267f9c3545d35c_1901002460',,56589.91,31991.494,-4775.0903,
SceneComponent,Loot_AmmoBox_Small_01a_Spawner_C'map03_p_WP:PersistentLevel.UNP_Loot_AmmoBox_Small_01a3_UAID_0468748824944E8902_c85329728f06dd80_1223870377',,-14916.562,13818.65,19.07182,
SceneComponent,Loot_AmmoBox_Small_01a_Spawner_C'map03_p_WP:PersistentLevel.UNP_Loot_AmmoBox_Small_01a_5039a3ad58c94e5b_0',,43808.598,25863.121,-2787.6643,
SceneComponent,Loot_AmmoBox_Small_01a_Spawner_C'map03_p_WP:PersistentLevel.UNP_Loot_AmmoBox_Small_01a_90d7047e313b2b81_0',,19073.926,33526.992,-2015.3685,
SceneComponent,Loot_AmmoBox_Small_01a_Spawner_C'map03_p_WP:PersistentLevel.UNP_Loot_AmmoBox_Small_01a_Spawner1_UAID_046874882494118C02_2389606fe4e70095_1378052458',,28151.178,26302.988,-1408.6852,
SceneComponent,Loot_AmmoBox_Small_01a_Spawner_C'map03_p_WP:PersistentLevel.UNP_Loot_AmmoBox_Small_01a_Spawner1_UAID_046874882494118C02_2389606fe4e70095_1381454950',,25336.441,26952.967,-765.19025,
SceneComponent,Loot_AmmoBox_Small_01a_Spawner_C'map03_p_WP:PersistentLevel.UNP_Loot_AmmoBox_Small_01a_Spawner1_UAID_046874882494118C02_2389606fe4e70095_1381884006',,15867.979,21597.516,-502.77274,
SceneComponent,Loot_AmmoBox_Small_01a_Spawner_C'map03_p_WP:PersistentLevel.UNP_Loot_AmmoBox_Small_01a_Spawner1_UAID_046874882494169202_12e65868fd8f26ee_1866897973',,37194.047,14465.857,2058.9912,
SceneComponent,Loot_AmmoBox_Small_01a_Spawner_C'map03_p_WP:PersistentLevel.UNP_Loot_AmmoBox_Small_01a_Spawner1_UAID_0468748824941D8B02_2c07323eb2e99beb_1277998799',,35672.22,9586.467,1651.9789,
SceneComponent,Loot_AmmoBox_Small_01a_Spawner_C'map03_p_WP:PersistentLevel.UNP_Loot_AmmoBox_Small_01a_Spawner1_UAID_0468748824944A8902_35267f9c3545d35c_1906621678',,57712.543,30198.273,-4751.428,
SceneComponent,Loot_AmmoBox_Small_01a_Spawner_C'map03_p_WP:PersistentLevel.UNP_Loot_AmmoBox_Small_01a_Spawner1_UAID_0468748824944E8902_c85329728f06dd80_1243626108',,-14889.448,14031.047,449.8236,
SceneComponent,Loot_AmmoBox_Small_01a_Spawner_C'map03_p_WP:PersistentLevel.UNP_Loot_AmmoBox_Small_01a_Spawner1_UAID_046874882494977D02_c01302f103af8f1c_1270416766',,43297.684,30605.506,-2724.163,
SceneComponent,Loot_AmmoBox_Small_01a_Spawner_C'map03_p_WP:PersistentLevel.UNP_Loot_AmmoBox_Small_01a_Spawner1_UAID_046874882494D77F02_46c6e786a3fd7089_1405134959',,23656.547,39879.816,-2312.0469,
SceneComponent,Loot_AmmoBox_Small_01a_Spawner_C'map03_p_WP:PersistentLevel.UNP_Loot_AmmoBox_Small_01a_Spawner1_UAID_046874882494F98A02_2c07323eb2e99beb_2107440037',,31911.133,9011.714,1242.0134,
SceneComponent,Loot_AmmoBox_Small_01a_Spawner_C'map03_p_WP:PersistentLevel.UNP_Loot_AmmoBox_Small_01a_Spawner1_c01302f103af8f1c_3',,42714.07,31740.543,-2883.0825,
SceneComponent,Loot_AmmoBox_Small_01a_Spawner_C'map03_p_WP:PersistentLevel.UNP_Loot_AmmoBox_Small_01a_Spawner2_c01302f103af8f1c_4',,41574.42,31472.459,-2895.3352,
SceneComponent,Loot_AmmoBox_Small_01a_Spawner_C'map03_p_WP:PersistentLevel.UNP_Loot_AmmoBox_Small_01a_Spawner3_c01302f103af8f1c_5',,41395.324,30261.34,-2895.8535,
SceneComponent,Loot_AmmoBox_Small_01a_Spawner_C'map03_p_WP:PersistentLevel.UNP_Loot_AmmoBox_Small_01a_Spawner_6ed99d200bbadc17_1',,13720.128,44631.48,-2930.087,
SceneComponent,Loot_AmmoBox_Small_01a_Spawner_C'map03_p_WP:PersistentLevel.UNP_Loot_AmmoBox_Small_01a_Spawner_UAID_046874882494118C02_2389606fe4e70095_1378054461',,28875.008,25843.916,-1408.0349,
SceneComponent,Loot_AmmoBox_Small_01a_Spawner_C'map03_p_WP:PersistentLevel.UNP_Loot_AmmoBox_Small_01a_Spawner_UAID_046874882494118C02_2389606fe4e70095_1381453948',,25326.89,26859.672,-1317.1455,
SceneComponent,Loot_AmmoBox_Small_01a_Spawner_C'map03_p_WP:PersistentLevel.UNP_Loot_AmmoBox_Small_01a_Spawner_UAID_046874882494118C02_2389606fe4e70095_1381883004',,15951.867,21555.588,-1054.728,
SceneComponent,Loot_AmmoBox_Small_01a_Spawner_C'map03_p_WP:PersistentLevel.UNP_Loot_AmmoBox_Small_01a_Spawner_UAID_046874882494169202_12e65868fd8f26ee_1866894971',,37273.35,14515.917,1507.036,
SceneComponent,Loot_AmmoBox_Small_01a_Spawner_C'map03_p_WP:PersistentLevel.UNP_Loot_AmmoBox_Small_01a_Spawner_UAID_0468748824941D8B02_2c07323eb2e99beb_1277995797',,35612.477,9514.174,1100.0237,
SceneComponent,Loot_AmmoBox_Small_01a_Spawner_C'map03_p_WP:PersistentLevel.UNP_Loot_AmmoBox_Small_01a_Spawner_UAID_046874882494378F02_d30c5cf25f8a0dcb_1818658229',,23987.006,-1778.2644,-1005.52405,
SceneComponent,Loot_AmmoBox_Small_01a_Spawner_C'map03_p_WP:PersistentLevel.UNP_Loot_AmmoBox_Small_01a_Spawner_UAID_046874882494427E02_6ed99d200bbadc17_1174427276',,12885.849,45351.152,-2815.8862,
SceneComponent,Loot_AmmoBox_Small_01a_Spawner_C'map03_p_WP:PersistentLevel.UNP_Loot_AmmoBox_Small_01a_Spawner_UAID_046874882494427E02_a08f056012bf1a67_1174427276',,49223.52,29551.1,-4205.294,
SceneComponent,Loot_AmmoBox_Small_01a_Spawner_C'map03_p_WP:PersistentLevel.UNP_Loot_AmmoBox_Small_01a_Spawner_UAID_046874882494427E02_d13aeda62c2404aa_1174427276',,43989.27,13558.641,2298.4338,
SceneComponent,Loot_AmmoBox_Small_01a_Spawner_C'map03_p_WP:PersistentLevel.UNP_Loot_AmmoBox_Small_01a_Spawner_UAID_0468748824944A8902_35267f9c3545d35c_1906624680',,57743.664,30143.596,-4751.428,
SceneComponent,Loot_AmmoBox_Small_01a_Spawner_C'map03_p_WP:PersistentLevel.UNP_Loot_AmmoBox_Small_01a_Spawner_UAID_0468748824944E8902_c85329728f06dd80_1243630110',,-14929.59,14079.491,449.8236,
SceneComponent,Loot_AmmoBox_Small_01a_Spawner_C'map03_p_WP:PersistentLevel.UNP_Loot_AmmoBox_Small_01a_Spawner_UAID_046874882494907E02_f6ac66adf17bf997_1359884891',,-19598.58,20879.582,-1324.5602,
SceneComponent,Loot_AmmoBox_Small_01a_Spawner_C'map03_p_WP:PersistentLevel.UNP_Loot_AmmoBox_Small_01a_Spawner_UAID_046874882494907E02_f6ac66adf17bf997_1359936916',,-20601.326,20423.021,-1438.7609,
SceneComponent,Loot_AmmoBox_Small_01a_Spawner_C'map03_p_WP:PersistentLevel.UNP_Loot_AmmoBox_Small_01a_Spawner_UAID_046874882494907E02_f6ac66adf17bf997_1366106181',,-18952.36,22314.762,-1474.1156,
SceneComponent,Loot_AmmoBox_Small_01a_Spawner_C'map03_p_WP:PersistentLevel.UNP_Loot_AmmoBox_Small_01a_Spawner_UAID_046874882494928402_29fb098085780a4e_1954526139',,16944.594,15928.057,158.45708,
SceneComponent,Loot_AmmoBox_Small_01a_Spawner_C'map03_p_WP:PersistentLevel.UNP_Loot_AmmoBox_Small_01a_Spawner_UAID_046874882494928402_29fb098085780a4e_1954578164',,18014.27,15663.965,44.25641,
SceneComponent,Loot_AmmoBox_Small_01a_Spawner_C'map03_p_WP:PersistentLevel.UNP_Loot_AmmoBox_Small_01a_Spawner_UAID_046874882494977D02_c01302f103af8f1c_1270421769',,42773.91,29927.023,-2723.513,
SceneComponent,Loot_AmmoBox_Small_01a_Spawner_C'map03_p_WP:PersistentLevel.UNP_Loot_AmmoBox_Small_01a_Spawner_UAID_046874882494AD8D02_e866662526208594_2000355998',,39201.44,49063.9,-3483.303,
SceneComponent,Loot_AmmoBox_Small_01a_Spawner_C'map03_p_WP:PersistentLevel.UNP_Loot_AmmoBox_Small_01a_Spawner_UAID_046874882494AD8D02_e866662526208594_2001250056',,35878.938,49384.656,-3479.754,
SceneComponent,Loot_AmmoBox_Small_01a_Spawner_C'map03_p_WP:PersistentLevel.UNP_Loot_AmmoBox_Small_01a_Spawner_UAID_046874882494BB8602_92f9112ff1518191_1952290373',,42750.883,-11828.377,-3676.0361,
SceneComponent,Loot_AmmoBox_Small_01a_Spawner_C'map03_p_WP:PersistentLevel.UNP_Loot_AmmoBox_Small_01a_Spawner_UAID_046874882494D77F02_46c6e786a3fd7089_1404671852',,26119.24,40589.527,-2255.0876,
SceneComponent,Loot_AmmoBox_Small_01a_Spawner_C'map03_p_WP:PersistentLevel.UNP_Loot_AmmoBox_Small_01a_Spawner_UAID_046874882494D77F02_46c6e786a3fd7089_1404727877',,25501.477,41501.844,-2369.2883,
SceneComponent,Loot_AmmoBox_Small_01a_Spawner_C'map03_p_WP:PersistentLevel.UNP_Loot_AmmoBox_Small_01a_Spawner_UAID_046874882494D77F02_46c6e786a3fd7089_1405087936',,23674.559,39819.535,-2312.0469,
SceneComponent,Loot_AmmoBox_Small_01a_Spawner_C'map03_p_WP:PersistentLevel.UNP_Loot_AmmoBox_Small_01a_Spawner_UAID_046874882494D77F02_46c6e786a3fd7089_1405095941',,22804.4,40831.668,-2406.786,
SceneComponent,Loot_AmmoBox_Small_01a_Spawner_C'map03_p_WP:PersistentLevel.UNP_Loot_AmmoBox_Small_01a_Spawner_UAID_046874882494D77F02_46c6e786a3fd7089_1410532285',,23524.02,42286.355,-2413.6348,
SceneComponent,Loot_AmmoBox_Small_01a_Spawner_C'map03_p_WP:PersistentLevel.UNP_Loot_AmmoBox_Small_01a_Spawner_UAID_046874882494F98A02_2c07323eb2e99beb_2106900930',,35009.082,7955.1626,1300.7694,
SceneComponent,Loot_AmmoBox_Small_01a_Spawner_C'map03_p_WP:PersistentLevel.UNP_Loot_AmmoBox_Small_01a_Spawner_UAID_046874882494F98A02_2c07323eb2e99beb_2106954955',,34227.613,7178.466,1186.5687,
SceneComponent,Loot_AmmoBox_Small_01a_Spawner_C'map03_p_WP:PersistentLevel.UNP_Loot_AmmoBox_Small_01a_Spawner_UAID_046874882494F98A02_2c07323eb2e99beb_2107392014',,31876.225,8959.372,1242.0134,
SceneComponent,Loot_AmmoBox_Small_01a_Spawner_C'map03_p_WP:PersistentLevel.UNP_Loot_AmmoBox_Small_01a_Spawner_UAID_046874882494F98A02_2c07323eb2e99beb_2107400019',,32099.965,10275.25,1147.2743,
SceneComponent,Loot_AmmoBox_Small_01a_Spawner_C'map03_p_WP:PersistentLevel.UNP_Loot_AmmoBox_Small_01a_Spawner_UAID_18C04DA8201B437902_b67ec8a3d8d2e891_1437673231',,-4196.478,38507.15,-2507.1333,
SceneComponent,Loot_AmmoBox_Small_01a_Spawner_C'map03_p_WP:PersistentLevel.UNP_Loot_AmmoBox_Small_01a_Spawner_UAID_18C04DA8201B437902_b67ec8a3d8d2e891_1439690348',,-5247.1,38175.27,-2392.9326,
SceneComponent,Loot_AmmoBox_Small_01a_Spawner_C'map03_p_WP:PersistentLevel.UNP_Loot_AmmoBox_Small_01a_Spawner_UAID_18C04DA8201BEF7202_91ce05da56308e53_1213419381',,7615.0,42543.1,-2856.556,
SceneComponent,Loot_AmmoBox_Small_01a_Spawner_C'map03_p_WP:PersistentLevel.UNP_Loot_AmmoBox_Small_01a_Spawner_a08f056012bf1a67_1',,49593.027,30589.082,-4319.4946,
SceneComponent,Loot_AmmoBox_Small_01a_Spawner_C'map03_p_WP:PersistentLevel.UNP_Loot_AmmoBox_Small_01a_Spawner_c01302f103af8f1c_0',,42559.51,34068.08,-2861.0293,
SceneComponent,Loot_AmmoBox_Small_01a_Spawner_C'map03_p_WP:PersistentLevel.UNP_Loot_AmmoBox_Small_01a_Spawner_d13aeda62c2404aa_1',,45049.438,13858.629,2184.2332,
SceneComponent,Loot_AmmoBox_Small_01a_Spawner_C'map03_p_WP:PersistentLevel.UNP_Loot_AmmoBox_Small_01a_UAID_046874882494118C02_2389606fe4e70095_1383492413',,25163.963,26177.438,-1251.2994,
SceneComponent,Loot_AmmoBox_Small_01a_Spawner_C'map03_p_WP:PersistentLevel.UNP_Loot_AmmoBox_Small_01a_UAID_046874882494118C02_2389606fe4e70095_1383584418',,17083.945,21169.021,-926.7019,
SceneComponent,Loot_AmmoBox_Small_01a_Spawner_C'map03_p_WP:PersistentLevel.UNP_Loot_AmmoBox_Small_01a_UAID_0468748824942F8002_4f8bcf840b5012b1_1279543957',,-8958.654,19441.166,92.310295,
SceneComponent,Loot_AmmoBox_Small_01a_Spawner_C'map03_p_WP:PersistentLevel.UNP_Loot_AmmoBox_Small_01a_UAID_0468748824944E8902_c85329728f06dd80_1225263436',,-13383.423,13280.292,-416.35947,
SceneComponent,Loot_AmmoBox_Small_01a_Spawner_C'map03_p_WP:PersistentLevel.UNP_Loot_AmmoBox_Small_01a_UAID_0468748824944E8902_c85329728f06dd80_1225492444',,-14105.219,14853.81,-416.28384,
SceneComponent,Loot_AmmoBox_Small_01a_Spawner_C'map03_p_WP:PersistentLevel.UNP_Loot_AmmoBox_Small_01a_UAID_046874882494597E02_4f8bcf840b5012b1_1642753358',,-6812.715,19716.832,80.18311,
SceneComponent,Loot_AmmoBox_Small_01a_Spawner_C'map03_p_WP:PersistentLevel.UNP_Loot_AmmoBox_Small_01a_UAID_046874882494D77F02_46c6e786a3fd7089_1405090938',,23680.158,40227.105,-2371.8684,
SceneComponent,Loot_AmmoBox_Small_01a_Spawner_C'map03_p_WP:PersistentLevel.UNP_Loot_AmmoBox_Small_01a_UAID_046874882494F98A02_2c07323eb2e99beb_2107395016',,32193.549,9215.206,1154.2598,
SceneComponent,Loot_AmmoPouch_Small_01a_Spawner_C'map03_p_WP:PersistentLevel.Loot_AmmoPouch_Small_01a_Spawner_C_UAID_00FF8EFC2BEF498902_a44c2e6e6faa7d77_2011707848',,59375.348,4821.2256,-1527.7197,
SceneComponent,Loot_AmmoPouch_Small_01a_Spawner_C'map03_p_WP:PersistentLevel.Loot_AmmoPouch_Small_01a_Spawner_C_UAID_00FF8EFC2BEFF49E02_12e65868fd8f26ee_1891207979',,31796.912,19026.924,-4558.8457,
SceneComponent,Loot_AmmoPouch_Small_01a_Spawner_C'map03_p_WP:PersistentLevel.Loot_AmmoPouch_Small_01a_Spawner_C_UAID_046874882494169202_12e65868fd8f26ee_1867462016',,45485.688,14588.678,2195.2544,
SceneComponent,Loot_AmmoPouch_Small_01a_Spawner_C'map03_p_WP:PersistentLevel.Loot_AmmoPouch_Small_01a_Spawner_C_UAID_0468748824941D8B02_2c07323eb2e99beb_1278522829',,30389.533,8534.617,1658.9469,
SceneComponent,Loot_AmmoPouch_Small_01a_Spawner_C'map03_p_WP:PersistentLevel.Loot_AmmoPouch_Small_01a_Spawner_C_UAID_046874882494378F02_d30c5cf25f8a0dcb_1818260198',,24745.945,-889.2647,-967.19763,10.0
SceneComponent,Loot_AmmoPouch_Small_01a_Spawner_C'map03_p_WP:PersistentLevel.Loot_AmmoPouch_Small_01a_Spawner_C_UAID_046874882494378F02_d30c5cf25f8a0dcb_1819360281',,24435.994,-2214.5627,-968.01416,10.0
SceneComponent,Loot_AmmoPouch_Small_01a_Spawner_C'map03_p_WP:PersistentLevel.Loot_AmmoPouch_Small_01a_Spawner_C_UAID_0468748824943C8F02_90d7047e313b2b81_1677480195',,20171.107,33217.785,-1726.2053,10.0
SceneComponent,Loot_AmmoPouch_Small_01a_Spawner_C'map03_p_WP:PersistentLevel.Loot_AmmoPouch_Small_01a_Spawner_C_UAID_046874882494689102_70b069ed0aa90e45_1219689946',,31747.516,22817.102,-5553.0527,10.0
SceneComponent,Loot_AmmoPouch_Small_01a_Spawner_C'map03_p_WP:PersistentLevel.Loot_AmmoPouch_Small_01a_Spawner_C_UAID_046874882494928402_29fb098085780a4e_1955710337',,23608.764,14135.784,-613.29395,
SceneComponent,Loot_AmmoPouch_Small_01a_Spawner_C'map03_p_WP:PersistentLevel.Loot_AmmoPouch_Small_01a_Spawner_C_UAID_046874882494977D02_c01302f103af8f1c_1269417612',,42139.773,34028.035,-2863.4219,10.0
SceneComponent,Loot_AmmoPouch_Small_01a_Spawner_C'map03_p_WP:PersistentLevel.Loot_AmmoPouch_Small_01a_Spawner_C_UAID_046874882494977D02_c01302f103af8f1c_1270700793',,42609.223,31747.32,-2358.6895,
SceneComponent,Loot_AmmoPouch_Small_01a_Spawner_C'map03_p_WP:PersistentLevel.Loot_AmmoPouch_Small_01a_Spawner_C_UAID_046874882494AD8D02_e866662526208594_1997908841',,36896.46,49723.996,-3548.2761,
SceneComponent,Loot_AmmoPouch_Small_01a_Spawner_C'map03_p_WP:PersistentLevel.Loot_AmmoPouch_Small_01a_Spawner_C_UAID_046874882494BB8602_92f9112ff1518191_1733801112',,40337.395,-9977.889,-3765.6453,
SceneComponent,Loot_AmmoPouch_Small_01a_Spawner_C'map03_p_WP:PersistentLevel.Loot_AmmoPouch_Small_01a_Spawner_C_UAID_18C04DA8201B437902_b67ec8a3d8d2e891_1151863184',,-2376.366,39567.58,-2575.0269,
SceneComponent,Loot_AmmoPouch_Small_01a_Spawner_C'map03_p_WP:PersistentLevel.Loot_AmmoPouch_Small_01a_Spawner_C_UAID_18C04DA8201B637102_e866662526208594_1118015293',,36919.117,51968.254,-3501.5288,
SceneComponent,Loot_AmmoPouch_Small_01a_Spawner_C'map03_p_WP:PersistentLevel.Loot_AmmoPouch_Small_01a_Spawner_C_UAID_581CF8B723150F7C02_8b779a13974286ee_1649243786',,36956.8,23216.354,-5606.855,
SceneComponent,Loot_AmmoPouch_Small_01a_Spawner_C'map03_p_WP:PersistentLevel.Loot_AmmoPouch_Small_01a_Spawner_C_UAID_581CF8B72315235F02_92f9112ff1518191_1788144441',,39261.965,-10501.791,-3613.5527,
SceneComponent,Loot_AmmoPouch_Small_01a_Spawner_C'map03_p_WP:PersistentLevel.Loot_AmmoPouch_Small_01a_Spawner_C_UAID_581CF8B72315245F02_92f9112ff1518191_1438620669',,39397.777,-9216.711,-3748.7898,
SceneComponent,Loot_AmmoPouch_Small_01a_Spawner_C'map03_p_WP:PersistentLevel.Loot_AmmoPouch_Small_01a_Spawner_C_UAID_581CF8B723154A6302_91ce05da56308e53_1515728635',,8743.754,42359.18,-2973.596,
SceneComponent,Loot_AmmoPouch_Small_01a_Spawner_C'map03_p_WP:PersistentLevel.Loot_AmmoPouch_Small_01a_Spawner_C_UAID_581CF8B72315637B02_327590917d1dfb53_1156669972',,33385.473,15722.837,-3000.9197,
SceneComponent,Loot_AmmoPouch_Small_01a_Spawner_C'map03_p_WP:PersistentLevel.Loot_AmmoPouch_Small_01a_Spawner_C_UAID_581CF8B72315637B02_a3704caed54ad9e7_1156669972',,37804.01,20395.287,-7220.9688,
SceneComponent,Loot_AmmoPouch_Small_01a_Spawner_C'map03_p_WP:PersistentLevel.Loot_AmmoPouch_Small_01a_Spawner_C_UAID_581CF8B72315BA7B02_3c96d5654b6776db_1602104933',,30895.959,14392.6875,-2058.2039,
SceneComponent,Loot_AmmoPouch_Small_01a_Spawner_C'map03_p_WP:PersistentLevel.Loot_AmmoPouch_Small_01a_Spawner_C_UAID_581CF8B72315EB7D02_00c96ecbce87a0a2_1239726596',,29994.523,19237.309,-3888.019,
SceneComponent,Loot_AmmoPouch_Small_01a_Spawner_C'map03_p_WP:PersistentLevel.Loot_AmmoPouch_Small_01a_Spawner_C_UAID_D843AE1A93E5ED8902_f6ac66adf17bf997_1759237554',,-20583.69,22057.982,-1419.9585,
SceneComponent,Loot_Amphora_01a_Spawner_C'map03_p_WP:PersistentLevel.Loot_Amphora_01a_Spawner_C_UAID_581CF8B723150A7C02_8b779a13974286ee_1671892302',,37651.01,21600.506,-7025.0156,
SceneComponent,Loot_Amphora_01a_Spawner_C'map03_p_WP:PersistentLevel.Loot_Amphora_01a_Spawner_C_UAID_581CF8B723150F7C02_8b779a13974286ee_1698552798',,36803.633,23621.625,-5709.1763,
SceneComponent,Loot_Amphora_01a_Spawner_C'map03_p_WP:PersistentLevel.Loot_Amphora_01a_Spawner_C_UAID_581CF8B72315235F02_92f9112ff1518191_1646253430',,39819.71,-10137.811,-3834.3582,
SceneComponent,Loot_ArmorCrate_01a_Spawner_C'map03_p_WP:PersistentLevel.Loot_ArmorCrate_01a_Spawner_C_UAID_046874882494168102_20c886124a4a6cac_1342628286',,-753.51215,14293.943,-108.92595,100.0
SceneComponent,Loot_ArmorCrate_01a_Spawner_C'map03_p_WP:PersistentLevel.Loot_ArmorCrate_01a_Spawner_C_UAID_046874882494977D02_c01302f103af8f1c_1270179686',,41752.11,30781.896,-2914.1553,100.0
SceneComponent,Loot_ArmorCrate_01a_Spawner_C'map03_p_WP:PersistentLevel.Loot_ArmorCrate_01a_Spawner_C_UAID_046874882494F98A02_2c07323eb2e99beb_1937568539',,31433.133,10608.057,1104.6958,
SceneComponent,Loot_ArmorCrate_01a_Spawner_C'map03_p_WP:PersistentLevel.Loot_ArmorCrate_01a_Spawner_C_UAID_18C04DA8201B627102_e866662526208594_1897307748',,34669.633,49910.02,-3644.9526,
SceneComponent,Loot_ArmorCrate_01a_Spawner_C'map03_p_WP:PersistentLevel.Loot_ArmorCrate_01a_Spawner_C_UAID_581CF8B72315007802_12e65868fd8f26ee_2017801461',,42693.613,14388.823,1509.2129,
SceneComponent,Loot_ArmorCrate_01a_Spawner_C'map03_p_WP:PersistentLevel.Loot_ArmorCrate_01a_Spawner_C_UAID_581CF8B72315235F02_92f9112ff1518191_1237986361',,42000.023,-11830.003,-3831.6848,
SceneComponent,Loot_ArmorCrate_01a_Spawner_C'map03_p_WP:PersistentLevel.Loot_ArmorCrate_01a_Spawner_C_UAID_581CF8B723154A6302_91ce05da56308e53_1538345640',,8820.507,42286.63,-3007.1855,
SceneComponent,Loot_ArmorCrate_01a_Spawner_C'map03_p_WP:PersistentLevel.Loot_ArmorCrate_01a_Spawner_C_UAID_581CF8B723155F7702_12e65868fd8f26ee_1539280131',,45630.4,11720.147,1502.6735,
SceneComponent,Loot_ArmorCrate_01a_Spawner_C'map03_p_WP:PersistentLevel.Loot_ArmorCrate_01a_Spawner_C_UAID_581CF8B72315627B02_327590917d1dfb53_1570918774',,32886.05,15738.379,-3043.642,
SceneComponent,Loot_ArmorCrate_01a_Spawner_C'map03_p_WP:PersistentLevel.Loot_ArmorCrate_01a_Spawner_C_UAID_581CF8B72315627B02_a3704caed54ad9e7_1570918774',,38265.355,20587.182,-7263.691,
SceneComponent,Loot_ArmorCrate_01a_Spawner_C'map03_p_WP:PersistentLevel.Loot_ArmorCrate_01a_Spawner_C_UAID_581CF8B72315804902_2c07323eb2e99beb_1311986396',,32235.533,12750.904,1108.7698,
SceneComponent,Loot_ArmorCrate_01a_Spawner_C'map03_p_WP:PersistentLevel.Loot_ArmorCrate_01a_Spawner_C_UAID_581CF8B72315C05A02_e866662526208594_1890559402',,36812.766,50024.82,-3644.8494,
SceneComponent,Loot_ArmorCrate_01a_Spawner_C'map03_p_WP:PersistentLevel.Loot_ArmorCrate_01a_Spawner_C_UAID_581CF8B72315C24902_2c07323eb2e99beb_2100408314',,32579.814,8275.799,1151.1965,
SceneComponent,Loot_ArmorCrate_01a_Spawner_C'map03_p_WP:PersistentLevel.Loot_ArmorCrate_01a_Spawner_C_UAID_581CF8B72315F17D02_00c96ecbce87a0a2_1337795772',,30795.547,19769.586,-5377.794,
SceneComponent,Loot_ArmorCrate_01a_Spawner_C'map03_p_WP:PersistentLevel.UNP_Loot_AmmoBox_Medium_01a_Spawner_UAID_046874882494368F02_9c34f29bae09b13e_1382366565',,-1435.019,3730.7314,-653.8461,
SceneComponent,Loot_ArmorCrate_01a_Spawner_C'map03_p_WP:PersistentLevel.UNP_Loot_ArmorCrate_01a_Spawner1_0937f42e405261d3_1',,-12284.751,-174.4972,2366.6416,100.0
SceneComponent,Loot_ArmorCrate_01a_Spawner_C'map03_p_WP:PersistentLevel.UNP_Loot_ArmorCrate_01a_Spawner1_37a28efbd26adc60_1',,14765.005,-12648.602,698.02045,100.0
SceneComponent,Loot_ArmorCrate_01a_Spawner_C'map03_p_WP:PersistentLevel.UNP_Loot_ArmorCrate_01a_Spawner1_9b091094a2e3f407_1',,-13691.045,47385.207,-1804.8181,100.0
SceneComponent,Loot_ArmorCrate_01a_Spawner_C'map03_p_WP:PersistentLevel.UNP_Loot_ArmorCrate_01a_Spawner1_ab5027526005fa55_1',,60565.973,17860.203,-1891.6793,100.0
SceneComponent,Loot_ArmorCrate_01a_Spawner_C'map03_p_WP:PersistentLevel.UNP_Loot_ArmorCrate_01a_Spawner_0937f42e405261d3_0',,-12185.369,-579.8997,2852.2036,
SceneComponent,Loot_ArmorCrate_01a_Spawner_C'map03_p_WP:PersistentLevel.UNP_Loot_ArmorCrate_01a_Spawner_37a28efbd26adc60_0',,14662.437,-13053.21,1183.5824,
SceneComponent,Loot_ArmorCrate_01a_Spawner_C'map03_p_WP:PersistentLevel.UNP_Loot_ArmorCrate_01a_Spawner_9b091094a2e3f407_0',,-13274.235,47362.887,-1319.2562,
SceneComponent,Loot_ArmorCrate_01a_Spawner_C'map03_p_WP:PersistentLevel.UNP_Loot_ArmorCrate_01a_Spawner_UAID_046874882494118C02_2389606fe4e70095_1381455952',,25549.766,26571.896,-1315.8309,20.0
SceneComponent,Loot_ArmorCrate_01a_Spawner_C'map03_p_WP:PersistentLevel.UNP_Loot_ArmorCrate_01a_Spawner_UAID_046874882494118C02_2389606fe4e70095_1381885008',,16299.864,21662.295,-1053.4135,20.0
SceneComponent,Loot_ArmorCrate_01a_Spawner_C'map03_p_WP:PersistentLevel.UNP_Loot_ArmorCrate_01a_Spawner_UAID_046874882494169202_12e65868fd8f26ee_1866900975',,37362.246,14868.885,1508.3506,20.0
SceneComponent,Loot_ArmorCrate_01a_Spawner_C'map03_p_WP:PersistentLevel.UNP_Loot_ArmorCrate_01a_Spawner_UAID_046874882494169202_12e65868fd8f26ee_1867118997',,35167.07,18165.201,2646.3293,20.0
SceneComponent,Loot_ArmorCrate_01a_Spawner_C'map03_p_WP:PersistentLevel.UNP_Loot_ArmorCrate_01a_Spawner_UAID_0468748824941D8B02_2c07323eb2e99beb_1278001801',,35638.074,9151.086,1101.3383,20.0
SceneComponent,Loot_ArmorCrate_01a_Spawner_C'map03_p_WP:PersistentLevel.UNP_Loot_ArmorCrate_01a_Spawner_UAID_0468748824941D8B02_2c07323eb2e99beb_1278519827',,30489.959,8713.935,1654.0676,20.0
SceneComponent,Loot_ArmorCrate_01a_Spawner_C'map03_p_WP:PersistentLevel.UNP_Loot_ArmorCrate_01a_Spawner_UAID_0468748824942F8002_4f8bcf840b5012b1_1279791035',,-7796.4688,17949.78,510.64307,20.0
SceneComponent,Loot_ArmorCrate_01a_Spawner_C'map03_p_WP:PersistentLevel.UNP_Loot_ArmorCrate_01a_Spawner_UAID_046874882494977D02_c01302f103af8f1c_1270697791',,42814.74,31745.43,-2363.5688,20.0
SceneComponent,Loot_ArmorCrate_01a_Spawner_C'map03_p_WP:PersistentLevel.UNP_Loot_ArmorCrate_01a_Spawner_UAID_046874882494BB8602_92f9112ff1518191_1741885281',,40261.07,-9183.314,-3287.844,20.0
SceneComponent,Loot_ArmorCrate_01a_Spawner_C'map03_p_WP:PersistentLevel.UNP_Loot_ArmorCrate_01a_Spawner_ab5027526005fa55_0',,60635.883,17448.693,-1406.1173,
SceneComponent,Loot_ArmorCrate_UREL_02a_Spawner_C'map03_p_WP:PersistentLevel.Loot_ArmorCrate_01a_Spawner_C_UAID_046874882494689102_70b069ed0aa90e45_1220577020',,31929.955,21610.334,-5519.31,
SceneComponent,Loot_ArmorCrate_UREL_02a_Spawner_C'map03_p_WP:PersistentLevel.Loot_ArmorCrate_01a_Spawner_C_UAID_581CF8B72315D67E02_12e65868fd8f26ee_1667875647',,43602.3,18436.654,-2079.3948,
SceneComponent,Loot_ArmorCrate_UREL_02a_Spawner_C'map03_p_WP:PersistentLevel.Loot_ArmorCrate_UREL_02a_Spawner_C_UAID_D843AE1A93E59CE102_12e65868fd8f26ee_1141674983',,46680.336,14644.098,2108.6514,
SceneComponent,Loot_ArmorCrate_UREL_02a_Spawner_C'map03_p_WP:PersistentLevel.Loot_ArmorCrate_UREL_02a_Spawner_C_UAID_D843AE1A93E59CE102_12e65868fd8f26ee_1244264002',,39816.7,14902.862,-7110.95,
SceneComponent,Loot_ArmorCrate_UREL_02a_Spawner_C'map03_p_WP:PersistentLevel.Loot_ArmorCrate_UREL_02a_Spawner_C_UAID_D843AE1A93E59CE102_12e65868fd8f26ee_1402906817',,30309.285,17090.758,-872.0701,
SceneComponent,Loot_AshPile_01a_Spawner_C'map03_p_WP:PersistentLevel.Loot_AshPile_01a_Spawner_C_UAID_046874882494928402_29fb098085780a4e_1954903220',,27727.744,17901.918,133.83737,
SceneComponent,Loot_AshPile_01a_Spawner_C'map03_p_WP:PersistentLevel.Loot_AshPile_01a_Spawner_C_UAID_046874882494928402_29fb098085780a4e_1954911225',,27545.176,19066.975,130.16977,
SceneComponent,Loot_AshPile_01a_Spawner_C'map03_p_WP:PersistentLevel.Loot_AshPile_01a_Spawner_C_UAID_046874882494928402_29fb098085780a4e_1954931232',,27846.537,18644.637,179.56035,
SceneComponent,Loot_AshPile_01a_Spawner_C'map03_p_WP:PersistentLevel.Loot_AshPile_01a_Spawner_C_UAID_046874882494928402_29fb098085780a4e_1954938236',,27040.305,17887.295,46.663765,
SceneComponent,Loot_AshPile_01a_Spawner_C'map03_p_WP:PersistentLevel.Loot_AshPile_01a_Spawner_C_UAID_046874882494928402_29fb098085780a4e_1955199262',,19642.521,13950.647,162.75822,
SceneComponent,Loot_AshPile_01a_Spawner_C'map03_p_WP:PersistentLevel.Loot_AshPile_01a_Spawner_C_UAID_046874882494928402_29fb098085780a4e_1955204265',,19250.912,14485.009,5.399972,
SceneComponent,Loot_AshPile_01a_Spawner_C'map03_p_WP:PersistentLevel.Loot_AshPile_01a_Spawner_C_UAID_046874882494928402_29fb098085780a4e_1955299280',,25174.756,15544.581,173.87831,
SceneComponent,Loot_AshPile_01a_Spawner_C'map03_p_WP:PersistentLevel.Loot_AshPile_01a_Spawner_C_UAID_046874882494928402_29fb098085780a4e_1955303282',,26929.107,16522.824,54.32928,
SceneComponent,Loot_AshPile_01a_Spawner_C'map03_p_WP:PersistentLevel.Loot_AshPile_01a_Spawner_C_UAID_046874882494928402_29fb098085780a4e_1955306284',,26554.072,16452.021,172.46101,
SceneComponent,Loot_AshPile_01a_Spawner_C'map03_p_WP:PersistentLevel.Loot_AshPile_01a_Spawner_C_UAID_046874882494928402_29fb098085780a4e_1955312287',,24635.75,15851.999,46.049816,
SceneComponent,Loot_AshPile_01a_Spawner_C'map03_p_WP:PersistentLevel.Loot_AshPile_01a_Spawner_C_UAID_046874882494928402_29fb098085780a4e_1955317290',,24471.29,15356.609,53.939743,
SceneComponent,Loot_AshPile_01a_Spawner_C'map03_p_WP:PersistentLevel.Loot_AshPile_01a_Spawner_C_UAID_046874882494928402_29fb098085780a4e_1955319292',,25600.318,16708.723,38.049442,
SceneComponent,Loot_AshPile_01a_Spawner_C'map03_p_WP:PersistentLevel.Loot_AshPile_01a_Spawner_C_UAID_046874882494928402_29fb098085780a4e_1955505308',,23705.584,19936.68,28.967257,
SceneComponent,Loot_AshPile_01a_Spawner_C'map03_p_WP:PersistentLevel.Loot_AshPile_01a_Spawner_C_UAID_046874882494928402_29fb098085780a4e_1955515312',,24849.213,19762.602,77.58339,
SceneComponent,Loot_AshPile_01a_Spawner_C'map03_p_WP:PersistentLevel.Loot_AshPile_01a_Spawner_C_UAID_046874882494928402_29fb098085780a4e_1955518314',,25221.85,19215.72,173.74934,
SceneComponent,Loot_AshPile_01a_Spawner_C'map03_p_WP:PersistentLevel.Loot_AshPile_01a_Spawner_C_UAID_046874882494928402_29fb098085780a4e_1955520316',,24885.693,19956.95,53.259846,
SceneComponent,Loot_AshPile_01a_Spawner_C'map03_p_WP:PersistentLevel.Loot_AshPile_01a_Spawner_C_UAID_046874882494928402_29fb098085780a4e_1955527320',,24089.99,18904.434,57.144833,
SceneComponent,Loot_AshPile_01a_Spawner_C'map03_p_WP:PersistentLevel.Loot_AshPile_01a_Spawner_C_UAID_046874882494928402_29fb098085780a4e_1955537323',,25489.076,19315.049,60.682434,
SceneComponent,Loot_AshPile_01a_Spawner_C'map03_p_WP:PersistentLevel.Loot_AshPile_01a_Spawner_C_UAID_046874882494928402_29fb098085780a4e_1955714339',,23328.13,14883.796,-187.8589,
SceneComponent,Loot_AshPile_01a_Spawner_C'map03_p_WP:PersistentLevel.Loot_AshPile_01a_Spawner_C_UAID_046874882494928402_29fb098085780a4e_1955721343',,23602.154,15241.314,42.09462,
SceneComponent,Loot_AshPile_01a_Spawner_C'map03_p_WP:PersistentLevel.Loot_AshPile_01a_Spawner_C_UAID_046874882494928402_29fb098085780a4e_1955745351',,22015.365,15180.849,56.17698,
SceneComponent,Loot_AshPile_01a_Spawner_C'map03_p_WP:PersistentLevel.Loot_AshPile_01a_Spawner_C_UAID_046874882494928402_29fb098085780a4e_1955747353',,23020.707,14432.98,118.41105,
SceneComponent,Loot_AshPile_01a_Spawner_C'map03_p_WP:PersistentLevel.Loot_AshPile_01a_Spawner_C_UAID_046874882494928402_29fb098085780a4e_1955753357',,23795.264,14392.547,58.1929,
SceneComponent,Loot_AshPile_01a_Spawner_C'map03_p_WP:PersistentLevel.Loot_AshPile_01a_Spawner_C_UAID_046874882494928402_29fb098085780a4e_1955755359',,22646.627,14765.135,111.686554,
SceneComponent,Loot_AshPile_01a_Spawner_C'map03_p_WP:PersistentLevel.Loot_AshPile_01a_Spawner_C_UAID_046874882494928402_29fb098085780a4e_1955764364',,21772.621,14317.48,86.396034,
SceneComponent,Loot_AshPile_01a_Spawner_C'map03_p_WP:PersistentLevel.Loot_AshPile_01a_Spawner_C_UAID_046874882494928402_29fb098085780a4e_1956048390',,29185.998,19086.887,173.87085,
SceneComponent,Loot_AshPile_01a_Spawner_C'map03_p_WP:PersistentLevel.Loot_AshPile_01a_Spawner_C_UAID_046874882494928402_29fb098085780a4e_1956113422',,29139.873,17236.809,170.48982,
SceneComponent,Loot_AshPile_01a_Spawner_C'map03_p_WP:PersistentLevel.Loot_AshPile_01a_Spawner_C_UAID_046874882494928402_29fb098085780a4e_1956117425',,29907.936,19059.578,180.93367,
SceneComponent,Loot_AshPile_01a_Spawner_C'map03_p_WP:PersistentLevel.Loot_AshPile_01a_Spawner_C_UAID_046874882494928402_29fb098085780a4e_1956121428',,29555.484,18158.23,172.54298,
SceneComponent,Loot_AshPile_01a_Spawner_C'map03_p_WP:PersistentLevel.Loot_AshPile_01a_Spawner_C_UAID_046874882494928402_29fb098085780a4e_1956152444',,29978.95,17583.162,174.03995,
SceneComponent,Loot_AshPile_01a_Spawner_C'map03_p_WP:PersistentLevel.Loot_AshPile_01a_Spawner_C_UAID_046874882494928402_29fb098085780a4e_1956196466',,29224.215,17573.203,171.84808,
SceneComponent,Loot_AshPile_01a_Spawner_C'map03_p_WP:PersistentLevel.Loot_AshPile_01a_Spawner_C_UAID_046874882494928402_29fb098085780a4e_1956278505',,29701.701,18796.475,172.19337,
SceneComponent,Loot_AshPile_01a_Spawner_C'map03_p_WP:PersistentLevel.Loot_AshPile_01a_Spawner_C_UAID_046874882494928402_29fb098085780a4e_1956841539',,24158.264,16616.854,226.95525,
SceneComponent,Loot_AshPile_01a_Spawner_C'map03_p_WP:PersistentLevel.Loot_AshPile_01a_Spawner_C_UAID_046874882494928402_29fb098085780a4e_1956846542',,23504.168,16529.59,146.44635,
SceneComponent,Loot_AshPile_01a_Spawner_C'map03_p_WP:PersistentLevel.Loot_AshPile_01a_Spawner_C_UAID_046874882494928402_29fb098085780a4e_1956859549',,23470.48,18313.334,40.556145,
SceneComponent,Loot_AshPile_01a_Spawner_C'map03_p_WP:PersistentLevel.Loot_AshPile_01a_Spawner_C_UAID_046874882494928402_29fb098085780a4e_1956866553',,24515.31,16786.143,146.16064,
SceneComponent,Loot_AshPile_01a_Spawner_C'map03_p_WP:PersistentLevel.Loot_AshPile_01a_Spawner_C_UAID_046874882494928402_29fb098085780a4e_1956868555',,23345.252,18018.285,149.86429,
SceneComponent,Loot_AshPile_01a_Spawner_C'map03_p_WP:PersistentLevel.Loot_AshPile_01a_Spawner_C_UAID_046874882494928402_29fb098085780a4e_1956885562',,25074.277,18194.205,48.75978,
SceneComponent,Loot_AshPile_01a_Spawner_C'map03_p_WP:PersistentLevel.Loot_AshPile_01a_Spawner_C_UAID_046874882494928402_29fb098085780a4e_1956887564',,24772.621,17381.414,191.90839,
SceneComponent,Loot_AshPile_01a_Spawner_C'map03_p_WP:PersistentLevel.Loot_AshPile_01a_Spawner_C_UAID_046874882494928402_29fb098085780a4e_1956890566',,24038.402,17932.88,143.74776,
SceneComponent,Loot_AshPile_01a_Spawner_C'map03_p_WP:PersistentLevel.Loot_AshPile_01a_Spawner_C_UAID_046874882494938402_29fb098085780a4e_1356578879',,26096.637,17556.402,54.023388,
SceneComponent,Loot_AshPile_01a_Spawner_C'map03_p_WP:PersistentLevel.Loot_AshPile_01a_Spawner_C_UAID_046874882494938402_29fb098085780a4e_1356793894',,22175.164,18273.03,-18.913225,
SceneComponent,Loot_AshPile_01a_Spawner_C'map03_p_WP:PersistentLevel.Loot_AshPile_01a_Spawner_C_UAID_046874882494938402_29fb098085780a4e_1356805901',,22676.271,19249.572,-33.562397,
SceneComponent,Loot_AshPile_01a_Spawner_C'map03_p_WP:PersistentLevel.Loot_AshPile_01a_Spawner_C_UAID_581CF8B72315E27902_29fb098085780a4e_1847743035',,20707.324,19348.246,141.5746,
SceneComponent,Loot_AshPile_01a_Spawner_C'map03_p_WP:PersistentLevel.Loot_AshPile_01a_Spawner_C_UAID_581CF8B72315E27902_29fb098085780a4e_1859561041',,22115.258,19986.213,-15.199709,
SceneComponent,Loot_AshPile_01a_Spawner_C'map03_p_WP:PersistentLevel.Loot_AshPile_01a_Spawner_C_UAID_581CF8B72315E27902_29fb098085780a4e_1905210047',,21763.781,16067.951,12.464442,
SceneComponent,Loot_AshPile_01a_Spawner_C'map03_p_WP:PersistentLevel.Loot_AshPile_01a_Spawner_C_UAID_581CF8B72315E27902_29fb098085780a4e_1917750053',,22382.97,17236.781,3.1116202,
SceneComponent,Loot_AshPile_01a_Spawner_C'map03_p_WP:PersistentLevel.Loot_AshPile_01a_Spawner_C_UAID_581CF8B72315E27902_29fb098085780a4e_1979187059',,20173.578,14109.56,27.322592,
SceneComponent,Loot_AshPile_01a_Spawner_C'map03_p_WP:PersistentLevel.Loot_AshPile_01a_Spawner_C_UAID_581CF8B72315E27902_29fb098085780a4e_1994624065',,19648.328,13541.543,131.93166,
SceneComponent,Loot_AshPile_01a_Spawner_C'map03_p_WP:PersistentLevel.Loot_AshPile_01a_Spawner_C_UAID_581CF8B72315E27902_29fb098085780a4e_2006230071',,20258.807,12492.578,166.18834,
SceneComponent,Loot_AshPile_01a_Spawner_C'map03_p_WP:PersistentLevel.Loot_AshPile_01a_Spawner_C_UAID_581CF8B72315E27902_29fb098085780a4e_2040960077',,18884.879,14783.952,-7.8842354,
SceneComponent,Loot_AshPile_01a_Spawner_C'map03_p_WP:PersistentLevel.Loot_AshPile_01a_Spawner_C_UAID_581CF8B72315E27902_29fb098085780a4e_2053388083',,18199.31,14068.519,101.58819,
SceneComponent,Loot_AshPile_01a_Spawner_C'map03_p_WP:PersistentLevel.Loot_AshPile_01a_Spawner_C_UAID_581CF8B72315E27902_29fb098085780a4e_2093986090',,18521.627,14160.898,140.98532,
SceneComponent,Loot_AshPile_01a_Spawner_C'map03_p_WP:PersistentLevel.Loot_AshPile_01a_Spawner_C_UAID_581CF8B72315E27902_29fb098085780a4e_2115568096',,23481.992,13539.087,91.207924,
SceneComponent,Loot_AshPile_01a_Spawner_C'map03_p_WP:PersistentLevel.Loot_AshPile_01a_Spawner_C_UAID_581CF8B72315E27902_29fb098085780a4e_2132433102',,25796.654,14238.7705,48.498844,
SceneComponent,Loot_AshPile_01a_Spawner_C'map03_p_WP:PersistentLevel.Loot_AshPile_01a_Spawner_C_UAID_581CF8B72315E27902_29fb098085780a4e_2144004108',,26487.871,15266.261,59.911003,
SceneComponent,Loot_AshPile_01a_Spawner_C'map03_p_WP:PersistentLevel.Loot_AshPile_01a_Spawner_C_UAID_581CF8B72315E37902_29fb098085780a4e_1093542290',,27962.645,16808.604,114.059906,
SceneComponent,Loot_AshPile_01a_Spawner_C'map03_p_WP:PersistentLevel.Loot_AshPile_01a_Spawner_C_UAID_581CF8B72315E37902_29fb098085780a4e_1129640296',,26716.139,18725.787,55.060913,
SceneComponent,Loot_Barrel_01a_Spawner_C'map03_p_WP:PersistentLevel.Loot_Barrel_01a_Spawner_C_5abb851929817da7_1',,-12326.455,-26.037128,1799.2235,
SceneComponent,Loot_Barrel_01a_Spawner_C'map03_p_WP:PersistentLevel.Loot_Barrel_01a_Spawner_C_7f13be226a970f87_1',,60535.074,18011.281,-2459.0974,
SceneComponent,Loot_Barrel_01a_Spawner_C'map03_p_WP:PersistentLevel.Loot_Barrel_01a_Spawner_C_UAID_00FF8EFC2BEF0C6602_b67ec8a3d8d2e891_1691914644',,-4973.3345,36449.543,-2596.1533,
SceneComponent,Loot_Barrel_01a_Spawner_C'map03_p_WP:PersistentLevel.Loot_Barrel_01a_Spawner_C_UAID_046874882494EC8802_6050371b4132a7ae_1430218201',,23836.107,-14982.913,-4424.9897,
SceneComponent,Loot_Barrel_01a_Spawner_C'map03_p_WP:PersistentLevel.Loot_Barrel_01a_Spawner_C_UAID_046874882494ED8802_c6899ba472a785b4_1081194746',,-354.29224,52492.402,-5604.1035,
SceneComponent,Loot_Barrel_01a_Spawner_C'map03_p_WP:PersistentLevel.Loot_Barrel_01a_Spawner_C_UAID_50EBF6D29969AC6E02_35267f9c3545d35c_1887423941',,58633.582,29301.395,-5403.8296,
SceneComponent,Loot_Barrel_01a_Spawner_C'map03_p_WP:PersistentLevel.Loot_Barrel_01a_Spawner_C_UAID_581CF8B72315082B02_35267f9c3545d35c_1808311594',,55248.207,29457.893,-5412.716,
SceneComponent,Loot_Barrel_01a_Spawner_C'map03_p_WP:PersistentLevel.Loot_Barrel_01a_Spawner_C_UAID_581CF8B723150A7C02_8b779a13974286ee_1526678290',,37786.94,21373.998,-7152.1353,
SceneComponent,Loot_Barrel_01a_Spawner_C'map03_p_WP:PersistentLevel.Loot_Barrel_01a_Spawner_C_UAID_581CF8B72315377902_12e65868fd8f26ee_1729065761',,43393.11,15735.9375,1571.1802,
SceneComponent,Loot_Barrel_01a_Spawner_C'map03_p_WP:PersistentLevel.Loot_Barrel_01a_Spawner_C_UAID_581CF8B72315462B02_35267f9c3545d35c_1074444572',,57250.117,31248.756,-5402.4204,
SceneComponent,Loot_Barrel_01a_Spawner_C'map03_p_WP:PersistentLevel.Loot_Barrel_01a_Spawner_C_UAID_581CF8B723154C6202_91ce05da56308e53_1895405128',,13338.602,42574.11,-2963.99,
SceneComponent,Loot_Barrel_01a_Spawner_C'map03_p_WP:PersistentLevel.Loot_Barrel_01a_Spawner_C_UAID_581CF8B723154D6202_91ce05da56308e53_2071152341',,11561.1875,44211.7,-3019.1067,
SceneComponent,Loot_Barrel_01a_Spawner_C'map03_p_WP:PersistentLevel.Loot_Barrel_01a_Spawner_C_UAID_581CF8B723155F7702_12e65868fd8f26ee_1467993119',,46587.207,11397.378,1466.0669,
SceneComponent,Loot_Barrel_01a_Spawner_C'map03_p_WP:PersistentLevel.Loot_Barrel_01a_Spawner_C_UAID_581CF8B72315626102_91ce05da56308e53_1150267431',,11546.654,47508.285,-3566.8125,
SceneComponent,Loot_Barrel_01a_Spawner_C'map03_p_WP:PersistentLevel.Loot_Barrel_01a_Spawner_C_UAID_581CF8B723159B7902_81a7b0b81dd21a0a_1101729074',,35406.277,26064.523,-5597.3213,
SceneComponent,Loot_Barrel_01a_Spawner_C'map03_p_WP:PersistentLevel.Loot_Barrel_01a_Spawner_C_UAID_581CF8B723159B7902_a57495fe24604e6f_1101729074',,32356.629,17307.445,-1063.3667,
SceneComponent,Loot_Barrel_01a_Spawner_C'map03_p_WP:PersistentLevel.Loot_Barrel_01a_Spawner_C_UAID_581CF8B723159B7902_a893532d76f5606b_1101729074',,31027.154,16202.3,-3036.427,
SceneComponent,Loot_Barrel_01a_Spawner_C'map03_p_WP:PersistentLevel.Loot_Barrel_01a_Spawner_C_UAID_581CF8B723159B7902_caad6d9107faa6b9_1101729074',,38901.457,20587.734,-7269.557,
SceneComponent,Loot_Barrel_01a_Spawner_C'map03_p_WP:PersistentLevel.Loot_Barrel_01a_Spawner_C_UAID_581CF8B72315A52A02_35267f9c3545d35c_1668408351',,57373.094,29180.012,-5411.0776,
SceneComponent,Loot_Barrel_01a_Spawner_C'map03_p_WP:PersistentLevel.Loot_Barrel_01a_Spawner_C_UAID_581CF8B72315B45A02_e866662526208594_1807566025',,37064.496,49653.59,-3635.092,
SceneComponent,Loot_Barrel_01a_Spawner_C'map03_p_WP:PersistentLevel.Loot_Barrel_01a_Spawner_C_UAID_581CF8B72315CD4802_2c07323eb2e99beb_1484101779',,35440.266,8455.46,1124.5708,
SceneComponent,Loot_Barrel_01a_Spawner_C'map03_p_WP:PersistentLevel.Loot_Barrel_01a_Spawner_C_UAID_581CF8B72315ED6102_91ce05da56308e53_1446349713',,13567.374,45811.33,-3003.725,
SceneComponent,Loot_Barrel_01a_Spawner_C'map03_p_WP:PersistentLevel.Loot_Barrel_01a_Spawner_C_UAID_581CF8B72315F22A02_35267f9c3545d35c_2062862927',,57185.633,30729.377,-4473.3525,
SceneComponent,Loot_Barrel_01a_Spawner_C'map03_p_WP:PersistentLevel.Loot_Barrel_01a_Spawner_C_UAID_581CF8B72315F32A02_35267f9c3545d35c_1515612137',,57594.36,30340.229,-4023.4824,
SceneComponent,Loot_Barrel_01a_Spawner_C'map03_p_WP:PersistentLevel.Loot_Barrel_01a_Spawner_C_c85329728f06dd80_11',,-14064.48,12973.8955,-145.8706,
SceneComponent,Loot_Barrel_01a_Spawner_C'map03_p_WP:PersistentLevel.Loot_Barrel_01a_Spawner_C_c85329728f06dd80_12',,-12914.757,13516.664,-164.70372,
SceneComponent,Loot_Barrel_01a_Spawner_C'map03_p_WP:PersistentLevel.Loot_Barrel_01a_Spawner_C_c85329728f06dd80_13',,-14721.134,14386.247,-145.86868,
SceneComponent,Loot_Barrel_01a_Spawner_C'map03_p_WP:PersistentLevel.Loot_Barrel_01a_Spawner_C_c85329728f06dd80_14',,-15157.197,14212.13,-639.2249,
SceneComponent,Loot_Barrel_01a_Spawner_C'map03_p_WP:PersistentLevel.Loot_Barrel_01a_Spawner_C_ce52be21fe63b205_1',,14797.877,-12497.939,130.60226,
SceneComponent,Loot_Barrel_01a_Spawner_C'map03_p_WP:PersistentLevel.Loot_Barrel_01a_Spawner_C_d30a12f2c04c18d1_1',,-13845.221,47388.3,-2372.2363,
SceneComponent,Loot_Barrel_01a_Spawner_C'map03_p_WP:PersistentLevel.UNP_Loot_Barrel_01a_30fa77cbf391bfc5_0',,-109658.11,14268.803,-793.7787,
SceneComponent,Loot_Barrel_01a_Spawner_C'map03_p_WP:PersistentLevel.UNP_Loot_Barrel_01a_Spawner1_c01302f103af8f1c_3',,42428.9,31721.531,-2913.6375,
SceneComponent,Loot_Barrel_01a_Spawner_C'map03_p_WP:PersistentLevel.UNP_Loot_Barrel_01a_Spawner_7ab07c62ce485b20_0',,49679.094,31360.08,-4415.244,
SceneComponent,Loot_Barrel_01a_Spawner_C'map03_p_WP:PersistentLevel.UNP_Loot_Barrel_01a_Spawner_9931a2251a42e5b4_0',,-16045.242,22870.24,-1534.4856,
SceneComponent,Loot_Barrel_01a_Spawner_C'map03_p_WP:PersistentLevel.UNP_Loot_Barrel_01a_Spawner_C_d30c5cf25f8a0dcb_1',,23504.676,-1356.3546,-1009.2328,
SceneComponent,Loot_Barrel_01a_Spawner_C'map03_p_WP:PersistentLevel.UNP_Loot_Barrel_01a_Spawner_UAID_04687488249402DA02_e36b4c37399c2378_2016183153',,38753.6,-13968.359,-5355.0684,
SceneComponent,Loot_Barrel_01a_Spawner_C'map03_p_WP:PersistentLevel.UNP_Loot_Barrel_01a_Spawner_UAID_046874882494118C02_2389606fe4e70095_1342752702',,27984.705,20445.87,213.04237,
SceneComponent,Loot_Barrel_01a_Spawner_C'map03_p_WP:PersistentLevel.UNP_Loot_Barrel_01a_Spawner_UAID_046874882494118C02_2389606fe4e70095_1381783995',,25584.219,26789.37,-1315.6238,
SceneComponent,Loot_Barrel_01a_Spawner_C'map03_p_WP:PersistentLevel.UNP_Loot_Barrel_01a_Spawner_UAID_046874882494118C02_2389606fe4e70095_1382203051',,16108.628,21771.428,-1053.2063,
SceneComponent,Loot_Barrel_01a_Spawner_C'map03_p_WP:PersistentLevel.UNP_Loot_Barrel_01a_Spawner_UAID_046874882494118C02_2389606fe4e70095_1386357525',,22595.006,23147.543,-1001.7171,
SceneComponent,Loot_Barrel_01a_Spawner_C'map03_p_WP:PersistentLevel.UNP_Loot_Barrel_01a_Spawner_UAID_046874882494168102_20c886124a4a6cac_1343692322',,-244.8604,13957.053,-105.45289,
SceneComponent,Loot_Barrel_01a_Spawner_C'map03_p_WP:PersistentLevel.UNP_Loot_Barrel_01a_Spawner_UAID_046874882494168102_20c886124a4a6cac_1343891330',,-2055.9148,12304.257,-111.840805,
SceneComponent,Loot_Barrel_01a_Spawner_C'map03_p_WP:PersistentLevel.UNP_Loot_Barrel_01a_Spawner_UAID_046874882494169202_12e65868fd8f26ee_1802581572',,41904.746,13549.422,2189.2754,
SceneComponent,Loot_Barrel_01a_Spawner_C'map03_p_WP:PersistentLevel.UNP_Loot_Barrel_01a_Spawner_UAID_046874882494169202_12e65868fd8f26ee_1802770590',,38629.688,18206.188,2189.2754,
SceneComponent,Loot_Barrel_01a_Spawner_C'map03_p_WP:PersistentLevel.UNP_Loot_Barrel_01a_Spawner_UAID_046874882494169202_12e65868fd8f26ee_1969925224',,37169.863,14761.784,1508.5577,
SceneComponent,Loot_Barrel_01a_Spawner_C'map03_p_WP:PersistentLevel.UNP_Loot_Barrel_01a_Spawner_UAID_0468748824941D8B02_2c07323eb2e99beb_1287825853',,35787.473,9312.834,1101.5453,
SceneComponent,Loot_Barrel_01a_Spawner_C'map03_p_WP:PersistentLevel.UNP_Loot_Barrel_01a_Spawner_UAID_0468748824942F8002_4f8bcf840b5012b1_1273534292',,-7912.269,19482.033,133.40901,
SceneComponent,Loot_Barrel_01a_Spawner_C'map03_p_WP:PersistentLevel.UNP_Loot_Barrel_01a_Spawner_UAID_046874882494319002_039c8620f5ef8060_1523743381',,-255.59119,-12633.396,426.07986,
SceneComponent,Loot_Barrel_01a_Spawner_C'map03_p_WP:PersistentLevel.UNP_Loot_Barrel_01a_Spawner_UAID_046874882494319002_039c8620f5ef8060_1524365509',,-618.5568,-12387.164,426.07986,
SceneComponent,Loot_Barrel_01a_Spawner_C'map03_p_WP:PersistentLevel.UNP_Loot_Barrel_01a_Spawner_UAID_046874882494368F02_9c34f29bae09b13e_1382468619',,-1068.522,3642.5503,-656.47516,
SceneComponent,Loot_Barrel_01a_Spawner_C'map03_p_WP:PersistentLevel.UNP_Loot_Barrel_01a_Spawner_UAID_046874882494378F02_d30c5cf25f8a0dcb_1817828169',,25508.021,-1489.8073,-1015.20483,
SceneComponent,Loot_Barrel_01a_Spawner_C'map03_p_WP:PersistentLevel.UNP_Loot_Barrel_01a_Spawner_UAID_046874882494378F02_d30c5cf25f8a0dcb_1818419217',,24668.455,-694.05963,-1008.7897,
SceneComponent,Loot_Barrel_01a_Spawner_C'map03_p_WP:PersistentLevel.UNP_Loot_Barrel_01a_Spawner_UAID_046874882494378F02_d30c5cf25f8a0dcb_1819241274',,25014.742,-2208.2444,-1009.6062,
SceneComponent,Loot_Barrel_01a_Spawner_C'map03_p_WP:PersistentLevel.UNP_Loot_Barrel_01a_Spawner_UAID_046874882494378F02_d30c5cf25f8a0dcb_1826342783',,24038.023,-2230.0159,-1015.20483,
SceneComponent,Loot_Barrel_01a_Spawner_C'map03_p_WP:PersistentLevel.UNP_Loot_Barrel_01a_Spawner_UAID_046874882494378F02_d30c5cf25f8a0dcb_1827899871',,24644.799,-73.549,-1009.36444,
SceneComponent,Loot_Barrel_01a_Spawner_C'map03_p_WP:PersistentLevel.UNP_Loot_Barrel_01a_Spawner_UAID_046874882494427E02_6ed99d200bbadc17_1174498284',,13643.39,44282.223,-3012.0354,
SceneComponent,Loot_Barrel_01a_Spawner_C'map03_p_WP:PersistentLevel.UNP_Loot_Barrel_01a_Spawner_UAID_046874882494427E02_a08f056012bf1a67_1174498284',,49946.41,30643.758,-4401.4434,
SceneComponent,Loot_Barrel_01a_Spawner_C'map03_p_WP:PersistentLevel.UNP_Loot_Barrel_01a_Spawner_UAID_046874882494427E02_d13aeda62c2404aa_1174498284',,45298.69,13602.226,2102.2847,
SceneComponent,Loot_Barrel_01a_Spawner_C'map03_p_WP:PersistentLevel.UNP_Loot_Barrel_01a_Spawner_UAID_046874882494477E02_248ca04a73e0c586_1606589354',,37483.38,19969.406,2095.174,
SceneComponent,Loot_Barrel_01a_Spawner_C'map03_p_WP:PersistentLevel.UNP_Loot_Barrel_01a_Spawner_UAID_0468748824944A8902_35267f9c3545d35c_1892930115',,57126.99,30141.227,-4851.023,
SceneComponent,Loot_Barrel_01a_Spawner_C'map03_p_WP:PersistentLevel.UNP_Loot_Barrel_01a_Spawner_UAID_0468748824944A8902_35267f9c3545d35c_1968073815',,54895.492,33801.465,-5417.8975,
SceneComponent,Loot_Barrel_01a_Spawner_C'map03_p_WP:PersistentLevel.UNP_Loot_Barrel_01a_Spawner_UAID_0468748824944E8902_c85329728f06dd80_1135160673',,-14455.326,13137.544,-154.04163,
SceneComponent,Loot_Barrel_01a_Spawner_C'map03_p_WP:PersistentLevel.UNP_Loot_Barrel_01a_Spawner_UAID_0468748824944E8902_c85329728f06dd80_1135387680',,-13292.144,15094.804,-161.30081,
SceneComponent,Loot_Barrel_01a_Spawner_C'map03_p_WP:PersistentLevel.UNP_Loot_Barrel_01a_Spawner_UAID_0468748824944E8902_c85329728f06dd80_1235026884',,-15328.352,13155.663,-637.64795,
SceneComponent,Loot_Barrel_01a_Spawner_C'map03_p_WP:PersistentLevel.UNP_Loot_Barrel_01a_Spawner_UAID_0468748824944E9002_29a1b4c71511b535_1419079952',,45946.793,42906.887,-5349.202,
SceneComponent,Loot_Barrel_01a_Spawner_C'map03_p_WP:PersistentLevel.UNP_Loot_Barrel_01a_Spawner_UAID_046874882494907E02_f6ac66adf17bf997_1359924910',,-20886.42,20638.867,-1520.7095,
SceneComponent,Loot_Barrel_01a_Spawner_C'map03_p_WP:PersistentLevel.UNP_Loot_Barrel_01a_Spawner_UAID_046874882494907E02_f6ac66adf17bf997_1360705992',,-19428.928,23318.43,-1520.7095,
SceneComponent,Loot_Barrel_01a_Spawner_C'map03_p_WP:PersistentLevel.UNP_Loot_Barrel_01a_Spawner_UAID_046874882494907E02_f6ac66adf17bf997_1365536120',,-21365.879,22158.629,-1520.7095,
SceneComponent,Loot_Barrel_01a_Spawner_C'map03_p_WP:PersistentLevel.UNP_Loot_Barrel_01a_Spawner_UAID_046874882494907E02_f6ac66adf17bf997_1366125191',,-19019.99,21659.432,-1518.3385,
SceneComponent,Loot_Barrel_01a_Spawner_C'map03_p_WP:PersistentLevel.UNP_Loot_Barrel_01a_Spawner_UAID_046874882494907E02_f6ac66adf17bf997_1376797381',,-20846.42,22104.77,-1530.8721,
SceneComponent,Loot_Barrel_01a_Spawner_C'map03_p_WP:PersistentLevel.UNP_Loot_Barrel_01a_Spawner_UAID_046874882494907E02_f6ac66adf17bf997_1377286388',,-20030.225,24075.514,-1520.5483,
SceneComponent,Loot_Barrel_01a_Spawner_C'map03_p_WP:PersistentLevel.UNP_Loot_Barrel_01a_Spawner_UAID_046874882494907E02_f6ac66adf17bf997_1699928552',,-20906.285,22470.322,-1515.3877,
SceneComponent,Loot_Barrel_01a_Spawner_C'map03_p_WP:PersistentLevel.UNP_Loot_Barrel_01a_Spawner_UAID_046874882494928402_29fb098085780a4e_1954567158',,18103.934,15317.801,-37.69225,
SceneComponent,Loot_Barrel_01a_Spawner_C'map03_p_WP:PersistentLevel.UNP_Loot_Barrel_01a_Spawner_UAID_046874882494977D02_c01302f103af8f1c_1434285213',,41436.973,31337.922,-2917.6516,
SceneComponent,Loot_Barrel_01a_Spawner_C'map03_p_WP:PersistentLevel.UNP_Loot_Barrel_01a_Spawner_UAID_046874882494A98802_00c96ecbce87a0a2_2004899287',,31484.836,19591.182,-3014.379,
SceneComponent,Loot_Barrel_01a_Spawner_C'map03_p_WP:PersistentLevel.UNP_Loot_Barrel_01a_Spawner_UAID_046874882494AD8D02_e866662526208594_1993437553',,38005.23,52352.613,-3592.2954,
SceneComponent,Loot_Barrel_01a_Spawner_C'map03_p_WP:PersistentLevel.UNP_Loot_Barrel_01a_Spawner_UAID_046874882494BB8602_92f9112ff1518191_1708546582',,38811.863,-10373.134,-3696.7375,
SceneComponent,Loot_Barrel_01a_Spawner_C'map03_p_WP:PersistentLevel.UNP_Loot_Barrel_01a_Spawner_UAID_046874882494BB8602_92f9112ff1518191_1891540296',,38663.69,-13177.973,-3839.4934,
SceneComponent,Loot_Barrel_01a_Spawner_C'map03_p_WP:PersistentLevel.UNP_Loot_Barrel_01a_Spawner_UAID_046874882494BB8602_92f9112ff1518191_1892606316',,39520.23,-10408.126,-3827.5886,
SceneComponent,Loot_Barrel_01a_Spawner_C'map03_p_WP:PersistentLevel.UNP_Loot_Barrel_01a_Spawner_UAID_046874882494D77F02_46c6e786a3fd7089_1404716871',,25666.627,41819.008,-2451.2368,
SceneComponent,Loot_Barrel_01a_Spawner_C'map03_p_WP:PersistentLevel.UNP_Loot_Barrel_01a_Spawner_UAID_046874882494D77F02_46c6e786a3fd7089_1405572030',,24597.896,39378.336,-2451.237,
SceneComponent,Loot_Barrel_01a_Spawner_C'map03_p_WP:PersistentLevel.UNP_Loot_Barrel_01a_Spawner_UAID_046874882494D77F02_46c6e786a3fd7089_1410552295',,23841.096,42863.848,-2457.8577,
SceneComponent,Loot_Barrel_01a_Spawner_C'map03_p_WP:PersistentLevel.UNP_Loot_Barrel_01a_Spawner_UAID_046874882494D77F02_46c6e786a3fd7089_1413918421',,22740.018,40397.707,-2451.0757,
SceneComponent,Loot_Barrel_01a_Spawner_C'map03_p_WP:PersistentLevel.UNP_Loot_Barrel_01a_Spawner_UAID_046874882494F98A02_2c07323eb2e99beb_2106943949',,33885.26,7281.7324,1104.6201,
SceneComponent,Loot_Barrel_01a_Spawner_C'map03_p_WP:PersistentLevel.UNP_Loot_Barrel_01a_Spawner_UAID_046874882494F98A02_2c07323eb2e99beb_2107936108',,32405.12,7771.9434,1111.252,
SceneComponent,Loot_Barrel_01a_Spawner_C'map03_p_WP:PersistentLevel.UNP_Loot_Barrel_01a_Spawner_UAID_18C04DA8201B437902_b67ec8a3d8d2e891_1439525338',,-3939.5952,38258.39,-2589.082,
SceneComponent,Loot_Barrel_01a_Spawner_C'map03_p_WP:PersistentLevel.UNP_Loot_Barrel_01a_Spawner_UAID_18C04DA8201B437902_b67ec8a3d8d2e891_1577402852',,-5092.5444,37575.145,-2599.5813,
SceneComponent,Loot_Barrel_01a_Spawner_C'map03_p_WP:PersistentLevel.UNP_Loot_Barrel_01a_Spawner_UAID_18C04DA8201BEF7202_91ce05da56308e53_1604949757',,9803.955,45626.254,-2889.7837,
SceneComponent,Loot_Barrel_01a_Spawner_C'map03_p_WP:PersistentLevel.UNP_Loot_Barrel_01a_Spawner_UAID_18C04DA8201BEF7202_91ce05da56308e53_2088699018',,11712.76,47040.137,-3002.101,
SceneComponent,Loot_Barrel_01a_Spawner_C'map03_p_WP:PersistentLevel.UNP_Loot_Barrel_01a_Spawner_UAID_18C04DA8201BF07202_91ce05da56308e53_1741080496',,12456.373,44904.4,-3022.535,
SceneComponent,Loot_Barrel_01a_Spawner_C'map03_p_WP:PersistentLevel.UNP_Loot_Barrel_01a_Spawner_b4f3232b7a6a0da0_0',,5714.4956,11364.073,-79.90926,
SceneComponent,Loot_Barrel_01a_Spawner_C'map03_p_WP:PersistentLevel.UNP_Loot_Barrel_01a_Spawner_bacad867c9c5e889_0',,23748.924,37.48316,-1010.2188,
SceneComponent,Loot_Barrel_01a_Spawner_C'map03_p_WP:PersistentLevel.UNP_Loot_Barrel_01a_Spawner_c01302f103af8f1c_2',,42133.363,33390.613,-2791.8948,
SceneComponent,Loot_Barrel_01a_Spawner_C'map03_p_WP:PersistentLevel.UNP_Loot_Barrel_01a_Spawner_d34721282d1a7473_0',,-15840.6045,22462.6,-1534.0737,
SceneComponent,Loot_Barrel_01a_Spawner_C'map03_p_WP:PersistentLevel.UNP_Loot_Barrel_01a_UAID_046874882494118C02_2389606fe4e70095_1229934440',,26192.484,25082.28,-831.7786,
SceneComponent,Loot_Barrel_01a_Spawner_C'map03_p_WP:PersistentLevel.UNP_Loot_Barrel_01a_UAID_046874882494118C02_2389606fe4e70095_1230153503',,27130.805,21419.41,225.82663,
SceneComponent,Loot_Barrel_01a_Spawner_C'map03_p_WP:PersistentLevel.UNP_Loot_Barrel_01a_UAID_046874882494118C02_2389606fe4e70095_1230154506',,27553.445,22841.605,-242.41486,
SceneComponent,Loot_Barrel_01a_Spawner_C'map03_p_WP:PersistentLevel.UNP_Loot_Barrel_01a_UAID_046874882494118C02_2389606fe4e70095_1230687614',,28139.441,21660.486,225.82664,
SceneComponent,Loot_Barrel_01a_Spawner_C'map03_p_WP:PersistentLevel.UNP_Loot_Barrel_01a_UAID_046874882494129202_87d6de7cd1afab30_1951456506',,42030.32,16381.088,1820.4545,
SceneComponent,Loot_Barrel_01a_Spawner_C'map03_p_WP:PersistentLevel.UNP_Loot_Barrel_01a_UAID_046874882494168102_20c886124a4a6cac_1343297308',,-441.16003,13762.053,-107.81816,
SceneComponent,Loot_Barrel_01a_Spawner_C'map03_p_WP:PersistentLevel.UNP_Loot_Barrel_01a_UAID_046874882494168102_20c886124a4a6cac_1344156380',,-1890.0046,12383.993,-102.77878,
SceneComponent,Loot_Barrel_01a_Spawner_C'map03_p_WP:PersistentLevel.UNP_Loot_Barrel_01a_UAID_046874882494168102_20c886124a4a6cac_1351897503',,-1207.8385,12658.091,71.0737,
SceneComponent,Loot_Barrel_01a_Spawner_C'map03_p_WP:PersistentLevel.UNP_Loot_Barrel_01a_UAID_0468748824944A8902_35267f9c3545d35c_1893301123',,55937.945,29748.848,-4850.159,
SceneComponent,Loot_Barrel_01a_Spawner_C'map03_p_WP:PersistentLevel.UNP_Loot_Barrel_01a_UAID_0468748824944A8902_35267f9c3545d35c_1898123270',,55048.758,34605.742,-5417.086,
SceneComponent,Loot_Barrel_01a_Spawner_C'map03_p_WP:PersistentLevel.UNP_Loot_Barrel_01a_UAID_0468748824944E8902_c85329728f06dd80_1225935456',,-13748.489,13600.694,-638.03406,
SceneComponent,Loot_Barrel_01a_Spawner_C'map03_p_WP:PersistentLevel.UNP_Loot_Barrel_01a_UAID_0468748824944E8902_c85329728f06dd80_1226161464',,-14553.319,14223.641,-637.9705,
SceneComponent,Loot_Barrel_01a_Spawner_C'map03_p_WP:PersistentLevel.UNP_Loot_Barrel_01a_UAID_0468748824944E8902_c85329728f06dd80_1234159869',,-14711.43,12221.192,-532.84467,
SceneComponent,Loot_Barrel_01a_Spawner_C'map03_p_WP:PersistentLevel.UNP_Loot_Barrel_01a_UAID_0468748824944E8902_c85329728f06dd80_1234379875',,-15053.145,13707.305,-532.8259,
SceneComponent,Loot_Barrel_01a_Spawner_C'map03_p_WP:PersistentLevel.UNP_Loot_Barrel_01a_UAID_0468748824944E8902_c85329728f06dd80_1258044275',,-13898.567,15394.157,-145.55527,
SceneComponent,Loot_Barrel_01a_Spawner_C'map03_p_WP:PersistentLevel.UNP_Loot_Barrel_01a_UAID_046874882494907E02_f6ac66adf17bf997_1413169413',,-21184.691,22162.045,-1512.4912,
SceneComponent,Loot_Barrel_01a_Spawner_C'map03_p_WP:PersistentLevel.UNP_Loot_Barrel_01a_UAID_046874882494928402_29fb098085780a4e_1955724345',,22576.549,14602.762,-142.42471,
SceneComponent,Loot_Barrel_01a_Spawner_C'map03_p_WP:PersistentLevel.UNP_Loot_Barrel_01a_UAID_046874882494928402_29fb098085780a4e_1956873558',,24219.64,17200.605,20.638725,
SceneComponent,Loot_Barrel_01a_Spawner_C'map03_p_WP:PersistentLevel.UNP_Loot_Barrel_01a_UAID_046874882494938402_29fb098085780a4e_1575314706',,22487.334,20737.752,286.4496,
SceneComponent,Loot_Barrel_01a_Spawner_C'map03_p_WP:PersistentLevel.UNP_Loot_Barrel_01a_UAID_046874882494977D02_c01302f103af8f1c_1330259003',,41707.53,31397.107,-2913.0474,
SceneComponent,Loot_Barrel_01a_Spawner_C'map03_p_WP:PersistentLevel.UNP_Loot_Barrel_01a_UAID_18C04DA8201B437902_b67ec8a3d8d2e891_1446584749',,-2772.0586,42016.98,-2567.7856,
SceneComponent,Loot_Barrel_01a_Spawner_C'map03_p_WP:PersistentLevel.UNP_Loot_Barrel_01a_UAID_18C04DA8201BEF7202_91ce05da56308e53_1622909842',,9387.178,41981.184,-2541.7146,
SceneComponent,Loot_Barrel_01a_Spawner_C'map03_p_WP:PersistentLevel.UNP_Loot_Barrel_01a_e36b4c37399c2378_0',,39007.094,-14746.876,-5354.2563,
SceneComponent,Loot_Barrel_01a_Spawner_C'map03_p_WP:PersistentLevel.UNP_Loot_Barrel_01a_e6bb2361b1e4fd9c_0',,50855.777,26263.621,-4210.42,
SceneComponent,Loot_Barrel_01a_Spawner_C'map03_p_WP:PersistentLevel.UNP_PG_SC_Barrels_020_UAID_046874882494169202_12e65868fd8f26ee_1852169674',,38683.55,17973.596,1510.2201,
SceneComponent,Loot_Barrel_01a_Spawner_C'map03_p_WP:PersistentLevel.UNP_PG_SC_Barrels_020_UAID_046874882494907E02_f6ac66adf17bf997_1361927050',,-19290.717,23679.01,-1519.2634,
SceneComponent,Loot_Barrel_01a_Spawner_C'map03_p_WP:PersistentLevel.UNP_PG_SC_Barrels_020_UAID_046874882494D77F02_46c6e786a3fd7089_1406241092',,23362.914,39404.195,-2450.1333,
SceneComponent,Loot_Barrel_01a_Spawner_C'map03_p_WP:PersistentLevel.UNP_PG_SC_Barrels_020_UAID_046874882494D77F02_46c6e786a3fd7089_1406470102',,26848.725,40589.848,-2450.1333,
SceneComponent,Loot_Barrel_01a_Spawner_C'map03_p_WP:PersistentLevel.UNP_PG_SC_Barrels_020_UAID_046874882494F98A02_2c07323eb2e99beb_1914175331',,32120.88,7666.3486,1105.3376,
SceneComponent,Loot_Basket_Large_01a_Spawner_C'map03_p_WP:PersistentLevel.Loot_Basket_Large_01a_Spawner_C_UAID_046874882494AD8D02_e866662526208594_2004135342',,38460.81,52329.402,-3591.8293,
SceneComponent,Loot_Basket_Large_01a_Spawner_C'map03_p_WP:PersistentLevel.Loot_Basket_Large_01a_Spawner_C_UAID_581CF8B72315235F02_92f9112ff1518191_1609283425',,40945.082,-9613.515,-3827.307,
SceneComponent,Loot_Basket_Medium_01a_Spawner_C'map03_p_WP:PersistentLevel.Loot_Basket_Medium_01a_Spawner_C_35267f9c3545d35c_91',,56051.516,31864.86,-5411.035,
SceneComponent,Loot_Basket_Medium_01a_Spawner_C'map03_p_WP:PersistentLevel.Loot_Basket_Medium_01a_Spawner_C_UAID_04D9F5F93AD5953102_0937f42e405261d3_1497988234',,-11888.887,-225.48935,1843.9276,
SceneComponent,Loot_Basket_Medium_01a_Spawner_C'map03_p_WP:PersistentLevel.Loot_Basket_Medium_01a_Spawner_C_UAID_04D9F5F93AD5953102_37a28efbd26adc60_1497988234',,15090.597,-12879.466,175.30641,
SceneComponent,Loot_Basket_Medium_01a_Spawner_C'map03_p_WP:PersistentLevel.Loot_Basket_Medium_01a_Spawner_C_UAID_04D9F5F93AD5953102_9b091094a2e3f407_1497988234',,-13527.562,47749.324,-2327.5322,
SceneComponent,Loot_Basket_Medium_01a_Spawner_C'map03_p_WP:PersistentLevel.Loot_Basket_Medium_01a_Spawner_C_UAID_04D9F5F93AD5953102_ab5027526005fa55_1497988234',,60957.133,17780.816,-2414.3933,
SceneComponent,Loot_Basket_Medium_01a_Spawner_C'map03_p_WP:PersistentLevel.Loot_Basket_Medium_01a_Spawner_C_UAID_581CF8B72315235F02_92f9112ff1518191_1544563402',,40184.445,-12447.399,-3835.2751,
SceneComponent,Loot_Basket_Medium_01a_Spawner_C'map03_p_WP:PersistentLevel.UNP_Loot_Basket_Medium_01a_Spawner_UAID_046874882494168102_20c886124a4a6cac_1343894332',,-1690.0083,12671.567,-110.997025,
SceneComponent,Loot_Basket_Medium_01a_Spawner_C'map03_p_WP:PersistentLevel.UNP_Loot_Basket_Medium_01a_Spawner_UAID_046874882494427E02_6ed99d200bbadc17_1174567294',,13427.512,44532.92,-2804.8142,
SceneComponent,Loot_Basket_Medium_01a_Spawner_C'map03_p_WP:PersistentLevel.UNP_Loot_Basket_Medium_01a_Spawner_UAID_046874882494427E02_a08f056012bf1a67_1174567294',,49790.68,30351.865,-4194.222,
SceneComponent,Loot_Basket_Medium_01a_Spawner_C'map03_p_WP:PersistentLevel.UNP_Loot_Basket_Medium_01a_Spawner_UAID_046874882494427E02_d13aeda62c2404aa_1174567294',,44970.543,13560.11,2309.5059,
SceneComponent,Loot_Basket_Medium_01a_Spawner_C'map03_p_WP:PersistentLevel.UNP_Loot_Basket_Medium_01a_Spawner_UAID_046874882494477E02_248ca04a73e0c586_1606784364',,36784.348,20249.531,2301.835,
SceneComponent,Loot_Basket_Medium_01a_Spawner_C'map03_p_WP:PersistentLevel.UNP_Loot_Basket_Medium_01a_Spawner_UAID_0468748824944A8902_35267f9c3545d35c_1893508134',,55482.99,29627.758,-4579.2856,
SceneComponent,Loot_Basket_Medium_01a_Spawner_C'map03_p_WP:PersistentLevel.UNP_Loot_Basket_Medium_01a_Spawner_UAID_0468748824944A8902_35267f9c3545d35c_1893693142',,56148.59,31592.328,-4772.2334,
SceneComponent,Loot_Basket_Medium_01a_Spawner_C'map03_p_WP:PersistentLevel.UNP_Loot_Basket_Medium_01a_Spawner_UAID_0468748824944E8902_c85329728f06dd80_1141024711',,-15499.653,10162.465,-146.33458,
SceneComponent,Loot_Basket_Medium_01a_Spawner_C'map03_p_WP:PersistentLevel.UNP_Loot_Basket_Medium_01a_Spawner_UAID_0468748824944E8902_c85329728f06dd80_1225716451',,-14736.82,14287.5625,539.2273,
SceneComponent,Loot_Basket_Medium_01a_Spawner_C'map03_p_WP:PersistentLevel.UNP_Loot_Basket_Medium_01a_Spawner_UAID_0468748824944E8902_c85329728f06dd80_1254237195',,-12128.973,14962.409,-153.11836,
SceneComponent,Loot_Basket_Medium_01a_Spawner_C'map03_p_WP:PersistentLevel.UNP_Loot_Basket_Medium_01a_Spawner_UAID_046874882494907E02_f6ac66adf17bf997_1359944921',,-20568.389,20730.027,-1313.4882,
SceneComponent,Loot_Basket_Medium_01a_Spawner_C'map03_p_WP:PersistentLevel.UNP_Loot_Basket_Medium_01a_Spawner_UAID_046874882494907E02_f6ac66adf17bf997_1360657968',,-19752.725,23998.334,-1314.0487,
SceneComponent,Loot_Basket_Medium_01a_Spawner_C'map03_p_WP:PersistentLevel.UNP_Loot_Basket_Medium_01a_Spawner_UAID_046874882494907E02_f6ac66adf17bf997_1365538122',,-20883.385,22340.682,-1520.7095,
SceneComponent,Loot_Basket_Medium_01a_Spawner_C'map03_p_WP:PersistentLevel.UNP_Loot_Basket_Medium_01a_Spawner_UAID_046874882494928402_29fb098085780a4e_1954587169',,17797.957,15443.631,169.52911,
SceneComponent,Loot_Basket_Medium_01a_Spawner_C'map03_p_WP:PersistentLevel.UNP_Loot_Basket_Medium_01a_Spawner_UAID_046874882494977D02_c01302f103af8f1c_1269667638',,43295.773,30934.084,-2913.5781,
SceneComponent,Loot_Basket_Medium_01a_Spawner_C'map03_p_WP:PersistentLevel.UNP_Loot_Basket_Medium_01a_Spawner_UAID_046874882494977D02_c01302f103af8f1c_1269763644',,41638.05,30675.885,-2918.4106,
SceneComponent,Loot_Basket_Medium_01a_Spawner_C'map03_p_WP:PersistentLevel.UNP_Loot_Basket_Medium_01a_Spawner_UAID_046874882494988402_3c96d5654b6776db_2067188148',,32163.559,13444.366,-2200.6177,
SceneComponent,Loot_Basket_Medium_01a_Spawner_C'map03_p_WP:PersistentLevel.UNP_Loot_Basket_Medium_01a_Spawner_UAID_046874882494D77F02_46c6e786a3fd7089_1404736882',,25809.668,41520.69,-2244.0156,
SceneComponent,Loot_Basket_Medium_01a_Spawner_C'map03_p_WP:PersistentLevel.UNP_Loot_Basket_Medium_01a_Spawner_UAID_046874882494D77F02_46c6e786a3fd7089_1405119954',,23341.523,39920.035,-2249.1746,
SceneComponent,Loot_Basket_Medium_01a_Spawner_C'map03_p_WP:PersistentLevel.UNP_Loot_Basket_Medium_01a_Spawner_UAID_046874882494D77F02_46c6e786a3fd7089_1405519005',,25137.143,39904.0,-2244.5762,
SceneComponent,Loot_Basket_Medium_01a_Spawner_C'map03_p_WP:PersistentLevel.UNP_Loot_Basket_Medium_01a_Spawner_UAID_046874882494F98A02_2c07323eb2e99beb_1918937375',,31269.996,10151.479,1103.3202,
SceneComponent,Loot_Basket_Medium_01a_Spawner_C'map03_p_WP:PersistentLevel.UNP_Loot_Basket_Medium_01a_Spawner_UAID_046874882494F98A02_2c07323eb2e99beb_2106963960',,34151.76,7477.772,1311.8414,
SceneComponent,Loot_Basket_Medium_01a_Spawner_C'map03_p_WP:PersistentLevel.UNP_Loot_Basket_Medium_01a_Spawner_UAID_046874882494F98A02_2c07323eb2e99beb_2107425032',,31741.02,9279.891,1304.8857,
SceneComponent,Loot_Basket_Medium_01a_Spawner_C'map03_p_WP:PersistentLevel.UNP_Loot_Basket_Medium_01a_Spawner_UAID_046874882494F98A02_2c07323eb2e99beb_2107880083',,32224.18,7040.9346,1317.9127,
SceneComponent,Loot_Basket_Medium_01a_Spawner_C'map03_p_WP:PersistentLevel.UNP_Loot_Basket_Medium_01a_Spawner_UAID_18C04DA8201B437902_b67ec8a3d8d2e891_1438937309',,-4266.3203,38206.383,-2381.8606,
SceneComponent,Loot_Basket_Small_01a_Spawner_C'map03_p_WP:PersistentLevel.Loot_Basket_Small_01a_Spawner_C_UAID_0468748824944E8902_c85329728f06dd80_1229175545',,-12392.227,14961.523,-71.51819,
SceneComponent,Loot_Basket_Small_01a_Spawner_C'map03_p_WP:PersistentLevel.Loot_Basket_Small_01a_Spawner_C_UAID_046874882494907E02_f6ac66adf17bf997_1364013080',,-21149.295,23239.076,-1444.4426,
SceneComponent,Loot_Basket_Small_01a_Spawner_C'map03_p_WP:PersistentLevel.Loot_Basket_Small_01a_Spawner_C_UAID_046874882494AD8D02_e866662526208594_1998046852',,36866.484,49501.5,-3578.2666,
SceneComponent,Loot_Basket_Small_01a_Spawner_C'map03_p_WP:PersistentLevel.Loot_Basket_Small_01a_Spawner_C_UAID_046874882494D77F02_46c6e786a3fd7089_1409421201',,23972.08,40977.055,-2365.6057,
SceneComponent,Loot_Basket_Small_01a_Spawner_C'map03_p_WP:PersistentLevel.Loot_Basket_Small_01a_Spawner_C_UAID_046874882494D77F02_46c6e786a3fd7089_1409531209',,24133.676,42750.633,-2385.7559,
SceneComponent,Loot_Basket_Small_01a_Spawner_C'map03_p_WP:PersistentLevel.Loot_Basket_Small_01a_Spawner_C_UAID_046874882494D77F02_46c6e786a3fd7089_1409641217',,23758.072,39440.883,-2363.7107,
SceneComponent,Loot_Basket_Small_01a_Spawner_C'map03_p_WP:PersistentLevel.Loot_Basket_Small_01a_Spawner_C_UAID_046874882494EC8802_6050371b4132a7ae_1430227205',,24402.193,-14887.032,-4355.0356,
SceneComponent,Loot_Basket_Small_01a_Spawner_C'map03_p_WP:PersistentLevel.Loot_Basket_Small_01a_Spawner_C_UAID_046874882494ED8802_c6899ba472a785b4_1081203750',,-638.6875,51993.637,-5534.1494,
SceneComponent,Loot_Basket_Small_01a_Spawner_C'map03_p_WP:PersistentLevel.Loot_Basket_Small_01a_Spawner_C_UAID_046874882494F98A02_2c07323eb2e99beb_1936556480',,31648.791,8648.282,1190.4922,
SceneComponent,Loot_Basket_Small_01a_Spawner_C'map03_p_WP:PersistentLevel.Loot_Basket_Small_01a_Spawner_C_UAID_046874882494F98A02_2c07323eb2e99beb_1938235602',,32588.217,8422.793,1237.0092,
SceneComponent,Loot_Basket_Small_01a_Spawner_C'map03_p_WP:PersistentLevel.Loot_Basket_Small_01a_Spawner_C_UAID_18C04DA8201B327902_5abb851929817da7_1182892175',,-11311.414,-463.7792,1937.42,
SceneComponent,Loot_Basket_Small_01a_Spawner_C'map03_p_WP:PersistentLevel.Loot_Basket_Small_01a_Spawner_C_UAID_18C04DA8201B327902_7f13be226a970f87_1182892175',,61515.934,17501.533,-2320.901,
SceneComponent,Loot_Basket_Small_01a_Spawner_C'map03_p_WP:PersistentLevel.Loot_Basket_Small_01a_Spawner_C_UAID_18C04DA8201B327902_ce52be21fe63b205_1182892175',,15488.614,-13360.963,268.79877,
SceneComponent,Loot_Basket_Small_01a_Spawner_C'map03_p_WP:PersistentLevel.Loot_Basket_Small_01a_Spawner_C_UAID_18C04DA8201B327902_d30a12f2c04c18d1_1182892175',,-13132.202,48233.008,-2234.0398,
SceneComponent,Loot_Basket_Small_01a_Spawner_C'map03_p_WP:PersistentLevel.Loot_Basket_Small_01a_Spawner_C_UAID_581CF8B72315C05A02_e866662526208594_2012502414',,38460.0,51180.176,-3645.4836,
SceneComponent,Loot_Basket_Small_01a_Spawner_C'map03_p_WP:PersistentLevel.Loot_Basket_Small_01a_Spawner_C_c85329728f06dd80_0',,-13464.472,13336.3125,-638.07794,
SceneComponent,Loot_Basket_Small_01a_Spawner_C'map03_p_WP:PersistentLevel.Loot_Basket_Small_01a_Spawner_C_c85329728f06dd80_1',,-13494.2,13193.499,-141.85521,
SceneComponent,Loot_BirdsNest_01a_Spawner_C'map03_p_WP:PersistentLevel.Loot_BirdsNest_01a_Spawner_C_UAID_00FF8EFC2BEF375802_01a53a19333427aa_1781651458',,-15421.66,42340.332,-2633.7026,
SceneComponent,Loot_BirdsNest_01a_Spawner_C'map03_p_WP:PersistentLevel.Loot_BirdsNest_01a_Spawner_C_UAID_00FF8EFC2BEF375802_0238b85208fcfe47_1781651458',,22721.27,-5327.324,-1725.7821,
SceneComponent,Loot_BirdsNest_01a_Spawner_C'map03_p_WP:PersistentLevel.Loot_BirdsNest_01a_Spawner_C_UAID_00FF8EFC2BEF375802_11b18561b7cd22c7_1781651458',,36691.996,13538.629,899.6642,
SceneComponent,Loot_BirdsNest_01a_Spawner_C'map03_p_WP:PersistentLevel.Loot_BirdsNest_01a_Spawner_C_UAID_00FF8EFC2BEF375802_20d0f5b56721f0ec_1781651458',,20123.27,62.466946,-1554.1653,
SceneComponent,Loot_BirdsNest_01a_Spawner_C'map03_p_WP:PersistentLevel.Loot_BirdsNest_01a_Spawner_C_UAID_00FF8EFC2BEF375802_25efe9ce72fbb7cf_1781651458',,27137.799,-11630.302,-3074.34,
SceneComponent,Loot_BirdsNest_01a_Spawner_C'map03_p_WP:PersistentLevel.Loot_BirdsNest_01a_Spawner_C_UAID_00FF8EFC2BEF375802_2dcf43e94df37503_1781651458',,40515.41,8471.161,195.55826,
SceneComponent,Loot_BirdsNest_01a_Spawner_C'map03_p_WP:PersistentLevel.Loot_BirdsNest_01a_Spawner_C_UAID_00FF8EFC2BEF375802_312c66ff6b7cd55e_1781651458',,21277.336,-3233.815,-1708.8542,
SceneComponent,Loot_BirdsNest_01a_Spawner_C'map03_p_WP:PersistentLevel.Loot_BirdsNest_01a_Spawner_C_UAID_00FF8EFC2BEF375802_378480ace2970932_1781651458',,28419.213,-16697.451,-3154.3218,
SceneComponent,Loot_BirdsNest_01a_Spawner_C'map03_p_WP:PersistentLevel.Loot_BirdsNest_01a_Spawner_C_UAID_00FF8EFC2BEF375802_3cb5a89ea80cde88_1781651458',,69725.95,5710.9956,-5037.5264,
SceneComponent,Loot_BirdsNest_01a_Spawner_C'map03_p_WP:PersistentLevel.Loot_BirdsNest_01a_Spawner_C_UAID_00FF8EFC2BEF375802_41ff4435682e037e_1781651458',,45829.465,42050.734,-5563.259,
SceneComponent,Loot_BirdsNest_01a_Spawner_C'map03_p_WP:PersistentLevel.Loot_BirdsNest_01a_Spawner_C_UAID_00FF8EFC2BEF375802_429bf6992a581c5d_1781651458',,28555.22,51117.152,-4008.4795,
SceneComponent,Loot_BirdsNest_01a_Spawner_C'map03_p_WP:PersistentLevel.Loot_BirdsNest_01a_Spawner_C_UAID_00FF8EFC2BEF375802_540891d5ba533a43_1781651458',,41089.95,29300.432,-2978.3394,
SceneComponent,Loot_BirdsNest_01a_Spawner_C'map03_p_WP:PersistentLevel.Loot_BirdsNest_01a_Spawner_C_UAID_00FF8EFC2BEF375802_60e7fa84cbe153a4_1781651458',,39755.234,25692.746,-2870.1292,
SceneComponent,Loot_BirdsNest_01a_Spawner_C'map03_p_WP:PersistentLevel.Loot_BirdsNest_01a_Spawner_C_UAID_00FF8EFC2BEF375802_61fcf9acb5fc8a84_1781651458',,40326.242,34197.29,-3034.731,
SceneComponent,Loot_BirdsNest_01a_Spawner_C'map03_p_WP:PersistentLevel.Loot_BirdsNest_01a_Spawner_C_UAID_00FF8EFC2BEF375802_6811bf20e9028471_1781651458',,14863.781,7939.203,-1468.2063,
SceneComponent,Loot_BirdsNest_01a_Spawner_C'map03_p_WP:PersistentLevel.Loot_BirdsNest_01a_Spawner_C_UAID_00FF8EFC2BEF375802_7440d8426de42afb_1781651458',,61224.96,-4112.3403,-5148.1553,
SceneComponent,Loot_BirdsNest_01a_Spawner_C'map03_p_WP:PersistentLevel.Loot_BirdsNest_01a_Spawner_C_UAID_00FF8EFC2BEF375802_861aa6224a22d62e_1781651458',,32909.3,52263.375,-5795.3384,
SceneComponent,Loot_BirdsNest_01a_Spawner_C'map03_p_WP:PersistentLevel.Loot_BirdsNest_01a_Spawner_C_UAID_00FF8EFC2BEF375802_8ea36041bd41454a_1781651458',,34991.67,24179.912,-2451.6797,
SceneComponent,Loot_BirdsNest_01a_Spawner_C'map03_p_WP:PersistentLevel.Loot_BirdsNest_01a_Spawner_C_UAID_00FF8EFC2BEF375802_907a96eea4b7217f_1781651458',,458.84363,4834.697,-1762.808,
SceneComponent,Loot_BirdsNest_01a_Spawner_C'map03_p_WP:PersistentLevel.Loot_BirdsNest_01a_Spawner_C_UAID_00FF8EFC2BEF375802_92272270dbc7f090_1781651458',,25202.36,-4353.892,-1845.4701,
SceneComponent,Loot_BirdsNest_01a_Spawner_C'map03_p_WP:PersistentLevel.Loot_BirdsNest_01a_Spawner_C_UAID_00FF8EFC2BEF375802_a19b2fea59d0a083_1781651458',,31769.5,22365.486,-2107.4165,
SceneComponent,Loot_BirdsNest_01a_Spawner_C'map03_p_WP:PersistentLevel.Loot_BirdsNest_01a_Spawner_C_UAID_00FF8EFC2BEF375802_a4e2d11df5a5148b_1781651458',,59735.402,-4654.0293,-5040.767,
SceneComponent,Loot_BirdsNest_01a_Spawner_C'map03_p_WP:PersistentLevel.Loot_BirdsNest_01a_Spawner_C_UAID_00FF8EFC2BEF375802_a7383356e016ff2a_1781651458',,69580.34,17913.229,-5296.593,
SceneComponent,Loot_BirdsNest_01a_Spawner_C'map03_p_WP:PersistentLevel.Loot_BirdsNest_01a_Spawner_C_UAID_00FF8EFC2BEF375802_ac1f034130d07e64_1781651458',,3772.471,7720.2314,-1491.9384,
SceneComponent,Loot_BirdsNest_01a_Spawner_C'map03_p_WP:PersistentLevel.Loot_BirdsNest_01a_Spawner_C_UAID_00FF8EFC2BEF375802_aea309e84c9a895d_1781651458',,383.55118,3077.348,-1944.8419,
SceneComponent,Loot_BirdsNest_01a_Spawner_C'map03_p_WP:PersistentLevel.Loot_BirdsNest_01a_Spawner_C_UAID_00FF8EFC2BEF375802_b16d72c191949da7_1781651458',,45943.223,44132.965,-5584.996,
SceneComponent,Loot_BirdsNest_01a_Spawner_C'map03_p_WP:PersistentLevel.Loot_BirdsNest_01a_Spawner_C_UAID_00FF8EFC2BEF375802_c7d3456adb0585ac_1781651458',,-16725.432,46801.566,-3463.9082,
SceneComponent,Loot_BirdsNest_01a_Spawner_C'map03_p_WP:PersistentLevel.Loot_BirdsNest_01a_Spawner_C_UAID_00FF8EFC2BEF375802_c83778328a20e215_1781651458',,63983.418,-2990.5398,-5146.169,
SceneComponent,Loot_BirdsNest_01a_Spawner_C'map03_p_WP:PersistentLevel.Loot_BirdsNest_01a_Spawner_C_UAID_00FF8EFC2BEF375802_c8536bf9da6d849d_1781651458',,42255.95,37487.477,-4320.855,
SceneComponent,Loot_BirdsNest_01a_Spawner_C'map03_p_WP:PersistentLevel.Loot_BirdsNest_01a_Spawner_C_UAID_00FF8EFC2BEF375802_cf3602663f40ac1d_1781651458',,26495.541,-6249.3335,-2135.9165,
SceneComponent,Loot_BirdsNest_01a_Spawner_C'map03_p_WP:PersistentLevel.Loot_BirdsNest_01a_Spawner_C_UAID_00FF8EFC2BEF375802_d0e3e5da222fb20e_1781651458',,35362.906,13250.903,640.74274,
SceneComponent,Loot_BirdsNest_01a_Spawner_C'map03_p_WP:PersistentLevel.Loot_BirdsNest_01a_Spawner_C_UAID_00FF8EFC2BEF375802_d8d63e3bbd7d9e2f_1781651458',,26864.629,-5318.492,-1962.9933,
SceneComponent,Loot_BirdsNest_01a_Spawner_C'map03_p_WP:PersistentLevel.Loot_BirdsNest_01a_Spawner_C_UAID_00FF8EFC2BEF375802_d9b2d03faf2fc7a5_1781651458',,18156.312,962.86194,-1425.9976,
SceneComponent,Loot_BirdsNest_01a_Spawner_C'map03_p_WP:PersistentLevel.Loot_BirdsNest_01a_Spawner_C_UAID_00FF8EFC2BEF375802_df1034679a459d14_1781651458',,-8622.254,5620.5205,-2018.0636,
SceneComponent,Loot_BirdsNest_01a_Spawner_C'map03_p_WP:PersistentLevel.Loot_BirdsNest_01a_Spawner_C_UAID_00FF8EFC2BEF375802_dfef0513664ec993_1781651458',,10163.24,8341.251,-1456.7942,
SceneComponent,Loot_BirdsNest_01a_Spawner_C'map03_p_WP:PersistentLevel.Loot_BirdsNest_01a_Spawner_C_UAID_00FF8EFC2BEF375802_f01b6b1043ae0a78_1781651458',,26294.807,-8309.057,-2585.4893,
SceneComponent,Loot_BirdsNest_01a_Spawner_C'map03_p_WP:PersistentLevel.Loot_BirdsNest_01a_Spawner_C_UAID_00FF8EFC2BEF375802_f479cd97f319b16c_1781651458',,67408.164,777.2116,-5097.807,
SceneComponent,Loot_BirdsNest_01a_Spawner_C'map03_p_WP:PersistentLevel.Loot_BirdsNest_01a_Spawner_C_UAID_00FF8EFC2BEF375802_f484545ee4f29f5e_1781651458',,28387.973,-12320.1,-3309.8853,
SceneComponent,Loot_BirdsNest_01a_Spawner_C'map03_p_WP:PersistentLevel.Loot_BirdsNest_01a_Spawner_C_UAID_00FF8EFC2BEF375802_f94887889b559459_1781651458',,-495.8437,4389.895,-1974.477,
SceneComponent,Loot_BirdsNest_01a_Spawner_C'map03_p_WP:PersistentLevel.Loot_BirdsNest_01a_Spawner_C_UAID_00FF8EFC2BEF375802_fc966ab42b6bdffe_1781651458',,12294.928,7466.63,-1461.8276,
SceneComponent,Loot_BirdsNest_01a_Spawner_C'map03_p_WP:PersistentLevel.Loot_BirdsNest_01a_Spawner_C_UAID_00FF8EFC2BEF498902_a44c2e6e6faa7d77_2032737854',,58596.188,4406.3823,-1489.729,25.0
SceneComponent,Loot_BirdsNest_01a_Spawner_C'map03_p_WP:PersistentLevel.Loot_BirdsNest_01a_Spawner_C_UAID_00FF8EFC2BEF508902_a44c2e6e6faa7d77_1299766290',,59715.996,4301.5273,-1847.7034,25.0
SceneComponent,Loot_BirdsNest_01a_Spawner_C'map03_p_WP:PersistentLevel.Loot_BirdsNest_01a_Spawner_C_UAID_00FF8EFC2BEF5A8D02_1266243980',,23973.99,53902.113,-5477.473,
SceneComponent,Loot_BirdsNest_01a_Spawner_C'map03_p_WP:PersistentLevel.Loot_BirdsNest_01a_Spawner_C_UAID_046874882494118C02_2389606fe4e70095_1358015554',,22170.066,21499.818,-1022.86847,
SceneComponent,Loot_BirdsNest_01a_Spawner_C'map03_p_WP:PersistentLevel.Loot_BirdsNest_01a_Spawner_C_UAID_046874882494368F02_9c34f29bae09b13e_1385162906',,-1425.6946,4471.279,-349.84042,
SceneComponent,Loot_BirdsNest_01a_Spawner_C'map03_p_WP:PersistentLevel.Loot_BirdsNest_01a_Spawner_C_UAID_046874882494977D02_c01302f103af8f1c_1267129285',,40789.176,32680.816,-2604.247,
SceneComponent,Loot_BirdsNest_01a_Spawner_C'map03_p_WP:PersistentLevel.Loot_BirdsNest_01a_Spawner_C_UAID_D843AE1A93E5C98002_7d841b13de30ebaf_1673288083',,-3115.2793,44525.79,-2163.128,25.0
SceneComponent,Loot_BirdsNest_01a_Spawner_C'map03_p_WP:PersistentLevel.Loot_BirdsNest_01a_Spawner_C_UAID_D843AE1A93E5C9A002_a44c2e6e6faa7d77_1284161063',,60393.438,6712.113,-1045.4933,
SceneComponent,Loot_BirdsNest_01a_Spawner_C'map03_p_WP:PersistentLevel.Loot_BirdsNest_01a_Spawner_C_UAID_D843AE1A93E5CF8002_12e65868fd8f26ee_1482317034',,39144.043,22695.643,1199.7457,75.0
SceneComponent,Loot_BirdsNest_01a_Spawner_C'map03_p_WP:PersistentLevel.UNP_Loot_BirdsNest_01a1_UAID_046874882494118C02_2389606fe4e70095_1230152501',,26657.996,22011.201,189.77975,
SceneComponent,Loot_BirdsNest_01a_Spawner_C'map03_p_WP:PersistentLevel.UNP_Loot_BirdsNest_01a1_UAID_0468748824944A8902_35267f9c3545d35c_1898096255',,55352.027,33663.832,-5453.133,
SceneComponent,Loot_BirdsNest_01a_Spawner_C'map03_p_WP:PersistentLevel.UNP_Loot_BirdsNest_01a1_UAID_0468748824944A8902_35267f9c3545d35c_1898493320',,56352.094,27626.197,-5443.277,
SceneComponent,Loot_BirdsNest_01a_Spawner_C'map03_p_WP:PersistentLevel.UNP_Loot_BirdsNest_01a1_UAID_18C04DA8201B437902_b67ec8a3d8d2e891_1446579746',,-3141.211,42678.41,-2603.8325,
SceneComponent,Loot_BirdsNest_01a_Spawner_C'map03_p_WP:PersistentLevel.UNP_Loot_BirdsNest_01a1_UAID_18C04DA8201BEF7202_91ce05da56308e53_1622885826',,10139.748,42067.22,-2577.7615,
SceneComponent,Loot_BirdsNest_01a_Spawner_C'map03_p_WP:PersistentLevel.UNP_Loot_BirdsNest_01a1_e36b4c37399c2378_1',,38287.273,-14067.887,-5390.303,
SceneComponent,Loot_BirdsNest_01a_Spawner_C'map03_p_WP:PersistentLevel.UNP_Loot_BirdsNest_01a2_UAID_0468748824944A8902_35267f9c3545d35c_1898102259',,54987.996,34092.36,-5467.062,
SceneComponent,Loot_BirdsNest_01a_Spawner_C'map03_p_WP:PersistentLevel.UNP_Loot_BirdsNest_01a2_UAID_0468748824944A8902_35267f9c3545d35c_1898486317',,56453.094,27073.064,-5457.206,
SceneComponent,Loot_BirdsNest_01a_Spawner_C'map03_p_WP:PersistentLevel.UNP_Loot_BirdsNest_01a2_UAID_18C04DA8201B437902_b67ec8a3d8d2e891_1446569738',,-2602.2444,42518.184,-2617.762,
SceneComponent,Loot_BirdsNest_01a_Spawner_C'map03_p_WP:PersistentLevel.UNP_Loot_BirdsNest_01a2_UAID_18C04DA8201BEF7202_91ce05da56308e53_1622856806',,9784.362,41631.49,-2591.6907,
SceneComponent,Loot_BirdsNest_01a_Spawner_C'map03_p_WP:PersistentLevel.UNP_Loot_BirdsNest_01a2_e36b4c37399c2378_2',,38812.812,-14267.808,-5404.2324,
SceneComponent,Loot_BirdsNest_01a_Spawner_C'map03_p_WP:PersistentLevel.UNP_Loot_BirdsNest_01a_30fa77cbf391bfc5_0',,-110437.445,14554.077,-241.33618,
SceneComponent,Loot_BirdsNest_01a_Spawner_C'map03_p_WP:PersistentLevel.UNP_Loot_BirdsNest_01a_UAID_046874882494118C02_2389606fe4e70095_1230143483',,26848.467,21341.3,200.83206,
SceneComponent,Loot_BirdsNest_01a_Spawner_C'map03_p_WP:PersistentLevel.UNP_Loot_BirdsNest_01a_UAID_0468748824944A8902_35267f9c3545d35c_1898178297',,55664.746,34286.13,-5442.08,
SceneComponent,Loot_BirdsNest_01a_Spawner_C'map03_p_WP:PersistentLevel.UNP_Loot_BirdsNest_01a_UAID_0468748824944A8902_35267f9c3545d35c_1898503326',,55770.125,27243.63,-5432.2246,
SceneComponent,Loot_BirdsNest_01a_Spawner_C'map03_p_WP:PersistentLevel.UNP_Loot_BirdsNest_01a_UAID_046874882494759C02_35267f9c3545d35c_1187667148',,56456.28,29350.408,-4409.0474,
SceneComponent,Loot_BirdsNest_01a_Spawner_C'map03_p_WP:PersistentLevel.UNP_Loot_BirdsNest_01a_UAID_18C04DA8201B437902_b67ec8a3d8d2e891_1446546721',,-3063.3938,41986.32,-2592.7803,
SceneComponent,Loot_BirdsNest_01a_Spawner_C'map03_p_WP:PersistentLevel.UNP_Loot_BirdsNest_01a_UAID_18C04DA8201BEF7202_91ce05da56308e53_1622888828',,9471.05,42261.863,-2566.7092,
SceneComponent,Loot_BirdsNest_01a_Spawner_C'map03_p_WP:PersistentLevel.UNP_Loot_BirdsNest_01a_e36b4c37399c2378_0',,38313.332,-14763.851,-5379.251,
SceneComponent,Loot_BlacksmithChest_01a_Spawner_C'map03_p_WP:PersistentLevel.Loot_BlacksmithChest_01a_Spawner_C_UAID_04D9F5F93AD5FF6102_35267f9c3545d35c_1864097316',,57535.24,31398.627,-5402.1963,
SceneComponent,Loot_BlacksmithChest_02a_Spawner_C'map03_p_WP:PersistentLevel.Loot_BlacksmithChest_02a_Spawner_C_35267f9c3545d35c_1',,56378.387,32324.95,-4939.394,
SceneComponent,Loot_BlacksmithChest_02a_Spawner_C'map03_p_WP:PersistentLevel.Loot_BlacksmithChest_02a_Spawner_C_35267f9c3545d35c_2',,55854.598,29309.564,-4850.071,
SceneComponent,Loot_BlacksmithChest_02a_Spawner_C'map03_p_WP:PersistentLevel.Loot_BlacksmithChest_02a_Spawner_C_UAID_00FF8EFC2BEF0C6602_b67ec8a3d8d2e891_1691922648',,-4987.4707,36086.18,-2593.7673,
SceneComponent,Loot_BlacksmithChest_02a_Spawner_C'map03_p_WP:PersistentLevel.Loot_BlacksmithChest_02a_Spawner_C_UAID_046874882494129202_87d6de7cd1afab30_1951454504',,40446.61,17728.31,2009.1158,
SceneComponent,Loot_BlacksmithChest_02a_Spawner_C'map03_p_WP:PersistentLevel.Loot_BlacksmithChest_02a_Spawner_C_UAID_046874882494928402_29fb098085780a4e_1954923228',,27330.666,17735.451,130.98553,
SceneComponent,Loot_BlacksmithChest_02a_Spawner_C'map03_p_WP:PersistentLevel.Loot_BlacksmithChest_02a_Spawner_C_UAID_046874882494938402_29fb098085780a4e_1575434721',,20472.174,17052.375,71.300026,
SceneComponent,Loot_BlacksmithChest_02a_Spawner_C'map03_p_WP:PersistentLevel.Loot_BlacksmithChest_02a_Spawner_C_UAID_04D9F5F93AD5666602_b67ec8a3d8d2e891_1959981061',,-2586.8628,40503.273,-4188.745,
SceneComponent,Loot_BlacksmithChest_02a_Spawner_C'map03_p_WP:PersistentLevel.Loot_BlacksmithChest_02a_Spawner_C_UAID_04D9F5F93AD59A6202_91ce05da56308e53_1386620727',,11244.564,44032.86,-3016.721,
SceneComponent,Loot_BlacksmithChest_02a_Spawner_C'map03_p_WP:PersistentLevel.Loot_BlacksmithChest_02a_Spawner_C_UAID_04D9F5F93AD59A6202_91ce05da56308e53_1413943733',,11647.866,47231.113,-3560.792,
SceneComponent,Loot_BlacksmithChest_02a_Spawner_C'map03_p_WP:PersistentLevel.Loot_BlacksmithChest_02a_Spawner_C_UAID_04D9F5F93AD5B06502_12e65868fd8f26ee_1432832660',,41745.777,11345.656,2223.5432,
SceneComponent,Loot_BlacksmithChest_02a_Spawner_C'map03_p_WP:PersistentLevel.Loot_BlacksmithChest_02a_Spawner_C_UAID_18C04DA8201B437902_b67ec8a3d8d2e891_1445508681',,-2728.5586,44095.746,-2379.1243,
SceneComponent,Loot_BlacksmithChest_02a_Spawner_C'map03_p_WP:PersistentLevel.Loot_BlacksmithChest_02a_Spawner_C_UAID_18C04DA8201BEF7202_91ce05da56308e53_1604599708',,11288.943,41140.68,-2353.0532,
SceneComponent,Loot_BlacksmithChest_02a_Spawner_C'map03_p_WP:PersistentLevel.Loot_BlacksmithChest_02a_Spawner_C_UAID_581CF8B723153F7E02_70b069ed0aa90e45_1635615341',,32734.89,22602.098,-5592.075,
SceneComponent,Loot_BlacksmithChest_02a_Spawner_C'map03_p_WP:PersistentLevel.Loot_BlacksmithChest_02a_Spawner_C_UAID_581CF8B72315D77E02_abd83efe2c769858_1103915047',,32926.016,16703.941,-2974.022,
SceneComponent,Loot_BlacksmithChest_02a_Spawner_C'map03_p_WP:PersistentLevel.Loot_BlacksmithChest_02a_Spawner_C_UAID_D843AE1A93E5E27902_35267f9c3545d35c_1119161054',,57469.73,29728.1,-4468.5957,
SceneComponent,Loot_Bottle_01a_Spawner_C'map03_p_WP:PersistentLevel.Loot_Bottle_01a_Spawner_C_35267f9c3545d35c_1',,56337.316,31612.63,-5411.1123,
SceneComponent,Loot_Bottle_01a_Spawner_C'map03_p_WP:PersistentLevel.Loot_Bottle_01a_Spawner_C_UAID_0468748824944A8902_35267f9c3545d35c_1897503225',,57782.26,29818.049,-4854.939,
SceneComponent,Loot_Bottle_01a_Spawner_C'map03_p_WP:PersistentLevel.Loot_Bottle_01a_Spawner_C_UAID_046874882494AD8D02_e866662526208594_2004127337',,38244.484,52337.996,-3591.8367,
SceneComponent,Loot_Bottle_01a_Spawner_C'map03_p_WP:PersistentLevel.Loot_Bottle_01a_Spawner_C_UAID_046874882494BF9102_6eba12598bb1f39f_1349298861',,43442.96,17776.723,-3344.3381,
SceneComponent,Loot_Bottle_01a_Spawner_C'map03_p_WP:PersistentLevel.Loot_Bottle_01a_Spawner_C_UAID_046874882494ED8802_c6899ba472a785b4_1081325756',,-2063.2803,49269.19,-5513.9126,
SceneComponent,Loot_Bottle_01a_Spawner_C'map03_p_WP:PersistentLevel.Loot_Bottle_01a_Spawner_C_UAID_581CF8B72315235F02_92f9112ff1518191_1347816373',,40247.395,-9977.0205,-3837.515,
SceneComponent,Loot_Bottle_01a_Spawner_C'map03_p_WP:PersistentLevel.Loot_Bottle_01a_Spawner_C_UAID_581CF8B723154A6302_91ce05da56308e53_1723342650',,8516.816,42001.7,-3019.6697,
SceneComponent,Loot_Bottle_02a_Spawner_C'map03_p_WP:PersistentLevel.Loot_Bottle_02a_Spawner_C_35267f9c3545d35c_3',,57613.55,29001.469,-4468.595,
SceneComponent,Loot_Bottle_02a_Spawner_C'map03_p_WP:PersistentLevel.Loot_Bottle_02a_Spawner_C_5abb851929817da7_0',,-12757.342,58.941856,1787.1027,
SceneComponent,Loot_Bottle_02a_Spawner_C'map03_p_WP:PersistentLevel.Loot_Bottle_02a_Spawner_C_7f13be226a970f87_0',,60111.43,18127.09,-2471.2183,
SceneComponent,Loot_Bottle_02a_Spawner_C'map03_p_WP:PersistentLevel.Loot_Bottle_02a_Spawner_C_UAID_046874882494477E02_248ca04a73e0c586_1607194394',,36773.55,19737.32,2226.3835,
SceneComponent,Loot_Bottle_02a_Spawner_C'map03_p_WP:PersistentLevel.Loot_Bottle_02a_Spawner_C_UAID_0468748824944A8902_35267f9c3545d35c_1897525237',,57661.21,29746.283,-4854.5664,
SceneComponent,Loot_Bottle_02a_Spawner_C'map03_p_WP:PersistentLevel.Loot_Bottle_02a_Spawner_C_UAID_0468748824944E8902_c85329728f06dd80_1237506930',,-15132.394,12824.09,-544.592,
SceneComponent,Loot_Bottle_02a_Spawner_C'map03_p_WP:PersistentLevel.Loot_Bottle_02a_Spawner_C_UAID_046874882494907E02_f6ac66adf17bf997_1360687982',,-20108.0,23629.205,-1389.5002,
SceneComponent,Loot_Bottle_02a_Spawner_C'map03_p_WP:PersistentLevel.Loot_Bottle_02a_Spawner_C_UAID_046874882494BF9102_6eba12598bb1f39f_1349300863',,43529.242,17887.88,-3346.1199,
SceneComponent,Loot_Bottle_02a_Spawner_C'map03_p_WP:PersistentLevel.Loot_Bottle_02a_Spawner_C_UAID_046874882494D77F02_46c6e786a3fd7089_1405553020',,24673.201,40121.336,-2320.0276,
SceneComponent,Loot_Bottle_02a_Spawner_C'map03_p_WP:PersistentLevel.Loot_Bottle_02a_Spawner_C_UAID_046874882494ED8802_c6899ba472a785b4_1081328758',,-2010.4387,49138.777,-5515.6943,
SceneComponent,Loot_Bottle_02a_Spawner_C'map03_p_WP:PersistentLevel.Loot_Bottle_02a_Spawner_C_UAID_046874882494F98A02_2c07323eb2e99beb_2107916098',,32732.977,7100.952,1242.4613,
SceneComponent,Loot_Bottle_02a_Spawner_C'map03_p_WP:PersistentLevel.Loot_Bottle_02a_Spawner_C_UAID_04D9F5F93AD58B3102_c01302f103af8f1c_1337021800',,42472.96,34328.703,-2915.1006,
SceneComponent,Loot_Bottle_02a_Spawner_C'map03_p_WP:PersistentLevel.Loot_Bottle_02a_Spawner_C_UAID_581CF8B723150A7C02_8b779a13974286ee_1621414296',,37445.453,22431.977,-6443.134,
SceneComponent,Loot_Bottle_02a_Spawner_C'map03_p_WP:PersistentLevel.Loot_Bottle_02a_Spawner_C_UAID_581CF8B723155F7702_12e65868fd8f26ee_1252015094',,47116.016,15045.843,1527.2986,
SceneComponent,Loot_Bottle_02a_Spawner_C'map03_p_WP:PersistentLevel.Loot_Bottle_02a_Spawner_C_UAID_581CF8B72315637B02_327590917d1dfb53_1084983965',,33642.266,15725.865,-3048.2847,
SceneComponent,Loot_Bottle_02a_Spawner_C'map03_p_WP:PersistentLevel.Loot_Bottle_02a_Spawner_C_UAID_581CF8B72315637B02_a3704caed54ad9e7_1084983965',,37571.344,20286.58,-7268.3335,
SceneComponent,Loot_Bottle_02a_Spawner_C'map03_p_WP:PersistentLevel.Loot_Bottle_02a_Spawner_C_ce52be21fe63b205_0',,14457.316,-12220.625,118.48142,
SceneComponent,Loot_Bottle_02a_Spawner_C'map03_p_WP:PersistentLevel.Loot_Bottle_02a_Spawner_C_d30a12f2c04c18d1_0',,-14051.379,47000.504,-2384.3572,
SceneComponent,Loot_BucketWater_01a_Spawner_C'map03_p_WP:PersistentLevel.Loot_BucketWater_01a_Spawner_C_UAID_046874882494169202_12e65868fd8f26ee_1802402559',,42829.945,11757.441,2322.8748,
SceneComponent,Loot_BucketWater_01a_Spawner_C'map03_p_WP:PersistentLevel.Loot_BucketWater_01a_Spawner_C_UAID_0468748824944A8902_35267f9c3545d35c_1906432671',,56134.902,31498.592,-5390.356,
SceneComponent,Loot_BucketWater_01a_Spawner_C'map03_p_WP:PersistentLevel.Loot_BucketWater_01a_Spawner_C_UAID_046874882494938402_29fb098085780a4e_1575467740',,20508.822,16647.182,101.26714,
SceneComponent,Loot_BucketWater_01a_Spawner_C'map03_p_WP:PersistentLevel.Loot_BucketWater_01a_Spawner_C_UAID_046874882494BB8602_92f9112ff1518191_1710087644',,40700.895,-10081.4795,-3807.0144,
SceneComponent,Loot_BucketWater_01a_Spawner_C'map03_p_WP:PersistentLevel.Loot_BucketWater_01a_Spawner_C_UAID_04D9F5F93AD5915D02_3ec831d0606c3d94_1656575225',,69112.54,3120.7373,-5567.1445,
SceneComponent,Loot_BucketWater_01a_Spawner_C'map03_p_WP:PersistentLevel.Loot_BucketWater_01a_Spawner_C_UAID_04D9F5F93AD5915D02_653315ec23b604ae_1656575225',,10120.119,43008.42,-2905.5615,
SceneComponent,Loot_BucketWater_01a_Spawner_C'map03_p_WP:PersistentLevel.Loot_BucketWater_01a_Spawner_C_UAID_04D9F5F93AD5915D02_7593430b60a84fea_1656575225',,11543.353,44420.54,-2857.7617,
SceneComponent,Loot_BucketWater_01a_Spawner_C'map03_p_WP:PersistentLevel.Loot_BucketWater_01a_Spawner_C_UAID_04D9F5F93AD5915D02_b577c58d72231d0c_1656575225',,11121.111,44119.113,-2704.7668,
SceneComponent,Loot_BucketWater_01a_Spawner_C'map03_p_WP:PersistentLevel.Loot_BucketWater_01a_Spawner_C_UAID_04D9F5F93AD5915D02_f5e949c25fd8185c_1656575225',,-5121.2886,36095.37,-2274.9666,
SceneComponent,Loot_BucketWater_01a_Spawner_C'map03_p_WP:PersistentLevel.Loot_BucketWater_01a_Spawner_C_UAID_04D9F5F93AD5915D02_fe1b57b7a3b31366_1656575225',,-7204.0522,37544.613,-2465.045,
SceneComponent,Loot_BucketWater_01a_Spawner_C'map03_p_WP:PersistentLevel.Loot_BucketWater_01a_Spawner_C_UAID_18C04DA8201B437902_b67ec8a3d8d2e891_1447960814',,-6075.747,36215.516,-2370.548,
SceneComponent,Loot_BucketWater_01a_Spawner_C'map03_p_WP:PersistentLevel.Loot_BucketWater_01a_Spawner_C_UAID_18C04DA8201B637102_e866662526208594_1098135176',,36006.246,50162.367,-3613.0361,
SceneComponent,Loot_BucketWater_01a_Spawner_C'map03_p_WP:PersistentLevel.Loot_BucketWater_01a_Spawner_C_UAID_18C04DA8201B637102_e866662526208594_1117640256',,36000.74,52072.016,-3500.701,
SceneComponent,Loot_BucketWater_01a_Spawner_C'map03_p_WP:PersistentLevel.Loot_BucketWater_01a_Spawner_C_UAID_18C04DA8201B637102_e866662526208594_1117923283',,38219.176,52447.25,-3501.0093,
SceneComponent,Loot_BucketWater_01a_Spawner_C'map03_p_WP:PersistentLevel.Loot_BucketWater_01a_Spawner_C_UAID_18C04DA8201B637102_e866662526208594_1118877359',,40071.19,50129.34,-3419.0256,
SceneComponent,Loot_BullionBox_01a_Spawner_C'map03_p_WP:PersistentLevel.Loot_BullionBox_01a_Spawner_C_UAID_00FF8EFC2BEF375802_1864380470',,26939.936,-5717.5127,-2440.3267,
SceneComponent,Loot_BullionBox_01a_Spawner_C'map03_p_WP:PersistentLevel.Loot_BullionBox_01a_Spawner_C_UAID_0468748824944A8902_35267f9c3545d35c_1895916183',,57184.7,29443.244,-4751.1934,5.0
SceneComponent,Loot_BullionBox_01a_Spawner_C'map03_p_WP:PersistentLevel.Loot_BullionBox_01a_Spawner_C_UAID_0468748824944E8902_c85329728f06dd80_1244093129',,-15036.8545,14096.545,448.29028,5.0
SceneComponent,Loot_BullionBox_01a_Spawner_C'map03_p_WP:PersistentLevel.Loot_BullionBox_01a_Spawner_C_UAID_04D9F5F93AD5763302_c01302f103af8f1c_1110576843',,42485.477,30146.525,-2908.8867,10.0
SceneComponent,Loot_BullionBox_01a_Spawner_C'map03_p_WP:PersistentLevel.Loot_BullionBox_01a_Spawner_C_UAID_581CF8B72315AF7C02_ffbd4ee98032c22b_1204653910',,30430.512,17066.79,-869.0235,
SceneComponent,Loot_BullionBox_01a_Spawner_C'map03_p_WP:PersistentLevel.Loot_BullionBox_01a_Spawner_C_UAID_581CF8B72315F14702_2c07323eb2e99beb_1661844487',,30250.125,8569.529,1339.533,
SceneComponent,Loot_BullionBox_01a_Spawner_C'map03_p_WP:PersistentLevel.Loot_BullionBox_01a_Spawner_C_UAID_581CF8B72315F17D02_00c96ecbce87a0a2_1487330779',,29581.006,18818.564,-5538.734,
SceneComponent,Loot_BullionBox_01a_Spawner_C'map03_p_WP:PersistentLevel.Loot_BullionBox_01a_Spawner_C_UAID_D843AE1A93E5347A02_6050371b4132a7ae_2058153096',,25665.86,-18353.242,-4343.0938,
SceneComponent,Loot_BullionBox_01a_Spawner_C'map03_p_WP:PersistentLevel.Loot_BullionBox_01a_Spawner_C_UAID_D843AE1A93E5357A02_6050371b4132a7ae_1478135290',,25170.639,-17835.287,-4388.7993,
SceneComponent,Loot_BullionBox_01a_Spawner_C'map03_p_WP:PersistentLevel.Loot_BullionBox_01a_Spawner_C_UAID_D843AE1A93E5DC7F02_abd83efe2c769858_1353034092',,35851.21,25081.453,-5484.0967,
SceneComponent,Loot_BullionBox_01a_Spawner_C'map03_p_WP:PersistentLevel.Loot_BullionBox_01a_Spawner_C_UAID_D843AE1A93E5E17902_35267f9c3545d35c_1920875872',,58074.492,29313.873,-4461.414,
SceneComponent,Loot_BullionBox_01a_Spawner_C'map03_p_WP:PersistentLevel.Loot_BullionBox_01a_Spawner_C_UAID_D843AE1A93E5E27902_35267f9c3545d35c_1473559060',,57594.258,28968.611,-4468.5957,
SceneComponent,Loot_Cabinet_01a_Spawner_C'map03_p_WP:PersistentLevel.Loot_Cabinet_01a_Spawner_C_UAID_046874882494BB8602_92f9112ff1518191_1730423927',,42391.21,-11680.289,-3832.891,
SceneComponent,Loot_Cabinet_01a_Spawner_C'map03_p_WP:PersistentLevel.Loot_Cabinet_01a_Spawner_C_UAID_18C04DA8201BEF7202_91ce05da56308e53_1168544354',,7965.4697,42711.82,-3013.411,
SceneComponent,Loot_Cabinet_02a_Spawner_C'map03_p_WP:PersistentLevel.Loot_Cabinet_02a_Spawner_C_UAID_581CF8B723159D2A02_35267f9c3545d35c_1988435697',,58005.348,29954.508,-4939.9365,
SceneComponent,Loot_Cairn_01a_Spawner_C'map03_p_WP:PersistentLevel.Loot_Cairn_01a_Spawner_C_UAID_04D9F5F93AD5AF6C02_7127332db5ae3901_1453712353',,5066.387,7165.043,-606.6693,
SceneComponent,Loot_Cairn_01a_Spawner_C'map03_p_WP:PersistentLevel.Loot_Cairn_01a_Spawner_C_UAID_D843AE1A93E5CF8002_12e65868fd8f26ee_1446017029',,39144.504,22376.854,1171.1486,
SceneComponent,Loot_Cairn_01a_Spawner_C'map03_p_WP:PersistentLevel.Loot_Cairn_01a_Spawner_C_UAID_D843AE1A93E5F67D02_7d841b13de30ebaf_2006096823',,-5566.234,45247.95,-4014.297,50.0
SceneComponent,Loot_ChestDrawers_01a_Spawner_C'map03_p_WP:PersistentLevel.Loot_ChestDrawers_01a_Spawner_C_UAID_046874882494AD8D02_e866662526208594_1994911640',,37380.11,48210.438,-3636.404,
SceneComponent,Loot_ChestDrawers_01a_Spawner_C'map03_p_WP:PersistentLevel.Loot_ChestDrawers_01a_Spawner_C_UAID_046874882494AD8D02_e866662526208594_1995807698',,37899.29,50378.51,-3634.1172,
SceneComponent,Loot_ChestDrawers_01a_Spawner_C'map03_p_WP:PersistentLevel.Loot_ChestDrawers_01a_Spawner_C_UAID_046874882494AD8D02_e866662526208594_1999760962',,38851.01,49257.91,-3639.41,
SceneComponent,Loot_ChestDrawers_01a_Spawner_C'map03_p_WP:PersistentLevel.Loot_ChestDrawers_01a_Spawner_C_UAID_046874882494AD8D02_e866662526208594_2000641020',,36229.363,49190.645,-3635.8608,
SceneComponent,Loot_ChestDrawers_01a_Spawner_C'map03_p_WP:PersistentLevel.Loot_ChestDrawers_01a_Spawner_C_UAID_046874882494AD8D02_e866662526208594_2001525080',,37876.312,48860.34,-3636.3313,
SceneComponent,Loot_ChestDrawers_01a_Spawner_C'map03_p_WP:PersistentLevel.Loot_ChestDrawers_01a_Spawner_C_UAID_046874882494BB8602_92f9112ff1518191_1730420925',,42504.37,-11568.593,-3832.9312,
SceneComponent,Loot_ChestDrawers_01a_Spawner_C'map03_p_WP:PersistentLevel.Loot_ChestDrawers_01a_Spawner_C_UAID_18C04DA8201BEF7202_91ce05da56308e53_1168540352',,7972.9927,42552.996,-3013.4507,
SceneComponent,Loot_ChestDrawers_01a_Spawner_C'map03_p_WP:PersistentLevel.UNP_Loot_ChestDrawers_01a_UAID_046874882494378F02_d30c5cf25f8a0dcb_1817971181',,25013.598,-723.5194,-1008.58484,
SceneComponent,Loot_ChestDrawers_01a_Spawner_C'map03_p_WP:PersistentLevel.UNP_Loot_ChestDrawers_01a_UAID_046874882494378F02_d30c5cf25f8a0dcb_1819044252',,25064.7,-2362.1758,-1009.40137,
SceneComponent,Loot_Chest_Large_01a_Spawner_C'map03_p_WP:PersistentLevel.Loot_Chest_Large_01a_Spawner_C_35267f9c3545d35c_1',,57343.55,29194.506,-4851.434,
SceneComponent,Loot_Chest_Large_01a_Spawner_C'map03_p_WP:PersistentLevel.Loot_Chest_Large_01a_Spawner_C_UAID_00FF8EFC2BEF598D02_1094581394',,20251.844,56532.477,-6182.5713,
SceneComponent,Loot_Chest_Large_01a_Spawner_C'map03_p_WP:PersistentLevel.Loot_Chest_Large_01a_Spawner_C_UAID_581CF8B72315762D02_35267f9c3545d35c_1683524748',,57776.582,29863.86,-4468.5977,100.0
SceneComponent,Loot_Chest_Large_01a_Spawner_C'map03_p_WP:PersistentLevel.Loot_Chest_Large_01a_Spawner_C_c85329728f06dd80_0',,-16149.843,10597.646,-808.5187,
SceneComponent,Loot_Chest_Large_01a_Spawner_C'map03_p_WP:PersistentLevel.UNP_Loot_Chest_Large_01a_039c8620f5ef8060_0',,264.26117,-12212.518,426.2847,
SceneComponent,Loot_Chest_Large_01a_Spawner_C'map03_p_WP:PersistentLevel.UNP_Loot_Chest_Large_01a_64394a8c06402507_0',,-15170.018,22660.836,-1534.2808,
SceneComponent,Loot_Chest_Large_01a_Spawner_C'map03_p_WP:PersistentLevel.UNP_Loot_Chest_Large_01a_Spawner_UAID_0468748824942F8002_4f8bcf840b5012b1_1273529290',,-7999.8525,19111.709,-42.785088,
SceneComponent,Loot_Chest_Large_01a_Spawner_C'map03_p_WP:PersistentLevel.UNP_Loot_Chest_Large_01a_Spawner_UAID_046874882494BB8602_92f9112ff1518191_1708540580',,38960.977,-10883.194,-3883.8997,
SceneComponent,Loot_Chest_Large_01a_Spawner_C'map03_p_WP:PersistentLevel.UNP_Loot_Chest_Large_01a_Spawner_b4f3232b7a6a0da0_0',,5343.896,11283.376,-256.10336,
SceneComponent,Loot_Chest_Large_01a_Spawner_C'map03_p_WP:PersistentLevel.UNP_Loot_Chest_Large_01a_UAID_046874882494378F02_d30c5cf25f8a0dcb_1819060260',,24692.135,-2384.7444,-1009.40137,
SceneComponent,Loot_Chest_Large_01a_Spawner_C'map03_p_WP:PersistentLevel.UNP_Loot_Chest_Small_01a1_UAID_046874882494378F02_d30c5cf25f8a0dcb_1826456789',,22920.787,-1126.6897,-1009.3747,
SceneComponent,Loot_Chest_Large_01a_Spawner_C'map03_p_WP:PersistentLevel.UNP_Loot_Chest_Small_01a1_UAID_046874882494378F02_d30c5cf25f8a0dcb_1826718807',,25298.494,-1684.4786,-1009.3747,
SceneComponent,Loot_Chest_Large_01a_Spawner_C'map03_p_WP:PersistentLevel.UNP_Loot_Chest_Small_01a1_UAID_046874882494907E02_f6ac66adf17bf997_1357395859',,-21048.564,21571.854,-1530.8721,
SceneComponent,Loot_Chest_Large_01a_Spawner_C'map03_p_WP:PersistentLevel.UNP_Loot_Chest_Small_01a1_UAID_046874882494977D02_c01302f103af8f1c_1268807539',,41810.434,32746.703,-2910.4053,
SceneComponent,Loot_Chest_Large_01a_Spawner_C'map03_p_WP:PersistentLevel.UNP_Loot_Chest_Small_01a1_UAID_046874882494D77F02_46c6e786a3fd7089_1402952357',,25453.62,39788.25,-2453.8843,
SceneComponent,Loot_Chest_Large_01a_Spawner_C'map03_p_WP:PersistentLevel.UNP_Loot_Chest_Small_01a1_UAID_D843AE1A93E5282D02_320e0a82f1b6c155_2118243696',,55143.977,26697.305,-5365.7114,
SceneComponent,Loot_Chest_Large_01a_Spawner_C'map03_p_WP:PersistentLevel.UNP_Loot_Chest_Small_01a1_UAID_D843AE1A93E5282D02_b9315f8214441e9d_2118243696',,-4223.2188,23526.662,-262.39825,
SceneComponent,Loot_Chest_Large_01a_Spawner_C'map03_p_WP:PersistentLevel.UNP_Loot_Chest_Small_01a1_UAID_D843AE1A93E5282D02_ce2c25b7d895b9b7_2118243696',,35877.72,43196.188,-4869.212,
SceneComponent,Loot_Chest_Medium_01a_Spawner_C'map03_p_WP:PersistentLevel.Loot_Chest_Medium_01a_Spawner_C_5abb851929817da7_1',,-11213.926,56.449432,1836.6312,
SceneComponent,Loot_Chest_Medium_01a_Spawner_C'map03_p_WP:PersistentLevel.Loot_Chest_Medium_01a_Spawner_C_7f13be226a970f87_1',,61650.652,18013.385,-2421.6897,
SceneComponent,Loot_Chest_Medium_01a_Spawner_C'map03_p_WP:PersistentLevel.Loot_Chest_Medium_01a_Spawner_C_UAID_046874882494169202_12e65868fd8f26ee_1796533414',,39701.125,20555.84,1541.0536,
SceneComponent,Loot_Chest_Medium_01a_Spawner_C'map03_p_WP:PersistentLevel.Loot_Chest_Medium_01a_Spawner_C_UAID_046874882494169202_12e65868fd8f26ee_1802592578',,42064.227,13389.394,2190.235,
SceneComponent,Loot_Chest_Medium_01a_Spawner_C'map03_p_WP:PersistentLevel.Loot_Chest_Medium_01a_Spawner_C_UAID_046874882494169202_12e65868fd8f26ee_1802782596',,38425.617,18303.135,2190.235,
SceneComponent,Loot_Chest_Medium_01a_Spawner_C'map03_p_WP:PersistentLevel.Loot_Chest_Medium_01a_Spawner_C_UAID_046874882494169202_12e65868fd8f26ee_1865321869',,39795.438,12606.944,1573.3658,
SceneComponent,Loot_Chest_Medium_01a_Spawner_C'map03_p_WP:PersistentLevel.Loot_Chest_Medium_01a_Spawner_C_UAID_046874882494938402_29fb098085780a4e_1356796896',,22223.879,19032.5,-25.449331,
SceneComponent,Loot_Chest_Medium_01a_Spawner_C'map03_p_WP:PersistentLevel.Loot_Chest_Medium_01a_Spawner_C_UAID_046874882494938402_29fb098085780a4e_1575461736',,20777.213,16457.85,71.29313,
SceneComponent,Loot_Chest_Medium_01a_Spawner_C'map03_p_WP:PersistentLevel.Loot_Chest_Medium_01a_Spawner_C_UAID_046874882494F98A02_2c07323eb2e99beb_1937382527',,34993.203,10209.537,1171.1349,
SceneComponent,Loot_Chest_Medium_01a_Spawner_C'map03_p_WP:PersistentLevel.Loot_Chest_Medium_01a_Spawner_C_UAID_046874882494F98A02_2c07323eb2e99beb_1937579544',,30932.143,9863.745,1301.1014,
SceneComponent,Loot_Chest_Medium_01a_Spawner_C'map03_p_WP:PersistentLevel.Loot_Chest_Medium_01a_Spawner_C_UAID_046874882494F98A02_2c07323eb2e99beb_1938386611',,33283.293,7827.7715,1145.6927,
SceneComponent,Loot_Chest_Medium_01a_Spawner_C'map03_p_WP:PersistentLevel.Loot_Chest_Medium_01a_Spawner_C_UAID_04D9F5F93AD5953102_0937f42e405261d3_1319253037',,-11944.767,-99.00077,2409.192,
SceneComponent,Loot_Chest_Medium_01a_Spawner_C'map03_p_WP:PersistentLevel.Loot_Chest_Medium_01a_Spawner_C_UAID_04D9F5F93AD5953102_37a28efbd26adc60_1319253037',,15100.638,-12741.549,740.57074,
SceneComponent,Loot_Chest_Medium_01a_Spawner_C'map03_p_WP:PersistentLevel.Loot_Chest_Medium_01a_Spawner_C_UAID_04D9F5F93AD5953102_9b091094a2e3f407_1319253037',,-13664.814,47732.484,-1762.2678,
SceneComponent,Loot_Chest_Medium_01a_Spawner_C'map03_p_WP:PersistentLevel.Loot_Chest_Medium_01a_Spawner_C_UAID_04D9F5F93AD5953102_ab5027526005fa55_1319253037',,60910.51,17911.004,-1849.129,
SceneComponent,Loot_Chest_Medium_01a_Spawner_C'map03_p_WP:PersistentLevel.Loot_Chest_Medium_01a_Spawner_C_UAID_18C04DA8201B627102_e866662526208594_1897319753',,34996.633,49074.516,-3448.5469,
SceneComponent,Loot_Chest_Medium_01a_Spawner_C'map03_p_WP:PersistentLevel.Loot_Chest_Medium_01a_Spawner_C_UAID_18C04DA8201B627102_e866662526208594_1899416814',,39614.824,48308.75,-3574.4172,
SceneComponent,Loot_Chest_Medium_01a_Spawner_C'map03_p_WP:PersistentLevel.Loot_Chest_Medium_01a_Spawner_C_UAID_18C04DA8201BEF7202_91ce05da56308e53_2052937971',,11684.367,46864.715,-3001.1414,
SceneComponent,Loot_Chest_Medium_01a_Spawner_C'map03_p_WP:PersistentLevel.Loot_Chest_Medium_01a_Spawner_C_UAID_581CF8B72315007802_12e65868fd8f26ee_1113668183',,44575.69,13215.723,2110.516,
SceneComponent,Loot_Chest_Medium_01a_Spawner_C'map03_p_WP:PersistentLevel.Loot_Chest_Medium_01a_Spawner_C_UAID_581CF8B72315075B02_e866662526208594_1910293392',,37972.062,50505.184,-3636.7388,
SceneComponent,Loot_Chest_Medium_01a_Spawner_C'map03_p_WP:PersistentLevel.Loot_Chest_Medium_01a_Spawner_C_UAID_581CF8B723150A2B02_35267f9c3545d35c_1700647024',,57301.965,30441.955,-4026.4937,
SceneComponent,Loot_Chest_Medium_01a_Spawner_C'map03_p_WP:PersistentLevel.Loot_Chest_Medium_01a_Spawner_C_UAID_581CF8B72315235F02_92f9112ff1518191_1494267391',,38822.605,-13015.808,-3839.2476,
SceneComponent,Loot_Chest_Medium_01a_Spawner_C'map03_p_WP:PersistentLevel.Loot_Chest_Medium_01a_Spawner_C_UAID_581CF8B72315235F02_92f9112ff1518191_2131084475',,39339.105,-10285.209,-3838.8193,
SceneComponent,Loot_Chest_Medium_01a_Spawner_C'map03_p_WP:PersistentLevel.Loot_Chest_Medium_01a_Spawner_C_UAID_581CF8B72315A32A02_35267f9c3545d35c_1697341917',,57994.297,29694.639,-5371.2017,
SceneComponent,Loot_Chest_Medium_01a_Spawner_C'map03_p_WP:PersistentLevel.Loot_Chest_Medium_01a_Spawner_C_UAID_581CF8B72315AF7C02_ffbd4ee98032c22b_1256722916',,30042.434,17864.441,-1078.9792,
SceneComponent,Loot_Chest_Medium_01a_Spawner_C'map03_p_WP:PersistentLevel.Loot_Chest_Medium_01a_Spawner_C_UAID_581CF8B72315EB7D02_00c96ecbce87a0a2_1191231589',,29729.44,18418.951,-3862.828,
SceneComponent,Loot_Chest_Medium_01a_Spawner_C'map03_p_WP:PersistentLevel.Loot_Chest_Medium_01a_Spawner_C_UAID_581CF8B72315F04702_2c07323eb2e99beb_1726021223',,33900.543,6319.3247,1113.1069,
SceneComponent,Loot_Chest_Medium_01a_Spawner_C'map03_p_WP:PersistentLevel.Loot_Chest_Medium_01a_Spawner_C_UAID_581CF8B72315F14702_2c07323eb2e99beb_1594242480',,30274.375,8399.424,1317.7344,
SceneComponent,Loot_Chest_Medium_01a_Spawner_C'map03_p_WP:PersistentLevel.Loot_Chest_Medium_01a_Spawner_C_c85329728f06dd80_0',,-14454.086,14303.622,-145.50551,
SceneComponent,Loot_Chest_Medium_01a_Spawner_C'map03_p_WP:PersistentLevel.Loot_Chest_Medium_01a_Spawner_C_c85329728f06dd80_1',,-15720.792,10393.119,-795.07916,
SceneComponent,Loot_Chest_Medium_01a_Spawner_C'map03_p_WP:PersistentLevel.Loot_Chest_Medium_01a_Spawner_C_c85329728f06dd80_2',,-14583.86,14223.111,350.27557,
SceneComponent,Loot_Chest_Medium_01a_Spawner_C'map03_p_WP:PersistentLevel.Loot_Chest_Medium_01a_Spawner_C_ce52be21fe63b205_1',,15818.916,-12947.389,168.00992,
SceneComponent,Loot_Chest_Medium_01a_Spawner_C'map03_p_WP:PersistentLevel.Loot_Chest_Medium_01a_Spawner_C_d30a12f2c04c18d1_1',,-13601.883,48477.02,-2334.8286,
SceneComponent,Loot_Chest_Medium_01a_Spawner_C'map03_p_WP:PersistentLevel.UNP_Loot_Chest_Medium_01a_05e8571f94eea9cd_0',,50376.836,31050.49,-4420.3184,10.0
SceneComponent,Loot_Chest_Medium_01a_Spawner_C'map03_p_WP:PersistentLevel.UNP_Loot_Chest_Medium_01a_2260739d0610a5fa_0',,-15517.98,23116.986,-1541.8542,10.0
SceneComponent,Loot_Chest_Medium_01a_Spawner_C'map03_p_WP:PersistentLevel.UNP_Loot_Chest_Medium_01a_2a8d74f1dd8747f9_0',,11602.864,-10449.695,-240.31345,10.0
SceneComponent,Loot_Chest_Medium_01a_Spawner_C'map03_p_WP:PersistentLevel.UNP_Loot_Chest_Medium_01a_30fa77cbf391bfc5_0',,-109526.7,14625.312,-815.4194,
SceneComponent,Loot_Chest_Medium_01a_Spawner_C'map03_p_WP:PersistentLevel.UNP_Loot_Chest_Medium_01a_45ee23c4a69fba45_0',,-13648.382,12337.766,-162.55861,10.0
SceneComponent,Loot_Chest_Medium_01a_Spawner_C'map03_p_WP:PersistentLevel.UNP_Loot_Chest_Medium_01a_48bea80120a3d1c0_0',,54993.527,25709.521,-5296.032,10.0
SceneComponent,Loot_Chest_Medium_01a_Spawner_C'map03_p_WP:PersistentLevel.UNP_Loot_Chest_Medium_01a_544e8362c7429a97_0',,52439.258,31559.752,-5297.225,10.0
SceneComponent,Loot_Chest_Medium_01a_Spawner_C'map03_p_WP:PersistentLevel.UNP_Loot_Chest_Medium_01a_5c90d91983971926_0',,-12655.807,12646.152,-171.74815,10.0
SceneComponent,Loot_Chest_Medium_01a_Spawner_C'map03_p_WP:PersistentLevel.UNP_Loot_Chest_Medium_01a_65bf684898c89eb7_0',,55807.008,26836.838,-5426.833,10.0
SceneComponent,Loot_Chest_Medium_01a_Spawner_C'map03_p_WP:PersistentLevel.UNP_Loot_Chest_Medium_01a_65ecee669451ebc2_0',,34313.816,34054.69,-2987.6743,10.0
SceneComponent,Loot_Chest_Medium_01a_Spawner_C'map03_p_WP:PersistentLevel.UNP_Loot_Chest_Medium_01a_68e84191a02cb16e_0',,31052.0,10991.72,1092.4265,10.0
SceneComponent,Loot_Chest_Medium_01a_Spawner_C'map03_p_WP:PersistentLevel.UNP_Loot_Chest_Medium_01a_94333640120f91f4_0',,32107.752,12494.948,1084.4265,10.0
SceneComponent,Loot_Chest_Medium_01a_Spawner_C'map03_p_WP:PersistentLevel.UNP_Loot_Chest_Medium_01a_Spawner1_UAID_046874882494D77F02_46c6e786a3fd7089_1405152969',,23589.73,40069.28,-2411.2769,
SceneComponent,Loot_Chest_Medium_01a_Spawner_C'map03_p_WP:PersistentLevel.UNP_Loot_Chest_Medium_01a_Spawner1_UAID_046874882494F98A02_2c07323eb2e99beb_2107457047',,32014.336,9184.08,1142.7834,
SceneComponent,Loot_Chest_Medium_01a_Spawner_C'map03_p_WP:PersistentLevel.UNP_Loot_Chest_Medium_01a_Spawner_UAID_046874882494118C02_2389606fe4e70095_1378908497',,28682.287,26138.752,-1583.3564,
SceneComponent,Loot_Chest_Medium_01a_Spawner_C'map03_p_WP:PersistentLevel.UNP_Loot_Chest_Medium_01a_Spawner_UAID_046874882494118C02_2389606fe4e70095_1381457955',,25481.777,26959.828,-1315.4854,
SceneComponent,Loot_Chest_Medium_01a_Spawner_C'map03_p_WP:PersistentLevel.UNP_Loot_Chest_Medium_01a_Spawner_UAID_046874882494118C02_2389606fe4e70095_1381886011',,15912.957,21735.885,-1053.0677,
SceneComponent,Loot_Chest_Medium_01a_Spawner_C'map03_p_WP:PersistentLevel.UNP_Loot_Chest_Medium_01a_Spawner_UAID_046874882494169202_12e65868fd8f26ee_1853061686',,39235.69,13092.58,1551.9377,
SceneComponent,Loot_Chest_Medium_01a_Spawner_C'map03_p_WP:PersistentLevel.UNP_Loot_Chest_Medium_01a_Spawner_UAID_046874882494169202_12e65868fd8f26ee_1865684902',,46802.434,14531.605,2116.0017,
SceneComponent,Loot_Chest_Medium_01a_Spawner_C'map03_p_WP:PersistentLevel.UNP_Loot_Chest_Medium_01a_Spawner_UAID_046874882494169202_12e65868fd8f26ee_1865904925',,35443.402,17219.115,2109.002,
SceneComponent,Loot_Chest_Medium_01a_Spawner_C'map03_p_WP:PersistentLevel.UNP_Loot_Chest_Medium_01a_Spawner_UAID_046874882494169202_12e65868fd8f26ee_1866906978',,37098.957,14575.981,1508.6962,
SceneComponent,Loot_Chest_Medium_01a_Spawner_C'map03_p_WP:PersistentLevel.UNP_Loot_Chest_Medium_01a_Spawner_UAID_046874882494169202_12e65868fd8f26ee_1867108992',,34800.78,18006.805,2096.876,
SceneComponent,Loot_Chest_Medium_01a_Spawner_C'map03_p_WP:PersistentLevel.UNP_Loot_Chest_Medium_01a_Spawner_UAID_0468748824941D8B02_2c07323eb2e99beb_1278006804',,35796.906,9511.482,1101.6838,
SceneComponent,Loot_Chest_Medium_01a_Spawner_C'map03_p_WP:PersistentLevel.UNP_Loot_Chest_Medium_01a_Spawner_UAID_0468748824942F8002_4f8bcf840b5012b1_1279782030',,-7429.1113,17793.873,-38.81034,
SceneComponent,Loot_Chest_Medium_01a_Spawner_C'map03_p_WP:PersistentLevel.UNP_Loot_Chest_Medium_01a_Spawner_UAID_046874882494378F02_d30c5cf25f8a0dcb_1827237834',,23971.668,-3155.1118,-1008.223,
SceneComponent,Loot_Chest_Medium_01a_Spawner_C'map03_p_WP:PersistentLevel.UNP_Loot_Chest_Medium_01a_Spawner_UAID_046874882494907E02_f6ac66adf17bf997_1366111184',,-18819.719,22240.041,-1517.4045,
SceneComponent,Loot_Chest_Medium_01a_Spawner_C'map03_p_WP:PersistentLevel.UNP_Loot_Chest_Medium_01a_Spawner_UAID_046874882494938402_29fb098085780a4e_1811924184',,22351.227,12957.028,258.4412,
SceneComponent,Loot_Chest_Medium_01a_Spawner_C'map03_p_WP:PersistentLevel.UNP_Loot_Chest_Medium_01a_Spawner_UAID_046874882494977D02_c01302f103af8f1c_1269561633',,41847.363,30865.42,-2912.923,
SceneComponent,Loot_Chest_Medium_01a_Spawner_C'map03_p_WP:PersistentLevel.UNP_Loot_Chest_Medium_01a_Spawner_UAID_046874882494977D02_c01302f103af8f1c_1329235931',,43085.24,30091.775,-2898.8345,
SceneComponent,Loot_Chest_Medium_01a_Spawner_C'map03_p_WP:PersistentLevel.UNP_Loot_Chest_Medium_01a_Spawner_UAID_046874882494998402_42c3d461f962a7d8_1739757528',,25623.402,18285.545,-1081.7374,
SceneComponent,Loot_Chest_Medium_01a_Spawner_C'map03_p_WP:PersistentLevel.UNP_Loot_Chest_Medium_01a_Spawner_UAID_046874882494BB8602_92f9112ff1518191_1741875276',,40248.246,-8784.45,-3837.2974,
SceneComponent,Loot_Chest_Medium_01a_Spawner_C'map03_p_WP:PersistentLevel.UNP_Loot_Chest_Medium_01a_Spawner_UAID_046874882494D77F02_46c6e786a3fd7089_1410537288',,23430.861,42406.766,-2456.9238,
SceneComponent,Loot_Chest_Medium_01a_Spawner_C'map03_p_WP:PersistentLevel.UNP_Loot_Chest_Medium_01a_Spawner_UAID_046874882494F98A02_2c07323eb2e99beb_1984609803',,30996.014,7915.081,1114.5963,
SceneComponent,Loot_Chest_Medium_01a_Spawner_C'map03_p_WP:PersistentLevel.UNP_Loot_Chest_Medium_01a_Spawner_UAID_18C04DA8201B437902_b67ec8a3d8d2e891_1442141514',,-3101.8467,43968.523,-4304.5635,
SceneComponent,Loot_Chest_Medium_01a_Spawner_C'map03_p_WP:PersistentLevel.UNP_Loot_Chest_Medium_01a_Spawner_UAID_18C04DA8201B637102_e866662526208594_1118308322',,37733.266,47348.863,-3631.7815,
SceneComponent,Loot_Chest_Medium_01a_Spawner_C'map03_p_WP:PersistentLevel.UNP_Loot_Chest_Medium_01a_Spawner_UAID_18C04DA8201B637102_e866662526208594_1118773354',,39663.36,50878.3,-3631.7815,
SceneComponent,Loot_Chest_Medium_01a_Spawner_C'map03_p_WP:PersistentLevel.UNP_Loot_Chest_Medium_01a_Spawner_UAID_D843AE1A93E5DB2C02_34b8e3f6f402fe5e_1591939185',,30132.557,11447.983,1098.1389,
SceneComponent,Loot_Chest_Medium_01a_Spawner_C'map03_p_WP:PersistentLevel.UNP_Loot_Chest_Medium_01a_Spawner_c01302f103af8f1c_1',,41792.934,34439.69,-2909.3408,
SceneComponent,Loot_Chest_Medium_01a_Spawner_C'map03_p_WP:PersistentLevel.UNP_Loot_Chest_Medium_01a_UAID_046874882494118C02_2389606fe4e70095_1335694111',,17633.006,26798.807,-1908.4294,10.0
SceneComponent,Loot_Chest_Medium_01a_Spawner_C'map03_p_WP:PersistentLevel.UNP_Loot_Chest_Medium_01a_UAID_046874882494118C02_2389606fe4e70095_1335961180',,25209.797,23577.283,-983.33057,10.0
SceneComponent,Loot_Chest_Medium_01a_Spawner_C'map03_p_WP:PersistentLevel.UNP_Loot_Chest_Medium_01a_UAID_046874882494319002_039c8620f5ef8060_1522836229',,-242.2215,-11943.024,418.71124,10.0
SceneComponent,Loot_Chest_Medium_01a_Spawner_C'map03_p_WP:PersistentLevel.UNP_Loot_Chest_Medium_01a_UAID_046874882494368F02_9c34f29bae09b13e_1379372138',,-1270.2537,4495.6035,-2578.9448,10.0
SceneComponent,Loot_Chest_Medium_01a_Spawner_C'map03_p_WP:PersistentLevel.UNP_Loot_Chest_Medium_01a_UAID_046874882494378F02_d30c5cf25f8a0dcb_1826465793',,22907.814,-1519.9115,-811.0163,
SceneComponent,Loot_Chest_Medium_01a_Spawner_C'map03_p_WP:PersistentLevel.UNP_Loot_Chest_Medium_01a_UAID_046874882494378F02_d30c5cf25f8a0dcb_1826727811',,25351.457,-1294.6241,-811.0163,
SceneComponent,Loot_Chest_Medium_01a_Spawner_C'map03_p_WP:PersistentLevel.UNP_Loot_Chest_Medium_01a_UAID_0468748824943C8F02_90d7047e313b2b81_1670994798',,17035.537,33723.965,-2028.1965,10.0
SceneComponent,Loot_Chest_Medium_01a_Spawner_C'map03_p_WP:PersistentLevel.UNP_Loot_Chest_Medium_01a_UAID_0468748824943C8F02_90d7047e313b2b81_1675157754',,18296.729,33438.094,-2034.5448,10.0
SceneComponent,Loot_Chest_Medium_01a_Spawner_C'map03_p_WP:PersistentLevel.UNP_Loot_Chest_Medium_01a_UAID_0468748824943C8F02_90d7047e313b2b81_1675627823',,19877.379,34464.355,-2034.5448,10.0
SceneComponent,Loot_Chest_Medium_01a_Spawner_C'map03_p_WP:PersistentLevel.UNP_Loot_Chest_Medium_01a_UAID_0468748824943C8F02_90d7047e313b2b81_1677940224',,18974.54,32462.646,-2032.5448,10.0
SceneComponent,Loot_Chest_Medium_01a_Spawner_C'map03_p_WP:PersistentLevel.UNP_Loot_Chest_Medium_01a_UAID_046874882494689102_70b069ed0aa90e45_1221874079',,32035.15,22350.78,-5605.954,
SceneComponent,Loot_Chest_Medium_01a_Spawner_C'map03_p_WP:PersistentLevel.UNP_Loot_Chest_Medium_01a_UAID_046874882494907E02_f6ac66adf17bf997_1357404863',,-20678.273,21438.904,-1332.5137,
SceneComponent,Loot_Chest_Medium_01a_Spawner_C'map03_p_WP:PersistentLevel.UNP_Loot_Chest_Medium_01a_UAID_046874882494977D02_c01302f103af8f1c_1268814543',,41917.047,32373.457,-2701.9373,
SceneComponent,Loot_Chest_Medium_01a_Spawner_C'map03_p_WP:PersistentLevel.UNP_Loot_Chest_Medium_01a_UAID_046874882494998402_42c3d461f962a7d8_1739759530',,27699.088,17839.412,-1530.7216,10.0
SceneComponent,Loot_Chest_Medium_01a_Spawner_C'map03_p_WP:PersistentLevel.UNP_Loot_Chest_Medium_01a_UAID_046874882494AD8D02_e866662526208594_2003810304',,37278.254,49261.188,-3653.374,
SceneComponent,Loot_Chest_Medium_01a_Spawner_C'map03_p_WP:PersistentLevel.UNP_Loot_Chest_Medium_01a_UAID_046874882494D77F02_46c6e786a3fd7089_1402961361',,25297.59,40149.42,-2255.526,
SceneComponent,Loot_Chest_Medium_01a_Spawner_C'map03_p_WP:PersistentLevel.UNP_Loot_Chest_Medium_01a_UAID_046874882494DD7F02_edad57567b47cde9_1599957861',,10682.1455,-3745.8289,-163.9906,10.0
SceneComponent,Loot_Chest_Medium_01a_Spawner_C'map03_p_WP:PersistentLevel.UNP_Loot_Chest_Medium_01a_UAID_046874882494DD7F02_edad57567b47cde9_1600220912',,11118.601,-3651.8882,-184.16954,10.0
SceneComponent,Loot_Chest_Medium_01a_Spawner_C'map03_p_WP:PersistentLevel.UNP_Loot_Chest_Medium_01a_UAID_046874882494DD7F02_edad57567b47cde9_1600474963',,11102.04,-4201.902,-183.8284,10.0
SceneComponent,Loot_Chest_Medium_01a_Spawner_C'map03_p_WP:PersistentLevel.UNP_Loot_Chest_Medium_01a_UAID_D843AE1A93E5282D02_320e0a82f1b6c155_2118242692',,55190.484,27090.916,-5173.2393,
SceneComponent,Loot_Chest_Medium_01a_Spawner_C'map03_p_WP:PersistentLevel.UNP_Loot_Chest_Medium_01a_UAID_D843AE1A93E5282D02_b9315f8214441e9d_2118242692',,-3839.6145,23621.46,-67.46608,
SceneComponent,Loot_Chest_Medium_01a_Spawner_C'map03_p_WP:PersistentLevel.UNP_Loot_Chest_Medium_01a_UAID_D843AE1A93E5282D02_ce2c25b7d895b9b7_2118242692',,35643.984,42912.66,-4626.064,
SceneComponent,Loot_Chest_Medium_01a_Spawner_C'map03_p_WP:PersistentLevel.UNP_Loot_Chest_Medium_01a_f4a31f46605b5882_0',,59476.637,25206.514,-5590.1953,10.0
SceneComponent,Loot_Chest_Medium_01a_Spawner_C'map03_p_WP:PersistentLevel.UNP_Loot_Chest_Small_01a1_bacad867c9c5e889_0',,23973.184,458.08298,-1003.29236,
SceneComponent,Loot_Chest_Small_01a_Spawner_C'map03_p_WP:PersistentLevel.Loot_Chest_Small_01a_Spawner_C_35267f9c3545d35c_51',,56543.43,31772.613,-5307.8755,
SceneComponent,Loot_Chest_Small_01a_Spawner_C'map03_p_WP:PersistentLevel.Loot_Chest_Small_01a_Spawner_C_UAID_00FF8EFC2BEF067102_2093717538',,34818.523,12386.93,1225.9634,
SceneComponent,Loot_Chest_Small_01a_Spawner_C'map03_p_WP:PersistentLevel.Loot_Chest_Small_01a_Spawner_C_UAID_046874882494AD8D02_e866662526208594_1994895632',,37100.66,48386.52,-3636.404,
SceneComponent,Loot_Chest_Small_01a_Spawner_C'map03_p_WP:PersistentLevel.Loot_Chest_Small_01a_Spawner_C_UAID_046874882494AD8D02_e866662526208594_1995791690',,38178.74,50202.426,-3634.1172,
SceneComponent,Loot_Chest_Small_01a_Spawner_C'map03_p_WP:PersistentLevel.Loot_Chest_Small_01a_Spawner_C_UAID_046874882494AD8D02_e866662526208594_1996708756',,36441.54,47805.77,-3638.952,
SceneComponent,Loot_Chest_Small_01a_Spawner_C'map03_p_WP:PersistentLevel.Loot_Chest_Small_01a_Spawner_C_UAID_046874882494AD8D02_e866662526208594_1998732895',,38614.04,50668.777,-3635.0183,
SceneComponent,Loot_Chest_Small_01a_Spawner_C'map03_p_WP:PersistentLevel.Loot_Chest_Small_01a_Spawner_C_UAID_046874882494AD8D02_e866662526208594_2005007387',,35674.402,49777.547,-3643.6055,
SceneComponent,Loot_Chest_Small_01a_Spawner_C'map03_p_WP:PersistentLevel.Loot_Chest_Small_01a_Spawner_C_UAID_046874882494AD8D02_e866662526208594_2005145397',,38261.395,50796.547,-3639.6702,
SceneComponent,Loot_Chest_Small_01a_Spawner_C'map03_p_WP:PersistentLevel.Loot_Chest_Small_01a_Spawner_C_UAID_046874882494AD8D02_e866662526208594_2005289408',,37656.996,50537.195,-3647.3267,
SceneComponent,Loot_Chest_Small_01a_Spawner_C'map03_p_WP:PersistentLevel.Loot_Chest_Small_01a_Spawner_C_UAID_04D9F5F93AD5953102_0937f42e405261d3_1319249033',,-12186.644,-103.711975,2522.6929,
SceneComponent,Loot_Chest_Small_01a_Spawner_C'map03_p_WP:PersistentLevel.Loot_Chest_Small_01a_Spawner_C_UAID_04D9F5F93AD5953102_37a28efbd26adc60_1319249033',,14884.859,-12632.158,854.0717,
SceneComponent,Loot_Chest_Small_01a_Spawner_C'map03_p_WP:PersistentLevel.Loot_Chest_Small_01a_Spawner_C_UAID_04D9F5F93AD5953102_9b091094a2e3f407_1319249033',,-13730.374,47499.613,-1648.7668,
SceneComponent,Loot_Chest_Small_01a_Spawner_C'map03_p_WP:PersistentLevel.Loot_Chest_Small_01a_Spawner_C_UAID_04D9F5F93AD5953102_ab5027526005fa55_1319249033',,60668.926,17923.734,-1735.628,
SceneComponent,Loot_Chest_Small_01a_Spawner_C'map03_p_WP:PersistentLevel.Loot_Chest_Small_01a_Spawner_C_UAID_04D9F5F93AD5DF3202_6050371b4132a7ae_1329510603',,26417.217,-14471.728,-4342.571,
SceneComponent,Loot_Chest_Small_01a_Spawner_C'map03_p_WP:PersistentLevel.Loot_Chest_Small_01a_Spawner_C_UAID_18C04DA8201B627102_e866662526208594_1270138209',,36332.09,50728.715,-3644.7437,
SceneComponent,Loot_Chest_Small_01a_Spawner_C'map03_p_WP:PersistentLevel.Loot_Chest_Small_01a_Spawner_C_UAID_18C04DA8201BEF7202_91ce05da56308e53_1604612716',,11415.888,40916.98,-2353.9407,
SceneComponent,Loot_Chest_Small_01a_Spawner_C'map03_p_WP:PersistentLevel.Loot_Chest_Small_01a_Spawner_C_UAID_581CF8B72315053B02_35267f9c3545d35c_1722939901',,55350.258,29240.023,-5377.5127,
SceneComponent,Loot_Chest_Small_01a_Spawner_C'map03_p_WP:PersistentLevel.Loot_Chest_Small_01a_Spawner_C_UAID_581CF8B72315235F02_92f9112ff1518191_1868403459',,44176.29,-8530.829,-3810.426,
SceneComponent,Loot_Chest_Small_01a_Spawner_C'map03_p_WP:PersistentLevel.Loot_Chest_Small_01a_Spawner_C_UAID_581CF8B72315AF3A02_35267f9c3545d35c_1952599411',,55653.87,29328.72,-5416.6274,
SceneComponent,Loot_Chest_Small_01a_Spawner_C'map03_p_WP:PersistentLevel.UNP_Loot_Chest_Small_01a_0894a4b7551bfdac_0',,3789.7568,27386.154,-1427.4459,20.0
SceneComponent,Loot_Chest_Small_01a_Spawner_C'map03_p_WP:PersistentLevel.UNP_Loot_Chest_Small_01a_08be49ae777b02d9_0',,-12084.576,-15897.374,1166.0609,20.0
SceneComponent,Loot_Chest_Small_01a_Spawner_C'map03_p_WP:PersistentLevel.UNP_Loot_Chest_Small_01a_1146f3376378a2b5_0',,53589.094,16742.863,-2835.3716,20.0
SceneComponent,Loot_Chest_Small_01a_Spawner_C'map03_p_WP:PersistentLevel.UNP_Loot_Chest_Small_01a_11fc3648b829698c_0',,2829.2166,18837.496,-37.86109,20.0
SceneComponent,Loot_Chest_Small_01a_Spawner_C'map03_p_WP:PersistentLevel.UNP_Loot_Chest_Small_01a_12a1f002c01538ba_0',,-5397.044,-18340.863,1166.9735,20.0
SceneComponent,Loot_Chest_Small_01a_Spawner_C'map03_p_WP:PersistentLevel.UNP_Loot_Chest_Small_01a_1561a8731776018d_0',,-12366.119,2195.8455,1203.3934,20.0
SceneComponent,Loot_Chest_Small_01a_Spawner_C'map03_p_WP:PersistentLevel.UNP_Loot_Chest_Small_01a_1885bab0097135e4_0',,-20800.713,30772.365,-9.023436,20.0
SceneComponent,Loot_Chest_Small_01a_Spawner_C'map03_p_WP:PersistentLevel.UNP_Loot_Chest_Small_01a_1ac539276a1dfa67_0',,-6291.0894,-12277.401,544.7711,20.0
SceneComponent,Loot_Chest_Small_01a_Spawner_C'map03_p_WP:PersistentLevel.UNP_Loot_Chest_Small_01a_244e20c53f6fdd69_0',,11156.034,28098.066,-1209.0325,20.0
SceneComponent,Loot_Chest_Small_01a_Spawner_C'map03_p_WP:PersistentLevel.UNP_Loot_Chest_Small_01a_26db654f305f1d92_0',,36.549328,52328.51,-3358.338,20.0
SceneComponent,Loot_Chest_Small_01a_Spawner_C'map03_p_WP:PersistentLevel.UNP_Loot_Chest_Small_01a_2798a497eeff3a9f_0',,-20555.229,37970.523,-9.023436,20.0
SceneComponent,Loot_Chest_Small_01a_Spawner_C'map03_p_WP:PersistentLevel.UNP_Loot_Chest_Small_01a_2ef0a1af000c2358_0',,-20363.584,18155.186,-1451.239,20.0
SceneComponent,Loot_Chest_Small_01a_Spawner_C'map03_p_WP:PersistentLevel.UNP_Loot_Chest_Small_01a_30fa77cbf391bfc5_0',,-110050.195,14271.635,-407.5464,
SceneComponent,Loot_Chest_Small_01a_Spawner_C'map03_p_WP:PersistentLevel.UNP_Loot_Chest_Small_01a_3135b739fdcdd68b_0',,7905.436,-17380.494,-50.021236,20.0
SceneComponent,Loot_Chest_Small_01a_Spawner_C'map03_p_WP:PersistentLevel.UNP_Loot_Chest_Small_01a_3ad39f653938bc41_0',,23665.08,29978.951,-1729.3087,20.0
SceneComponent,Loot_Chest_Small_01a_Spawner_C'map03_p_WP:PersistentLevel.UNP_Loot_Chest_Small_01a_3c39fe0742cfc153_0',,28462.227,7623.3716,1150.292,20.0
SceneComponent,Loot_Chest_Small_01a_Spawner_C'map03_p_WP:PersistentLevel.UNP_Loot_Chest_Small_01a_407a81d2c574939c_0',,54652.715,7032.399,-674.1869,20.0
SceneComponent,Loot_Chest_Small_01a_Spawner_C'map03_p_WP:PersistentLevel.UNP_Loot_Chest_Small_01a_419337242b61f3a7_0',,23432.018,-17853.105,-2088.6057,20.0
SceneComponent,Loot_Chest_Small_01a_Spawner_C'map03_p_WP:PersistentLevel.UNP_Loot_Chest_Small_01a_43ada4b51533062c_0',,252.64157,401.66895,-638.0957,20.0
SceneComponent,Loot_Chest_Small_01a_Spawner_C'map03_p_WP:PersistentLevel.UNP_Loot_Chest_Small_01a_5d85f5a092c91210_0',,9975.276,-17289.197,-82.68631,20.0
SceneComponent,Loot_Chest_Small_01a_Spawner_C'map03_p_WP:PersistentLevel.UNP_Loot_Chest_Small_01a_5f727d84eda2cf62_0',,-5395.2593,-8206.825,392.1596,20.0
SceneComponent,Loot_Chest_Small_01a_Spawner_C'map03_p_WP:PersistentLevel.UNP_Loot_Chest_Small_01a_63af1096b7378570_0',,9740.894,-11136.006,-162.20773,20.0
SceneComponent,Loot_Chest_Small_01a_Spawner_C'map03_p_WP:PersistentLevel.UNP_Loot_Chest_Small_01a_6faa4e55037b1ff8_0',,-9508.669,-21075.6,667.9735,20.0
SceneComponent,Loot_Chest_Small_01a_Spawner_C'map03_p_WP:PersistentLevel.UNP_Loot_Chest_Small_01a_7a32076158876815_0',,11460.858,-15909.453,-198.0816,20.0
SceneComponent,Loot_Chest_Small_01a_Spawner_C'map03_p_WP:PersistentLevel.UNP_Loot_Chest_Small_01a_7a61cc8c21434164_0',,-21437.479,26281.72,-1212.3547,20.0
SceneComponent,Loot_Chest_Small_01a_Spawner_C'map03_p_WP:PersistentLevel.UNP_Loot_Chest_Small_01a_7c42150e991da5a5_0',,13857.337,-18222.516,-56.76286,20.0
SceneComponent,Loot_Chest_Small_01a_Spawner_C'map03_p_WP:PersistentLevel.UNP_Loot_Chest_Small_01a_7e7e4c0dd0948b82_0',,-8079.4614,9182.062,-339.72537,20.0
SceneComponent,Loot_Chest_Small_01a_Spawner_C'map03_p_WP:PersistentLevel.UNP_Loot_Chest_Small_01a_8304a667a6ba9a75_0',,27896.877,-14358.848,-2550.6858,20.0
SceneComponent,Loot_Chest_Small_01a_Spawner_C'map03_p_WP:PersistentLevel.UNP_Loot_Chest_Small_01a_859aa18503f5926a_0',,2044.1111,27560.594,-1473.7721,20.0
SceneComponent,Loot_Chest_Small_01a_Spawner_C'map03_p_WP:PersistentLevel.UNP_Loot_Chest_Small_01a_8f95974c80e89842_0',,-18844.133,41179.344,60.024612,20.0
SceneComponent,Loot_Chest_Small_01a_Spawner_C'map03_p_WP:PersistentLevel.UNP_Loot_Chest_Small_01a_958a95dc3142bbf2_0',,-19349.178,30995.105,-9.023436,20.0
SceneComponent,Loot_Chest_Small_01a_Spawner_C'map03_p_WP:PersistentLevel.UNP_Loot_Chest_Small_01a_9fbde8b6c23b8361_0',,-22381.186,28161.08,-1212.3547,20.0
SceneComponent,Loot_Chest_Small_01a_Spawner_C'map03_p_WP:PersistentLevel.UNP_Loot_Chest_Small_01a_Spawner_0a920fb21e69c5bc_0',,48153.023,30447.955,-4370.1016,
SceneComponent,Loot_Chest_Small_01a_Spawner_C'map03_p_WP:PersistentLevel.UNP_Loot_Chest_Small_01a_Spawner_248ca04a73e0c586_0',,36104.04,19278.22,2177.3982,
SceneComponent,Loot_Chest_Small_01a_Spawner_C'map03_p_WP:PersistentLevel.UNP_Loot_Chest_Small_01a_Spawner_3400293aa1dac8ab_0',,49200.81,37975.715,-5028.1636,10.0
SceneComponent,Loot_Chest_Small_01a_Spawner_C'map03_p_WP:PersistentLevel.UNP_Loot_Chest_Small_01a_Spawner_6ed99d200bbadc17_0',,12742.922,44876.547,-2972.0754,
SceneComponent,Loot_Chest_Small_01a_Spawner_C'map03_p_WP:PersistentLevel.UNP_Loot_Chest_Small_01a_Spawner_8fd9ad20c09b7a5f_0',,52752.0,32128.025,-5033.3354,10.0
SceneComponent,Loot_Chest_Small_01a_Spawner_C'map03_p_WP:PersistentLevel.UNP_Loot_Chest_Small_01a_Spawner_9fe3edae011df8ce_0',,42909.703,27192.557,-2632.8542,10.0
SceneComponent,Loot_Chest_Small_01a_Spawner_C'map03_p_WP:PersistentLevel.UNP_Loot_Chest_Small_01a_Spawner_UAID_046874882494118C02_2389606fe4e70095_1342226551',,20938.508,24608.152,-1014.57477,
SceneComponent,Loot_Chest_Small_01a_Spawner_C'map03_p_WP:PersistentLevel.UNP_Loot_Chest_Small_01a_Spawner_UAID_046874882494118C02_2389606fe4e70095_1343087757',,27804.566,21390.596,248.79094,
SceneComponent,Loot_Chest_Small_01a_Spawner_C'map03_p_WP:PersistentLevel.UNP_Loot_Chest_Small_01a_Spawner_UAID_046874882494118C02_2389606fe4e70095_1343235765',,28587.361,24388.371,-1266.9695,10.0
SceneComponent,Loot_Chest_Small_01a_Spawner_C'map03_p_WP:PersistentLevel.UNP_Loot_Chest_Small_01a_Spawner_UAID_046874882494118C02_2389606fe4e70095_1349437439',,26064.066,26062.146,-1315.6869,
SceneComponent,Loot_Chest_Small_01a_Spawner_C'map03_p_WP:PersistentLevel.UNP_Loot_Chest_Small_01a_Spawner_UAID_046874882494168102_20c886124a4a6cac_1344933401',,-1021.22736,12525.54,189.12956,10.0
SceneComponent,Loot_Chest_Small_01a_Spawner_C'map03_p_WP:PersistentLevel.UNP_Loot_Chest_Small_01a_Spawner_UAID_0468748824942F8002_4f8bcf840b5012b1_1274600337',,-6808.675,16998.652,-28.1614,
SceneComponent,Loot_Chest_Small_01a_Spawner_C'map03_p_WP:PersistentLevel.UNP_Loot_Chest_Small_01a_Spawner_UAID_046874882494368F02_9c34f29bae09b13e_1381284431',,-1068.748,1800.097,-647.36084,
SceneComponent,Loot_Chest_Small_01a_Spawner_C'map03_p_WP:PersistentLevel.UNP_Loot_Chest_Small_01a_Spawner_UAID_046874882494368F02_9c34f29bae09b13e_1381556448',,-1151.107,3768.028,-2531.6296,
SceneComponent,Loot_Chest_Small_01a_Spawner_C'map03_p_WP:PersistentLevel.UNP_Loot_Chest_Small_01a_Spawner_UAID_0468748824944A8902_35267f9c3545d35c_1895733176',,55199.195,31676.012,-5367.7017,10.0
SceneComponent,Loot_Chest_Small_01a_Spawner_C'map03_p_WP:PersistentLevel.UNP_Loot_Chest_Small_01a_Spawner_UAID_0468748824944E8902_c85329728f06dd80_1253801189',,-12684.764,13910.438,239.89949,
SceneComponent,Loot_Chest_Small_01a_Spawner_C'map03_p_WP:PersistentLevel.UNP_Loot_Chest_Small_01a_Spawner_UAID_0468748824944E9002_29a1b4c71511b535_1419405007',,45288.496,43608.027,-5313.4536,
SceneComponent,Loot_Chest_Small_01a_Spawner_C'map03_p_WP:PersistentLevel.UNP_Loot_Chest_Small_01a_Spawner_UAID_0468748824944E9002_29a1b4c71511b535_1420847212',,47258.23,41613.36,-5340.088,
SceneComponent,Loot_Chest_Small_01a_Spawner_C'map03_p_WP:PersistentLevel.UNP_Loot_Chest_Small_01a_Spawner_UAID_046874882494907E02_f6ac66adf17bf997_1359952926',,-19969.82,21207.998,-1480.7494,
SceneComponent,Loot_Chest_Small_01a_Spawner_C'map03_p_WP:PersistentLevel.UNP_Loot_Chest_Small_01a_Spawner_UAID_046874882494907E02_f6ac66adf17bf997_1360737010',,-20911.383,23745.797,-1438.4854,
SceneComponent,Loot_Chest_Small_01a_Spawner_C'map03_p_WP:PersistentLevel.UNP_Loot_Chest_Small_01a_Spawner_UAID_046874882494907E02_f6ac66adf17bf997_1369185240',,-21602.145,23302.41,-1525.003,
SceneComponent,Loot_Chest_Small_01a_Spawner_C'map03_p_WP:PersistentLevel.UNP_Loot_Chest_Small_01a_Spawner_UAID_046874882494907E02_f6ac66adf17bf997_1374352357',,-18713.348,23748.688,-1228.1608,10.0
SceneComponent,Loot_Chest_Small_01a_Spawner_C'map03_p_WP:PersistentLevel.UNP_Loot_Chest_Small_01a_Spawner_UAID_046874882494928402_29fb098085780a4e_1954597175',,17031.975,15440.162,2.267883,
SceneComponent,Loot_Chest_Small_01a_Spawner_C'map03_p_WP:PersistentLevel.UNP_Loot_Chest_Small_01a_Spawner_UAID_046874882494928402_29fb098085780a4e_1954895216',,27083.566,18558.463,132.34258,
SceneComponent,Loot_Chest_Small_01a_Spawner_C'map03_p_WP:PersistentLevel.UNP_Loot_Chest_Small_01a_Spawner_UAID_046874882494938402_29fb098085780a4e_1356452859',,27545.238,16763.8,108.73531,
SceneComponent,Loot_Chest_Small_01a_Spawner_C'map03_p_WP:PersistentLevel.UNP_Loot_Chest_Small_01a_Spawner_UAID_046874882494938402_29fb098085780a4e_1356590883',,26080.611,17968.025,191.86354,
SceneComponent,Loot_Chest_Small_01a_Spawner_C'map03_p_WP:PersistentLevel.UNP_Loot_Chest_Small_01a_Spawner_UAID_046874882494977D02_c01302f103af8f1c_1267369320',,42009.867,29692.818,-2888.5,
SceneComponent,Loot_Chest_Small_01a_Spawner_C'map03_p_WP:PersistentLevel.UNP_Loot_Chest_Small_01a_Spawner_UAID_046874882494977D02_c01302f103af8f1c_1269141572',,42084.707,33230.117,-2873.2566,
SceneComponent,Loot_Chest_Small_01a_Spawner_C'map03_p_WP:PersistentLevel.UNP_Loot_Chest_Small_01a_Spawner_UAID_046874882494BB8602_92f9112ff1518191_1710554661',,38292.332,-10736.561,-3581.1465,10.0
SceneComponent,Loot_Chest_Small_01a_Spawner_C'map03_p_WP:PersistentLevel.UNP_Loot_Chest_Small_01a_Spawner_UAID_046874882494D77F02_46c6e786a3fd7089_1400866305',,23774.336,38983.918,-2428.5515,
SceneComponent,Loot_Chest_Small_01a_Spawner_C'map03_p_WP:PersistentLevel.UNP_Loot_Chest_Small_01a_Spawner_UAID_046874882494D77F02_46c6e786a3fd7089_1404746888',,26380.977,41010.445,-2411.2769,
SceneComponent,Loot_Chest_Small_01a_Spawner_C'map03_p_WP:PersistentLevel.UNP_Loot_Chest_Small_01a_Spawner_UAID_046874882494D77F02_46c6e786a3fd7089_1405603048',,24524.62,40919.418,-2369.013,
SceneComponent,Loot_Chest_Small_01a_Spawner_C'map03_p_WP:PersistentLevel.UNP_Loot_Chest_Small_01a_Spawner_UAID_046874882494D77F02_46c6e786a3fd7089_1413681401',,22454.969,41530.152,-2154.4316,10.0
SceneComponent,Loot_Chest_Small_01a_Spawner_C'map03_p_WP:PersistentLevel.UNP_Loot_Chest_Small_01a_Spawner_UAID_046874882494F98A02_2c07323eb2e99beb_1915319345',,31219.137,10330.562,1334.6007,
SceneComponent,Loot_Chest_Small_01a_Spawner_C'map03_p_WP:PersistentLevel.UNP_Loot_Chest_Small_01a_Spawner_UAID_046874882494F98A02_2c07323eb2e99beb_2106973966',,34546.824,8134.0264,1144.5802,
SceneComponent,Loot_Chest_Small_01a_Spawner_C'map03_p_WP:PersistentLevel.UNP_Loot_Chest_Small_01a_Spawner_UAID_046874882494F98A02_2c07323eb2e99beb_2107970126',,33280.11,6501.232,1193.4761,
SceneComponent,Loot_Chest_Small_01a_Spawner_C'map03_p_WP:PersistentLevel.UNP_Loot_Chest_Small_01a_Spawner_UAID_18C04DA8201B437902_b67ec8a3d8d2e891_1437696247',,-4918.3247,37804.348,-2549.1218,
SceneComponent,Loot_Chest_Small_01a_Spawner_C'map03_p_WP:PersistentLevel.UNP_Loot_Chest_Small_01a_Spawner_UAID_D843AE1A93E5282D02_54dc6b4a459f87c4_1715931630',,70023.75,5074.898,-5572.4297,
SceneComponent,Loot_Chest_Small_01a_Spawner_C'map03_p_WP:PersistentLevel.UNP_Loot_Chest_Small_01a_Spawner_a08f056012bf1a67_0',,49717.7,29589.36,-4361.4834,
SceneComponent,Loot_Chest_Small_01a_Spawner_C'map03_p_WP:PersistentLevel.UNP_Loot_Chest_Small_01a_Spawner_b3587bbbcb9fdc05_0',,7952.713,11836.91,114.876625,10.0
SceneComponent,Loot_Chest_Small_01a_Spawner_C'map03_p_WP:PersistentLevel.UNP_Loot_Chest_Small_01a_Spawner_b5d2c4eb5cc7f132_0',,48560.477,31359.666,-4104.0854,10.0
SceneComponent,Loot_Chest_Small_01a_Spawner_C'map03_p_WP:PersistentLevel.UNP_Loot_Chest_Small_01a_Spawner_b6dfc66b1fa15a4f_0',,12403.646,43171.805,-2688.5105,10.0
SceneComponent,Loot_Chest_Small_01a_Spawner_C'map03_p_WP:PersistentLevel.UNP_Loot_Chest_Small_01a_Spawner_c01302f103af8f1c_2',,41514.707,31804.973,-2853.023,
SceneComponent,Loot_Chest_Small_01a_Spawner_C'map03_p_WP:PersistentLevel.UNP_Loot_Chest_Small_01a_Spawner_d13aeda62c2404aa_0',,44306.69,13177.956,2142.2446,
SceneComponent,Loot_Chest_Small_01a_Spawner_C'map03_p_WP:PersistentLevel.UNP_Loot_Chest_Small_01a_UAID_046874882494118C02_2389606fe4e70095_1336434268',,22613.428,25884.26,-1110.0284,10.0
SceneComponent,Loot_Chest_Small_01a_Spawner_C'map03_p_WP:PersistentLevel.UNP_Loot_Chest_Small_01a_UAID_046874882494378F02_d30c5cf25f8a0dcb_1818783237',,23655.535,-1257.8768,-1003.9419,10.0
SceneComponent,Loot_Chest_Small_01a_Spawner_C'map03_p_WP:PersistentLevel.UNP_Loot_Chest_Small_01a_UAID_046874882494378F02_d30c5cf25f8a0dcb_1826467795',,22775.896,-1331.3507,-877.9171,
SceneComponent,Loot_Chest_Small_01a_Spawner_C'map03_p_WP:PersistentLevel.UNP_Loot_Chest_Small_01a_UAID_046874882494378F02_d30c5cf25f8a0dcb_1826729813',,25463.48,-1495.6428,-877.9171,
SceneComponent,Loot_Chest_Small_01a_Spawner_C'map03_p_WP:PersistentLevel.UNP_Loot_Chest_Small_01a_UAID_046874882494689102_70b069ed0aa90e45_1221881083',,32213.48,22729.027,-5612.8955,
SceneComponent,Loot_Chest_Small_01a_Spawner_C'map03_p_WP:PersistentLevel.UNP_Loot_Chest_Small_01a_UAID_046874882494907E02_f6ac66adf17bf997_1357407865',,-20898.205,21371.174,-1399.4144,
SceneComponent,Loot_Chest_Small_01a_Spawner_C'map03_p_WP:PersistentLevel.UNP_Loot_Chest_Small_01a_UAID_046874882494977D02_c01302f103af8f1c_1268817545',,41734.203,32510.63,-2773.949,
SceneComponent,Loot_Chest_Small_01a_Spawner_C'map03_p_WP:PersistentLevel.UNP_Loot_Chest_Small_01a_UAID_046874882494AD8D02_e866662526208594_2003819308',,36980.125,48967.94,-3660.3157,
SceneComponent,Loot_Chest_Small_01a_Spawner_C'map03_p_WP:PersistentLevel.UNP_Loot_Chest_Small_01a_UAID_046874882494D77F02_46c6e786a3fd7089_1402964363',,25497.348,40035.164,-2322.4265,
SceneComponent,Loot_Chest_Small_01a_Spawner_C'map03_p_WP:PersistentLevel.UNP_Loot_Chest_Small_01a_UAID_D843AE1A93E5282D02_320e0a82f1b6c155_2118241690',,55306.637,26892.457,-5240.739,
SceneComponent,Loot_Chest_Small_01a_Spawner_C'map03_p_WP:PersistentLevel.UNP_Loot_Chest_Small_01a_UAID_D843AE1A93E5282D02_b9315f8214441e9d_2118241690',,-3985.7485,23443.117,-132.82584,
SceneComponent,Loot_Chest_Small_01a_Spawner_C'map03_p_WP:PersistentLevel.UNP_Loot_Chest_Small_01a_UAID_D843AE1A93E5282D02_ce2c25b7d895b9b7_2118241690',,35647.684,43134.766,-4716.005,
SceneComponent,Loot_Chest_Small_01a_Spawner_C'map03_p_WP:PersistentLevel.UNP_Loot_Chest_Small_01a_a8ec247345d9e686_0',,-9955.984,-18604.113,730.63855,20.0
SceneComponent,Loot_Chest_Small_01a_Spawner_C'map03_p_WP:PersistentLevel.UNP_Loot_Chest_Small_01a_ab076ee457c9a808_0',,6179.1377,-14614.695,-146.6437,20.0
SceneComponent,Loot_Chest_Small_01a_Spawner_C'map03_p_WP:PersistentLevel.UNP_Loot_Chest_Small_01a_ac90aaa5c5cda036_0',,5766.956,51524.477,-3235.3335,20.0
SceneComponent,Loot_Chest_Small_01a_Spawner_C'map03_p_WP:PersistentLevel.UNP_Loot_Chest_Small_01a_afd1df9a18b1e1e8_0',,-409.55817,46068.99,-2701.6528,20.0
SceneComponent,Loot_Chest_Small_01a_Spawner_C'map03_p_WP:PersistentLevel.UNP_Loot_Chest_Small_01a_b569bc5d5e83e6b0_0',,-17845.72,26208.785,-1484.544,20.0
SceneComponent,Loot_Chest_Small_01a_Spawner_C'map03_p_WP:PersistentLevel.UNP_Loot_Chest_Small_01a_b70318fddf00217d_0',,-11834.387,-21839.408,759.1158,20.0
SceneComponent,Loot_Chest_Small_01a_Spawner_C'map03_p_WP:PersistentLevel.UNP_Loot_Chest_Small_01a_b742af10fe7ecf85_0',,55360.7,17923.36,-2730.172,20.0
SceneComponent,Loot_Chest_Small_01a_Spawner_C'map03_p_WP:PersistentLevel.UNP_Loot_Chest_Small_01a_b8e213fe35498db6_0',,15743.647,-17976.664,-61.863346,20.0
SceneComponent,Loot_Chest_Small_01a_Spawner_C'map03_p_WP:PersistentLevel.UNP_Loot_Chest_Small_01a_bacad867c9c5e889_0',,24153.6,-137.97571,-1005.8193,
SceneComponent,Loot_Chest_Small_01a_Spawner_C'map03_p_WP:PersistentLevel.UNP_Loot_Chest_Small_01a_bf20ee70d86c992d_0',,1421.6345,-12761.913,617.1092,20.0
SceneComponent,Loot_Chest_Small_01a_Spawner_C'map03_p_WP:PersistentLevel.UNP_Loot_Chest_Small_01a_bf56834ec61d6aff_0',,18010.371,-18117.465,-6.6645846,20.0
SceneComponent,Loot_Chest_Small_01a_Spawner_C'map03_p_WP:PersistentLevel.UNP_Loot_Chest_Small_01a_c7ff2d5126f42aa9_0',,-5644.293,12257.459,-139.98029,20.0
SceneComponent,Loot_Chest_Small_01a_Spawner_C'map03_p_WP:PersistentLevel.UNP_Loot_Chest_Small_01a_caa3dcf4e84c752e_0',,12905.387,9602.221,-658.26056,20.0
SceneComponent,Loot_Chest_Small_01a_Spawner_C'map03_p_WP:PersistentLevel.UNP_Loot_Chest_Small_01a_d1d65ebd8a0473fc_0',,-14331.729,28138.018,-1558.6788,20.0
SceneComponent,Loot_Chest_Small_01a_Spawner_C'map03_p_WP:PersistentLevel.UNP_Loot_Chest_Small_01a_db805b1cc86bab89_0',,3311.9702,5235.0347,-634.7502,20.0
SceneComponent,Loot_Chest_Small_01a_Spawner_C'map03_p_WP:PersistentLevel.UNP_Loot_Chest_Small_01a_e5310b1f786287b9_0',,-2782.0676,49675.832,-2845.847,20.0
SceneComponent,Loot_Chest_Small_01a_Spawner_C'map03_p_WP:PersistentLevel.UNP_Loot_Chest_Small_01a_e6784b6f4bf9ff8e_0',,11185.096,-5747.2515,-112.69191,20.0
SceneComponent,Loot_Chest_Small_01a_Spawner_C'map03_p_WP:PersistentLevel.UNP_Loot_Chest_Small_01a_ea7ffb5fbbaf7525_0',,-8350.333,-17965.361,747.59796,20.0
SceneComponent,Loot_Chest_Small_01a_Spawner_C'map03_p_WP:PersistentLevel.UNP_Loot_Chest_Small_01a_eb3f6aef83b41fcf_0',,-2832.1255,16283.782,-46.899868,20.0
SceneComponent,Loot_Chest_Small_01a_Spawner_C'map03_p_WP:PersistentLevel.UNP_Loot_Chest_Small_01a_f45a0dc9ca613635_0',,-18379.822,33043.01,60.460133,20.0
SceneComponent,Loot_Chest_Small_01a_Spawner_C'map03_p_WP:PersistentLevel.UNP_Loot_Chest_Small_01a_fccd5bcfe259a2d4_0',,-20606.203,36109.97,-9.023436,20.0
SceneComponent,Loot_ChickenCoop_01a_Spawner_C'map03_p_WP:PersistentLevel.PG_ChickenCoop_01a_C_UAID_046874882494378F02_d30c5cf25f8a0dcb_1828019878',,22738.152,-2393.5813,-1009.13007,
SceneComponent,Loot_ChickenCoop_01a_Spawner_C'map03_p_WP:PersistentLevel.PG_ChickenCoop_01a_C_UAID_046874882494378F02_d30c5cf25f8a0dcb_1828022880',,22148.516,-1933.345,-1009.13007,
SceneComponent,Loot_ChickenCoop_01a_Spawner_C'map03_p_WP:PersistentLevel.PG_ChickenCoop_01a_C_UAID_046874882494378F02_d30c5cf25f8a0dcb_1828037888',,22292.867,-2242.0164,-1009.13007,
SceneComponent,Loot_ChickenCoop_01a_Spawner_C'map03_p_WP:PersistentLevel.PG_ChickenCoop_01a_C_UAID_046874882494D77F02_46c6e786a3fd7089_1403239398',,24541.486,42695.098,-2449.476,
SceneComponent,Loot_ChickenCoop_01a_Spawner_C'map03_p_WP:PersistentLevel.PG_ChickenCoop_01a_C_UAID_046874882494D77F02_46c6e786a3fd7089_1403254406',,25288.246,42652.22,-2449.476,
SceneComponent,Loot_ChickenCoop_01a_Spawner_C'map03_p_WP:PersistentLevel.PG_ChickenCoop_01a_C_UAID_046874882494D77F02_46c6e786a3fd7089_1403639607',,24993.887,42823.883,-2449.476,
SceneComponent,Loot_ClothesHang_01a_Spawner_C'map03_p_WP:PersistentLevel.Loot_ClothesHang_01a_Spawner_C_UAID_0468748824944A8902_35267f9c3545d35c_1906215650',,57146.184,30084.598,-4675.0684,
SceneComponent,Loot_ClothesHang_01a_Spawner_C'map03_p_WP:PersistentLevel.Loot_ClothesHang_01a_Spawner_C_UAID_046874882494C09302_c85329728f06dd80_1966064474',,-15643.565,13036.569,526.55927,
SceneComponent,Loot_ClothesHang_02a_Spawner_C'map03_p_WP:PersistentLevel.Loot_ClothesHang_02a_Spawner_C_UAID_0468748824944A8902_35267f9c3545d35c_1906223655',,57169.203,30099.834,-4675.291,
SceneComponent,Loot_ClothesHang_02a_Spawner_C'map03_p_WP:PersistentLevel.Loot_ClothesHang_02a_Spawner_C_UAID_046874882494C09302_c85329728f06dd80_1966072479',,-15663.593,13017.565,526.337,
SceneComponent,Loot_ClothesHang_03a_Spawner_C'map03_p_WP:PersistentLevel.Loot_ClothesHang_03a_Spawner_C_UAID_0468748824944A8902_35267f9c3545d35c_1906209647',,57237.023,30138.924,-4675.563,
SceneComponent,Loot_ClothesHang_03a_Spawner_C'map03_p_WP:PersistentLevel.Loot_ClothesHang_03a_Spawner_C_UAID_046874882494C09302_c85329728f06dd80_1966056471',,-15723.593,12967.294,526.0649,
SceneComponent,Loot_ClothesHang_04a_Spawner_C'map03_p_WP:PersistentLevel.Loot_ClothesHang_04a_Spawner_C_UAID_0468748824944A8902_35267f9c3545d35c_1906221653',,57194.484,30113.19,-4676.8267,
SceneComponent,Loot_ClothesHang_04a_Spawner_C'map03_p_WP:PersistentLevel.Loot_ClothesHang_04a_Spawner_C_UAID_046874882494C09302_c85329728f06dd80_1966069477',,-15686.169,13000.024,524.8011,
SceneComponent,Loot_Corpse_Horse_01a_Spawner_C'map03_p_WP:PersistentLevel.Loot_Corpse_Horse_01a_C_173',,25988.336,-14590.374,-2509.4695,
SceneComponent,Loot_Corpse_Horse_01a_Spawner_C'map03_p_WP:PersistentLevel.Loot_Corpse_Horse_01a_C_402',,48519.492,30958.36,-4403.135,
SceneComponent,Loot_Corpse_Horse_01a_Spawner_C'map03_p_WP:PersistentLevel.Loot_Corpse_Horse_01a_Spawner_C_UAID_18C04DA8201B5C7102_e866662526208594_2052090693',,35965.664,51577.746,-3644.972,
SceneComponent,Loot_Corpse_Horse_01a_Spawner_C'map03_p_WP:PersistentLevel.UNP_Loot_Corpse_Horse_01a_Spawner_UAID_046874882494907E02_f6ac66adf17bf997_1315880686',,-18951.77,23161.629,-1520.7095,
SceneComponent,Loot_Corpse_Horse_01a_Spawner_C'map03_p_WP:PersistentLevel.UNP_Loot_Corpse_Horse_01a_Spawner_UAID_046874882494D77F02_46c6e786a3fd7089_1162592194',,25975.695,39876.85,-2439.2053,
SceneComponent,Loot_Corpse_Male_01a_Spawner_C'map03_p_WP:PersistentLevel.Loot_Corpse_Male_01a_C_UAID_046874882494B58602_2389606fe4e70095_1314767007',,22762.562,23639.227,-996.84064,
SceneComponent,Loot_Corpse_Male_01a_Spawner_C'map03_p_WP:PersistentLevel.Loot_Corpse_Male_01a_Spawner_C_03828759062f6172_1',,48604.508,30439.959,-4399.6187,
SceneComponent,Loot_Corpse_Male_01a_Spawner_C'map03_p_WP:PersistentLevel.Loot_Corpse_Male_01a_Spawner_C_2562622cd3d2e6cf_1',,33562.484,11467.152,1115.0353,
SceneComponent,Loot_Corpse_Male_01a_Spawner_C'map03_p_WP:PersistentLevel.Loot_Corpse_Male_01a_Spawner_C_35267f9c3545d35c_1',,57555.02,30182.371,-4850.3784,
SceneComponent,Loot_Corpse_Male_01a_Spawner_C'map03_p_WP:PersistentLevel.Loot_Corpse_Male_01a_Spawner_C_43e0588835476f19_1',,34226.99,11971.411,1125.1371,
SceneComponent,Loot_Corpse_Male_01a_Spawner_C'map03_p_WP:PersistentLevel.Loot_Corpse_Male_01a_Spawner_C_UAID_00FF8EFC2BEFD65502_08f1821ec36d4652_1403289732',,44967.65,21635.568,-2186.4575,
SceneComponent,Loot_Corpse_Male_01a_Spawner_C'map03_p_WP:PersistentLevel.Loot_Corpse_Male_01a_Spawner_C_UAID_00FF8EFC2BEFD65502_1c2a6cdba880923c_1403289732',,23759.674,-4578.139,-2043.6505,
SceneComponent,Loot_Corpse_Male_01a_Spawner_C'map03_p_WP:PersistentLevel.Loot_Corpse_Male_01a_Spawner_C_UAID_00FF8EFC2BEFD65502_246194deecc0f216_1403289732',,57701.535,13328.047,-1750.2249,
SceneComponent,Loot_Corpse_Male_01a_Spawner_C'map03_p_WP:PersistentLevel.Loot_Corpse_Male_01a_Spawner_C_UAID_046874882494118C02_2389606fe4e70095_1372711569',,23309.775,26185.672,-1132.7125,
SceneComponent,Loot_Corpse_Male_01a_Spawner_C'map03_p_WP:PersistentLevel.Loot_Corpse_Male_01a_Spawner_C_UAID_046874882494118C02_2389606fe4e70095_1372716574',,23313.713,25660.398,-1101.6012,
SceneComponent,Loot_Corpse_Male_01a_Spawner_C'map03_p_WP:PersistentLevel.Loot_Corpse_Male_01a_Spawner_C_UAID_046874882494118C02_2389606fe4e70095_1373501931',,22818.865,22844.736,-1007.07544,
SceneComponent,Loot_Corpse_Male_01a_Spawner_C'map03_p_WP:PersistentLevel.Loot_Corpse_Male_01a_Spawner_C_UAID_046874882494118C02_2389606fe4e70095_1373997112',,26160.645,23404.9,-869.43445,
SceneComponent,Loot_Corpse_Male_01a_Spawner_C'map03_p_WP:PersistentLevel.Loot_Corpse_Male_01a_Spawner_C_UAID_046874882494118C02_2389606fe4e70095_1374429257',,24540.512,23986.322,-1000.25385,
SceneComponent,Loot_Corpse_Male_01a_Spawner_C'map03_p_WP:PersistentLevel.Loot_Corpse_Male_01a_Spawner_C_UAID_046874882494118C02_2389606fe4e70095_1374433262',,25014.643,24209.275,-951.3797,
SceneComponent,Loot_Corpse_Male_01a_Spawner_C'map03_p_WP:PersistentLevel.Loot_Corpse_Male_01a_Spawner_C_UAID_046874882494118C02_2389606fe4e70095_1375092615',,22643.963,25592.799,-1123.0233,
SceneComponent,Loot_Corpse_Male_01a_Spawner_C'map03_p_WP:PersistentLevel.Loot_Corpse_Male_01a_Spawner_C_UAID_046874882494118C02_2389606fe4e70095_1375340655',,25554.51,23425.979,-905.8897,
SceneComponent,Loot_Corpse_Male_01a_Spawner_C'map03_p_WP:PersistentLevel.Loot_Corpse_Male_01a_Spawner_C_UAID_046874882494118C02_2389606fe4e70095_1375578695',,18206.662,25395.64,-1331.7634,
SceneComponent,Loot_Corpse_Male_01a_Spawner_C'map03_p_WP:PersistentLevel.Loot_Corpse_Male_01a_Spawner_C_UAID_046874882494118C02_2389606fe4e70095_1375810735',,19288.027,25672.648,-1250.7196,
SceneComponent,Loot_Corpse_Male_01a_Spawner_C'map03_p_WP:PersistentLevel.Loot_Corpse_Male_01a_Spawner_C_UAID_046874882494118C02_2389606fe4e70095_1376044775',,21203.186,24443.014,-1069.078,
SceneComponent,Loot_Corpse_Male_01a_Spawner_C'map03_p_WP:PersistentLevel.Loot_Corpse_Male_01a_Spawner_C_UAID_046874882494118C02_2389606fe4e70095_1376279815',,20986.473,25348.584,-1101.3386,
SceneComponent,Loot_Corpse_Male_01a_Spawner_C'map03_p_WP:PersistentLevel.Loot_Corpse_Male_01a_Spawner_C_UAID_046874882494118C02_2389606fe4e70095_1376511855',,20424.783,25599.957,-1130.4465,
SceneComponent,Loot_Corpse_Male_01a_Spawner_C'map03_p_WP:PersistentLevel.Loot_Corpse_Male_01a_Spawner_C_UAID_046874882494118C02_2389606fe4e70095_1376747894',,18272.533,25859.154,-1457.4479,
SceneComponent,Loot_Corpse_Male_01a_Spawner_C'map03_p_WP:PersistentLevel.Loot_Corpse_Male_01a_Spawner_C_UAID_046874882494118C02_2389606fe4e70095_1376752899',,18574.623,26288.154,-1497.3964,
SceneComponent,Loot_Corpse_Male_01a_Spawner_C'map03_p_WP:PersistentLevel.Loot_Corpse_Male_01a_Spawner_C_UAID_046874882494118C02_2389606fe4e70095_1377417251',,18431.273,26777.98,-1628.2078,
SceneComponent,Loot_Corpse_Male_01a_Spawner_C'map03_p_WP:PersistentLevel.Loot_Corpse_Male_01a_Spawner_C_UAID_046874882494118C02_2389606fe4e70095_1377800397',,20845.463,26797.496,-1210.6187,
SceneComponent,Loot_Corpse_Male_01a_Spawner_C'map03_p_WP:PersistentLevel.Loot_Corpse_Male_01a_Spawner_C_UAID_046874882494169202_12e65868fd8f26ee_1864307813',,37298.56,19189.902,2097.639,
SceneComponent,Loot_Corpse_Male_01a_Spawner_C'map03_p_WP:PersistentLevel.Loot_Corpse_Male_01a_Spawner_C_UAID_046874882494169202_12e65868fd8f26ee_1864322818',,37330.676,18665.596,2128.7502,
SceneComponent,Loot_Corpse_Male_01a_Spawner_C'map03_p_WP:PersistentLevel.Loot_Corpse_Male_01a_Spawner_C_UAID_046874882494169202_12e65868fd8f26ee_1864498825',,40274.84,13015.764,1526.0754,
SceneComponent,Loot_Corpse_Male_01a_Spawner_C'map03_p_WP:PersistentLevel.Loot_Corpse_Male_01a_Spawner_C_UAID_046874882494169202_12e65868fd8f26ee_1864693838',,44328.645,15730.919,1524.9092,
SceneComponent,Loot_Corpse_Male_01a_Spawner_C'map03_p_WP:PersistentLevel.Loot_Corpse_Male_01a_Spawner_C_UAID_046874882494169202_12e65868fd8f26ee_1865100856',,34742.203,19011.412,2111.009,
SceneComponent,Loot_Corpse_Male_01a_Spawner_C'map03_p_WP:PersistentLevel.Loot_Corpse_Male_01a_Spawner_C_UAID_0468748824942F8002_4f8bcf840b5012b1_1275722539',,-7959.65,18669.006,-50.317005,
SceneComponent,Loot_Corpse_Male_01a_Spawner_C'map03_p_WP:PersistentLevel.Loot_Corpse_Male_01a_Spawner_C_UAID_0468748824942F8002_4f8bcf840b5012b1_1276022621',,-7261.9966,19758.654,-42.82189,
SceneComponent,Loot_Corpse_Male_01a_Spawner_C'map03_p_WP:PersistentLevel.Loot_Corpse_Male_01a_Spawner_C_UAID_0468748824944A8902_35267f9c3545d35c_1899120361',,54777.664,32092.656,-5647.4233,
SceneComponent,Loot_Corpse_Male_01a_Spawner_C'map03_p_WP:PersistentLevel.Loot_Corpse_Male_01a_Spawner_C_UAID_0468748824944A8902_35267f9c3545d35c_1899762384',,56166.777,29511.367,-5650.0996,
SceneComponent,Loot_Corpse_Male_01a_Spawner_C'map03_p_WP:PersistentLevel.Loot_Corpse_Male_01a_Spawner_C_UAID_0468748824944E8902_c85329728f06dd80_1229913578',,-15491.816,11458.212,-132.74353,
SceneComponent,Loot_Corpse_Male_01a_Spawner_C'map03_p_WP:PersistentLevel.Loot_Corpse_Male_01a_Spawner_C_UAID_0468748824944E8902_c85329728f06dd80_1230811724',,-16415.693,11690.393,-141.97696,
SceneComponent,Loot_Corpse_Male_01a_Spawner_C'map03_p_WP:PersistentLevel.Loot_Corpse_Male_01a_Spawner_C_UAID_0468748824944E8902_c85329728f06dd80_1231400764',,-14208.891,13725.592,-148.18384,
SceneComponent,Loot_Corpse_Male_01a_Spawner_C'map03_p_WP:PersistentLevel.Loot_Corpse_Male_01a_Spawner_C_UAID_046874882494938402_29fb098085780a4e_1574622642',,27677.877,16411.26,93.18863,
SceneComponent,Loot_Corpse_Male_01a_Spawner_C'map03_p_WP:PersistentLevel.Loot_Corpse_Male_01a_Spawner_C_UAID_046874882494938402_29fb098085780a4e_1574798656',,28348.12,19407.13,202.01523,
SceneComponent,Loot_Corpse_Male_01a_Spawner_C'map03_p_WP:PersistentLevel.Loot_Corpse_Male_01a_Spawner_C_UAID_046874882494977D02_c01302f103af8f1c_1267551366',,41949.34,29647.771,-2887.5283,
SceneComponent,Loot_Corpse_Male_01a_Spawner_C'map03_p_WP:PersistentLevel.Loot_Corpse_Male_01a_Spawner_C_UAID_046874882494977D02_c01302f103af8f1c_1268321446',,42574.73,31153.047,-2901.7297,
SceneComponent,Loot_Corpse_Male_01a_Spawner_C'map03_p_WP:PersistentLevel.Loot_Corpse_Male_01a_Spawner_C_UAID_046874882494977D02_c01302f103af8f1c_1281207848',,42165.66,29964.098,-2884.663,
SceneComponent,Loot_Corpse_Male_01a_Spawner_C'map03_p_WP:PersistentLevel.Loot_Corpse_Male_01a_Spawner_C_UAID_046874882494977D02_c01302f103af8f1c_1281450903',,41722.305,30245.81,-2915.7744,
SceneComponent,Loot_Corpse_Male_01a_Spawner_C'map03_p_WP:PersistentLevel.Loot_Corpse_Male_01a_Spawner_C_UAID_046874882494BF9102_6eba12598bb1f39f_1350757970',,41874.6,15822.005,-1667.6174,
SceneComponent,Loot_Corpse_Male_01a_Spawner_C'map03_p_WP:PersistentLevel.Loot_Corpse_Male_01a_Spawner_C_UAID_046874882494BF9102_6eba12598bb1f39f_1352110307',,40446.51,14438.054,463.0248,
SceneComponent,Loot_Corpse_Male_01a_Spawner_C'map03_p_WP:PersistentLevel.Loot_Corpse_Male_01a_Spawner_C_UAID_046874882494CD8002_5da7a2c16abc430d_2019306789',,43892.645,44344.766,-5337.581,
SceneComponent,Loot_Corpse_Male_01a_Spawner_C'map03_p_WP:PersistentLevel.Loot_Corpse_Male_01a_Spawner_C_UAID_046874882494CD8002_5da7a2c16abc430d_2021358875',,43647.88,43878.996,-5344.441,
SceneComponent,Loot_Corpse_Male_01a_Spawner_C'map03_p_WP:PersistentLevel.Loot_Corpse_Male_01a_Spawner_C_UAID_046874882494CD8002_ad40d9fcdce93449_2019306789',,50044.457,31947.965,-4382.638,
SceneComponent,Loot_Corpse_Male_01a_Spawner_C'map03_p_WP:PersistentLevel.Loot_Corpse_Male_01a_Spawner_C_UAID_046874882494CD8002_ad40d9fcdce93449_2021358875',,49575.805,31710.705,-4413.7495,
SceneComponent,Loot_Corpse_Male_01a_Spawner_C'map03_p_WP:PersistentLevel.Loot_Corpse_Male_01a_Spawner_C_UAID_046874882494CD8002_b51eaf0e94a5f335_2019306789',,50025.04,31267.783,-4373.559,
SceneComponent,Loot_Corpse_Male_01a_Spawner_C'map03_p_WP:PersistentLevel.Loot_Corpse_Male_01a_Spawner_C_UAID_046874882494CD8002_b51eaf0e94a5f335_2021358875',,49783.04,30801.559,-4404.67,
SceneComponent,Loot_Corpse_Male_01a_Spawner_C'map03_p_WP:PersistentLevel.Loot_Corpse_Male_01a_Spawner_C_UAID_046874882494CF8002_099e6cea6ad902d3_1863051783',,48407.992,28783.027,-4397.9604,
SceneComponent,Loot_Corpse_Male_01a_Spawner_C'map03_p_WP:PersistentLevel.Loot_Corpse_Male_01a_Spawner_C_UAID_046874882494F98A02_2c07323eb2e99beb_1854876098',,34170.633,8902.085,1101.8496,
SceneComponent,Loot_Corpse_Male_01a_Spawner_C'map03_p_WP:PersistentLevel.Loot_Corpse_Male_01a_Spawner_C_UAID_046874882494F98A02_2c07323eb2e99beb_1854889103',,34347.445,9396.722,1132.9609,
SceneComponent,Loot_Corpse_Male_01a_Spawner_C'map03_p_WP:PersistentLevel.Loot_Corpse_Male_01a_Spawner_C_UAID_046874882494F98A02_2c07323eb2e99beb_1855078115',,33746.996,9198.971,1093.6053,
SceneComponent,Loot_Corpse_Male_01a_Spawner_C'map03_p_WP:PersistentLevel.Loot_Corpse_Male_01a_Spawner_C_UAID_046874882494F98A02_2c07323eb2e99beb_1855236121',,33213.875,8352.771,1124.3925,
SceneComponent,Loot_Corpse_Male_01a_Spawner_C'map03_p_WP:PersistentLevel.Loot_Corpse_Male_01a_Spawner_C_UAID_046874882494F98A02_2c07323eb2e99beb_1855410134',,33238.82,9673.854,1115.1753,
SceneComponent,Loot_Corpse_Male_01a_Spawner_C'map03_p_WP:PersistentLevel.Loot_Corpse_Male_01a_Spawner_C_UAID_046874882494F98A02_2c07323eb2e99beb_1855581147',,31315.984,11474.92,1105.7317,
SceneComponent,Loot_Corpse_Male_01a_Spawner_C'map03_p_WP:PersistentLevel.Loot_Corpse_Male_01a_Spawner_C_UAID_046874882494F98A02_2c07323eb2e99beb_1855593152',,31118.4,11962.577,1112.5308,
SceneComponent,Loot_Corpse_Male_01a_Spawner_C'map03_p_WP:PersistentLevel.Loot_Corpse_Male_01a_Spawner_C_UAID_046874882494F98A02_2c07323eb2e99beb_1855772159',,33150.902,12806.007,1101.9564,
SceneComponent,Loot_Corpse_Male_01a_Spawner_C'map03_p_WP:PersistentLevel.Loot_Corpse_Male_01a_Spawner_C_UAID_046874882494F98A02_2c07323eb2e99beb_1855786164',,32945.707,12321.606,1114.0424,
SceneComponent,Loot_Corpse_Male_01a_Spawner_C'map03_p_WP:PersistentLevel.Loot_Corpse_Male_01a_Spawner_C_UAID_046874882494F98A02_2c07323eb2e99beb_1936706492',,32646.965,13272.582,1101.1731,
SceneComponent,Loot_Corpse_Male_01a_Spawner_C'map03_p_WP:PersistentLevel.Loot_Corpse_Male_01a_Spawner_C_UAID_046874882494F98A02_2c07323eb2e99beb_1937033508',,33287.926,12089.525,1107.2657,
SceneComponent,Loot_Corpse_Male_01a_Spawner_C'map03_p_WP:PersistentLevel.Loot_Corpse_Male_01a_Spawner_C_UAID_046874882494F98A02_2c07323eb2e99beb_1937213519',,31324.818,12100.858,1107.202,
SceneComponent,Loot_Corpse_Male_01a_Spawner_C'map03_p_WP:PersistentLevel.Loot_Corpse_Male_01a_Spawner_C_UAID_04D9F5F93AD5766502_12e65868fd8f26ee_2016470175',,38093.992,19548.482,2098.4631,
SceneComponent,Loot_Corpse_Male_01a_Spawner_C'map03_p_WP:PersistentLevel.Loot_Corpse_Male_01a_Spawner_C_UAID_04D9F5F93AD5CB3302_edad57567b47cde9_1085961112',,10756.61,-4061.9207,-166.24937,
SceneComponent,Loot_Corpse_Male_01a_Spawner_C'map03_p_WP:PersistentLevel.Loot_Corpse_Male_01a_Spawner_C_UAID_18C04DA8201B447902_b67ec8a3d8d2e891_1478494464',,-5250.99,43174.348,-4806.026,
SceneComponent,Loot_Corpse_Male_01a_Spawner_C'map03_p_WP:PersistentLevel.Loot_Corpse_Male_01a_Spawner_C_UAID_18C04DA8201B627102_e866662526208594_1715888581',,35986.895,52512.945,-3638.1973,
SceneComponent,Loot_Corpse_Male_01a_Spawner_C'map03_p_WP:PersistentLevel.Loot_Corpse_Male_01a_Spawner_C_UAID_18C04DA8201B627102_e866662526208594_2106318866',,40688.203,50831.336,-3659.2542,
SceneComponent,Loot_Corpse_Male_01a_Spawner_C'map03_p_WP:PersistentLevel.Loot_Corpse_Male_01a_Spawner_C_UAID_18C04DA8201B627102_e866662526208594_2106545921',,40406.516,50387.96,-3628.1428,
SceneComponent,Loot_Corpse_Male_01a_Spawner_C'map03_p_WP:PersistentLevel.Loot_Corpse_Male_01a_Spawner_C_UAID_18C04DA8201B637102_e866662526208594_1097971152',,37155.387,46910.05,-3647.8823,
SceneComponent,Loot_Corpse_Male_01a_Spawner_C'map03_p_WP:PersistentLevel.Loot_Corpse_Male_01a_Spawner_C_UAID_18C04DA8201B867902_7d841b13de30ebaf_1932579297',,-6829.238,46031.8,-3708.528,
SceneComponent,Loot_Corpse_Male_01a_Spawner_C'map03_p_WP:PersistentLevel.Loot_Corpse_Male_01a_Spawner_C_UAID_18C04DA8201BEF7202_91ce05da56308e53_1165127128',,11954.679,47912.312,-3575.5142,
SceneComponent,Loot_Corpse_Male_01a_Spawner_C'map03_p_WP:PersistentLevel.Loot_Corpse_Male_01a_Spawner_C_UAID_18C04DA8201BEF7202_91ce05da56308e53_1166472231',,8025.428,44582.414,-2961.4763,
SceneComponent,Loot_Corpse_Male_01a_Spawner_C'map03_p_WP:PersistentLevel.Loot_Corpse_Male_01a_Spawner_C_UAID_581CF8B72315235F02_92f9112ff1518191_1391842378',,38746.77,-9127.988,-3827.329,
SceneComponent,Loot_Corpse_Male_01a_Spawner_C'map03_p_WP:PersistentLevel.Loot_Corpse_Male_01a_Spawner_C_UAID_581CF8B723153F7E02_70b069ed0aa90e45_2013025518',,32108.525,22999.771,-5593.1562,
SceneComponent,Loot_Corpse_Male_01a_Spawner_C'map03_p_WP:PersistentLevel.Loot_Corpse_Male_01a_Spawner_C_UAID_581CF8B723155F7702_12e65868fd8f26ee_1292726100',,47323.25,14924.404,1520.5969,
SceneComponent,Loot_Corpse_Male_01a_Spawner_C'map03_p_WP:PersistentLevel.Loot_Corpse_Male_01a_Spawner_C_UAID_581CF8B72315675A02_e866662526208594_1935625184',,34912.035,49861.156,-3643.5364,
SceneComponent,Loot_Corpse_Male_01a_Spawner_C'map03_p_WP:PersistentLevel.Loot_Corpse_Male_01a_Spawner_C_UAID_581CF8B723158A7A02_6eba12598bb1f39f_1566695617',,41673.85,16975.121,-7170.58,
SceneComponent,Loot_Corpse_Male_01a_Spawner_C'map03_p_WP:PersistentLevel.Loot_Corpse_Male_01a_Spawner_C_UAID_581CF8B72315F17D02_00c96ecbce87a0a2_1546045785',,30999.816,18603.375,-5310.995,
SceneComponent,Loot_Corpse_Male_01a_Spawner_C'map03_p_WP:PersistentLevel.Loot_Corpse_Male_01a_Spawner_C_UAID_581CF8B72315FF7702_12e65868fd8f26ee_2130785989',,41121.39,17119.145,1487.7578,
SceneComponent,Loot_Corpse_Male_01a_Spawner_C'map03_p_WP:PersistentLevel.Loot_Corpse_Male_01a_Spawner_C_a2901439b30fd785_1',,49226.77,31079.848,-4419.0835,
SceneComponent,Loot_Corpse_Male_01a_Spawner_C'map03_p_WP:PersistentLevel.Loot_Corpse_Male_01a_Spawner_C_ee4e49caf902f6bb_1',,48629.742,29250.953,-4404.1016,
SceneComponent,Loot_Corpse_Male_01a_Spawner_C'map03_p_WP:PersistentLevel.UNP_Loot_Corpse_Male_01a_00bbfbf2603ca7c5_0',,22225.764,10248.479,350.10147,20.0
SceneComponent,Loot_Corpse_Male_01a_Spawner_C'map03_p_WP:PersistentLevel.UNP_Loot_Corpse_Male_01a_0199a6fdbabff49b_0',,30741.736,46316.832,-3649.5215,20.0
SceneComponent,Loot_Corpse_Male_01a_Spawner_C'map03_p_WP:PersistentLevel.UNP_Loot_Corpse_Male_01a_027c90f8705a752f_0',,58382.69,20062.85,-2688.5715,20.0
SceneComponent,Loot_Corpse_Male_01a_Spawner_C'map03_p_WP:PersistentLevel.UNP_Loot_Corpse_Male_01a_02f51f5ca109d340_0',,11188.834,-6978.977,-148.03969,20.0
SceneComponent,Loot_Corpse_Male_01a_Spawner_C'map03_p_WP:PersistentLevel.UNP_Loot_Corpse_Male_01a_039c8620f5ef8060_0',,81.43851,-11951.04,426.2847,
SceneComponent,Loot_Corpse_Male_01a_Spawner_C'map03_p_WP:PersistentLevel.UNP_Loot_Corpse_Male_01a_066098f7cb8e5f7a_0',,29940.623,32481.752,-2126.069,20.0
SceneComponent,Loot_Corpse_Male_01a_Spawner_C'map03_p_WP:PersistentLevel.UNP_Loot_Corpse_Male_01a_07227bf2c1055211_0',,-10699.267,46835.566,-2573.6228,20.0
SceneComponent,Loot_Corpse_Male_01a_Spawner_C'map03_p_WP:PersistentLevel.UNP_Loot_Corpse_Male_01a_0894a4b7551bfdac_0',,3340.6484,27847.965,-1423.019,20.0
SceneComponent,Loot_Corpse_Male_01a_Spawner_C'map03_p_WP:PersistentLevel.UNP_Loot_Corpse_Male_01a_08be49ae777b02d9_0',,-12036.776,-15255.061,1177.6841,20.0
SceneComponent,Loot_Corpse_Male_01a_Spawner_C'map03_p_WP:PersistentLevel.UNP_Loot_Corpse_Male_01a_0a89ff0b5d3f8861_0',,59465.652,15511.557,-2719.86,20.0
SceneComponent,Loot_Corpse_Male_01a_Spawner_C'map03_p_WP:PersistentLevel.UNP_Loot_Corpse_Male_01a_1146f3376378a2b5_0',,54112.7,16369.763,-2795.0962,20.0
SceneComponent,Loot_Corpse_Male_01a_Spawner_C'map03_p_WP:PersistentLevel.UNP_Loot_Corpse_Male_01a_11fc3648b829698c_0',,3095.9907,19423.855,-38.796333,20.0
SceneComponent,Loot_Corpse_Male_01a_Spawner_C'map03_p_WP:PersistentLevel.UNP_Loot_Corpse_Male_01a_12a1f002c01538ba_0',,-5655.2695,-18930.928,1178.3289,20.0
SceneComponent,Loot_Corpse_Male_01a_Spawner_C'map03_p_WP:PersistentLevel.UNP_Loot_Corpse_Male_01a_1498c6bcbb68b211_0',,3102.1208,49913.273,-3073.6978,20.0
SceneComponent,Loot_Corpse_Male_01a_Spawner_C'map03_p_WP:PersistentLevel.UNP_Loot_Corpse_Male_01a_152a8f94a62cb297_0',,-18118.105,35339.36,35.942886,20.0
SceneComponent,Loot_Corpse_Male_01a_Spawner_C'map03_p_WP:PersistentLevel.UNP_Loot_Corpse_Male_01a_1561a8731776018d_0',,-12779.755,2689.649,1210.4618,20.0
SceneComponent,Loot_Corpse_Male_01a_Spawner_C'map03_p_WP:PersistentLevel.UNP_Loot_Corpse_Male_01a_16db07e943acaa06_0',,32056.389,45445.168,-3695.8203,20.0
SceneComponent,Loot_Corpse_Male_01a_Spawner_C'map03_p_WP:PersistentLevel.UNP_Loot_Corpse_Male_01a_184b21bcd6b5d100_0',,4210.4883,-6377.3354,60.2885,20.0
SceneComponent,Loot_Corpse_Male_01a_Spawner_C'map03_p_WP:PersistentLevel.UNP_Loot_Corpse_Male_01a_1885bab0097135e4_0',,-20384.635,31264.145,-4.596489,20.0
SceneComponent,Loot_Corpse_Male_01a_Spawner_C'map03_p_WP:PersistentLevel.UNP_Loot_Corpse_Male_01a_19943a331df0bbef_0',,25703.035,683.1075,-976.3386,20.0
SceneComponent,Loot_Corpse_Male_01a_Spawner_C'map03_p_WP:PersistentLevel.UNP_Loot_Corpse_Male_01a_19d666035b4a969e_0',,19873.764,41167.758,-2049.3533,20.0
SceneComponent,Loot_Corpse_Male_01a_Spawner_C'map03_p_WP:PersistentLevel.UNP_Loot_Corpse_Male_01a_1ac539276a1dfa67_0',,-6933.6133,-12320.878,560.869,20.0
SceneComponent,Loot_Corpse_Male_01a_Spawner_C'map03_p_WP:PersistentLevel.UNP_Loot_Corpse_Male_01a_1b805e21be67cf32_0',,700.7859,49299.62,-2945.356,20.0
SceneComponent,Loot_Corpse_Male_01a_Spawner_C'map03_p_WP:PersistentLevel.UNP_Loot_Corpse_Male_01a_1d3034e5c1b28599_0',,27856.475,-113.315475,-954.2696,20.0
SceneComponent,Loot_Corpse_Male_01a_Spawner_C'map03_p_WP:PersistentLevel.UNP_Loot_Corpse_Male_01a_1f82be4675bcfe32_0',,7363.798,-8618.782,-93.55015,20.0
SceneComponent,Loot_Corpse_Male_01a_Spawner_C'map03_p_WP:PersistentLevel.UNP_Loot_Corpse_Male_01a_230cc9d877550326_0',,49315.297,13662.963,-644.4009,20.0
SceneComponent,Loot_Corpse_Male_01a_Spawner_C'map03_p_WP:PersistentLevel.UNP_Loot_Corpse_Male_01a_244e20c53f6fdd69_0',,11444.908,27523.053,-1179.0796,20.0
SceneComponent,Loot_Corpse_Male_01a_Spawner_C'map03_p_WP:PersistentLevel.UNP_Loot_Corpse_Male_01a_24f0ae58c07ab4a7_0',,7528.3174,-6993.242,-2.436283,20.0
SceneComponent,Loot_Corpse_Male_01a_Spawner_C'map03_p_WP:PersistentLevel.UNP_Loot_Corpse_Male_01a_2609f4d1d02996c9_0',,-10067.27,41364.684,-2595.063,20.0
SceneComponent,Loot_Corpse_Male_01a_Spawner_C'map03_p_WP:PersistentLevel.UNP_Loot_Corpse_Male_01a_26bca98c3bc21f65_0',,-10692.61,-14337.383,1171.0035,20.0
SceneComponent,Loot_Corpse_Male_01a_Spawner_C'map03_p_WP:PersistentLevel.UNP_Loot_Corpse_Male_01a_26db654f305f1d92_0',,-521.4112,52009.562,-3314.3308,20.0
SceneComponent,Loot_Corpse_Male_01a_Spawner_C'map03_p_WP:PersistentLevel.UNP_Loot_Corpse_Male_01a_275846b15c35d52e_0',,29652.24,-20113.21,-2272.828,20.0
SceneComponent,Loot_Corpse_Male_01a_Spawner_C'map03_p_WP:PersistentLevel.UNP_Loot_Corpse_Male_01a_2798a497eeff3a9f_0',,-20002.104,38300.707,-4.596489,20.0
SceneComponent,Loot_Corpse_Male_01a_Spawner_C'map03_p_WP:PersistentLevel.UNP_Loot_Corpse_Male_01a_27b9f45235177406_0',,-4542.482,-10693.293,450.4305,20.0
SceneComponent,Loot_Corpse_Male_01a_Spawner_C'map03_p_WP:PersistentLevel.UNP_Loot_Corpse_Male_01a_2a55e2eb19857f6f_0',,-19537.645,4895.0806,180.84865,20.0
SceneComponent,Loot_Corpse_Male_01a_Spawner_C'map03_p_WP:PersistentLevel.UNP_Loot_Corpse_Male_01a_2cb31065dda6ef50_0',,-7576.0293,12018.449,-103.23875,20.0
SceneComponent,Loot_Corpse_Male_01a_Spawner_C'map03_p_WP:PersistentLevel.UNP_Loot_Corpse_Male_01a_2dba8f448c1890ab_0',,29889.371,222.39845,-954.2696,20.0
SceneComponent,Loot_Corpse_Male_01a_Spawner_C'map03_p_WP:PersistentLevel.UNP_Loot_Corpse_Male_01a_2ef0a1af000c2358_0',,-19720.713,18196.225,-1446.8121,20.0
SceneComponent,Loot_Corpse_Male_01a_Spawner_C'map03_p_WP:PersistentLevel.UNP_Loot_Corpse_Male_01a_2fe1ddc005042704_0',,4658.6953,52047.195,-3281.8328,20.0
SceneComponent,Loot_Corpse_Male_01a_Spawner_C'map03_p_WP:PersistentLevel.UNP_Loot_Corpse_Male_01a_30605cea70a6b4f6_0',,-11698.66,-12334.223,1192.722,20.0
SceneComponent,Loot_Corpse_Male_01a_Spawner_C'map03_p_WP:PersistentLevel.UNP_Loot_Corpse_Male_01a_3135b739fdcdd68b_0',,8323.37,-16890.42,-62.033897,20.0
SceneComponent,Loot_Corpse_Male_01a_Spawner_C'map03_p_WP:PersistentLevel.UNP_Loot_Corpse_Male_01a_33460ce73b1a902d_0',,-11906.855,40685.367,-2592.3484,20.0
SceneComponent,Loot_Corpse_Male_01a_Spawner_C'map03_p_WP:PersistentLevel.UNP_Loot_Corpse_Male_01a_3974a14bb10b0e44_0',,-19887.469,11080.211,-107.87393,20.0
SceneComponent,Loot_Corpse_Male_01a_Spawner_C'map03_p_WP:PersistentLevel.UNP_Loot_Corpse_Male_01a_3ad39f653938bc41_0',,23158.338,30376.646,-1723.2429,20.0
SceneComponent,Loot_Corpse_Male_01a_Spawner_C'map03_p_WP:PersistentLevel.UNP_Loot_Corpse_Male_01a_3bbfeac3bb1ffb34_0',,21671.426,-9384.475,-1202.488,20.0
SceneComponent,Loot_Corpse_Male_01a_Spawner_C'map03_p_WP:PersistentLevel.UNP_Loot_Corpse_Male_01a_3c39fe0742cfc153_0',,27873.133,7362.73,1154.7189,20.0
SceneComponent,Loot_Corpse_Male_01a_Spawner_C'map03_p_WP:PersistentLevel.UNP_Loot_Corpse_Male_01a_407a81d2c574939c_0',,55262.45,6824.5664,-669.75995,20.0
SceneComponent,Loot_Corpse_Male_01a_Spawner_C'map03_p_WP:PersistentLevel.UNP_Loot_Corpse_Male_01a_419337242b61f3a7_0',,23003.086,-18290.855,-1890.1696,20.0
SceneComponent,Loot_Corpse_Male_01a_Spawner_C'map03_p_WP:PersistentLevel.UNP_Loot_Corpse_Male_01a_43ada4b51533062c_0',,633.81085,920.97327,-633.66876,20.0
SceneComponent,Loot_Corpse_Male_01a_Spawner_C'map03_p_WP:PersistentLevel.UNP_Loot_Corpse_Male_01a_43b4701b4c855041_0',,12135.597,-12927.407,-190.91037,20.0
SceneComponent,Loot_Corpse_Male_01a_Spawner_C'map03_p_WP:PersistentLevel.UNP_Loot_Corpse_Male_01a_4aa21e7724921762_0',,28501.021,-10117.668,-2370.3855,20.0
SceneComponent,Loot_Corpse_Male_01a_Spawner_C'map03_p_WP:PersistentLevel.UNP_Loot_Corpse_Male_01a_4dfd252aeeb969c0_0',,-2445.747,-9246.604,412.92215,20.0
SceneComponent,Loot_Corpse_Male_01a_Spawner_C'map03_p_WP:PersistentLevel.UNP_Loot_Corpse_Male_01a_543c6200c580bd7f_0',,42219.01,59075.156,-3673.0837,20.0
SceneComponent,Loot_Corpse_Male_01a_Spawner_C'map03_p_WP:PersistentLevel.UNP_Loot_Corpse_Male_01a_5572fa001372036a_0',,7179.872,3792.9946,-597.2371,20.0
SceneComponent,Loot_Corpse_Male_01a_Spawner_C'map03_p_WP:PersistentLevel.UNP_Loot_Corpse_Male_01a_5bab36c05c0da029_0',,-4913.5547,16445.766,-31.290861,20.0
SceneComponent,Loot_Corpse_Male_01a_Spawner_C'map03_p_WP:PersistentLevel.UNP_Loot_Corpse_Male_01a_5bb0400d5274a1ca_0',,18052.637,29530.072,-1796.0272,20.0
SceneComponent,Loot_Corpse_Male_01a_Spawner_C'map03_p_WP:PersistentLevel.UNP_Loot_Corpse_Male_01a_5d85f5a092c91210_0',,9577.992,-16782.746,-108.34999,20.0
SceneComponent,Loot_Corpse_Male_01a_Spawner_C'map03_p_WP:PersistentLevel.UNP_Loot_Corpse_Male_01a_5e012efb0afdeba4_0',,28585.244,47337.918,-3576.9072,20.0
SceneComponent,Loot_Corpse_Male_01a_Spawner_C'map03_p_WP:PersistentLevel.UNP_Loot_Corpse_Male_01a_5ef86386dad58889_0',,21801.428,-7627.8877,-1258.8424,20.0
SceneComponent,Loot_Corpse_Male_01a_Spawner_C'map03_p_WP:PersistentLevel.UNP_Loot_Corpse_Male_01a_5f462b5d8c7fd6cf_0',,51771.21,-6778.317,-4189.944,20.0
SceneComponent,Loot_Corpse_Male_01a_Spawner_C'map03_p_WP:PersistentLevel.UNP_Loot_Corpse_Male_01a_5f727d84eda2cf62_0',,-5653.107,-7616.502,396.58655,20.0
SceneComponent,Loot_Corpse_Male_01a_Spawner_C'map03_p_WP:PersistentLevel.UNP_Loot_Corpse_Male_01a_60408c87fe7e2db7_0',,6846.802,-11524.466,-96.383,20.0
SceneComponent,Loot_Corpse_Male_01a_Spawner_C'map03_p_WP:PersistentLevel.UNP_Loot_Corpse_Male_01a_608d6fff7c4985c4_0',,27423.209,10395.64,1145.445,20.0
SceneComponent,Loot_Corpse_Male_01a_Spawner_C'map03_p_WP:PersistentLevel.UNP_Loot_Corpse_Male_01a_6321a2a9add6a258_0',,-10553.636,14226.203,-113.91124,20.0
SceneComponent,Loot_Corpse_Male_01a_Spawner_C'map03_p_WP:PersistentLevel.UNP_Loot_Corpse_Male_01a_63abc86bfbec4f91_0',,5977.699,48306.637,-3031.4517,20.0
SceneComponent,Loot_Corpse_Male_01a_Spawner_C'map03_p_WP:PersistentLevel.UNP_Loot_Corpse_Male_01a_63af1096b7378570_0',,9113.018,-11279.927,-155.48904,20.0
SceneComponent,Loot_Corpse_Male_01a_Spawner_C'map03_p_WP:PersistentLevel.UNP_Loot_Corpse_Male_01a_64394a8c06402507_0',,-15227.147,22974.732,-1534.2808,
SceneComponent,Loot_Corpse_Male_01a_Spawner_C'map03_p_WP:PersistentLevel.UNP_Loot_Corpse_Male_01a_662c659b85a08435_0',,-7084.049,-6206.5625,370.7563,20.0
SceneComponent,Loot_Corpse_Male_01a_Spawner_C'map03_p_WP:PersistentLevel.UNP_Loot_Corpse_Male_01a_66beb5a8bb944851_0',,-22035.875,31627.64,-4.596489,20.0
SceneComponent,Loot_Corpse_Male_01a_Spawner_C'map03_p_WP:PersistentLevel.UNP_Loot_Corpse_Male_01a_6be4a3703aa779d5_0',,-11219.214,8629.674,-183.02939,20.0
SceneComponent,Loot_Corpse_Male_01a_Spawner_C'map03_p_WP:PersistentLevel.UNP_Loot_Corpse_Male_01a_6e88c9bf3d2b6a45_0',,39704.15,59746.688,-3520.9922,20.0
SceneComponent,Loot_Corpse_Male_01a_Spawner_C'map03_p_WP:PersistentLevel.UNP_Loot_Corpse_Male_01a_6faa4e55037b1ff8_0',,-10129.181,-20903.36,684.8428,20.0
SceneComponent,Loot_Corpse_Male_01a_Spawner_C'map03_p_WP:PersistentLevel.UNP_Loot_Corpse_Male_01a_73c574e1e47e4225_0',,-10195.033,9298.994,-212.4747,20.0
SceneComponent,Loot_Corpse_Male_01a_Spawner_C'map03_p_WP:PersistentLevel.UNP_Loot_Corpse_Male_01a_7a32076158876815_0',,11929.322,-15467.578,-214.65318,20.0
SceneComponent,Loot_Corpse_Male_01a_Spawner_C'map03_p_WP:PersistentLevel.UNP_Loot_Corpse_Male_01a_7a61cc8c21434164_0',,-21378.26,26923.172,-1207.9277,20.0
SceneComponent,Loot_Corpse_Male_01a_Spawner_C'map03_p_WP:PersistentLevel.UNP_Loot_Corpse_Male_01a_7c42150e991da5a5_0',,13459.769,-17716.53,-86.83415,20.0
SceneComponent,Loot_Corpse_Male_01a_Spawner_C'map03_p_WP:PersistentLevel.UNP_Loot_Corpse_Male_01a_7de613dde6f083e7_0',,8648.869,-14295.566,-143.8568,20.0
SceneComponent,Loot_Corpse_Male_01a_Spawner_C'map03_p_WP:PersistentLevel.UNP_Loot_Corpse_Male_01a_7e7e4c0dd0948b82_0',,-7924.337,9802.613,-263.3194,20.0
SceneComponent,Loot_Corpse_Male_01a_Spawner_C'map03_p_WP:PersistentLevel.UNP_Loot_Corpse_Male_01a_82bcf12c679aaf8a_0',,-4514.6406,15312.248,-67.085464,20.0
SceneComponent,Loot_Corpse_Male_01a_Spawner_C'map03_p_WP:PersistentLevel.UNP_Loot_Corpse_Male_01a_8304a667a6ba9a75_0',,27280.4,-14542.96,-2518.3516,20.0
SceneComponent,Loot_Corpse_Male_01a_Spawner_C'map03_p_WP:PersistentLevel.UNP_Loot_Corpse_Male_01a_859aa18503f5926a_0',,1624.3109,27071.988,-1469.3452,20.0
SceneComponent,Loot_Corpse_Male_01a_Spawner_C'map03_p_WP:PersistentLevel.UNP_Loot_Corpse_Male_01a_86ae4c6b6edbb75f_0',,-13234.278,9642.025,-96.417404,20.0
SceneComponent,Loot_Corpse_Male_01a_Spawner_C'map03_p_WP:PersistentLevel.UNP_Loot_Corpse_Male_01a_8b4f584eee92d44a_0',,15933.287,24591.979,-1323.3047,20.0
SceneComponent,Loot_Corpse_Male_01a_Spawner_C'map03_p_WP:PersistentLevel.UNP_Loot_Corpse_Male_01a_8c5d158e6e24c828_0',,21952.12,34025.387,-1727.3566,20.0
SceneComponent,Loot_Corpse_Male_01a_Spawner_C'map03_p_WP:PersistentLevel.UNP_Loot_Corpse_Male_01a_8f95974c80e89842_0',,-19485.775,41235.94,68.83415,20.0
SceneComponent,Loot_Corpse_Male_01a_Spawner_C'map03_p_WP:PersistentLevel.UNP_Loot_Corpse_Male_01a_90d7047e313b2b81_0',,19151.346,33867.516,-2011.9441,
SceneComponent,Loot_Corpse_Male_01a_Spawner_C'map03_p_WP:PersistentLevel.UNP_Loot_Corpse_Male_01a_929f59472065ed1f_0',,-2408.9338,1126.8271,-600.2624,20.0
SceneComponent,Loot_Corpse_Male_01a_Spawner_C'map03_p_WP:PersistentLevel.UNP_Loot_Corpse_Male_01a_958a95dc3142bbf2_0',,-18720.53,30854.51,-4.596489,20.0
SceneComponent,Loot_Corpse_Male_01a_Spawner_C'map03_p_WP:PersistentLevel.UNP_Loot_Corpse_Male_01a_96fef2cc515633d3_0',,37363.297,55665.08,-3596.4265,20.0
SceneComponent,Loot_Corpse_Male_01a_Spawner_C'map03_p_WP:PersistentLevel.UNP_Loot_Corpse_Male_01a_978a6b61ef515b08_0',,25251.1,-15253.543,-2479.8152,20.0
SceneComponent,Loot_Corpse_Male_01a_Spawner_C'map03_p_WP:PersistentLevel.UNP_Loot_Corpse_Male_01a_9f056a285bb1383e_0',,15733.86,55398.79,-3797.2676,20.0
SceneComponent,Loot_Corpse_Male_01a_Spawner_C'map03_p_WP:PersistentLevel.UNP_Loot_Corpse_Male_01a_9fbde8b6c23b8361_0',,-22998.086,28346.559,-1207.9277,20.0
SceneComponent,Loot_Corpse_Male_01a_Spawner_C'map03_p_WP:PersistentLevel.UNP_Loot_Corpse_Male_01a_Spawner_C_d30c5cf25f8a0dcb_0',,24846.357,-738.6531,-1009.2328,
SceneComponent,Loot_Corpse_Male_01a_Spawner_C'map03_p_WP:PersistentLevel.UNP_Loot_Corpse_Male_01a_Spawner_UAID_046874882494118C02_2389606fe4e70095_1342753704',,27584.053,20716.885,211.24554,
SceneComponent,Loot_Corpse_Male_01a_Spawner_C'map03_p_WP:PersistentLevel.UNP_Loot_Corpse_Male_01a_Spawner_UAID_046874882494368F02_9c34f29bae09b13e_1382460614',,-1087.4523,4262.8013,-658.27203,
SceneComponent,Loot_Corpse_Male_01a_Spawner_C'map03_p_WP:PersistentLevel.UNP_Loot_Corpse_Male_01a_Spawner_UAID_046874882494378F02_d30c5cf25f8a0dcb_1827251843',,23820.057,-2924.2441,-1008.223,
SceneComponent,Loot_Corpse_Male_01a_Spawner_C'map03_p_WP:PersistentLevel.UNP_Loot_Corpse_Male_01a_Spawner_UAID_0468748824944E9002_29a1b4c71511b535_1419081954',,45463.293,42921.04,-5350.999,
SceneComponent,Loot_Corpse_Male_01a_Spawner_C'map03_p_WP:PersistentLevel.UNP_Loot_Corpse_Male_01a_Spawner_UAID_046874882494998402_42c3d461f962a7d8_1739744520',,25464.44,18511.414,-1081.7374,
SceneComponent,Loot_Corpse_Male_01a_Spawner_C'map03_p_WP:PersistentLevel.UNP_Loot_Corpse_Male_01a_Spawner_UAID_D843AE1A93E5DB2C02_34b8e3f6f402fe5e_1591938183',,30353.94,11282.828,1098.1389,
SceneComponent,Loot_Corpse_Male_01a_Spawner_C'map03_p_WP:PersistentLevel.UNP_Loot_Corpse_Male_01a_UAID_046874882494118C02_2389606fe4e70095_1229924426',,25853.016,24842.271,-832.8652,
SceneComponent,Loot_Corpse_Male_01a_Spawner_C'map03_p_WP:PersistentLevel.UNP_Loot_Corpse_Male_01a_UAID_046874882494129202_87d6de7cd1afab30_1951445499',,41912.72,16779.852,1819.3679,
SceneComponent,Loot_Corpse_Male_01a_Spawner_C'map03_p_WP:PersistentLevel.UNP_Loot_Corpse_Male_01a_UAID_0468748824944A8902_35267f9c3545d35c_1898093253',,55050.746,34258.2,-5418.1724,
SceneComponent,Loot_Corpse_Male_01a_Spawner_C'map03_p_WP:PersistentLevel.UNP_Loot_Corpse_Male_01a_UAID_0468748824944A8902_35267f9c3545d35c_1898505328',,56335.773,26946.137,-5408.3164,
SceneComponent,Loot_Corpse_Male_01a_Spawner_C'map03_p_WP:PersistentLevel.UNP_Loot_Corpse_Male_01a_UAID_046874882494BB8602_92f9112ff1518191_1733270075',,42814.848,-10093.7,-3650.945,
SceneComponent,Loot_Corpse_Male_01a_Spawner_C'map03_p_WP:PersistentLevel.UNP_Loot_Corpse_Male_01a_UAID_18C04DA8201B437902_b67ec8a3d8d2e891_1446571740',,-2537.2969,42360.098,-2568.8723,
SceneComponent,Loot_Corpse_Male_01a_Spawner_C'map03_p_WP:PersistentLevel.UNP_Loot_Corpse_Male_01a_UAID_18C04DA8201BEF7202_91ce05da56308e53_1622858808',,9613.459,41632.414,-2542.8013,
SceneComponent,Loot_Corpse_Male_01a_Spawner_C'map03_p_WP:PersistentLevel.UNP_Loot_Corpse_Male_01a_UAID_50EBF6D29969AD6E02_35267f9c3545d35c_1240788581',,58081.742,30215.314,-5241.3037,
SceneComponent,Loot_Corpse_Male_01a_Spawner_C'map03_p_WP:PersistentLevel.UNP_Loot_Corpse_Male_01a_a266635abc9e13d4_0',,-2660.5464,33850.832,-2583.2305,20.0
SceneComponent,Loot_Corpse_Male_01a_Spawner_C'map03_p_WP:PersistentLevel.UNP_Loot_Corpse_Male_01a_a46d2591e99e4bd3_0',,38197.426,37201.625,-2832.2966,20.0
SceneComponent,Loot_Corpse_Male_01a_Spawner_C'map03_p_WP:PersistentLevel.UNP_Loot_Corpse_Male_01a_a4a370a890cc3cd2_0',,-9522.68,11649.221,-133.42838,20.0
SceneComponent,Loot_Corpse_Male_01a_Spawner_C'map03_p_WP:PersistentLevel.UNP_Loot_Corpse_Male_01a_a54d3e98fe7cc8d1_0',,17376.03,56044.645,-3759.2952,20.0
SceneComponent,Loot_Corpse_Male_01a_Spawner_C'map03_p_WP:PersistentLevel.UNP_Loot_Corpse_Male_01a_a8ec247345d9e686_0',,-10576.083,-18431.166,754.17206,20.0
SceneComponent,Loot_Corpse_Male_01a_Spawner_C'map03_p_WP:PersistentLevel.UNP_Loot_Corpse_Male_01a_ab076ee457c9a808_0',,6504.996,-15170.391,-148.96982,20.0
SceneComponent,Loot_Corpse_Male_01a_Spawner_C'map03_p_WP:PersistentLevel.UNP_Loot_Corpse_Male_01a_ac90aaa5c5cda036_0',,6139.6387,51001.543,-3184.019,20.0
SceneComponent,Loot_Corpse_Male_01a_Spawner_C'map03_p_WP:PersistentLevel.UNP_Loot_Corpse_Male_01a_aca3e254e880a9bb_0',,53732.04,8338.719,-644.4009,20.0
SceneComponent,Loot_Corpse_Male_01a_Spawner_C'map03_p_WP:PersistentLevel.UNP_Loot_Corpse_Male_01a_afd1df9a18b1e1e8_0',,169.03252,45788.15,-2738.3909,20.0
SceneComponent,Loot_Corpse_Male_01a_Spawner_C'map03_p_WP:PersistentLevel.UNP_Loot_Corpse_Male_01a_b321499a77def8e5_0',,-20183.557,6537.433,101.87123,20.0
SceneComponent,Loot_Corpse_Male_01a_Spawner_C'map03_p_WP:PersistentLevel.UNP_Loot_Corpse_Male_01a_b569bc5d5e83e6b0_0',,-18171.002,25652.902,-1471.4562,20.0
SceneComponent,Loot_Corpse_Male_01a_Spawner_C'map03_p_WP:PersistentLevel.UNP_Loot_Corpse_Male_01a_b70318fddf00217d_0',,-11441.132,-22349.621,763.5427,20.0
SceneComponent,Loot_Corpse_Male_01a_Spawner_C'map03_p_WP:PersistentLevel.UNP_Loot_Corpse_Male_01a_b742af10fe7ecf85_0',,54767.85,18175.014,-2743.92,20.0
SceneComponent,Loot_Corpse_Male_01a_Spawner_C'map03_p_WP:PersistentLevel.UNP_Loot_Corpse_Male_01a_b748c54ddec73ebe_0',,-19999.777,32212.822,-4.596489,20.0
SceneComponent,Loot_Corpse_Male_01a_Spawner_C'map03_p_WP:PersistentLevel.UNP_Loot_Corpse_Male_01a_b85fb48da68f08b8_0',,-17359.844,9350.781,-58.20926,20.0
SceneComponent,Loot_Corpse_Male_01a_Spawner_C'map03_p_WP:PersistentLevel.UNP_Loot_Corpse_Male_01a_b8e213fe35498db6_0',,15364.373,-18496.303,-28.517815,20.0
SceneComponent,Loot_Corpse_Male_01a_Spawner_C'map03_p_WP:PersistentLevel.UNP_Loot_Corpse_Male_01a_be25ef3c6517e539_0',,25553.205,49746.117,-3761.3787,20.0
SceneComponent,Loot_Corpse_Male_01a_Spawner_C'map03_p_WP:PersistentLevel.UNP_Loot_Corpse_Male_01a_bf20ee70d86c992d_0',,1163.6659,-12172.089,593.73706,20.0
SceneComponent,Loot_Corpse_Male_01a_Spawner_C'map03_p_WP:PersistentLevel.UNP_Loot_Corpse_Male_01a_bf56834ec61d6aff_0',,17568.117,-17649.908,-34.73577,20.0
SceneComponent,Loot_Corpse_Male_01a_Spawner_C'map03_p_WP:PersistentLevel.UNP_Loot_Corpse_Male_01a_bffb006716a36a31_0',,11958.276,5531.8823,-622.4114,20.0
SceneComponent,Loot_Corpse_Male_01a_Spawner_C'map03_p_WP:PersistentLevel.UNP_Loot_Corpse_Male_01a_c132c06b4c3aa215_0',,33124.637,-18108.486,-2272.828,20.0
SceneComponent,Loot_Corpse_Male_01a_Spawner_C'map03_p_WP:PersistentLevel.UNP_Loot_Corpse_Male_01a_c3bcd1e52b3f975e_0',,16285.277,31796.541,-1714.2876,20.0
SceneComponent,Loot_Corpse_Male_01a_Spawner_C'map03_p_WP:PersistentLevel.UNP_Loot_Corpse_Male_01a_c7ff2d5126f42aa9_0',,-5012.5347,12131.636,-133.92438,20.0
SceneComponent,Loot_Corpse_Male_01a_Spawner_C'map03_p_WP:PersistentLevel.UNP_Loot_Corpse_Male_01a_c88cebdc88b1acd6_0',,14516.8125,35662.11,-637.05457,20.0
SceneComponent,Loot_Corpse_Male_01a_Spawner_C'map03_p_WP:PersistentLevel.UNP_Loot_Corpse_Male_01a_c9b5db77e5baeb2e_0',,47587.73,8559.869,-732.72565,20.0
SceneComponent,Loot_Corpse_Male_01a_Spawner_C'map03_p_WP:PersistentLevel.UNP_Loot_Corpse_Male_01a_caa3dcf4e84c752e_0',,13391.814,9179.883,-656.0322,20.0
SceneComponent,Loot_Corpse_Male_01a_Spawner_C'map03_p_WP:PersistentLevel.UNP_Loot_Corpse_Male_01a_cd13d604dd27b552_0',,39382.035,36548.664,-2832.2966,20.0
SceneComponent,Loot_Corpse_Male_01a_Spawner_C'map03_p_WP:PersistentLevel.UNP_Loot_Corpse_Male_01a_cd6b4fa576c644c5_0',,21602.102,-13361.354,-1228.7698,20.0
SceneComponent,Loot_Corpse_Male_01a_Spawner_C'map03_p_WP:PersistentLevel.UNP_Loot_Corpse_Male_01a_ce55a65735671236_0',,19195.87,51945.914,-3739.809,20.0
SceneComponent,Loot_Corpse_Male_01a_Spawner_C'map03_p_WP:PersistentLevel.UNP_Loot_Corpse_Male_01a_d1d65ebd8a0473fc_0',,-14331.566,27495.377,-1513.9543,20.0
SceneComponent,Loot_Corpse_Male_01a_Spawner_C'map03_p_WP:PersistentLevel.UNP_Loot_Corpse_Male_01a_da1d10d3f6745405_0',,31753.389,-18684.594,-2272.828,20.0
SceneComponent,Loot_Corpse_Male_01a_Spawner_C'map03_p_WP:PersistentLevel.UNP_Loot_Corpse_Male_01a_db805b1cc86bab89_0',,3185.9104,5866.705,-625.394,20.0
SceneComponent,Loot_Corpse_Male_01a_Spawner_C'map03_p_WP:PersistentLevel.UNP_Loot_Corpse_Male_01a_dcdbe982c7b717ff_0',,37340.18,36424.594,-2832.2966,20.0
SceneComponent,Loot_Corpse_Male_01a_Spawner_C'map03_p_WP:PersistentLevel.UNP_Loot_Corpse_Male_01a_e22fde2c163019eb_0',,15417.031,30543.387,-1782.5133,20.0
SceneComponent,Loot_Corpse_Male_01a_Spawner_C'map03_p_WP:PersistentLevel.UNP_Loot_Corpse_Male_01a_e36b4c37399c2378_0',,38837.793,-14443.3545,-5355.343,
SceneComponent,Loot_Corpse_Male_01a_Spawner_C'map03_p_WP:PersistentLevel.UNP_Loot_Corpse_Male_01a_e3f8f5d307a6062e_0',,19187.33,-11650.716,-1003.91144,20.0
SceneComponent,Loot_Corpse_Male_01a_Spawner_C'map03_p_WP:PersistentLevel.UNP_Loot_Corpse_Male_01a_e496b8e7e25864ab_0',,28149.11,29948.28,-2042.6696,20.0
SceneComponent,Loot_Corpse_Male_01a_Spawner_C'map03_p_WP:PersistentLevel.UNP_Loot_Corpse_Male_01a_e49ac1e209e302b2_0',,-11221.068,28620.95,-1855.3029,20.0
SceneComponent,Loot_Corpse_Male_01a_Spawner_C'map03_p_WP:PersistentLevel.UNP_Loot_Corpse_Male_01a_e4a5baa4f91aee34_0',,-6383.3936,13782.054,-150.42984,20.0
SceneComponent,Loot_Corpse_Male_01a_Spawner_C'map03_p_WP:PersistentLevel.UNP_Loot_Corpse_Male_01a_e5310b1f786287b9_0',,-2426.2903,50204.76,-2938.8103,20.0
SceneComponent,Loot_Corpse_Male_01a_Spawner_C'map03_p_WP:PersistentLevel.UNP_Loot_Corpse_Male_01a_e6784b6f4bf9ff8e_0',,10800.392,-6263.945,-108.54404,20.0
SceneComponent,Loot_Corpse_Male_01a_Spawner_C'map03_p_WP:PersistentLevel.UNP_Loot_Corpse_Male_01a_e6c09394b3d0445d_0',,-10014.053,-20667.395,4884.1855,20.0
SceneComponent,Loot_Corpse_Male_01a_Spawner_C'map03_p_WP:PersistentLevel.UNP_Loot_Corpse_Male_01a_ea7ffb5fbbaf7525_0',,-8488.511,-17336.246,757.9599,20.0
SceneComponent,Loot_Corpse_Male_01a_Spawner_C'map03_p_WP:PersistentLevel.UNP_Loot_Corpse_Male_01a_eb3f6aef83b41fcf_0',,-3471.713,16360.479,-41.23635,20.0
SceneComponent,Loot_Corpse_Male_01a_Spawner_C'map03_p_WP:PersistentLevel.UNP_Loot_Corpse_Male_01a_ec0f658522ae0ca6_0',,9164.061,6378.489,-597.2371,20.0
SceneComponent,Loot_Corpse_Male_01a_Spawner_C'map03_p_WP:PersistentLevel.UNP_Loot_Corpse_Male_01a_ecc3272213f968f3_0',,5044.4995,49949.754,-3077.831,20.0
SceneComponent,Loot_Corpse_Male_01a_Spawner_C'map03_p_WP:PersistentLevel.UNP_Loot_Corpse_Male_01a_f15fb314656a3b82_0',,12960.841,-8921.307,-163.73259,20.0
SceneComponent,Loot_Corpse_Male_01a_Spawner_C'map03_p_WP:PersistentLevel.UNP_Loot_Corpse_Male_01a_f317d9878575a1ad_0',,-19236.406,8817.142,-0.69401735,20.0
SceneComponent,Loot_Corpse_Male_01a_Spawner_C'map03_p_WP:PersistentLevel.UNP_Loot_Corpse_Male_01a_f45a0dc9ca613635_0',,-18982.043,33271.7,64.88708,20.0
SceneComponent,Loot_Corpse_Male_01a_Spawner_C'map03_p_WP:PersistentLevel.UNP_Loot_Corpse_Male_01a_f49fea6251eb4cdc_0',,8101.367,2673.9988,-610.017,20.0
SceneComponent,Loot_Corpse_Male_01a_Spawner_C'map03_p_WP:PersistentLevel.UNP_Loot_Corpse_Male_01a_f4b8b51097b870b0_0',,6034.632,-5102.3916,97.81057,20.0
SceneComponent,Loot_Corpse_Male_01a_Spawner_C'map03_p_WP:PersistentLevel.UNP_Loot_Corpse_Male_01a_f514eb452cbe71b0_0',,-15304.989,26672.645,-1435.1752,20.0
SceneComponent,Loot_Corpse_Male_01a_Spawner_C'map03_p_WP:PersistentLevel.UNP_Loot_Corpse_Male_01a_fa6298ef16a52611_0',,10308.088,-13916.9375,-225.61168,20.0
SceneComponent,Loot_Corpse_Male_01a_Spawner_C'map03_p_WP:PersistentLevel.UNP_Loot_Corpse_Male_01a_fcbb947bc43449aa_0',,27986.383,-1754.6803,-954.2696,20.0
SceneComponent,Loot_Corpse_Male_01a_Spawner_C'map03_p_WP:PersistentLevel.UNP_Loot_Corpse_Male_01a_fccd5bcfe259a2d4_0',,-20018.963,36374.758,-4.596489,20.0
SceneComponent,Loot_Corpse_Male_01a_Spawner_C'map03_p_WP:PersistentLevel.UNP_Loot_Corpse_Male_01a_fd5acfdacb06c711_0',,51128.46,12645.164,-644.40094,20.0
SceneComponent,Loot_Corpse_Male_01a_Spawner_C'map03_p_WP:PersistentLevel.UNP_Loot_Corpse_Male_01a_fdf3d450bb63c000_0',,6855.122,-13431.103,-152.48848,20.0
SceneComponent,Loot_Corpse_Male_02a_C'map03_p_WP:PersistentLevel.UNP_Loot_Corpse_Male_02a_UAID_046874882494118C02_2389606fe4e70095_1342744695',,28069.889,20005.117,212.74298,
SceneComponent,Loot_Corpse_Male_02a_C'map03_p_WP:PersistentLevel.UNP_Loot_Corpse_Male_02a_UAID_046874882494368F02_9c34f29bae09b13e_1382473622',,-1091.8151,3257.9866,-656.77454,
SceneComponent,Loot_Corpse_Male_02a_C'map03_p_WP:PersistentLevel.UNP_Loot_Corpse_Male_02a_UAID_0468748824944E9002_29a1b4c71511b535_1419064945',,46254.883,42580.39,-5349.5015,
SceneComponent,Loot_Corpse_Male_02a_C'map03_p_WP:PersistentLevel.UNP_Loot_Corpse_Male_02a_c85329728f06dd80_0',,-13740.1045,13406.898,-145.55527,
SceneComponent,Loot_Dirt_Mound_01a_Spawner_C'map03_p_WP:PersistentLevel.UNP_Loot_Dirt_Mound_01a1_90d7047e313b2b81_1',,18722.629,32706.105,-2025.9714,
SceneComponent,Loot_Dirt_Mound_01a_Spawner_C'map03_p_WP:PersistentLevel.UNP_Loot_Dirt_Mound_01a2_90d7047e313b2b81_2',,19366.643,32570.158,-2031.8002,
SceneComponent,Loot_Dirt_Mound_01a_Spawner_C'map03_p_WP:PersistentLevel.UNP_Loot_Dirt_Mound_01a3_90d7047e313b2b81_3',,19426.635,34240.168,-1932.5728,
SceneComponent,Loot_Dirt_Mound_01a_Spawner_C'map03_p_WP:PersistentLevel.UNP_Loot_Dirt_Mound_01a_00bbfbf2603ca7c5_0',,23266.49,10387.938,414.6308,20.0
SceneComponent,Loot_Dirt_Mound_01a_Spawner_C'map03_p_WP:PersistentLevel.UNP_Loot_Dirt_Mound_01a_0199a6fdbabff49b_0',,30497.799,47339.184,-3694.4604,20.0
SceneComponent,Loot_Dirt_Mound_01a_Spawner_C'map03_p_WP:PersistentLevel.UNP_Loot_Dirt_Mound_01a_01e34bb48a9aa2f6_0',,49314.68,11280.2705,-665.9518,20.0
SceneComponent,Loot_Dirt_Mound_01a_Spawner_C'map03_p_WP:PersistentLevel.UNP_Loot_Dirt_Mound_01a_027c90f8705a752f_0',,59432.965,20002.494,-2691.4802,20.0
SceneComponent,Loot_Dirt_Mound_01a_Spawner_C'map03_p_WP:PersistentLevel.UNP_Loot_Dirt_Mound_01a_02f51f5ca109d340_0',,11912.038,-7742.9272,-157.24022,20.0
SceneComponent,Loot_Dirt_Mound_01a_Spawner_C'map03_p_WP:PersistentLevel.UNP_Loot_Dirt_Mound_01a_03747d44c2e595a8_0',,57273.453,14224.02,-2741.411,20.0
SceneComponent,Loot_Dirt_Mound_01a_Spawner_C'map03_p_WP:PersistentLevel.UNP_Loot_Dirt_Mound_01a_066098f7cb8e5f7a_0',,30297.56,33471.344,-2131.3704,20.0
SceneComponent,Loot_Dirt_Mound_01a_Spawner_C'map03_p_WP:PersistentLevel.UNP_Loot_Dirt_Mound_01a_07227bf2c1055211_0',,-10023.543,46029.266,-2576.5315,20.0
SceneComponent,Loot_Dirt_Mound_01a_Spawner_C'map03_p_WP:PersistentLevel.UNP_Loot_Dirt_Mound_01a_0894a4b7551bfdac_0',,4150.4595,27035.197,-1444.5698,20.0
SceneComponent,Loot_Dirt_Mound_01a_Spawner_C'map03_p_WP:PersistentLevel.UNP_Loot_Dirt_Mound_01a_08a4deace66de3c8_0',,5465.8384,6078.133,-618.78796,20.0
SceneComponent,Loot_Dirt_Mound_01a_Spawner_C'map03_p_WP:PersistentLevel.UNP_Loot_Dirt_Mound_01a_08be49ae777b02d9_0',,-12108.486,-16399.83,1142.8634,20.0
SceneComponent,Loot_Dirt_Mound_01a_Spawner_C'map03_p_WP:PersistentLevel.UNP_Loot_Dirt_Mound_01a_098bbbd156c20648_0',,-12069.022,44271.88,-2624.2996,20.0
SceneComponent,Loot_Dirt_Mound_01a_Spawner_C'map03_p_WP:PersistentLevel.UNP_Loot_Dirt_Mound_01a_0a89ff0b5d3f8861_0',,58567.098,16058.654,-2722.7688,20.0
SceneComponent,Loot_Dirt_Mound_01a_Spawner_C'map03_p_WP:PersistentLevel.UNP_Loot_Dirt_Mound_01a_0d26a9d5fbd9a675_0',,38595.582,33808.41,-2866.6956,20.0
SceneComponent,Loot_Dirt_Mound_01a_Spawner_C'map03_p_WP:PersistentLevel.UNP_Loot_Dirt_Mound_01a_1146f3376378a2b5_0',,53173.27,17023.133,-2881.2837,20.0
SceneComponent,Loot_Dirt_Mound_01a_Spawner_C'map03_p_WP:PersistentLevel.UNP_Loot_Dirt_Mound_01a_117f3feca935ece8_0',,38370.25,55622.01,-3581.6584,20.0
SceneComponent,Loot_Dirt_Mound_01a_Spawner_C'map03_p_WP:PersistentLevel.UNP_Loot_Dirt_Mound_01a_11fc3648b829698c_0',,2633.628,18373.65,-50.64013,20.0
SceneComponent,Loot_Dirt_Mound_01a_Spawner_C'map03_p_WP:PersistentLevel.UNP_Loot_Dirt_Mound_01a_125b2aea4e3fe214_0',,-1480.232,17773.295,-43.571438,20.0
SceneComponent,Loot_Dirt_Mound_01a_Spawner_C'map03_p_WP:PersistentLevel.UNP_Loot_Dirt_Mound_01a_12a1f002c01538ba_0',,-5207.8276,-17874.77,1144.056,20.0
SceneComponent,Loot_Dirt_Mound_01a_Spawner_C'map03_p_WP:PersistentLevel.UNP_Loot_Dirt_Mound_01a_1495ede665e015d4_0',,26788.049,11841.665,1108.9574,20.0
SceneComponent,Loot_Dirt_Mound_01a_Spawner_C'map03_p_WP:PersistentLevel.UNP_Loot_Dirt_Mound_01a_1498c6bcbb68b211_0',,2441.699,49095.53,-3030.4302,20.0
SceneComponent,Loot_Dirt_Mound_01a_Spawner_C'map03_p_WP:PersistentLevel.UNP_Loot_Dirt_Mound_01a_151d0b45883a8922_0',,14760.611,2881.908,-674.65924,20.0
SceneComponent,Loot_Dirt_Mound_01a_Spawner_C'map03_p_WP:PersistentLevel.UNP_Loot_Dirt_Mound_01a_152a8f94a62cb297_0',,-18682.797,34451.984,56.24993,20.0
SceneComponent,Loot_Dirt_Mound_01a_Spawner_C'map03_p_WP:PersistentLevel.UNP_Loot_Dirt_Mound_01a_1561a8731776018d_0',,-12033.917,1817.9865,1182.5254,20.0
SceneComponent,Loot_Dirt_Mound_01a_Spawner_C'map03_p_WP:PersistentLevel.UNP_Loot_Dirt_Mound_01a_16697492f201c207_0',,-2847.2625,-2025.642,-571.0594,20.0
SceneComponent,Loot_Dirt_Mound_01a_Spawner_C'map03_p_WP:PersistentLevel.UNP_Loot_Dirt_Mound_01a_167542650b5b9b56_0',,4019.919,1900.2559,-711.4624,20.0
SceneComponent,Loot_Dirt_Mound_01a_Spawner_C'map03_p_WP:PersistentLevel.UNP_Loot_Dirt_Mound_01a_16db07e943acaa06_0',,33104.508,45407.496,-3778.024,20.0
SceneComponent,Loot_Dirt_Mound_01a_Spawner_C'map03_p_WP:PersistentLevel.UNP_Loot_Dirt_Mound_01a_16f07982a6811709_0',,-4977.5654,21269.969,-165.75343,20.0
SceneComponent,Loot_Dirt_Mound_01a_Spawner_C'map03_p_WP:PersistentLevel.UNP_Loot_Dirt_Mound_01a_184b21bcd6b5d100_0',,3217.1992,-6030.796,64.23783,20.0
SceneComponent,Loot_Dirt_Mound_01a_Spawner_C'map03_p_WP:PersistentLevel.UNP_Loot_Dirt_Mound_01a_1885bab0097135e4_0',,-21115.035,30379.328,-26.147366,20.0
SceneComponent,Loot_Dirt_Mound_01a_Spawner_C'map03_p_WP:PersistentLevel.UNP_Loot_Dirt_Mound_01a_19943a331df0bbef_0',,26630.523,186.636,-979.24744,20.0
SceneComponent,Loot_Dirt_Mound_01a_Spawner_C'map03_p_WP:PersistentLevel.UNP_Loot_Dirt_Mound_01a_19bb0de8259ad9a5_0',,-22543.0,8232.599,-111.926094,20.0
SceneComponent,Loot_Dirt_Mound_01a_Spawner_C'map03_p_WP:PersistentLevel.UNP_Loot_Dirt_Mound_01a_19d488d601c77dbd_0',,-13653.865,5694.224,-55.717735,20.0
SceneComponent,Loot_Dirt_Mound_01a_Spawner_C'map03_p_WP:PersistentLevel.UNP_Loot_Dirt_Mound_01a_19d666035b4a969e_0',,20572.855,40381.906,-2070.1616,20.0
SceneComponent,Loot_Dirt_Mound_01a_Spawner_C'map03_p_WP:PersistentLevel.UNP_Loot_Dirt_Mound_01a_1ac539276a1dfa67_0',,-5790.4604,-12230.346,517.8057,20.0
SceneComponent,Loot_Dirt_Mound_01a_Spawner_C'map03_p_WP:PersistentLevel.UNP_Loot_Dirt_Mound_01a_1b805e21be67cf32_0',,144.90382,50187.24,-3044.6577,20.0
SceneComponent,Loot_Dirt_Mound_01a_Spawner_C'map03_p_WP:PersistentLevel.UNP_Loot_Dirt_Mound_01a_1d3034e5c1b28599_0',,27574.229,-1126.7535,-957.17834,20.0
SceneComponent,Loot_Dirt_Mound_01a_Spawner_C'map03_p_WP:PersistentLevel.UNP_Loot_Dirt_Mound_01a_1f82be4675bcfe32_0',,6666.3037,-9406.002,-70.879,20.0
SceneComponent,Loot_Dirt_Mound_01a_Spawner_C'map03_p_WP:PersistentLevel.UNP_Loot_Dirt_Mound_01a_230cc9d877550326_0',,50125.527,12991.957,-647.3097,20.0
SceneComponent,Loot_Dirt_Mound_01a_Spawner_C'map03_p_WP:PersistentLevel.UNP_Loot_Dirt_Mound_01a_237c34abb87b6e6c_0',,-240.18275,47888.6,-2808.5605,20.0
SceneComponent,Loot_Dirt_Mound_01a_Spawner_C'map03_p_WP:PersistentLevel.UNP_Loot_Dirt_Mound_01a_23b9f904b84244d4_0',,22809.59,-13164.455,-1330.935,20.0
SceneComponent,Loot_Dirt_Mound_01a_Spawner_C'map03_p_WP:PersistentLevel.UNP_Loot_Dirt_Mound_01a_244e20c53f6fdd69_0',,10916.046,28539.445,-1243.1056,20.0
SceneComponent,Loot_Dirt_Mound_01a_Spawner_C'map03_p_WP:PersistentLevel.UNP_Loot_Dirt_Mound_01a_24f0ae58c07ab4a7_0',,6724.0728,-6318.12,61.817646,20.0
SceneComponent,Loot_Dirt_Mound_01a_Spawner_C'map03_p_WP:PersistentLevel.UNP_Loot_Dirt_Mound_01a_2609f4d1d02996c9_0',,-9979.954,42413.062,-2597.972,20.0
SceneComponent,Loot_Dirt_Mound_01a_Spawner_C'map03_p_WP:PersistentLevel.UNP_Loot_Dirt_Mound_01a_26bca98c3bc21f65_0',,-11495.952,-15016.619,1168.0948,20.0
SceneComponent,Loot_Dirt_Mound_01a_Spawner_C'map03_p_WP:PersistentLevel.UNP_Loot_Dirt_Mound_01a_26db654f305f1d92_0',,465.32715,52587.9,-3407.7249,20.0
SceneComponent,Loot_Dirt_Mound_01a_Spawner_C'map03_p_WP:PersistentLevel.UNP_Loot_Dirt_Mound_01a_275846b15c35d52e_0',,29610.338,-19062.04,-2275.7366,20.0
SceneComponent,Loot_Dirt_Mound_01a_Spawner_C'map03_p_WP:PersistentLevel.UNP_Loot_Dirt_Mound_01a_2798a497eeff3a9f_0',,-20980.064,37700.727,-26.147366,20.0
SceneComponent,Loot_Dirt_Mound_01a_Spawner_C'map03_p_WP:PersistentLevel.UNP_Loot_Dirt_Mound_01a_27b9f45235177406_0',,-4030.9197,-9775.277,402.69232,20.0
SceneComponent,Loot_Dirt_Mound_01a_Spawner_C'map03_p_WP:PersistentLevel.UNP_Loot_Dirt_Mound_01a_2840c678fc2feb57_0',,30007.277,-2603.5212,-975.82043,20.0
SceneComponent,Loot_Dirt_Mound_01a_Spawner_C'map03_p_WP:PersistentLevel.UNP_Loot_Dirt_Mound_01a_2a55e2eb19857f6f_0',,-19109.373,5854.1787,122.19002,20.0
SceneComponent,Loot_Dirt_Mound_01a_Spawner_C'map03_p_WP:PersistentLevel.UNP_Loot_Dirt_Mound_01a_2b8fd1bdd289b9ed_0',,20775.852,29916.578,-1771.822,20.0
SceneComponent,Loot_Dirt_Mound_01a_Spawner_C'map03_p_WP:PersistentLevel.UNP_Loot_Dirt_Mound_01a_2cb31065dda6ef50_0',,-7225.8804,11027.278,-144.5343,20.0
SceneComponent,Loot_Dirt_Mound_01a_Spawner_C'map03_p_WP:PersistentLevel.UNP_Loot_Dirt_Mound_01a_2dba8f448c1890ab_0',,28837.62,199.22232,-957.17834,20.0
SceneComponent,Loot_Dirt_Mound_01a_Spawner_C'map03_p_WP:PersistentLevel.UNP_Loot_Dirt_Mound_01a_2ef0a1af000c2358_0',,-20864.752,18109.256,-1468.3629,20.0
SceneComponent,Loot_Dirt_Mound_01a_Spawner_C'map03_p_WP:PersistentLevel.UNP_Loot_Dirt_Mound_01a_2f301bd03d450ceb_0',,30467.049,29111.486,-2204.4321,20.0
SceneComponent,Loot_Dirt_Mound_01a_Spawner_C'map03_p_WP:PersistentLevel.UNP_Loot_Dirt_Mound_01a_2fe1ddc005042704_0',,4141.623,51136.418,-3182.6018,20.0
SceneComponent,Loot_Dirt_Mound_01a_Spawner_C'map03_p_WP:PersistentLevel.UNP_Loot_Dirt_Mound_01a_3015c3f97a2ffbb2_0',,28115.889,48430.457,-3712.0603,20.0
SceneComponent,Loot_Dirt_Mound_01a_Spawner_C'map03_p_WP:PersistentLevel.UNP_Loot_Dirt_Mound_01a_30605cea70a6b4f6_0',,-11857.878,-11294.334,1189.8132,20.0
SceneComponent,Loot_Dirt_Mound_01a_Spawner_C'map03_p_WP:PersistentLevel.UNP_Loot_Dirt_Mound_01a_3135b739fdcdd68b_0',,7589.852,-17772.877,-53.686222,20.0
SceneComponent,Loot_Dirt_Mound_01a_Spawner_C'map03_p_WP:PersistentLevel.UNP_Loot_Dirt_Mound_01a_32c6d3bc6b00407c_0',,-2143.0142,-8354.514,380.6504,20.0
SceneComponent,Loot_Dirt_Mound_01a_Spawner_C'map03_p_WP:PersistentLevel.UNP_Loot_Dirt_Mound_01a_32f8be9a2ff2e902_0',,8966.486,49030.258,-3140.8496,20.0
SceneComponent,Loot_Dirt_Mound_01a_Spawner_C'map03_p_WP:PersistentLevel.UNP_Loot_Dirt_Mound_01a_33460ce73b1a902d_0',,-12631.216,41448.27,-2595.257,20.0
SceneComponent,Loot_Dirt_Mound_01a_Spawner_C'map03_p_WP:PersistentLevel.UNP_Loot_Dirt_Mound_01a_34631e00eeec59e6_0',,26147.988,31592.674,-1906.6547,20.0
SceneComponent,Loot_Dirt_Mound_01a_Spawner_C'map03_p_WP:PersistentLevel.UNP_Loot_Dirt_Mound_01a_348e5a9b85103ab5_0',,8624.859,26891.582,-1033.1249,20.0
SceneComponent,Loot_Dirt_Mound_01a_Spawner_C'map03_p_WP:PersistentLevel.UNP_Loot_Dirt_Mound_01a_388b7da154ad9548_0',,9454.877,-7131.7544,-174.38484,20.0
SceneComponent,Loot_Dirt_Mound_01a_Spawner_C'map03_p_WP:PersistentLevel.UNP_Loot_Dirt_Mound_01a_3974a14bb10b0e44_0',,-18835.553,11073.763,-120.51485,20.0
SceneComponent,Loot_Dirt_Mound_01a_Spawner_C'map03_p_WP:PersistentLevel.UNP_Loot_Dirt_Mound_01a_39f115a6f6e745f1_0',,26236.979,32777.92,-1912.4923,20.0
SceneComponent,Loot_Dirt_Mound_01a_Spawner_C'map03_p_WP:PersistentLevel.UNP_Loot_Dirt_Mound_01a_3ad39f653938bc41_0',,24069.014,29678.87,-1748.2856,20.0
SceneComponent,Loot_Dirt_Mound_01a_Spawner_C'map03_p_WP:PersistentLevel.UNP_Loot_Dirt_Mound_01a_3ba68195cef3ba1f_0',,12146.561,52440.254,-3789.3557,20.0
SceneComponent,Loot_Dirt_Mound_01a_Spawner_C'map03_p_WP:PersistentLevel.UNP_Loot_Dirt_Mound_01a_3bbfeac3bb1ffb34_0',,20767.92,-9919.521,-1138.242,20.0
SceneComponent,Loot_Dirt_Mound_01a_Spawner_C'map03_p_WP:PersistentLevel.UNP_Loot_Dirt_Mound_01a_3c39fe0742cfc153_0',,28916.656,7839.638,1133.1681,20.0
SceneComponent,Loot_Dirt_Mound_01a_Spawner_C'map03_p_WP:PersistentLevel.UNP_Loot_Dirt_Mound_01a_3c652ca062d3a7c3_0',,18525.379,-2033.1301,-994.0072,20.0
SceneComponent,Loot_Dirt_Mound_01a_Spawner_C'map03_p_WP:PersistentLevel.UNP_Loot_Dirt_Mound_01a_3c6c6a5fa9985710_0',,10460.101,26399.102,-991.0145,20.0
SceneComponent,Loot_Dirt_Mound_01a_Spawner_C'map03_p_WP:PersistentLevel.UNP_Loot_Dirt_Mound_01a_3ce53b98d3d570ff_0',,23478.244,-8059.1055,-1466.3774,20.0
SceneComponent,Loot_Dirt_Mound_01a_Spawner_C'map03_p_WP:PersistentLevel.UNP_Loot_Dirt_Mound_01a_3d4ab94d625e0746_0',,24418.643,50144.086,-3767.8088,20.0
SceneComponent,Loot_Dirt_Mound_01a_Spawner_C'map03_p_WP:PersistentLevel.UNP_Loot_Dirt_Mound_01a_3d4de26abfc15683_0',,-16068.432,5233.1494,109.69415,20.0
SceneComponent,Loot_Dirt_Mound_01a_Spawner_C'map03_p_WP:PersistentLevel.UNP_Loot_Dirt_Mound_01a_3f4965fbe2b3f148_0',,-4422.6143,-1447.7344,-573.2848,20.0
SceneComponent,Loot_Dirt_Mound_01a_Spawner_C'map03_p_WP:PersistentLevel.UNP_Loot_Dirt_Mound_01a_407a81d2c574939c_0',,54172.055,7181.544,-691.31085,20.0
SceneComponent,Loot_Dirt_Mound_01a_Spawner_C'map03_p_WP:PersistentLevel.UNP_Loot_Dirt_Mound_01a_419337242b61f3a7_0',,23753.61,-17503.316,-2255.3315,20.0
SceneComponent,Loot_Dirt_Mound_01a_Spawner_C'map03_p_WP:PersistentLevel.UNP_Loot_Dirt_Mound_01a_437f575abad1604d_0',,31174.54,30679.164,-2189.9976,20.0
SceneComponent,Loot_Dirt_Mound_01a_Spawner_C'map03_p_WP:PersistentLevel.UNP_Loot_Dirt_Mound_01a_43ada4b51533062c_0',,-33.823597,-12.112827,-655.2196,20.0
SceneComponent,Loot_Dirt_Mound_01a_Spawner_C'map03_p_WP:PersistentLevel.UNP_Loot_Dirt_Mound_01a_43b4701b4c855041_0',,11544.94,-13797.698,-212.04776,20.0
SceneComponent,Loot_Dirt_Mound_01a_Spawner_C'map03_p_WP:PersistentLevel.UNP_Loot_Dirt_Mound_01a_43bbb88a6e12cb54_0',,25285.559,36616.766,-1888.5839,20.0
SceneComponent,Loot_Dirt_Mound_01a_Spawner_C'map03_p_WP:PersistentLevel.UNP_Loot_Dirt_Mound_01a_43ff5f6b2fa1d7a3_0',,55763.777,10939.8,-688.526,20.0
SceneComponent,Loot_Dirt_Mound_01a_Spawner_C'map03_p_WP:PersistentLevel.UNP_Loot_Dirt_Mound_01a_4aa21e7724921762_0',,27517.219,-9745.036,-2373.2942,20.0
SceneComponent,Loot_Dirt_Mound_01a_Spawner_C'map03_p_WP:PersistentLevel.UNP_Loot_Dirt_Mound_01a_4dfd252aeeb969c0_0',,-1749.8632,-10035.568,410.01337,20.0
SceneComponent,Loot_Dirt_Mound_01a_Spawner_C'map03_p_WP:PersistentLevel.UNP_Loot_Dirt_Mound_01a_4f11a0350431e606_0',,18265.738,36133.43,-669.00574,20.0
SceneComponent,Loot_Dirt_Mound_01a_Spawner_C'map03_p_WP:PersistentLevel.UNP_Loot_Dirt_Mound_01a_52288c3a0bd4939a_0',,-7271.542,7829.2964,-469.41196,20.0
SceneComponent,Loot_Dirt_Mound_01a_Spawner_C'map03_p_WP:PersistentLevel.UNP_Loot_Dirt_Mound_01a_543c6200c580bd7f_0',,41276.723,58318.586,-3621.0593,20.0
SceneComponent,Loot_Dirt_Mound_01a_Spawner_C'map03_p_WP:PersistentLevel.UNP_Loot_Dirt_Mound_01a_5572fa001372036a_0',,6408.1235,4507.924,-600.1459,20.0
SceneComponent,Loot_Dirt_Mound_01a_Spawner_C'map03_p_WP:PersistentLevel.UNP_Loot_Dirt_Mound_01a_5654ed97ea55722e_0',,-18296.99,17686.828,-1404.3103,20.0
SceneComponent,Loot_Dirt_Mound_01a_Spawner_C'map03_p_WP:PersistentLevel.UNP_Loot_Dirt_Mound_01a_580e88405a1d5f8c_0',,17992.107,-120.81462,-929.52374,20.0
SceneComponent,Loot_Dirt_Mound_01a_Spawner_C'map03_p_WP:PersistentLevel.UNP_Loot_Dirt_Mound_01a_582268dcdb70589c_0',,28054.023,37828.496,-1971.1865,20.0
SceneComponent,Loot_Dirt_Mound_01a_Spawner_C'map03_p_WP:PersistentLevel.UNP_Loot_Dirt_Mound_01a_5842c1fc460d8d3a_0',,-8635.57,36538.902,-2616.614,20.0
SceneComponent,Loot_Dirt_Mound_01a_Spawner_C'map03_p_WP:PersistentLevel.UNP_Loot_Dirt_Mound_01a_594cdf6567674883_0',,42738.586,55110.094,-3915.0552,20.0
SceneComponent,Loot_Dirt_Mound_01a_Spawner_C'map03_p_WP:PersistentLevel.UNP_Loot_Dirt_Mound_01a_59b9b0811023557b_0',,-7213.593,13612.456,-163.74641,20.0
SceneComponent,Loot_Dirt_Mound_01a_Spawner_C'map03_p_WP:PersistentLevel.UNP_Loot_Dirt_Mound_01a_59b9d1b8df6cb053_0',,18855.467,-13807.517,-1039.913,20.0
SceneComponent,Loot_Dirt_Mound_01a_Spawner_C'map03_p_WP:PersistentLevel.UNP_Loot_Dirt_Mound_01a_5ae38ac493c147e6_0',,32003.43,-11644.125,-2391.9363,20.0
SceneComponent,Loot_Dirt_Mound_01a_Spawner_C'map03_p_WP:PersistentLevel.UNP_Loot_Dirt_Mound_01a_5b38b67b109e0b8d_0',,6815.6025,18265.041,-20.748037,20.0
SceneComponent,Loot_Dirt_Mound_01a_Spawner_C'map03_p_WP:PersistentLevel.UNP_Loot_Dirt_Mound_01a_5bab36c05c0da029_0',,-5952.7734,16608.895,-43.196823,20.0
SceneComponent,Loot_Dirt_Mound_01a_Spawner_C'map03_p_WP:PersistentLevel.UNP_Loot_Dirt_Mound_01a_5bb0400d5274a1ca_0',,18200.4,30571.492,-1814.4014,20.0
SceneComponent,Loot_Dirt_Mound_01a_Spawner_C'map03_p_WP:PersistentLevel.UNP_Loot_Dirt_Mound_01a_5bc5d92214019e76_0',,-11827.085,12421.281,-158.89044,20.0
SceneComponent,Loot_Dirt_Mound_01a_Spawner_C'map03_p_WP:PersistentLevel.UNP_Loot_Dirt_Mound_01a_5c1a41ebfd9058a5_0',,50757.27,9618.323,-665.9518,20.0
SceneComponent,Loot_Dirt_Mound_01a_Spawner_C'map03_p_WP:PersistentLevel.UNP_Loot_Dirt_Mound_01a_5d85f5a092c91210_0',,10296.47,-17676.975,-76.813614,20.0
SceneComponent,Loot_Dirt_Mound_01a_Spawner_C'map03_p_WP:PersistentLevel.UNP_Loot_Dirt_Mound_01a_5d951e6125635c31_0',,15111.522,24827.445,-1308.2319,20.0
SceneComponent,Loot_Dirt_Mound_01a_Spawner_C'map03_p_WP:PersistentLevel.UNP_Loot_Dirt_Mound_01a_5e012efb0afdeba4_0',,29358.965,48041.117,-3693.4954,20.0
SceneComponent,Loot_Dirt_Mound_01a_Spawner_C'map03_p_WP:PersistentLevel.UNP_Loot_Dirt_Mound_01a_5ef86386dad58889_0',,22696.875,-7083.1787,-1349.3632,20.0
SceneComponent,Loot_Dirt_Mound_01a_Spawner_C'map03_p_WP:PersistentLevel.UNP_Loot_Dirt_Mound_01a_5f462b5d8c7fd6cf_0',,50933.258,-7414.363,-4192.8525,20.0
SceneComponent,Loot_Dirt_Mound_01a_Spawner_C'map03_p_WP:PersistentLevel.UNP_Loot_Dirt_Mound_01a_5f727d84eda2cf62_0',,-5181.148,-8662.274,375.03568,20.0
SceneComponent,Loot_Dirt_Mound_01a_Spawner_C'map03_p_WP:PersistentLevel.UNP_Loot_Dirt_Mound_01a_60147983e88baac7_0',,-2142.505,-13364.1455,476.9204,20.0
SceneComponent,Loot_Dirt_Mound_01a_Spawner_C'map03_p_WP:PersistentLevel.UNP_Loot_Dirt_Mound_01a_60408c87fe7e2db7_0',,6827.1577,-10472.871,-118.52872,20.0
SceneComponent,Loot_Dirt_Mound_01a_Spawner_C'map03_p_WP:PersistentLevel.UNP_Loot_Dirt_Mound_01a_608d6fff7c4985c4_0',,27761.316,11391.746,1131.9445,20.0
SceneComponent,Loot_Dirt_Mound_01a_Spawner_C'map03_p_WP:PersistentLevel.UNP_Loot_Dirt_Mound_01a_6217ba27035ec1b6_0',,-14187.555,43460.97,-2613.8992,20.0
SceneComponent,Loot_Dirt_Mound_01a_Spawner_C'map03_p_WP:PersistentLevel.UNP_Loot_Dirt_Mound_01a_6289f108bae4e096_0',,2819.934,45774.52,-2957.789,20.0
SceneComponent,Loot_Dirt_Mound_01a_Spawner_C'map03_p_WP:PersistentLevel.UNP_Loot_Dirt_Mound_01a_62d2ead3af1624da_0',,52582.574,-5083.6016,-4211.4946,20.0
SceneComponent,Loot_Dirt_Mound_01a_Spawner_C'map03_p_WP:PersistentLevel.UNP_Loot_Dirt_Mound_01a_6321a2a9add6a258_0',,-9591.626,14651.946,-116.82002,20.0
SceneComponent,Loot_Dirt_Mound_01a_Spawner_C'map03_p_WP:PersistentLevel.UNP_Loot_Dirt_Mound_01a_63abc86bfbec4f91_0',,5843.3115,49348.965,-3078.592,20.0
SceneComponent,Loot_Dirt_Mound_01a_Spawner_C'map03_p_WP:PersistentLevel.UNP_Loot_Dirt_Mound_01a_63af1096b7378570_0',,10228.068,-11010.002,-181.05377,20.0
SceneComponent,Loot_Dirt_Mound_01a_Spawner_C'map03_p_WP:PersistentLevel.UNP_Loot_Dirt_Mound_01a_641692bb7dc41c1f_0',,-4644.9688,1852.1381,-644.55304,20.0
SceneComponent,Loot_Dirt_Mound_01a_Spawner_C'map03_p_WP:PersistentLevel.UNP_Loot_Dirt_Mound_01a_662c659b85a08435_0',,-6601.046,-7141.125,376.12073,20.0
SceneComponent,Loot_Dirt_Mound_01a_Spawner_C'map03_p_WP:PersistentLevel.UNP_Loot_Dirt_Mound_01a_66692671426d9a3f_0',,49243.098,9667.348,-710.2594,20.0
SceneComponent,Loot_Dirt_Mound_01a_Spawner_C'map03_p_WP:PersistentLevel.UNP_Loot_Dirt_Mound_01a_66beb5a8bb944851_0',,-22556.99,30713.771,-7.5052752,20.0
SceneComponent,Loot_Dirt_Mound_01a_Spawner_C'map03_p_WP:PersistentLevel.UNP_Loot_Dirt_Mound_01a_6ae00f6e89df2967_0',,2899.3174,1027.2596,-723.2027,20.0
SceneComponent,Loot_Dirt_Mound_01a_Spawner_C'map03_p_WP:PersistentLevel.UNP_Loot_Dirt_Mound_01a_6be4a3703aa779d5_0',,-11286.384,7581.026,-233.55257,20.0
SceneComponent,Loot_Dirt_Mound_01a_Spawner_C'map03_p_WP:PersistentLevel.UNP_Loot_Dirt_Mound_01a_6e88c9bf3d2b6a45_0',,40233.145,58659.16,-3542.543,20.0
SceneComponent,Loot_Dirt_Mound_01a_Spawner_C'map03_p_WP:PersistentLevel.UNP_Loot_Dirt_Mound_01a_6f17fe6dfead19a9_0',,11355.707,27756.693,-1292.8364,20.0
SceneComponent,Loot_Dirt_Mound_01a_Spawner_C'map03_p_WP:PersistentLevel.UNP_Loot_Dirt_Mound_01a_6faa4e55037b1ff8_0',,-9020.526,-21196.361,641.43964,20.0
SceneComponent,Loot_Dirt_Mound_01a_Spawner_C'map03_p_WP:PersistentLevel.UNP_Loot_Dirt_Mound_01a_709610b59a380023_0',,-12569.1875,10840.405,-158.89044,20.0
SceneComponent,Loot_Dirt_Mound_01a_Spawner_C'map03_p_WP:PersistentLevel.UNP_Loot_Dirt_Mound_01a_709fe0d9e486a4ee_0',,14493.037,33301.29,-1758.4357,20.0
SceneComponent,Loot_Dirt_Mound_01a_Spawner_C'map03_p_WP:PersistentLevel.UNP_Loot_Dirt_Mound_01a_73c574e1e47e4225_0',,-10320.589,10342.498,-167.05289,20.0
SceneComponent,Loot_Dirt_Mound_01a_Spawner_C'map03_p_WP:PersistentLevel.UNP_Loot_Dirt_Mound_01a_74a857ebc24c8207_0',,-16697.998,17507.623,-1386.4291,20.0
SceneComponent,Loot_Dirt_Mound_01a_Spawner_C'map03_p_WP:PersistentLevel.UNP_Loot_Dirt_Mound_01a_7705fb9a07efaa9b_0',,-10663.48,39618.98,-2625.3252,20.0
SceneComponent,Loot_Dirt_Mound_01a_Spawner_C'map03_p_WP:PersistentLevel.UNP_Loot_Dirt_Mound_01a_771434117e8a2ac6_0',,15607.407,1711.7874,-738.42413,20.0
SceneComponent,Loot_Dirt_Mound_01a_Spawner_C'map03_p_WP:PersistentLevel.UNP_Loot_Dirt_Mound_01a_77a8721462bdddf0_0',,-9361.115,-12950.556,1171.1711,20.0
SceneComponent,Loot_Dirt_Mound_01a_Spawner_C'map03_p_WP:PersistentLevel.UNP_Loot_Dirt_Mound_01a_785c264020ebebc0_0',,21772.49,-11896.993,-1245.8333,20.0
SceneComponent,Loot_Dirt_Mound_01a_Spawner_C'map03_p_WP:PersistentLevel.UNP_Loot_Dirt_Mound_01a_78aab8bd6500835a_0',,2688.2617,47213.89,-2952.033,20.0
SceneComponent,Loot_Dirt_Mound_01a_Spawner_C'map03_p_WP:PersistentLevel.UNP_Loot_Dirt_Mound_01a_7a32076158876815_0',,11104.286,-16265.019,-198.7135,20.0
SceneComponent,Loot_Dirt_Mound_01a_Spawner_C'map03_p_WP:PersistentLevel.UNP_Loot_Dirt_Mound_01a_7a61cc8c21434164_0',,-21469.879,25779.498,-1229.4786,20.0
SceneComponent,Loot_Dirt_Mound_01a_Spawner_C'map03_p_WP:PersistentLevel.UNP_Loot_Dirt_Mound_01a_7c42150e991da5a5_0',,14178.875,-18609.938,-47.356865,20.0
SceneComponent,Loot_Dirt_Mound_01a_Spawner_C'map03_p_WP:PersistentLevel.UNP_Loot_Dirt_Mound_01a_7c7c23d07a6d11b3_0',,40003.2,55772.824,-3687.4668,20.0
SceneComponent,Loot_Dirt_Mound_01a_Spawner_C'map03_p_WP:PersistentLevel.UNP_Loot_Dirt_Mound_01a_7d44c5eebb16be14_0',,6801.765,28558.705,-1436.5819,20.0
SceneComponent,Loot_Dirt_Mound_01a_Spawner_C'map03_p_WP:PersistentLevel.UNP_Loot_Dirt_Mound_01a_7d506f75611c3d47_0',,11949.788,29297.03,-1536.5725,20.0
SceneComponent,Loot_Dirt_Mound_01a_Spawner_C'map03_p_WP:PersistentLevel.UNP_Loot_Dirt_Mound_01a_7de613dde6f083e7_0',,8181.325,-15237.948,-137.01108,20.0
SceneComponent,Loot_Dirt_Mound_01a_Spawner_C'map03_p_WP:PersistentLevel.UNP_Loot_Dirt_Mound_01a_7e7e4c0dd0948b82_0',,-8187.0557,8695.665,-413.30133,20.0
SceneComponent,Loot_Dirt_Mound_01a_Spawner_C'map03_p_WP:PersistentLevel.UNP_Loot_Dirt_Mound_01a_81912411d3742e91_0',,-8741.423,45291.113,-2612.8438,20.0
SceneComponent,Loot_Dirt_Mound_01a_Spawner_C'map03_p_WP:PersistentLevel.UNP_Loot_Dirt_Mound_01a_82bcf12c679aaf8a_0',,-3505.1384,15016.356,-76.07767,20.0
SceneComponent,Loot_Dirt_Mound_01a_Spawner_C'map03_p_WP:PersistentLevel.UNP_Loot_Dirt_Mound_01a_8304a667a6ba9a75_0',,28373.818,-14202.104,-2589.7927,20.0
SceneComponent,Loot_Dirt_Mound_01a_Spawner_C'map03_p_WP:PersistentLevel.UNP_Loot_Dirt_Mound_01a_8349d6258a0af515_0',,4216.3433,19575.846,-88.17727,20.0
SceneComponent,Loot_Dirt_Mound_01a_Spawner_C'map03_p_WP:PersistentLevel.UNP_Loot_Dirt_Mound_01a_83b7cb6c440344e1_0',,-21242.979,9689.953,-105.74116,20.0
SceneComponent,Loot_Dirt_Mound_01a_Spawner_C'map03_p_WP:PersistentLevel.UNP_Loot_Dirt_Mound_01a_83d72a5f57a772b3_0',,-18064.281,7540.1885,40.88886,20.0
SceneComponent,Loot_Dirt_Mound_01a_Spawner_C'map03_p_WP:PersistentLevel.UNP_Loot_Dirt_Mound_01a_859aa18503f5926a_0',,2361.408,27951.234,-1490.8961,20.0
SceneComponent,Loot_Dirt_Mound_01a_Spawner_C'map03_p_WP:PersistentLevel.UNP_Loot_Dirt_Mound_01a_86ae4c6b6edbb75f_0',,-13373.019,8599.225,-103.15434,20.0
SceneComponent,Loot_Dirt_Mound_01a_Spawner_C'map03_p_WP:PersistentLevel.UNP_Loot_Dirt_Mound_01a_89c83460c3617bf4_0',,34015.477,27533.424,-2287.407,20.0
SceneComponent,Loot_Dirt_Mound_01a_Spawner_C'map03_p_WP:PersistentLevel.UNP_Loot_Dirt_Mound_01a_8ae8f429d65ebf98_0',,-19016.547,38597.555,17.381538,20.0
SceneComponent,Loot_Dirt_Mound_01a_Spawner_C'map03_p_WP:PersistentLevel.UNP_Loot_Dirt_Mound_01a_8b39e7fd5afaa867_0',,-8030.408,40667.18,-2616.614,20.0
SceneComponent,Loot_Dirt_Mound_01a_Spawner_C'map03_p_WP:PersistentLevel.UNP_Loot_Dirt_Mound_01a_8b4f584eee92d44a_0',,16826.238,25147.514,-1350.688,20.0
SceneComponent,Loot_Dirt_Mound_01a_Spawner_C'map03_p_WP:PersistentLevel.UNP_Loot_Dirt_Mound_01a_8c5d158e6e24c828_0',,22353.096,33052.953,-1745.3103,20.0
SceneComponent,Loot_Dirt_Mound_01a_Spawner_C'map03_p_WP:PersistentLevel.UNP_Loot_Dirt_Mound_01a_8d9b2291a1985a66_0',,58381.363,7125.587,-697.6364,20.0
SceneComponent,Loot_Dirt_Mound_01a_Spawner_C'map03_p_WP:PersistentLevel.UNP_Loot_Dirt_Mound_01a_8f56198e81fc70c9_0',,16340.601,12591.663,557.387,20.0
SceneComponent,Loot_Dirt_Mound_01a_Spawner_C'map03_p_WP:PersistentLevel.UNP_Loot_Dirt_Mound_01a_8f6ad73ad9b07084_0',,-16452.273,8732.496,-96.124214,20.0
SceneComponent,Loot_Dirt_Mound_01a_Spawner_C'map03_p_WP:PersistentLevel.UNP_Loot_Dirt_Mound_01a_8f95974c80e89842_0',,-18341.906,41149.03,39.510098,20.0
SceneComponent,Loot_Dirt_Mound_01a_Spawner_C'map03_p_WP:PersistentLevel.UNP_Loot_Dirt_Mound_01a_90c81f63554cc9ad_0',,11452.818,25030.455,-1018.82135,20.0
SceneComponent,Loot_Dirt_Mound_01a_Spawner_C'map03_p_WP:PersistentLevel.UNP_Loot_Dirt_Mound_01a_90d7047e313b2b81_0',,18296.486,32995.777,-1914.3168,
SceneComponent,Loot_Dirt_Mound_01a_Spawner_C'map03_p_WP:PersistentLevel.UNP_Loot_Dirt_Mound_01a_929f59472065ed1f_0',,-3033.208,280.06802,-603.1712,20.0
SceneComponent,Loot_Dirt_Mound_01a_Spawner_C'map03_p_WP:PersistentLevel.UNP_Loot_Dirt_Mound_01a_92f0ea2578f1e4bc_0',,28510.342,-11110.302,-2391.9363,20.0
SceneComponent,Loot_Dirt_Mound_01a_Spawner_C'map03_p_WP:PersistentLevel.UNP_Loot_Dirt_Mound_01a_94ae9b58092a9695_0',,-11392.893,2907.854,1011.43085,20.0
SceneComponent,Loot_Dirt_Mound_01a_Spawner_C'map03_p_WP:PersistentLevel.UNP_Loot_Dirt_Mound_01a_954458580579fd1e_0',,7017.8896,2777.287,-615.8836,20.0
SceneComponent,Loot_Dirt_Mound_01a_Spawner_C'map03_p_WP:PersistentLevel.UNP_Loot_Dirt_Mound_01a_958a95dc3142bbf2_0',,-19843.16,31091.332,-26.147366,20.0
SceneComponent,Loot_Dirt_Mound_01a_Spawner_C'map03_p_WP:PersistentLevel.UNP_Loot_Dirt_Mound_01a_96fef2cc515633d3_0',,37172.504,54630.516,-3599.3352,20.0
SceneComponent,Loot_Dirt_Mound_01a_Spawner_C'map03_p_WP:PersistentLevel.UNP_Loot_Dirt_Mound_01a_978a6b61ef515b08_0',,24429.176,-14596.914,-2482.724,20.0
SceneComponent,Loot_Dirt_Mound_01a_Spawner_C'map03_p_WP:PersistentLevel.UNP_Loot_Dirt_Mound_01a_9889fb007d5026ec_0',,21171.182,-6119.7124,-1208.5668,20.0
SceneComponent,Loot_Dirt_Mound_01a_Spawner_C'map03_p_WP:PersistentLevel.UNP_Loot_Dirt_Mound_01a_9e6126afe7337b5d_0',,52325.75,7763.2954,-699.4727,20.0
SceneComponent,Loot_Dirt_Mound_01a_Spawner_C'map03_p_WP:PersistentLevel.UNP_Loot_Dirt_Mound_01a_9efa7989a8cacaaf_0',,25941.432,35568.07,-1912.8655,20.0
SceneComponent,Loot_Dirt_Mound_01a_Spawner_C'map03_p_WP:PersistentLevel.UNP_Loot_Dirt_Mound_01a_9f056a285bb1383e_0',,16884.021,55025.06,-3818.8184,20.0
SceneComponent,Loot_Dirt_Mound_01a_Spawner_C'map03_p_WP:PersistentLevel.UNP_Loot_Dirt_Mound_01a_9fbde8b6c23b8361_0',,-21895.41,28029.549,-1229.4786,20.0
SceneComponent,Loot_Dirt_Mound_01a_Spawner_C'map03_p_WP:PersistentLevel.UNP_Loot_Dirt_Mound_01a_a266635abc9e13d4_0',,-2352.717,32844.88,-2578.4106,20.0
SceneComponent,Loot_Dirt_Mound_01a_Spawner_C'map03_p_WP:PersistentLevel.UNP_Loot_Dirt_Mound_01a_a46d2591e99e4bd3_0',,38154.184,38252.746,-2835.2056,20.0
SceneComponent,Loot_Dirt_Mound_01a_Spawner_C'map03_p_WP:PersistentLevel.UNP_Loot_Dirt_Mound_01a_a4a370a890cc3cd2_0',,-9802.659,12663.287,-136.33716,20.0
SceneComponent,Loot_Dirt_Mound_01a_Spawner_C'map03_p_WP:PersistentLevel.UNP_Loot_Dirt_Mound_01a_a54d3e98fe7cc8d1_0',,18585.305,56058.855,-3780.8462,20.0
SceneComponent,Loot_Dirt_Mound_01a_Spawner_C'map03_p_WP:PersistentLevel.UNP_Loot_Dirt_Mound_01a_a8ec247345d9e686_0',,-9468.43,-18725.861,698.4007,20.0
SceneComponent,Loot_Dirt_Mound_01a_Spawner_C'map03_p_WP:PersistentLevel.UNP_Loot_Dirt_Mound_01a_ab076ee457c9a808_0',,5912.3794,-14187.757,-158.24123,20.0
SceneComponent,Loot_Dirt_Mound_01a_Spawner_C'map03_p_WP:PersistentLevel.UNP_Loot_Dirt_Mound_01a_ac90aaa5c5cda036_0',,5464.5503,51923.625,-3288.2827,20.0
SceneComponent,Loot_Dirt_Mound_01a_Spawner_C'map03_p_WP:PersistentLevel.UNP_Loot_Dirt_Mound_01a_aca3e254e880a9bb_0',,52707.35,8576.913,-647.3097,20.0
SceneComponent,Loot_Dirt_Mound_01a_Spawner_C'map03_p_WP:PersistentLevel.UNP_Loot_Dirt_Mound_01a_ace8b3ac9cca1a72_0',,-12158.627,15839.92,-125.146774,20.0
SceneComponent,Loot_Dirt_Mound_01a_Spawner_C'map03_p_WP:PersistentLevel.UNP_Loot_Dirt_Mound_01a_adaf1505ab60970c_0',,855.38885,47714.023,-2879.6428,20.0
SceneComponent,Loot_Dirt_Mound_01a_Spawner_C'map03_p_WP:PersistentLevel.UNP_Loot_Dirt_Mound_01a_afd1df9a18b1e1e8_0',,-868.48517,46275.656,-2686.0022,20.0
SceneComponent,Loot_Dirt_Mound_01a_Spawner_C'map03_p_WP:PersistentLevel.UNP_Loot_Dirt_Mound_01a_aff272e6ed6090be_0',,22677.586,32227.43,-1840.447,20.0
SceneComponent,Loot_Dirt_Mound_01a_Spawner_C'map03_p_WP:PersistentLevel.UNP_Loot_Dirt_Mound_01a_b315ee189b2edcf7_0',,55870.566,16157.753,-2741.411,20.0
SceneComponent,Loot_Dirt_Mound_01a_Spawner_C'map03_p_WP:PersistentLevel.UNP_Loot_Dirt_Mound_01a_b321499a77def8e5_0',,-21229.059,6648.352,65.15591,20.0
SceneComponent,Loot_Dirt_Mound_01a_Spawner_C'map03_p_WP:PersistentLevel.UNP_Loot_Dirt_Mound_01a_b487e60aa2247f24_0',,23320.176,-10964.381,-1347.1821,20.0
SceneComponent,Loot_Dirt_Mound_01a_Spawner_C'map03_p_WP:PersistentLevel.UNP_Loot_Dirt_Mound_01a_b569bc5d5e83e6b0_0',,-17603.63,26649.676,-1508.6128,20.0
SceneComponent,Loot_Dirt_Mound_01a_Spawner_C'map03_p_WP:PersistentLevel.UNP_Loot_Dirt_Mound_01a_b70318fddf00217d_0',,-12152.516,-21449.443,741.9919,20.0
SceneComponent,Loot_Dirt_Mound_01a_Spawner_C'map03_p_WP:PersistentLevel.UNP_Loot_Dirt_Mound_01a_b70d8dc04897adca_0',,-18923.55,28157.512,-1480.1571,20.0
SceneComponent,Loot_Dirt_Mound_01a_Spawner_C'map03_p_WP:PersistentLevel.UNP_Loot_Dirt_Mound_01a_b742af10fe7ecf85_0',,55829.71,17740.072,-2732.4143,20.0
SceneComponent,Loot_Dirt_Mound_01a_Spawner_C'map03_p_WP:PersistentLevel.UNP_Loot_Dirt_Mound_01a_b748c54ddec73ebe_0',,-21018.482,32475.428,-7.5052752,20.0
SceneComponent,Loot_Dirt_Mound_01a_Spawner_C'map03_p_WP:PersistentLevel.UNP_Loot_Dirt_Mound_01a_b85fb48da68f08b8_0',,-18304.768,8891.878,-1.1558558,20.0
SceneComponent,Loot_Dirt_Mound_01a_Spawner_C'map03_p_WP:PersistentLevel.UNP_Loot_Dirt_Mound_01a_b8e213fe35498db6_0',,16028.716,-17563.523,-102.14188,20.0
SceneComponent,Loot_Dirt_Mound_01a_Spawner_C'map03_p_WP:PersistentLevel.UNP_Loot_Dirt_Mound_01a_b9c03feecf9abd68_0',,16264.297,53523.26,-3780.8982,20.0
SceneComponent,Loot_Dirt_Mound_01a_Spawner_C'map03_p_WP:PersistentLevel.UNP_Loot_Dirt_Mound_01a_bd80f7fe0ddfd2a7_0',,-20016.018,43901.305,-1762.7775,20.0
SceneComponent,Loot_Dirt_Mound_01a_Spawner_C'map03_p_WP:PersistentLevel.UNP_Loot_Dirt_Mound_01a_be25ef3c6517e539_0',,26579.523,49977.188,-3764.2874,20.0
SceneComponent,Loot_Dirt_Mound_01a_Spawner_C'map03_p_WP:PersistentLevel.UNP_Loot_Dirt_Mound_01a_be9209fd801774ae_0',,-13424.345,21568.385,-1476.2859,20.0
SceneComponent,Loot_Dirt_Mound_01a_Spawner_C'map03_p_WP:PersistentLevel.UNP_Loot_Dirt_Mound_01a_bf20ee70d86c992d_0',,1636.8812,-13217.114,622.68396,20.0
SceneComponent,Loot_Dirt_Mound_01a_Spawner_C'map03_p_WP:PersistentLevel.UNP_Loot_Dirt_Mound_01a_bf56834ec61d6aff_0',,18365.979,-18473.912,1.1131601,20.0
SceneComponent,Loot_Dirt_Mound_01a_Spawner_C'map03_p_WP:PersistentLevel.UNP_Loot_Dirt_Mound_01a_bf6054cf78573215_0',,-18897.924,37955.34,-12.068055,20.0
SceneComponent,Loot_Dirt_Mound_01a_Spawner_C'map03_p_WP:PersistentLevel.UNP_Loot_Dirt_Mound_01a_bffb006716a36a31_0',,12747.923,6226.992,-625.3202,20.0
SceneComponent,Loot_Dirt_Mound_01a_Spawner_C'map03_p_WP:PersistentLevel.UNP_Loot_Dirt_Mound_01a_c01d7ca37f36991e_0',,14486.408,31862.33,-1804.2311,20.0
SceneComponent,Loot_Dirt_Mound_01a_Spawner_C'map03_p_WP:PersistentLevel.UNP_Loot_Dirt_Mound_01a_c021b002a2e8305b_0',,27465.725,36449.266,-1986.7213,20.0
SceneComponent,Loot_Dirt_Mound_01a_Spawner_C'map03_p_WP:PersistentLevel.UNP_Loot_Dirt_Mound_01a_c132c06b4c3aa215_0',,33953.426,-17460.543,-2275.7366,20.0
SceneComponent,Loot_Dirt_Mound_01a_Spawner_C'map03_p_WP:PersistentLevel.UNP_Loot_Dirt_Mound_01a_c1cda535c066c7c2_0',,-10428.583,44715.8,-2616.614,20.0
SceneComponent,Loot_Dirt_Mound_01a_Spawner_C'map03_p_WP:PersistentLevel.UNP_Loot_Dirt_Mound_01a_c341b83be1cb7745_0',,7932.496,-12671.238,-168.2458,20.0
SceneComponent,Loot_Dirt_Mound_01a_Spawner_C'map03_p_WP:PersistentLevel.UNP_Loot_Dirt_Mound_01a_c3bcd1e52b3f975e_0',,17111.273,32448.04,-1717.1964,20.0
SceneComponent,Loot_Dirt_Mound_01a_Spawner_C'map03_p_WP:PersistentLevel.UNP_Loot_Dirt_Mound_01a_c44c9967f8ff73ac_0',,23065.064,52539.035,-3770.3477,20.0
SceneComponent,Loot_Dirt_Mound_01a_Spawner_C'map03_p_WP:PersistentLevel.UNP_Loot_Dirt_Mound_01a_c79bcafe91bbf46c_0',,-13744.651,40005.867,-2624.2996,20.0
SceneComponent,Loot_Dirt_Mound_01a_Spawner_C'map03_p_WP:PersistentLevel.UNP_Loot_Dirt_Mound_01a_c7ff2d5126f42aa9_0',,-6140.363,12342.014,-158.31157,20.0
SceneComponent,Loot_Dirt_Mound_01a_Spawner_C'map03_p_WP:PersistentLevel.UNP_Loot_Dirt_Mound_01a_c88cebdc88b1acd6_0',,13664.494,36278.773,-639.9633,20.0
SceneComponent,Loot_Dirt_Mound_01a_Spawner_C'map03_p_WP:PersistentLevel.UNP_Loot_Dirt_Mound_01a_c9b5db77e5baeb2e_0',,46966.285,9408.349,-707.92773,20.0
SceneComponent,Loot_Dirt_Mound_01a_Spawner_C'map03_p_WP:PersistentLevel.UNP_Loot_Dirt_Mound_01a_caa3dcf4e84c752e_0',,12516.499,9921.741,-673.8844,20.0
SceneComponent,Loot_Dirt_Mound_01a_Spawner_C'map03_p_WP:PersistentLevel.UNP_Loot_Dirt_Mound_01a_cbad1a0193d21d17_0',,7692.7256,50971.07,-3232.2112,20.0
SceneComponent,Loot_Dirt_Mound_01a_Spawner_C'map03_p_WP:PersistentLevel.UNP_Loot_Dirt_Mound_01a_cce2184e6276c473_0',,-4229.9004,12643.855,-129.61784,20.0
SceneComponent,Loot_Dirt_Mound_01a_Spawner_C'map03_p_WP:PersistentLevel.UNP_Loot_Dirt_Mound_01a_cd13d604dd27b552_0',,40042.918,35730.156,-2835.2056,20.0
SceneComponent,Loot_Dirt_Mound_01a_Spawner_C'map03_p_WP:PersistentLevel.UNP_Loot_Dirt_Mound_01a_cd6b4fa576c644c5_0',,21295.162,-14367.289,-1253.4596,20.0
SceneComponent,Loot_Dirt_Mound_01a_Spawner_C'map03_p_WP:PersistentLevel.UNP_Loot_Dirt_Mound_01a_ce55a65735671236_0',,19050.111,50745.37,-3761.3599,20.0
SceneComponent,Loot_Dirt_Mound_01a_Spawner_C'map03_p_WP:PersistentLevel.UNP_Loot_Dirt_Mound_01a_d1d65ebd8a0473fc_0',,-14346.65,28639.098,-1606.2808,20.0
SceneComponent,Loot_Dirt_Mound_01a_Spawner_C'map03_p_WP:PersistentLevel.UNP_Loot_Dirt_Mound_01a_d3f9578ebe63a0e7_0',,11430.428,-11442.153,-170.95021,20.0
SceneComponent,Loot_Dirt_Mound_01a_Spawner_C'map03_p_WP:PersistentLevel.UNP_Loot_Dirt_Mound_01a_d72c796c9434af58_0',,40388.543,56680.504,-3648.8901,20.0
SceneComponent,Loot_Dirt_Mound_01a_Spawner_C'map03_p_WP:PersistentLevel.UNP_Loot_Dirt_Mound_01a_d9c61635c1737ebd_0',,-4238.2637,-8085.7334,375.03568,20.0
SceneComponent,Loot_Dirt_Mound_01a_Spawner_C'map03_p_WP:PersistentLevel.UNP_Loot_Dirt_Mound_01a_da1d10d3f6745405_0',,31711.486,-17633.422,-2275.7366,20.0
SceneComponent,Loot_Dirt_Mound_01a_Spawner_C'map03_p_WP:PersistentLevel.UNP_Loot_Dirt_Mound_01a_da2ac15084da3455_0',,28864.924,33809.855,-2093.4993,20.0
SceneComponent,Loot_Dirt_Mound_01a_Spawner_C'map03_p_WP:PersistentLevel.UNP_Loot_Dirt_Mound_01a_dac3c7c46b91fa95_0',,56876.277,18946.607,-2705.0054,20.0
SceneComponent,Loot_Dirt_Mound_01a_Spawner_C'map03_p_WP:PersistentLevel.UNP_Loot_Dirt_Mound_01a_db805b1cc86bab89_0',,3424.0947,4744.5635,-655.6605,20.0
SceneComponent,Loot_Dirt_Mound_01a_Spawner_C'map03_p_WP:PersistentLevel.UNP_Loot_Dirt_Mound_01a_dcdbe982c7b717ff_0',,37960.105,35574.645,-2835.2056,20.0
SceneComponent,Loot_Dirt_Mound_01a_Spawner_C'map03_p_WP:PersistentLevel.UNP_Loot_Dirt_Mound_01a_e02be20022c7d39c_0',,28519.738,-4123.893,-975.82043,20.0
SceneComponent,Loot_Dirt_Mound_01a_Spawner_C'map03_p_WP:PersistentLevel.UNP_Loot_Dirt_Mound_01a_e1282fb63223ff28_0',,18605.55,-4048.6716,-941.26697,20.0
SceneComponent,Loot_Dirt_Mound_01a_Spawner_C'map03_p_WP:PersistentLevel.UNP_Loot_Dirt_Mound_01a_e22fde2c163019eb_0',,15962.136,31442.512,-1748.3911,20.0
SceneComponent,Loot_Dirt_Mound_01a_Spawner_C'map03_p_WP:PersistentLevel.UNP_Loot_Dirt_Mound_01a_e3402959b4019733_0',,57675.06,18434.951,-2741.411,20.0
SceneComponent,Loot_Dirt_Mound_01a_Spawner_C'map03_p_WP:PersistentLevel.UNP_Loot_Dirt_Mound_01a_e3f8f5d307a6062e_0',,20039.77,-12260.171,-1096.8568,20.0
SceneComponent,Loot_Dirt_Mound_01a_Spawner_C'map03_p_WP:PersistentLevel.UNP_Loot_Dirt_Mound_01a_e496b8e7e25864ab_0',,28997.709,30567.527,-2098.6538,20.0
SceneComponent,Loot_Dirt_Mound_01a_Spawner_C'map03_p_WP:PersistentLevel.UNP_Loot_Dirt_Mound_01a_e49ac1e209e302b2_0',,-10824.817,27650.0,-1771.8038,20.0
SceneComponent,Loot_Dirt_Mound_01a_Spawner_C'map03_p_WP:PersistentLevel.UNP_Loot_Dirt_Mound_01a_e4a5baa4f91aee34_0',,-6322.9233,14830.98,-97.28569,20.0
SceneComponent,Loot_Dirt_Mound_01a_Spawner_C'map03_p_WP:PersistentLevel.UNP_Loot_Dirt_Mound_01a_e5310b1f786287b9_0',,-3048.519,49252.82,-2785.5552,20.0
SceneComponent,Loot_Dirt_Mound_01a_Spawner_C'map03_p_WP:PersistentLevel.UNP_Loot_Dirt_Mound_01a_e6784b6f4bf9ff8e_0',,11474.316,-5335.3784,-129.51427,20.0
SceneComponent,Loot_Dirt_Mound_01a_Spawner_C'map03_p_WP:PersistentLevel.UNP_Loot_Dirt_Mound_01a_e6b8c70df0c1a501_0',,-9943.028,29087.73,-2069.7532,20.0
SceneComponent,Loot_Dirt_Mound_01a_Spawner_C'map03_p_WP:PersistentLevel.UNP_Loot_Dirt_Mound_01a_e6c09394b3d0445d_0',,-9220.203,-19977.09,4881.277,20.0
SceneComponent,Loot_Dirt_Mound_01a_Spawner_C'map03_p_WP:PersistentLevel.UNP_Loot_Dirt_Mound_01a_e7d49a213af383a5_0',,28493.332,9897.201,1133.1681,20.0
SceneComponent,Loot_Dirt_Mound_01a_Spawner_C'map03_p_WP:PersistentLevel.UNP_Loot_Dirt_Mound_01a_ea7ffb5fbbaf7525_0',,-8229.111,-18453.615,725.59033,20.0
SceneComponent,Loot_Dirt_Mound_01a_Spawner_C'map03_p_WP:PersistentLevel.UNP_Loot_Dirt_Mound_01a_eb3f6aef83b41fcf_0',,-2330.9663,16238.012,-64.6579,20.0
SceneComponent,Loot_Dirt_Mound_01a_Spawner_C'map03_p_WP:PersistentLevel.UNP_Loot_Dirt_Mound_01a_eb887559e9f8a15f_0',,-6911.435,10177.381,-240.42125,20.0
SceneComponent,Loot_Dirt_Mound_01a_Spawner_C'map03_p_WP:PersistentLevel.UNP_Loot_Dirt_Mound_01a_eb9c0deaad7f5e8d_0',,-269.52164,-1052.9155,-642.9141,20.0
SceneComponent,Loot_Dirt_Mound_01a_Spawner_C'map03_p_WP:PersistentLevel.UNP_Loot_Dirt_Mound_01a_ec0f658522ae0ca6_0',,10137.559,5979.716,-600.1459,20.0
SceneComponent,Loot_Dirt_Mound_01a_Spawner_C'map03_p_WP:PersistentLevel.UNP_Loot_Dirt_Mound_01a_ecc3272213f968f3_0',,3998.2363,50049.79,-3123.15,20.0
SceneComponent,Loot_Dirt_Mound_01a_Spawner_C'map03_p_WP:PersistentLevel.UNP_Loot_Dirt_Mound_01a_ee92969560fb3312_0',,6909.621,-3735.2764,77.46154,20.0
SceneComponent,Loot_Dirt_Mound_01a_Spawner_C'map03_p_WP:PersistentLevel.UNP_Loot_Dirt_Mound_01a_f132551d058a2fa7_0',,3269.8394,48118.27,-2982.7463,20.0
SceneComponent,Loot_Dirt_Mound_01a_Spawner_C'map03_p_WP:PersistentLevel.UNP_Loot_Dirt_Mound_01a_f15fb314656a3b82_0',,13019.271,-9971.669,-171.03331,20.0
SceneComponent,Loot_Dirt_Mound_01a_Spawner_C'map03_p_WP:PersistentLevel.UNP_Loot_Dirt_Mound_01a_f275509dac95306c_0',,-9524.472,27837.613,-1734.4503,20.0
SceneComponent,Loot_Dirt_Mound_01a_Spawner_C'map03_p_WP:PersistentLevel.UNP_Loot_Dirt_Mound_01a_f30e4a437d31a3ad_0',,13761.048,23477.025,-1108.6631,20.0
SceneComponent,Loot_Dirt_Mound_01a_Spawner_C'map03_p_WP:PersistentLevel.UNP_Loot_Dirt_Mound_01a_f317d9878575a1ad_0',,-19201.129,7765.846,15.447323,20.0
SceneComponent,Loot_Dirt_Mound_01a_Spawner_C'map03_p_WP:PersistentLevel.UNP_Loot_Dirt_Mound_01a_f45a0dc9ca613635_0',,-17904.58,32877.418,43.336205,20.0
SceneComponent,Loot_Dirt_Mound_01a_Spawner_C'map03_p_WP:PersistentLevel.UNP_Loot_Dirt_Mound_01a_f49fea6251eb4cdc_0',,8785.643,3472.8489,-628.28735,20.0
SceneComponent,Loot_Dirt_Mound_01a_Spawner_C'map03_p_WP:PersistentLevel.UNP_Loot_Dirt_Mound_01a_f4b8b51097b870b0_0',,4983.7476,-5150.8237,92.89381,20.0
SceneComponent,Loot_Dirt_Mound_01a_Spawner_C'map03_p_WP:PersistentLevel.UNP_Loot_Dirt_Mound_01a_f514eb452cbe71b0_0',,-16290.599,27040.264,-1422.5957,20.0
SceneComponent,Loot_Dirt_Mound_01a_Spawner_C'map03_p_WP:PersistentLevel.UNP_Loot_Dirt_Mound_01a_f8685ee101316941_0',,-1788.4575,-14740.25,501.4978,20.0
SceneComponent,Loot_Dirt_Mound_01a_Spawner_C'map03_p_WP:PersistentLevel.UNP_Loot_Dirt_Mound_01a_f941bc3285623c65_0',,-13276.673,30549.467,-1852.4532,20.0
SceneComponent,Loot_Dirt_Mound_01a_Spawner_C'map03_p_WP:PersistentLevel.UNP_Loot_Dirt_Mound_01a_fa6298ef16a52611_0',,9453.971,-13303.551,-194.4762,20.0
SceneComponent,Loot_Dirt_Mound_01a_Spawner_C'map03_p_WP:PersistentLevel.UNP_Loot_Dirt_Mound_01a_fc2ce150de7e9434_0',,-9895.692,34332.15,-2615.9246,20.0
SceneComponent,Loot_Dirt_Mound_01a_Spawner_C'map03_p_WP:PersistentLevel.UNP_Loot_Dirt_Mound_01a_fcbb947bc43449aa_0',,29037.088,-1807.03,-957.17834,20.0
SceneComponent,Loot_Dirt_Mound_01a_Spawner_C'map03_p_WP:PersistentLevel.UNP_Loot_Dirt_Mound_01a_fccd5bcfe259a2d4_0',,-21059.096,35890.5,-26.147366,20.0
SceneComponent,Loot_Dirt_Mound_01a_Spawner_C'map03_p_WP:PersistentLevel.UNP_Loot_Dirt_Mound_01a_fd5acfdacb06c711_0',,51973.37,13271.9375,-647.3097,20.0
SceneComponent,Loot_Dirt_Mound_01a_Spawner_C'map03_p_WP:PersistentLevel.UNP_Loot_Dirt_Mound_01a_fdf3d450bb63c000_0',,6058.1997,-12744.957,-123.36172,20.0
SceneComponent,Loot_Dirt_Mound_01a_Spawner_C'map03_p_WP:PersistentLevel.UNP_Loot_Dirt_Mound_01a_fe5e14ece3108e8f_0',,573.91205,18208.652,-48.60989,20.0
SceneComponent,Loot_DungeonM03_01a_Spawner_C'map03_p_WP:PersistentLevel.Loot_DungeonM03_01a_Spawner_C_UAID_04D9F5F93AD56C8B02_00c96ecbce87a0a2_1678690996',,29767.484,19134.016,-3950.2224,
SceneComponent,Loot_FargothStump_01a_Spawner_C'map03_p_WP:PersistentLevel.Loot_FargothStump_01a_Spawner_C_UAID_D843AE1A93E554CF02_2144098337',,12254.132,-18752.07,-56.142624,
SceneComponent,Loot_FlourSack_01_Spawner_C'map03_p_WP:PersistentLevel.Loot_FlourSack_01_Spawner_C_UAID_046874882494378F02_d30c5cf25f8a0dcb_1828039890',,22410.422,-1760.2758,-946.711,
SceneComponent,Loot_FlourSack_01_Spawner_C'map03_p_WP:PersistentLevel.Loot_FlourSack_01_Spawner_C_UAID_046874882494D77F02_46c6e786a3fd7089_1403680629',,25171.383,42360.86,-2387.057,
SceneComponent,Loot_FlourSack_01_Spawner_C'map03_p_WP:PersistentLevel.UNP_Container_FlourSack_01_UAID_04687488249402DA02_e36b4c37399c2378_2015990149',,38984.797,-14644.267,-5326.3306,
SceneComponent,Loot_FlourSack_01_Spawner_C'map03_p_WP:PersistentLevel.UNP_Container_FlourSack_01_UAID_046874882494118C02_2389606fe4e70095_1336294258',,22846.357,26853.127,-1083.9685,
SceneComponent,Loot_FlourSack_01_Spawner_C'map03_p_WP:PersistentLevel.UNP_Container_FlourSack_01_UAID_046874882494378F02_d30c5cf25f8a0dcb_1818547225',,24774.754,-573.0577,-982.1571,
SceneComponent,Loot_FlourSack_01_Spawner_C'map03_p_WP:PersistentLevel.UNP_Container_FlourSack_01_UAID_046874882494378F02_d30c5cf25f8a0dcb_1819529302',,24913.113,-2203.8787,-982.97363,
SceneComponent,Loot_FlourSack_01_Spawner_C'map03_p_WP:PersistentLevel.UNP_Container_FlourSack_01_UAID_046874882494378F02_d30c5cf25f8a0dcb_1822545545',,23611.232,302.98114,-964.7821,
SceneComponent,Loot_FlourSack_01_Spawner_C'map03_p_WP:PersistentLevel.UNP_Container_FlourSack_01_UAID_0468748824944A8902_35267f9c3545d35c_1898512332',,56455.68,26998.107,-5380.0005,
SceneComponent,Loot_FlourSack_01_Spawner_C'map03_p_WP:PersistentLevel.UNP_Container_FlourSack_01_e720543abc615448_0',,55018.82,34505.094,-5389.1597,
SceneComponent,Loot_FlourSack_01_Spawner_C'map03_p_WP:PersistentLevel.UNP_Loot_FlourSack_01_Spawner_UAID_046874882494378F02_d30c5cf25f8a0dcb_1818272205',,24872.252,-863.46783,-1009.4707,
SceneComponent,Loot_FlourSack_01_Spawner_C'map03_p_WP:PersistentLevel.UNP_Loot_FlourSack_01_Spawner_UAID_046874882494378F02_d30c5cf25f8a0dcb_1819373288',,24435.951,-2085.6492,-1010.28723,
SceneComponent,Loot_FlourSack_01_Spawner_C'map03_p_WP:PersistentLevel.UNP_Loot_FlourSack_01_Spawner_UAID_0468748824943C8F02_90d7047e313b2b81_1677493202',,20253.68,33118.79,-1768.4784,
SceneComponent,Loot_FlourSack_01_Spawner_C'map03_p_WP:PersistentLevel.UNP_Loot_FlourSack_01_Spawner_UAID_046874882494689102_70b069ed0aa90e45_1219700953',,31618.63,22819.883,-5595.326,
SceneComponent,Loot_FlourSack_01_Spawner_C'map03_p_WP:PersistentLevel.UNP_Loot_FlourSack_01_Spawner_UAID_046874882494977D02_c01302f103af8f1c_1269428619',,42028.605,33962.926,-2905.9521,
SceneComponent,Loot_FlourSack_01_Spawner_C'map03_p_WP:PersistentLevel.UNP_Loot_FlourSack_01_Spawner_UAID_046874882494BB8602_92f9112ff1518191_1740752256',,39784.71,-10671.174,-3821.66,
SceneComponent,Loot_FlourSack_01_Spawner_C'map03_p_WP:PersistentLevel.UNP_Loot_FlourSack_01_UAID_046874882494118C02_2389606fe4e70095_1230134473',,27928.004,22759.979,-103.266396,
SceneComponent,Loot_FlourSack_01_Spawner_C'map03_p_WP:PersistentLevel.UNP_Loot_FlourSack_01_UAID_046874882494118C02_2389606fe4e70095_1230139479',,27928.004,22759.979,-103.266396,
SceneComponent,Loot_FlourSack_01_Spawner_C'map03_p_WP:PersistentLevel.UNP_Loot_FlourSack_01_UAID_046874882494118C02_2389606fe4e70095_1230144485',,28178.168,22700.023,-246.71863,
SceneComponent,Loot_FlourSack_01_Spawner_C'map03_p_WP:PersistentLevel.UNP_Loot_FlourSack_01_UAID_046874882494118C02_2389606fe4e70095_1230149496',,28037.371,22649.053,-242.41289,
SceneComponent,Loot_FlourSack_01_Spawner_C'map03_p_WP:PersistentLevel.UNP_Loot_FlourSack_01_UAID_046874882494118C02_2389606fe4e70095_1230481586',,27928.004,22759.979,-103.266396,
SceneComponent,Loot_FlourSack_01_Spawner_C'map03_p_WP:PersistentLevel.UNP_Loot_FlourSack_01_UAID_046874882494118C02_2389606fe4e70095_1378551482',,28608.615,26259.676,-1587.6029,
SceneComponent,Loot_FlourSack_01_Spawner_C'map03_p_WP:PersistentLevel.UNP_Loot_FlourSack_01_UAID_046874882494118C02_2389606fe4e70095_1379933536',,28683.81,25619.096,-1602.9797,
SceneComponent,Loot_FlourSack_01_Spawner_C'map03_p_WP:PersistentLevel.UNP_Loot_FlourSack_01_UAID_046874882494129202_87d6de7cd1afab30_1950678474',,41364.07,14686.542,1683.5776,
SceneComponent,Loot_FlourSack_01_Spawner_C'map03_p_WP:PersistentLevel.UNP_Loot_FlourSack_01_UAID_046874882494129202_87d6de7cd1afab30_1950787480',,40117.305,14439.707,1596.5375,
SceneComponent,Loot_FlourSack_01_Spawner_C'map03_p_WP:PersistentLevel.UNP_Loot_FlourSack_01_UAID_046874882494129202_87d6de7cd1afab30_1951461509',,41749.703,17522.445,1977.6912,
SceneComponent,Loot_FlourSack_01_Spawner_C'map03_p_WP:PersistentLevel.UNP_Loot_FlourSack_01_UAID_046874882494169202_12e65868fd8f26ee_1796536416',,39244.535,21378.25,1664.1204,
SceneComponent,Loot_FlourSack_01_Spawner_C'map03_p_WP:PersistentLevel.UNP_Loot_FlourSack_01_UAID_046874882494169202_12e65868fd8f26ee_1796539418',,39942.754,20039.525,1669.6697,
SceneComponent,Loot_FlourSack_01_Spawner_C'map03_p_WP:PersistentLevel.UNP_Loot_FlourSack_01_UAID_046874882494169202_12e65868fd8f26ee_1796774432',,41801.277,19219.139,1707.087,
SceneComponent,Loot_FlourSack_01_Spawner_C'map03_p_WP:PersistentLevel.UNP_Loot_FlourSack_01_UAID_046874882494169202_12e65868fd8f26ee_1796776434',,44301.844,17485.18,1891.6583,
SceneComponent,Loot_FlourSack_01_Spawner_C'map03_p_WP:PersistentLevel.UNP_Loot_FlourSack_01_UAID_046874882494169202_12e65868fd8f26ee_1799818467',,38704.69,15338.347,1666.5889,
SceneComponent,Loot_FlourSack_01_Spawner_C'map03_p_WP:PersistentLevel.UNP_Loot_FlourSack_01_UAID_046874882494169202_12e65868fd8f26ee_1799958473',,37740.98,17022.855,1663.1077,
SceneComponent,Loot_FlourSack_01_Spawner_C'map03_p_WP:PersistentLevel.UNP_Loot_FlourSack_01_UAID_046874882494169202_12e65868fd8f26ee_1800099479',,35868.99,19985.846,2254.0854,
SceneComponent,Loot_FlourSack_01_Spawner_C'map03_p_WP:PersistentLevel.UNP_Loot_FlourSack_01_UAID_046874882494169202_12e65868fd8f26ee_1800246485',,38896.062,19455.49,2293.1177,
SceneComponent,Loot_FlourSack_01_Spawner_C'map03_p_WP:PersistentLevel.UNP_Loot_FlourSack_01_UAID_046874882494169202_12e65868fd8f26ee_1800385491',,37760.965,18273.752,2254.0854,
SceneComponent,Loot_FlourSack_01_Spawner_C'map03_p_WP:PersistentLevel.UNP_Loot_FlourSack_01_UAID_046874882494169202_12e65868fd8f26ee_1800519497',,35993.664,18264.307,2254.0852,
SceneComponent,Loot_FlourSack_01_Spawner_C'map03_p_WP:PersistentLevel.UNP_Loot_FlourSack_01_UAID_046874882494169202_12e65868fd8f26ee_1800654503',,34760.945,19672.537,2254.0854,
SceneComponent,Loot_FlourSack_01_Spawner_C'map03_p_WP:PersistentLevel.UNP_Loot_FlourSack_01_UAID_046874882494169202_12e65868fd8f26ee_1800803509',,37911.453,20852.393,1664.991,
SceneComponent,Loot_FlourSack_01_Spawner_C'map03_p_WP:PersistentLevel.UNP_Loot_FlourSack_01_UAID_046874882494169202_12e65868fd8f26ee_1800954515',,43102.523,14419.499,1665.4976,
SceneComponent,Loot_FlourSack_01_Spawner_C'map03_p_WP:PersistentLevel.UNP_Loot_FlourSack_01_UAID_046874882494169202_12e65868fd8f26ee_1801100521',,43833.5,12241.149,2257.57,
SceneComponent,Loot_FlourSack_01_Spawner_C'map03_p_WP:PersistentLevel.UNP_Loot_FlourSack_01_UAID_046874882494169202_12e65868fd8f26ee_1801244527',,43775.59,12955.985,2257.3303,
SceneComponent,Loot_FlourSack_01_Spawner_C'map03_p_WP:PersistentLevel.UNP_Loot_FlourSack_01_UAID_046874882494169202_12e65868fd8f26ee_1801383533',,44438.37,14959.215,1664.083,
SceneComponent,Loot_FlourSack_01_Spawner_C'map03_p_WP:PersistentLevel.UNP_Loot_FlourSack_01_UAID_046874882494169202_12e65868fd8f26ee_1802398557',,42997.684,11030.128,2383.3862,
SceneComponent,Loot_FlourSack_01_Spawner_C'map03_p_WP:PersistentLevel.UNP_Loot_FlourSack_01_UAID_046874882494169202_12e65868fd8f26ee_1802574570',,41431.742,13255.023,2348.6492,
SceneComponent,Loot_FlourSack_01_Spawner_C'map03_p_WP:PersistentLevel.UNP_Loot_FlourSack_01_UAID_046874882494169202_12e65868fd8f26ee_1802583574',,42081.516,13827.361,2187.6665,
SceneComponent,Loot_FlourSack_01_Spawner_C'map03_p_WP:PersistentLevel.UNP_Loot_FlourSack_01_UAID_046874882494169202_12e65868fd8f26ee_1802763588',,38975.86,18642.729,2348.6492,
SceneComponent,Loot_FlourSack_01_Spawner_C'map03_p_WP:PersistentLevel.UNP_Loot_FlourSack_01_UAID_046874882494169202_12e65868fd8f26ee_1802773592',,38556.887,17884.945,2187.6665,
SceneComponent,Loot_FlourSack_01_Spawner_C'map03_p_WP:PersistentLevel.UNP_Loot_FlourSack_01_UAID_046874882494169202_12e65868fd8f26ee_1860583758',,37178.668,17401.754,2094.8987,
SceneComponent,Loot_FlourSack_01_Spawner_C'map03_p_WP:PersistentLevel.UNP_Loot_FlourSack_01_UAID_046874882494169202_12e65868fd8f26ee_1865494883',,38395.832,19039.492,2092.7556,
SceneComponent,Loot_FlourSack_01_Spawner_C'map03_p_WP:PersistentLevel.UNP_Loot_FlourSack_01_UAID_046874882494169202_12e65868fd8f26ee_1865504886',,38069.36,18642.416,2044.7906,
SceneComponent,Loot_FlourSack_01_Spawner_C'map03_p_WP:PersistentLevel.UNP_Loot_FlourSack_01_UAID_046874882494169202_12e65868fd8f26ee_1865670896',,46597.664,14733.471,2119.9243,
SceneComponent,Loot_FlourSack_01_Spawner_C'map03_p_WP:PersistentLevel.UNP_Loot_FlourSack_01_UAID_046874882494368F02_9c34f29bae09b13e_1382717649',,-1388.7776,3912.3154,-659.2057,
SceneComponent,Loot_FlourSack_01_Spawner_C'map03_p_WP:PersistentLevel.UNP_Loot_FlourSack_01_UAID_046874882494378F02_d30c5cf25f8a0dcb_1823192570',,24072.447,458.26886,-993.5646,
SceneComponent,Loot_FlourSack_01_Spawner_C'map03_p_WP:PersistentLevel.UNP_Loot_FlourSack_01_UAID_0468748824944A8902_35267f9c3545d35c_1893884148',,56229.934,29911.957,-4851.506,
SceneComponent,Loot_FlourSack_01_Spawner_C'map03_p_WP:PersistentLevel.UNP_Loot_FlourSack_01_UAID_0468748824944A8902_35267f9c3545d35c_1894071155',,56728.496,30432.172,-4468.7744,
SceneComponent,Loot_FlourSack_01_Spawner_C'map03_p_WP:PersistentLevel.UNP_Loot_FlourSack_01_UAID_0468748824944A8902_35267f9c3545d35c_1904840573',,57872.637,29623.598,-4473.327,
SceneComponent,Loot_FlourSack_01_Spawner_C'map03_p_WP:PersistentLevel.UNP_Loot_FlourSack_01_UAID_0468748824944A8902_35267f9c3545d35c_1905032578',,55813.254,33755.027,-5436.1284,
SceneComponent,Loot_FlourSack_01_Spawner_C'map03_p_WP:PersistentLevel.UNP_Loot_FlourSack_01_UAID_0468748824944A8902_35267f9c3545d35c_1905062591',,55653.05,33592.004,-5201.391,
SceneComponent,Loot_FlourSack_01_Spawner_C'map03_p_WP:PersistentLevel.UNP_Loot_FlourSack_01_UAID_0468748824944A8902_35267f9c3545d35c_1905068594',,55808.516,33440.695,-5414.736,
SceneComponent,Loot_FlourSack_01_Spawner_C'map03_p_WP:PersistentLevel.UNP_Loot_FlourSack_01_UAID_0468748824944A8902_35267f9c3545d35c_1905370609',,56123.84,32513.273,-5412.48,
SceneComponent,Loot_FlourSack_01_Spawner_C'map03_p_WP:PersistentLevel.UNP_Loot_FlourSack_01_UAID_0468748824944A8902_35267f9c3545d35c_1905553615',,56379.242,32087.16,-5416.4346,
SceneComponent,Loot_FlourSack_01_Spawner_C'map03_p_WP:PersistentLevel.UNP_Loot_FlourSack_01_UAID_0468748824944A8902_35267f9c3545d35c_1951544748',,55749.652,33490.03,-5439.073,
SceneComponent,Loot_FlourSack_01_Spawner_C'map03_p_WP:PersistentLevel.UNP_Loot_FlourSack_01_UAID_0468748824944A8902_35267f9c3545d35c_1951726754',,55835.035,33509.67,-5627.91,
SceneComponent,Loot_FlourSack_01_Spawner_C'map03_p_WP:PersistentLevel.UNP_Loot_FlourSack_01_UAID_0468748824944A8902_35267f9c3545d35c_1951913760',,55814.758,33752.25,-5629.702,
SceneComponent,Loot_FlourSack_01_Spawner_C'map03_p_WP:PersistentLevel.UNP_Loot_FlourSack_01_UAID_0468748824944E8902_c85329728f06dd80_1143059735',,-15508.382,13977.414,-640.6105,
SceneComponent,Loot_FlourSack_01_Spawner_C'map03_p_WP:PersistentLevel.UNP_Loot_FlourSack_01_UAID_0468748824944E8902_c85329728f06dd80_1143505743',,-15032.928,14038.99,350.77725,
SceneComponent,Loot_FlourSack_01_Spawner_C'map03_p_WP:PersistentLevel.UNP_Loot_FlourSack_01_UAID_0468748824944E8902_c85329728f06dd80_1146461772',,-15118.695,13489.937,351.2645,
SceneComponent,Loot_FlourSack_01_Spawner_C'map03_p_WP:PersistentLevel.UNP_Loot_FlourSack_01_UAID_0468748824944E8902_c85329728f06dd80_1147144783',,-14787.034,13831.687,231.24306,
SceneComponent,Loot_FlourSack_01_Spawner_C'map03_p_WP:PersistentLevel.UNP_Loot_FlourSack_01_UAID_0468748824944E8902_c85329728f06dd80_1147369789',,-14863.051,13765.752,231.24306,
SceneComponent,Loot_FlourSack_01_Spawner_C'map03_p_WP:PersistentLevel.UNP_Loot_FlourSack_01_UAID_0468748824944E8902_c85329728f06dd80_1254905208',,-13133.685,14972.555,-146.81693,
SceneComponent,Loot_FlourSack_01_Spawner_C'map03_p_WP:PersistentLevel.UNP_Loot_FlourSack_01_UAID_0468748824946F9102_ffbd4ee98032c22b_1110423999',,29992.262,17165.254,-1044.8737,
SceneComponent,Loot_FlourSack_01_Spawner_C'map03_p_WP:PersistentLevel.UNP_Loot_FlourSack_01_UAID_046874882494977D02_c01302f103af8f1c_1270056664',,40702.117,32421.723,-2911.2473,
SceneComponent,Loot_FlourSack_01_Spawner_C'map03_p_WP:PersistentLevel.UNP_Loot_FlourSack_01_UAID_046874882494977D02_c01302f103af8f1c_1329884981',,43066.63,30450.13,-2916.4473,
SceneComponent,Loot_FlourSack_01_Spawner_C'map03_p_WP:PersistentLevel.UNP_Loot_FlourSack_01_UAID_046874882494BB8602_92f9112ff1518191_1729043869',,42221.81,-12211.546,-3835.0376,
SceneComponent,Loot_FlourSack_01_Spawner_C'map03_p_WP:PersistentLevel.UNP_Loot_FlourSack_01_UAID_046874882494BB8602_92f9112ff1518191_1891843306',,38413.65,-12963.552,-3841.1023,
SceneComponent,Loot_FlourSack_01_Spawner_C'map03_p_WP:PersistentLevel.UNP_Loot_FlourSack_01_UAID_046874882494BF9102_6eba12598bb1f39f_1348327807',,39751.465,16676.584,-7101.679,
SceneComponent,Loot_FlourSack_01_Spawner_C'map03_p_WP:PersistentLevel.UNP_Loot_FlourSack_01_UAID_046874882494F98A02_2c07323eb2e99beb_1933429396',,31303.803,9082.685,1098.3466,
SceneComponent,Loot_FlourSack_01_Spawner_C'map03_p_WP:PersistentLevel.UNP_Loot_FlourSack_01_UAID_046874882494F98A02_2c07323eb2e99beb_1933836413',,30539.467,8205.069,1101.609,
SceneComponent,Loot_FlourSack_01_Spawner_C'map03_p_WP:PersistentLevel.UNP_Loot_FlourSack_01_UAID_046874882494F98A02_2c07323eb2e99beb_1984902812',,31623.807,10904.794,1102.0194,
SceneComponent,Loot_FlourSack_01_Spawner_C'map03_p_WP:PersistentLevel.UNP_Loot_FlourSack_01_UAID_046874882494F98A02_2c07323eb2e99beb_1985036818',,31395.266,10358.57,1104.5548,
SceneComponent,Loot_FlourSack_01_Spawner_C'map03_p_WP:PersistentLevel.UNP_Loot_FlourSack_01_UAID_046874882494F98A02_2c07323eb2e99beb_1985311830',,30825.287,7952.2188,1124.9309,
SceneComponent,Loot_FlourSack_01_Spawner_C'map03_p_WP:PersistentLevel.UNP_Loot_FlourSack_01_UAID_046874882494F98A02_2c07323eb2e99beb_1985864854',,34370.277,6690.0547,1037.505,
SceneComponent,Loot_FlourSack_01_Spawner_C'map03_p_WP:PersistentLevel.UNP_Loot_FlourSack_01_UAID_046874882494F98A02_2c07323eb2e99beb_1986001860',,34286.48,6559.3228,1101.9279,
SceneComponent,Loot_FlourSack_01_Spawner_C'map03_p_WP:PersistentLevel.UNP_Loot_FlourSack_01_UAID_18C04DA8201B437902_b67ec8a3d8d2e891_1442379525',,-3089.6143,44259.113,-4310.6953,
SceneComponent,Loot_FlourSack_01_Spawner_C'map03_p_WP:PersistentLevel.UNP_Loot_FlourSack_01_UAID_18C04DA8201B437902_b67ec8a3d8d2e891_1443650593',,-7058.093,41979.695,-4435.296,
SceneComponent,Loot_FlourSack_01_Spawner_C'map03_p_WP:PersistentLevel.UNP_Loot_FlourSack_01_UAID_18C04DA8201B437902_b67ec8a3d8d2e891_1444867645',,-6291.4565,39875.766,-4371.4526,
SceneComponent,Loot_FlourSack_01_Spawner_C'map03_p_WP:PersistentLevel.UNP_Loot_FlourSack_01_UAID_18C04DA8201B437902_b67ec8a3d8d2e891_1445271665',,-6223.023,39736.375,-4435.8755,
SceneComponent,Loot_FlourSack_01_Spawner_C'map03_p_WP:PersistentLevel.UNP_Loot_FlourSack_01_UAID_18C04DA8201B437902_b67ec8a3d8d2e891_1446223708',,-2064.7336,42955.668,-2410.549,
SceneComponent,Loot_FlourSack_01_Spawner_C'map03_p_WP:PersistentLevel.UNP_Loot_FlourSack_01_UAID_18C04DA8201B437902_b67ec8a3d8d2e891_1448141833',,-5886.1143,35493.6,-2310.0366,
SceneComponent,Loot_FlourSack_01_Spawner_C'map03_p_WP:PersistentLevel.UNP_Loot_FlourSack_01_UAID_18C04DA8201B447902_b67ec8a3d8d2e891_1480541575',,-3961.5679,42323.73,-4160.437,
SceneComponent,Loot_FlourSack_01_Spawner_C'map03_p_WP:PersistentLevel.UNP_Loot_FlourSack_01_UAID_18C04DA8201B447902_b67ec8a3d8d2e891_1480621581',,-5849.1357,41923.945,-4666.2993,
SceneComponent,Loot_FlourSack_01_Spawner_C'map03_p_WP:PersistentLevel.UNP_Loot_FlourSack_01_UAID_18C04DA8201B447902_b67ec8a3d8d2e891_1480700587',,-3943.4473,34709.098,-2516.4312,
SceneComponent,Loot_FlourSack_01_Spawner_C'map03_p_WP:PersistentLevel.UNP_Loot_FlourSack_01_UAID_18C04DA8201B617102_e866662526208594_1459734680',,35752.125,49042.758,-3556.942,
SceneComponent,Loot_FlourSack_01_Spawner_C'map03_p_WP:PersistentLevel.UNP_Loot_FlourSack_01_UAID_18C04DA8201B617102_e866662526208594_1459872701',,35509.44,50885.176,-3648.2825,
SceneComponent,Loot_FlourSack_01_Spawner_C'map03_p_WP:PersistentLevel.UNP_Loot_FlourSack_01_UAID_18C04DA8201B617102_e866662526208594_1459995720',,37519.953,49911.62,-3640.7021,
SceneComponent,Loot_FlourSack_01_Spawner_C'map03_p_WP:PersistentLevel.UNP_Loot_FlourSack_01_UAID_18C04DA8201B617102_e866662526208594_1460172730',,35480.53,49314.93,-3637.8584,
SceneComponent,Loot_FlourSack_01_Spawner_C'map03_p_WP:PersistentLevel.UNP_Loot_FlourSack_01_UAID_18C04DA8201B637102_e866662526208594_1117258218',,34534.117,50235.664,-3647.6292,
SceneComponent,Loot_FlourSack_01_Spawner_C'map03_p_WP:PersistentLevel.UNP_Loot_FlourSack_01_UAID_18C04DA8201B637102_e866662526208594_1117740267',,40063.727,50159.844,-3628.9065,
SceneComponent,Loot_FlourSack_01_Spawner_C'map03_p_WP:PersistentLevel.UNP_Loot_FlourSack_01_UAID_18C04DA8201BEF7202_91ce05da56308e53_2088864027',,12042.103,47045.668,-3003.71,
SceneComponent,Loot_FlourSack_01_Spawner_C'map03_p_WP:PersistentLevel.UNP_Loot_FlourSack_01_bacad867c9c5e889_0',,23877.4,-173.31934,-1005.8218,
SceneComponent,Loot_FlourSack_01_Spawner_C'map03_p_WP:PersistentLevel.UNP_Loot_FlourSack_01_bacad867c9c5e889_1',,24270.285,421.96506,-1001.98004,
SceneComponent,Loot_FlourSack_01_Spawner_C'map03_p_WP:PersistentLevel.UNP_Loot_FlourSack_01_bacad867c9c5e889_2',,23893.594,407.6407,-912.27795,
SceneComponent,Loot_JewelleryTin_Medium_01a_Spawner_C'map03_p_WP:PersistentLevel.Loot_OpiumBox_01a_Spawner_C_UAID_18C04DA8201B447902_b67ec8a3d8d2e891_1480796601',,-5706.216,37981.277,-2554.8567,
SceneComponent,Loot_JewelleryTin_Small_01a_Spawner_C'map03_p_WP:PersistentLevel.Loot_JewelleryTin_Medium_01a_Spawner_C_UAID_00FF8EFC2BEF4D8902_a44c2e6e6faa7d77_1942246347',,60419.887,6602.423,-1152.3065,
SceneComponent,Loot_JewelleryTin_Small_01a_Spawner_C'map03_p_WP:PersistentLevel.Loot_JewelleryTin_Small_01a_Spawner_C_UAID_046874882494118C02_2389606fe4e70095_1382769220',,15742.333,21712.24,-1042.6302,
SceneComponent,Loot_JewelleryTin_Small_01a_Spawner_C'map03_p_WP:PersistentLevel.Loot_JewelleryTin_Small_01a_Spawner_C_UAID_046874882494118C02_2389606fe4e70095_1383155317',,25399.32,27111.064,-1305.0479,
SceneComponent,Loot_JewelleryTin_Small_01a_Spawner_C'map03_p_WP:PersistentLevel.Loot_OpiumBox_01a_Spawner_C_UAID_18C04DA8201B607102_e866662526208594_2106863121',,36169.105,47659.76,-3603.4717,
SceneComponent,Loot_Jug_01a_Spawner_C'map03_p_WP:PersistentLevel.Loot_Jug_01a_Spawner_C_UAID_0468748824944A8902_35267f9c3545d35c_1899995403',,55792.58,29228.96,-4619.2197,
SceneComponent,Loot_Jug_01a_Spawner_C'map03_p_WP:PersistentLevel.Loot_Jug_01a_Spawner_C_UAID_0468748824944A8902_35267f9c3545d35c_1900201417',,56784.35,29902.861,-4629.4116,
SceneComponent,Loot_Jug_01a_Spawner_C'map03_p_WP:PersistentLevel.Loot_Jug_01a_Spawner_C_UAID_0468748824944A8902_35267f9c3545d35c_1900417434',,57333.51,29150.377,-4622.192,
SceneComponent,Loot_Jug_01a_Spawner_C'map03_p_WP:PersistentLevel.Loot_Jug_01a_Spawner_C_UAID_0468748824944A8902_35267f9c3545d35c_1900629448',,57447.71,30263.678,-4627.848,
SceneComponent,Loot_Jug_01a_Spawner_C'map03_p_WP:PersistentLevel.Loot_Jug_01a_Spawner_C_UAID_0468748824944E8902_c85329728f06dd80_1226874494',,-15994.915,13809.887,531.2984,
SceneComponent,Loot_Jug_01a_Spawner_C'map03_p_WP:PersistentLevel.Loot_Jug_01a_Spawner_C_UAID_0468748824944E8902_c85329728f06dd80_1227100501',,-15516.103,14225.525,517.4002,
SceneComponent,Loot_Kindling_01a_Spawner_C'map03_p_WP:PersistentLevel.Loot_Kindling_01a_Spawner_C_UAID_04D9F5F93AD5E85602_00bbfbf2603ca7c5_1081940766',,22627.367,10534.887,361.7637,
SceneComponent,Loot_Kindling_01a_Spawner_C'map03_p_WP:PersistentLevel.Loot_Kindling_01a_Spawner_C_UAID_04D9F5F93AD5E85602_0199a6fdbabff49b_1081940766',,30416.195,46687.58,-3654.2185,
SceneComponent,Loot_Kindling_01a_Spawner_C'map03_p_WP:PersistentLevel.Loot_Kindling_01a_Spawner_C_UAID_04D9F5F93AD5E85602_027c90f8705a752f_1081940766',,58831.188,20268.422,-2695.1855,
SceneComponent,Loot_Kindling_01a_Spawner_C'map03_p_WP:PersistentLevel.Loot_Kindling_01a_Spawner_C_UAID_04D9F5F93AD5E85602_02f51f5ca109d340_1081940766',,11656.239,-7136.762,-157.40056,
SceneComponent,Loot_Kindling_01a_Spawner_C'map03_p_WP:PersistentLevel.Loot_Kindling_01a_Spawner_C_UAID_04D9F5F93AD5E85602_066098f7cb8e5f7a_1081940766',,29871.248,32970.22,-2132.2183,
SceneComponent,Loot_Kindling_01a_Spawner_C'map03_p_WP:PersistentLevel.Loot_Kindling_01a_Spawner_C_UAID_04D9F5F93AD5E85602_07227bf2c1055211_1081940766',,-10242.221,46649.777,-2580.2368,
SceneComponent,Loot_Kindling_01a_Spawner_C'map03_p_WP:PersistentLevel.Loot_Kindling_01a_Spawner_C_UAID_04D9F5F93AD5E85602_0a89ff0b5d3f8861_1081940766',,58973.17,15541.006,-2726.4744,
SceneComponent,Loot_Kindling_01a_Spawner_C'map03_p_WP:PersistentLevel.Loot_Kindling_01a_Spawner_C_UAID_04D9F5F93AD5E85602_1498c6bcbb68b211_1081940766',,3008.0742,49429.15,-3058.5022,
SceneComponent,Loot_Kindling_01a_Spawner_C'map03_p_WP:PersistentLevel.Loot_Kindling_01a_Spawner_C_UAID_04D9F5F93AD5E85602_152a8f94a62cb297_1081940766',,-18157.355,34847.52,38.0953,
SceneComponent,Loot_Kindling_01a_Spawner_C'map03_p_WP:PersistentLevel.Loot_Kindling_01a_Spawner_C_UAID_04D9F5F93AD5E85602_16db07e943acaa06_1081940766',,32499.27,45660.41,-3727.107,
SceneComponent,Loot_Kindling_01a_Spawner_C'map03_p_WP:PersistentLevel.Loot_Kindling_01a_Spawner_C_UAID_04D9F5F93AD5E85602_184b21bcd6b5d100_1081940766',,3722.9656,-6450.984,41.61552,
SceneComponent,Loot_Kindling_01a_Spawner_C'map03_p_WP:PersistentLevel.Loot_Kindling_01a_Spawner_C_UAID_04D9F5F93AD5E85602_19943a331df0bbef_1081940766',,26196.393,680.9905,-982.95276,
SceneComponent,Loot_Kindling_01a_Spawner_C'map03_p_WP:PersistentLevel.Loot_Kindling_01a_Spawner_C_UAID_04D9F5F93AD5E85602_19d666035b4a969e_1081940766',,20335.602,40995.562,-2071.8271,
SceneComponent,Loot_Kindling_01a_Spawner_C'map03_p_WP:PersistentLevel.Loot_Kindling_01a_Spawner_C_UAID_04D9F5F93AD5E85602_1b805e21be67cf32_1081940766',,274.29044,49545.836,-2975.8804,
SceneComponent,Loot_Kindling_01a_Spawner_C'map03_p_WP:PersistentLevel.Loot_Kindling_01a_Spawner_C_UAID_04D9F5F93AD5E85602_1d3034e5c1b28599_1081940766',,27962.004,-595.2601,-960.8837,
SceneComponent,Loot_Kindling_01a_Spawner_C'map03_p_WP:PersistentLevel.Loot_Kindling_01a_Spawner_C_UAID_04D9F5F93AD5E85602_1f82be4675bcfe32_1081940766',,7246.745,-9097.993,-103.85461,
SceneComponent,Loot_Kindling_01a_Spawner_C'map03_p_WP:PersistentLevel.Loot_Kindling_01a_Spawner_C_UAID_04D9F5F93AD5E85602_230cc9d877550326_1081940766',,49798.383,13562.773,-651.015,
SceneComponent,Loot_Kindling_01a_Spawner_C'map03_p_WP:PersistentLevel.Loot_Kindling_01a_Spawner_C_UAID_04D9F5F93AD5E85602_24f0ae58c07ab4a7_1081940766',,7046.1016,-6889.547,10.459469,
SceneComponent,Loot_Kindling_01a_Spawner_C'map03_p_WP:PersistentLevel.Loot_Kindling_01a_Spawner_C_UAID_04D9F5F93AD5E85602_2609f4d1d02996c9_1081940766',,-10261.252,41818.312,-2601.6772,
SceneComponent,Loot_Kindling_01a_Spawner_C'map03_p_WP:PersistentLevel.Loot_Kindling_01a_Spawner_C_UAID_04D9F5F93AD5E85602_26bca98c3bc21f65_1081940766',,-10876.4,-14795.235,1164.3894,
SceneComponent,Loot_Kindling_01a_Spawner_C'map03_p_WP:PersistentLevel.Loot_Kindling_01a_Spawner_C_UAID_04D9F5F93AD5E85602_275846b15c35d52e_1081940766',,29404.096,-19686.793,-2279.442,
SceneComponent,Loot_Kindling_01a_Spawner_C'map03_p_WP:PersistentLevel.Loot_Kindling_01a_Spawner_C_UAID_04D9F5F93AD5E85602_27b9f45235177406_1081940766',,-4532.346,-10200.74,423.2219,
SceneComponent,Loot_Kindling_01a_Spawner_C'map03_p_WP:PersistentLevel.Loot_Kindling_01a_Spawner_C_UAID_04D9F5F93AD5E85602_2a55e2eb19857f6f_1081940766',,-19571.172,5386.488,151.77122,
SceneComponent,Loot_Kindling_01a_Spawner_C'map03_p_WP:PersistentLevel.Loot_Kindling_01a_Spawner_C_UAID_04D9F5F93AD5E85602_2cb31065dda6ef50_1081940766',,-7213.1587,11684.762,-123.944534,
SceneComponent,Loot_Kindling_01a_Spawner_C'map03_p_WP:PersistentLevel.Loot_Kindling_01a_Spawner_C_UAID_04D9F5F93AD5E85602_2dba8f448c1890ab_1081940766',,29458.602,-18.113117,-960.88367,
SceneComponent,Loot_Kindling_01a_Spawner_C'map03_p_WP:PersistentLevel.Loot_Kindling_01a_Spawner_C_UAID_04D9F5F93AD5E85602_2fe1ddc005042704_1081940766',,4645.5947,51556.65,-3230.4172,
SceneComponent,Loot_Kindling_01a_Spawner_C'map03_p_WP:PersistentLevel.Loot_Kindling_01a_Spawner_C_UAID_04D9F5F93AD5E85602_30605cea70a6b4f6_1081940766',,-11992.944,-11938.237,1186.1079,
SceneComponent,Loot_Kindling_01a_Spawner_C'map03_p_WP:PersistentLevel.Loot_Kindling_01a_Spawner_C_UAID_04D9F5F93AD5E85602_33460ce73b1a902d_1081940766',,-12374.529,40842.492,-2598.9624,
SceneComponent,Loot_Kindling_01a_Spawner_C'map03_p_WP:PersistentLevel.Loot_Kindling_01a_Spawner_C_UAID_04D9F5F93AD5E85602_3974a14bb10b0e44_1081940766',,-19450.299,11308.062,-128.30188,
SceneComponent,Loot_Kindling_01a_Spawner_C'map03_p_WP:PersistentLevel.Loot_Kindling_01a_Spawner_C_UAID_04D9F5F93AD5E85602_3bbfeac3bb1ffb34_1081940766',,21413.758,-9805.066,-1189.841,
SceneComponent,Loot_Kindling_01a_Spawner_C'map03_p_WP:PersistentLevel.Loot_Kindling_01a_Spawner_C_UAID_04D9F5F93AD5E85602_43b4701b4c855041_1081940766',,12081.96,-13417.629,-206.93904,
SceneComponent,Loot_Kindling_01a_Spawner_C'map03_p_WP:PersistentLevel.Loot_Kindling_01a_Spawner_C_UAID_04D9F5F93AD5E85602_4aa21e7724921762_1081940766',,28011.514,-10179.234,-2376.9995,
SceneComponent,Loot_Kindling_01a_Spawner_C'map03_p_WP:PersistentLevel.Loot_Kindling_01a_Spawner_C_UAID_04D9F5F93AD5E85602_4dfd252aeeb969c0_1081940766',,-1984.1525,-9420.78,406.308,
SceneComponent,Loot_Kindling_01a_Spawner_C'map03_p_WP:PersistentLevel.Loot_Kindling_01a_Spawner_C_UAID_04D9F5F93AD5E85602_543c6200c580bd7f_1081940766',,42096.53,58520.145,-3680.4692,
SceneComponent,Loot_Kindling_01a_Spawner_C'map03_p_WP:PersistentLevel.Loot_Kindling_01a_Spawner_C_UAID_04D9F5F93AD5E85602_5572fa001372036a_1081940766',,6703.0923,3919.8347,-603.85126,
SceneComponent,Loot_Kindling_01a_Spawner_C'map03_p_WP:PersistentLevel.Loot_Kindling_01a_Spawner_C_UAID_04D9F5F93AD5E85602_5bab36c05c0da029_1081940766',,-5379.9526,16285.252,-43.90469,
SceneComponent,Loot_Kindling_01a_Spawner_C'map03_p_WP:PersistentLevel.Loot_Kindling_01a_Spawner_C_UAID_04D9F5F93AD5E85602_5bb0400d5274a1ca_1081940766',,17885.162,29994.041,-1807.6431,
SceneComponent,Loot_Kindling_01a_Spawner_C'map03_p_WP:PersistentLevel.Loot_Kindling_01a_Spawner_C_UAID_04D9F5F93AD5E85602_5e012efb0afdeba4_1081940766',,28749.594,47798.785,-3640.4785,
SceneComponent,Loot_Kindling_01a_Spawner_C'map03_p_WP:PersistentLevel.Loot_Kindling_01a_Spawner_C_UAID_04D9F5F93AD5E85602_5ef86386dad58889_1081940766',,22052.48,-7204.756,-1296.0195,
SceneComponent,Loot_Kindling_01a_Spawner_C'map03_p_WP:PersistentLevel.Loot_Kindling_01a_Spawner_C_UAID_04D9F5F93AD5E85602_5f462b5d8c7fd6cf_1081940766',,51563.598,-7225.869,-4196.5576,
SceneComponent,Loot_Kindling_01a_Spawner_C'map03_p_WP:PersistentLevel.Loot_Kindling_01a_Spawner_C_UAID_04D9F5F93AD5E85602_60408c87fe7e2db7_1081940766',,6607.734,-11092.86,-100.22687,
SceneComponent,Loot_Kindling_01a_Spawner_C'map03_p_WP:PersistentLevel.Loot_Kindling_01a_Spawner_C_UAID_04D9F5F93AD5E85602_608d6fff7c4985c4_1081940766',,27344.662,10882.5625,1131.768,
SceneComponent,Loot_Kindling_01a_Spawner_C'map03_p_WP:PersistentLevel.Loot_Kindling_01a_Spawner_C_UAID_04D9F5F93AD5E85602_6321a2a9add6a258_1081940766',,-10248.439,14613.84,-120.525375,
SceneComponent,Loot_Kindling_01a_Spawner_C'map03_p_WP:PersistentLevel.Loot_Kindling_01a_Spawner_C_UAID_04D9F5F93AD5E85602_63abc86bfbec4f91_1081940766',,5692.936,48708.883,-3055.1135,
SceneComponent,Loot_Kindling_01a_Spawner_C'map03_p_WP:PersistentLevel.Loot_Kindling_01a_Spawner_C_UAID_04D9F5F93AD5E85602_662c659b85a08435_1081940766',,-6679.096,-6488.122,357.02887,
SceneComponent,Loot_Kindling_01a_Spawner_C'map03_p_WP:PersistentLevel.Loot_Kindling_01a_Spawner_C_UAID_04D9F5F93AD5E85602_66beb5a8bb944851_1081940766',,-22051.195,31134.516,-11.210622,
SceneComponent,Loot_Kindling_01a_Spawner_C'map03_p_WP:PersistentLevel.Loot_Kindling_01a_Spawner_C_UAID_04D9F5F93AD5E85602_6be4a3703aa779d5_1081940766',,-11016.99,8181.1147,-219.78278,
SceneComponent,Loot_Kindling_01a_Spawner_C'map03_p_WP:PersistentLevel.Loot_Kindling_01a_Spawner_C_UAID_04D9F5F93AD5E85602_6e88c9bf3d2b6a45_1081940766',,40218.68,59505.215,-3527.6064,
SceneComponent,Loot_Kindling_01a_Spawner_C'map03_p_WP:PersistentLevel.Loot_Kindling_01a_Spawner_C_UAID_04D9F5F93AD5E85602_73c574e1e47e4225_1081940766',,-10476.421,9703.768,-191.74628,
SceneComponent,Loot_Kindling_01a_Spawner_C'map03_p_WP:PersistentLevel.Loot_Kindling_01a_Spawner_C_UAID_04D9F5F93AD5E85602_7de613dde6f083e7_1081940766',,8661.853,-14788.755,-150.72403,
SceneComponent,Loot_Kindling_01a_Spawner_C'map03_p_WP:PersistentLevel.Loot_Kindling_01a_Spawner_C_UAID_04D9F5F93AD5E85602_82bcf12c679aaf8a_1081940766',,-4031.2979,15411.323,-70.923,
SceneComponent,Loot_Kindling_01a_Spawner_C'map03_p_WP:PersistentLevel.Loot_Kindling_01a_Spawner_C_UAID_04D9F5F93AD5E85602_86ae4c6b6edbb75f_1081940766',,-13062.812,9179.432,-103.98371,
SceneComponent,Loot_Kindling_01a_Spawner_C'map03_p_WP:PersistentLevel.Loot_Kindling_01a_Spawner_C_UAID_04D9F5F93AD5E85602_8b4f584eee92d44a_1081940766',,16181.488,25016.824,-1360.0851,
SceneComponent,Loot_Kindling_01a_Spawner_C'map03_p_WP:PersistentLevel.Loot_Kindling_01a_Spawner_C_UAID_04D9F5F93AD5E85602_8c5d158e6e24c828_1081940766',,22331.742,33710.523,-1741.461,
SceneComponent,Loot_Kindling_01a_Spawner_C'map03_p_WP:PersistentLevel.Loot_Kindling_01a_Spawner_C_UAID_04D9F5F93AD5E85602_929f59472065ed1f_1081940766',,-2481.7373,638.8653,-606.8765,
SceneComponent,Loot_Kindling_01a_Spawner_C'map03_p_WP:PersistentLevel.Loot_Kindling_01a_Spawner_C_UAID_04D9F5F93AD5E85602_96fef2cc515633d3_1081940766',,37511.363,55194.457,-3603.0405,
SceneComponent,Loot_Kindling_01a_Spawner_C'map03_p_WP:PersistentLevel.Loot_Kindling_01a_Spawner_C_UAID_04D9F5F93AD5E85602_978a6b61ef515b08_1081940766',,24766.326,-15161.879,-2486.4294,
SceneComponent,Loot_Kindling_01a_Spawner_C'map03_p_WP:PersistentLevel.Loot_Kindling_01a_Spawner_C_UAID_04D9F5F93AD5E85602_9f056a285bb1383e_1081940766',,16264.771,55601.727,-3803.8816,
SceneComponent,Loot_Kindling_01a_Spawner_C'map03_p_WP:PersistentLevel.Loot_Kindling_01a_Spawner_C_UAID_04D9F5F93AD5E85602_a266635abc9e13d4_1081940766',,-2312.4604,33501.484,-2567.6443,
SceneComponent,Loot_Kindling_01a_Spawner_C'map03_p_WP:PersistentLevel.Loot_Kindling_01a_Spawner_C_UAID_04D9F5F93AD5E85602_a46d2591e99e4bd3_1081940766',,37948.74,37627.727,-2838.911,
SceneComponent,Loot_Kindling_01a_Spawner_C'map03_p_WP:PersistentLevel.Loot_Kindling_01a_Spawner_C_UAID_04D9F5F93AD5E85602_a4a370a890cc3cd2_1081940766',,-9861.339,12007.991,-140.04251,
SceneComponent,Loot_Kindling_01a_Spawner_C'map03_p_WP:PersistentLevel.Loot_Kindling_01a_Spawner_C_UAID_04D9F5F93AD5E85602_a54d3e98fe7cc8d1_1081940766',,17814.014,56406.887,-3765.9094,
SceneComponent,Loot_Kindling_01a_Spawner_C'map03_p_WP:PersistentLevel.Loot_Kindling_01a_Spawner_C_UAID_04D9F5F93AD5E85602_aca3e254e880a9bb_1081940766',,53255.105,8212.464,-651.015,
SceneComponent,Loot_Kindling_01a_Spawner_C'map03_p_WP:PersistentLevel.Loot_Kindling_01a_Spawner_C_UAID_04D9F5F93AD5E85602_b321499a77def8e5_1081940766',,-20641.38,6353.738,91.73804,
SceneComponent,Loot_Kindling_01a_Spawner_C'map03_p_WP:PersistentLevel.Loot_Kindling_01a_Spawner_C_UAID_04D9F5F93AD5E85602_b748c54ddec73ebe_1081940766',,-20479.592,32097.996,-11.210622,
SceneComponent,Loot_Kindling_01a_Spawner_C'map03_p_WP:PersistentLevel.Loot_Kindling_01a_Spawner_C_UAID_04D9F5F93AD5E85602_b85fb48da68f08b8_1081940766',,-17650.354,8952.896,-30.955988,
SceneComponent,Loot_Kindling_01a_Spawner_C'map03_p_WP:PersistentLevel.Loot_Kindling_01a_Spawner_C_UAID_04D9F5F93AD5E85602_be25ef3c6517e539_1081940766',,25927.791,50067.2,-3767.9927,
SceneComponent,Loot_Kindling_01a_Spawner_C'map03_p_WP:PersistentLevel.Loot_Kindling_01a_Spawner_C_UAID_04D9F5F93AD5E85602_bffb006716a36a31_1081940766',,12132.905,5993.306,-629.0255,
SceneComponent,Loot_Kindling_01a_Spawner_C'map03_p_WP:PersistentLevel.Loot_Kindling_01a_Spawner_C_UAID_04D9F5F93AD5E85602_c132c06b4c3aa215_1081940766',,33325.844,-17658.016,-2279.442,
SceneComponent,Loot_Kindling_01a_Spawner_C'map03_p_WP:PersistentLevel.Loot_Kindling_01a_Spawner_C_UAID_04D9F5F93AD5E85602_c3bcd1e52b3f975e_1081940766',,16484.545,32247.873,-1720.9017,
SceneComponent,Loot_Kindling_01a_Spawner_C'map03_p_WP:PersistentLevel.Loot_Kindling_01a_Spawner_C_UAID_04D9F5F93AD5E85602_c88cebdc88b1acd6_1081940766',,14028.218,35730.54,-643.6687,
SceneComponent,Loot_Kindling_01a_Spawner_C'map03_p_WP:PersistentLevel.Loot_Kindling_01a_Spawner_C_UAID_04D9F5F93AD5E85602_c9b5db77e5baeb2e_1081940766',,47143.86,8775.339,-733.1437,
SceneComponent,Loot_Kindling_01a_Spawner_C'map03_p_WP:PersistentLevel.Loot_Kindling_01a_Spawner_C_UAID_04D9F5F93AD5E85602_cd13d604dd27b552_1081940766',,39835.613,36354.562,-2838.911,
SceneComponent,Loot_Kindling_01a_Spawner_C'map03_p_WP:PersistentLevel.Loot_Kindling_01a_Spawner_C_UAID_04D9F5F93AD5E85602_cd6b4fa576c644c5_1081940766',,21694.527,-13844.587,-1266.1018,
SceneComponent,Loot_Kindling_01a_Spawner_C'map03_p_WP:PersistentLevel.Loot_Kindling_01a_Spawner_C_UAID_04D9F5F93AD5E85602_ce55a65735671236_1081940766',,19497.041,51463.89,-3746.423,
SceneComponent,Loot_Kindling_01a_Spawner_C'map03_p_WP:PersistentLevel.Loot_Kindling_01a_Spawner_C_UAID_04D9F5F93AD5E85602_da1d10d3f6745405_1081940766',,31505.244,-18258.178,-2279.442,
SceneComponent,Loot_Kindling_01a_Spawner_C'map03_p_WP:PersistentLevel.Loot_Kindling_01a_Spawner_C_UAID_04D9F5F93AD5E85602_dcdbe982c7b717ff_1081940766',,37783.688,36208.47,-2838.911,
SceneComponent,Loot_Kindling_01a_Spawner_C'map03_p_WP:PersistentLevel.Loot_Kindling_01a_Spawner_C_UAID_04D9F5F93AD5E85602_e22fde2c163019eb_1081940766',,15445.344,31035.67,-1764.9995,
SceneComponent,Loot_Kindling_01a_Spawner_C'map03_p_WP:PersistentLevel.Loot_Kindling_01a_Spawner_C_UAID_04D9F5F93AD5E85602_e3f8f5d307a6062e_1081940766',,19673.83,-11714.984,-1055.2625,
SceneComponent,Loot_Kindling_01a_Spawner_C'map03_p_WP:PersistentLevel.Loot_Kindling_01a_Spawner_C_UAID_04D9F5F93AD5E85602_e496b8e7e25864ab_1081940766',,28364.514,30391.45,-2068.2004,
SceneComponent,Loot_Kindling_01a_Spawner_C'map03_p_WP:PersistentLevel.Loot_Kindling_01a_Spawner_C_UAID_04D9F5F93AD5E85602_e49ac1e209e302b2_1081940766',,-10844.696,28301.91,-1858.3391,
SceneComponent,Loot_Kindling_01a_Spawner_C'map03_p_WP:PersistentLevel.Loot_Kindling_01a_Spawner_C_UAID_04D9F5F93AD5E85602_e4a5baa4f91aee34_1081940766',,-6588.848,14230.401,-135.47125,
SceneComponent,Loot_Kindling_01a_Spawner_C'map03_p_WP:PersistentLevel.Loot_Kindling_01a_Spawner_C_UAID_04D9F5F93AD5E85602_e6c09394b3d0445d_1081940766',,-9836.627,-20207.04,4877.572,
SceneComponent,Loot_Kindling_01a_Spawner_C'map03_p_WP:PersistentLevel.Loot_Kindling_01a_Spawner_C_UAID_04D9F5F93AD5E85602_ec0f658522ae0ca6_1081940766',,9655.036,6426.96,-603.85126,
SceneComponent,Loot_Kindling_01a_Spawner_C'map03_p_WP:PersistentLevel.Loot_Kindling_01a_Spawner_C_UAID_04D9F5F93AD5E85602_ecc3272213f968f3_1081940766',,4588.6133,49761.375,-3089.3542,
SceneComponent,Loot_Kindling_01a_Spawner_C'map03_p_WP:PersistentLevel.Loot_Kindling_01a_Spawner_C_UAID_04D9F5F93AD5E85602_f15fb314656a3b82_1081940766',,13215.635,-9343.73,-173.16557,
SceneComponent,Loot_Kindling_01a_Spawner_C'map03_p_WP:PersistentLevel.Loot_Kindling_01a_Spawner_C_UAID_04D9F5F93AD5E85602_f317d9878575a1ad_1081940766',,-18990.912,8389.156,2.7127593,
SceneComponent,Loot_Kindling_01a_Spawner_C'map03_p_WP:PersistentLevel.Loot_Kindling_01a_Spawner_C_UAID_04D9F5F93AD5E85602_f49fea6251eb4cdc_1081940766',,8209.509,3155.15,-625.8315,
SceneComponent,Loot_Kindling_01a_Spawner_C'map03_p_WP:PersistentLevel.Loot_Kindling_01a_Spawner_C_UAID_04D9F5F93AD5E85602_f4b8b51097b870b0_1081940766',,5609.7773,-5353.185,90.58207,
SceneComponent,Loot_Kindling_01a_Spawner_C'map03_p_WP:PersistentLevel.Loot_Kindling_01a_Spawner_C_UAID_04D9F5F93AD5E85602_f514eb452cbe71b0_1081940766',,-15794.228,26608.713,-1438.3265,
SceneComponent,Loot_Kindling_01a_Spawner_C'map03_p_WP:PersistentLevel.Loot_Kindling_01a_Spawner_C_UAID_04D9F5F93AD5E85602_fa6298ef16a52611_1081940766',,9819.27,-13849.806,-226.58972,
SceneComponent,Loot_Kindling_01a_Spawner_C'map03_p_WP:PersistentLevel.Loot_Kindling_01a_Spawner_C_UAID_04D9F5F93AD5E85602_fcbb947bc43449aa_1081940766',,28433.299,-1545.6975,-960.88367,
SceneComponent,Loot_Kindling_01a_Spawner_C'map03_p_WP:PersistentLevel.Loot_Kindling_01a_Spawner_C_UAID_04D9F5F93AD5E85602_fd5acfdacb06c711_1081940766',,51340.996,13090.401,-651.015,
SceneComponent,Loot_Kindling_01a_Spawner_C'map03_p_WP:PersistentLevel.Loot_Kindling_01a_Spawner_C_UAID_04D9F5F93AD5E85602_fdf3d450bb63c000_1081940766',,6374.049,-13321.683,-145.64262,
SceneComponent,Loot_Latrine_01a_Spawner_C'map03_p_WP:PersistentLevel.Loot_Latrine_01a_Spawner_C_UAID_0468748824944E8902_c85329728f06dd80_1257743244',,-12941.802,15316.494,-232.32753,
SceneComponent,Loot_Latrine_01a_Spawner_C'map03_p_WP:PersistentLevel.Loot_Latrine_01a_Spawner_C_UAID_18C04DA8201B447902_b67ec8a3d8d2e891_1478302423',,-7411.1855,36914.434,-2684.2363,
SceneComponent,Loot_Latrine_01a_Spawner_C'map03_p_WP:PersistentLevel.Loot_Latrine_01a_Spawner_C_UAID_18C04DA8201B447902_b67ec8a3d8d2e891_1480793599',,-5700.4556,37983.477,-2549.1633,
SceneComponent,Loot_Latrine_01a_Spawner_C'map03_p_WP:PersistentLevel.Loot_Latrine_01a_Spawner_C_UAID_18C04DA8201B617102_e866662526208594_1115794334',,34838.43,51223.305,-3742.2637,
SceneComponent,Loot_Latrine_01a_Spawner_C'map03_p_WP:PersistentLevel.Loot_Latrine_01a_Spawner_C_UAID_18C04DA8201BEF7202_91ce05da56308e53_1169350370',,12486.162,45644.68,-2986.5723,
SceneComponent,Loot_Latrine_01a_Spawner_C'map03_p_WP:PersistentLevel.Loot_Latrine_01a_Spawner_C_UAID_18C04DA8201BF07202_91ce05da56308e53_1204628225',,10676.209,46530.332,-3107.19,
SceneComponent,Loot_LedgerDesk_Medium_01a_Spawner_C'map03_p_WP:PersistentLevel.Loot_LedgerDesk_Medium_01a_Spawner_C_35267f9c3545d35c_1',,57556.254,29699.662,-4850.516,
SceneComponent,Loot_LedgerDesk_Medium_01a_Spawner_C'map03_p_WP:PersistentLevel.Loot_LedgerDesk_Medium_01a_Spawner_C_UAID_04D9F5F93AD5953102_0937f42e405261d3_1196292663',,-12096.451,-541.75574,2852.295,
SceneComponent,Loot_LedgerDesk_Medium_01a_Spawner_C'map03_p_WP:PersistentLevel.Loot_LedgerDesk_Medium_01a_Spawner_C_UAID_04D9F5F93AD5953102_37a28efbd26adc60_1196292663',,14758.854,-13061.272,1183.6736,
SceneComponent,Loot_LedgerDesk_Medium_01a_Spawner_C'map03_p_WP:PersistentLevel.Loot_LedgerDesk_Medium_01a_Spawner_C_UAID_04D9F5F93AD5953102_9b091094a2e3f407_1196292663',,-13284.985,47459.043,-1319.1649,
SceneComponent,Loot_LedgerDesk_Medium_01a_Spawner_C'map03_p_WP:PersistentLevel.Loot_LedgerDesk_Medium_01a_Spawner_C_UAID_04D9F5F93AD5953102_ab5027526005fa55_1196292663',,60727.316,17480.33,-1406.0261,
SceneComponent,Loot_LedgerDesk_Medium_01a_Spawner_C'map03_p_WP:PersistentLevel.Loot_LedgerDesk_Medium_01a_Spawner_C_c85329728f06dd80_1',,-15059.565,14592.066,348.5653,
SceneComponent,Loot_LedgerDesk_Medium_02a_Spawner_C'map03_p_WP:PersistentLevel.Loot_LedgerDesk_Medium_02a_Spawner_C_UAID_0468748824944A8902_35267f9c3545d35c_1895911181',,57221.992,29424.164,-4849.692,
SceneComponent,Loot_LedgerDesk_Medium_02a_Spawner_C'map03_p_WP:PersistentLevel.Loot_LedgerDesk_Medium_02a_Spawner_C_UAID_0468748824944E8902_c85329728f06dd80_1244087127',,-15077.91,14104.875,349.79205,
SceneComponent,Loot_MedicalBag_Medium_01a_Spawner_C'map03_p_WP:PersistentLevel.Loot_MedicalBag_Medium_01a_Spawner_C_UAID_046874882494169202_12e65868fd8f26ee_1802386552',,43148.63,11664.634,2226.9377,
SceneComponent,Loot_MedicalBag_Medium_01a_Spawner_C'map03_p_WP:PersistentLevel.Loot_MedicalBag_Medium_01a_Spawner_C_UAID_0468748824941D8B02_2c07323eb2e99beb_1278524831',,30733.45,8561.753,1653.0034,20.0
SceneComponent,Loot_MedicalBag_Medium_01a_Spawner_C'map03_p_WP:PersistentLevel.Loot_MedicalBag_Medium_01a_Spawner_C_UAID_046874882494907E02_f6ac66adf17bf997_1360713997',,-20475.154,23568.52,-1480.7494,
SceneComponent,Loot_MedicalBag_Medium_01a_Spawner_C'map03_p_WP:PersistentLevel.Loot_MedicalBag_Medium_01a_Spawner_C_UAID_046874882494977D02_c01302f103af8f1c_1270702795',,42798.3,31458.764,-2364.633,20.0
SceneComponent,Loot_MedicalBag_Medium_01a_Spawner_C'map03_p_WP:PersistentLevel.Loot_MedicalBag_Medium_01a_Spawner_C_UAID_046874882494AD8D02_e866662526208594_1996690747',,36362.5,47757.605,-3638.8826,
SceneComponent,Loot_MedicalBag_Medium_01a_Spawner_C'map03_p_WP:PersistentLevel.Loot_MedicalBag_Medium_01a_Spawner_C_UAID_046874882494AD8D02_e866662526208594_1998459877',,36690.414,49835.13,-3530.2627,
SceneComponent,Loot_MedicalBag_Medium_01a_Spawner_C'map03_p_WP:PersistentLevel.Loot_MedicalBag_Medium_01a_Spawner_C_UAID_046874882494AD8D02_e866662526208594_1998713886',,38693.082,50716.945,-3634.949,
SceneComponent,Loot_MedicalBag_Medium_01a_Spawner_C'map03_p_WP:PersistentLevel.Loot_MedicalBag_Medium_01a_Spawner_C_UAID_046874882494AD8D02_e866662526208594_2001502067',,37961.535,48925.035,-3634.1753,
SceneComponent,Loot_MedicalBag_Medium_01a_Spawner_C'map03_p_WP:PersistentLevel.Loot_MedicalBag_Medium_01a_Spawner_C_UAID_046874882494D77F02_46c6e786a3fd7089_1405580035',,24497.41,40449.332,-2411.2769,
SceneComponent,Loot_MedicalBag_Medium_01a_Spawner_C'map03_p_WP:PersistentLevel.Loot_MedicalBag_Medium_01a_Spawner_C_UAID_046874882494F98A02_2c07323eb2e99beb_2107945113',,33055.312,6914.982,1151.2122,
SceneComponent,Loot_MedicalBag_Medium_01a_Spawner_C'map03_p_WP:PersistentLevel.Loot_MedicalBag_Medium_01a_Spawner_C_UAID_04D9F5F93AD5AA3B02_248ca04a73e0c586_1185601806',,36544.86,19443.744,2135.1343,
SceneComponent,Loot_MedicalBag_Medium_01a_Spawner_C'map03_p_WP:PersistentLevel.Loot_MedicalBag_Medium_01a_Spawner_C_UAID_04D9F5F93AD5CB3302_edad57567b47cde9_1743250213',,9718.896,-4686.8867,74.983116,
SceneComponent,Loot_MedicalBag_Medium_01a_Spawner_C'map03_p_WP:PersistentLevel.Loot_MedicalBag_Medium_01a_Spawner_C_UAID_18C04DA8201B437902_b67ec8a3d8d2e891_1446726773',,-5754.4077,36132.38,-2466.485,
SceneComponent,Loot_MedicalBag_Medium_01a_Spawner_C'map03_p_WP:PersistentLevel.Loot_MedicalBag_Medium_01a_Spawner_C_UAID_18C04DA8201B617102_e866662526208594_2120136981',,36071.45,47838.996,-3644.639,
SceneComponent,Loot_MedicalBag_Medium_01a_Spawner_C'map03_p_WP:PersistentLevel.Loot_MedicalBag_Medium_01a_Spawner_C_UAID_18C04DA8201B627102_e866662526208594_1715368484',,39313.46,49478.08,-3644.639,
SceneComponent,Loot_MedicalBag_Medium_01a_Spawner_C'map03_p_WP:PersistentLevel.Loot_MedicalBag_Medium_01a_Spawner_C_UAID_18C04DA8201BEF7202_91ce05da56308e53_1604922740',,10864.518,44715.39,-2889.4387,
SceneComponent,Loot_MedicalBag_Medium_01a_Spawner_C'map03_p_WP:PersistentLevel.Loot_MedicalBag_Medium_01a_Spawner_C_UAID_581CF8B72315AF3A02_35267f9c3545d35c_1788825389',,55731.59,29468.783,-5238.703,
SceneComponent,Loot_MedicalBag_Medium_01a_Spawner_C'map03_p_WP:PersistentLevel.Loot_MedicalBag_Medium_01a_Spawner_C_UAID_581CF8B72315FF7702_12e65868fd8f26ee_2146865995',,40224.617,17581.312,1614.7842,
SceneComponent,Loot_MedicalBag_Medium_01a_Spawner_C'map03_p_WP:PersistentLevel.Loot_MedicalBag_Medium_01a_Spawner_C_UAID_D843AE1A93E5E37902_c85329728f06dd80_1520959679',,-15538.172,12719.445,-451.1109,100.0
SceneComponent,Loot_MedicalBag_Medium_01a_Spawner_C'map03_p_WP:PersistentLevel.Loot_MedicalBag_Medium_01a_Spawner_C_bacad867c9c5e889_0',,23917.328,-184.12993,-952.99567,100.0
SceneComponent,Loot_MedicalChest_01a_C'map03_p_WP:PersistentLevel.Loot_MedicalChest_01a_C_UAID_046874882494AD8D02_e866662526208594_1997702812',,36835.68,49780.258,-3548.716,
SceneComponent,Loot_MedicalChest_Medium_01a_Spawner_C'map03_p_WP:PersistentLevel.Loot_MedicalChest_Medium_01a_Spawner_C_UAID_046874882494AD8D02_e866662526208594_1998448872',,36702.254,49837.8,-3469.6787,
SceneComponent,Loot_MedicalChest_Medium_01a_Spawner_C'map03_p_WP:PersistentLevel.Loot_MedicalChest_Medium_01a_Spawner_C_UAID_046874882494AD8D02_e866662526208594_1999746954',,39116.465,48977.266,-3639.5671,
SceneComponent,Loot_MedicalChest_Medium_01a_Spawner_C'map03_p_WP:PersistentLevel.Loot_MedicalChest_Medium_01a_Spawner_C_UAID_046874882494AD8D02_e866662526208594_2000626012',,35963.914,49471.29,-3636.018,
SceneComponent,Loot_MedicalChest_Medium_01a_Spawner_C'map03_p_WP:PersistentLevel.Loot_MedicalChest_Medium_01a_Spawner_C_UAID_046874882494AD8D02_e866662526208594_2001521077',,38179.3,48626.363,-3634.521,
SceneComponent,Loot_MedicalChest_Medium_01a_Spawner_C'map03_p_WP:PersistentLevel.Loot_MedicalChest_Medium_01a_Spawner_C_UAID_04D9F5F93AD5CB3302_edad57567b47cde9_1791716218',,9033.075,-3146.2214,91.56139,
SceneComponent,Loot_MedicalChest_Medium_01a_Spawner_C'map03_p_WP:PersistentLevel.Loot_MedicalChest_Medium_01a_Spawner_C_UAID_18C04DA8201B437902_b67ec8a3d8d2e891_1151891199',,-2876.0664,39436.5,-2580.1865,
SceneComponent,Loot_MedicalChest_Medium_01a_Spawner_C'map03_p_WP:PersistentLevel.Loot_MedicalChest_Medium_01a_Spawner_C_UAID_581CF8B72315C34902_2c07323eb2e99beb_1134805523',,32690.969,8714.056,1152.2047,
SceneComponent,Loot_MedicalChest_Medium_01a_Spawner_C'map03_p_WP:PersistentLevel.Loot_MedicalChest_Medium_01a_Spawner_C_UAID_D843AE1A93E5207A02_0937f42e405261d3_1643978139',,-12024.858,-54.470993,2368.4683,25.0
SceneComponent,Loot_MedicalChest_Medium_01a_Spawner_C'map03_p_WP:PersistentLevel.Loot_MedicalChest_Medium_01a_Spawner_C_UAID_D843AE1A93E5207A02_37a28efbd26adc60_1643978139',,15050.825,-12664.631,699.8469,25.0
SceneComponent,Loot_MedicalChest_Medium_01a_Spawner_C'map03_p_WP:PersistentLevel.Loot_MedicalChest_Medium_01a_Spawner_C_UAID_D843AE1A93E5207A02_9b091094a2e3f407_1643978139',,-13730.637,47668.727,-1802.9917,25.0
SceneComponent,Loot_MedicalChest_Medium_01a_Spawner_C'map03_p_WP:PersistentLevel.Loot_MedicalChest_Medium_01a_Spawner_C_UAID_D843AE1A93E5207A02_ab5027526005fa55_1643978139',,60833.836,17961.19,-1889.8528,25.0
SceneComponent,Loot_MedicalChest_Medium_01a_Spawner_C'map03_p_WP:PersistentLevel.Loot_MedicalChest_Medium_01a_Spawner_C_UAID_D843AE1A93E5357A02_6050371b4132a7ae_1233476281',,25536.006,-18426.742,-4241.129,100.0
SceneComponent,Loot_MedicalChest_Medium_01a_Spawner_C'map03_p_WP:PersistentLevel.UNP_Loot_MedicalChest_Medium_01a_Spawner_UAID_046874882494AD8D02_e866662526208594_1994058593',,39982.13,49008.156,-3509.05,
SceneComponent,Loot_MedicalChest_Medium_01a_Spawner_C'map03_p_WP:PersistentLevel.UNP_Loot_MedicalChest_Medium_01a_Spawner_UAID_046874882494AD8D02_e866662526208594_1994063595',,40088.285,48998.543,-3507.3833,
SceneComponent,Loot_MedicalChest_Medium_01a_Spawner_C'map03_p_WP:PersistentLevel.UNP_Loot_MedicalChest_Medium_01a_Spawner_UAID_D843AE1A93E5B78702_a95f76f47bc88969_1527209718',,43645.625,48698.85,-4656.5903,
SceneComponent,Loot_MedicalChest_Medium_01a_Spawner_C'map03_p_WP:PersistentLevel.UNP_Loot_MedicalChest_Medium_01a_Spawner_a95f76f47bc88969_0',,43751.52,48710.895,-4654.2944,
SceneComponent,Loot_MeleeWeaponCrate_01a_Spawner_C'map03_p_WP:PersistentLevel.Loot_MeleeWeaponCrate_01a_Spawner_C_UAID_046874882494AD8D02_e866662526208594_1994066597',,39998.19,48986.035,-3442.287,100.0
SceneComponent,Loot_MeleeWeaponCrate_01a_Spawner_C'map03_p_WP:PersistentLevel.Loot_MeleeWeaponCrate_01a_Spawner_C_UAID_D843AE1A93E5B78702_a95f76f47bc88969_1962362839',,43729.08,48727.066,-4587.666,100.0
SceneComponent,Loot_MeleeWeaponCrate_01a_Spawner_C'map03_p_WP:PersistentLevel.Loot_MeleeWeaponCrate_01a_Spawner_C_UAID_D843AE1A93E5C2DE02_fe09a22b3614186e_1715561427',,41413.15,31397.129,-2833.8567,
SceneComponent,Loot_MeleeWeaponCrate_01a_Spawner_C'map03_p_WP:PersistentLevel.Loot_WeaponCrate_01a_C_UAID_046874882494169202_12e65868fd8f26ee_1802964609',,41233.66,19735.21,1565.6149,
SceneComponent,Loot_MeleeWeaponCrate_01a_Spawner_C'map03_p_WP:PersistentLevel.Loot_WeaponCrate_01a_C_UAID_046874882494CB9502_8055101de0ffea20_1496183550',,-16603.807,43248.48,-3019.5564,
SceneComponent,Loot_MeleeWeaponCrate_01a_Spawner_C'map03_p_WP:PersistentLevel.Loot_WeaponCrate_01a_C_UAID_04D9F5F93AD57B3302_e28ad3601600a695_2002938121',,9683.914,43094.99,-2901.818,
SceneComponent,Loot_MeleeWeaponCrate_01a_Spawner_C'map03_p_WP:PersistentLevel.UNP_Loot_WeaponCrate_Rare_01a1_UAID_046874882494368F02_9c34f29bae09b13e_1380469310',,-1570.7963,6113.3867,-644.37317,
SceneComponent,Loot_MeleeWeaponCrate_01a_Spawner_C'map03_p_WP:PersistentLevel.UNP_Loot_WeaponCrate_Rare_01a1_UAID_0468748824944E9002_29a1b4c71511b535_1416957422',,44169.766,43981.56,-5340.9087,
SceneComponent,Loot_MeleeWeaponCrate_01a_Spawner_C'map03_p_WP:PersistentLevel.UNP_Loot_WeaponCrate_Rare_01a1_UAID_046874882494F98A02_2c07323eb2e99beb_1893394284',,31460.27,8027.119,1135.5044,
SceneComponent,Loot_MeleeWeaponCrate_01a_Spawner_C'map03_p_WP:PersistentLevel.UNP_Loot_WeaponCrate_Rare_01a1_UAID_046874882494F98A02_2c07323eb2e99beb_1893632299',,34760.707,9992.735,1133.4764,
SceneComponent,Loot_MeleeWeaponCrate_REL_01a_Spawner_C'map03_p_WP:PersistentLevel.Loot_MeleeWeaponCrate_REL_01a_Spawner_C_UAID_046874882494907E02_f6ac66adf17bf997_1359901900',,-19660.074,20681.354,-1402.6252,
SceneComponent,Loot_MeleeWeaponCrate_REL_01a_Spawner_C'map03_p_WP:PersistentLevel.Loot_MeleeWeaponCrate_REL_01a_Spawner_C_UAID_046874882494928402_29fb098085780a4e_1954543148',,17115.812,16045.362,80.39199,
SceneComponent,Loot_MeleeWeaponCrate_REL_01a_Spawner_C'map03_p_WP:PersistentLevel.Loot_MeleeWeaponCrate_REL_01a_Spawner_C_UAID_046874882494928402_29fb098085780a4e_1954905222',,27654.8,18736.145,202.7113,
SceneComponent,Loot_MeleeWeaponCrate_REL_01a_Spawner_C'map03_p_WP:PersistentLevel.Loot_MeleeWeaponCrate_REL_01a_Spawner_C_UAID_046874882494D77F02_46c6e786a3fd7089_1404691861',,25913.521,40617.023,-2333.1526,
SceneComponent,Loot_MeleeWeaponCrate_REL_01a_Spawner_C'map03_p_WP:PersistentLevel.Loot_MeleeWeaponCrate_REL_01a_Spawner_C_UAID_046874882494F98A02_2c07323eb2e99beb_2106919939',,35020.34,7747.9204,1222.7043,
SceneComponent,Loot_MeleeWeaponCrate_REL_01a_Spawner_C'map03_p_WP:PersistentLevel.Loot_MeleeWeaponCrate_REL_01a_Spawner_C_UAID_04D9F5F93AD5113402_edad57567b47cde9_1267846976',,12853.875,-4280.3926,120.74949,
SceneComponent,Loot_MeleeWeaponCrate_REL_01a_Spawner_C'map03_p_WP:PersistentLevel.Loot_MeleeWeaponCrate_REL_01a_Spawner_C_UAID_18C04DA8201B437902_b67ec8a3d8d2e891_1437658220',,-5162.072,38364.6,-2470.9978,
SceneComponent,Loot_MeleeWeaponCrate_REL_01a_Spawner_C'map03_p_WP:PersistentLevel.Loot_WeaponCrate_01a_C_UAID_046874882494938402_29fb098085780a4e_1574318615',,26994.336,14668.609,106.20458,
SceneComponent,Loot_MeleeWeaponCrate_REL_01a_Spawner_C'map03_p_WP:PersistentLevel.Loot_WeaponCrate_01a_C_UAID_046874882494BB8602_92f9112ff1518191_1731358984',,42815.82,-10769.857,-3776.6987,
SceneComponent,Loot_MeleeWeaponCrate_REL_01a_Spawner_C'map03_p_WP:PersistentLevel.Loot_WeaponCrate_01a_C_UAID_04D9F5F93AD57B3302_1c657010c055a6f1_2002938121',,-6609.3193,40527.223,-2565.1692,
SceneComponent,Loot_MeleeWeaponCrate_REL_01a_Spawner_C'map03_p_WP:PersistentLevel.Loot_WeaponCrate_01a_C_UAID_04D9F5F93AD57B3302_7ae8724067631318_2002938121',,-2602.5134,40708.543,-4156.2334,
SceneComponent,Loot_MeleeWeaponCrate_REL_01a_Spawner_C'map03_p_WP:PersistentLevel.Loot_WeaponCrate_01a_C_UAID_04D9F5F93AD57B3302_b21b750afd360135_2002938121',,10292.311,44593.344,-2839.3586,
SceneComponent,Loot_MeleeWeaponCrate_REL_01a_Unlocked_Spawner_C'map03_p_WP:PersistentLevel.Loot_MeleeWeaponCrate_REL_01a_Spawner_C_UAID_D843AE1A93E542E102_12e65868fd8f26ee_2116083415',,44079.98,13745.316,2220.369,
SceneComponent,Loot_MeleeWeaponCrate_REL_01a_Unlocked_Spawner_C'map03_p_WP:PersistentLevel.Loot_MeleeWeaponCrate_REL_01a_Unlocked_Spawner_C_UAID_581CF8B72315C24902_2c07323eb2e99beb_2138310336',,32662.973,8402.068,1150.95,
SceneComponent,Loot_MeleeWeaponCrate_REL_01a_Unlocked_Spawner_C'map03_p_WP:PersistentLevel.Loot_MeleeWeaponCrate_REL_01a_Unlocked_Spawner_C_UAID_581CF8B72315D87E02_abd83efe2c769858_1286019520',,37974.7,20957.928,-7161.816,
SceneComponent,Loot_MeleeWeaponCrate_REL_01a_Unlocked_Spawner_C'map03_p_WP:PersistentLevel.Loot_WeaponCrate_01a_C_UAID_046874882494129202_87d6de7cd1afab30_1951861565',,39661.01,14756.168,1581.823,
SceneComponent,Loot_MeleeWeaponCrate_REL_01a_Unlocked_Spawner_C'map03_p_WP:PersistentLevel.Loot_WeaponCrate_01a_C_UAID_0468748824944A8902_35267f9c3545d35c_1901199468',,58033.69,29270.568,-4399.4097,100.0
SceneComponent,Loot_MeleeWeaponCrate_REL_01a_Unlocked_Spawner_C'map03_p_WP:PersistentLevel.Loot_WeaponCrate_01a_C_UAID_0468748824944E8902_c85329728f06dd80_1223650372',,-15401.851,12579.847,-587.4166,
SceneComponent,Loot_MeleeWeaponCrate_REL_01a_Unlocked_Spawner_C'map03_p_WP:PersistentLevel.Loot_WeaponCrate_01a_C_UAID_046874882494689102_70b069ed0aa90e45_1220898044',,31724.752,21529.197,-5468.8115,
SceneComponent,Loot_MeleeWeaponCrate_REL_01a_Unlocked_Spawner_C'map03_p_WP:PersistentLevel.Loot_WeaponCrate_01a_C_UAID_0468748824946B9102_77afe1c4b790689a_1195396922',,31483.46,17895.332,-956.5243,
SceneComponent,Loot_MeleeWeaponCrate_REL_01a_Unlocked_Spawner_C'map03_p_WP:PersistentLevel.Loot_WeaponCrate_01a_C_UAID_046874882494739102_07034b7c2028137c_1180377221',,33322.082,17382.992,-2937.1245,
SceneComponent,Loot_MeleeWeaponCrate_REL_01a_Unlocked_Spawner_C'map03_p_WP:PersistentLevel.Loot_WeaponCrate_01a_C_UAID_046874882494739102_64b1bc84c65e2e37_1180377221',,39108.027,18908.988,-7145.7095,
SceneComponent,Loot_MeleeWeaponCrate_REL_01a_Unlocked_Spawner_C'map03_p_WP:PersistentLevel.Loot_WeaponCrate_01a_C_UAID_046874882494988402_090391270ee7297f_1601647853',,34713.34,16168.3,-3011.3977,
SceneComponent,Loot_MeleeWeaponCrate_REL_01a_Unlocked_Spawner_C'map03_p_WP:PersistentLevel.Loot_WeaponCrate_01a_C_UAID_046874882494998402_42c3d461f962a7d8_1739556505',,26779.137,15041.318,-599.2771,
SceneComponent,Loot_MeleeWeaponCrate_REL_01a_Unlocked_Spawner_C'map03_p_WP:PersistentLevel.Loot_WeaponCrate_01a_C_UAID_046874882494AD8D02_e866662526208594_2003435288',,36391.92,49849.527,-3527.2512,
SceneComponent,Loot_MeleeWeaponCrate_REL_01a_Unlocked_Spawner_C'map03_p_WP:PersistentLevel.Loot_WeaponCrate_01a_C_UAID_046874882494AD8D02_e866662526208594_2003566293',,35134.34,50792.7,-3593.8674,
SceneComponent,Loot_MeleeWeaponCrate_REL_01a_Unlocked_Spawner_C'map03_p_WP:PersistentLevel.Loot_WeaponCrate_01a_C_UAID_046874882494BF9102_6eba12598bb1f39f_1347731790',,39236.246,16354.235,-7101.79,
SceneComponent,Loot_MeleeWeaponCrate_REL_01a_Unlocked_Spawner_C'map03_p_WP:PersistentLevel.Loot_WeaponCrate_01a_C_UAID_046874882494BF9102_6eba12598bb1f39f_1349731923',,41024.605,16917.016,-6977.07,
SceneComponent,Loot_MeleeWeaponCrate_REL_01a_Unlocked_Spawner_C'map03_p_WP:PersistentLevel.Loot_WeaponCrate_01a_C_UAID_046874882494EC8802_314762ac4a9b1b65_1095722112',,-1453.2954,49828.07,-4242.3584,
SceneComponent,Loot_MeleeWeaponCrate_REL_01a_Unlocked_Spawner_C'map03_p_WP:PersistentLevel.Loot_WeaponCrate_01a_C_UAID_046874882494EC8802_6050371b4132a7ae_1429922184',,24695.824,-16464.607,-4364.0117,
SceneComponent,Loot_MeleeWeaponCrate_REL_01a_Unlocked_Spawner_C'map03_p_WP:PersistentLevel.Loot_WeaponCrate_01a_C_UAID_046874882494EC8802_6050371b4132a7ae_1430062193',,25293.283,-18379.709,-4388.7095,
SceneComponent,Loot_MeleeWeaponCrate_REL_01a_Unlocked_Spawner_C'map03_p_WP:PersistentLevel.Loot_WeaponCrate_01a_C_UAID_046874882494ED8802_a44c2e6e6faa7d77_1510695840',,56975.695,6736.722,-2382.1262,
SceneComponent,Loot_MeleeWeaponCrate_REL_01a_Unlocked_Spawner_C'map03_p_WP:PersistentLevel.Loot_WeaponCrate_01a_C_UAID_046874882494ED8802_c6899ba472a785b4_1081496775',,-968.76465,50706.395,-5567.823,
SceneComponent,Loot_MeleeWeaponCrate_REL_01a_Unlocked_Spawner_C'map03_p_WP:PersistentLevel.Loot_WeaponCrate_01a_C_UAID_18C04DA8201B437902_b67ec8a3d8d2e891_1440979448',,-5679.43,44576.812,-4765.3086,
SceneComponent,Loot_OpiumBox_01a_Spawner_C'map03_p_WP:PersistentLevel.Loot_OpiumBox_01a_Spawner_C_UAID_18C04DA8201BEF7202_91ce05da56308e53_1169352372',,12479.534,45648.156,-2979.5374,
SceneComponent,Loot_OpiumBox_01a_Spawner_C'map03_p_WP:PersistentLevel.Loot_OpiumBox_01a_Spawner_C_UAID_581CF8B72315C05A02_e866662526208594_2102821432',,37325.414,50671.3,-3617.343,5.0
SceneComponent,Loot_PhysiciansDesk_Medium_01a_Spawner_C'map03_p_WP:PersistentLevel.Loot_LedgerDesk_Medium_02a_Spawner_C_UAID_046874882494AD8D02_e866662526208594_2001509071',,38240.855,48662.65,-3634.5212,
SceneComponent,Loot_PowderLocker_01a_Spawner_C'map03_p_WP:PersistentLevel.Loot_PowderLocker_01a_Spawner_C_UAID_D843AE1A93E59EE502_1156550109',,10253.946,41405.176,-2888.931,
SceneComponent,Loot_PowderLocker_01a_Spawner_C'map03_p_WP:PersistentLevel.Loot_PowderLocker_01a_Spawner_C_UAID_D843AE1A93E59FE502_1127286320',,42359.152,-9863.49,-3649.197,
SceneComponent,Loot_PowderLocker_01a_Spawner_C'map03_p_WP:PersistentLevel.Loot_PowderLocker_01a_Spawner_C_UAID_D843AE1A93E59FE502_1587829344',,57162.414,29534.744,-5410.9526,
SceneComponent,Loot_PowderLocker_01a_Spawner_C'map03_p_WP:PersistentLevel.Loot_PowderLocker_01a_Spawner_C_UAID_D843AE1A93E59FE502_1838946614',,-235.76663,13797.362,-105.65432,
SceneComponent,Loot_RangedWeaponCrate_01a_Spawner_C'map03_p_WP:PersistentLevel.Loot_WeaponCrate_01a_C_UAID_046874882494EC8802_6050371b4132a7ae_1430475213',,25833.344,-18149.29,-4339.3154,
SceneComponent,Loot_RangedWeaponCrate_01a_Spawner_C'map03_p_WP:PersistentLevel.UNP_Loot_WeaponCrate_01a_5039a3ad58c94e5b_0',,43293.625,25650.414,-2936.8806,25.0
SceneComponent,Loot_RangedWeaponCrate_01a_Spawner_C'map03_p_WP:PersistentLevel.UNP_Loot_WeaponCrate_01a_90d7047e313b2b81_0',,18930.166,32138.521,-1987.4895,
SceneComponent,Loot_RangedWeaponCrate_01a_Spawner_C'map03_p_WP:PersistentLevel.UNP_Loot_WeaponCrate_01a_Spawner_UAID_046874882494378F02_d30c5cf25f8a0dcb_1827243838',,23680.156,-2992.4375,-1009.223,10.0
SceneComponent,Loot_RangedWeaponCrate_01a_Spawner_C'map03_p_WP:PersistentLevel.UNP_Loot_WeaponCrate_01a_Spawner_UAID_046874882494998402_42c3d461f962a7d8_1739747522',,25326.805,18438.754,-1082.7374,10.0
SceneComponent,Loot_RangedWeaponCrate_01a_Spawner_C'map03_p_WP:PersistentLevel.UNP_Loot_WeaponCrate_01a_Spawner_UAID_D843AE1A93E5DB2C02_34b8e3f6f402fe5e_1591937181',,30462.111,11394.727,1097.1389,10.0
SceneComponent,Loot_RangedWeaponCrate_01a_Spawner_C'map03_p_WP:PersistentLevel.UNP_Loot_WeaponCrate_Rare_01a_UAID_046874882494368F02_9c34f29bae09b13e_1380473312',,-1763.0024,5928.1494,-540.57837,
SceneComponent,Loot_RangedWeaponCrate_01a_Spawner_C'map03_p_WP:PersistentLevel.UNP_Loot_WeaponCrate_Rare_01a_UAID_0468748824944E9002_29a1b4c71511b535_1416961424',,44127.027,44188.074,-5251.3394,
SceneComponent,Loot_RangedWeaponCrate_01a_Spawner_C'map03_p_WP:PersistentLevel.UNP_Loot_WeaponCrate_Rare_01a_UAID_046874882494F98A02_2c07323eb2e99beb_1893398286',,31658.879,7948.643,1218.5402,
SceneComponent,Loot_RangedWeaponCrate_01a_Spawner_C'map03_p_WP:PersistentLevel.UNP_Loot_WeaponCrate_Rare_01a_UAID_046874882494F98A02_2c07323eb2e99beb_1893636301',,34550.605,10030.957,1216.5122,
SceneComponent,Loot_RangedWeaponCrate_REL_01a_Spawner_C'map03_p_WP:PersistentLevel.Loot_RangedWeaponCrate_REL_01a_Spawner_C_UAID_046874882494F98A02_2c07323eb2e99beb_1938732633',,33090.438,9048.957,1367.3663,
SceneComponent,Loot_RangedWeaponCrate_REL_01a_Spawner_C'map03_p_WP:PersistentLevel.Loot_RangedWeaponCrate_REL_01a_Spawner_C_UAID_04D9F5F93AD5603502_35267f9c3545d35c_2140680967',,57573.4,29105.723,-4468.5947,
SceneComponent,Loot_RangedWeaponCrate_REL_01a_Spawner_C'map03_p_WP:PersistentLevel.Loot_RangedWeaponCrate_REL_01a_Spawner_C_UAID_04D9F5F93AD5CA3302_edad57567b47cde9_2102636930',,10264.976,-3297.538,142.70322,
SceneComponent,Loot_RangedWeaponCrate_REL_01a_Spawner_C'map03_p_WP:PersistentLevel.Loot_WeaponCrate_01a_C_UAID_04687488249402DA02_e36b4c37399c2378_2016378158',,39114.008,-14538.726,-5261.29,
SceneComponent,Loot_RangedWeaponCrate_REL_01a_Spawner_C'map03_p_WP:PersistentLevel.Loot_WeaponCrate_01a_C_UAID_0468748824944A8902_35267f9c3545d35c_1898746350',,55276.938,28238.152,-5359.7583,
SceneComponent,Loot_RangedWeaponCrate_REL_01a_Spawner_C'map03_p_WP:PersistentLevel.Loot_WeaponCrate_01a_C_UAID_0468748824944A8902_35267f9c3545d35c_1898931356',,56924.03,29941.852,-5364.692,
SceneComponent,Loot_RangedWeaponCrate_REL_01a_Spawner_C'map03_p_WP:PersistentLevel.Loot_WeaponCrate_01a_C_UAID_0468748824944A8902_35267f9c3545d35c_1968263821',,54854.734,34474.926,-5324.119,
SceneComponent,Loot_RangedWeaponCrate_REL_01a_Spawner_C'map03_p_WP:PersistentLevel.Loot_WeaponCrate_01a_C_UAID_046874882494977D02_c01302f103af8f1c_1268930555',,43046.77,29948.695,-2675.8208,
SceneComponent,Loot_RangedWeaponCrate_REL_01a_Spawner_C'map03_p_WP:PersistentLevel.Loot_WeaponCrate_01a_C_UAID_046874882494AD8D02_e866662526208594_2003691300',,36390.562,46998.34,-3595.9539,
SceneComponent,Loot_RangedWeaponCrate_REL_01a_Spawner_C'map03_p_WP:PersistentLevel.Loot_WeaponCrate_01a_C_UAID_046874882494BB8602_92f9112ff1518191_1732535012',,41045.12,-11097.056,-3789.496,
SceneComponent,Loot_RangedWeaponCrate_REL_01a_Spawner_C'map03_p_WP:PersistentLevel.Loot_WeaponCrate_01a_C_UAID_046874882494BB8602_92f9112ff1518191_1732655018',,38460.7,-9791.703,-3778.4631,
SceneComponent,Loot_RangedWeaponCrate_REL_01a_Spawner_C'map03_p_WP:PersistentLevel.Loot_WeaponCrate_01a_C_UAID_046874882494BB8602_92f9112ff1518191_1950083333',,42518.668,-11818.193,-3783.0647,
SceneComponent,Loot_RangedWeaponCrate_REL_01a_Spawner_C'map03_p_WP:PersistentLevel.Loot_WeaponCrate_01a_C_UAID_046874882494D77F02_46c6e786a3fd7089_1405108948',,23037.826,39897.766,-2363.906,
SceneComponent,Loot_RangedWeaponCrate_REL_01a_Spawner_C'map03_p_WP:PersistentLevel.Loot_WeaponCrate_01a_C_UAID_046874882494D77F02_46c6e786a3fd7089_1410301275',,25466.748,41601.99,-2401.275,
SceneComponent,Loot_RangedWeaponCrate_REL_01a_Spawner_C'map03_p_WP:PersistentLevel.Loot_WeaponCrate_01a_C_UAID_046874882494F98A02_2c07323eb2e99beb_2003508891',,33825.266,8089.338,1197.155,
SceneComponent,Loot_RangedWeaponCrate_REL_01a_Spawner_C'map03_p_WP:PersistentLevel.Loot_WeaponCrate_01a_C_UAID_046874882494F98A02_2c07323eb2e99beb_2107414026',,31530.035,9499.466,1190.1542,
SceneComponent,Loot_RangedWeaponCrate_REL_01a_Spawner_C'map03_p_WP:PersistentLevel.Loot_WeaponCrate_01a_C_UAID_04D9F5F93AD57B3302_93216e26b6be24a6_2002938121',,13123.295,47065.355,-3528.1714,
SceneComponent,Loot_RangedWeaponCrate_REL_01a_Spawner_C'map03_p_WP:PersistentLevel.Loot_WeaponCrate_01a_C_UAID_04D9F5F93AD57B3302_98ea2d03c987e56f_2002938121',,7777.7046,42709.098,-2963.5884,
SceneComponent,Loot_RangedWeaponCrate_REL_01a_Unlocked_Spawner_C'map03_p_WP:PersistentLevel.Loot_WeaponCrate_01a_C_UAID_046874882494129202_87d6de7cd1afab30_1951338494',,39320.086,16546.639,1553.373,
SceneComponent,Loot_RangedWeaponCrate_REL_01a_Unlocked_Spawner_C'map03_p_WP:PersistentLevel.Loot_WeaponCrate_01a_C_UAID_046874882494169202_12e65868fd8f26ee_1866098940',,36140.887,19623.748,2147.7378,
SceneComponent,Loot_RangedWeaponCrate_REL_01a_Unlocked_Spawner_C'map03_p_WP:PersistentLevel.Loot_WeaponCrate_01a_C_UAID_046874882494689102_70b069ed0aa90e45_1221818074',,33483.43,22270.793,-5455.9033,
SceneComponent,Loot_RangedWeaponCrate_REL_01a_Unlocked_Spawner_C'map03_p_WP:PersistentLevel.Loot_WeaponCrate_01a_C_UAID_0468748824946B9102_77afe1c4b790689a_1195794933',,31728.81,17023.92,-991.70624,
SceneComponent,Loot_RangedWeaponCrate_REL_01a_Unlocked_Spawner_C'map03_p_WP:PersistentLevel.Loot_WeaponCrate_01a_C_UAID_046874882494A98802_00c96ecbce87a0a2_1976483282',,31740.377,19791.898,-2962.659,
SceneComponent,Loot_RangedWeaponCrate_REL_01a_Unlocked_Spawner_C'map03_p_WP:PersistentLevel.Loot_WeaponCrate_01a_C_UAID_046874882494EC8802_6050371b4132a7ae_1430589217',,25462.543,-18122.326,-4362.436,
SceneComponent,Loot_RangedWeaponCrate_REL_01a_Unlocked_Spawner_C'map03_p_WP:PersistentLevel.Loot_WeaponCrate_01a_C_UAID_04D9F5F93AD57B3302_1304669d59832613_2002938121',,10981.904,43069.277,-2935.9636,
SceneComponent,Loot_SideTable_01a_Spawner_C'map03_p_WP:PersistentLevel.Loot_SideTable_01a_Spawner_C_35267f9c3545d35c_1',,56076.164,31616.867,-4942.69,
SceneComponent,Loot_SideTable_01a_Spawner_C'map03_p_WP:PersistentLevel.Loot_SideTable_01a_Spawner_C_35267f9c3545d35c_3',,58240.055,29403.871,-4939.9355,
SceneComponent,Loot_SideTable_01a_Spawner_C'map03_p_WP:PersistentLevel.Loot_SideTable_01a_Spawner_C_UAID_046874882494BB8602_92f9112ff1518191_1740737251',,39491.586,-10330.322,-3817.619,
SceneComponent,Loot_SlopBin_01a_Spawner_C'map03_p_WP:PersistentLevel.Loot_SlopBin_01a_Spawner_C_UAID_D843AE1A93E59EE502_1197863114',,12377.728,45698.844,-3024.669,
SceneComponent,Loot_SlopBin_01a_Spawner_C'map03_p_WP:PersistentLevel.Loot_SlopBin_01a_Spawner_C_UAID_D843AE1A93E59FE502_1379057326',,41971.645,-12275.889,-3832.3962,
SceneComponent,Loot_SlopBin_01a_Spawner_C'map03_p_WP:PersistentLevel.Loot_SlopBin_01a_Spawner_C_UAID_D843AE1A93E59FE502_1708720604',,49851.79,29915.043,-4397.1274,
SceneComponent,Loot_SlopBin_01a_Spawner_C'map03_p_WP:PersistentLevel.Loot_SlopBin_01a_Spawner_C_UAID_D843AE1A93E5A0E502_1625183802',,-12270.305,14929.697,-151.12543,
SceneComponent,Loot_Stove_01a_C'map03_p_WP:PersistentLevel.UNP_Loot_Stove_01a_0937f42e405261d3_0',,-12326.407,-95.97902,2852.3037,
SceneComponent,Loot_Stove_01a_C'map03_p_WP:PersistentLevel.UNP_Loot_Stove_01a_37a28efbd26adc60_0',,14765.085,-12559.718,1183.6825,
SceneComponent,Loot_Stove_01a_C'map03_p_WP:PersistentLevel.UNP_Loot_Stove_01a_9b091094a2e3f407_0',,-13778.264,47368.082,-1319.1561,
SceneComponent,Loot_Stove_01a_C'map03_p_WP:PersistentLevel.UNP_Loot_Stove_01a_ab5027526005fa55_0',,60530.082,17941.518,-1406.0172,
SceneComponent,Loot_Stove_01a_Spawner_C'map03_p_WP:PersistentLevel.Loot_Stove_01a_Spawner_C_UAID_0468748824944A8902_35267f9c3545d35c_1892142088',,57787.96,29111.932,-4855.1084,
SceneComponent,Loot_StrongboxMedium_01a_Locked_Spawner_C'map03_p_WP:PersistentLevel.Loot_StrongboxMedium_01a_Locked_Spawner_C_UAID_04D9F5F93AD5CA3302_edad57567b47cde9_2007873919',,11379.248,-3165.4048,-14.515249,
SceneComponent,Loot_StrongboxMedium_01a_Locked_Spawner_C'map03_p_WP:PersistentLevel.Loot_StrongboxMedium_01a_Locked_Spawner_C_UAID_04D9F5F93AD5CA3302_edad57567b47cde9_2046503924',,10076.495,-4097.784,164.33873,
SceneComponent,Loot_StrongboxMedium_01a_Locked_Spawner_C'map03_p_WP:PersistentLevel.Loot_Strongbox_Large_01a_Spawner_C_UAID_046874882494168102_20c886124a4a6cac_1349592452',,-376.0737,14583.82,-114.2578,
SceneComponent,Loot_StrongboxMedium_01a_Locked_Spawner_C'map03_p_WP:PersistentLevel.Loot_Strongbox_Large_01a_Spawner_C_UAID_046874882494907E02_f6ac66adf17bf997_1366712202',,-20514.16,20162.295,-1519.4028,
SceneComponent,Loot_StrongboxMedium_01a_Locked_Spawner_C'map03_p_WP:PersistentLevel.Loot_Strongbox_Large_01a_Spawner_C_UAID_046874882494977D02_c01302f103af8f1c_1269024559',,41857.19,30583.994,-2911.078,
SceneComponent,Loot_StrongboxMedium_01a_Locked_Spawner_C'map03_p_WP:PersistentLevel.Loot_Strongbox_Large_01a_Spawner_C_UAID_046874882494AD8D02_e866662526208594_1997161783',,36479.65,48295.67,-3647.8281,
SceneComponent,Loot_StrongboxMedium_01a_Locked_Spawner_C'map03_p_WP:PersistentLevel.Loot_Strongbox_Large_01a_Spawner_C_UAID_046874882494AD8D02_e866662526208594_1998314864',,36584.54,49634.99,-3636.2202,
SceneComponent,Loot_StrongboxMedium_01a_Locked_Spawner_C'map03_p_WP:PersistentLevel.Loot_Strongbox_Large_01a_Spawner_C_UAID_046874882494AD8D02_e866662526208594_1999197922',,38575.93,50178.88,-3643.8943,
SceneComponent,Loot_StrongboxMedium_01a_Locked_Spawner_C'map03_p_WP:PersistentLevel.Loot_Strongbox_Large_01a_Spawner_C_UAID_046874882494BB8602_92f9112ff1518191_1733662100',,43347.895,-10026.507,-3830.0808,
SceneComponent,Loot_StrongboxMedium_01a_Locked_Spawner_C'map03_p_WP:PersistentLevel.Loot_Strongbox_Large_01a_Spawner_C_UAID_046874882494BF9102_6eba12598bb1f39f_1349291858',,43589.27,17064.584,-3430.7515,
SceneComponent,Loot_StrongboxMedium_01a_Locked_Spawner_C'map03_p_WP:PersistentLevel.Loot_Strongbox_Large_01a_Spawner_C_UAID_046874882494D77F02_46c6e786a3fd7089_1405147966',,22972.242,40053.855,-2410.5864,
SceneComponent,Loot_StrongboxMedium_01a_Locked_Spawner_C'map03_p_WP:PersistentLevel.Loot_Strongbox_Large_01a_Spawner_C_UAID_046874882494D77F02_46c6e786a3fd7089_1410893306',,26372.275,40254.785,-2451.4055,
SceneComponent,Loot_StrongboxMedium_01a_Locked_Spawner_C'map03_p_WP:PersistentLevel.Loot_Strongbox_Large_01a_Spawner_C_UAID_046874882494ED8802_c6899ba472a785b4_1081336762',,-2752.667,49500.047,-5600.326,
SceneComponent,Loot_StrongboxMedium_01a_Locked_Spawner_C'map03_p_WP:PersistentLevel.Loot_Strongbox_Large_01a_Spawner_C_UAID_046874882494ED8802_c6899ba472a785b4_1081771784',,-585.5771,52482.65,-5595.957,
SceneComponent,Loot_StrongboxMedium_01a_Locked_Spawner_C'map03_p_WP:PersistentLevel.Loot_Strongbox_Large_01a_Spawner_C_UAID_046874882494F98A02_2c07323eb2e99beb_1941102719',,34128.754,9764.417,1103.6943,
SceneComponent,Loot_StrongboxMedium_01a_Locked_Spawner_C'map03_p_WP:PersistentLevel.Loot_Strongbox_Large_01a_Spawner_C_UAID_046874882494F98A02_2c07323eb2e99beb_2107454044',,31608.33,9649.579,1143.4738,
SceneComponent,Loot_StrongboxMedium_01a_Locked_Spawner_C'map03_p_WP:PersistentLevel.Loot_Strongbox_Large_01a_Spawner_C_UAID_04D9F5F93AD5B92F02_2a371ca5676ed2c1_1362372689',,8252.821,42664.0,-3021.186,
SceneComponent,Loot_StrongboxMedium_01a_Locked_Spawner_C'map03_p_WP:PersistentLevel.Loot_Strongbox_Large_01a_Spawner_C_UAID_18C04DA8201B327902_5abb851929817da7_1166169165',,-11553.34,-357.98193,1842.9167,
SceneComponent,Loot_StrongboxMedium_01a_Locked_Spawner_C'map03_p_WP:PersistentLevel.Loot_Strongbox_Large_01a_Spawner_C_UAID_18C04DA8201B327902_7f13be226a970f87_1166169165',,61282.258,17624.49,-2415.4043,
SceneComponent,Loot_StrongboxMedium_01a_Locked_Spawner_C'map03_p_WP:PersistentLevel.Loot_Strongbox_Large_01a_Spawner_C_UAID_18C04DA8201B327902_ce52be21fe63b205_1166169165',,15324.671,-13153.975,174.29547,
SceneComponent,Loot_StrongboxMedium_01a_Locked_Spawner_C'map03_p_WP:PersistentLevel.Loot_Strongbox_Large_01a_Spawner_C_UAID_18C04DA8201B327902_d30a12f2c04c18d1_1166169165',,-13303.546,48032.1,-2328.543,
SceneComponent,Loot_StrongboxMedium_01a_Spawner_C'map03_p_WP:PersistentLevel.Loot_Strongbox_Large_01a_Spawner_C_UAID_046874882494129202_87d6de7cd1afab30_1952239588',,39707.91,17616.432,1507.3441,
SceneComponent,Loot_StrongboxMedium_01a_Spawner_C'map03_p_WP:PersistentLevel.Loot_Strongbox_Large_01a_Spawner_C_UAID_046874882494169202_12e65868fd8f26ee_1867318010',,34445.3,18215.172,2096.5972,
SceneComponent,Loot_StrongboxMedium_01a_Spawner_C'map03_p_WP:PersistentLevel.Loot_Strongbox_Large_01a_Spawner_C_UAID_0468748824944E8902_c85329728f06dd80_1237272924',,-15039.959,12159.979,-637.82935,
SceneComponent,Loot_StrongboxMedium_01a_Spawner_C'map03_p_WP:PersistentLevel.Loot_Strongbox_Large_01a_Spawner_C_UAID_046874882494BF9102_6eba12598bb1f39f_1346924748',,41648.2,16463.031,-6600.5464,
SceneComponent,Loot_StrongboxMedium_01a_Spawner_C'map03_p_WP:PersistentLevel.Loot_Strongbox_Large_01a_Spawner_C_UAID_04D9F5F93AD5B92F02_1b4df7f940392236_1362372689',,37034.52,22543.26,-5683.816,
SceneComponent,Loot_StrongboxSmall_01a_Locked_Spawner_C'map03_p_WP:PersistentLevel.Loot_StrongboxSmall_01a_Spawner_C_bacad867c9c5e889_0',,24169.072,366.78302,-729.6602,
SceneComponent,Loot_StrongboxSmall_01a_Spawner_Open_C'map03_p_WP:PersistentLevel.Loot_Chest_Medium_01a_Spawner_C_UAID_581CF8B723150E7C02_8b779a13974286ee_2104960586',,36881.707,22615.322,-6159.66,
SceneComponent,Loot_StrongboxSmall_01a_Spawner_Open_C'map03_p_WP:PersistentLevel.Loot_Strongbox_Large_01a_Spawner_C_UAID_046874882494D77F02_46c6e786a3fd7089_1411014315',,24976.307,40425.27,-2452.9304,
SceneComponent,Loot_StrongboxSmall_01a_Spawner_Open_C'map03_p_WP:PersistentLevel.Loot_Strongbox_Large_01a_Spawner_C_UAID_046874882494F98A02_2c07323eb2e99beb_1941256728',,33445.465,7107.765,1109.9403,
SceneComponent,Loot_Strongbox_Large_01a_Unlocked_Spawner_C'map03_p_WP:PersistentLevel.Loot_Strongbox_Large_01a_Spawner_C_UAID_0468748824944A8902_35267f9c3545d35c_1897713244',,57402.477,29378.193,-4468.5957,100.0
SceneComponent,Loot_Strongbox_Large_01a_Unlocked_Spawner_C'map03_p_WP:PersistentLevel.Loot_Strongbox_Large_01a_Spawner_C_UAID_046874882494689102_70b069ed0aa90e45_1221942090',,31562.223,22604.732,-5598.389,
SceneComponent,Loot_Strongbox_Large_01a_Unlocked_Spawner_C'map03_p_WP:PersistentLevel.Loot_Strongbox_Large_01a_Spawner_C_UAID_046874882494689102_70b069ed0aa90e45_1221992094',,31403.506,21647.998,-5523.519,
SceneComponent,Loot_Strongbox_Large_01a_Unlocked_Spawner_C'map03_p_WP:PersistentLevel.Loot_Strongbox_Large_01a_Spawner_C_UAID_046874882494EC8802_6050371b4132a7ae_1430707221',,25492.795,-18023.004,-4443.7603,
SceneComponent,Loot_TinkerCase_01a_Spawner_C'map03_p_WP:PersistentLevel.Loot_TinkerCase_01a_Spawner_C_UAID_D843AE1A93E59EE502_1412498119',,9411.571,41438.684,-2447.433,
SceneComponent,Loot_TinkerCase_01a_Spawner_C'map03_p_WP:PersistentLevel.Loot_TinkerCase_01a_Spawner_C_UAID_D843AE1A93E59FE502_1400672332',,39211.926,-10419.101,-3613.1267,
SceneComponent,Loot_TinkerCase_01a_Spawner_C'map03_p_WP:PersistentLevel.Loot_TinkerCase_01a_Spawner_C_UAID_D843AE1A93E59FE502_1493460338',,58068.457,29534.299,-5311.4478,
SceneComponent,Loot_TinkerCase_01a_Spawner_C'map03_p_WP:PersistentLevel.Loot_TinkerCase_01a_Spawner_C_UAID_D843AE1A93E5A0E502_1583815796',,-124.440544,14176.553,-22.645813,
SceneComponent,PG_Crane_01a_C'map03_p_WP:PersistentLevel.PG_Crane_01a_C_35267f9c3545d35c_1',,55374.76,29616.004,-4175.025,
SceneComponent,PG_Debris_12a_C'map03_p_WP:PersistentLevel.UNP_PG_Debris_12a_UAID_046874882494168102_20c886124a4a6cac_1343904337',,-1917.789,12691.595,-105.67524,
SceneComponent,PG_Ruins_Small_05a_C'map03_p_WP:PersistentLevel.PG_Ruins_Small_05a_C_1',,-110250.54,12925.564,-831.39166,
SceneComponent,PG_SC_Barrels_08_C'map03_p_WP:PersistentLevel.UNP_PG_SC_Barrels_08_UAID_046874882494168102_20c886124a4a6cac_1343698325',,67.35573,33.719067,20.627756,
SceneComponent,PG_SC_Barrels_08_C'map03_p_WP:PersistentLevel.UNP_PG_SC_Barrels_08_UAID_046874882494427E02_6ed99d200bbadc17_1174504287',,67.35573,33.71907,20.627756,
SceneComponent,PG_SC_Barrels_08_C'map03_p_WP:PersistentLevel.UNP_PG_SC_Barrels_08_UAID_046874882494427E02_a08f056012bf1a67_1174504287',,67.35573,33.71907,20.627756,
SceneComponent,PG_SC_Barrels_08_C'map03_p_WP:PersistentLevel.UNP_PG_SC_Barrels_08_UAID_046874882494427E02_d13aeda62c2404aa_1174504287',,67.35573,33.71907,20.627756,
SceneComponent,PG_SC_Barrels_08_C'map03_p_WP:PersistentLevel.UNP_PG_SC_Barrels_08_UAID_046874882494477E02_248ca04a73e0c586_1606596357',,67.35573,33.71907,20.627756,
SceneComponent,PG_SC_Barrels_08_C'map03_p_WP:PersistentLevel.UNP_PG_SC_Barrels_08_UAID_0468748824944E8902_c85329728f06dd80_1135167676',,67.35573,33.719067,20.627756,
SceneComponent,PG_SC_Barrels_08_C'map03_p_WP:PersistentLevel.UNP_PG_SC_Barrels_08_UAID_0468748824944E8902_c85329728f06dd80_1135394683',,67.35573,33.71907,20.627756,
SceneComponent,PG_SC_Barrels_08_C'map03_p_WP:PersistentLevel.UNP_PG_SC_Barrels_08_UAID_046874882494907E02_f6ac66adf17bf997_1360002949',,67.35573,33.71907,20.627756,
SceneComponent,PG_SC_Barrels_08_C'map03_p_WP:PersistentLevel.UNP_PG_SC_Barrels_08_UAID_046874882494907E02_f6ac66adf17bf997_1360774027',,67.35573,33.71907,20.627756,
SceneComponent,PG_SC_Barrels_08_C'map03_p_WP:PersistentLevel.UNP_PG_SC_Barrels_08_UAID_046874882494907E02_f6ac66adf17bf997_1376803384',,67.35573,33.719067,20.627756,
SceneComponent,PG_SC_Barrels_08_C'map03_p_WP:PersistentLevel.UNP_PG_SC_Barrels_08_UAID_046874882494907E02_f6ac66adf17bf997_1377291391',,67.35573,33.719067,20.627756,
SceneComponent,PG_SC_Barrels_08_C'map03_p_WP:PersistentLevel.UNP_PG_SC_Barrels_08_UAID_046874882494907E02_f6ac66adf17bf997_1699934555',,67.35573,33.719067,20.627756,
SceneComponent,PG_SC_Barrels_08_C'map03_p_WP:PersistentLevel.UNP_PG_SC_Barrels_08_UAID_046874882494928402_29fb098085780a4e_1954650198',,67.35573,33.719067,20.627756,
SceneComponent,PG_SC_Barrels_08_C'map03_p_WP:PersistentLevel.UNP_PG_SC_Barrels_08_UAID_046874882494977D02_c01302f103af8f1c_1434291216',,67.35573,33.71907,20.627758,
SceneComponent,PG_SC_Barrels_08_C'map03_p_WP:PersistentLevel.UNP_PG_SC_Barrels_08_UAID_046874882494D77F02_46c6e786a3fd7089_1404797911',,67.35573,33.71907,20.627756,
SceneComponent,PG_SC_Barrels_08_C'map03_p_WP:PersistentLevel.UNP_PG_SC_Barrels_08_UAID_046874882494D77F02_46c6e786a3fd7089_1405640065',,67.35573,33.71907,20.627756,
SceneComponent,PG_SC_Barrels_08_C'map03_p_WP:PersistentLevel.UNP_PG_SC_Barrels_08_UAID_046874882494D77F02_46c6e786a3fd7089_1413924424',,67.35573,33.719067,20.627756,
SceneComponent,PG_SC_Barrels_08_C'map03_p_WP:PersistentLevel.UNP_PG_SC_Barrels_08_UAID_046874882494F98A02_2c07323eb2e99beb_2107027989',,67.35573,33.71907,20.627756,
SceneComponent,PG_SC_Barrels_08_C'map03_p_WP:PersistentLevel.UNP_PG_SC_Barrels_08_UAID_046874882494F98A02_2c07323eb2e99beb_2108010143',,67.35573,33.71907,20.627756,
SceneComponent,PG_SC_Barrels_08_C'map03_p_WP:PersistentLevel.UNP_PG_SC_Barrels_08_UAID_18C04DA8201B437902_b67ec8a3d8d2e891_1439530341',,67.35573,33.719067,20.627756,
SceneComponent,PG_Soundtrap_Beam_Crows_01a_C'map03_p_WP:PersistentLevel.UNP_PG_Soundtrap_Beam_Crows_01a_0937f42e405261d3_0',,-11994.825,-448.7546,2778.5112,
SceneComponent,PG_Soundtrap_Beam_Crows_01a_C'map03_p_WP:PersistentLevel.UNP_PG_Soundtrap_Beam_Crows_01a_37a28efbd26adc60_0',,14892.245,-13026.865,1109.8899,
SceneComponent,PG_Soundtrap_Beam_Crows_01a_C'map03_p_WP:PersistentLevel.UNP_PG_Soundtrap_Beam_Crows_01a_9b091094a2e3f407_0',,-13344.56,47583.254,-1392.9486,
SceneComponent,PG_Soundtrap_Beam_Crows_01a_C'map03_p_WP:PersistentLevel.UNP_PG_Soundtrap_Beam_Crows_01a_ab5027526005fa55_0',,60835.38,17565.766,-1479.8098,
SceneComponent,PG_Soundtrap_Beam_Crows_01a_C'map03_p_WP:PersistentLevel.UNP_PG_Soundtrap_Beam_Crows_01a_c85329728f06dd80_0',,-15612.818,14113.7295,325.52747,
SceneComponent,PG_Stool_01a_C'map03_p_WP:PersistentLevel.PG_Stool_01a_C_UAID_D843AE1A93E5FEA202_1285307458',,33482.13,19284.363,2136.7668,
SceneComponent,PG_Workbench_01_Spawner_C'map03_p_WP:PersistentLevel.PG_Workbench_01_Spawner_C_35267f9c3545d35c_1',,58092.98,29475.7,-5411.346,
SceneComponent,PG_Workbench_01_Spawner_C'map03_p_WP:PersistentLevel.PG_Workbench_01_Spawner_C_35267f9c3545d35c_3',,55918.914,32335.555,-4940.2695,
SceneComponent,PG_Workbench_01_Spawner_C'map03_p_WP:PersistentLevel.PG_Workbench_01_Spawner_C_UAID_046874882494168102_20c886124a4a6cac_1342619281',,-571.78186,14365.731,-105.80106,
SceneComponent,PG_Workbench_01_Spawner_C'map03_p_WP:PersistentLevel.PG_Workbench_01_Spawner_C_UAID_046874882494977D02_c01302f103af8f1c_1270171681',,41557.38,30797.988,-2911.0303,
SceneComponent,PG_Workbench_01_Spawner_C'map03_p_WP:PersistentLevel.UNP_PG_Workbench_01_UAID_0468748824944A8902_35267f9c3545d35c_1898499323',,55938.848,27005.867,-5408.065,
SceneComponent,PG_Workbench_01_Spawner_C'map03_p_WP:PersistentLevel.UNP_PG_Workbench_01_UAID_046874882494BB8602_92f9112ff1518191_1733258069',,43221.27,-10321.408,-3650.6934,
SceneComponent,SPOI_Ruins_Small_01a_C'map03_p_WP:PersistentLevel.SPOI_Ruins_Small_01a_C_23',,-109175.75,16523.805,-831.39166,
StaticMeshComponent,Actor'map03_p_WP:PersistentLevel.Actor_0a65446b0d2529e0_9',StaticMesh'Plane',12254.375,42118.58,-2888.641,
StaticMeshComponent,Actor'map03_p_WP:PersistentLevel.Actor_343d1044c12c175f_0',StaticMesh'Plane',62480.86,-1325.6246,-4755.2256,
StaticMeshComponent,Actor'map03_p_WP:PersistentLevel.Actor_3b12317ea1fcbdda_0',StaticMesh'Plane',43722.926,46531.434,-5230.626,
StaticMeshComponent,Actor'map03_p_WP:PersistentLevel.Actor_3ec831d0606c3d94_0',StaticMesh'SM_Bucket_01a',69108.94,3123.4565,-5596.5796,
StaticMeshComponent,Actor'map03_p_WP:PersistentLevel.Actor_653315ec23b604ae_0',StaticMesh'SM_Bucket_01a',10120.119,43008.42,-2935.3406,
StaticMeshComponent,Actor'map03_p_WP:PersistentLevel.Actor_65d9c2c136e04938_0',StaticMesh'Plane',6809.1255,-20378.55,-31.770273,
StaticMeshComponent,Actor'map03_p_WP:PersistentLevel.Actor_7593430b60a84fea_0',StaticMesh'SM_Bucket_01a',11543.353,44420.54,-2887.541,
StaticMeshComponent,Actor'map03_p_WP:PersistentLevel.Actor_955cc7d06168ea1d_0',StaticMesh'Plane',65152.96,2729.7026,-4771.902,
StaticMeshComponent,Actor'map03_p_WP:PersistentLevel.Actor_UAID_046874882494168102_20c886124a4a6cac_1343700326',StaticMesh'Plane',209.34428,-54.332253,95.166954,
StaticMeshComponent,Actor'map03_p_WP:PersistentLevel.Actor_UAID_046874882494427E02_6ed99d200bbadc17_1174570296',StaticMesh'Plane',13509.224,44452.57,-2849.7922,
StaticMeshComponent,Actor'map03_p_WP:PersistentLevel.Actor_UAID_046874882494427E02_a08f056012bf1a67_1174570296',StaticMesh'Plane',49836.07,30457.094,-4239.2,
StaticMeshComponent,Actor'map03_p_WP:PersistentLevel.Actor_UAID_046874882494427E02_d13aeda62c2404aa_1174570296',StaticMesh'Plane',45082.613,13584.059,2264.5278,
StaticMeshComponent,Actor'map03_p_WP:PersistentLevel.Actor_UAID_046874882494477E02_248ca04a73e0c586_1606598358',StaticMesh'Plane',209.34428,-54.332253,95.166954,
StaticMeshComponent,Actor'map03_p_WP:PersistentLevel.Actor_UAID_0468748824944E8902_c85329728f06dd80_1135169677',StaticMesh'Plane',209.34428,-54.332253,95.166954,
StaticMeshComponent,Actor'map03_p_WP:PersistentLevel.Actor_UAID_0468748824944E8902_c85329728f06dd80_1135396684',StaticMesh'Plane',209.34427,-54.332256,95.166954,
StaticMeshComponent,Actor'map03_p_WP:PersistentLevel.Actor_UAID_046874882494907E02_f6ac66adf17bf997_1376805385',StaticMesh'Plane',209.34428,-54.332253,95.166954,
StaticMeshComponent,Actor'map03_p_WP:PersistentLevel.Actor_UAID_046874882494907E02_f6ac66adf17bf997_1377294392',StaticMesh'Plane',209.34428,-54.332253,95.166954,
StaticMeshComponent,Actor'map03_p_WP:PersistentLevel.Actor_UAID_046874882494907E02_f6ac66adf17bf997_1699936556',StaticMesh'Plane',209.34428,-54.332256,95.166954,
StaticMeshComponent,Actor'map03_p_WP:PersistentLevel.Actor_UAID_046874882494977D02_c01302f103af8f1c_1434293217',StaticMesh'Plane',209.3443,-54.332256,95.16696,
StaticMeshComponent,Actor'map03_p_WP:PersistentLevel.Actor_UAID_046874882494D77F02_46c6e786a3fd7089_1405642066',StaticMesh'Plane',209.34428,-54.332253,95.166954,
StaticMeshComponent,Actor'map03_p_WP:PersistentLevel.Actor_UAID_046874882494D77F02_46c6e786a3fd7089_1413926425',StaticMesh'Plane',209.34428,-54.332253,95.166954,
StaticMeshComponent,Actor'map03_p_WP:PersistentLevel.Actor_UAID_046874882494F98A02_2c07323eb2e99beb_2108011144',StaticMesh'Plane',209.34428,-54.332253,95.166954,
StaticMeshComponent,Actor'map03_p_WP:PersistentLevel.Actor_UAID_581CF8B72315C94F02_0a65446b0d2529e0_1833550486',StaticMesh'Plane',12155.1455,42194.344,-2888.1475,
StaticMeshComponent,Actor'map03_p_WP:PersistentLevel.Actor_UAID_581CF8B72315C94F02_d511d7897b3e3c3c_1833550486',StaticMesh'Plane',13834.67,45130.207,-3026.6812,
StaticMeshComponent,Actor'map03_p_WP:PersistentLevel.Actor_UAID_581CF8B72315C94F02_fdc3d6e4587808e0_1833550486',StaticMesh'Plane',42769.242,26541.002,-2949.68,
StaticMeshComponent,Actor'map03_p_WP:PersistentLevel.Actor_UAID_D843AE1A93E58A5202_1c84e9605552bb88_1151383084',StaticMesh'SM_MetalLantern_01a_Glass',68815.67,2892.424,-5556.301,
StaticMeshComponent,Actor'map03_p_WP:PersistentLevel.Actor_UAID_D843AE1A93E58A5202_2a58ec0e7b5f1d6c_1325497134',StaticMesh'Plane',31753.238,19044.193,-5288.751,
StaticMeshComponent,Actor'map03_p_WP:PersistentLevel.Actor_UAID_D843AE1A93E58A5202_2d1ba48273ef26c2_1130343077',StaticMesh'SM_MetalLantern_01a_Glass',36995.06,14186.192,-7116.086,
StaticMeshComponent,Actor'map03_p_WP:PersistentLevel.Actor_UAID_D843AE1A93E58A5202_37a70465a812999d_1211372092',StaticMesh'SM_MetalLantern_01a_Glass',23585.938,201.7043,-870.07214,
StaticMeshComponent,Actor'map03_p_WP:PersistentLevel.Actor_UAID_D843AE1A93E58A5202_43e22c5d8e40812a_1211372092',StaticMesh'SM_MetalLantern_01a_Glass',12423.754,39056.082,-2061.084,
StaticMeshComponent,Actor'map03_p_WP:PersistentLevel.Actor_UAID_D843AE1A93E58A5202_45e1ee1fee89ff8c_1151383084',StaticMesh'SM_MetalLantern_01a_Glass',55745.49,29237.898,-4763.0146,
StaticMeshComponent,Actor'map03_p_WP:PersistentLevel.Actor_UAID_D843AE1A93E58A5202_47f14179e88a172a_1130343077',StaticMesh'SM_MetalLantern_01a_Glass',-9004.803,19511.05,264.40845,
StaticMeshComponent,Actor'map03_p_WP:PersistentLevel.Actor_UAID_D843AE1A93E58A5202_4b4f7a8d3e156d4c_1130343077',StaticMesh'SM_MetalLantern_01a_Glass',23624.912,39992.086,-2266.3442,
StaticMeshComponent,Actor'map03_p_WP:PersistentLevel.Actor_UAID_D843AE1A93E58A5202_4c1c11c82901fdb8_1151383084',StaticMesh'SM_MetalLantern_01a_Glass',-7815.661,19489.062,251.15248,
StaticMeshComponent,Actor'map03_p_WP:PersistentLevel.Actor_UAID_D843AE1A93E58A5202_50cedf7d0f13c933_1325497134',StaticMesh'Plane',31748.684,18451.695,-5288.751,
StaticMeshComponent,Actor'map03_p_WP:PersistentLevel.Actor_UAID_D843AE1A93E58A5202_524085205dea7fcf_1130343077',StaticMesh'SM_MetalLantern_01a_Glass',24071.193,40.932648,-843.6792,
StaticMeshComponent,Actor'map03_p_WP:PersistentLevel.Actor_UAID_D843AE1A93E58A5202_5d1203ed4fb8eadc_1130343077',StaticMesh'SM_MetalLantern_01a_Glass',-6729.174,19710.955,252.28128,
StaticMeshComponent,Actor'map03_p_WP:PersistentLevel.Actor_UAID_D843AE1A93E58A5202_64af00296cefccd9_1130343077',StaticMesh'SM_MetalLantern_01a_Glass',56793.027,26999.45,-5183.6025,
StaticMeshComponent,Actor'map03_p_WP:PersistentLevel.Actor_UAID_D843AE1A93E58A5202_6b24f8ae78bfc48f_1130343077',StaticMesh'SM_MetalLantern_01a_Glass',30487.701,8399.441,1250.5072,
StaticMeshComponent,Actor'map03_p_WP:PersistentLevel.Actor_UAID_D843AE1A93E58A5202_6ce05a9e6ada4321_1130343077',StaticMesh'SM_MetalLantern_01a_Glass',-7822.5557,18191.545,663.0704,
StaticMeshComponent,Actor'map03_p_WP:PersistentLevel.Actor_UAID_D843AE1A93E58A5202_6d0a5dd266b2c716_1130343077',StaticMesh'SM_MetalLantern_01a_Glass',32039.363,20895.56,127.76199,
StaticMeshComponent,Actor'map03_p_WP:PersistentLevel.Actor_UAID_D843AE1A93E58A5202_80cc4ad242d0348d_1130343077',StaticMesh'SM_MetalLantern_01a_Glass',-4014.618,48234.63,-2360.2542,
StaticMeshComponent,Actor'map03_p_WP:PersistentLevel.Actor_UAID_D843AE1A93E58A5202_873aeec5930dc480_1130343077',StaticMesh'SM_MetalLantern_01a_Glass',-7472.4277,17819.39,531.8858,
StaticMeshComponent,Actor'map03_p_WP:PersistentLevel.Actor_UAID_D843AE1A93E58A5202_8d27f57371c06f84_1211372092',StaticMesh'SM_MetalLantern_01a_Glass',-6388.0933,38209.434,-2437.7131,
StaticMeshComponent,Actor'map03_p_WP:PersistentLevel.Actor_UAID_D843AE1A93E58A5202_937026aaf1e7fe73_1130343077',StaticMesh'SM_MetalLantern_01a_Glass',55316.707,27048.992,-5200.185,
StaticMeshComponent,Actor'map03_p_WP:PersistentLevel.Actor_UAID_D843AE1A93E58A5202_9512f941c9ebc616_1130343077',StaticMesh'SM_MetalLantern_01a_Glass',41807.133,33289.504,-2733.252,
StaticMeshComponent,Actor'map03_p_WP:PersistentLevel.Actor_UAID_D843AE1A93E58A5202_953a1dc059f79ce1_1130343077',StaticMesh'SM_MetalLantern_01a_Glass',35558.5,43013.95,-4655.1846,
StaticMeshComponent,Actor'map03_p_WP:PersistentLevel.Actor_UAID_D843AE1A93E58A5202_b3d6bd869b623cd6_1151383084',StaticMesh'SM_MetalLantern_01a_Glass',-20545.867,22050.752,-1420.1658,
StaticMeshComponent,Actor'map03_p_WP:PersistentLevel.Actor_UAID_D843AE1A93E58A5202_c3c1d92632f3c048_1151383084',StaticMesh'SM_MetalLantern_01a_Glass',56578.145,26640.91,-5313.139,
StaticMeshComponent,Actor'map03_p_WP:PersistentLevel.Actor_UAID_D843AE1A93E58A5202_c8d22d9761f16705_1151383084',StaticMesh'SM_MetalLantern_01a_Glass',5763.486,11267.053,37.834206,
StaticMeshComponent,Actor'map03_p_WP:PersistentLevel.Actor_UAID_D843AE1A93E58A5202_cc542c6c128a5d06_1211372092',StaticMesh'SM_MetalLantern_01a_Glass',-5791.6377,34097.37,-2413.0803,
StaticMeshComponent,Actor'map03_p_WP:PersistentLevel.Actor_UAID_D843AE1A93E58A5202_ccf43b32c764dca2_1130343077',StaticMesh'SM_MetalLantern_01a_Glass',32115.406,9321.486,1267.5507,
StaticMeshComponent,Actor'map03_p_WP:PersistentLevel.Actor_UAID_D843AE1A93E58A5202_e10ef0544770964d_1130343077',StaticMesh'SM_MetalLantern_01a_Glass',43739.02,48784.285,-4621.052,
StaticMeshComponent,Actor'map03_p_WP:PersistentLevel.Actor_UAID_D843AE1A93E58A5202_f2a1630299cdf563_1130343077',StaticMesh'SM_MetalLantern_01a_Glass',-3835.6506,23487.96,-91.48775,
StaticMeshComponent,Actor'map03_p_WP:PersistentLevel.Actor_b577c58d72231d0c_0',StaticMesh'SM_Bucket_01a',11121.111,44119.113,-2734.5461,
StaticMeshComponent,Actor'map03_p_WP:PersistentLevel.Actor_bacad867c9c5e889_2',StaticMesh'SM_MetalLantern_01a_Glass',23926.393,39.128353,-692.9686,
StaticMeshComponent,Actor'map03_p_WP:PersistentLevel.Actor_c9bdea24449a5a6b_0',StaticMesh'Plane',20748.87,39124.133,-2045.2412,
StaticMeshComponent,Actor'map03_p_WP:PersistentLevel.Actor_d511d7897b3e3c3c_9',StaticMesh'Plane',13714.026,45098.082,-3027.1748,
StaticMeshComponent,Actor'map03_p_WP:PersistentLevel.Actor_deafa6fee9cd0b16_0',StaticMesh'SM_FullBodyMutilated_05',49964.38,31486.172,-4385.4526,
StaticMeshComponent,Actor'map03_p_WP:PersistentLevel.Actor_f5e949c25fd8185c_0',StaticMesh'SM_Bucket_01a',-5121.2886,36095.37,-2304.7456,
StaticMeshComponent,Actor'map03_p_WP:PersistentLevel.Actor_fdc3d6e4587808e0_9',StaticMesh'Plane',42663.734,26474.262,-2950.1733,
StaticMeshComponent,Actor'map03_p_WP:PersistentLevel.Actor_fe1b57b7a3b31366_0',StaticMesh'SM_Bucket_01a',-7204.0522,37544.613,-2494.8242,
StaticMeshComponent,LootNode'map03_p_WP:PersistentLevel.LootNode_UAID_0468748824946A9102_70b069ed0aa90e45_1400888517',StaticMesh'SM_MapContainer_01a',31895.41,23072.334,-5588.925,
StaticMeshComponent,LootNode'map03_p_WP:PersistentLevel.LootNode_UAID_046874882494AD8D02_e866662526208594_1997730827',StaticMesh'SM_Ampoule_03',36847.504,49535.28,-3578.2866,
StaticMeshComponent,LootNode'map03_p_WP:PersistentLevel.LootNode_UAID_046874882494AD8D02_e866662526208594_1997732828',StaticMesh'SM_LootNode',36917.715,49355.918,-3565.0405,
StaticMeshComponent,LootNode'map03_p_WP:PersistentLevel.LootNode_UAID_04D9F5F93AD5326502_12e65868fd8f26ee_1657069368',StaticMesh'SM_AmbroseTitheKey_01a',39317.035,16359.187,-7044.277,
StaticMeshComponent,LootNode'map03_p_WP:PersistentLevel.LootNode_UAID_04D9F5F93AD5A16C02_aea6d6ea3b5e144a_2003277394',StaticMesh'SM_LetterNote_01a',32569.086,8377.009,1236.7317,
StaticMeshComponent,LootNode'map03_p_WP:PersistentLevel.LootNode_UAID_04D9F5F93AD5B06502_12e65868fd8f26ee_1737737922',StaticMesh'SM_AmbroseTitheKey_01a',44621.24,13941.192,2233.175,
StaticMeshComponent,LootNode'map03_p_WP:PersistentLevel.LootNode_UAID_04D9F5F93AD5B06502_12e65868fd8f26ee_1836086923',StaticMesh'SM_AmbroseTitheKey_01a',45801.65,14923.701,2190.0051,
StaticMeshComponent,LootNode'map03_p_WP:PersistentLevel.LootNode_UAID_04D9F5F93AD5B06502_12e65868fd8f26ee_1909664924',StaticMesh'SM_AmbroseTitheKey_01a',39633.836,14868.21,1637.8364,
StaticMeshComponent,LootNode'map03_p_WP:PersistentLevel.LootNode_UAID_04D9F5F93AD5BA6102_91ce05da56308e53_1769538903',StaticMesh'SM_LootNode',13549.424,45031.348,-2881.082,
StaticMeshComponent,LootNode'map03_p_WP:PersistentLevel.LootNode_UAID_D843AE1A93E502A402_1148875540',StaticMesh'SM_CosmeticSchemas_03a',39280.773,22388.408,1156.7538,
StaticMeshComponent,LootNode'map03_p_WP:PersistentLevel.LootNode_UAID_D843AE1A93E50A9D02_1053412d7923bbfe_1571953617',StaticMesh'SM_LootNode',55691.965,29257.422,-4780.679,
StaticMeshComponent,LootNode'map03_p_WP:PersistentLevel.LootNode_UAID_D843AE1A93E52E8002_1343860767',StaticMesh'SM_CosmeticSchemas_02a',-10623.056,5800.694,-2398.2324,
StaticMeshComponent,LootNode'map03_p_WP:PersistentLevel.LootNode_UAID_D843AE1A93E52F8002_1433117946',StaticMesh'SM_LetterNote_01a',-10651.503,5790.0576,-2391.9548,
StaticMeshComponent,LootNode'map03_p_WP:PersistentLevel.LootNode_UAID_D843AE1A93E53AA402_2133196733',StaticMesh'SM_CosmeticSchemas_04a',-20483.713,22054.693,-1419.2269,
StaticMeshComponent,LootNode'map03_p_WP:PersistentLevel.LootNode_UAID_D843AE1A93E53AD602_1378244053',StaticMesh'SM_CosmeticSchemas_02a',23994.645,53911.9,-5478.9453,
StaticMeshComponent,LootNode'map03_p_WP:PersistentLevel.LootNode_UAID_D843AE1A93E53BA402_1988503431',StaticMesh'SM_CosmeticSchemas_02a',-273.17026,-12117.799,561.7019,
StaticMeshComponent,LootNode'map03_p_WP:PersistentLevel.LootNode_UAID_D843AE1A93E53BD602_1170869489',StaticMesh'SM_CosmeticSchemas_04a',23490.447,14765.408,436.86148,
StaticMeshComponent,LootNode'map03_p_WP:PersistentLevel.LootNode_UAID_D843AE1A93E53CA402_1408180955',StaticMesh'SM_LootNode',43487.49,17869.5,-3343.0325,
StaticMeshComponent,LootNode'map03_p_WP:PersistentLevel.LootNode_UAID_D843AE1A93E53DD002_1125401856',StaticMesh'SM_CosRecip_Epic_GoldnEbony_01a',-875.3173,13024.082,164.40857,
StaticMeshComponent,LootNode'map03_p_WP:PersistentLevel.LootNode_UAID_D843AE1A93E53DD002_1820402864',StaticMesh'SM_CosRecip_Epic_GoldnEbony_01a',55967.637,26957.969,-5309.26,
StaticMeshComponent,LootNode'map03_p_WP:PersistentLevel.LootNode_UAID_D843AE1A93E53DD002_2119838865',StaticMesh'SM_CosRecip_Epic_GoldnEbony_01a',39917.863,48970.973,-3532.506,
StaticMeshComponent,LootNode'map03_p_WP:PersistentLevel.LootNode_UAID_D843AE1A93E53DD602_1396349848',StaticMesh'SM_CosmeticSchemas_03a',68867.77,2831.6426,-5584.075,
StaticMeshComponent,LootNode'map03_p_WP:PersistentLevel.LootNode_UAID_D843AE1A93E53ED002_1930645354',StaticMesh'SM_CosRecip_Uncom_Leather_01a',18448.213,32831.086,-1905.3774,
StaticMeshComponent,LootNode'map03_p_WP:PersistentLevel.LootNode_UAID_D843AE1A93E53ED602_1277099258',StaticMesh'SM_ShortSword_02',-7736.572,43784.586,-3897.8374,
StaticMeshComponent,LootNode'map03_p_WP:PersistentLevel.LootNode_UAID_D843AE1A93E53FD002_1247408531',StaticMesh'SM_CosRecip_Rare_Painting_01a',24562.99,39759.746,-2353.9841,
StaticMeshComponent,LootNode'map03_p_WP:PersistentLevel.LootNode_UAID_D843AE1A93E53FD002_1574519532',StaticMesh'SM_CosRecip_Epic_GoldnEbony_01a',44754.613,44605.96,-5272.8955,
StaticMeshComponent,LootNode'map03_p_WP:PersistentLevel.LootNode_UAID_D843AE1A93E53FD602_1369858435',StaticMesh'SM_CosmeticSchemas_04a',-7774.2783,43887.207,-3904.4197,
StaticMeshComponent,LootNode'map03_p_WP:PersistentLevel.LootNode_UAID_D843AE1A93E543D002_2058345386',StaticMesh'SM_CosRecip_Epic_GoldnEbony_01a',10719.448,-4019.396,-159.5085,
StaticMeshComponent,LootNode'map03_p_WP:PersistentLevel.LootNode_UAID_D843AE1A93E545D002_1658893739',StaticMesh'SM_CosRecip_Rare_Painting_01a',-20165.42,20417.512,-1389.6716,
StaticMeshComponent,LootNode'map03_p_WP:PersistentLevel.LootNode_UAID_D843AE1A93E5487E02_91ce05da56308e53_1360375919',StaticMesh'SM_Axe_LooseLoot',12808.13,44522.69,-2975.8962,
StaticMeshComponent,LootNode'map03_p_WP:PersistentLevel.LootNode_UAID_D843AE1A93E54ADA02_1619958730',StaticMesh'SM_AmmoRefined_01a',32202.0,10200.2295,1233.8114,
StaticMeshComponent,LootNode'map03_p_WP:PersistentLevel.LootNode_UAID_D843AE1A93E54ADA02_1676880731',StaticMesh'SM_AmmoRefined_01a',35451.93,8614.988,1133.7074,
StaticMeshComponent,LootNode'map03_p_WP:PersistentLevel.LootNode_UAID_D843AE1A93E54ADA02_1813673732',StaticMesh'SM_AmmoRefined_01a',5495.136,11370.26,-81.04708,
StaticMeshComponent,LootNode'map03_p_WP:PersistentLevel.LootNode_UAID_D843AE1A93E54BDA02_1317382909',StaticMesh'SM_AmmoRefined_01a',27755.291,22807.764,-144.03845,
StaticMeshComponent,LootNode'map03_p_WP:PersistentLevel.LootNode_UAID_D843AE1A93E54BDA02_1628187910',StaticMesh'SM_AmmoRefined_01a',58065.086,30045.305,-5317.371,
StaticMeshComponent,LootNode'map03_p_WP:PersistentLevel.LootNode_UAID_D843AE1A93E54BDA02_1888905911',StaticMesh'SM_AmmoRefined_01a',-5067.607,44907.906,-4162.265,
StaticMeshComponent,LootNode'map03_p_WP:PersistentLevel.LootNode_UAID_D843AE1A93E54DDA02_1076984264',StaticMesh'SM_AmmoRefined_01a',22044.969,21048.355,382.08652,
StaticMeshComponent,LootNode'map03_p_WP:PersistentLevel.LootNode_UAID_D843AE1A93E569D302_2142634445',StaticMesh'SM_Axe_LooseLoot',24678.855,-3350.7632,-941.2924,
StaticMeshComponent,LootNode'map03_p_WP:PersistentLevel.LootNode_UAID_D843AE1A93E56FD302_2096127971',StaticMesh'SM_LongSword',22958.918,26802.057,-1104.6165,
StaticMeshComponent,LootNode'map03_p_WP:PersistentLevel.LootNode_UAID_D843AE1A93E570D302_1279677148',StaticMesh'SM_Volant_LooseLoot',14696.085,-12988.646,173.61726,
StaticMeshComponent,LootNode'map03_p_WP:PersistentLevel.LootNode_UAID_D843AE1A93E574D302_1587399019',StaticMesh'SM_Bloodbag_Uncommon_Loose_01a',28569.195,21910.182,319.54968,
StaticMeshComponent,LootNode'map03_p_WP:PersistentLevel.LootNode_UAID_D843AE1A93E5937E02_92f9112ff1518191_1544708535',StaticMesh'SM_LootNode',40464.297,-9940.589,-3765.786,
StaticMeshComponent,LootNode'map03_p_WP:PersistentLevel.LootNode_UAID_D843AE1A93E5999402_6eba12598bb1f39f_2013096152',StaticMesh'SM_Volcan_LooseLoot',36863.96,14217.502,-7260.097,
StaticMeshComponent,LootNode'map03_p_WP:PersistentLevel.LootNode_UAID_D843AE1A93E5B78702_e866662526208594_1167653877',StaticMesh'SM_Bloodbag_Uncommon_Loose_01a',36850.062,52083.223,-3501.2578,
StaticMeshComponent,LootNode'map03_p_WP:PersistentLevel.LootNode_UAID_D843AE1A93E5B78702_e866662526208594_1217446878',StaticMesh'SM_Bloodbag_Uncommon_Loose_01a',38464.72,52212.992,-3504.1287,
StaticMeshComponent,LootNode'map03_p_WP:PersistentLevel.LootNode_UAID_D843AE1A93E5B78702_e866662526208594_1252618879',StaticMesh'SM_LootNode',39312.383,51391.574,-3579.3508,
StaticMeshComponent,LootNode'map03_p_WP:PersistentLevel.LootNode_UAID_D843AE1A93E5E48802_4cb1a62a42540541_1921414052',StaticMesh'SM_LootNode',38767.26,50703.516,-3636.8367,
StaticMeshComponent,LootNode'map03_p_WP:PersistentLevel.LootNode_UAID_D843AE1A93E5E48802_4cb1a62a42540541_1954799053',StaticMesh'SM_LootNode',38432.05,50435.773,-3562.5527,
StaticMeshComponent,LootNode'map03_p_WP:PersistentLevel.LootNode_UAID_D843AE1A93E5E48802_4cb1a62a42540541_2002092054',StaticMesh'SM_LootNode',37437.98,48546.703,-3606.5378,
StaticMeshComponent,LootNode'map03_p_WP:PersistentLevel.LootNode_UAID_D843AE1A93E5E48802_4cb1a62a42540541_2046987055',StaticMesh'SM_LootNode',35808.95,49300.59,-3587.3542,
StaticMeshComponent,LootNode'map03_p_WP:PersistentLevel.LootNode_bacad867c9c5e889_0',StaticMesh'SM_MapContainer_01a',24160.8,-28.956837,-719.4668,
StaticMeshComponent,LootNode'map03_p_WP:PersistentLevel.UNP_LootNode1_UAID_0468748824944A8902_35267f9c3545d35c_1906833696',StaticMesh'SM_Bloodbag_Uncommon_Loose_01a',55779.47,32147.436,-4853.8613,
StaticMeshComponent,LootNode'map03_p_WP:PersistentLevel.UNP_LootNode1_UAID_0468748824944E8902_c85329728f06dd80_1129141542',StaticMesh'SM_ArmorRepairKit_05',-14297.453,14416.3,-58.95923,
StaticMeshComponent,LootNode'map03_p_WP:PersistentLevel.UNP_LootNode1_UAID_046874882494907E02_f6ac66adf17bf997_1419483479',StaticMesh'SM_CoinPurses_01a',-18862.793,22218.182,-1428.2445,
StaticMeshComponent,LootNode'map03_p_WP:PersistentLevel.UNP_LootNode1_UAID_046874882494D97F02_46c6e786a3fd7089_1114789372',StaticMesh'SM_Bloodbag_Uncommon_Loose_01a',23338.447,42476.27,-2368.6033,
StaticMeshComponent,LootNode'map03_p_WP:PersistentLevel.UNP_LootNode2_UAID_046874882494118C02_2389606fe4e70095_1378909499',StaticMesh'SM_Ampoule_02',28788.447,26082.62,-1585.0391,
StaticMeshComponent,LootNode'map03_p_WP:PersistentLevel.UNP_LootNode2_UAID_046874882494477E02_248ca04a73e0c586_1606374353',StaticMesh'SM_Ampoule_02',37065.29,19660.363,2235.2195,
StaticMeshComponent,LootNode'map03_p_WP:PersistentLevel.UNP_LootNode2_UAID_0468748824944A8902_35267f9c3545d35c_1906632684',StaticMesh'SM_KeyRing_Gold_01a',57734.668,30152.006,-4700.6943,
StaticMeshComponent,LootNode'map03_p_WP:PersistentLevel.UNP_LootNode2_UAID_0468748824944E8902_c85329728f06dd80_1243407106',StaticMesh'SM_Ampoule_03',-16207.66,13500.828,447.6358,
StaticMeshComponent,LootNode'map03_p_WP:PersistentLevel.UNP_LootNode2_UAID_0468748824944E8902_c85329728f06dd80_1243873126',StaticMesh'SM_ArmorPatch_01_Loose',-14541.669,14018.923,451.10648,
StaticMeshComponent,LootNode'map03_p_WP:PersistentLevel.UNP_LootNode2_UAID_046874882494907E02_f6ac66adf17bf997_1360762022',StaticMesh'SM_Ampoule_02',-19778.252,23410.873,-1423.6426,
StaticMeshComponent,LootNode'map03_p_WP:PersistentLevel.UNP_LootNode2_UAID_046874882494938402_29fb098085780a4e_1811928186',StaticMesh'SM_LootNode',22248.604,12964.786,258.48526,
StaticMeshComponent,LootNode'map03_p_WP:PersistentLevel.UNP_LootNode2_UAID_046874882494977D02_c01302f103af8f1c_1269563635',StaticMesh'SM_LootNode',41838.46,30967.92,-2915.384,
StaticMeshComponent,LootNode'map03_p_WP:PersistentLevel.UNP_LootNode2_UAID_046874882494D77F02_46c6e786a3fd7089_1405157972',StaticMesh'SM_Ampoule_01',23099.027,39628.695,-2311.2358,
StaticMeshComponent,LootNode'map03_p_WP:PersistentLevel.UNP_LootNode2_UAID_046874882494D77F02_46c6e786a3fd7089_1405188984',StaticMesh'SM_Ampoule_02',23150.62,40269.406,-2311.1917,
StaticMeshComponent,LootNode'map03_p_WP:PersistentLevel.UNP_LootNode2_UAID_046874882494F98A02_2c07323eb2e99beb_2107495062',StaticMesh'SM_KeyRing_Gold_01a',31888.12,9649.848,1242.8687,
StaticMeshComponent,LootNode'map03_p_WP:PersistentLevel.UNP_LootNode2_UAID_046874882494F98A02_2c07323eb2e99beb_2107997138',StaticMesh'SM_KeyRing_Bronze_01a',32765.225,7409.103,1251.2974,
StaticMeshComponent,LootNode'map03_p_WP:PersistentLevel.UNP_LootNode2_UAID_18C04DA8201B437902_b67ec8a3d8d2e891_1442144516',StaticMesh'SM_LOOT_Shoes_01c',-3116.1536,43866.605,-4304.5195,
StaticMeshComponent,LootNode'map03_p_WP:PersistentLevel.UNP_LootNode_UAID_046874882494169202_12e65868fd8f26ee_1867760024',StaticMesh'SM_JewelleryBox_01a',45735.59,14873.672,2190.7202,
StaticMeshComponent,LootNode'map03_p_WP:PersistentLevel.UNP_LootNode_UAID_046874882494169202_12e65868fd8f26ee_1867764025',StaticMesh'SM_LootNode',45949.867,14901.724,2190.7202,
StaticMeshComponent,LootNode'map03_p_WP:PersistentLevel.UNP_LootNode_UAID_046874882494427E02_6ed99d200bbadc17_1174435281',StaticMesh'SM_Ampoule_02',12440.799,45106.215,-2917.1665,
StaticMeshComponent,LootNode'map03_p_WP:PersistentLevel.UNP_LootNode_UAID_046874882494427E02_6ed99d200bbadc17_1174649312',StaticMesh'SM_Ampoule_02',13524.613,45110.34,-2880.5679,
StaticMeshComponent,LootNode'map03_p_WP:PersistentLevel.UNP_LootNode_UAID_046874882494427E02_a08f056012bf1a67_1174435281',StaticMesh'SM_Ampoule_02',49612.746,29224.652,-4306.5747,
StaticMeshComponent,LootNode'map03_p_WP:PersistentLevel.UNP_LootNode_UAID_046874882494427E02_a08f056012bf1a67_1174649312',StaticMesh'SM_Ampoule_02',49217.2,30233.719,-4269.9756,
StaticMeshComponent,LootNode'map03_p_WP:PersistentLevel.UNP_LootNode_UAID_046874882494427E02_d13aeda62c2404aa_1174435281',StaticMesh'SM_Ampoule_02',43948.6,13052.271,2197.1536,
StaticMeshComponent,LootNode'map03_p_WP:PersistentLevel.UNP_LootNode_UAID_046874882494427E02_d13aeda62c2404aa_1174649312',StaticMesh'SM_Ampoule_02',44542.07,13959.171,2233.7522,
StaticMeshComponent,LootNode'map03_p_WP:PersistentLevel.UNP_LootNode_UAID_046874882494477E02_248ca04a73e0c586_1606986382',StaticMesh'SM_CoinPurses_01c',36604.234,19601.652,2226.6418,
StaticMeshComponent,LootNode'map03_p_WP:PersistentLevel.UNP_LootNode_UAID_046874882494477E02_248ca04a73e0c586_1606988383',,36495.516,19414.885,2226.6418,
StaticMeshComponent,LootNode'map03_p_WP:PersistentLevel.UNP_LootNode_UAID_046874882494477E02_248ca04a73e0c586_1607417409',StaticMesh'SM_LootNode',36081.39,19400.059,2284.6638,
StaticMeshComponent,LootNode'map03_p_WP:PersistentLevel.UNP_LootNode_UAID_0468748824944E8902_c85329728f06dd80_1241380069',StaticMesh'SM_Bloodbag_Uncommon_Loose_01a',-13220.229,13401.368,-468.1838,
StaticMeshComponent,LootNode'map03_p_WP:PersistentLevel.UNP_LootNode_UAID_0468748824944E8902_c85329728f06dd80_1242285086',StaticMesh'SM_Bloodbag_Uncommon_Loose_01a',-14067.475,13325.457,-436.77383,
StaticMeshComponent,LootNode'map03_p_WP:PersistentLevel.UNP_LootNode_UAID_046874882494907E02_f6ac66adf17bf997_1359973938',StaticMesh'SM_KeyRing_Gold_01a',-20251.457,20548.805,-1389.713,
StaticMeshComponent,LootNode'map03_p_WP:PersistentLevel.UNP_LootNode_UAID_046874882494907E02_f6ac66adf17bf997_1359994946',StaticMesh'SM_Ampoule_02',-20105.953,21099.514,-1480.696,
StaticMeshComponent,LootNode'map03_p_WP:PersistentLevel.UNP_LootNode_UAID_046874882494907E02_f6ac66adf17bf997_1360758020',StaticMesh'SM_Ampoule_03',-20076.469,23594.455,-1423.626,
StaticMeshComponent,LootNode'map03_p_WP:PersistentLevel.UNP_LootNode_UAID_046874882494928402_29fb098085780a4e_1954619187',StaticMesh'SM_LootNode',17668.047,15791.062,93.77547,
StaticMeshComponent,LootNode'map03_p_WP:PersistentLevel.UNP_LootNode_UAID_046874882494928402_29fb098085780a4e_1954631191',StaticMesh'SM_LootNode',17623.178,16002.461,93.77547,
StaticMeshComponent,LootNode'map03_p_WP:PersistentLevel.UNP_LootNode_UAID_046874882494928402_29fb098085780a4e_1954641195',StaticMesh'SM_LootNode',16974.361,16029.143,2.357751,
StaticMeshComponent,LootNode'map03_p_WP:PersistentLevel.UNP_LootNode_UAID_046874882494AD8D02_e866662526208594_2001258061',StaticMesh'SM_Ampoule_05',36160.188,49340.39,-3635.7905,
StaticMeshComponent,LootNode'map03_p_WP:PersistentLevel.UNP_LootNode_UAID_046874882494AD8D02_e866662526208594_2003977328',StaticMesh'SM_Bloodbag_Rare_Loose_01a',37173.227,52261.04,-3506.482,
StaticMeshComponent,LootNode'map03_p_WP:PersistentLevel.UNP_LootNode_UAID_046874882494AD8D02_e866662526208594_2003979329',StaticMesh'SM_Ampoule_02',37389.777,52271.47,-3506.7117,
StaticMeshComponent,LootNode'map03_p_WP:PersistentLevel.UNP_LootNode_UAID_046874882494BB8602_92f9112ff1518191_1891338295',StaticMesh'SM_Ampoule_05',39555.45,-10054.332,-3635.1057,
StaticMeshComponent,LootNode'map03_p_WP:PersistentLevel.UNP_LootNode_UAID_046874882494BB8602_92f9112ff1518191_1952300378',,42784.01,-11764.548,-3832.1355,
StaticMeshComponent,LootNode'map03_p_WP:PersistentLevel.UNP_LootNode_UAID_046874882494D77F02_46c6e786a3fd7089_1404779904',StaticMesh'SM_Bloodbag_Uncommon_Loose_01a',25564.336,40991.52,-2320.0403,
StaticMeshComponent,LootNode'map03_p_WP:PersistentLevel.UNP_LootNode_UAID_046874882494D77F02_46c6e786a3fd7089_1404789908',StaticMesh'SM_KeyRing_Bronze_01a',26029.453,40534.37,-2411.187,
StaticMeshComponent,LootNode'map03_p_WP:PersistentLevel.UNP_LootNode_UAID_046874882494D77F02_46c6e786a3fd7089_1405624058',StaticMesh'SM_Ampoule_03',24617.738,40331.09,-2319.7693,
StaticMeshComponent,LootNode'map03_p_WP:PersistentLevel.UNP_LootNode_UAID_046874882494D77F02_46c6e786a3fd7089_1405630061',StaticMesh'SM_CoinPurses_01a',24638.35,40887.004,-2261.7473,
StaticMeshComponent,LootNode'map03_p_WP:PersistentLevel.UNP_LootNode_UAID_046874882494F98A02_2c07323eb2e99beb_2106996978',StaticMesh'SM_Ampoule_02',34516.113,7408.235,1236.0879,
StaticMeshComponent,LootNode'map03_p_WP:PersistentLevel.UNP_LootNode_UAID_046874882494F98A02_2c07323eb2e99beb_2107019986',StaticMesh'SM_CoinPurses_01a',34964.555,7995.5864,1192.7471,
StaticMeshComponent,LootNode'map03_p_WP:PersistentLevel.UNP_LootNode_UAID_046874882494F98A02_2c07323eb2e99beb_2107470053',StaticMesh'SM_Ampoule_03',31883.248,9375.152,1306.1193,
StaticMeshComponent,LootNode'map03_p_WP:PersistentLevel.UNP_LootNode_UAID_046874882494F98A02_2c07323eb2e99beb_2107994137',StaticMesh'SM_CandleHolder_02a',33090.71,6870.0923,1242.0275,
StaticMeshComponent,LootNode'map03_p_WP:PersistentLevel.UNP_LootNode_UAID_18C04DA8201B327902_0937f42e405261d3_2128612275',StaticMesh'SM_Bloodbag_Uncommon_Loose_01a',-12078.569,-69.45967,2522.8254,
StaticMeshComponent,LootNode'map03_p_WP:PersistentLevel.UNP_LootNode_UAID_18C04DA8201B327902_37a28efbd26adc60_2128612275',StaticMesh'SM_Bloodbag_Uncommon_Loose_01a',14996.364,-12652.65,854.2041,
StaticMeshComponent,LootNode'map03_p_WP:PersistentLevel.UNP_LootNode_UAID_18C04DA8201B327902_9b091094a2e3f407_2128612275',StaticMesh'SM_Bloodbag_Uncommon_Loose_01a',-13731.85,47612.977,-1648.6344,
StaticMeshComponent,LootNode'map03_p_WP:PersistentLevel.UNP_LootNode_UAID_18C04DA8201B327902_ab5027526005fa55_2128612275',StaticMesh'SM_Bloodbag_Uncommon_Loose_01a',60779.184,17950.11,-1735.4956,
StaticMeshComponent,LootNode'map03_p_WP:PersistentLevel.UNP_LootNode_UAID_18C04DA8201B437902_b67ec8a3d8d2e891_1439116329',StaticMesh'SM_CoinPurses_01b',-4682.476,38605.91,-2457.6143,
StaticMeshComponent,LootNode'map03_p_WP:PersistentLevel.UNP_LootNode_UAID_18C04DA8201B437902_b67ec8a3d8d2e891_1439119330',StaticMesh'SM_Ampoule_02',-4591.134,38424.57,-2458.2537,
StaticMeshComponent,LootNode'map03_p_WP:PersistentLevel.UNP_LootNode_UAID_18C04DA8201B437902_b67ec8a3d8d2e891_1439697353',StaticMesh'SM_KeyRing_Bronze_01a',-5412.346,38015.6,-2549.032,
StaticMeshComponent,LootNode'map03_p_WP:PersistentLevel.UNP_LootNode_UAID_18C04DA8201BEF7202_91ce05da56308e53_1213433391',StaticMesh'SM_LootNode',7617.6567,42436.145,-2962.8633,
StaticMeshComponent,Loot_FlourSacks_03_C'map03_p_WP:PersistentLevel.Loot_FlourSacks_03_C_UAID_04D9F5F93AD55C3902_bec67a2b2ea3c43d_1453905709',,12355.416,16890.59,-159.06615,
StaticMeshComponent,Loot_FlourSacks_03_C'map03_p_WP:PersistentLevel.Loot_FlourSacks_03_C_UAID_04D9F5F93AD55C3902_bec67a2b2ea3c43d_1453912712',,12677.534,16829.344,-159.06615,
StaticMeshComponent,Loot_FlourSacks_03_C'map03_p_WP:PersistentLevel.Loot_FlourSacks_03_C_UAID_04D9F5F93AD55C3902_efc6d5bc88908f1a_1453905709',,11970.501,39673.367,-2299.842,
StaticMeshComponent,Loot_FlourSacks_03_C'map03_p_WP:PersistentLevel.Loot_FlourSacks_03_C_UAID_04D9F5F93AD55C3902_efc6d5bc88908f1a_1453912712',,11648.766,39736.594,-2299.4143,
StaticMeshComponent,Loot_FlourSacks_03_C'map03_p_WP:PersistentLevel.UNP_Loot_FlourSacks_03_UAID_046874882494BB8602_92f9112ff1518191_1733251065',,42707.55,-10134.568,-3649.0564,
StaticMeshComponent,Loot_FlourSacks_03_C'map03_p_WP:PersistentLevel.UNP_PG_FlourSacks_04_UAID_046874882494118C02_2389606fe4e70095_1229930431',,26199.785,24987.418,-830.2805,
StaticMeshComponent,Loot_FlourSacks_03_C'map03_p_WP:PersistentLevel.UNP_PG_FlourSacks_04_UAID_046874882494118C02_2389606fe4e70095_1230146489',,27077.305,21498.084,227.32477,
StaticMeshComponent,Loot_FlourSacks_03_C'map03_p_WP:PersistentLevel.UNP_PG_FlourSacks_04_UAID_046874882494118C02_2389606fe4e70095_1230688616',,28080.955,21745.17,227.32478,
StaticMeshComponent,Loot_FlourSacks_03_C'map03_p_WP:PersistentLevel.UNP_PG_FlourSacks_04_UAID_046874882494129202_87d6de7cd1afab30_1951475515',,41938.18,16404.793,1821.9526,
StaticMeshComponent,Loot_FlourSacks_03_C'map03_p_WP:PersistentLevel.UNP_PG_FlourSacks_04_UAID_046874882494168102_20c886124a4a6cac_1351889499',,-1287.9794,12722.661,72.57183,
StaticMeshComponent,Loot_FlourSacks_03_C'map03_p_WP:PersistentLevel.UNP_PG_FlourSacks_04_UAID_046874882494938402_29fb098085780a4e_1575309702',,22422.688,20667.945,287.94772,
StaticMeshComponent,Loot_FlourSacks_03_C'map03_p_WP:PersistentLevel.UNP_PG_FlourSacks_04_UAID_18C04DA8201B437902_b67ec8a3d8d2e891_1446565734',,-2811.9062,42103.375,-2566.2876,
StaticMeshComponent,Loot_FlourSacks_03_C'map03_p_WP:PersistentLevel.UNP_PG_FlourSacks_04_UAID_18C04DA8201BEF7202_91ce05da56308e53_1622875818',,9482.254,41984.695,-2540.2166,
StaticMeshComponent,Loot_FlourSacks_03_C'map03_p_WP:PersistentLevel.UNP_PG_FlourSacks_04_e6bb2361b1e4fd9c_0',,50857.19,26168.49,-4208.922,
StaticMeshComponent,Loot_FlourSacks_03_C'map03_p_WP:PersistentLevel.UNP_PG_FlourSacks_10a12_UAID_0468748824944E8902_c85329728f06dd80_1239782014',,-15386.355,13519.839,-639.56165,
StaticMeshComponent,Loot_FlourSacks_03_C'map03_p_WP:PersistentLevel.UNP_PG_FlourSacks_10a12_UAID_0468748824944E8902_c85329728f06dd80_1240010027',,-14916.218,14610.8125,-147.68399,
StaticMeshComponent,Loot_FlourSacks_03_C'map03_p_WP:PersistentLevel.UNP_PG_FlourSacks_10a12_UAID_046874882494689102_70b069ed0aa90e45_1222048100',,31256.562,22938.85,-5586.296,
StaticMeshComponent,Loot_FlourSacks_03_C'map03_p_WP:PersistentLevel.UNP_PG_FlourSacks_10a12_UAID_046874882494F98A02_2c07323eb2e99beb_1942242747',,31792.664,11150.444,1109.483,
StaticMeshComponent,MapMarkerActor'map03_p_WP:PersistentLevel.MapMarkerActor_UAID_AC361BEF65942BBC02_1408722675',StaticMesh'SM_Plane_01a',20336.723,17467.535,15000.0,
StaticMeshComponent,Node_Con_BarrelLathe_C'map03_p_WP:PersistentLevel.Node_Con_BarrelLathe_C_UAID_04D9F5F93AD58D9402_dc34285cb543596b_1445608601',StaticMesh'SM_NodePicked',30422.168,8464.087,1214.4568,
StaticMeshComponent,Node_Con_BlackenedStriker_C'map03_p_WP:PersistentLevel.Node_Con_BlackenedStriker_C_UAID_D843AE1A93E560B902_1a85517afcbee83d_1583786791',StaticMesh'SM_BlackenedStriker_02a',-19211.914,24834.928,-1418.5854,
StaticMeshComponent,Node_Con_BlackenedStriker_C'map03_p_WP:PersistentLevel.Node_Con_BlackenedStriker_C_UAID_D843AE1A93E560B902_1c6c6b5afb6401fd_1583786791',StaticMesh'SM_BlackenedStriker_02a',-6661.2485,18249.4,57.652813,
StaticMeshComponent,Node_Con_BlackenedStriker_C'map03_p_WP:PersistentLevel.Node_Con_BlackenedStriker_C_UAID_D843AE1A93E560B902_9b94d61b414db5ab_1583786791',StaticMesh'SM_BlackenedStriker_02a',33540.69,19548.166,2217.548,
StaticMeshComponent,Node_Con_BlackenedStriker_C'map03_p_WP:PersistentLevel.Node_Con_BlackenedStriker_C_UAID_D843AE1A93E560B902_d454d5608627b4f7_1583786791',StaticMesh'SM_BlackenedStriker_02a',43154.23,28456.08,-2848.6147,
StaticMeshComponent,Node_Con_BlackenedStriker_C'map03_p_WP:PersistentLevel.Node_Con_BlackenedStriker_C_UAID_D843AE1A93E560B902_d5ba5fee622e4c1f_1583786791',StaticMesh'SM_BlackenedStriker_02a',36938.89,21563.84,1597.6022,
StaticMeshComponent,Node_Con_BlackenedStriker_C'map03_p_WP:PersistentLevel.Node_Con_BlackenedStriker_C_UAID_D843AE1A93E560B902_ef97383246d0c224_1583786791',StaticMesh'SM_BlackenedStriker_02a',34783.08,11861.639,1218.054,
StaticMeshComponent,Node_Con_BrokenRifle_C'map03_p_WP:PersistentLevel.Node_Con_BrokenRifle_C_UAID_D843AE1A93E55DAE02_1828361979',StaticMesh'SM_Loot_BarrelLathe_01a_Looted',43844.465,13574.807,2142.0046,
StaticMeshComponent,Node_Con_BrokenRifle_C'map03_p_WP:PersistentLevel.Node_Con_BrokenRifle_C_UAID_D843AE1A93E55DAE02_2006622980',StaticMesh'SM_Loot_BarrelLathe_01a',31563.498,19751.05,-3012.6423,
StaticMeshComponent,Node_Con_BrokenRifle_C'map03_p_WP:PersistentLevel.Node_Con_BrokenRifle_C_UAID_D843AE1A93E55EAE02_1119993158',StaticMesh'SM_Loot_BarrelLathe_01a',37168.887,22622.82,-5687.104,
StaticMeshComponent,Node_Con_Chronometer_C'map03_p_WP:PersistentLevel.Node_Con_Chronometer_C_UAID_D843AE1A93E500A302_1365928939',StaticMesh'SM_MarineChronometer_01a',57093.207,31951.334,-5309.7627,
StaticMeshComponent,Node_Con_Chronometer_C'map03_p_WP:PersistentLevel.Node_Con_Chronometer_C_UAID_D843AE1A93E500A302_1585710941',StaticMesh'SM_MarineChronometer_01a',-21258.764,22415.248,-1442.5618,
StaticMeshComponent,Node_Con_Chronometer_C'map03_p_WP:PersistentLevel.Node_Con_Chronometer_C_UAID_D843AE1A93E500A302_1718338942',StaticMesh'SM_MarineChronometer_01a',39078.996,-14667.287,-5353.3574,
StaticMeshComponent,Node_Con_Chronometer_C'map03_p_WP:PersistentLevel.Node_Con_Chronometer_C_UAID_D843AE1A93E500A302_1819672943',StaticMesh'SM_MarineChronometer_02a',37147.617,19780.707,2192.014,
StaticMeshComponent,Node_Con_Chronometer_C'map03_p_WP:PersistentLevel.Node_Con_Chronometer_C_UAID_D843AE1A93E500A302_1908215944',StaticMesh'SM_MarineChronometer_02a',31900.584,21847.803,-5519.231,
StaticMeshComponent,Node_Con_Chronometer_C'map03_p_WP:PersistentLevel.Node_Con_Chronometer_C_UAID_D843AE1A93E5FAA202_1151578356',StaticMesh'SM_OilLamp_01a',31959.537,19132.08,-2908.197,
StaticMeshComponent,Node_Con_ConvexGlass_C'map03_p_WP:PersistentLevel.Node_Con_ConvexGlass_C_UAID_D843AE1A93E527B702_45317087739eabd0_1136638560',StaticMesh'SM_CurioTelescope_01a',42782.766,31548.098,-2246.6565,
StaticMeshComponent,Node_Con_ConvexGlass_C'map03_p_WP:PersistentLevel.Node_Con_ConvexGlass_C_UAID_D843AE1A93E527B702_59ffd4a92f6c1158_1136638560',StaticMesh'SM_CurioTelescope_01a',60710.125,17925.96,-1289.9877,
StaticMeshComponent,Node_Con_ConvexGlass_C'map03_p_WP:PersistentLevel.Node_Con_ConvexGlass_C_UAID_D843AE1A93E527B702_6d2048402e5701fc_1136638560',StaticMesh'SM_CurioTelescope_01a',33381.17,19309.18,2229.9934,
StaticMeshComponent,Node_Con_ConvexGlass_C'map03_p_WP:PersistentLevel.Node_Con_ConvexGlass_C_UAID_D843AE1A93E527B702_7f09f529304f9b1f_1136638560',StaticMesh'SM_CurioTelescope_01a',45604.93,16564.033,1648.5464,
StaticMeshComponent,Node_Con_ConvexGlass_C'map03_p_WP:PersistentLevel.Node_Con_ConvexGlass_C_UAID_D843AE1A93E5F9A202_1406509824',StaticMesh'SM_CurioTelescope_01a',35813.383,9493.999,1751.0869,
StaticMeshComponent,Node_Con_CopperTwine_C'map03_p_WP:PersistentLevel.Node_Con_CopperTwine_C_UAID_04D9F5F93AD5FB9102_37b1994c0738308a_1743312393',StaticMesh'SM_Mandolin_01a',-19601.045,20738.924,-1380.4768,
StaticMeshComponent,Node_Con_CopperTwine_C'map03_p_WP:PersistentLevel.Node_Con_CopperTwine_C_UAID_04D9F5F93AD5FB9102_a34c86232ff596a3_1743312393',StaticMesh'SM_Mandolin_01a',-444.3392,-11402.153,478.42252,
StaticMeshComponent,Node_Con_CopperTwine_C'map03_p_WP:PersistentLevel.Node_Con_CopperTwine_C_UAID_04D9F5F93AD5FB9102_c0bfa77d6572bcd6_1743312393',StaticMesh'SM_Mandolin_01a',-1549.8992,12710.841,114.959435,
StaticMeshComponent,Node_Con_CopperTwine_C'map03_p_WP:PersistentLevel.Node_Con_CopperTwine_C_UAID_04D9F5F93AD5FB9102_c8a94d634c37397f_1743312393',StaticMesh'SM_Mandolin_01a',37150.805,50731.543,-3597.5933,
StaticMeshComponent,Node_Con_CopperTwine_C'map03_p_WP:PersistentLevel.Node_Con_CopperTwine_C_UAID_04D9F5F93AD5FB9102_e0223b1a9fa4584f_1743312393',StaticMesh'SM_Mandolin_01a',42250.223,-10566.114,-3793.953,
StaticMeshComponent,Node_Con_CopperTwine_C'map03_p_WP:PersistentLevel.Node_Con_CopperTwine_C_UAID_04D9F5F93AD5FB9102_f2fc801d3883df9a_1743312393',StaticMesh'SM_Mandolin_01a',61028.95,17461.74,-2376.2651,
StaticMeshComponent,Node_Con_CopperTwine_C'map03_p_WP:PersistentLevel.Node_Con_CopperTwine_C_UAID_D843AE1A93E51EA202_1267573117',StaticMesh'SM_Mandolin_01a',-5755.396,37991.17,-2535.7095,
StaticMeshComponent,Node_Con_CopperTwine_C'map03_p_WP:PersistentLevel.Node_Con_CopperTwine_C_UAID_D843AE1A93E51EA202_1374134252',StaticMesh'SM_Mandolin_01a',8433.172,42045.22,-2948.0107,
StaticMeshComponent,Node_Con_DamagedScrew_C'map03_p_WP:PersistentLevel.Node_Con_DamagedScrew_C_UAID_04D9F5F93AD5619202_4f58371cef43ffd2_2099456329',StaticMesh'SM_MechaSextant_01b',68861.26,2891.5005,-5552.2676,
StaticMeshComponent,Node_Con_DamagedScrew_C'map03_p_WP:PersistentLevel.Node_Con_DamagedScrew_C_UAID_04D9F5F93AD5639202_3f14473a4c929468_1099971453',StaticMesh'SM_MechaSextant_01b',32372.146,51911.723,-6113.7817,
StaticMeshComponent,Node_Con_DamagedScrew_C'map03_p_WP:PersistentLevel.Node_Con_DamagedScrew_C_UAID_04D9F5F93AD5639202_461a1bb8f30f08da_1099971453',StaticMesh'SM_MechaSextant_01b',41595.344,30800.324,-2790.736,
StaticMeshComponent,Node_Con_DamagedScrew_C'map03_p_WP:PersistentLevel.Node_Con_DamagedScrew_C_UAID_04D9F5F93AD5639202_71e62070f4ab36cc_1099971453',StaticMesh'SM_MechaSextant_01b',-13275.398,47567.77,-1296.9504,
StaticMeshComponent,Node_Con_DamagedScrew_C'map03_p_WP:PersistentLevel.Node_Con_DamagedScrew_C_UAID_04D9F5F93AD5639202_b8faa54bb60c30f0_1099971453',StaticMesh'SM_MechaSextant_01b',-15277.985,13375.423,557.33344,
StaticMeshComponent,Node_Con_DamagedScrew_C'map03_p_WP:PersistentLevel.Node_Con_DamagedScrew_C_UAID_04D9F5F93AD5639202_c329e192180efd94_1099971453',StaticMesh'SM_MechaSextant_01b',-361.0645,-11306.335,519.53326,
StaticMeshComponent,Node_Con_DamagedScrew_C'map03_p_WP:PersistentLevel.Node_Con_DamagedScrew_C_UAID_04D9F5F93AD5639202_e2af321f9b937e23_1099971453',StaticMesh'SM_MechaSextant_01b',-20899.559,23678.328,-1418.3448,
StaticMeshComponent,Node_Con_DamagedScrew_C'map03_p_WP:PersistentLevel.Node_Con_DamagedScrew_C_UAID_04D9F5F93AD5639202_f1703a8fbecbbb46_1099971453',StaticMesh'SM_MechaSextant_01b',-5233.3906,38124.75,-2480.3022,
StaticMeshComponent,Node_Con_LeverArm_C'map03_p_WP:PersistentLevel.Node_Con_LeverArm_C_UAID_D843AE1A93E55DB902_2002752606',StaticMesh'SM_PadLock_01a',-20624.297,21439.596,-1387.138,
StaticMeshComponent,Node_Con_LeverArm_C'map03_p_WP:PersistentLevel.Node_Con_LeverArm_C_UAID_D843AE1A93E55EB902_1294670373',StaticMesh'SM_PadLock_01a',49545.14,30590.203,-4316.0166,
StaticMeshComponent,Node_Con_LeverArm_C'map03_p_WP:PersistentLevel.Node_Con_LeverArm_C_UAID_D843AE1A93E55EB902_1324048374',StaticMesh'SM_PadLock_01a',43199.117,-10254.69,-3547.89,
StaticMeshComponent,Node_Con_LeverArm_C'map03_p_WP:PersistentLevel.Node_Con_LeverArm_C_UAID_D843AE1A93E55EB902_1360191375',StaticMesh'SM_PadLock_01a',-2002.7327,12866.145,-22.998798,
StaticMeshComponent,Node_Con_LeverArm_C'map03_p_WP:PersistentLevel.Node_Con_LeverArm_C_UAID_D843AE1A93E55EB902_1397025376',StaticMesh'SM_PadLock_01a',-6029.7554,36241.703,-2397.0867,
StaticMeshComponent,Node_Con_LeverArm_C'map03_p_WP:PersistentLevel.Node_Con_LeverArm_C_UAID_D843AE1A93E55EB902_1448986377',StaticMesh'SM_PadLock_01a',-14232.179,13369.264,-83.97164,
StaticMeshComponent,Node_Con_LodestoneSlag_C'map03_p_WP:PersistentLevel.Node_Con_LodestoneSlag_C_UAID_04D9F5F93AD5179202_bd5daacc1e7e0979_1125732797',StaticMesh'SM_CurioBlacksmithBin_01a',14712.042,-12872.314,174.1152,
StaticMeshComponent,Node_Con_LodestoneSlag_C'map03_p_WP:PersistentLevel.Node_Con_LodestoneSlag_C_UAID_04D9F5F93AD5189202_92f9112ff1518191_1145002249',StaticMesh'SM_CurioBlacksmithBin_01a',42925.074,-9623.388,-3649.2458,
StaticMeshComponent,Node_Con_LodestoneSlag_C'map03_p_WP:PersistentLevel.Node_Con_LodestoneSlag_C_UAID_04D9F5F93AD5409402_2115384678',StaticMesh'SM_CurioBlacksmithBin_01a',-732.4414,12088.956,-110.20263,
StaticMeshComponent,Node_Con_LodestoneSlag_C'map03_p_WP:PersistentLevel.Node_Con_LodestoneSlag_C_UAID_04D9F5F93AD5409402_46c6e786a3fd7089_2015375133',StaticMesh'SM_CurioBlacksmithBin_01a',25057.068,40286.465,-2451.517,
StaticMeshComponent,Node_Con_LodestoneSlag_C'map03_p_WP:PersistentLevel.Node_Con_LodestoneSlag_C_UAID_04D9F5F93AD54F9202_7d841b13de30ebaf_1771741663',StaticMesh'SM_CurioBlacksmithBin_01a',-7165.002,35966.566,-2386.7087,
StaticMeshComponent,Node_Con_LodestoneSlag_C'map03_p_WP:PersistentLevel.Node_Con_LodestoneSlag_C_UAID_D843AE1A93E5BF9C02_b67ec8a3d8d2e891_1937850884',StaticMesh'SM_CurioBlacksmithBin_01a',-5210.4814,35717.668,-2581.5198,
StaticMeshComponent,Node_Con_OldGunpowder_C'map03_p_WP:PersistentLevel.Node_Con_OldGunpowder_C_UAID_D843AE1A93E520A302_1441031326',StaticMesh'SM_GunPowderKegFull_01a',31292.207,10286.2295,1103.7552,
StaticMeshComponent,Node_Con_OldGunpowder_C'map03_p_WP:PersistentLevel.Node_Con_OldGunpowder_C_UAID_D843AE1A93E520A302_1459125327',StaticMesh'SM_GunPowderKegFull_01a',35557.92,9631.903,1103.7552,
StaticMeshComponent,Node_Con_OldGunpowder_C'map03_p_WP:PersistentLevel.Node_Con_OldGunpowder_C_UAID_D843AE1A93E520A302_1482426328',StaticMesh'SM_GunPowderKegFull_01a',30476.135,8818.322,1103.7552,
StaticMeshComponent,Node_Con_OldGunpowder_C'map03_p_WP:PersistentLevel.Node_Con_OldGunpowder_C_UAID_D843AE1A93E520A302_1492592329',StaticMesh'SM_GunPowderKegFull_01a',30469.621,8715.906,1103.7552,
StaticMeshComponent,Node_Con_OldGunpowder_C'map03_p_WP:PersistentLevel.Node_Con_OldGunpowder_C_UAID_D843AE1A93E520A302_1543666330',StaticMesh'SM_GunPowderKegFull_01a',32053.629,9251.181,1142.9761,
StaticMeshComponent,Node_Con_OldGunpowder_C'map03_p_WP:PersistentLevel.Node_Con_OldGunpowder_C_UAID_D843AE1A93E520A302_1569161331',StaticMesh'SM_GunPowderKegFull_01a',33336.9,10376.44,1123.3014,
StaticMeshComponent,Node_Con_OldGunpowder_C'map03_p_WP:PersistentLevel.Node_Con_OldGunpowder_C_UAID_D843AE1A93E520A302_1611501332',StaticMesh'SM_GunPowderKegFull_01a',31779.086,11876.849,1126.4963,
StaticMeshComponent,Node_Con_OldGunpowder_C'map03_p_WP:PersistentLevel.Node_Con_OldGunpowder_C_UAID_D843AE1A93E520A302_1648854333',StaticMesh'SM_GunPowderKegFull_01a',-20676.234,21991.84,-1511.9191,
StaticMeshComponent,Node_Con_OldGunpowder_C'map03_p_WP:PersistentLevel.Node_Con_OldGunpowder_C_UAID_D843AE1A93E520A302_1689781334',StaticMesh'SM_GunPowderKegFull_01a',-18874.115,23643.123,-1519.839,
StaticMeshComponent,Node_Con_OldGunpowder_C'map03_p_WP:PersistentLevel.Node_Con_OldGunpowder_C_UAID_D843AE1A93E520A302_1706753335',StaticMesh'SM_GunPowderKegFull_01a',-20476.83,23188.113,-1519.8387,
StaticMeshComponent,Node_Con_OldGunpowder_C'map03_p_WP:PersistentLevel.Node_Con_OldGunpowder_C_UAID_D843AE1A93E520A302_1731308336',StaticMesh'SM_GunPowderKegFull_01a',42955.094,29941.516,-2902.2183,
StaticMeshComponent,Node_Con_OldGunpowder_C'map03_p_WP:PersistentLevel.Node_Con_OldGunpowder_C_UAID_D843AE1A93E520A302_1759425337',StaticMesh'SM_GunPowderKegFull_01a',41552.55,31561.637,-2906.0356,
StaticMeshComponent,Node_Con_OldGunpowder_C'map03_p_WP:PersistentLevel.Node_Con_OldGunpowder_C_UAID_D843AE1A93E520A302_1799650338',StaticMesh'SM_GunPowderKegFull_01a',41675.7,34320.176,-2913.0781,
StaticMeshComponent,Node_Con_OldGunpowder_C'map03_p_WP:PersistentLevel.Node_Con_OldGunpowder_C_UAID_D843AE1A93E520A302_1834712339',StaticMesh'SM_GunPowderKegFull_01a',42350.656,30149.982,-2909.4626,
StaticMeshComponent,Node_Con_TarnishedQuicksilver_01a_C'map03_p_WP:PersistentLevel.Node_Con_TarnishedQuicksilver_01a_C_UAID_D843AE1A93E50A9D02_1053412d7923bbfe_1571956618',StaticMesh'SM_Thermometer_02a',55701.07,29238.064,-4762.878,
StaticMeshComponent,Node_Con_TarnishedQuicksilver_01a_C'map03_p_WP:PersistentLevel.Node_Con_TarnishedQuicksilver_01a_C_UAID_D843AE1A93E50A9D02_83368b776bb95482_1571956618',StaticMesh'SM_Thermometer_02a',37075.453,22633.344,-5678.828,
StaticMeshComponent,Node_Con_TarnishedQuicksilver_01a_C'map03_p_WP:PersistentLevel.Node_Con_TarnishedQuicksilver_01a_C_UAID_D843AE1A93E50A9D02_b767639cb9c8167f_1571956618',StaticMesh'SM_Thermometer_02a',34351.504,15767.486,-2918.6064,
StaticMeshComponent,Node_Con_TarnishedQuicksilver_01a_C'map03_p_WP:PersistentLevel.Node_Con_TarnishedQuicksilver_01a_C_UAID_D843AE1A93E50A9D02_ca8722715f29cb5f_1571956618',StaticMesh'SM_Thermometer_02a',36610.39,19521.863,2233.4016,
StaticMeshComponent,Node_Con_WhaleOil_C'map03_p_WP:PersistentLevel.Node_Con_WhaleOil_C_UAID_04D9F5F93AD5139202_91ce05da56308e53_1531192092',StaticMesh'SM_OilLamp_01a',8078.216,42579.824,-2962.6992,
StaticMeshComponent,Node_Con_WhaleOil_C'map03_p_WP:PersistentLevel.Node_Con_WhaleOil_C_UAID_04D9F5F93AD5179202_aea6d6ea3b5e144a_1606080922',StaticMesh'SM_OilLamp_01a',34904.688,8536.738,1237.7852,
StaticMeshComponent,Node_Con_WhaleOil_C'map03_p_WP:PersistentLevel.Node_Con_WhaleOil_C_UAID_04D9F5F93AD54E9202_4cb1a62a42540541_1226253028',StaticMesh'SM_OilLamp_01a',35649.008,47488.977,-3556.2087,
StaticMeshComponent,Node_Con_WhaleOil_C'map03_p_WP:PersistentLevel.Node_Con_WhaleOil_C_UAID_D843AE1A93E5F9A202_1309505822',StaticMesh'SM_OilLamp_01a',-19818.686,23404.143,-1423.4248,
StaticMeshComponent,Node_Con_WhaleOil_C'map03_p_WP:PersistentLevel.Node_Con_WhaleOil_C_UAID_D843AE1A93E5FAA202_1151583357',StaticMesh'SM_OilLamp_02a',45387.676,14773.4375,2194.9368,
StaticMeshComponent,Node_Con_WhaleOil_C'map03_p_WP:PersistentLevel.Node_Con_WhaleOil_C_UAID_D843AE1A93E5FAA202_1151584358',StaticMesh'SM_OilLamp_02a',36840.406,19815.445,2226.0703,
StaticMeshComponent,Node_Nat_CinnamonBark_C'map03_p_WP:PersistentLevel.Node_Nat_CinnamonBark_C_UAID_D843AE1A93E55CAE02_2104081796',StaticMesh'SM_Cinnamonree_RollBase_01_Collected',44791.023,14114.118,2142.0046,
StaticMeshComponent,Node_Nat_CinnamonBark_C'map03_p_WP:PersistentLevel.Node_Nat_CinnamonBark_C_UAID_D843AE1A93E55DAE02_1079791973',StaticMesh'SM_CinnamonRollPile_01',38156.957,18782.457,2111.3237,
StaticMeshComponent,Node_Nat_CinnamonBark_C'map03_p_WP:PersistentLevel.Node_Nat_CinnamonBark_C_UAID_D843AE1A93E55DAE02_1096944974',StaticMesh'SM_CinnamonRollPile_01',38219.758,18835.525,2113.135,
StaticMeshComponent,Node_Nat_CinnamonBark_C'map03_p_WP:PersistentLevel.Node_Nat_CinnamonBark_C_UAID_D843AE1A93E55DAE02_1150265975',StaticMesh'SM_CinnamonRollPile_01',37289.082,19956.865,2134.8943,
StaticMeshComponent,Node_Nat_CinnamonBark_C'map03_p_WP:PersistentLevel.Node_Nat_CinnamonBark_C_UAID_D843AE1A93E55DAE02_1180130976',StaticMesh'SM_CinnamonRollPile_01',36341.633,19653.076,2134.8943,
StaticMeshComponent,Node_Nat_CinnamonBark_C'map03_p_WP:PersistentLevel.Node_Nat_CinnamonBark_C_UAID_D843AE1A93E55DAE02_1371076977',StaticMesh'SM_CinnamonRollPile_01',30771.023,14284.917,-2128.3982,
StaticMeshComponent,Node_Nat_CinnamonBark_C'map03_p_WP:PersistentLevel.Node_Nat_CinnamonBark_C_UAID_D843AE1A93E55DAE02_1396119978',StaticMesh'SM_CinnamonRollPile_01',30665.695,14220.246,-2126.77,
StaticMeshComponent,Node_Nat_Cinnamon_C'map03_p_WP:PersistentLevel.Node_Nat_Cinnamon_C_UAID_04D9F5F93AD5379402_1689355226',StaticMesh'SM_CinnamonTree_Collected_02',8441.06,-9515.105,-123.45516,
StaticMeshComponent,Node_Nat_Cinnamon_C'map03_p_WP:PersistentLevel.Node_Nat_Cinnamon_C_UAID_04D9F5F93AD5379402_1707741227',StaticMesh'SM_CinnamonTree_Collected_02',8441.06,-8558.048,-178.94334,
StaticMeshComponent,Node_Nat_Cinnamon_C'map03_p_WP:PersistentLevel.Node_Nat_Cinnamon_C_UAID_04D9F5F93AD5379402_1754813228',StaticMesh'SM_CinnamonTree_Collected_02',8522.258,-10458.771,-156.35944,
StaticMeshComponent,Node_Nat_Cinnamon_C'map03_p_WP:PersistentLevel.Node_Nat_Cinnamon_C_UAID_04D9F5F93AD5389402_1421725839',StaticMesh'SM_CinnamonTree_Collected_02',9037.694,-5935.858,21.064314,
StaticMeshComponent,Node_Nat_Cinnamon_C'map03_p_WP:PersistentLevel.Node_Nat_Cinnamon_C_UAID_04D9F5F93AD53C9402_1514998230',StaticMesh'SM_CinnamonTree_Collected_02',53261.066,12599.688,-700.39703,
StaticMeshComponent,Node_Nat_Cinnamon_C'map03_p_WP:PersistentLevel.Node_Nat_Cinnamon_C_UAID_04D9F5F93AD53C9402_1518962231',StaticMesh'SM_CinnamonTree_Collected_02',54407.273,12627.547,-756.4217,
StaticMeshComponent,Node_Nat_Cinnamon_C'map03_p_WP:PersistentLevel.Node_Nat_Cinnamon_C_UAID_04D9F5F93AD53C9402_1530389232',StaticMesh'SM_CinnamonTree_Collected_02',53055.297,13401.031,-723.9113,
StaticMeshComponent,Node_Nat_Cinnamon_C'map03_p_WP:PersistentLevel.Node_Nat_Cinnamon_C_UAID_04D9F5F93AD54A9402_1251817930',StaticMesh'SM_CinnamonTree_Collected_02',29570.32,6781.2754,1145.9038,
StaticMeshComponent,Node_Nat_Cinnamon_C'map03_p_WP:PersistentLevel.Node_Nat_Cinnamon_C_UAID_04D9F5F93AD54A9402_1255661931',StaticMesh'SM_CinnamonTree_Collected_02',30544.086,6185.4653,1145.74,
StaticMeshComponent,Node_Nat_Cinnamon_C'map03_p_WP:PersistentLevel.Node_Nat_Cinnamon_C_UAID_04D9F5F93AD54A9402_1261148932',StaticMesh'SM_CinnamonTree_Collected_02',29675.328,9394.508,1165.7378,
StaticMeshComponent,Node_Nat_Cinnamon_C'map03_p_WP:PersistentLevel.Node_Nat_Cinnamon_C_UAID_04D9F5F93AD54A9402_1397131081',StaticMesh'SM_CinnamonTree_Collected_02',22804.646,11784.164,342.85483,
StaticMeshComponent,Node_Nat_Cinnamon_C'map03_p_WP:PersistentLevel.Node_Nat_Cinnamon_C_UAID_04D9F5F93AD54A9402_1431089084',StaticMesh'SM_CinnamonTree_Collected_02',19796.012,9317.003,586.1813,
StaticMeshComponent,Node_Nat_Cinnamon_C'map03_p_WP:PersistentLevel.Node_Nat_Cinnamon_C_UAID_04D9F5F93AD54A9402_1568848347',StaticMesh'SM_CinnamonTree_Collected_02',-6088.0225,6981.143,-505.2977,
StaticMeshComponent,Node_Nat_Cinnamon_C'map03_p_WP:PersistentLevel.Node_Nat_Cinnamon_C_UAID_04D9F5F93AD54A9402_1572324348',StaticMesh'SM_CinnamonTree_Collected_02',-5514.341,7949.715,-361.64172,
StaticMeshComponent,Node_Nat_Cinnamon_C'map03_p_WP:PersistentLevel.Node_Nat_Cinnamon_C_UAID_04D9F5F93AD54A9402_1605001350',StaticMesh'SM_CinnamonTree_Collected_02',-8239.738,7444.2437,-519.08636,
StaticMeshComponent,Node_Nat_Cinnamon_C'map03_p_WP:PersistentLevel.Node_Nat_Cinnamon_C_UAID_04D9F5F93AD54A9402_1639849351',StaticMesh'SM_CinnamonTree_Collected_02',-10030.1045,6796.0825,-442.51944,
StaticMeshComponent,Node_Nat_Cinnamon_C'map03_p_WP:PersistentLevel.Node_Nat_Cinnamon_C_UAID_04D9F5F93AD54A9402_1653571353',StaticMesh'SM_CinnamonTree_Collected_02',-11815.975,6671.6797,-257.73114,
StaticMeshComponent,Node_Nat_Cinnamon_C'map03_p_WP:PersistentLevel.Node_Nat_Cinnamon_C_UAID_D843AE1A93E509A202_1142747193',StaticMesh'SM_CinnamonTree_Collected_02',27602.367,12054.071,1089.7426,
StaticMeshComponent,Node_Nat_Clove_C'map03_p_WP:PersistentLevel.Node_Nat_Clove_C_UAID_04D9F5F93AD54A9402_1850688433',StaticMesh'SM_ClovePlant_Collectedd_01',-4359.1807,24246.217,-251.19086,
StaticMeshComponent,Node_Nat_Clove_C'map03_p_WP:PersistentLevel.Node_Nat_Clove_C_UAID_04D9F5F93AD54A9402_1858385434',StaticMesh'SM_ClovePlant_Collectedd_01',-4048.57,24844.047,-281.61874,
StaticMeshComponent,Node_Nat_Clove_C'map03_p_WP:PersistentLevel.Node_Nat_Clove_C_UAID_04D9F5F93AD54A9402_1862882435',StaticMesh'SM_ClovePlant_Collectedd_01',-3784.3103,24337.32,-253.18169,
StaticMeshComponent,Node_Nat_Clove_C'map03_p_WP:PersistentLevel.Node_Nat_Clove_C_UAID_04D9F5F93AD54A9402_1872621436',StaticMesh'SM_ClovePlant_Collectedd_01',-3307.6777,24572.77,-254.43898,
StaticMeshComponent,Node_Nat_Clove_C'map03_p_WP:PersistentLevel.Node_Nat_Clove_C_UAID_04D9F5F93AD54A9402_1878638437',StaticMesh'SM_ClovePlant_Collectedd_01',-2204.417,24688.482,-322.69064,
StaticMeshComponent,Node_Nat_Clove_C'map03_p_WP:PersistentLevel.Node_Nat_Clove_C_UAID_04D9F5F93AD54A9402_1884201438',StaticMesh'SM_ClovePlant_Collectedd_01',-1751.654,24611.863,-356.66855,
StaticMeshComponent,Node_Nat_Clove_C'map03_p_WP:PersistentLevel.Node_Nat_Clove_C_UAID_04D9F5F93AD54A9402_1889711439',StaticMesh'SM_ClovePlant_Collectedd_01',-1810.9075,25087.096,-338.46182,
StaticMeshComponent,Node_Nat_Clove_C'map03_p_WP:PersistentLevel.Node_Nat_Clove_C_UAID_04D9F5F93AD54A9402_1976600467',StaticMesh'SM_ClovePlant_Collectedd_01',-12778.6875,40172.938,-2645.8232,
StaticMeshComponent,Node_Nat_Clove_C'map03_p_WP:PersistentLevel.Node_Nat_Clove_C_UAID_04D9F5F93AD54A9402_1983197468',StaticMesh'SM_ClovePlant_Collectedd_01',-12499.063,39261.938,-2626.5642,
StaticMeshComponent,Node_Nat_Clove_C'map03_p_WP:PersistentLevel.Node_Nat_Clove_C_UAID_04D9F5F93AD54A9402_1988001469',StaticMesh'SM_ClovePlant_Collectedd_01',-12814.017,39509.88,-2644.8494,
StaticMeshComponent,Node_Nat_Clove_C'map03_p_WP:PersistentLevel.Node_Nat_Clove_C_UAID_04D9F5F93AD54A9402_2001975470',StaticMesh'SM_ClovePlant_Collectedd_01',-11682.639,39627.348,-2678.0679,
StaticMeshComponent,Node_Nat_Clove_C'map03_p_WP:PersistentLevel.Node_Nat_Clove_C_UAID_04D9F5F93AD54A9402_2006572471',StaticMesh'SM_ClovePlant_Collectedd_01',-11297.107,40031.45,-2686.1982,
StaticMeshComponent,Node_Nat_Clove_C'map03_p_WP:PersistentLevel.Node_Nat_Clove_C_UAID_04D9F5F93AD54A9402_2012201472',StaticMesh'SM_ClovePlant_Collectedd_01',-12059.081,40259.984,-2620.523,
StaticMeshComponent,Node_Nat_Clove_C'map03_p_WP:PersistentLevel.Node_Nat_Clove_C_UAID_04D9F5F93AD54A9402_2023720473',StaticMesh'SM_ClovePlant_Collectedd_01',-11912.479,38846.156,-2670.7866,
StaticMeshComponent,Node_Nat_Clove_C'map03_p_WP:PersistentLevel.Node_Nat_Clove_C_UAID_04D9F5F93AD54A9402_2064097474',StaticMesh'SM_ClovePlant_Collectedd_01',-12833.09,44475.94,-2633.1472,
StaticMeshComponent,Node_Nat_Clove_C'map03_p_WP:PersistentLevel.Node_Nat_Clove_C_UAID_04D9F5F93AD54A9402_2068642475',StaticMesh'SM_ClovePlant_Collectedd_01',-12558.792,44043.812,-2574.8403,
StaticMeshComponent,Node_Nat_Clove_C'map03_p_WP:PersistentLevel.Node_Nat_Clove_C_UAID_04D9F5F93AD54A9402_2075305476',StaticMesh'SM_ClovePlant_Collectedd_01',-12991.924,44042.613,-2633.1448,
StaticMeshComponent,Node_Nat_Clove_C'map03_p_WP:PersistentLevel.Node_Nat_Clove_C_UAID_04D9F5F93AD54B9402_1120925682',StaticMesh'SM_ClovePlant_Collectedd_01',-8419.73,46347.22,-2606.0525,
StaticMeshComponent,Node_Nat_Clove_C'map03_p_WP:PersistentLevel.Node_Nat_Clove_C_UAID_04D9F5F93AD54B9402_1126935683',StaticMesh'SM_ClovePlant_Collectedd_01',-8038.6787,46602.395,-2634.006,
StaticMeshComponent,Node_Nat_Clove_C'map03_p_WP:PersistentLevel.Node_Nat_Clove_C_UAID_04D9F5F93AD54B9402_1135610684',StaticMesh'SM_ClovePlant_Collectedd_01',-8411.6875,46850.938,-2614.8384,
StaticMeshComponent,Node_Nat_Clove_C'map03_p_WP:PersistentLevel.Node_Nat_Clove_C_UAID_04D9F5F93AD54B9402_1140402685',StaticMesh'SM_ClovePlant_Collectedd_01',-8829.503,47093.7,-2609.9773,
StaticMeshComponent,Node_Nat_Clove_C'map03_p_WP:PersistentLevel.Node_Nat_Clove_C_UAID_04D9F5F93AD54B9402_1145911686',StaticMesh'SM_ClovePlant_Collectedd_01',-9747.261,47127.125,-2607.5393,
StaticMeshComponent,Node_Nat_Clove_C'map03_p_WP:PersistentLevel.Node_Nat_Clove_C_UAID_04D9F5F93AD54B9402_1175892687',StaticMesh'SM_ClovePlant_Collectedd_01',-4016.7778,47460.203,-2669.0625,
StaticMeshComponent,Node_Nat_Clove_C'map03_p_WP:PersistentLevel.Node_Nat_Clove_C_UAID_04D9F5F93AD54B9402_1179988688',StaticMesh'SM_ClovePlant_Collectedd_01',-3755.8374,47846.43,-2694.9998,
StaticMeshComponent,Node_Nat_Clove_C'map03_p_WP:PersistentLevel.Node_Nat_Clove_C_UAID_04D9F5F93AD54B9402_1185114689',StaticMesh'SM_ClovePlant_Collectedd_01',-3437.073,47648.816,-2668.3381,
StaticMeshComponent,Node_Nat_Clove_C'map03_p_WP:PersistentLevel.Node_Nat_Clove_C_UAID_04D9F5F93AD54B9402_1192028690',StaticMesh'SM_ClovePlant_Collectedd_01',-3069.0693,47451.242,-2636.3374,
StaticMeshComponent,Node_Nat_Clove_C'map03_p_WP:PersistentLevel.Node_Nat_Clove_C_UAID_04D9F5F93AD54B9402_1260824691',StaticMesh'SM_ClovePlant_Collectedd_01',2171.1045,48349.598,-2977.0376,
StaticMeshComponent,Node_Nat_Clove_C'map03_p_WP:PersistentLevel.Node_Nat_Clove_C_UAID_04D9F5F93AD54B9402_1265429692',StaticMesh'SM_ClovePlant_Collectedd_01',2667.7966,48416.348,-3003.3076,
StaticMeshComponent,Node_Nat_Clove_C'map03_p_WP:PersistentLevel.Node_Nat_Clove_C_UAID_04D9F5F93AD54B9402_1273447693',StaticMesh'SM_ClovePlant_Collectedd_01',2540.1157,48674.664,-3040.7366,
StaticMeshComponent,Node_Nat_Fungi_C'map03_p_WP:PersistentLevel.Node_Nat_Fungi_C_UAID_D843AE1A93E515A202_1612675324',StaticMesh'SM_FungusMushrooms_Pack',28390.596,17942.943,-1461.6616,
StaticMeshComponent,Node_Nat_Fungi_C'map03_p_WP:PersistentLevel.Node_Nat_Fungi_C_UAID_D843AE1A93E515A202_1667711325',StaticMesh'SM_FungusMushrooms_Pack',26359.252,17768.066,-1225.4863,
StaticMeshComponent,Node_Nat_Fungi_C'map03_p_WP:PersistentLevel.Node_Nat_Fungi_C_UAID_D843AE1A93E515A202_1724565326',StaticMesh'SM_FungusMushrooms_Pack',25863.805,16679.582,-1056.3575,
StaticMeshComponent,Node_Nat_Fungi_C'map03_p_WP:PersistentLevel.Node_Nat_Fungi_C_UAID_D843AE1A93E515A202_1753662327',StaticMesh'SM_FungusMushrooms_Pack',26301.55,15312.851,-595.31665,
StaticMeshComponent,Node_Nat_Fungi_C'map03_p_WP:PersistentLevel.Node_Nat_Fungi_C_UAID_D843AE1A93E517A202_1908838680',StaticMesh'SM_FungusMushrooms_Pack',26123.781,15587.841,-987.73706,
StaticMeshComponent,Node_Nat_Fungi_C'map03_p_WP:PersistentLevel.Node_Nat_Fungi_C_UAID_D843AE1A93E51AA202_1574030209',StaticMesh'SM_FungusMushrooms_Pack',27033.82,18376.893,-951.1508,
StaticMeshComponent,Node_Nat_Fungi_C'map03_p_WP:PersistentLevel.Node_Nat_Fungi_C_UAID_D843AE1A93E51AA202_1695677210',StaticMesh'SM_FungusMushrooms_Pack',28475.146,13601.083,-146.23935,
StaticMeshComponent,Node_Nat_Fungi_C'map03_p_WP:PersistentLevel.Node_Nat_Fungi_C_UAID_D843AE1A93E51FA302_1159517119',StaticMesh'SM_FungusMushrooms_Pack',36913.41,14381.838,-7223.572,
StaticMeshComponent,Node_Nat_Fungi_C'map03_p_WP:PersistentLevel.Node_Nat_Fungi_C_UAID_D843AE1A93E51FA302_1200185120',StaticMesh'SM_FungusMushrooms_Pack',38260.477,15029.358,-7202.7783,
StaticMeshComponent,Node_Nat_Fungi_C'map03_p_WP:PersistentLevel.Node_Nat_Fungi_C_UAID_D843AE1A93E51FA302_1293983121',StaticMesh'SM_FungusMushrooms_Pack',39406.875,15088.257,-7148.024,
StaticMeshComponent,Node_Nat_Fungi_C'map03_p_WP:PersistentLevel.Node_Nat_Fungi_C_UAID_D843AE1A93E51FA302_1337086122',StaticMesh'SM_FungusMushrooms_Pack',40243.164,17510.14,-7173.9053,
StaticMeshComponent,Node_Nat_Fungi_C'map03_p_WP:PersistentLevel.Node_Nat_Fungi_C_UAID_D843AE1A93E51FA302_1426064123',StaticMesh'SM_FungusMushrooms_Pack',44471.395,19029.887,-1856.9811,
StaticMeshComponent,Node_Nat_Fungi_C'map03_p_WP:PersistentLevel.Node_Nat_Fungi_C_UAID_D843AE1A93E51FA302_1449782124',StaticMesh'SM_FungusMushrooms_Pack',43600.785,18847.588,-1823.0825,
StaticMeshComponent,Node_Nat_Fungi_C'map03_p_WP:PersistentLevel.Node_Nat_Fungi_C_UAID_D843AE1A93E51FA302_1492710125',StaticMesh'SM_FungusMushrooms_Pack',43485.633,18280.75,-2036.9896,
StaticMeshComponent,Node_Nat_GarlicHanging_C'map03_p_WP:PersistentLevel.Node_Nat_GarlicHanging_C_UAID_D843AE1A93E555AE02_2098104535',StaticMesh'SM_GarlicDungeon_01',-4719.707,38615.805,-2300.52,
StaticMeshComponent,Node_Nat_GarlicHanging_C'map03_p_WP:PersistentLevel.Node_Nat_GarlicHanging_C_UAID_D843AE1A93E556AE02_1115330712',StaticMesh'SM_GarlicDungeon_01',-4711.5723,38600.63,-2291.8713,
StaticMeshComponent,Node_Nat_GarlicHanging_C'map03_p_WP:PersistentLevel.Node_Nat_GarlicHanging_C_UAID_D843AE1A93E556AE02_1176538713',StaticMesh'SM_GarlicDungeon_01',-19750.541,23966.293,-1319.145,
StaticMeshComponent,Node_Nat_GarlicHanging_C'map03_p_WP:PersistentLevel.Node_Nat_GarlicHanging_C_UAID_D843AE1A93E556AE02_1199500714',StaticMesh'SM_GarlicDungeon_01',-19768.434,23959.121,-1319.0975,
StaticMeshComponent,Node_Nat_GarlicHanging_C'map03_p_WP:PersistentLevel.Node_Nat_GarlicHanging_C_UAID_D843AE1A93E556AE02_1238700715',StaticMesh'SM_GarlicDungeon_01',-19852.402,23953.916,-1319.145,
StaticMeshComponent,Node_Nat_GarlicHanging_C'map03_p_WP:PersistentLevel.Node_Nat_GarlicHanging_C_UAID_D843AE1A93E556AE02_1333029717',StaticMesh'SM_GarlicDungeon_01',-4713.627,38607.484,-2283.895,
StaticMeshComponent,Node_Nat_Garlic_C'map03_p_WP:PersistentLevel.Node_Nat_Garlic_C_UAID_D843AE1A93E530DC02_13195ac1c16d3d40_1290175800',StaticMesh'SM_GarlicPlanted_01',-18380.994,22396.44,-1495.7863,
StaticMeshComponent,Node_Nat_Garlic_C'map03_p_WP:PersistentLevel.Node_Nat_Garlic_C_UAID_D843AE1A93E530DC02_13195ac1c16d3d40_1290177801',StaticMesh'SM_GarlicPlanted_01',-18407.936,22366.783,-1494.2499,
StaticMeshComponent,Node_Nat_Garlic_C'map03_p_WP:PersistentLevel.Node_Nat_Garlic_C_UAID_D843AE1A93E530DC02_13195ac1c16d3d40_1290179802',StaticMesh'SM_GarlicPlanted_01',-18443.404,22330.135,-1494.0928,
StaticMeshComponent,Node_Nat_Garlic_C'map03_p_WP:PersistentLevel.Node_Nat_Garlic_C_UAID_D843AE1A93E530DC02_13195ac1c16d3d40_1290180803',StaticMesh'SM_GarlicPlanted_01',-18407.037,22289.717,-1494.484,
StaticMeshComponent,Node_Nat_Garlic_C'map03_p_WP:PersistentLevel.Node_Nat_Garlic_C_UAID_D843AE1A93E530DC02_13195ac1c16d3d40_1290181804',StaticMesh'SM_GarlicPlanted_01',-18368.607,22326.129,-1495.5125,
StaticMeshComponent,Node_Nat_Garlic_C'map03_p_WP:PersistentLevel.Node_Nat_Garlic_C_UAID_D843AE1A93E530DC02_13195ac1c16d3d40_1290182805',StaticMesh'SM_GarlicPlanted_01',-18338.03,22366.084,-1494.4907,
StaticMeshComponent,Node_Nat_Garlic_C'map03_p_WP:PersistentLevel.Node_Nat_Garlic_C_UAID_D843AE1A93E530DC02_4368844ba039931a_1290175800',StaticMesh'SM_GarlicPlanted_01',23852.88,-3562.898,-985.3671,
StaticMeshComponent,Node_Nat_Garlic_C'map03_p_WP:PersistentLevel.Node_Nat_Garlic_C_UAID_D843AE1A93E530DC02_4368844ba039931a_1290177801',StaticMesh'SM_GarlicPlanted_01',23892.928,-3561.9536,-983.614,
StaticMeshComponent,Node_Nat_Garlic_C'map03_p_WP:PersistentLevel.Node_Nat_Garlic_C_UAID_D843AE1A93E530DC02_4368844ba039931a_1290179802',StaticMesh'SM_GarlicPlanted_01',23943.926,-3562.3594,-983.18616,
StaticMeshComponent,Node_Nat_Garlic_C'map03_p_WP:PersistentLevel.Node_Nat_Garlic_C_UAID_D843AE1A93E530DC02_4368844ba039931a_1290180803',StaticMesh'SM_GarlicPlanted_01',23948.107,-3508.1487,-983.3813,
StaticMeshComponent,Node_Nat_Garlic_C'map03_p_WP:PersistentLevel.Node_Nat_Garlic_C_UAID_D843AE1A93E530DC02_4368844ba039931a_1290181804',StaticMesh'SM_GarlicPlanted_01',23895.242,-3505.4333,-984.683,
StaticMeshComponent,Node_Nat_Garlic_C'map03_p_WP:PersistentLevel.Node_Nat_Garlic_C_UAID_D843AE1A93E530DC02_4368844ba039931a_1290182805',StaticMesh'SM_GarlicPlanted_01',23845.217,-3510.856,-983.94556,
StaticMeshComponent,Node_Nat_Garlic_C'map03_p_WP:PersistentLevel.Node_Nat_Garlic_C_UAID_D843AE1A93E530DC02_4c14b15381e10439_1290175800',StaticMesh'SM_GarlicPlanted_01',23667.863,-3539.9294,-983.8941,
StaticMeshComponent,Node_Nat_Garlic_C'map03_p_WP:PersistentLevel.Node_Nat_Garlic_C_UAID_D843AE1A93E530DC02_4c14b15381e10439_1290177801',StaticMesh'SM_GarlicPlanted_01',23707.66,-3544.595,-982.3952,
StaticMeshComponent,Node_Nat_Garlic_C'map03_p_WP:PersistentLevel.Node_Nat_Garlic_C_UAID_D843AE1A93E530DC02_4c14b15381e10439_1290179802',StaticMesh'SM_GarlicPlanted_01',23758.098,-3552.1572,-982.2629,
StaticMeshComponent,Node_Nat_Garlic_C'map03_p_WP:PersistentLevel.Node_Nat_Garlic_C_UAID_D843AE1A93E530DC02_4c14b15381e10439_1290180803',StaticMesh'SM_GarlicPlanted_01',23769.85,-3499.083,-983.42163,
StaticMeshComponent,Node_Nat_Garlic_C'map03_p_WP:PersistentLevel.Node_Nat_Garlic_C_UAID_D843AE1A93E530DC02_4c14b15381e10439_1290181804',StaticMesh'SM_GarlicPlanted_01',23717.88,-3488.986,-984.45654,
StaticMeshComponent,Node_Nat_Garlic_C'map03_p_WP:PersistentLevel.Node_Nat_Garlic_C_UAID_D843AE1A93E530DC02_4c14b15381e10439_1290182805',StaticMesh'SM_GarlicPlanted_01',23667.598,-3487.311,-983.32855,
StaticMeshComponent,Node_Nat_Garlic_C'map03_p_WP:PersistentLevel.Node_Nat_Garlic_C_UAID_D843AE1A93E530DC02_707f9db1642ff7fd_1290175800',StaticMesh'SM_GarlicPlanted_01',-18493.17,22279.752,-1495.4049,
StaticMeshComponent,Node_Nat_Garlic_C'map03_p_WP:PersistentLevel.Node_Nat_Garlic_C_UAID_D843AE1A93E530DC02_707f9db1642ff7fd_1290177801',StaticMesh'SM_GarlicPlanted_01',-18520.146,22250.096,-1494.726,
StaticMeshComponent,Node_Nat_Garlic_C'map03_p_WP:PersistentLevel.Node_Nat_Garlic_C_UAID_D843AE1A93E530DC02_707f9db1642ff7fd_1290179802',StaticMesh'SM_GarlicPlanted_01',-18555.604,22213.45,-1495.6968,
StaticMeshComponent,Node_Nat_Garlic_C'map03_p_WP:PersistentLevel.Node_Nat_Garlic_C_UAID_D843AE1A93E530DC02_707f9db1642ff7fd_1290180803',StaticMesh'SM_GarlicPlanted_01',-18519.242,22173.031,-1494.9315,
StaticMeshComponent,Node_Nat_Garlic_C'map03_p_WP:PersistentLevel.Node_Nat_Garlic_C_UAID_D843AE1A93E530DC02_707f9db1642ff7fd_1290181804',StaticMesh'SM_GarlicPlanted_01',-18480.799,22209.441,-1494.7374,
StaticMeshComponent,Node_Nat_Garlic_C'map03_p_WP:PersistentLevel.Node_Nat_Garlic_C_UAID_D843AE1A93E530DC02_707f9db1642ff7fd_1290182805',StaticMesh'SM_GarlicPlanted_01',-18450.268,22249.396,-1492.744,
StaticMeshComponent,Node_Nat_Garlic_C'map03_p_WP:PersistentLevel.Node_Nat_Garlic_C_UAID_D843AE1A93E530DC02_e500f3d4aaa60360_1290175800',StaticMesh'SM_GarlicPlanted_01',22976.56,-2456.346,-984.33704,
StaticMeshComponent,Node_Nat_Garlic_C'map03_p_WP:PersistentLevel.Node_Nat_Garlic_C_UAID_D843AE1A93E530DC02_e500f3d4aaa60360_1290177801',StaticMesh'SM_GarlicPlanted_01',23006.88,-2482.5435,-982.92,
StaticMeshComponent,Node_Nat_Garlic_C'map03_p_WP:PersistentLevel.Node_Nat_Garlic_C_UAID_D843AE1A93E530DC02_e500f3d4aaa60360_1290179802',StaticMesh'SM_GarlicPlanted_01',23044.404,-2517.0862,-982.92,
StaticMeshComponent,Node_Nat_Garlic_C'map03_p_WP:PersistentLevel.Node_Nat_Garlic_C_UAID_D843AE1A93E530DC02_e500f3d4aaa60360_1290180803',StaticMesh'SM_GarlicPlanted_01',23083.9,-2479.7185,-983.1502,
StaticMeshComponent,Node_Nat_Garlic_C'map03_p_WP:PersistentLevel.Node_Nat_Garlic_C_UAID_D843AE1A93E530DC02_e500f3d4aaa60360_1290181804',StaticMesh'SM_GarlicPlanted_01',23046.54,-2442.206,-984.00836,
StaticMeshComponent,Node_Nat_Garlic_C'map03_p_WP:PersistentLevel.Node_Nat_Garlic_C_UAID_D843AE1A93E530DC02_e500f3d4aaa60360_1290182805',StaticMesh'SM_GarlicPlanted_01',23005.832,-2412.6418,-982.85126,
StaticMeshComponent,Node_Nat_Lavender_C'map03_p_WP:PersistentLevel.Node_Nat_Lavender_C_UAID_D843AE1A93E505A202_1999230449',StaticMesh'SM_LavanderBush_01',28222.078,45183.363,-3141.409,
StaticMeshComponent,Node_Nat_Lavender_C'map03_p_WP:PersistentLevel.Node_Nat_Lavender_C_UAID_D843AE1A93E505A202_2020564450',StaticMesh'SM_LavanderBush_01',28433.762,45248.57,-3227.258,
StaticMeshComponent,Node_Nat_Lavender_C'map03_p_WP:PersistentLevel.Node_Nat_Lavender_C_UAID_D843AE1A93E505A202_2032262451',StaticMesh'SM_LavanderBush_01',28416.605,45035.855,-3165.0747,
StaticMeshComponent,Node_Nat_Lavender_C'map03_p_WP:PersistentLevel.Node_Nat_Lavender_C_UAID_D843AE1A93E505A202_2040134452',StaticMesh'SM_LavanderBush_01',28871.031,45329.926,-3274.618,
StaticMeshComponent,Node_Nat_Lavender_C'map03_p_WP:PersistentLevel.Node_Nat_Lavender_C_UAID_D843AE1A93E505A202_2046237453',StaticMesh'SM_LavanderBush_01',29179.486,45123.895,-3319.7766,
StaticMeshComponent,Node_Nat_Lavender_C'map03_p_WP:PersistentLevel.Node_Nat_Lavender_C_UAID_D843AE1A93E505A202_2051255454',StaticMesh'SM_LavanderBush_01',29107.23,45390.66,-3335.809,
StaticMeshComponent,Node_Nat_Lavender_C'map03_p_WP:PersistentLevel.Node_Nat_Lavender_C_UAID_D843AE1A93E505A202_2060045455',StaticMesh'SM_LavanderBush_01',29957.06,44709.6,-3415.814,
StaticMeshComponent,Node_Nat_Lavender_C'map03_p_WP:PersistentLevel.Node_Nat_Lavender_C_UAID_D843AE1A93E505A202_2108656456',StaticMesh'SM_LavanderBush_01',30008.424,44444.71,-3385.2593,
StaticMeshComponent,Node_Nat_Lavender_C'map03_p_WP:PersistentLevel.Node_Nat_Lavender_C_UAID_D843AE1A93E505A202_2120516457',StaticMesh'SM_LavanderBush_01',30235.406,44529.37,-3462.7463,
StaticMeshComponent,Node_Nat_Lavender_C'map03_p_WP:PersistentLevel.Node_Nat_Lavender_C_UAID_D843AE1A93E506A202_1122499634',StaticMesh'SM_LavanderBush_01',29930.252,43723.926,-3309.522,
StaticMeshComponent,Node_Nat_Lavender_C'map03_p_WP:PersistentLevel.Node_Nat_Lavender_C_UAID_D843AE1A93E506A202_1150248635',StaticMesh'SM_LavanderBush_01',29790.434,43503.832,-3249.429,
StaticMeshComponent,Node_Nat_Lavender_C'map03_p_WP:PersistentLevel.Node_Nat_Lavender_C_UAID_D843AE1A93E506A202_1180801636',StaticMesh'SM_LavanderBush_01',30160.184,43692.9,-3381.7805,
StaticMeshComponent,Node_Nat_Lavender_C'map03_p_WP:PersistentLevel.Node_Nat_Rosemary_C_UAID_04D9F5F93AD5EE9302_01a8d68cb8c91864_1923246617',StaticMesh'SM_LavanderBushPicked_01',14102.712,51776.953,-3742.5537,
StaticMeshComponent,Node_Nat_Lavender_C'map03_p_WP:PersistentLevel.Node_Nat_Rosemary_C_UAID_04D9F5F93AD5EE9302_01a8d68cb8c91864_1924314618',StaticMesh'SM_LavanderBushPicked_01',14161.062,51878.418,-3742.5537,
StaticMeshComponent,Node_Nat_Lavender_C'map03_p_WP:PersistentLevel.Node_Nat_Rosemary_C_UAID_04D9F5F93AD5EE9302_01a8d68cb8c91864_1925685619',StaticMesh'SM_LavanderBushPicked_01',14040.59,51877.68,-3742.5537,
StaticMeshComponent,Node_Nat_Lavender_C'map03_p_WP:PersistentLevel.Node_Nat_Rosemary_C_UAID_04D9F5F93AD5EE9302_6ba89cffed610117_1923246617',StaticMesh'SM_LavanderBushPicked_01',15099.954,51779.88,-3738.594,
StaticMeshComponent,Node_Nat_Lavender_C'map03_p_WP:PersistentLevel.Node_Nat_Rosemary_C_UAID_04D9F5F93AD5EE9302_6ba89cffed610117_1924314618',StaticMesh'SM_LavanderBushPicked_01',15067.1455,51892.234,-3738.594,
StaticMeshComponent,Node_Nat_Lavender_C'map03_p_WP:PersistentLevel.Node_Nat_Rosemary_C_UAID_04D9F5F93AD5EE9302_6ba89cffed610117_1925685619',StaticMesh'SM_LavanderBushPicked_01',14984.263,51804.8,-3738.594,
StaticMeshComponent,Node_Nat_Lavender_C'map03_p_WP:PersistentLevel.Node_Nat_Rosemary_C_UAID_04D9F5F93AD5EE9302_c8a3aa7ab6d01805_1923246617',StaticMesh'SM_LavanderBushPicked_01',13697.575,51211.22,-3773.675,
StaticMeshComponent,Node_Nat_Lavender_C'map03_p_WP:PersistentLevel.Node_Nat_Rosemary_C_UAID_04D9F5F93AD5EE9302_c8a3aa7ab6d01805_1924314618',StaticMesh'SM_LavanderBushPicked_01',13583.857,51238.934,-3773.675,
StaticMeshComponent,Node_Nat_Lavender_C'map03_p_WP:PersistentLevel.Node_Nat_Rosemary_C_UAID_04D9F5F93AD5EE9302_c8a3aa7ab6d01805_1925685619',StaticMesh'SM_LavanderBushPicked_01',13618.186,51123.453,-3773.675,
StaticMeshComponent,Node_Nat_Lavender_C'map03_p_WP:PersistentLevel.Node_Nat_Rosemary_C_UAID_04D9F5F93AD5EE9302_d1f32fbbfff0b9cf_1923246617',StaticMesh'SM_LavanderBushPicked_01',15593.845,50827.293,-3785.2488,
StaticMeshComponent,Node_Nat_Lavender_C'map03_p_WP:PersistentLevel.Node_Nat_Rosemary_C_UAID_04D9F5F93AD5EE9302_d1f32fbbfff0b9cf_1924314618',StaticMesh'SM_LavanderBushPicked_01',15649.315,50930.12,-3792.261,
StaticMeshComponent,Node_Nat_Lavender_C'map03_p_WP:PersistentLevel.Node_Nat_Rosemary_C_UAID_04D9F5F93AD5EE9302_d1f32fbbfff0b9cf_1925685619',StaticMesh'SM_LavanderBushPicked_01',15528.915,50925.94,-3792.8782,
StaticMeshComponent,Node_Nat_PepperPlate_C'map03_p_WP:PersistentLevel.Node_Nat_PepperPlate_C_UAID_D843AE1A93E55AB902_0491f5207bb6c090_1669144536',StaticMesh'SM_PepperCornPlant_Pile_01',37072.008,19666.102,2185.8767,
StaticMeshComponent,Node_Nat_PepperPlate_C'map03_p_WP:PersistentLevel.Node_Nat_PepperPlate_C_UAID_D843AE1A93E55AB902_2a0c33808e50c0bf_1669144536',StaticMesh'SM_PepperCornPlant_Pile_01',36458.07,19434.203,2226.8726,
StaticMeshComponent,Node_Nat_PepperPlate_C'map03_p_WP:PersistentLevel.Node_Nat_PepperPlate_C_UAID_D843AE1A93E55AB902_43e023c523c697f8_1669144536',StaticMesh'SM_PepperCornPlant_Pile_01',32102.264,13443.554,-2167.358,
StaticMeshComponent,Node_Nat_PepperPlate_C'map03_p_WP:PersistentLevel.Node_Nat_PepperPlate_C_UAID_D843AE1A93E55AB902_6135e09389a4447f_1669144536',StaticMesh'SM_PepperCornPlant_Pile_01',31659.04,22980.234,-5572.448,
StaticMeshComponent,Node_Nat_PepperPlate_C'map03_p_WP:PersistentLevel.Node_Nat_PepperPlate_C_UAID_D843AE1A93E55AB902_6165dec9d606f6fc_1669144536',StaticMesh'SM_PepperCornPlant_Pile_01',31762.824,17817.488,-897.86346,
StaticMeshComponent,Node_Nat_PepperPlate_C'map03_p_WP:PersistentLevel.Node_Nat_PepperPlate_C_UAID_D843AE1A93E55AB902_69444cab46c57298_1669144536',StaticMesh'SM_PepperCornPlant_Pile_01',36923.86,19923.389,2226.7312,
StaticMeshComponent,Node_Nat_PepperPlate_C'map03_p_WP:PersistentLevel.Node_Nat_PepperPlate_C_UAID_D843AE1A93E55AB902_7b40a1d2f7cb5b76_1669144536',StaticMesh'SM_PepperCornPlant_Pile_01',34658.62,16338.686,-2961.6702,
StaticMeshComponent,Node_Nat_PepperPlate_C'map03_p_WP:PersistentLevel.Node_Nat_PepperPlate_C_UAID_D843AE1A93E55AB902_7dbcf1ee5cb9d4d9_1669144536',StaticMesh'SM_PepperCornPlant_Pile_01',37171.004,19819.29,2192.4883,
StaticMeshComponent,Node_Nat_PepperPlate_C'map03_p_WP:PersistentLevel.Node_Nat_PepperPlate_C_UAID_D843AE1A93E55AB902_a21007afa0d13f83_1669144536',StaticMesh'SM_PepperCornPlant_Pile_01',30473.28,17080.03,-838.6656,
StaticMeshComponent,Node_Nat_PepperPlate_C'map03_p_WP:PersistentLevel.Node_Nat_PepperPlate_C_UAID_D843AE1A93E55AB902_a28c0bd20db8fbe7_1669144536',StaticMesh'SM_PepperCornPlant_Pile_01',31783.393,21875.445,-5419.345,
StaticMeshComponent,Node_Nat_PepperPlate_C'map03_p_WP:PersistentLevel.Node_Nat_PepperPlate_C_UAID_D843AE1A93E55AB902_acb6f6e3ef493535_1669144536',StaticMesh'SM_PepperCornPlant_Pile_01',37045.434,19632.963,2235.7644,
StaticMeshComponent,Node_Nat_PepperPlate_C'map03_p_WP:PersistentLevel.Node_Nat_PepperPlate_C_UAID_D843AE1A93E55AB902_c89ee2f1d47fbb0a_1669144536',StaticMesh'SM_PepperCornPlant_Pile_01',36107.14,19421.76,2285.466,
StaticMeshComponent,Node_Nat_PepperPlate_C'map03_p_WP:PersistentLevel.Node_Nat_PepperPlate_C_UAID_D843AE1A93E55AB902_da5078e9471906bc_1669144536',StaticMesh'SM_PepperCornPlant_Pile_01',44583.16,13890.159,2234.222,
StaticMeshComponent,Node_Nat_PepperPlate_C'map03_p_WP:PersistentLevel.Node_Nat_PepperPlate_C_UAID_D843AE1A93E55AB902_f4ee103c6563bf0d_1669144536',StaticMesh'SM_PepperCornPlant_Pile_01',31582.574,22883.613,-5556.312,
StaticMeshComponent,Node_Nat_Pepper_C'map03_p_WP:PersistentLevel.Node_Nat_Pepper_C_UAID_D843AE1A93E514A202_1926786142',StaticMesh'SM_PepperCornPlant_01',31974.473,17133.713,1013.5603,
StaticMeshComponent,Node_Nat_Pepper_C'map03_p_WP:PersistentLevel.Node_Nat_Pepper_C_UAID_D843AE1A93E514A202_2049557143',StaticMesh'SM_PepperCornPlant_Collected_01',26466.28,12492.076,1114.8175,
StaticMeshComponent,Node_Nat_Pepper_C'map03_p_WP:PersistentLevel.Node_Nat_Pepper_C_UAID_D843AE1A93E515A202_1088949320',StaticMesh'SM_PepperCornPlant_01',41206.2,24781.752,-1236.5034,
StaticMeshComponent,Node_Nat_Pepper_C'map03_p_WP:PersistentLevel.Node_Nat_Pepper_C_UAID_D843AE1A93E515A202_1154449321',StaticMesh'SM_PepperCornPlant_01',48993.184,15286.828,-642.8333,
StaticMeshComponent,Node_Nat_PinkYarrowVase_C'map03_p_WP:PersistentLevel.Node_Nat_PinkYarrowVase_C_UAID_D843AE1A93E55CAE02_1369902789',StaticMesh'SM_PinkYarrow_Vase_LootCollected_01',36060.336,19366.691,2284.7188,
StaticMeshComponent,Node_Nat_PinkYarrowVase_C'map03_p_WP:PersistentLevel.Node_Nat_PinkYarrowVase_C_UAID_D843AE1A93E55CAE02_1484671790',StaticMesh'SM_PinkYarrow_Vase_LootCollected_01',44574.723,13951.322,2233.3906,
StaticMeshComponent,Node_Nat_PinkYarrowVase_C'map03_p_WP:PersistentLevel.Node_Nat_PinkYarrowVase_C_UAID_D843AE1A93E55CAE02_1579575791',StaticMesh'SM_PinkYarrow_Vase_LootCollected_01',36892.266,23587.633,-5661.327,
StaticMeshComponent,Node_Nat_PinkYarrowVase_C'map03_p_WP:PersistentLevel.Node_Nat_PinkYarrowVase_C_UAID_D843AE1A93E55CAE02_1653954792',StaticMesh'SM_PinkYarrow_Vase_LootCollected_01',34474.613,16322.812,-2969.8806,
StaticMeshComponent,Node_Nat_PinkYarrowVase_C'map03_p_WP:PersistentLevel.Node_Nat_PinkYarrowVase_C_UAID_D843AE1A93E55CAE02_1731260793',StaticMesh'SM_PinkYarrow_Vase_LootCollected_01',31769.334,17834.777,-898.20886,
StaticMeshComponent,Node_Nat_PinkYarrow_C'map03_p_WP:PersistentLevel.Node_Nat_PinkYarrow_C_UAID_D843AE1A93E508A202_1288957005',StaticMesh'SM_PinkYarrow_02',4592.0835,14829.803,-67.96625,
StaticMeshComponent,Node_Nat_PinkYarrow_C'map03_p_WP:PersistentLevel.Node_Nat_PinkYarrow_C_UAID_D843AE1A93E508A202_1323478006',StaticMesh'SM_PinkYarrow_02',4655.87,14847.425,-90.4675,
StaticMeshComponent,Node_Nat_PinkYarrow_C'map03_p_WP:PersistentLevel.Node_Nat_PinkYarrow_C_UAID_D843AE1A93E508A202_1343013007',StaticMesh'SM_PinkYarrow_02',4699.9873,14883.878,-95.5077,
StaticMeshComponent,Node_Nat_PinkYarrow_C'map03_p_WP:PersistentLevel.Node_Nat_PinkYarrow_C_UAID_D843AE1A93E508A202_1354979008',StaticMesh'SM_PinkYarrow_02',4580.7534,14893.31,-61.691925,
StaticMeshComponent,Node_Nat_PinkYarrow_C'map03_p_WP:PersistentLevel.Node_Nat_PinkYarrow_C_UAID_D843AE1A93E508A202_1449434009',StaticMesh'SM_PinkYarrow_02',9763.465,20885.326,-159.07925,
StaticMeshComponent,Node_Nat_PinkYarrow_C'map03_p_WP:PersistentLevel.Node_Nat_PinkYarrow_C_UAID_D843AE1A93E508A202_1466041010',StaticMesh'SM_PinkYarrow_02',9826.518,20877.26,-178.2974,
StaticMeshComponent,Node_Nat_PinkYarrow_C'map03_p_WP:PersistentLevel.Node_Nat_PinkYarrow_C_UAID_D843AE1A93E508A202_1485927011',StaticMesh'SM_PinkYarrow_02',9897.557,20852.4,-181.95766,
StaticMeshComponent,Node_Nat_PinkYarrow_C'map03_p_WP:PersistentLevel.Node_Nat_PinkYarrow_C_UAID_D843AE1A93E508A202_1511728012',StaticMesh'SM_PinkYarrow_02',9914.67,20796.56,-189.64874,
StaticMeshComponent,Node_Nat_PinkYarrow_C'map03_p_WP:PersistentLevel.Node_Nat_PinkYarrow_C_UAID_D843AE1A93E508A202_1643759013',StaticMesh'SM_PinkYarrow_02',-4893.9644,19182.18,-25.435034,
StaticMeshComponent,Node_Nat_PinkYarrow_C'map03_p_WP:PersistentLevel.Node_Nat_PinkYarrow_C_UAID_D843AE1A93E508A202_1656119014',StaticMesh'SM_PinkYarrow_02',-4845.181,19132.525,-31.103556,
StaticMeshComponent,Node_Nat_PinkYarrow_C'map03_p_WP:PersistentLevel.Node_Nat_PinkYarrow_C_UAID_D843AE1A93E508A202_1666185015',StaticMesh'SM_PinkYarrow_02',-4958.1396,19122.525,-24.492699,
StaticMeshComponent,Node_Nat_PinkYarrow_C'map03_p_WP:PersistentLevel.Node_Nat_PinkYarrow_C_UAID_D843AE1A93E508A202_1675023016',StaticMesh'SM_PinkYarrow_02',-4840.1685,19048.152,-26.10671,
StaticMeshComponent,Node_Nat_PoppyDried_01a_C'map03_p_WP:PersistentLevel.Node_Nat_PoppyDried_01a_C_UAID_D843AE1A93E508A302_33053ba715e448e3_1442192787',StaticMesh'SM_PoppieBulbDry_03',31748.607,17851.562,-898.6403,
StaticMeshComponent,Node_Nat_PoppyDried_01a_C'map03_p_WP:PersistentLevel.Node_Nat_PoppyDried_01a_C_UAID_D843AE1A93E508A302_4739127d504fdf4c_1442192787',StaticMesh'SM_PoppieBulbDry_03',32614.19,22638.09,-5536.2085,
StaticMeshComponent,Node_Nat_PoppyDried_01a_C'map03_p_WP:PersistentLevel.Node_Nat_PoppyDried_01a_C_UAID_D843AE1A93E508A302_6efa3c03d73230a0_1442192787',StaticMesh'SM_PoppieBulbDry_03',44009.31,13502.768,2189.6633,
StaticMeshComponent,Node_Nat_PoppyDried_01a_C'map03_p_WP:PersistentLevel.Node_Nat_PoppyDried_01a_C_UAID_D843AE1A93E508A302_807ac0bb47826ed0_1442192787',StaticMesh'SM_PoppieBulbDry_03',36630.344,19598.395,2225.6187,
StaticMeshComponent,Node_Nat_PoppyDried_01a_C'map03_p_WP:PersistentLevel.Node_Nat_PoppyDried_01a_C_UAID_D843AE1A93E508A302_904a8f0473622b71_1442192787',StaticMesh'SM_PoppieBulbDry_03',30097.064,19284.518,-3887.6252,
StaticMeshComponent,Node_Nat_PoppyDried_01a_C'map03_p_WP:PersistentLevel.Node_Nat_PoppyDried_01a_C_UAID_D843AE1A93E508A302_c40d88e77c9c63e0_1442192787',StaticMesh'SM_PoppieBulbDry_03',34598.867,16322.694,-2964.958,
StaticMeshComponent,Node_Nat_PoppyDried_01a_C'map03_p_WP:PersistentLevel.Node_Nat_PoppyDried_01a_C_UAID_D843AE1A93E508A302_d5c3052e5adfefb1_1442192787',StaticMesh'SM_PoppieBulbDry_03',30941.715,14438.165,-2052.575,
StaticMeshComponent,Node_Nat_PoppyDried_01a_C'map03_p_WP:PersistentLevel.Node_Nat_PoppyDried_01a_C_UAID_D843AE1A93E508A302_dd193d6611808e78_1442192787',StaticMesh'SM_PoppieBulbDry_03',31762.918,22828.97,-5552.984,
StaticMeshComponent,Node_Nat_PoppyDried_01a_C'map03_p_WP:PersistentLevel.Node_Nat_PoppyDried_01a_C_UAID_D843AE1A93E508A302_e8a856f585e33134_1442192787',StaticMesh'SM_PoppieBulbDry_03',30497.385,17095.82,-844.15875,
StaticMeshComponent,Node_Nat_Poppy_C'map03_p_WP:PersistentLevel.Node_Nat_Poppy_C_UAID_D843AE1A93E520A202_1696259298',StaticMesh'SM_Poppie_04',28970.762,15854.181,276.1284,
StaticMeshComponent,Node_Nat_Poppy_C'map03_p_WP:PersistentLevel.Node_Nat_Poppy_C_UAID_D843AE1A93E520A202_1975953300',StaticMesh'SM_Poppie_03',35102.84,11369.393,1139.4651,
StaticMeshComponent,Node_Nat_Poppy_C'map03_p_WP:PersistentLevel.Node_Nat_Poppy_C_UAID_D843AE1A93E521A202_1281630477',StaticMesh'SM_Poppie_03',9981.2,12801.441,-79.815956,
StaticMeshComponent,Node_Nat_Rosemary_C'map03_p_WP:PersistentLevel.Node_Nat_Rosemary_C_UAID_D843AE1A93E506A202_1516505637',StaticMesh'SM_RosemaryBush_02',40642.46,43346.312,-3625.5383,
StaticMeshComponent,Node_Nat_Rosemary_C'map03_p_WP:PersistentLevel.Node_Nat_Rosemary_C_UAID_D843AE1A93E506A202_1569276638',StaticMesh'SM_RosemaryBush_02',42040.938,42404.8,-3670.1401,
StaticMeshComponent,Node_Nat_Rosemary_C'map03_p_WP:PersistentLevel.Node_Nat_Rosemary_C_UAID_D843AE1A93E506A202_1602946639',StaticMesh'SM_RosemaryBush_02',42387.99,41061.78,-3646.6582,
StaticMeshComponent,Node_Nat_Rosemary_C'map03_p_WP:PersistentLevel.Node_Nat_Rosemary_C_UAID_D843AE1A93E506A202_1639023640',StaticMesh'SM_RosemaryBush_02',42966.4,40383.01,-3681.23,
StaticMeshComponent,Node_Nat_Rosemary_C'map03_p_WP:PersistentLevel.Node_Nat_Rosemary_C_UAID_D843AE1A93E506A202_1756824641',StaticMesh'SM_RosemaryBush_02',43400.176,38942.31,-3630.5042,
StaticMeshComponent,Node_Nat_Rosemary_C'map03_p_WP:PersistentLevel.Node_Nat_Rosemary_C_UAID_D843AE1A93E506A202_1918098642',StaticMesh'SM_RosemaryBush_02',42494.35,50885.87,-3874.973,
StaticMeshComponent,Node_Nat_Rosemary_C'map03_p_WP:PersistentLevel.Node_Nat_Rosemary_C_UAID_D843AE1A93E506A202_1967322643',StaticMesh'SM_RosemaryBush_02',42533.004,49370.242,-3745.016,
StaticMeshComponent,Node_Nat_Rosemary_C'map03_p_WP:PersistentLevel.Node_Nat_Rosemary_C_UAID_D843AE1A93E506A202_1999618644',StaticMesh'SM_RosemaryBush_02',42281.54,48478.95,-3653.9307,
StaticMeshComponent,Node_Nat_Rosemary_C'map03_p_WP:PersistentLevel.Node_Nat_Rosemary_C_UAID_D843AE1A93E506A202_2014975645',StaticMesh'SM_RosemaryBush_02',41959.457,47073.04,-3660.739,
StaticMeshComponent,Node_Nat_Rosemary_C'map03_p_WP:PersistentLevel.Node_Nat_Rosemary_C_UAID_D843AE1A93E506A202_2058842646',StaticMesh'SM_RosemaryBush_02',41701.53,46373.934,-3823.3262,
StaticMeshComponent,Node_Nat_Rosemary_C'map03_p_WP:PersistentLevel.Node_Nat_Rosemary_C_UAID_D843AE1A93E507A202_1074848823',StaticMesh'SM_RosemaryBush_02',40924.902,46063.727,-3819.1519,
StaticMeshComponent,Node_Nat_Rosemary_C'map03_p_WP:PersistentLevel.Node_Nat_Rosemary_C_UAID_D843AE1A93E507A202_1166851824',StaticMesh'SM_RosemaryBush_02',69602.586,11294.708,-5041.575,
StaticMeshComponent,Node_Nat_Rosemary_C'map03_p_WP:PersistentLevel.Node_Nat_Rosemary_C_UAID_D843AE1A93E507A202_1190591825',StaticMesh'SM_RosemaryBush_02',69466.18,12223.237,-5022.37,
StaticMeshComponent,Node_Nat_Rosemary_C'map03_p_WP:PersistentLevel.Node_Nat_Rosemary_C_UAID_D843AE1A93E507A202_1208456826',StaticMesh'SM_RosemaryBush_02',68806.43,13827.404,-5016.5034,
StaticMeshComponent,Node_Nat_Rosemary_C'map03_p_WP:PersistentLevel.Node_Nat_Rosemary_C_UAID_D843AE1A93E507A202_1240247827',StaticMesh'SM_RosemaryBush_02',69840.62,10440.693,-5057.2974,
StaticMeshComponent,Node_Nat_Rosemary_C'map03_p_WP:PersistentLevel.Node_Nat_Rosemary_C_UAID_D843AE1A93E507A202_1319372828',StaticMesh'SM_RosemaryBush_02',68206.51,15018.836,-4839.197,
StaticMeshComponent,Node_Nat_SaffronBasket_C'map03_p_WP:PersistentLevel.Node_Nat_SaffronBasket_C_UAID_D843AE1A93E556AE02_1889806721',StaticMesh'SM_Saffron_Basket_01',31581.074,21503.332,-5515.4277,
StaticMeshComponent,Node_Nat_SaffronBasket_C'map03_p_WP:PersistentLevel.Node_Nat_SaffronBasket_C_UAID_D843AE1A93E556AE02_1929421722',StaticMesh'SM_Saffron_Basket_01',32610.857,22537.363,-5452.2563,
StaticMeshComponent,Node_Nat_SaffronBasket_C'map03_p_WP:PersistentLevel.Node_Nat_SaffronBasket_C_UAID_D843AE1A93E558AE02_1492691075',StaticMesh'SM_Saffron_Basket_01',31392.895,22523.668,-5428.444,
StaticMeshComponent,Node_Nat_SaffronBasket_C'map03_p_WP:PersistentLevel.Node_Nat_SaffronBasket_C_UAID_D843AE1A93E558AE02_1603354076',StaticMesh'SM_Saffron_Basket_01',29587.701,17797.4,-915.4057,
StaticMeshComponent,Node_Nat_SaffronBasket_C'map03_p_WP:PersistentLevel.Node_Nat_SaffronBasket_C_UAID_D843AE1A93E558AE02_1614599077',StaticMesh'SM_Saffron_Basket_01',29700.086,17821.893,-915.0709,
StaticMeshComponent,Node_Nat_SaffronBasket_C'map03_p_WP:PersistentLevel.Node_Nat_SaffronBasket_C_UAID_D843AE1A93E558AE02_1658655078',StaticMesh'SM_Saffron_Basket_01',29809.664,17859.996,-995.6974,
StaticMeshComponent,Node_Nat_SaffronBasket_C'map03_p_WP:PersistentLevel.Node_Nat_SaffronBasket_C_UAID_D843AE1A93E558AE02_1787649079',StaticMesh'SM_Saffron_Basket_01',32906.504,21879.992,-5462.753,
StaticMeshComponent,Node_Nat_SaffronBasket_C'map03_p_WP:PersistentLevel.Node_Nat_SaffronBasket_C_UAID_D843AE1A93E558AE02_1884128081',StaticMesh'SM_Saffron_Basket_01',32992.094,22726.885,-5539.3804,
StaticMeshComponent,Node_Nat_SaffronBasket_C'map03_p_WP:PersistentLevel.Node_Nat_SaffronBasket_C_UAID_D843AE1A93E558AE02_1991843082',StaticMesh'SM_Saffron_Basket_01',44617.613,13974.932,2144.4988,
StaticMeshComponent,Node_Nat_SaffronBasket_C'map03_p_WP:PersistentLevel.Node_Nat_SaffronBasket_C_UAID_D843AE1A93E558AE02_2017913083',StaticMesh'SM_Saffron_Basket_01',44681.25,13867.801,2143.9053,
StaticMeshComponent,Node_Nat_SaffronBasket_C'map03_p_WP:PersistentLevel.Node_Nat_SaffronBasket_C_UAID_D843AE1A93E558AE02_2056398084',StaticMesh'SM_Saffron_Basket_01',36608.285,19511.975,2137.3945,
StaticMeshComponent,Node_Nat_Saffron_C'map03_p_WP:PersistentLevel.Node_Nat_Saffron_C_UAID_D843AE1A93E509A202_1301614194',StaticMesh'SM_SaffronPlant_01',38814.504,9432.781,1135.9689,
StaticMeshComponent,Node_Nat_Saffron_C'map03_p_WP:PersistentLevel.Node_Nat_Saffron_C_UAID_D843AE1A93E509A202_1317676195',StaticMesh'SM_SaffronPlant_01',38332.17,10488.175,1179.5118,
StaticMeshComponent,Node_Nat_Saffron_C'map03_p_WP:PersistentLevel.Node_Nat_Saffron_C_UAID_D843AE1A93E509A202_1330928196',StaticMesh'SM_SaffronPlant_01',33134.32,15307.825,1107.5907,
StaticMeshComponent,Node_Nat_Saffron_C'map03_p_WP:PersistentLevel.Node_Nat_Saffron_C_UAID_D843AE1A93E509A202_1332537197',StaticMesh'SM_SaffronPlant_01',32899.0,14973.472,1096.6923,
StaticMeshComponent,Node_Nat_Saffron_C'map03_p_WP:PersistentLevel.Node_Nat_Saffron_C_UAID_D843AE1A93E509A202_1397521198',StaticMesh'SM_SaffronPlant_01',41682.06,22071.191,-921.85895,
StaticMeshComponent,Node_Nat_Saffron_C'map03_p_WP:PersistentLevel.Node_Nat_Saffron_C_UAID_D843AE1A93E509A202_1425094199',StaticMesh'SM_SaffronPlant_01',41182.883,22118.666,-821.81274,
StaticMeshComponent,Node_Nat_Saffron_C'map03_p_WP:PersistentLevel.Node_Nat_Saffron_C_UAID_D843AE1A93E509A202_1469239200',StaticMesh'SM_SaffronPlant_01',34467.617,4147.4536,75.770355,
StaticMeshComponent,Node_Nat_Saffron_C'map03_p_WP:PersistentLevel.Node_Nat_Saffron_C_UAID_D843AE1A93E509A202_1487050201',StaticMesh'SM_SaffronPlant_01',34037.973,3881.4988,180.0796,
StaticMeshComponent,Node_Nat_Saffron_C'map03_p_WP:PersistentLevel.Node_Nat_Saffron_C_UAID_D843AE1A93E509A202_1552121202',StaticMesh'SM_SaffronPlant_01',33282.08,14912.897,1091.6864,
StaticMeshComponent,Node_Nat_Saffron_C'map03_p_WP:PersistentLevel.Node_Nat_Saffron_C_UAID_D843AE1A93E509A202_1596659203',StaticMesh'SM_SaffronPlant_01',12690.931,17642.254,-16.804865,
StaticMeshComponent,Node_Nat_Saffron_C'map03_p_WP:PersistentLevel.Node_Nat_Saffron_C_UAID_D843AE1A93E509A202_1600417204',StaticMesh'SM_SaffronPlant_01',12962.193,17514.127,-62.38639,
StaticMeshComponent,Node_Scav_Copper_C'map03_p_WP:PersistentLevel.Node_Scav_Copper_C_UAID_D843AE1A93E51EA202_1843246919',StaticMesh'SM_CopperOre_Destroyed_02',21852.969,-15091.646,-1769.7366,
StaticMeshComponent,Node_Scav_Copper_C'map03_p_WP:PersistentLevel.Node_Scav_Copper_C_UAID_D843AE1A93E51EA202_1864470920',StaticMesh'SM_CopperOre_Destroyed_02',20830.912,-15292.354,-1397.7172,
StaticMeshComponent,Node_Scav_Copper_C'map03_p_WP:PersistentLevel.Node_Scav_Copper_C_UAID_D843AE1A93E51EA202_1902939921',StaticMesh'SM_CopperOre_02',23352.225,-14251.264,-2083.998,
StaticMeshComponent,Node_Scav_Copper_C'map03_p_WP:PersistentLevel.Node_Scav_Copper_C_UAID_D843AE1A93E51EA202_1913377922',StaticMesh'SM_CopperOre_02',25034.516,-13820.394,-2461.6753,
StaticMeshComponent,Node_Scav_Copper_C'map03_p_WP:PersistentLevel.Node_Scav_Copper_C_UAID_D843AE1A93E51EA202_1930559923',StaticMesh'SM_CopperOre_02',25947.012,-13612.719,-2519.288,
StaticMeshComponent,Node_Scav_Copper_C'map03_p_WP:PersistentLevel.Node_Scav_Copper_C_UAID_D843AE1A93E51EA202_2031155924',StaticMesh'SM_CopperOre_02',10732.205,-3309.0183,-150.82755,
StaticMeshComponent,Node_Scav_Copper_C'map03_p_WP:PersistentLevel.Node_Scav_Copper_C_UAID_D843AE1A93E51EA202_2040653925',StaticMesh'SM_CopperOre_02',10480.197,-3908.52,-122.35745,
StaticMeshComponent,Node_Scav_Copper_C'map03_p_WP:PersistentLevel.Node_Scav_Copper_C_UAID_D843AE1A93E51EA202_2055044926',StaticMesh'SM_CopperOre_02',11640.02,-3870.287,-132.53426,
StaticMeshComponent,Node_Scav_Copper_C'map03_p_WP:PersistentLevel.Node_Scav_Copper_C_UAID_D843AE1A93E51EA202_2072081927',StaticMesh'SM_CopperOre_Destroyed_02',12480.004,-4284.5474,-122.339645,
StaticMeshComponent,Node_Scav_Copper_C'map03_p_WP:PersistentLevel.Node_Scav_Copper_C_UAID_D843AE1A93E51FA202_1189681104',StaticMesh'SM_CopperOre_02',8631.935,3774.3906,-569.0915,
StaticMeshComponent,Node_Scav_Copper_C'map03_p_WP:PersistentLevel.Node_Scav_Copper_C_UAID_D843AE1A93E51FA202_1199571105',StaticMesh'SM_CopperOre_Destroyed_02',8441.677,4688.8555,-544.3799,
StaticMeshComponent,Node_Scav_Copper_C'map03_p_WP:PersistentLevel.Node_Scav_Copper_C_UAID_D843AE1A93E51FA202_1285282106',StaticMesh'SM_CopperOre_Destroyed_02',5196.47,-6797.627,44.58474,
StaticMeshComponent,Node_Scav_Copper_C'map03_p_WP:PersistentLevel.Node_Scav_Copper_C_UAID_D843AE1A93E51FA202_1308925107',StaticMesh'SM_CopperOre_02',5166.497,-7046.986,74.68058,
StaticMeshComponent,Node_Scav_CottonBasket_C'map03_p_WP:PersistentLevel.Node_Scav_CottonBasket_C_UAID_D843AE1A93E556AE02_1694389718',StaticMesh'SM_CottonBasket_01',31267.205,22335.385,-5477.4077,
StaticMeshComponent,Node_Scav_CottonBasket_C'map03_p_WP:PersistentLevel.Node_Scav_CottonBasket_C_UAID_D843AE1A93E556AE02_1714809719',StaticMesh'SM_CottonBasket_01',31210.152,22294.547,-5477.711,
StaticMeshComponent,Node_Scav_CottonBasket_C'map03_p_WP:PersistentLevel.Node_Scav_CottonBasket_C_UAID_D843AE1A93E556AE02_1842064720',StaticMesh'SM_CottonBasket_01',31157.52,22214.39,-5547.9155,
StaticMeshComponent,Node_Scav_Cotton_C'map03_p_WP:PersistentLevel.Node_Scav_Cotton_C_UAID_D843AE1A93E51CA202_1433888588',StaticMesh'SM_CottonPlant_01',12131.549,19751.072,-257.25314,
StaticMeshComponent,Node_Scav_Cotton_C'map03_p_WP:PersistentLevel.Node_Scav_Cotton_C_UAID_D843AE1A93E51CA202_1453202589',StaticMesh'SM_CottonPlant_01',6549.505,21627.756,-229.55421,
StaticMeshComponent,Node_Scav_Cotton_C'map03_p_WP:PersistentLevel.Node_Scav_Cotton_C_UAID_D843AE1A93E51CA202_1501321590',StaticMesh'SM_CottonPlant_01',5652.4326,14802.701,-139.74187,
StaticMeshComponent,Node_Scav_Cotton_C'map03_p_WP:PersistentLevel.Node_Scav_Cotton_C_UAID_D843AE1A93E51CA202_1511907591',StaticMesh'SM_CottonPlant_01_Collected',2968.0645,11507.391,-189.25621,
StaticMeshComponent,Node_Scav_Cotton_C'map03_p_WP:PersistentLevel.Node_Scav_Cotton_C_UAID_D843AE1A93E51CA202_1520017592',StaticMesh'SM_CottonPlant_01_Collected',-3093.1907,9839.917,-155.3335,
StaticMeshComponent,Node_Scav_Cotton_C'map03_p_WP:PersistentLevel.Node_Scav_Cotton_C_UAID_D843AE1A93E51CA202_1603802593',StaticMesh'SM_CottonPlant_01_Collected',632.1809,21737.826,-255.73695,
StaticMeshComponent,Node_Scav_Cotton_C'map03_p_WP:PersistentLevel.Node_Scav_Cotton_C_UAID_D843AE1A93E51CA202_1621416594',StaticMesh'SM_CottonPlant_01_Collected',-1632.2288,20290.2,-122.075905,
StaticMeshComponent,Node_Scav_Flax_C'map03_p_WP:PersistentLevel.Node_Scav_Flax_C_UAID_04D9F5F93AD54C9402_2083482225',StaticMesh'SM_FlaxPlant_01',36064.39,-6113.523,-2490.348,
StaticMeshComponent,Node_Scav_Flax_C'map03_p_WP:PersistentLevel.Node_Scav_Flax_C_UAID_04D9F5F93AD54C9402_2094395226',StaticMesh'SM_FlaxPlant_01',35886.402,-5767.2817,-2439.7363,
StaticMeshComponent,Node_Scav_Flax_C'map03_p_WP:PersistentLevel.Node_Scav_Flax_C_UAID_04D9F5F93AD54C9402_2099427227',StaticMesh'SM_FlaxPlant_01',35523.066,-5879.262,-2423.6501,
StaticMeshComponent,Node_Scav_Flax_C'map03_p_WP:PersistentLevel.Node_Scav_Flax_C_UAID_04D9F5F93AD54C9402_2104088228',StaticMesh'SM_FlaxPlant_01',35834.324,-6549.86,-2615.0234,
StaticMeshComponent,Node_Scav_Flax_C'map03_p_WP:PersistentLevel.Node_Scav_Flax_C_UAID_04D9F5F93AD54C9402_2127548229',StaticMesh'SM_FlaxPlant_01',35824.58,-5001.8447,-2342.7776,
StaticMeshComponent,Node_Scav_Flax_C'map03_p_WP:PersistentLevel.Node_Scav_Flax_C_UAID_D843AE1A93E51BA202_1867735404',StaticMesh'SM_FlaxPlant_01',12488.78,49366.164,-3747.4695,
StaticMeshComponent,Node_Scav_Flax_C'map03_p_WP:PersistentLevel.Node_Scav_Flax_C_UAID_D843AE1A93E51BA202_1895478405',StaticMesh'SM_FlaxPlant_01',13424.305,49944.45,-3790.537,
StaticMeshComponent,Node_Scav_Flax_C'map03_p_WP:PersistentLevel.Node_Scav_Flax_C_UAID_D843AE1A93E51BA202_1910641406',StaticMesh'SM_FlaxPlant_01',12782.232,50236.26,-3785.7148,
StaticMeshComponent,Node_Scav_Flax_C'map03_p_WP:PersistentLevel.Node_Scav_Flax_C_UAID_D843AE1A93E51BA202_1943208407',StaticMesh'SM_FlaxPlant_01',13459.746,50327.3,-3781.5056,
StaticMeshComponent,Node_Scav_Flax_C'map03_p_WP:PersistentLevel.Node_Scav_Flax_C_UAID_D843AE1A93E51BA202_1979416408',StaticMesh'SM_FlaxPlant_01',15259.796,51589.87,-3756.8901,
StaticMeshComponent,Node_Scav_Flax_C'map03_p_WP:PersistentLevel.Node_Scav_Flax_C_UAID_D843AE1A93E51BA202_1988638409',StaticMesh'SM_FlaxPlant_01',15644.07,51712.875,-3756.8901,
StaticMeshComponent,Node_Scav_Flax_C'map03_p_WP:PersistentLevel.Node_Scav_Flax_C_UAID_D843AE1A93E51BA202_1998817410',StaticMesh'SM_FlaxPlant_01',15507.841,52114.727,-3719.6016,
StaticMeshComponent,Node_Scav_Flax_C'map03_p_WP:PersistentLevel.Node_Scav_Flax_C_UAID_D843AE1A93E51BA202_2019445411',StaticMesh'SM_FlaxPlant_01',15237.941,52315.258,-3740.4658,
StaticMeshComponent,Node_Scav_GoldBarrow_C'map03_p_WP:PersistentLevel.Node_Scav_GoldBarrow_C_UAID_D843AE1A93E51DA302_1690982725',StaticMesh'SM_WheelbarrowsLoot_Gold_01a',43937.746,18080.146,-2080.2349,
StaticMeshComponent,Node_Scav_GoldBarrow_C'map03_p_WP:PersistentLevel.Node_Scav_GoldBarrow_C_UAID_D843AE1A93E51DA302_1759871726',StaticMesh'SM_WheelbarrowsLoot_Gold_01a',40976.246,16391.367,-7267.1494,
StaticMeshComponent,Node_Scav_GoldBarrow_C'map03_p_WP:PersistentLevel.Node_Scav_GoldBarrow_C_UAID_D843AE1A93E51DA302_1981064754',StaticMesh'SM_WheelbarrowsLoot_Gold_01a',-6019.693,43328.92,-4815.669,
StaticMeshComponent,Node_Scav_Gold_C'map03_p_WP:PersistentLevel.Node_Scav_Gold_C_UAID_D843AE1A93E51DA302_1804421727',StaticMesh'SM_GoldOre_01',37831.523,15002.436,-7125.073,
StaticMeshComponent,Node_Scav_Gold_C'map03_p_WP:PersistentLevel.Node_Scav_Gold_C_UAID_D843AE1A93E51EA302_1231116934',StaticMesh'SM_GoldOre_01',39545.816,15425.427,643.6296,
StaticMeshComponent,Node_Scav_Gold_C'map03_p_WP:PersistentLevel.Node_Scav_Gold_C_UAID_D843AE1A93E51EA302_1314926935',StaticMesh'SM_GoldOre_01',39449.176,15831.23,-967.24603,
StaticMeshComponent,Node_Scav_Gold_C'map03_p_WP:PersistentLevel.Node_Scav_Gold_C_UAID_D843AE1A93E520A202_1522620296',StaticMesh'SM_GoldOre_01',-5622.7495,45220.25,-4205.922,
StaticMeshComponent,Node_Scav_Gold_C'map03_p_WP:PersistentLevel.Node_Scav_Gold_C_UAID_D843AE1A93E520A202_1560019297',StaticMesh'SM_GoldOre_01',-7327.949,42372.695,-3970.8137,
StaticMeshComponent,Node_Scav_Hemp_C'map03_p_WP:PersistentLevel.Node_Scav_Hemp_C_UAID_D843AE1A93E51AA202_2026544211',StaticMesh'SM_HempPlant_01',69718.66,8609.1455,-5337.5347,
StaticMeshComponent,Node_Scav_Hemp_C'map03_p_WP:PersistentLevel.Node_Scav_Hemp_C_UAID_D843AE1A93E51AA202_2051359212',StaticMesh'SM_HempPlant_01',69825.85,8545.14,-5344.695,
StaticMeshComponent,Node_Scav_Hemp_C'map03_p_WP:PersistentLevel.Node_Scav_Hemp_C_UAID_D843AE1A93E51AA202_2060005213',StaticMesh'SM_HempPlant_01',69866.945,8720.509,-5334.0005,
StaticMeshComponent,Node_Scav_Hemp_C'map03_p_WP:PersistentLevel.Node_Scav_Hemp_C_UAID_D843AE1A93E51AA202_2071285214',StaticMesh'SM_HempPlant_01',69982.625,8835.862,-5338.953,
StaticMeshComponent,Node_Scav_Hemp_C'map03_p_WP:PersistentLevel.Node_Scav_Hemp_C_UAID_D843AE1A93E51AA202_2087615215',StaticMesh'SM_HempPlant_01',70090.414,8706.394,-5348.3267,
StaticMeshComponent,Node_Scav_Hemp_C'map03_p_WP:PersistentLevel.Node_Scav_Hemp_C_UAID_D843AE1A93E51BA202_1168892392',StaticMesh'SM_HempPlant_01',68531.055,3361.105,-5475.6543,
StaticMeshComponent,Node_Scav_Hemp_C'map03_p_WP:PersistentLevel.Node_Scav_Hemp_C_UAID_D843AE1A93E51BA202_1176758393',StaticMesh'SM_HempPlant_01',68460.36,3218.5806,-5475.6543,
StaticMeshComponent,Node_Scav_Hemp_C'map03_p_WP:PersistentLevel.Node_Scav_Hemp_C_UAID_D843AE1A93E51BA202_1181334394',StaticMesh'SM_HempPlant_01',68640.25,3271.9314,-5495.776,
StaticMeshComponent,Node_Scav_Hemp_C'map03_p_WP:PersistentLevel.Node_Scav_Hemp_C_UAID_D843AE1A93E51BA202_1198544395',StaticMesh'SM_HempPlant_01',68688.48,3577.2122,-5476.651,
StaticMeshComponent,Node_Scav_Hemp_C'map03_p_WP:PersistentLevel.Node_Scav_Hemp_C_UAID_D843AE1A93E51BA202_1331968396',StaticMesh'SM_HempPlant_01',44974.426,40086.62,-5717.6455,
StaticMeshComponent,Node_Scav_Hemp_C'map03_p_WP:PersistentLevel.Node_Scav_Hemp_C_UAID_D843AE1A93E51BA202_1350139397',StaticMesh'SM_HempPlant_01',45151.605,40093.227,-5723.858,
StaticMeshComponent,Node_Scav_Hemp_C'map03_p_WP:PersistentLevel.Node_Scav_Hemp_C_UAID_D843AE1A93E51BA202_1358653398',StaticMesh'SM_HempPlant_01',44728.26,40356.527,-5703.1797,
StaticMeshComponent,Node_Scav_Hemp_C'map03_p_WP:PersistentLevel.Node_Scav_Hemp_C_UAID_D843AE1A93E51BA202_1366938399',StaticMesh'SM_HempPlant_01',44587.633,40143.4,-5649.6304,
StaticMeshComponent,Node_Scav_Hemp_C'map03_p_WP:PersistentLevel.Node_Scav_Hemp_C_UAID_D843AE1A93E51BA202_1384942400',StaticMesh'SM_HempPlant_01',44712.477,39804.855,-5649.481,
StaticMeshComponent,Node_Scav_Hemp_C'map03_p_WP:PersistentLevel.Node_Scav_Hemp_C_UAID_D843AE1A93E51BA202_1398633401',StaticMesh'SM_HempPlant_01',44446.312,39929.4,-5633.0767,
StaticMeshComponent,Node_Scav_Hemp_C'map03_p_WP:PersistentLevel.Node_Scav_Hemp_C_UAID_D843AE1A93E51BA202_1413765402',StaticMesh'SM_HempPlant_01',44623.918,39573.707,-5646.3276,
StaticMeshComponent,Node_Scav_Iron_C'map03_p_WP:PersistentLevel.Node_Scav_Iron_C_UAID_D843AE1A93E51DA302_2131460755',StaticMesh'SM_IronOre_01',39348.902,16672.26,-2732.54,
StaticMeshComponent,Node_Scav_Iron_C'map03_p_WP:PersistentLevel.Node_Scav_Iron_C_UAID_D843AE1A93E51EA302_1091578932',StaticMesh'SM_IronOre_01',41013.75,15128.55,-1915.5745,
StaticMeshComponent,Node_Scav_Iron_C'map03_p_WP:PersistentLevel.Node_Scav_Iron_C_UAID_D843AE1A93E51EA302_1173323933',StaticMesh'SM_IronOre_01',40413.13,14802.539,-4666.393,
StaticMeshComponent,Node_Scav_Iron_C'map03_p_WP:PersistentLevel.Node_Scav_Iron_C_UAID_D843AE1A93E51FA202_1524977108',StaticMesh'SM_IronOre_01',-4944.7485,39665.855,-3997.5913,
StaticMeshComponent,Node_Scav_Iron_C'map03_p_WP:PersistentLevel.Node_Scav_Iron_C_UAID_D843AE1A93E51FA202_1644191109',StaticMesh'SM_IronOre_01',-7309.3013,41053.574,-4172.734,
StaticMeshComponent,Node_Scav_Iron_C'map03_p_WP:PersistentLevel.Node_Scav_Iron_C_UAID_D843AE1A93E51FA202_1666242110',StaticMesh'SM_IronOre_01',-7710.2783,44259.133,-4239.667,
StaticMeshComponent,Node_Scav_Iron_C'map03_p_WP:PersistentLevel.Node_Scav_Iron_C_UAID_D843AE1A93E51FA202_1873243111',StaticMesh'SM_IronOre_01',-2902.914,43895.945,-4087.7483,
StaticMeshComponent,Node_Scav_Iron_C'map03_p_WP:PersistentLevel.Node_Scav_Iron_C_UAID_D843AE1A93E51FA202_2108739112',StaticMesh'SM_IronOre_01',-6530.3843,45863.223,-4647.381,
StaticMeshComponent,Node_Scav_Iron_C'map03_p_WP:PersistentLevel.Node_Scav_Iron_C_UAID_D843AE1A93E51FA202_2132399113',StaticMesh'SM_IronOre_01',-2083.7297,41589.35,-4062.2478,
StaticMeshComponent,Node_Scav_Iron_C'map03_p_WP:PersistentLevel.Node_Scav_Iron_C_UAID_D843AE1A93E51FA202_2145086114',StaticMesh'SM_IronOre_01',-3155.3445,42077.23,-4277.3135,
StaticMeshComponent,Node_Scav_Iron_C'map03_p_WP:PersistentLevel.Node_Scav_Iron_C_UAID_D843AE1A93E520A202_1095336291',StaticMesh'SM_IronOre_01',-2815.0503,43285.75,-3051.3694,
StaticMeshComponent,Node_Scav_Iron_C'map03_p_WP:PersistentLevel.Node_Scav_Iron_C_UAID_D843AE1A93E5FAA202_1151585359',StaticMesh'SM_IronOre_01',39097.938,13877.727,1715.7356,
StaticMeshComponent,Node_Scav_Lead_C'map03_p_WP:PersistentLevel.Node_Scav_Lead_C_UAID_D843AE1A93E51CA202_2049311898',StaticMesh'SM_LeadOre_01',-1765.9521,49601.027,-4122.3394,
StaticMeshComponent,Node_Scav_Lead_C'map03_p_WP:PersistentLevel.Node_Scav_Lead_C_UAID_D843AE1A93E51CA202_2049316899',StaticMesh'SM_LeadOre_01',-1397.1965,48765.242,-4202.315,
StaticMeshComponent,Node_Scav_Lead_C'map03_p_WP:PersistentLevel.Node_Scav_Lead_C_UAID_D843AE1A93E51CA202_2138141912',StaticMesh'SM_LeadOre_01',57277.035,6451.719,-2311.42,
StaticMeshComponent,Node_Scav_Lead_C'map03_p_WP:PersistentLevel.Node_Scav_Lead_C_UAID_D843AE1A93E51CA202_2138145913',StaticMesh'SM_LeadOre_01',58033.996,6774.28,-2353.116,
StaticMeshComponent,Node_Scav_Lead_C'map03_p_WP:PersistentLevel.Node_Scav_Lead_C_UAID_D843AE1A93E51DA202_1268171104',StaticMesh'SM_LeadOre_01',-125.68473,52024.633,-5468.69,
StaticMeshComponent,Node_Scav_Lead_C'map03_p_WP:PersistentLevel.Node_Scav_Lead_C_UAID_D843AE1A93E51DA202_1268176105',StaticMesh'SM_LeadOre_01',-627.1369,50916.94,-5367.985,
StaticMeshComponent,Node_Scav_Lead_C'map03_p_WP:PersistentLevel.Node_Scav_Lead_C_UAID_D843AE1A93E51DA202_1268177106',StaticMesh'SM_LeadOre_01',-1911.3997,49559.92,-5387.035,
StaticMeshComponent,Node_Scav_Lead_C'map03_p_WP:PersistentLevel.Node_Scav_Lead_C_UAID_D843AE1A93E51DA202_1268178107',StaticMesh'SM_LeadOre_01',-2824.6199,49945.473,-5518.5273,
StaticMeshComponent,Node_Scav_Lead_C'map03_p_WP:PersistentLevel.Node_Scav_Lead_C_UAID_D843AE1A93E51DA202_1268179108',StaticMesh'SM_LeadOre_01',-1751.9318,52154.617,-5480.9863,
StaticMeshComponent,Node_Scav_Lead_C'map03_p_WP:PersistentLevel.Node_Scav_Lead_C_UAID_D843AE1A93E51DA202_1475011129',StaticMesh'SM_LeadOre_01',25662.47,-17342.648,-4236.8184,
StaticMeshComponent,Node_Scav_Lead_C'map03_p_WP:PersistentLevel.Node_Scav_Lead_C_UAID_D843AE1A93E51DA202_1475016130',StaticMesh'SM_LeadOre_01',25113.848,-14807.232,-4294.1416,
StaticMeshComponent,Node_Scav_Lead_C'map03_p_WP:PersistentLevel.Node_Scav_Lead_C_UAID_D843AE1A93E51DA202_1475017131',StaticMesh'SM_LeadOre_01',23722.79,-14860.858,-4283.472,
StaticMeshComponent,Node_Scav_Lead_C'map03_p_WP:PersistentLevel.Node_Scav_Lead_C_UAID_D843AE1A93E51DA202_1475018132',StaticMesh'SM_LeadOre_01',24096.572,-15327.096,-4298.584,
StaticMeshComponent,Node_Scav_Lead_C'map03_p_WP:PersistentLevel.Node_Scav_Lead_C_UAID_D843AE1A93E51DA202_1475019133',StaticMesh'SM_LeadOre_01',25103.861,-18032.52,-4376.729,
StaticMeshComponent,Node_Scav_Lead_C'map03_p_WP:PersistentLevel.Node_Scav_Lead_C_UAID_D843AE1A93E51DA202_1475020134',StaticMesh'SM_LeadOre_01',24941.646,-16183.522,-4350.9775,
StaticMeshComponent,Node_Scav_SilkBanner_01a_C'map03_p_WP:PersistentLevel.Node_Scav_SilkBanner_01a_C_UAID_D843AE1A93E51AA302_1517565606',StaticMesh'SM_SilkBannerLoot_01a',43882.918,18665.379,-1830.3223,
StaticMeshComponent,Node_Scav_SilkBanner_01a_C'map03_p_WP:PersistentLevel.Node_Scav_SilkBanner_01a_C_UAID_D843AE1A93E51AA302_1639895608',StaticMesh'SM_SilkBannerLoot_01a',36939.277,23322.916,-5711.375,
StaticMeshComponent,Node_Scav_SilkBanner_01a_C'map03_p_WP:PersistentLevel.Node_Scav_SilkBanner_01a_C_UAID_D843AE1A93E51AA302_1685465610',StaticMesh'SM_SilkBannerLoot_01a',29437.967,18886.549,-3950.8247,
StaticMeshComponent,Node_Scav_SilkBanner_01a_C'map03_p_WP:PersistentLevel.Node_Scav_SilkBanner_01a_C_UAID_D843AE1A93E52CB702_1384821924',StaticMesh'SM_SilkBannerLoot_01a',38886.766,16345.557,-7128.5767,
StaticMeshComponent,Node_Scav_SilkBanner_01b_C'map03_p_WP:PersistentLevel.Node_Scav_SilkBanner_01b_C_UAID_D843AE1A93E51AA302_1717041611',StaticMesh'SM_SilkBannerLoot_01b',31709.883,21596.102,-5519.779,
StaticMeshComponent,Node_Scav_Silk_C'map03_p_WP:PersistentLevel.Node_Scav_Silk_C_UAID_D843AE1A93E521A202_1753140478',StaticMesh'SM_Mullberry_02',24664.861,12562.984,1105.1951,
StaticMeshComponent,Node_Scav_Silk_C'map03_p_WP:PersistentLevel.Node_Scav_Silk_C_UAID_D843AE1A93E521A202_1869365481',StaticMesh'SM_Mullberry_02',31867.486,17204.635,1001.21655,
StaticMeshComponent,Node_Scav_SilverBarrow_C'map03_p_WP:PersistentLevel.Node_Scav_SilverBarrow_C_UAID_D843AE1A93E51EA302_1804955936',StaticMesh'SM_WheelbarrowsLoot_Silver_01a',41743.8,15411.349,1485.9803,
StaticMeshComponent,Node_Scav_SilverBarrow_C'map03_p_WP:PersistentLevel.Node_Scav_SilverBarrow_C_UAID_D843AE1A93E51EA302_1867802937',StaticMesh'SM_WheelbarrowsLoot_Silver_01a',39332.195,18311.36,-7229.8677,
StaticMeshComponent,Node_Scav_SilverBarrow_C'map03_p_WP:PersistentLevel.Node_Scav_SilverBarrow_C_UAID_D843AE1A93E51EA302_2026585939',StaticMesh'SM_WheelbarrowsLoot_Silver_01a',26433.334,17939.104,-1079.1105,
StaticMeshComponent,Node_Scav_Silver_C'map03_p_WP:PersistentLevel.Node_Scav_Silver_C_UAID_D843AE1A93E51EA302_2068871940',StaticMesh'SM_SilverOre_01',40232.066,17244.541,-593.34235,
StaticMeshComponent,Node_Scav_Silver_C'map03_p_WP:PersistentLevel.Node_Scav_Silver_C_UAID_D843AE1A93E51EA302_2112140941',StaticMesh'SM_SilverOre_01',39824.06,16114.894,-4005.3303,
StaticMeshComponent,Node_Scav_Silver_C'map03_p_WP:PersistentLevel.Node_Scav_Silver_C_UAID_D843AE1A93E51EA302_2135733942',StaticMesh'SM_SilverOre_01',41931.91,15833.818,-5224.784,
StaticMeshComponent,Node_Scav_Silver_C'map03_p_WP:PersistentLevel.Node_Scav_Silver_C_UAID_D843AE1A93E520A202_1218905292',StaticMesh'SM_SilverOre_01',-2926.0725,43608.695,-4028.2576,
StaticMeshComponent,Node_Scav_Silver_C'map03_p_WP:PersistentLevel.Node_Scav_Silver_C_UAID_D843AE1A93E520A202_1247967293',StaticMesh'SM_SilverOre_01',-7061.1987,45327.7,-3750.4592,
StaticMeshComponent,Node_Scav_Silver_C'map03_p_WP:PersistentLevel.Node_Scav_Silver_C_UAID_D843AE1A93E520A202_1293088294',StaticMesh'SM_SilverOre_01',-3659.6504,39844.78,-4251.496,
StaticMeshComponent,Node_Scav_Silver_C'map03_p_WP:PersistentLevel.Node_Scav_Silver_C_UAID_D843AE1A93E520A202_1327432295',StaticMesh'SM_SilverOre_01',-4369.2456,44823.3,-4603.726,
StaticMeshComponent,Node_Scav_Silver_C'map03_p_WP:PersistentLevel.Node_Scav_Silver_C_UAID_D843AE1A93E52CB702_1521780413',StaticMesh'SM_SilverOre_01',32904.32,22252.195,-5328.038,
StaticMeshComponent,Node_Scav_Silver_C'map03_p_WP:PersistentLevel.Node_Scav_Silver_C_UAID_D843AE1A93E578BD02_1924826767',StaticMesh'SM_SilverOre_01',44074.74,18455.826,-1954.683,
StaticMeshComponent,Node_Scav_Wool_C'map03_p_WP:PersistentLevel.Node_Scav_Wool_C_UAID_D843AE1A93E51CA202_1698629777',StaticMesh'SM_Sheep_Looted_01a',32398.094,9487.507,1103.7552,
StaticMeshComponent,Node_Scav_Wool_C'map03_p_WP:PersistentLevel.Node_Scav_Wool_C_UAID_D843AE1A93E51CA202_1698634778',StaticMesh'SM_Sheep_Looted_01a',34008.75,8783.656,1105.0675,
StaticMeshComponent,Node_Scav_Wool_C'map03_p_WP:PersistentLevel.Node_Scav_Wool_C_UAID_D843AE1A93E51CA202_1743425779',StaticMesh'SM_Sheep_Looted_01a',24314.703,24424.506,-1011.86847,
StaticMeshComponent,Node_Scav_Wool_C'map03_p_WP:PersistentLevel.Node_Scav_Wool_C_UAID_D843AE1A93E51CA202_1799789780',StaticMesh'SM_Sheep_Looted_01a',-15629.111,11618.767,-133.06442,
StaticMeshComponent,Node_Scav_Wool_C'map03_p_WP:PersistentLevel.Node_Scav_Wool_C_UAID_D843AE1A93E51CA202_1868485781',StaticMesh'SM_Sheep_Loot_01a',-21711.2,23383.96,-1509.2025,
StaticMeshComponent,Node_Scav_Wool_C'map03_p_WP:PersistentLevel.Node_Scav_Wool_C_UAID_D843AE1A93E5FAA202_1151591368',StaticMesh'SM_Sheep_Looted_01a',37765.53,19386.426,2098.6936,
StaticMeshComponent,Node_Scav_Wool_C'map03_p_WP:PersistentLevel.Node_Scav_Wool_C_UAID_D843AE1A93E5FAA202_1151593369',StaticMesh'SM_Sheep_Looted_01a',35337.805,19208.607,2100.8264,
StaticMeshComponent,Node_Scav_Wool_C'map03_p_WP:PersistentLevel.Node_Scav_Wool_C_UAID_D843AE1A93E5FAA202_1151593370',StaticMesh'SM_Sheep_Looted_01a',42161.27,12537.856,2093.0022,
StaticMeshComponent,Node_Scav_Wool_C'map03_p_WP:PersistentLevel.Node_Scav_Wool_C_UAID_D843AE1A93E5FAA202_1151594372',StaticMesh'SM_Sheep_Looted_01a',44791.023,15950.664,1516.2838,
StaticMeshComponent,Node_Scav_Wool_C'map03_p_WP:PersistentLevel.Node_Scav_Wool_C_UAID_D843AE1A93E5FAA202_1151595374',StaticMesh'SM_Sheep_Looted_01a',40416.434,13743.096,1502.6598,
StaticMeshComponent,PG_Wall_Wheel02_C'map03_p_WP:PersistentLevel.PG_Wall_Wheel02_GEN_VARIABLE_PG_Wall_Wheel02_C_CAT_UAID_9C6B002263F71E2902_1638084273',,0.0,0.0,0.0,
StaticMeshComponent,PG_Wall_Wheel02_C'map03_p_WP:PersistentLevel.PG_Wall_Wheel02_GEN_VARIABLE_PG_Wall_Wheel02_C_CAT_UAID_9C6B002263F71E2902_1638102300',,0.0,0.0,0.0,
StaticMeshComponent,StaticMeshActor'map03_p_WP:PersistentLevel.SkyDomeMesh_UAID_9C6B002263F7772E02_4cbed4e5a689032f_2087180592',StaticMesh'Sphere',10.0,10.0,-7300000.0,
StaticMeshComponent,StaticMeshActor'map03_p_WP:PersistentLevel.StaticMeshActor_16283',StaticMesh'Sphere',45224.758,32206.244,-2422.5042,
StaticMeshComponent,StaticMeshActor'map03_p_WP:PersistentLevel.StaticMeshActor_17646',StaticMesh'Sphere',-3080.6104,-11107.699,1543.2737,
StaticMeshComponent,StaticMeshActor'map03_p_WP:PersistentLevel.StaticMeshActor_1780',StaticMesh'Sphere',11353.617,17333.727,1044.3838,
StaticMeshComponent,StaticMeshActor'map03_p_WP:PersistentLevel.StaticMeshActor_1781',StaticMesh'Sphere',445.8636,9205.977,653.18445,
StaticMeshComponent,StaticMeshActor'map03_p_WP:PersistentLevel.StaticMeshActor_339',StaticMesh'Sphere',22210.418,22182.371,-700.5133,
StaticMeshComponent,StaticMeshActor'map03_p_WP:PersistentLevel.StaticMeshActor_350',StaticMesh'Sphere',6598.01,12909.813,571.45166,
StaticMeshComponent,StaticMeshActor'map03_p_WP:PersistentLevel.StaticMeshActor_708',StaticMesh'Sphere',35397.066,27084.72,-2068.9316,
StaticMeshComponent,StaticMeshActor'map03_p_WP:PersistentLevel.StaticMeshActor_UAID_04D9F5F93AD5713902_1926186789',StaticMesh'Sphere',33034.27,39057.836,-2964.475,
StaticMeshComponent,StaticMeshActor'map03_p_WP:PersistentLevel.StaticMeshActor_UAID_04D9F5F93AD5A3C402_29fb098085780a4e_2048714353',StaticMesh'Sphere',24901.3,17354.791,923.68414,
StaticMeshComponent,StaticMeshActor'map03_p_WP:PersistentLevel.StaticMeshActor_UAID_10FFE0F0DC0E9EAC02_12e65868fd8f26ee_1531284887',StaticMesh'SM_CorpseMale_Hanging_02',39999.35,16522.674,-874.16003,
StaticMeshComponent,StaticMeshActor'map03_p_WP:PersistentLevel.StaticMeshActor_UAID_10FFE0F0DC0E9EAC02_12e65868fd8f26ee_1531289888',StaticMesh'SM_CorpseMale_Hanging_04',39929.97,16157.639,-2086.2478,
StaticMeshComponent,StaticMeshActor'map03_p_WP:PersistentLevel.StaticMeshActor_UAID_10FFE0F0DC0E9EAC02_12e65868fd8f26ee_1531291889',StaticMesh'SM_CorpseMale_Hanging_03',40430.625,15591.307,-422.03192,
StaticMeshComponent,StaticMeshActor'map03_p_WP:PersistentLevel.StaticMeshActor_UAID_10FFE0F0DC0E9EAC02_12e65868fd8f26ee_1531293890',StaticMesh'SM_CorpseMale_Hanging_03',39848.945,16081.56,-2091.0398,
StaticMeshComponent,StaticMeshActor'map03_p_WP:PersistentLevel.StaticMeshActor_UAID_10FFE0F0DC0E9EAC02_12e65868fd8f26ee_1531294891',StaticMesh'SM_CorpseMale_Hanging_03',39753.832,16213.831,-955.27155,
StaticMeshComponent,StaticMeshActor'map03_p_WP:PersistentLevel.StaticMeshActor_UAID_50EBF6D2996918A802_4b21edfab64d74c7_1207318233',StaticMesh'SM_SkyStars_01a',730317.0,175674.0,427411.0,
