TableName,Weight,WeightSum,WeightPercent,ObjectName
LIT_Workbench,100.0,1702.2500000037253,5.8746,ID_Common_Whetstone
LIT_Workbench,100.0,1702.2500000037253,5.8746,ID_Common_SpindlePulley
LIT_Workbench,100.0,1702.2500000037253,5.8746,ID_Common_Saltpetre
LIT_Workbench,100.0,1702.2500000037253,5.8746,ID_Common_RustedKeyring
LIT_Workbench,100.0,1702.2500000037253,5.8746,ID_Common_PineOil
LIT_Workbench,100.0,1702.2500000037253,5.8746,ID_Common_OldHorseshoe
LIT_Workbench,100.0,1702.2500000037253,5.8746,ID_Common_OldGunpowder
LIT_Workbench,100.0,1702.2500000037253,5.8746,ID_Common_LeadOre
LIT_Workbench,100.0,1702.2500000037253,5.8746,ID_Common_LatchHook
LIT_Workbench,100.0,1702.2500000037253,5.8746,ID_Common_IronNails
LIT_Workbench,100.0,1702.2500000037253,5.8746,ID_Common_ChippedFlint
LIT_Workbench,100.0,1702.2500000037253,5.8746,ID_Common_Chalkstone
LIT_Workbench,100.0,1702.2500000037253,5.8746,ID_Common_Brassplate
LIT_Workbench,100.0,1702.2500000037253,5.8746,ID_Common_BoiledLeather
LIT_Workbench,50.0,1702.2500000037253,2.9373,ID_Common_SharpScrews
LIT_Workbench,50.0,1702.2500000037253,2.9373,ID_Common_LeadBar
LIT_Workbench,25.0,1702.2500000037253,1.4686,ID_Uncommon_TentPeg
LIT_Workbench,25.0,1702.2500000037253,1.4686,ID_Uncommon_TannedHide
LIT_Workbench,25.0,1702.2500000037253,1.4686,ID_Uncommon_IronFile
LIT_Workbench,25.0,1702.2500000037253,1.4686,ID_Uncommon_IntactLeatherGasket
LIT_Workbench,25.0,1702.2500000037253,1.4686,ID_Uncommon_CopperOre
LIT_Workbench,25.0,1702.2500000037253,1.4686,ID_Uncommon_BeltStrap
LIT_Workbench,12.5,1702.2500000037253,0.7343,ID_Uncommon_CopperBar
LIT_Workbench,5.0,1702.2500000037253,0.2937,ID_Rare_WhaleOil
LIT_Workbench,5.0,1702.2500000037253,0.2937,ID_Rare_Steelband
LIT_Workbench,5.0,1702.2500000037253,0.2937,ID_Rare_LeatherTrimmings
LIT_Workbench,5.0,1702.2500000037253,0.2937,ID_Rare_ColdIron
LIT_Workbench,5.0,1702.2500000037253,0.2937,ID_Rare_BlacksmithsTongs
LIT_Workbench,5.0,1702.2500000037253,0.2937,ID_Rare_BlackenedStriker
LIT_Workbench,2.5,1702.2500000037253,0.1469,ID_Rare_PolishedFiringPin
LIT_Workbench,1.0,1702.2500000037253,0.0587,ID_Epic_OreSilver
LIT_Workbench,1.0,1702.2500000037253,0.0587,ID_Epic_OiledSpring
LIT_Workbench,1.0,1702.2500000037253,0.0587,ID_Epic_OiledSpring
LIT_Workbench,1.0,1702.2500000037253,0.0587,ID_Epic_FineFile
LIT_Workbench,1.0,1702.2500000037253,0.0587,ID_Epic_Ebony
LIT_Workbench,1.0,1702.2500000037253,0.0587,ID_Epic_ConvexGlass
LIT_Workbench,0.5,1702.2500000037253,0.0294,ID_Epic_SilverBar
LIT_Workbench,0.5,1702.2500000037253,0.0294,ID_Common_LockspringSteel
LIT_Workbench,0.1,1702.2500000037253,0.0059,ID_Legendary_OreGold
LIT_Workbench,0.1,1702.2500000037253,0.0059,ID_Legendary_DamascusSteel
LIT_Workbench,0.05,1702.2500000037253,0.0029,ID_Legendary_GoldBar
LIT_Womb_01,50.0,100.0,50.0000,ID_Trophy_Womb
LIT_Womb_01,50.0,100.0,50.0000,ID_Trophy_Cherub
LIT_WarAxeRecipe_Rare_Loose,75.0,100.0,75.0000,ID_Money_Copper
LIT_WarAxeRecipe_Rare_Loose,15.0,100.0,15.0000,ID_Money_Silver
LIT_WarAxeRecipe_Rare_Loose,10.0,100.0,10.0000,ID_Rec_Weap_Waraxe
LIT_Waif_01,100.0,100.0,100.0000,ID_Trophy_Waif
LIT_VoltigeursBarrel_Loose,79.0,100.0,79.0000,ID_Money_Copper
LIT_VoltigeursBarrel_Loose,15.0,100.0,15.0000,ID_Money_Silver
LIT_VoltigeursBarrel_Loose,5.0,100.0,5.0000,ID_Rec_C_BackBag_Uncommon03_Epic01
LIT_VoltigeursBarrel_Loose,1.0,100.0,1.0000,ID_Money_Gold
LIT_VolantRecipe_Uncommon_Loose,70.0,100.0,70.0000,ID_Money_Copper
LIT_VolantRecipe_Uncommon_Loose,15.0,100.0,15.0000,ID_Rec_Weap_Volant
LIT_VolantRecipe_Uncommon_Loose,15.0,100.0,15.0000,ID_Money_Silver
LIT_Valuables_01,40.0,140.0,28.5714,ID_Money_Copper
LIT_Valuables_01,40.0,140.0,28.5714,ID_Key_Bronze
LIT_Valuables_01,20.0,140.0,14.2857,ID_Money_Silver
LIT_Valuables_01,20.0,140.0,14.2857,ID_Key_Silver
LIT_Valuables_01,10.0,140.0,7.1429,ID_Money_Gold
LIT_Valuables_01,10.0,140.0,7.1429,ID_Key_Gold
LIT_ValuablesBox_01a,25.0,161.7000000104308,15.4607,ID_Uncommon_TarnishedSpoon
LIT_ValuablesBox_01a,25.0,161.7000000104308,15.4607,ID_Uncommon_RedOchre
LIT_ValuablesBox_01a,25.0,161.7000000104308,15.4607,ID_Uncommon_PreciousBox
LIT_ValuablesBox_01a,25.0,161.7000000104308,15.4607,ID_Uncommon_PowderTin
LIT_ValuablesBox_01a,25.0,161.7000000104308,15.4607,ID_Uncommon_DankTobacco
LIT_ValuablesBox_01a,5.0,161.7000000104308,3.0921,ID_Rare_Smokesilver
LIT_ValuablesBox_01a,5.0,161.7000000104308,3.0921,ID_Rare_ShinyBuckle
LIT_ValuablesBox_01a,5.0,161.7000000104308,3.0921,ID_Rare_RefinedTobacco
LIT_ValuablesBox_01a,5.0,161.7000000104308,3.0921,ID_Rare_NacreButton
LIT_ValuablesBox_01a,5.0,161.7000000104308,3.0921,ID_Rare_DelicateChain
LIT_ValuablesBox_01a,1.0,161.7000000104308,0.6184,ID_Epic_WhitePearl
LIT_ValuablesBox_01a,1.0,161.7000000104308,0.6184,ID_Epic_UncutGems
LIT_ValuablesBox_01a,1.0,161.7000000104308,0.6184,ID_Epic_UncutDiamonds
LIT_ValuablesBox_01a,1.0,161.7000000104308,0.6184,ID_Epic_Tortoiseshell
LIT_ValuablesBox_01a,1.0,161.7000000104308,0.6184,ID_Epic_Serpentstone
LIT_ValuablesBox_01a,1.0,161.7000000104308,0.6184,ID_Epic_RosaryBeads
LIT_ValuablesBox_01a,1.0,161.7000000104308,0.6184,ID_Epic_Pinchbeck
LIT_ValuablesBox_01a,1.0,161.7000000104308,0.6184,ID_Epic_Gunblue
LIT_ValuablesBox_01a,1.0,161.7000000104308,0.6184,ID_Epic_Bloodstone
LIT_ValuablesBox_01a,1.0,161.7000000104308,0.6184,ID_Epic_Baleen
LIT_ValuablesBox_01a,1.0,161.7000000104308,0.6184,ID_Epic_AmberPearl
LIT_ValuablesBox_01a,0.1,161.7000000104308,0.0618,ID_Legendary_Topaz
LIT_ValuablesBox_01a,0.1,161.7000000104308,0.0618,ID_Legendary_PolluxCameo
LIT_ValuablesBox_01a,0.1,161.7000000104308,0.0618,ID_Legendary_Isinglass
LIT_ValuablesBox_01a,0.1,161.7000000104308,0.0618,ID_Legendary_GoldLeaf
LIT_ValuablesBox_01a,0.1,161.7000000104308,0.0618,ID_Legendary_FlawlessDiamond
LIT_ValuablesBox_01a,0.1,161.7000000104308,0.0618,ID_Legendary_CastorCameo
LIT_ValuablesBox_01a,0.1,161.7000000104308,0.0618,ID_Legendary_BloodOfThePenitent
LIT_Uncommon_Weap_Rifles,100.0,200.0,50.0000,ID_Weap_Rifle_Uncommon02
LIT_Uncommon_Weap_Rifles,100.0,200.0,50.0000,ID_Weap_Rifle_Uncommon01
LIT_Uncommon_Weap_Pistols,100.0,100.0,100.0000,ID_Weap_Pistol_Uncommon01
LIT_TricolourStandard_Loose,70.0,100.0,70.0000,ID_Money_Copper
LIT_TricolourStandard_Loose,20.0,100.0,20.0000,ID_Rec_C_Louisville_Uncommon01
LIT_TricolourStandard_Loose,10.0,100.0,10.0000,ID_Money_Silver
LIT_TreatyWorkhorse_Loose,70.0,100.0,70.0000,ID_Money_Copper
LIT_TreatyWorkhorse_Loose,15.0,100.0,15.0000,ID_Rec_C_BrownBetty_Uncommon07
LIT_TreatyWorkhorse_Loose,15.0,100.0,15.0000,ID_Money_Silver
LIT_Tools_Uncommon,100.0,150.0,66.6667,ID_ArmorPatch_Uncommon
LIT_Tools_Uncommon,50.0,150.0,33.3333,ID_Tools_Uncommon_Repair01
LIT_Tools_Rare,100.0,150.0,66.6667,ID_ArmorPatch_Rare
LIT_Tools_Rare,50.0,150.0,33.3333,ID_Tools_Rare_Repair01
LIT_Tools_Legendary,100.0,150.0,66.6667,ID_ArmorPatch_Legendary
LIT_Tools_Legendary,50.0,150.0,33.3333,ID_Tools_Legendary_Repair01
LIT_Tools_Epic,100.0,150.0,66.6667,ID_ArmorPatch_Epic
LIT_Tools_Epic,50.0,150.0,33.3333,ID_Tools_Epic_Repair01
LIT_Tools_Common,100.0,150.0,66.6667,ID_ArmorPatch_Common
LIT_Tools_Common,50.0,150.0,33.3333,ID_Tools_Common_Repair01
LIT_Tools_All,40.0,75.20000000298023,53.1915,ID_Tools_Common_Repair01
LIT_Tools_All,20.0,75.20000000298023,26.5957,ID_Tools_Uncommon_Repair01
LIT_Tools_All,10.0,75.20000000298023,13.2979,ID_Tools_Rare_Repair01
LIT_Tools_All,5.0,75.20000000298023,6.6489,ID_Tools_Epic_Repair01
LIT_Tools_All,0.2,75.20000000298023,0.2660,ID_Tools_Legendary_Repair01
LIT_ToolingBin,100.0,895.5,11.1669,ID_Rare_SinewString
LIT_ToolingBin,100.0,895.5,11.1669,ID_Common_Whetstone
LIT_ToolingBin,100.0,895.5,11.1669,ID_Common_SpindlePulley
LIT_ToolingBin,100.0,895.5,11.1669,ID_Common_Saltpetre
LIT_ToolingBin,100.0,895.5,11.1669,ID_Common_PineOil
LIT_ToolingBin,100.0,895.5,11.1669,ID_Common_OldHorsehairBrush
LIT_ToolingBin,100.0,895.5,11.1669,ID_Common_CoalTar
LIT_ToolingBin,100.0,895.5,11.1669,ID_Common_ChippedFlint
LIT_ToolingBin,25.0,895.5,2.7917,ID_Uncommon_Pitch
LIT_ToolingBin,25.0,895.5,2.7917,ID_Uncommon_Pewterhead
LIT_ToolingBin,25.0,895.5,2.7917,ID_Uncommon_IntactLeatherGasket
LIT_ToolingBin,5.0,895.5,0.5583,ID_Rare_PumiceStone
LIT_ToolingBin,5.0,895.5,0.5583,ID_Rare_Pickaxe
LIT_ToolingBin,5.0,895.5,0.5583,ID_Rare_IronHoldfast
LIT_ToolingBin,1.0,895.5,0.1117,ID_Epic_OreSilver
LIT_ToolingBin,1.0,895.5,0.1117,ID_Epic_HollandThread
LIT_ToolingBin,1.0,895.5,0.1117,ID_Epic_Gunblue
LIT_ToolingBin,1.0,895.5,0.1117,ID_Epic_FineFile
LIT_ToolingBin,1.0,895.5,0.1117,ID_Epic_Ebony
LIT_ToolingBin,0.5,895.5,0.0558,ID_Epic_SilverBar
LIT_TongsRecipe_Common_Loose,80.0,100.0,80.0000,ID_Money_Copper
LIT_TongsRecipe_Common_Loose,20.0,100.0,20.0000,ID_Rec_RepairTong_Common01
LIT_Tenebris_Loose,70.0,100.0,70.0000,ID_Money_Copper
LIT_Tenebris_Loose,15.0,100.0,15.0000,ID_Rec_C_Dagger_Uncommon02
LIT_Tenebris_Loose,15.0,100.0,15.0000,ID_Money_Silver
LIT_TEST,100.0,540.0,18.5185,ID_Rare_Mortar
LIT_TEST,100.0,540.0,18.5185,ID_Armor_Head_Legendary01
LIT_TEST,100.0,540.0,18.5185,ID_Armor_Chest_Uncommon01
LIT_TEST,100.0,540.0,18.5185,ID_Armor_Chest_Epic01
LIT_TEST,100.0,540.0,18.5185,ID_Ammunition_01_Crude
LIT_TEST,40.0,540.0,7.4074,ID_Rec_Weap_Lasher
LIT_SweetRumRecipe_Uncommon_Loose,70.0,100.0,70.0000,ID_Money_Copper
LIT_SweetRumRecipe_Uncommon_Loose,15.0,100.0,15.0000,ID_Rec_Rum_Uncommon01
LIT_SweetRumRecipe_Uncommon_Loose,15.0,100.0,15.0000,ID_Money_Silver
LIT_Stove,200.0,581.0,34.4234,ID_Uncommon_Charcoal
LIT_Stove,100.0,581.0,17.2117,ID_Uncommon_Rottenstone
LIT_Stove,100.0,581.0,17.2117,ID_Common_AshSolution
LIT_Stove,75.0,581.0,12.9088,ID_Common_Sootblack
LIT_Stove,75.0,581.0,12.9088,ID_Common_BoneChar
LIT_Stove,25.0,581.0,4.3029,ID_Uncommon_GristleWax
LIT_Stove,5.0,581.0,0.8606,ID_Common_IronPot
LIT_Stove,1.0,581.0,0.1721,ID_Epic_IntactFemur
LIT_SpicedBreadRecipe_Epic_Loose,70.0,100.0,70.0000,ID_Money_Copper
LIT_SpicedBreadRecipe_Epic_Loose,25.0,100.0,25.0000,ID_Money_Silver
LIT_SpicedBreadRecipe_Epic_Loose,5.0,100.0,5.0000,ID_Rec_Bread_Uncommon01
LIT_SpearRecipe_Rare_Loose,70.0,100.0,70.0000,ID_Money_Copper
LIT_SpearRecipe_Rare_Loose,15.0,100.0,15.0000,ID_Rec_Weap_Spear
LIT_SpearRecipe_Rare_Loose,15.0,100.0,15.0000,ID_Money_Silver
LIT_Sindle_Loose,50.0,100.0,50.0000,ID_Rec_C_Dagger_Uncommon01
LIT_Sindle_Loose,49.0,100.0,49.0000,ID_Money_Copper
LIT_Sindle_Loose,1.0,100.0,1.0000,ID_Key_U_Undercroft
LIT_Shashka_Loose,45.0,100.0,45.0000,ID_Money_Copper
LIT_Shashka_Loose,20.0,100.0,20.0000,ID_Rec_C_Sabre_Rare01
LIT_Shashka_Loose,20.0,100.0,20.0000,ID_Money_Silver
LIT_Shashka_Loose,15.0,100.0,15.0000,ID_Money_Gold
LIT_Shambler_01,100.0,100.1100000012666,99.8901,ID_Trophy_Shambler
LIT_Shambler_01,0.1,100.1100000012666,0.0999,ID_Lore_Rare_Note05_U
LIT_Shambler_01,0.01,100.1100000012666,0.0100,ID_Rec_C_Dagger_Uncommon02
LIT_Schlag_Loose,67.5,100.0,67.5000,ID_Money_Copper
LIT_Schlag_Loose,22.5,100.0,22.5000,ID_Rec_C_ShortSword_Uncommon01
LIT_Schlag_Loose,10.0,100.0,10.0000,ID_Money_Silver
LIT_RumRecipe_Rare_Loose,75.0,100.0,75.0000,ID_Money_Copper
LIT_RumRecipe_Rare_Loose,15.0,100.0,15.0000,ID_Money_Silver
LIT_RumRecipe_Rare_Loose,10.0,100.0,10.0000,ID_Rec_Rum_Rare01
LIT_Rifles_All,100.0,164.30000000447035,60.8643,ID_Weap_Rifle_Common01
LIT_Rifles_All,25.0,164.30000000447035,15.2161,ID_Weap_Rifle_Uncommon02
LIT_Rifles_All,25.0,164.30000000447035,15.2161,ID_Weap_Rifle_Uncommon01
LIT_Rifles_All,5.0,164.30000000447035,3.0432,ID_Weap_Rifle_Rare02
LIT_Rifles_All,5.0,164.30000000447035,3.0432,ID_Weap_Rifle_Rare01
LIT_Rifles_All,1.0,164.30000000447035,0.6086,ID_Weap_Rifle_Epic04
LIT_Rifles_All,1.0,164.30000000447035,0.6086,ID_Weap_Rifle_Epic03
LIT_Rifles_All,1.0,164.30000000447035,0.6086,ID_Weap_Rifle_Epic02
LIT_Rifles_All,1.0,164.30000000447035,0.6086,ID_Weap_Rifle_Epic01
LIT_Rifles_All,0.1,164.30000000447035,0.0609,ID_Weap_Rifle_Legendary03
LIT_Rifles_All,0.1,164.30000000447035,0.0609,ID_Weap_Rifle_Legendary02
LIT_Rifles_All,0.1,164.30000000447035,0.0609,ID_Weap_Rifle_Legendary01
LIT_Recipes_WeaponsAmmo,100.0,444.5000000074506,22.4972,ID_Rec_Weap_Longboy
LIT_Recipes_WeaponsAmmo,100.0,444.5000000074506,22.4972,ID_Rec_Weap_Club
LIT_Recipes_WeaponsAmmo,100.0,444.5000000074506,22.4972,ID_Rec_Weap_BrownBetty
LIT_Recipes_WeaponsAmmo,25.0,444.5000000074506,5.6243,ID_Rec_Weap_Volant
LIT_Recipes_WeaponsAmmo,25.0,444.5000000074506,5.6243,ID_Rec_Weap_Mace
LIT_Recipes_WeaponsAmmo,25.0,444.5000000074506,5.6243,ID_Rec_Weap_Louisville
LIT_Recipes_WeaponsAmmo,25.0,444.5000000074506,5.6243,ID_Rec_Weap_Longsword
LIT_Recipes_WeaponsAmmo,5.0,444.5000000074506,1.1249,ID_Rec_Weap_Vepr
LIT_Recipes_WeaponsAmmo,5.0,444.5000000074506,1.1249,ID_Rec_Weap_Spear
LIT_Recipes_WeaponsAmmo,5.0,444.5000000074506,1.1249,ID_Rec_Weap_Kompas
LIT_Recipes_WeaponsAmmo,5.0,444.5000000074506,1.1249,ID_Rec_Weap_Cavalier
LIT_Recipes_WeaponsAmmo,5.0,444.5000000074506,1.1249,ID_Rec_Weap_Axe
LIT_Recipes_WeaponsAmmo,5.0,444.5000000074506,1.1249,ID_Rec_Ammo_Refined
LIT_Recipes_WeaponsAmmo,5.0,444.5000000074506,1.1249,ID_Rec_Ammo_Heavy
LIT_Recipes_WeaponsAmmo,1.0,444.5000000074506,0.2250,ID_Rec_Weap_Waraxe
LIT_Recipes_WeaponsAmmo,1.0,444.5000000074506,0.2250,ID_Rec_Weap_Voir
LIT_Recipes_WeaponsAmmo,1.0,444.5000000074506,0.2250,ID_Rec_Weap_Swan
LIT_Recipes_WeaponsAmmo,1.0,444.5000000074506,0.2250,ID_Rec_Weap_Morgan
LIT_Recipes_WeaponsAmmo,1.0,444.5000000074506,0.2250,ID_Rec_Weap_Lionne
LIT_Recipes_WeaponsAmmo,1.0,444.5000000074506,0.2250,ID_Rec_Weap_Lasher
LIT_Recipes_WeaponsAmmo,1.0,444.5000000074506,0.2250,ID_Rec_Weap_Halberd
LIT_Recipes_WeaponsAmmo,1.0,444.5000000074506,0.2250,ID_Rec_Weap_Borodino
LIT_Recipes_WeaponsAmmo,1.0,444.5000000074506,0.2250,ID_Rec_Ammo_Exotic
LIT_Recipes_WeaponsAmmo,0.1,444.5000000074506,0.0225,ID_Rec_Weap_Volcan
LIT_Recipes_WeaponsAmmo,0.1,444.5000000074506,0.0225,ID_Rec_Weap_Volcan
LIT_Recipes_WeaponsAmmo,0.1,444.5000000074506,0.0225,ID_Rec_Weap_Jager
LIT_Recipes_WeaponsAmmo,0.1,444.5000000074506,0.0225,ID_Rec_Weap_Drak
LIT_Recipes_WeaponsAmmo,0.1,444.5000000074506,0.0225,ID_Rec_Weap_Belier
LIT_Recipes_ToolsAll,100.0,131.20000000298023,76.2195,ID_Rec_RepairTong_Common01
LIT_Recipes_ToolsAll,25.0,131.20000000298023,19.0549,ID_Rec_RepairTong_Uncommon01
LIT_Recipes_ToolsAll,5.0,131.20000000298023,3.8110,ID_Rec_RepairTong_Rare01
LIT_Recipes_ToolsAll,1.0,131.20000000298023,0.7622,ID_Rec_RepairTong_Epic01
LIT_Recipes_ToolsAll,0.1,131.20000000298023,0.0762,ID_Rec_RepairTong_Legendary01
LIT_Recipes_ToolsAll,0.1,131.20000000298023,0.0762,ID_Rec_ArmourPlate_Legendary01
LIT_Recipes_MedsAll,100.0,131.20000000298023,76.2195,ID_Rec_Bloodbag_Common01
LIT_Recipes_MedsAll,25.0,131.20000000298023,19.0549,ID_Rec_Bloodbag_Uncommon01
LIT_Recipes_MedsAll,5.0,131.20000000298023,3.8110,ID_Rec_Bloodbag_Rare01
LIT_Recipes_MedsAll,1.0,131.20000000298023,0.7622,ID_Rec_Bloodbag_Epic01
LIT_Recipes_MedsAll,0.1,131.20000000298023,0.0762,ID_Rec_Bloodbag_Legendary01
LIT_Recipes_MedsAll,0.1,131.20000000298023,0.0762,ID_Rec_Ampoule_Legendary01
LIT_Recipes_BagsAll,100.0,450.6000000089407,22.1926,ID_Rec_Bag_Hip_Common02
LIT_Recipes_BagsAll,100.0,450.6000000089407,22.1926,ID_Rec_Bag_Back_Common02
LIT_Recipes_BagsAll,100.0,450.6000000089407,22.1926,ID_Rec_Bag_Back_Common01
LIT_Recipes_BagsAll,25.0,450.6000000089407,5.5482,ID_Rec_Bag_Hip_Uncommon03
LIT_Recipes_BagsAll,25.0,450.6000000089407,5.5482,ID_Rec_Bag_Hip_Uncommon02
LIT_Recipes_BagsAll,25.0,450.6000000089407,5.5482,ID_Rec_Bag_Back_Uncommon03
LIT_Recipes_BagsAll,25.0,450.6000000089407,5.5482,ID_Rec_Bag_Back_Uncommon02
LIT_Recipes_BagsAll,25.0,450.6000000089407,5.5482,ID_Rec_Bag_Back_Uncommon01
LIT_Recipes_BagsAll,5.0,450.6000000089407,1.1096,ID_Rec_Bag_Weapon_Rare01
LIT_Recipes_BagsAll,5.0,450.6000000089407,1.1096,ID_Rec_Bag_Hip_Rare02
LIT_Recipes_BagsAll,5.0,450.6000000089407,1.1096,ID_Rec_Bag_Back_Rare02
LIT_Recipes_BagsAll,5.0,450.6000000089407,1.1096,ID_Rec_Bag_Back_Rare01
LIT_Recipes_BagsAll,1.0,450.6000000089407,0.2219,ID_Rec_Bag_Weapon_Epic01
LIT_Recipes_BagsAll,1.0,450.6000000089407,0.2219,ID_Rec_Bag_Hip_Epic03
LIT_Recipes_BagsAll,1.0,450.6000000089407,0.2219,ID_Rec_Bag_Hip_Epic02
LIT_Recipes_BagsAll,1.0,450.6000000089407,0.2219,ID_Rec_Bag_Back_Epic02
LIT_Recipes_BagsAll,1.0,450.6000000089407,0.2219,ID_Rec_Bag_Back_Epic01
LIT_Recipes_BagsAll,0.1,450.6000000089407,0.0222,ID_Rec_Bag_Weapon_Legendary01
LIT_Recipes_BagsAll,0.1,450.6000000089407,0.0222,ID_Rec_Bag_Hip_Legendary02
LIT_Recipes_BagsAll,0.1,450.6000000089407,0.0222,ID_Rec_Bag_Hip_Legendary01
LIT_Recipes_BagsAll,0.1,450.6000000089407,0.0222,ID_Rec_Bag_Back_Legendary03
LIT_Recipes_BagsAll,0.1,450.6000000089407,0.0222,ID_Rec_Bag_Back_Legendary02
LIT_Recipes_BagsAll,0.1,450.6000000089407,0.0222,ID_Rec_Bag_Back_Legendary01
LIT_Recipes_ArmourAll,100.0,193.30000000447035,51.7331,ID_Rec_Armour_Chest_Common01
LIT_Recipes_ArmourAll,25.0,193.30000000447035,12.9333,ID_Rec_Armour_Leg_Uncommon01
LIT_Recipes_ArmourAll,25.0,193.30000000447035,12.9333,ID_Rec_Armour_Head_Uncommon01
LIT_Recipes_ArmourAll,25.0,193.30000000447035,12.9333,ID_Rec_Armour_Chest_Uncommon01
LIT_Recipes_ArmourAll,5.0,193.30000000447035,2.5867,ID_Rec_Armour_Leg_Rare01
LIT_Recipes_ArmourAll,5.0,193.30000000447035,2.5867,ID_Rec_Armour_Head_Rare01
LIT_Recipes_ArmourAll,5.0,193.30000000447035,2.5867,ID_Rec_Armour_Chest_Rare01
LIT_Recipes_ArmourAll,1.0,193.30000000447035,0.5173,ID_Rec_Armour_Leg_Epic01
LIT_Recipes_ArmourAll,1.0,193.30000000447035,0.5173,ID_Rec_Armour_Head_Epic01
LIT_Recipes_ArmourAll,1.0,193.30000000447035,0.5173,ID_Rec_Armour_Chest_Epic01
LIT_Recipes_ArmourAll,0.1,193.30000000447035,0.0517,ID_Rec_Armour_Leg_Legendary01
LIT_Recipes_ArmourAll,0.1,193.30000000447035,0.0517,ID_Rec_Armour_Head_Legendary01
LIT_Recipes_ArmourAll,0.1,193.30000000447035,0.0517,ID_Rec_Armour_Chest_Legendary01
LIT_RecipesLootable_All,100.0,1611.7100000251085,6.2046,ID_Rec_Weap_Longboy
LIT_RecipesLootable_All,100.0,1611.7100000251085,6.2046,ID_Rec_Weap_Club
LIT_RecipesLootable_All,100.0,1611.7100000251085,6.2046,ID_Rec_Weap_BrownBetty
LIT_RecipesLootable_All,100.0,1611.7100000251085,6.2046,ID_Rec_Soup_Common01
LIT_RecipesLootable_All,100.0,1611.7100000251085,6.2046,ID_Rec_RepairTong_Common01
LIT_RecipesLootable_All,100.0,1611.7100000251085,6.2046,ID_Rec_Bread_Common01
LIT_RecipesLootable_All,100.0,1611.7100000251085,6.2046,ID_Rec_Bloodbag_Common01
LIT_RecipesLootable_All,100.0,1611.7100000251085,6.2046,ID_Rec_Bag_Hip_Common02
LIT_RecipesLootable_All,100.0,1611.7100000251085,6.2046,ID_Rec_Bag_Back_Common02
LIT_RecipesLootable_All,100.0,1611.7100000251085,6.2046,ID_Rec_Bag_Back_Common01
LIT_RecipesLootable_All,100.0,1611.7100000251085,6.2046,ID_Rec_Armour_Chest_Common01
LIT_RecipesLootable_All,25.0,1611.7100000251085,1.5511,ID_Rec_Weap_Volant
LIT_RecipesLootable_All,25.0,1611.7100000251085,1.5511,ID_Rec_Weap_Mace
LIT_RecipesLootable_All,25.0,1611.7100000251085,1.5511,ID_Rec_Weap_Louisville
LIT_RecipesLootable_All,25.0,1611.7100000251085,1.5511,ID_Rec_Weap_Longsword
LIT_RecipesLootable_All,25.0,1611.7100000251085,1.5511,ID_Rec_Soup_Uncommon01
LIT_RecipesLootable_All,25.0,1611.7100000251085,1.5511,ID_Rec_RepairTong_Uncommon01
LIT_RecipesLootable_All,25.0,1611.7100000251085,1.5511,ID_Rec_Bread_Uncommon01
LIT_RecipesLootable_All,25.0,1611.7100000251085,1.5511,ID_Rec_Bloodbag_Uncommon01
LIT_RecipesLootable_All,25.0,1611.7100000251085,1.5511,ID_Rec_Bag_Hip_Uncommon03
LIT_RecipesLootable_All,25.0,1611.7100000251085,1.5511,ID_Rec_Bag_Hip_Uncommon02
LIT_RecipesLootable_All,25.0,1611.7100000251085,1.5511,ID_Rec_Bag_Back_Uncommon03
LIT_RecipesLootable_All,25.0,1611.7100000251085,1.5511,ID_Rec_Bag_Back_Uncommon02
LIT_RecipesLootable_All,25.0,1611.7100000251085,1.5511,ID_Rec_Bag_Back_Uncommon01
LIT_RecipesLootable_All,25.0,1611.7100000251085,1.5511,ID_Rec_Armour_Leg_Uncommon01
LIT_RecipesLootable_All,25.0,1611.7100000251085,1.5511,ID_Rec_Armour_Head_Uncommon01
LIT_RecipesLootable_All,25.0,1611.7100000251085,1.5511,ID_Rec_Armour_Chest_Uncommon01
LIT_RecipesLootable_All,5.0,1611.7100000251085,0.3102,ID_Rec_Weap_Waraxe
LIT_RecipesLootable_All,5.0,1611.7100000251085,0.3102,ID_Rec_Weap_Vepr
LIT_RecipesLootable_All,5.0,1611.7100000251085,0.3102,ID_Rec_Weap_Spear
LIT_RecipesLootable_All,5.0,1611.7100000251085,0.3102,ID_Rec_Weap_Kompas
LIT_RecipesLootable_All,5.0,1611.7100000251085,0.3102,ID_Rec_Weap_Cavalier
LIT_RecipesLootable_All,5.0,1611.7100000251085,0.3102,ID_Rec_Weap_Axe
LIT_RecipesLootable_All,5.0,1611.7100000251085,0.3102,ID_Rec_Soup_Rare01
LIT_RecipesLootable_All,5.0,1611.7100000251085,0.3102,ID_Rec_RepairTong_Rare01
LIT_RecipesLootable_All,5.0,1611.7100000251085,0.3102,ID_Rec_Bread_Rare01
LIT_RecipesLootable_All,5.0,1611.7100000251085,0.3102,ID_Rec_Bloodbag_Rare01
LIT_RecipesLootable_All,5.0,1611.7100000251085,0.3102,ID_Rec_Bag_Weapon_Rare01
LIT_RecipesLootable_All,5.0,1611.7100000251085,0.3102,ID_Rec_Bag_Hip_Rare02
LIT_RecipesLootable_All,5.0,1611.7100000251085,0.3102,ID_Rec_Bag_Back_Rare02
LIT_RecipesLootable_All,5.0,1611.7100000251085,0.3102,ID_Rec_Bag_Back_Rare01
LIT_RecipesLootable_All,5.0,1611.7100000251085,0.3102,ID_Rec_Armour_Leg_Rare01
LIT_RecipesLootable_All,5.0,1611.7100000251085,0.3102,ID_Rec_Armour_Head_Rare01
LIT_RecipesLootable_All,5.0,1611.7100000251085,0.3102,ID_Rec_Armour_Chest_Rare01
LIT_RecipesLootable_All,5.0,1611.7100000251085,0.3102,ID_Rec_Ammo_Refined
LIT_RecipesLootable_All,1.0,1611.7100000251085,0.0620,ID_Rec_Weap_Waraxe
LIT_RecipesLootable_All,1.0,1611.7100000251085,0.0620,ID_Rec_Weap_Voir
LIT_RecipesLootable_All,1.0,1611.7100000251085,0.0620,ID_Rec_Weap_Swan
LIT_RecipesLootable_All,1.0,1611.7100000251085,0.0620,ID_Rec_Weap_Morgan
LIT_RecipesLootable_All,1.0,1611.7100000251085,0.0620,ID_Rec_Weap_Lionne
LIT_RecipesLootable_All,1.0,1611.7100000251085,0.0620,ID_Rec_Weap_Lasher
LIT_RecipesLootable_All,1.0,1611.7100000251085,0.0620,ID_Rec_Weap_Halberd
LIT_RecipesLootable_All,1.0,1611.7100000251085,0.0620,ID_Rec_Weap_Borodino
LIT_RecipesLootable_All,1.0,1611.7100000251085,0.0620,ID_Rec_Soup_Epic01
LIT_RecipesLootable_All,1.0,1611.7100000251085,0.0620,ID_Rec_RepairTong_Epic01
LIT_RecipesLootable_All,1.0,1611.7100000251085,0.0620,ID_Rec_Bread_Epic01
LIT_RecipesLootable_All,1.0,1611.7100000251085,0.0620,ID_Rec_Bloodbag_Epic01
LIT_RecipesLootable_All,1.0,1611.7100000251085,0.0620,ID_Rec_Bag_Weapon_Epic01
LIT_RecipesLootable_All,1.0,1611.7100000251085,0.0620,ID_Rec_Bag_Hip_Epic03
LIT_RecipesLootable_All,1.0,1611.7100000251085,0.0620,ID_Rec_Bag_Hip_Epic02
LIT_RecipesLootable_All,1.0,1611.7100000251085,0.0620,ID_Rec_Bag_Back_Epic02
LIT_RecipesLootable_All,1.0,1611.7100000251085,0.0620,ID_Rec_Bag_Back_Epic01
LIT_RecipesLootable_All,1.0,1611.7100000251085,0.0620,ID_Rec_Armour_Leg_Epic01
LIT_RecipesLootable_All,1.0,1611.7100000251085,0.0620,ID_Rec_Armour_Head_Epic01
LIT_RecipesLootable_All,1.0,1611.7100000251085,0.0620,ID_Rec_Armour_Chest_Epic01
LIT_RecipesLootable_All,0.1,1611.7100000251085,0.0062,ID_Rec_Weap_Volcan
LIT_RecipesLootable_All,0.1,1611.7100000251085,0.0062,ID_Rec_Weap_Volcan
LIT_RecipesLootable_All,0.1,1611.7100000251085,0.0062,ID_Rec_Weap_Jager
LIT_RecipesLootable_All,0.1,1611.7100000251085,0.0062,ID_Rec_Weap_Drak
LIT_RecipesLootable_All,0.1,1611.7100000251085,0.0062,ID_Rec_Weap_Belier
LIT_RecipesLootable_All,0.1,1611.7100000251085,0.0062,ID_Rec_Soup_Legendary01
LIT_RecipesLootable_All,0.1,1611.7100000251085,0.0062,ID_Rec_RepairTong_Legendary01
LIT_RecipesLootable_All,0.1,1611.7100000251085,0.0062,ID_Rec_Bread_Legendary01
LIT_RecipesLootable_All,0.1,1611.7100000251085,0.0062,ID_Rec_Bloodbag_Legendary01
LIT_RecipesLootable_All,0.1,1611.7100000251085,0.0062,ID_Rec_Bag_Weapon_Legendary01
LIT_RecipesLootable_All,0.1,1611.7100000251085,0.0062,ID_Rec_Bag_Hip_Legendary02
LIT_RecipesLootable_All,0.1,1611.7100000251085,0.0062,ID_Rec_Bag_Back_Legendary03
LIT_RecipesLootable_All,0.1,1611.7100000251085,0.0062,ID_Rec_Bag_Back_Legendary02
LIT_RecipesLootable_All,0.1,1611.7100000251085,0.0062,ID_Rec_Bag_Back_Legendary01
LIT_RecipesLootable_All,0.1,1611.7100000251085,0.0062,ID_Rec_Armour_Leg_Legendary01
LIT_RecipesLootable_All,0.1,1611.7100000251085,0.0062,ID_Rec_Armour_Head_Legendary01
LIT_RecipesLootable_All,0.1,1611.7100000251085,0.0062,ID_Rec_Armour_Chest_Legendary01
LIT_RecipesLootable_All,0.01,1611.7100000251085,0.0006,ID_Rec_Bag_Lockbox_Legendary01
LIT_Rare_Weap_Rifles,100.0,200.0,50.0000,ID_Weap_Rifle_Rare02
LIT_Rare_Weap_Rifles,100.0,200.0,50.0000,ID_Weap_Rifle_Rare01
LIT_Rare_Weap_Pistols,100.0,200.0,50.0000,ID_Weap_Pistol_Rare02
LIT_Rare_Weap_Pistols,100.0,200.0,50.0000,ID_Weap_Pistol_Rare01
LIT_PrussianStandard_Loose,70.0,100.0,70.0000,ID_Money_Copper
LIT_PrussianStandard_Loose,15.0,100.0,15.0000,ID_Rec_C_Louisville_Uncommon07
LIT_PrussianStandard_Loose,15.0,100.0,15.0000,ID_Money_Silver
LIT_PrussianEagle_Loose,70.0,100.0,70.0000,ID_Money_Copper
LIT_PrussianEagle_Loose,15.0,100.0,15.0000,ID_Rec_C_BrownBetty_Uncommon06
LIT_PrussianEagle_Loose,15.0,100.0,15.0000,ID_Money_Silver
LIT_Pistols_All,100.0,238.10000000149012,41.9992,ID_Weap_Pistol_Common02
LIT_Pistols_All,100.0,238.10000000149012,41.9992,ID_Weap_Pistol_Common01
LIT_Pistols_All,25.0,238.10000000149012,10.4998,ID_Weap_Pistol_Uncommon01
LIT_Pistols_All,5.0,238.10000000149012,2.1000,ID_Weap_Pistol_Rare02
LIT_Pistols_All,5.0,238.10000000149012,2.1000,ID_Weap_Pistol_Rare01
LIT_Pistols_All,1.0,238.10000000149012,0.4200,ID_Weap_Pistol_Epic03
LIT_Pistols_All,1.0,238.10000000149012,0.4200,ID_Weap_Pistol_Epic02
LIT_Pistols_All,1.0,238.10000000149012,0.4200,ID_Weap_Pistol_Epic01
LIT_Pistols_All,0.1,238.10000000149012,0.0420,ID_Weap_Pistol_Legendary01
LIT_PeninsularCampaignBanner_Loose,70.0,100.0,70.0000,ID_Money_Copper
LIT_PeninsularCampaignBanner_Loose,15.0,100.0,15.0000,ID_Rec_C_Louisville_Uncommon05
LIT_PeninsularCampaignBanner_Loose,15.0,100.0,15.0000,ID_Money_Silver
LIT_PadresReply_Loose,70.0,90.0,77.7778,ID_Money_Copper
LIT_PadresReply_Loose,15.0,90.0,16.6667,ID_Money_Silver
LIT_PadresReply_Loose,5.0,90.0,5.5556,ID_Rec_C_Axe_Epic01
LIT_OpiumBox,5.0,5.200000002980232,96.1538,ID_Rare_Opium
LIT_OpiumBox,0.1,5.200000002980232,1.9231,ID_Epic_OpiumPipe
LIT_OpiumBox,0.1,5.200000002980232,1.9231,ID_Epic_ChinaBowl
LIT_OldSatchelRecipe_Uncommon_Loose,70.0,100.0,70.0000,ID_Money_Copper
LIT_OldSatchelRecipe_Uncommon_Loose,15.0,100.0,15.0000,ID_Rec_Bag_Back_Uncommon03
LIT_OldSatchelRecipe_Uncommon_Loose,15.0,100.0,15.0000,ID_Money_Silver
LIT_OldBucket,100.0,305.0099999997765,32.7858,ID_Drink_Common01
LIT_OldBucket,100.0,305.0099999997765,32.7858,ID_Common_StalePiss
LIT_OldBucket,50.0,305.0099999997765,16.3929,ID_Common_DampRag
LIT_OldBucket,25.0,305.0099999997765,8.1965,ID_Uncommon_DistilledWater
LIT_OldBucket,25.0,305.0099999997765,8.1965,ID_Common_CrustyFeces
LIT_OldBucket,5.0,305.0099999997765,1.6393,ID_Lore_Rare_Note07
LIT_OldBucket,0.01,305.0099999997765,0.0033,ID_Legendary_FlawlessDiamond
LIT_OakBarrel_01,100.0,915.2000000029802,10.9266,ID_Common_Woodchips
LIT_OakBarrel_01,100.0,915.2000000029802,10.9266,ID_Common_Rye
LIT_OakBarrel_01,100.0,915.2000000029802,10.9266,ID_Common_Nettlecloth
LIT_OakBarrel_01,100.0,915.2000000029802,10.9266,ID_Common_LemonPeel
LIT_OakBarrel_01,100.0,915.2000000029802,10.9266,ID_Common_Flour
LIT_OakBarrel_01,100.0,915.2000000029802,10.9266,ID_Common_Flour
LIT_OakBarrel_01,50.0,915.2000000029802,5.4633,ID_Common_OrangeClay
LIT_OakBarrel_01,50.0,915.2000000029802,5.4633,ID_Common_MilkingPail
LIT_OakBarrel_01,50.0,915.2000000029802,5.4633,ID_Common_Apple
LIT_OakBarrel_01,25.0,915.2000000029802,2.7316,ID_Uncommon_RamsHorn
LIT_OakBarrel_01,25.0,915.2000000029802,2.7316,ID_Uncommon_MadderRoot
LIT_OakBarrel_01,25.0,915.2000000029802,2.7316,ID_Uncommon_LyeCrumble
LIT_OakBarrel_01,25.0,915.2000000029802,2.7316,ID_Uncommon_LimeSlag
LIT_OakBarrel_01,25.0,915.2000000029802,2.7316,ID_Uncommon_IndigoFlakes
LIT_OakBarrel_01,25.0,915.2000000029802,2.7316,ID_Uncommon_GrapeMust
LIT_OakBarrel_01,5.0,915.2000000029802,0.5463,ID_Uncommon_MadderRoot
LIT_OakBarrel_01,5.0,915.2000000029802,0.5463,ID_Rare_Pickaxe
LIT_OakBarrel_01,3.0,915.2000000029802,0.3278,ID_Money_Copper
LIT_OakBarrel_01,1.0,915.2000000029802,0.1093,ID_Money_Silver
LIT_OakBarrel_01,1.0,915.2000000029802,0.1093,ID_Lore_Common_Note05
LIT_OakBarrel_01,0.1,915.2000000029802,0.0109,ID_Money_Gold
LIT_OakBarrel_01,0.1,915.2000000029802,0.0109,ID_Legendary_Vicuna
LIT_MurielsBoxRecipe_Uncommon_Loose,70.0,100.0,70.0000,ID_Money_Copper
LIT_MurielsBoxRecipe_Uncommon_Loose,15.0,100.0,15.0000,ID_Rec_Bag_Back_Uncommon02
LIT_MurielsBoxRecipe_Uncommon_Loose,15.0,100.0,15.0000,ID_Money_Silver
LIT_Military_01,100.0,1500.0,6.6667,ID_Weap_Rifle_Common01
LIT_Military_01,100.0,1500.0,6.6667,ID_Weap_Pistol_Common02
LIT_Military_01,100.0,1500.0,6.6667,ID_Weap_Pistol_Common01
LIT_Military_01,100.0,1500.0,6.6667,ID_Money_Copper
LIT_Military_01,100.0,1500.0,6.6667,ID_Med_Ampoule_Common
LIT_Military_01,100.0,1500.0,6.6667,ID_Food_Common05
LIT_Military_01,100.0,1500.0,6.6667,ID_Food_Common04
LIT_Military_01,100.0,1500.0,6.6667,ID_Food_Common03
LIT_Military_01,100.0,1500.0,6.6667,ID_Food_Common02
LIT_Military_01,100.0,1500.0,6.6667,ID_Food_Common01
LIT_Military_01,100.0,1500.0,6.6667,ID_Drink_Common04
LIT_Military_01,100.0,1500.0,6.6667,ID_Drink_Common03
LIT_Military_01,100.0,1500.0,6.6667,ID_Drink_Common02
LIT_Military_01,100.0,1500.0,6.6667,ID_Drink_Common01
LIT_Military_01,100.0,1500.0,6.6667,ID_Ammunition_01_Crude
LIT_Medicine_Uncommon,40.0,60.0,66.6667,ID_Med_Ampoule_Uncommon
LIT_Medicine_Uncommon,20.0,60.0,33.3333,ID_Med_Uncommon03
LIT_Medicine_Rare,200.0,400.0,50.0000,ID_Med_Ampoule_Rare
LIT_Medicine_Rare,100.0,400.0,25.0000,ID_Med_Rare04
LIT_Medicine_Rare,100.0,400.0,25.0000,ID_Med_Antidote_Medium
LIT_Medicine_Loose,100.0,196.65000000223517,50.8518,ID_Med_Ampoule_Common
LIT_Medicine_Loose,50.0,196.65000000223517,25.4259,ID_Med_Common03
LIT_Medicine_Loose,25.0,196.65000000223517,12.7129,ID_Med_Ampoule_Uncommon
LIT_Medicine_Loose,12.5,196.65000000223517,6.3565,ID_Med_Uncommon03
LIT_Medicine_Loose,5.0,196.65000000223517,2.5426,ID_Med_Ampoule_Rare
LIT_Medicine_Loose,2.5,196.65000000223517,1.2713,ID_Med_Rare04
LIT_Medicine_Loose,1.0,196.65000000223517,0.5085,ID_Med_Ampoule_Epic
LIT_Medicine_Loose,0.5,196.65000000223517,0.2543,ID_Med_Epic07
LIT_Medicine_Loose,0.1,196.65000000223517,0.0509,ID_Med_Ampoule_Legendary
LIT_Medicine_Loose,0.05,196.65000000223517,0.0254,ID_Med_Legendary06
LIT_Medicine_Legendary,200.0,300.0,66.6667,ID_Med_Ampoule_Legendary
LIT_Medicine_Legendary,100.0,300.0,33.3333,ID_Med_Legendary06
LIT_Medicine_Epic,200.0,400.0,50.0000,ID_Med_Ampoule_Epic
LIT_Medicine_Epic,100.0,400.0,25.0000,ID_Med_Epic07
LIT_Medicine_Epic,100.0,400.0,25.0000,ID_Med_Antidote_Heavy
LIT_Medicine_Crafting,100.0,811.7500000037253,12.3191,ID_Uncommon_Lambgut
LIT_Medicine_Crafting,100.0,811.7500000037253,12.3191,ID_Common_TallowBalm
LIT_Medicine_Crafting,100.0,811.7500000037253,12.3191,ID_Common_Saltpetre
LIT_Medicine_Crafting,100.0,811.7500000037253,12.3191,ID_Common_DampRag
LIT_Medicine_Crafting,100.0,811.7500000037253,12.3191,ID_Common_CorkStopper
LIT_Medicine_Crafting,100.0,811.7500000037253,12.3191,ID_Common_CoalTar
LIT_Medicine_Crafting,100.0,811.7500000037253,12.3191,ID_Common_BoneChar
LIT_Medicine_Crafting,25.0,811.7500000037253,3.0798,ID_Uncommon_Feverfew
LIT_Medicine_Crafting,25.0,811.7500000037253,3.0798,ID_Uncommon_Charcoal
LIT_Medicine_Crafting,25.0,811.7500000037253,3.0798,ID_Uncommon_Bezoar
LIT_Medicine_Crafting,5.0,811.7500000037253,0.6160,ID_Rare_WillowBark
LIT_Medicine_Crafting,5.0,811.7500000037253,0.6160,ID_Rare_PumiceStone
LIT_Medicine_Crafting,5.0,811.7500000037253,0.6160,ID_Rare_Pestle
LIT_Medicine_Crafting,5.0,811.7500000037253,0.6160,ID_Rare_Opium
LIT_Medicine_Crafting,5.0,811.7500000037253,0.6160,ID_Rare_Mortar
LIT_Medicine_Crafting,5.0,811.7500000037253,0.6160,ID_Rare_Hartshorn
LIT_Medicine_Crafting,1.0,811.7500000037253,0.1232,ID_Herb_BarrowVein
LIT_Medicine_Crafting,1.0,811.7500000037253,0.1232,ID_Herb_04_Fungi
LIT_Medicine_Crafting,1.0,811.7500000037253,0.1232,ID_Epic_PureHoney
LIT_Medicine_Crafting,1.0,811.7500000037253,0.1232,ID_Epic_Poison
LIT_Medicine_Crafting,1.0,811.7500000037253,0.1232,ID_Epic_GlassVial
LIT_Medicine_Crafting,1.0,811.7500000037253,0.1232,ID_Epic_Bloodstone
LIT_Medicine_Crafting,0.5,811.7500000037253,0.0616,ID_Herb_04_FungalUnguent
LIT_Medicine_Crafting,0.1,811.7500000037253,0.0123,ID_Legendary_Isinglass
LIT_Medicine_Crafting,0.1,811.7500000037253,0.0123,ID_Herb_05_Poppy
LIT_Medicine_Crafting,0.05,811.7500000037253,0.0062,ID_Herb_05_MilkofPoppy
LIT_Medicine_Common,200.0,300.0,66.6667,ID_Med_Ampoule_Common
LIT_Medicine_Common,100.0,300.0,33.3333,ID_Med_Common03
LIT_MarchersRoll_Loose,60.0,100.0,60.0000,ID_Money_Copper
LIT_MarchersRoll_Loose,15.0,100.0,15.0000,ID_Rec_C_BackBag_Uncommon03_Rare01
LIT_MarchersRoll_Loose,10.0,100.0,10.0000,ID_Rare_JewelleryBox_Bronze
LIT_MarchersRoll_Loose,10.0,100.0,10.0000,ID_Money_Silver
LIT_MarchersRoll_Loose,4.0,100.0,4.0000,ID_Epic_JewelleryBox_Silver
LIT_MarchersRoll_Loose,0.5,100.0,0.5000,ID_Money_Gold
LIT_MarchersRoll_Loose,0.5,100.0,0.5000,ID_Legendary_JewelleryBox_Gold
LIT_MaceRecipe_Uncommon_Loose,70.0,100.0,70.0000,ID_Money_Copper
LIT_MaceRecipe_Uncommon_Loose,15.0,100.0,15.0000,ID_Rec_Weap_Mace
LIT_MaceRecipe_Uncommon_Loose,15.0,100.0,15.0000,ID_Money_Silver
LIT_M03_01a,90.0,100.0,90.0000,ID_Money_Copper
LIT_M03_01a,10.0,100.0,10.0000,ID_Rec_C_BrownBetty_Uncommon02
LIT_M01_Dungeon_Figurine_03,40.0,100.0,40.0000,ID_Money_Silver
LIT_M01_Dungeon_Figurine_03,40.0,100.0,40.0000,ID_Money_Copper
LIT_M01_Dungeon_Figurine_03,20.0,100.0,20.0000,ID_Epic_UCGold03
LIT_M01_Dungeon_Figurine_01,40.0,100.0,40.0000,ID_Money_Silver
LIT_M01_Dungeon_Figurine_01,40.0,100.0,40.0000,ID_Money_Copper
LIT_M01_Dungeon_Figurine_01,20.0,100.0,20.0000,ID_Epic_UCGold01
LIT_LudwigsDrumcaseRecipe_Rare_Loose,70.0,100.0,70.0000,ID_Money_Copper
LIT_LudwigsDrumcaseRecipe_Rare_Loose,20.0,100.0,20.0000,ID_Money_Silver
LIT_LudwigsDrumcaseRecipe_Rare_Loose,10.0,100.0,10.0000,ID_Rec_Bag_Back_Rare01
LIT_Louisville_Recipe_Uncommon_Loose,70.0,100.0,70.0000,ID_Money_Copper
LIT_Louisville_Recipe_Uncommon_Loose,15.0,100.0,15.0000,ID_Rec_Weap_Louisville
LIT_Louisville_Recipe_Uncommon_Loose,15.0,100.0,15.0000,ID_Money_Silver
LIT_Lore_Note07,100.0,100.0,100.0000,ID_Lore_Common_Note07
LIT_Loose_Zweihander,75.0,100.0,75.0000,ID_Money_Copper
LIT_Loose_Zweihander,25.0,100.0,25.0000,ID_Weap_2HMelee_Legendary02
LIT_Loose_WarAxe,90.0,100.0,90.0000,ID_Money_Copper
LIT_Loose_WarAxe,10.0,100.0,10.0000,ID_Weap_2HMelee_Rare02
LIT_Loose_Volcan,90.0,100.0,90.0000,ID_Money_Copper
LIT_Loose_Volcan,10.0,100.0,10.0000,ID_Weap_Pistol_Legendary01
LIT_Loose_Volant,50.0,100.0,50.0000,ID_Uncommon_LeatherBoots
LIT_Loose_Volant,25.0,100.0,25.0000,ID_Weap_Rifle_Uncommon02
LIT_Loose_Volant,25.0,100.0,25.0000,ID_Money_Copper
LIT_Loose_VeenstrasSwine,60.0,100.0,60.0000,ID_Money_Copper
LIT_Loose_VeenstrasSwine,30.0,100.0,30.0000,ID_Key_U_Undercroft
LIT_Loose_VeenstrasSwine,10.0,100.0,10.0000,ID_Rec_C_BrownBetty_Uncommon09
LIT_Loose_Valuables,100.0,163.10000000149012,61.3121,ID_Money_Copper
LIT_Loose_Valuables,50.0,163.10000000149012,30.6560,ID_Med_Ampoule_Common
LIT_Loose_Valuables,10.0,163.10000000149012,6.1312,ID_Rare_JewelleryBox_Bronze
LIT_Loose_Valuables,2.0,163.10000000149012,1.2262,ID_Epic_JewelleryBox_Silver
LIT_Loose_Valuables,1.0,163.10000000149012,0.6131,ID_Legendary_JewelleryBox_Gold
LIT_Loose_Valuables,0.1,163.10000000149012,0.0613,ID_Money_Silver
LIT_Loose_Tavern,30.0,90.0,33.3333,ID_Drink_Common03
LIT_Loose_Tavern,30.0,90.0,33.3333,ID_Drink_Common02
LIT_Loose_Tavern,10.0,90.0,11.1111,ID_Rare_SilverDish
LIT_Loose_Tavern,10.0,90.0,11.1111,ID_Money_Copper
LIT_Loose_Tavern,10.0,90.0,11.1111,ID_Key_Bronze
LIT_Loose_Table,100.0,344.20000000298023,29.0529,ID_Money_Copper
LIT_Loose_Table,100.0,344.20000000298023,29.0529,ID_Med_Ampoule_Common
LIT_Loose_Table,100.0,344.20000000298023,29.0529,ID_Common_Apple
LIT_Loose_Table,25.0,344.20000000298023,7.2632,ID_Med_Ampoule_Uncommon
LIT_Loose_Table,5.0,344.20000000298023,1.4526,ID_Rare_Mortar
LIT_Loose_Table,5.0,344.20000000298023,1.4526,ID_Rare_JewelleryBox_Bronze
LIT_Loose_Table,5.0,344.20000000298023,1.4526,ID_Med_Ampoule_Rare
LIT_Loose_Table,1.0,344.20000000298023,0.2905,ID_Med_Ampoule_Epic
LIT_Loose_Table,1.0,344.20000000298023,0.2905,ID_Epic_JewelleryBox_Silver
LIT_Loose_Table,1.0,344.20000000298023,0.2905,ID_Epic_ChinaGravyboat
LIT_Loose_Table,1.0,344.20000000298023,0.2905,ID_Epic_ChinaBowl
LIT_Loose_Table,0.1,344.20000000298023,0.0291,ID_Med_Ampoule_Legendary
LIT_Loose_Table,0.1,344.20000000298023,0.0291,ID_Legendary_JewelleryBox_Gold
LIT_Loose_SmallItems,100.0,262.3600000049919,38.1156,ID_Money_Copper
LIT_Loose_SmallItems,100.0,262.3600000049919,38.1156,ID_Med_Ampoule_Common
LIT_Loose_SmallItems,25.0,262.3600000049919,9.5289,ID_Med_Ampoule_Uncommon
LIT_Loose_SmallItems,25.0,262.3600000049919,9.5289,ID_Key_Bronze
LIT_Loose_SmallItems,5.0,262.3600000049919,1.9058,ID_Med_Ampoule_Rare
LIT_Loose_SmallItems,5.0,262.3600000049919,1.9058,ID_Key_Silver
LIT_Loose_SmallItems,1.0,262.3600000049919,0.3812,ID_Med_Ampoule_Epic
LIT_Loose_SmallItems,1.0,262.3600000049919,0.3812,ID_Key_Gold
LIT_Loose_SmallItems,0.1,262.3600000049919,0.0381,ID_Money_Silver
LIT_Loose_SmallItems,0.1,262.3600000049919,0.0381,ID_Med_Ampoule_Legendary
LIT_Loose_SmallItems,0.05,262.3600000049919,0.0191,ID_Key_U_Undercroft
LIT_Loose_SmallItems,0.05,262.3600000049919,0.0191,ID_Key_U_ThePit
LIT_Loose_SmallItems,0.05,262.3600000049919,0.0191,ID_Key_U_JacquesFolly
LIT_Loose_SmallItems,0.01,262.3600000049919,0.0038,ID_Money_Gold
LIT_Loose_ShortSword,50.0,50.0,100.0000,ID_Weap_1HMelee_Uncommon01
LIT_Loose_Schlag,85.0,100.0,85.0000,ID_Money_Copper
LIT_Loose_Schlag,15.0,100.0,15.0000,ID_Rec_C_ShortSword_Uncommon01
LIT_Loose_Sabre,50.0,50.0,100.0000,ID_Weap_1HMelee_Epic01
LIT_Loose_RepairTongs_Tutorial,100.0,150.0,66.6667,ID_Tools_Uncommon_Repair01
LIT_Loose_RepairTongs_Tutorial,50.0,150.0,33.3333,ID_Tools_Rare_Repair01
LIT_Loose_Money,100.0,111.0,90.0901,ID_Money_Copper
LIT_Loose_Money,10.0,111.0,9.0090,ID_Money_Silver
LIT_Loose_Money,1.0,111.0,0.9009,ID_Money_Gold
LIT_Loose_MediumItems,100.0,530.6600000094622,18.8445,ID_Money_Copper
LIT_Loose_MediumItems,100.0,530.6600000094622,18.8445,ID_Med_Ampoule_Common
LIT_Loose_MediumItems,100.0,530.6600000094622,18.8445,ID_ArmorPatch_Common
LIT_Loose_MediumItems,50.0,530.6600000094622,9.4222,ID_Tools_Common_Repair01
LIT_Loose_MediumItems,50.0,530.6600000094622,9.4222,ID_Med_Common03
LIT_Loose_MediumItems,25.0,530.6600000094622,4.7111,ID_Med_Ampoule_Uncommon
LIT_Loose_MediumItems,25.0,530.6600000094622,4.7111,ID_Key_Bronze
LIT_Loose_MediumItems,25.0,530.6600000094622,4.7111,ID_ArmorPatch_Uncommon
LIT_Loose_MediumItems,12.5,530.6600000094622,2.3556,ID_Tools_Uncommon_Repair01
LIT_Loose_MediumItems,12.5,530.6600000094622,2.3556,ID_Med_Uncommon03
LIT_Loose_MediumItems,5.0,530.6600000094622,0.9422,ID_Med_Ampoule_Rare
LIT_Loose_MediumItems,5.0,530.6600000094622,0.9422,ID_Key_Silver
LIT_Loose_MediumItems,5.0,530.6600000094622,0.9422,ID_ArmorPatch_Rare
LIT_Loose_MediumItems,5.0,530.6600000094622,0.9422,ID_Ammunition_03_Heavy
LIT_Loose_MediumItems,2.5,530.6600000094622,0.4711,ID_Tools_Rare_Repair01
LIT_Loose_MediumItems,2.5,530.6600000094622,0.4711,ID_Med_Rare04
LIT_Loose_MediumItems,1.0,530.6600000094622,0.1884,ID_Med_Ampoule_Epic
LIT_Loose_MediumItems,1.0,530.6600000094622,0.1884,ID_Key_Gold
LIT_Loose_MediumItems,1.0,530.6600000094622,0.1884,ID_ArmorPatch_Epic
LIT_Loose_MediumItems,1.0,530.6600000094622,0.1884,ID_Ammunition_04_Refined
LIT_Loose_MediumItems,0.5,530.6600000094622,0.0942,ID_Tools_Epic_Repair01
LIT_Loose_MediumItems,0.5,530.6600000094622,0.0942,ID_Med_Epic07
LIT_Loose_MediumItems,0.1,530.6600000094622,0.0188,ID_Money_Silver
LIT_Loose_MediumItems,0.1,530.6600000094622,0.0188,ID_Med_Ampoule_Legendary
LIT_Loose_MediumItems,0.1,530.6600000094622,0.0188,ID_ArmorPatch_Legendary
LIT_Loose_MediumItems,0.1,530.6600000094622,0.0188,ID_Ammunition_05_Exotic
LIT_Loose_MediumItems,0.05,530.6600000094622,0.0094,ID_Tools_Legendary_Repair01
LIT_Loose_MediumItems,0.05,530.6600000094622,0.0094,ID_Med_Legendary06
LIT_Loose_MediumItems,0.05,530.6600000094622,0.0094,ID_Key_U_Undercroft
LIT_Loose_MediumItems,0.05,530.6600000094622,0.0094,ID_Key_U_ThePit
LIT_Loose_MediumItems,0.05,530.6600000094622,0.0094,ID_Key_U_JacquesFolly
LIT_Loose_MediumItems,0.01,530.6600000094622,0.0019,ID_Money_Gold
LIT_Loose_Medicine_Tutorial02,100.0,150.0,66.6667,ID_Med_Uncommon03
LIT_Loose_Medicine_Tutorial02,50.0,150.0,33.3333,ID_Med_Rare04
LIT_Loose_Medicine_Tutorial,100.0,150.0,66.6667,ID_Med_Ampoule_Uncommon
LIT_Loose_Medicine_Tutorial,50.0,150.0,33.3333,ID_Med_Ampoule_Rare
LIT_Loose_Medicine,100.0,231.21000000275671,43.2507,ID_Money_Copper
LIT_Loose_Medicine,100.0,231.21000000275671,43.2507,ID_Med_Ampoule_Common
LIT_Loose_Medicine,25.0,231.21000000275671,10.8127,ID_Med_Ampoule_Uncommon
LIT_Loose_Medicine,5.0,231.21000000275671,2.1625,ID_Med_Ampoule_Rare
LIT_Loose_Medicine,1.0,231.21000000275671,0.4325,ID_Med_Ampoule_Epic
LIT_Loose_Medicine,0.1,231.21000000275671,0.0433,ID_Money_Silver
LIT_Loose_Medicine,0.1,231.21000000275671,0.0433,ID_Med_Ampoule_Legendary
LIT_Loose_Medicine,0.01,231.21000000275671,0.0043,ID_Money_Gold
LIT_Loose_M03StarFort_01a,70.0,100.0,70.0000,ID_Money_Copper
LIT_Loose_M03StarFort_01a,30.0,100.0,30.0000,ID_Lore_Rare_Note03_U
LIT_Loose_M02MilitaryCheckpoint_01a,70.0,100.0,70.0000,ID_Money_Copper
LIT_Loose_M02MilitaryCheckpoint_01a,30.0,100.0,30.0000,ID_Lore_Rare_Note02_U
LIT_Loose_M01SarlatHamlet_01a,70.0,100.0,70.0000,ID_Money_Copper
LIT_Loose_M01SarlatHamlet_01a,30.0,100.0,30.0000,ID_Lore_Rare_Note04_U
LIT_Loose_Louiseville,25.0,100.0,25.0000,ID_Weap_Rifle_Uncommon01
LIT_Loose_Louiseville,25.0,100.0,25.0000,ID_Drink_Common03
LIT_Loose_Louiseville,25.0,100.0,25.0000,ID_Drink_Common02
LIT_Loose_Louiseville,24.0,100.0,24.0000,ID_Money_Copper
LIT_Loose_Louiseville,1.0,100.0,1.0000,ID_Money_Silver
LIT_Loose_Longsword,68.0,100.0,68.0000,ID_Money_Copper
LIT_Loose_Longsword,25.0,100.0,25.0000,ID_Weap_2HMelee_Uncommon01
LIT_Loose_Longsword,5.0,100.0,5.0000,ID_Rare_JewelleryBox_Bronze
LIT_Loose_Longsword,2.0,100.0,2.0000,ID_Money_Silver
LIT_Loose_Kompas,100.0,100.0,100.0000,ID_Weap_Rifle_Rare02
LIT_Loose_Jager,75.0,100.0,75.0000,ID_Weap_Rifle_Rare02
LIT_Loose_Jager,25.0,100.0,25.0000,ID_Weap_Rifle_Legendary01
LIT_Loose_HeadArmour_All,25.0,31.100000001490116,80.3859,ID_Armor_Head_Uncommon01
LIT_Loose_HeadArmour_All,5.0,31.100000001490116,16.0772,ID_Armor_Head_Rare01
LIT_Loose_HeadArmour_All,1.0,31.100000001490116,3.2154,ID_Armor_Head_Epic01
LIT_Loose_HeadArmour_All,0.1,31.100000001490116,0.3215,ID_Armor_Head_Legendary01
LIT_Loose_ChestArmour_All,100.0,131.10000000149012,76.2777,ID_Armor_Chest_Common01
LIT_Loose_ChestArmour_All,25.0,131.10000000149012,19.0694,ID_Armor_Chest_Uncommon01
LIT_Loose_ChestArmour_All,5.0,131.10000000149012,3.8139,ID_Armor_Chest_Rare01
LIT_Loose_ChestArmour_All,1.0,131.10000000149012,0.7628,ID_Armor_Chest_Epic01
LIT_Loose_ChestArmour_All,0.1,131.10000000149012,0.0763,ID_Armor_Chest_Legendary01
LIT_Loose_BronzeKey_Tutorial,100.0,100.0,100.0000,ID_Key_Bronze
LIT_Loose_BackBag_Tutorial,100.0,100.0,100.0000,ID_BackBag_Epic01
LIT_Loose_Axe,90.0,100.0,90.0000,ID_Money_Copper
LIT_Loose_Axe,10.0,100.0,10.0000,ID_Weap_1HMelee_Rare02
LIT_Loose_Auster100,100.0,100.0,100.0000,ID_Weap_Pistol_Uncommon01
LIT_Loose_Auster,75.0,100.0,75.0000,ID_Money_Copper
LIT_Loose_Auster,25.0,100.0,25.0000,ID_Weap_Pistol_Uncommon01
LIT_Loose_Armour_Tutorial,100.0,100.0,100.0000,ID_Armor_Chest_Uncommon01
LIT_Loose_Ammo,25.0,31.100000001490116,80.3859,ID_Money_Copper
LIT_Loose_Ammo,5.0,31.100000001490116,16.0772,ID_Ammunition_03_Heavy
LIT_Loose_Ammo,1.0,31.100000001490116,3.2154,ID_Ammunition_04_Refined
LIT_Loose_Ammo,0.1,31.100000001490116,0.3215,ID_Ammunition_05_Exotic
LIT_LongswordRecipe_Uncommon_Loose1,70.0,100.0,70.0000,ID_Money_Copper
LIT_LongswordRecipe_Uncommon_Loose1,15.0,100.0,15.0000,ID_Rec_Weap_Longsword
LIT_LongswordRecipe_Uncommon_Loose1,15.0,100.0,15.0000,ID_Money_Silver
LIT_Liquids,100.0,140.0,71.4286,ID_Common_PineOil
LIT_Liquids,25.0,140.0,17.8571,ID_Uncommon_LinseedOil
LIT_Liquids,5.0,140.0,3.5714,ID_Rare_WhaleOil
LIT_Liquids,5.0,140.0,3.5714,ID_Rare_OxliverOil
LIT_Liquids,5.0,140.0,3.5714,ID_Common_StalePiss
LIT_LionneRecipe_Epic_Loose,70.0,100.0,70.0000,ID_Money_Copper
LIT_LionneRecipe_Epic_Loose,22.5,100.0,22.5000,ID_Money_Silver
LIT_LionneRecipe_Epic_Loose,7.5,100.0,7.5000,ID_Rec_Weap_Lionne
LIT_LionOfRotterdam_Loose,70.0,100.0,70.0000,ID_Money_Copper
LIT_LionOfRotterdam_Loose,15.0,100.0,15.0000,ID_Rec_C_BrownBetty_Uncommon08
LIT_LionOfRotterdam_Loose,15.0,100.0,15.0000,ID_Money_Silver
LIT_Legendary_Weap_Rifles,100.0,300.0,33.3333,ID_Weap_Rifle_Legendary03
LIT_Legendary_Weap_Rifles,100.0,300.0,33.3333,ID_Weap_Rifle_Legendary02
LIT_Legendary_Weap_Rifles,100.0,300.0,33.3333,ID_Weap_Rifle_Legendary01
LIT_Legendary_Weap_Rifles,0.0,300.0,0.0000,ID_Weap_Rifle_Scope_Legendary04
LIT_Legendary_Weap_Pistols,100.0,100.0,100.0000,ID_Weap_Pistol_Legendary01
LIT_Ledger_01,25.0,389.7000000104308,6.4152,ID_Uncommon_RedOchre
LIT_Ledger_01,25.0,389.7000000104308,6.4152,ID_Uncommon_PreciousBox
LIT_Ledger_01,25.0,389.7000000104308,6.4152,ID_Uncommon_PineRosin
LIT_Ledger_01,25.0,389.7000000104308,6.4152,ID_Uncommon_IronFile
LIT_Ledger_01,25.0,389.7000000104308,6.4152,ID_Uncommon_DankTobacco
LIT_Ledger_01,25.0,389.7000000104308,6.4152,ID_Uncommon_CoatToggle
LIT_Ledger_01,25.0,389.7000000104308,6.4152,ID_Uncommon_Amber
LIT_Ledger_01,25.0,389.7000000104308,6.4152,ID_Lore_Common_Note13
LIT_Ledger_01,25.0,389.7000000104308,6.4152,ID_Lore_Common_Note12
LIT_Ledger_01,25.0,389.7000000104308,6.4152,ID_Lore_Common_Note11
LIT_Ledger_01,25.0,389.7000000104308,6.4152,ID_Lore_Common_Note10
LIT_Ledger_01,25.0,389.7000000104308,6.4152,ID_Lore_Common_Note09
LIT_Ledger_01,5.0,389.7000000104308,1.2830,ID_Rare_Smokesilver
LIT_Ledger_01,5.0,389.7000000104308,1.2830,ID_Rare_SinewString
LIT_Ledger_01,5.0,389.7000000104308,1.2830,ID_Rare_RefinedTobacco
LIT_Ledger_01,5.0,389.7000000104308,1.2830,ID_Rare_Opium
LIT_Ledger_01,5.0,389.7000000104308,1.2830,ID_Rare_DelicateChain
LIT_Ledger_01,5.0,389.7000000104308,1.2830,ID_Lore_Uncommon_Note12
LIT_Ledger_01,5.0,389.7000000104308,1.2830,ID_Lore_Uncommon_Note11
LIT_Ledger_01,5.0,389.7000000104308,1.2830,ID_Lore_Uncommon_Note10
LIT_Ledger_01,5.0,389.7000000104308,1.2830,ID_Lore_Uncommon_Note09
LIT_Ledger_01,5.0,389.7000000104308,1.2830,ID_Lore_Uncommon_Note08
LIT_Ledger_01,5.0,389.7000000104308,1.2830,ID_Lore_Uncommon_Note07
LIT_Ledger_01,5.0,389.7000000104308,1.2830,ID_Lore_Uncommon_Note06
LIT_Ledger_01,5.0,389.7000000104308,1.2830,ID_Lore_Rare_Note11
LIT_Ledger_01,5.0,389.7000000104308,1.2830,ID_Lore_Rare_Note10
LIT_Ledger_01,5.0,389.7000000104308,1.2830,ID_Lore_Rare_Note09
LIT_Ledger_01,1.0,389.7000000104308,0.2566,ID_Lore_Epic_Note12
LIT_Ledger_01,1.0,389.7000000104308,0.2566,ID_Lore_Epic_Note11
LIT_Ledger_01,1.0,389.7000000104308,0.2566,ID_Lore_Epic_Note10
LIT_Ledger_01,1.0,389.7000000104308,0.2566,ID_Epic_WhitePearl
LIT_Ledger_01,1.0,389.7000000104308,0.2566,ID_Epic_Tortoiseshell
LIT_Ledger_01,1.0,389.7000000104308,0.2566,ID_Epic_TailHair
LIT_Ledger_01,1.0,389.7000000104308,0.2566,ID_Epic_Serpentstone
LIT_Ledger_01,1.0,389.7000000104308,0.2566,ID_Epic_Pinchbeck
LIT_Ledger_01,1.0,389.7000000104308,0.2566,ID_Epic_OpiumPipe
LIT_Ledger_01,1.0,389.7000000104308,0.2566,ID_Epic_IvoryTusk
LIT_Ledger_01,1.0,389.7000000104308,0.2566,ID_Epic_HollandThread
LIT_Ledger_01,1.0,389.7000000104308,0.2566,ID_Epic_GlassVial
LIT_Ledger_01,1.0,389.7000000104308,0.2566,ID_Epic_FancySilverPlaque
LIT_Ledger_01,1.0,389.7000000104308,0.2566,ID_Epic_AmberPearl
LIT_Ledger_01,0.1,389.7000000104308,0.0257,ID_Lore_Legendary_Note02
LIT_Ledger_01,0.1,389.7000000104308,0.0257,ID_Legendary_Topaz
LIT_Ledger_01,0.1,389.7000000104308,0.0257,ID_Legendary_PolluxCameo
LIT_Ledger_01,0.1,389.7000000104308,0.0257,ID_Legendary_JacobinCipher
LIT_Ledger_01,0.1,389.7000000104308,0.0257,ID_Legendary_GoldLeaf
LIT_Ledger_01,0.1,389.7000000104308,0.0257,ID_Legendary_FlawlessDiamond
LIT_Ledger_01,0.1,389.7000000104308,0.0257,ID_Legendary_CastorCameo
LIT_Launchers_All,100.0,300.0,33.3333,ID_Weap_Launcher_Legendary01
LIT_Launchers_All,100.0,300.0,33.3333,ID_Weap_Launcher_Epic02
LIT_Launchers_All,100.0,300.0,33.3333,ID_Weap_Launcher_Epic01
LIT_Latrine,700.0,1744.2000000029802,40.1330,ID_Common_CrustyFeces
LIT_Latrine,200.0,1744.2000000029802,11.4666,ID_Common_StalePiss
LIT_Latrine,100.0,1744.2000000029802,5.7333,ID_Food_Common03
LIT_Latrine,100.0,1744.2000000029802,5.7333,ID_Drink_Common01
LIT_Latrine,100.0,1744.2000000029802,5.7333,ID_Common_ThickBranch
LIT_Latrine,100.0,1744.2000000029802,5.7333,ID_Common_Lard
LIT_Latrine,100.0,1744.2000000029802,5.7333,ID_Common_FilthyBritches
LIT_Latrine,100.0,1744.2000000029802,5.7333,ID_Common_CarrionShank
LIT_Latrine,100.0,1744.2000000029802,5.7333,ID_Common_BogIron
LIT_Latrine,25.0,1744.2000000029802,1.4333,ID_Uncommon_Lambgut
LIT_Latrine,25.0,1744.2000000029802,1.4333,ID_Uncommon_GristleWax
LIT_Latrine,25.0,1744.2000000029802,1.4333,ID_Uncommon_BrinedFlesh
LIT_Latrine,25.0,1744.2000000029802,1.4333,ID_Uncommon_Bezoar
LIT_Latrine,25.0,1744.2000000029802,1.4333,ID_Key_Bronze
LIT_Latrine,5.0,1744.2000000029802,0.2867,ID_Rare_Windfall
LIT_Latrine,5.0,1744.2000000029802,0.2867,ID_Rare_Ambergris
LIT_Latrine,5.0,1744.2000000029802,0.2867,ID_Key_Silver
LIT_Latrine,1.0,1744.2000000029802,0.0573,ID_Key_Gold
LIT_Latrine,1.0,1744.2000000029802,0.0573,ID_Herb_04_Fungi
LIT_Latrine,1.0,1744.2000000029802,0.0573,ID_Epic_LadiesGirdle
LIT_Latrine,1.0,1744.2000000029802,0.0573,ID_Epic_Bloodstone
LIT_Latrine,0.1,1744.2000000029802,0.0057,ID_Legendary_FoieGras
LIT_Latrine,0.1,1744.2000000029802,0.0057,ID_Legendary_FlawlessDiamond
LIT_KompasRecipe_Rare_Loose,70.0,100.0,70.0000,ID_Money_Copper
LIT_KompasRecipe_Rare_Loose,20.0,100.0,20.0000,ID_Money_Silver
LIT_KompasRecipe_Rare_Loose,10.0,100.0,10.0000,ID_Rec_Weap_Kompas
LIT_KindlingPile,200.0,429.1000000014901,46.6092,ID_Common_ThickBranch
LIT_KindlingPile,100.0,429.1000000014901,23.3046,ID_Common_Woodchips
LIT_KindlingPile,25.0,429.1000000014901,5.8261,ID_Uncommon_WalnutHusk
LIT_KindlingPile,25.0,429.1000000014901,5.8261,ID_Uncommon_SturdyAxeHandle
LIT_KindlingPile,25.0,429.1000000014901,5.8261,ID_Uncommon_PineRosin
LIT_KindlingPile,25.0,429.1000000014901,5.8261,ID_Lore_Common_Note04
LIT_KindlingPile,5.0,429.1000000014901,1.1652,ID_Rare_WillowBark
LIT_KindlingPile,5.0,429.1000000014901,1.1652,ID_Rare_PolishedHandle
LIT_KindlingPile,5.0,429.1000000014901,1.1652,ID_Rare_Hornbeam
LIT_KindlingPile,5.0,429.1000000014901,1.1652,ID_Rare_Cochineal
LIT_KindlingPile,5.0,429.1000000014901,1.1652,ID_Rare_BurrWalnut
LIT_KindlingPile,1.0,429.1000000014901,0.2330,ID_Rare_PolishedRod
LIT_KindlingPile,1.0,429.1000000014901,0.2330,ID_Lore_Epic_Note07_U
LIT_KindlingPile,1.0,429.1000000014901,0.2330,ID_Epic_OakGall
LIT_KindlingPile,1.0,429.1000000014901,0.2330,ID_Epic_Hartwood
LIT_KindlingPile,0.1,429.1000000014901,0.0233,ID_Legendary_Bloodwood
LIT_Keys_Uncommon,100.0,100.0,100.0000,ID_Key_Bronze
LIT_Keys_Rare,100.0,100.0,100.0000,ID_Key_Silver
LIT_Keys_M03_BossRoom,50.0,100.0,50.0000,ID_Key_Silver
LIT_Keys_M03_BossRoom,20.0,100.0,20.0000,ID_Key_U_AmbrosesTithe
LIT_Keys_M03_BossRoom,10.0,100.0,10.0000,ID_Money_Silver
LIT_Keys_M03_BossRoom,10.0,100.0,10.0000,ID_Key_U_FerrousKey
LIT_Keys_M03_BossRoom,10.0,100.0,10.0000,ID_Key_Gold
LIT_Keys_M02_Dungeon,50.0,100.0,50.0000,ID_Key_Silver
LIT_Keys_M02_Dungeon,20.0,100.0,20.0000,ID_Key_U_Bloodbox
LIT_Keys_M02_Dungeon,10.0,100.0,10.0000,ID_Money_Silver
LIT_Keys_M02_Dungeon,10.0,100.0,10.0000,ID_Key_U_JacquesKey
LIT_Keys_M02_Dungeon,10.0,100.0,10.0000,ID_Key_Gold
LIT_Keys_M01_Dungeon,50.0,100.0,50.0000,ID_Key_Silver
LIT_Keys_M01_Dungeon,20.0,100.0,20.0000,ID_Key_U_BishopsCrypt
LIT_Keys_M01_Dungeon,10.0,100.0,10.0000,ID_Money_Silver
LIT_Keys_M01_Dungeon,10.0,100.0,10.0000,ID_Key_U_AbbottKey
LIT_Keys_M01_Dungeon,10.0,100.0,10.0000,ID_Key_Gold
LIT_Keys_Epic,100.0,103.0,97.0874,ID_Key_Gold
LIT_Keys_Epic,1.0,103.0,0.9709,ID_Key_U_Undercroft
LIT_Keys_Epic,1.0,103.0,0.9709,ID_Key_U_ThePit
LIT_Keys_Epic,1.0,103.0,0.9709,ID_Key_U_JacquesFolly
LIT_Keys_All,100.0,133.30000000447035,75.0188,ID_Key_Bronze
LIT_Keys_All,25.0,133.30000000447035,18.7547,ID_Key_Silver
LIT_Keys_All,5.0,133.30000000447035,3.7509,ID_Key_Gold
LIT_Keys_All,1.0,133.30000000447035,0.7502,ID_Key_U_Undercroft
LIT_Keys_All,1.0,133.30000000447035,0.7502,ID_Key_U_ThePit
LIT_Keys_All,1.0,133.30000000447035,0.7502,ID_Key_U_JacquesFolly
LIT_Keys_All,0.1,133.30000000447035,0.0750,ID_Key_U_JacquesKey
LIT_Keys_All,0.1,133.30000000447035,0.0750,ID_Key_U_FerrousKey
LIT_Keys_All,0.1,133.30000000447035,0.0750,ID_Key_U_AbbottKey
LIT_Key_Gavroche,100.0,100.0,100.0000,ID_Key_U_CellarChevalierRemise
LIT_Junk,100.0,200.0,50.0000,ID_Common_Woodchips
LIT_Junk,100.0,200.0,50.0000,ID_Common_Flour
LIT_Item_Valuables_Small,25.0,89.0,28.0899,ID_Uncommon_SilverCandleHolder
LIT_Item_Valuables_Small,25.0,89.0,28.0899,ID_Money_Copper
LIT_Item_Valuables_Small,25.0,89.0,28.0899,ID_Key_Bronze
LIT_Item_Valuables_Small,5.0,89.0,5.6180,ID_Rare_SilverDish
LIT_Item_Valuables_Small,5.0,89.0,5.6180,ID_Rare_SilverCandlestick
LIT_Item_Valuables_Small,1.0,89.0,1.1236,ID_Rare_SilverCandlestickLarge
LIT_Item_Valuables_Small,1.0,89.0,1.1236,ID_Money_Silver
LIT_Item_Valuables_Small,1.0,89.0,1.1236,ID_Epic_ChinaGravyboat
LIT_Item_Valuables_Small,1.0,89.0,1.1236,ID_Epic_ChinaBowl
LIT_Item_Valuables,100.0,145.0,68.9655,ID_Money_Copper
LIT_Item_Valuables,10.0,145.0,6.8966,ID_Rare_JewelleryBox_Bronze
LIT_Item_Valuables,10.0,145.0,6.8966,ID_Rare_CalfskinBoots
LIT_Item_Valuables,10.0,145.0,6.8966,ID_Epic_ChinaGravyboat
LIT_Item_Valuables,10.0,145.0,6.8966,ID_Epic_ChinaBowl
LIT_Item_Valuables,2.0,145.0,1.3793,ID_Epic_RomaniTreads
LIT_Item_Valuables,2.0,145.0,1.3793,ID_Epic_JewelleryBox_Silver
LIT_Item_Valuables,1.0,145.0,0.6897,ID_Legendary_JewelleryBox_Gold
LIT_Item_Table_Mill,100.0,100.0,100.0000,ID_Money_Copper
LIT_Item_Table_Chapel,100.0,160.0,62.5000,ID_Money_Copper
LIT_Item_Table_Chapel,10.0,160.0,6.2500,ID_Uncommon_LeatherBoots
LIT_Item_Table_Chapel,10.0,160.0,6.2500,ID_Rare_Mortar
LIT_Item_Table_Chapel,10.0,160.0,6.2500,ID_Rare_CalfskinBoots
LIT_Item_Table_Chapel,10.0,160.0,6.2500,ID_Epic_RomaniTreads
LIT_Item_Table_Chapel,10.0,160.0,6.2500,ID_Epic_ChinaGravyboat
LIT_Item_Table_Chapel,10.0,160.0,6.2500,ID_Epic_ChinaBowl
LIT_Item_Global_Small,100.0,500.0,20.0000,ID_Uncommon_LeatherBoots
LIT_Item_Global_Small,100.0,500.0,20.0000,ID_Rare_CalfskinBoots
LIT_Item_Global_Small,100.0,500.0,20.0000,ID_Epic_RomaniTreads
LIT_Item_Global_Small,100.0,500.0,20.0000,ID_Epic_ChinaGravyboat
LIT_Item_Global_Small,100.0,500.0,20.0000,ID_Epic_ChinaBowl
LIT_Item_Currency,100.0,175.0,57.1429,ID_Money_Copper
LIT_Item_Currency,50.0,175.0,28.5714,ID_Money_Silver
LIT_Item_Currency,25.0,175.0,14.2857,ID_Money_Gold
LIT_Item_Civilian_Shelf,100.0,307.0,32.5733,ID_Money_Copper
LIT_Item_Civilian_Shelf,100.0,307.0,32.5733,ID_Common_IronJug
LIT_Item_Civilian_Shelf,100.0,307.0,32.5733,ID_Common_Apple
LIT_Item_Civilian_Shelf,5.0,307.0,1.6287,ID_Rare_SilverCandlestick
LIT_Item_Civilian_Shelf,1.0,307.0,0.3257,ID_Money_Silver
LIT_Item_Civilian_Shelf,1.0,307.0,0.3257,ID_Lore_Uncommon_Note04
LIT_Item_Civilian_Generic,20.0,65.0,30.7692,ID_Uncommon_LeatherBoots
LIT_Item_Civilian_Generic,10.0,65.0,15.3846,ID_Rare_JewelleryBox_Bronze
LIT_Item_Civilian_Generic,10.0,65.0,15.3846,ID_Rare_CalfskinBoots
LIT_Item_Civilian_Generic,10.0,65.0,15.3846,ID_Epic_ChinaGravyboat
LIT_Item_Civilian_Generic,10.0,65.0,15.3846,ID_Epic_ChinaBowl
LIT_Item_Civilian_Generic,2.0,65.0,3.0769,ID_Epic_RomaniTreads
LIT_Item_Civilian_Generic,2.0,65.0,3.0769,ID_Epic_JewelleryBox_Silver
LIT_Item_Civilian_Generic,1.0,65.0,1.5385,ID_Legendary_JewelleryBox_Gold
LIT_ItalianStandard_Loose,70.0,100.0,70.0000,ID_Money_Copper
LIT_ItalianStandard_Loose,15.0,100.0,15.0000,ID_Rec_C_Louisville_Uncommon08
LIT_ItalianStandard_Loose,15.0,100.0,15.0000,ID_Money_Silver
LIT_Hybernia_Loose,59.0,100.0,59.0000,ID_Money_Copper
LIT_Hybernia_Loose,15.0,100.0,15.0000,ID_Rare_JewelleryBox_Bronze
LIT_Hybernia_Loose,15.0,100.0,15.0000,ID_Money_Silver
LIT_Hybernia_Loose,5.0,100.0,5.0000,ID_Rec_C_Spear_Epic01
LIT_Hybernia_Loose,5.0,100.0,5.0000,ID_Epic_JewelleryBox_Silver
LIT_Hybernia_Loose,0.5,100.0,0.5000,ID_Money_Gold
LIT_Hybernia_Loose,0.5,100.0,0.5000,ID_Legendary_JewelleryBox_Gold
LIT_Howler_01,100.0,100.0,100.0000,ID_Trophy_Howler
LIT_HouseOfMedici_Loose,70.0,100.0,70.0000,ID_Money_Copper
LIT_HouseOfMedici_Loose,15.0,100.0,15.0000,ID_Rec_C_BrownBetty_Uncommon04
LIT_HouseOfMedici_Loose,15.0,100.0,15.0000,ID_Money_Silver
LIT_HohenzollernReborn_Loose,70.0,100.0,70.0000,ID_Money_Copper
LIT_HohenzollernReborn_Loose,15.0,100.0,15.0000,ID_Rec_C_BrownBetty_Uncommon03
LIT_HohenzollernReborn_Loose,15.0,100.0,15.0000,ID_Money_Silver
LIT_Highlander_Loose,70.0,100.0,70.0000,ID_Money_Copper
LIT_Highlander_Loose,15.0,100.0,15.0000,ID_Rec_C_Longsword_Uncommon01
LIT_Highlander_Loose,15.0,100.0,15.0000,ID_Money_Silver
LIT_HighClassCiv,40.0,578.7500000111759,6.9114,ID_Uncommon_SilverCandleHolder
LIT_HighClassCiv,40.0,578.7500000111759,6.9114,ID_Uncommon_ReinforcedGarter
LIT_HighClassCiv,40.0,578.7500000111759,6.9114,ID_Uncommon_PreciousBox
LIT_HighClassCiv,40.0,578.7500000111759,6.9114,ID_Uncommon_PowderTin
LIT_HighClassCiv,40.0,578.7500000111759,6.9114,ID_Uncommon_LeatherBoots
LIT_HighClassCiv,40.0,578.7500000111759,6.9114,ID_Uncommon_DankTobacco
LIT_HighClassCiv,40.0,578.7500000111759,6.9114,ID_Uncommon_DankTobacco
LIT_HighClassCiv,40.0,578.7500000111759,6.9114,ID_Uncommon_CoatToggle
LIT_HighClassCiv,40.0,578.7500000111759,6.9114,ID_Money_Copper
LIT_HighClassCiv,40.0,578.7500000111759,6.9114,ID_Med_Ampoule_Common
LIT_HighClassCiv,40.0,578.7500000111759,6.9114,ID_Common_OldRidingGlove
LIT_HighClassCiv,25.0,578.7500000111759,4.3197,ID_Med_Ampoule_Uncommon
LIT_HighClassCiv,12.5,578.7500000111759,2.1598,ID_HipBag_Uncommon03
LIT_HighClassCiv,12.5,578.7500000111759,2.1598,ID_BackBag_Uncommon03
LIT_HighClassCiv,5.0,578.7500000111759,0.8639,ID_Rare_TornDamask
LIT_HighClassCiv,5.0,578.7500000111759,0.8639,ID_Rare_SilverCandlestickLarge
LIT_HighClassCiv,5.0,578.7500000111759,0.8639,ID_Rare_SilverCandlestick
LIT_HighClassCiv,5.0,578.7500000111759,0.8639,ID_Rare_SilverCandlestick
LIT_HighClassCiv,5.0,578.7500000111759,0.8639,ID_Rare_ShinyBuckle
LIT_HighClassCiv,5.0,578.7500000111759,0.8639,ID_Rare_RefinedTobacco
LIT_HighClassCiv,5.0,578.7500000111759,0.8639,ID_Rare_OrnateCushion
LIT_HighClassCiv,5.0,578.7500000111759,0.8639,ID_Rare_Opium
LIT_HighClassCiv,5.0,578.7500000111759,0.8639,ID_Rare_NacreButton
LIT_HighClassCiv,5.0,578.7500000111759,0.8639,ID_Rare_JewelleryBox_Bronze
LIT_HighClassCiv,5.0,578.7500000111759,0.8639,ID_Rare_GildedTassels
LIT_HighClassCiv,5.0,578.7500000111759,0.8639,ID_Rare_CottonBedSheets
LIT_HighClassCiv,5.0,578.7500000111759,0.8639,ID_Rare_CalfskinBoots
LIT_HighClassCiv,5.0,578.7500000111759,0.8639,ID_Med_Ampoule_Rare
LIT_HighClassCiv,4.0,578.7500000111759,0.6911,ID_Money_Silver
LIT_HighClassCiv,2.5,578.7500000111759,0.4320,ID_HipBag_Rare01
LIT_HighClassCiv,1.0,578.7500000111759,0.1728,ID_Med_Ampoule_Epic
LIT_HighClassCiv,1.0,578.7500000111759,0.1728,ID_Epic_WoolBlanket
LIT_HighClassCiv,1.0,578.7500000111759,0.1728,ID_Epic_Tortoiseshell
LIT_HighClassCiv,1.0,578.7500000111759,0.1728,ID_Epic_RomaniTreads
LIT_HighClassCiv,1.0,578.7500000111759,0.1728,ID_Epic_LadiesGirdle
LIT_HighClassCiv,1.0,578.7500000111759,0.1728,ID_Epic_FrayingTaffetaWaistcoat
LIT_HighClassCiv,1.0,578.7500000111759,0.1728,ID_Epic_DirtyBrocadeDress
LIT_HighClassCiv,1.0,578.7500000111759,0.1728,ID_Epic_ChinaGravyboat
LIT_HighClassCiv,1.0,578.7500000111759,0.1728,ID_Epic_ChinaBowl
LIT_HighClassCiv,1.0,578.7500000111759,0.1728,ID_Epic_CashmereShawl
LIT_HighClassCiv,0.5,578.7500000111759,0.0864,ID_HipBag_Epic03
LIT_HighClassCiv,0.5,578.7500000111759,0.0864,ID_BackBag_Epic02
LIT_HighClassCiv,0.5,578.7500000111759,0.0864,ID_BackBag_Epic01
LIT_HighClassCiv,0.1,578.7500000111759,0.0173,ID_Med_Ampoule_Legendary
LIT_HighClassCiv,0.1,578.7500000111759,0.0173,ID_Legendary_Vicuna
LIT_HighClassCiv,0.1,578.7500000111759,0.0173,ID_Legendary_SilkScarf
LIT_HighClassCiv,0.1,578.7500000111759,0.0173,ID_Legendary_PolluxCameo
LIT_HighClassCiv,0.1,578.7500000111759,0.0173,ID_Legendary_CastorCameo
LIT_HighClassCiv,0.05,578.7500000111759,0.0086,ID_Money_Gold
LIT_HighClassCiv,0.05,578.7500000111759,0.0086,ID_HipBag_Legendary02
LIT_HighClassCiv,0.05,578.7500000111759,0.0086,ID_HipBag_Legendary01
LIT_HighClassCiv,0.05,578.7500000111759,0.0086,ID_BackBag_Legendary02
LIT_HighClassCiv,0.05,578.7500000111759,0.0086,ID_BackBag_Legendary01
LIT_Hermit_Loose,35.0,100.0,35.0000,ID_Rec_C_Halberd_Rare01
LIT_Hermit_Loose,35.0,100.0,35.0000,ID_Money_Copper
LIT_Hermit_Loose,12.5,100.0,12.5000,ID_Money_Silver
LIT_Hermit_Loose,12.0,100.0,12.0000,ID_Rare_JewelleryBox_Bronze
LIT_Hermit_Loose,4.5,100.0,4.5000,ID_Epic_JewelleryBox_Silver
LIT_Hermit_Loose,0.5,100.0,0.5000,ID_Money_Gold
LIT_Hermit_Loose,0.5,100.0,0.5000,ID_Legendary_JewelleryBox_Gold
LIT_HeadArmourRecipe_Rare_Loose,70.0,100.0,70.0000,ID_Money_Copper
LIT_HeadArmourRecipe_Rare_Loose,20.0,100.0,20.0000,ID_Money_Silver
LIT_HeadArmourRecipe_Rare_Loose,10.0,100.0,10.0000,ID_Rec_Armour_Head_Rare01
LIT_GrenadiersBattlepack_Recipe_Rare_Loose,70.0,100.0,70.0000,ID_Money_Copper
LIT_GrenadiersBattlepack_Recipe_Rare_Loose,20.0,100.0,20.0000,ID_Money_Silver
LIT_GrenadiersBattlepack_Recipe_Rare_Loose,10.0,100.0,10.0000,ID_Rec_Bag_Back_Rare02
LIT_Grave,100.0,1035.5500000081956,9.6567,ID_Common_Sootblack
LIT_Grave,100.0,1035.5500000081956,9.6567,ID_Common_Nettlecloth
LIT_Grave,100.0,1035.5500000081956,9.6567,ID_Common_DampRag
LIT_Grave,100.0,1035.5500000081956,9.6567,ID_Common_CoarseSand
LIT_Grave,100.0,1035.5500000081956,9.6567,ID_Common_CarrionShank
LIT_Grave,100.0,1035.5500000081956,9.6567,ID_Common_BoneChar
LIT_Grave,100.0,1035.5500000081956,9.6567,ID_Common_BogIron
LIT_Grave,25.0,1035.5500000081956,2.4142,ID_Uncommon_SilverCandleHolder
LIT_Grave,25.0,1035.5500000081956,2.4142,ID_Uncommon_ReinforcedGarter
LIT_Grave,25.0,1035.5500000081956,2.4142,ID_Uncommon_RamsHorn
LIT_Grave,25.0,1035.5500000081956,2.4142,ID_Uncommon_PineRosin
LIT_Grave,25.0,1035.5500000081956,2.4142,ID_Uncommon_Pewterhead
LIT_Grave,25.0,1035.5500000081956,2.4142,ID_Uncommon_PewterBowl
LIT_Grave,25.0,1035.5500000081956,2.4142,ID_Uncommon_FineSand
LIT_Grave,25.0,1035.5500000081956,2.4142,ID_Uncommon_Feverfew
LIT_Grave,25.0,1035.5500000081956,2.4142,ID_Uncommon_Beeswax
LIT_Grave,25.0,1035.5500000081956,2.4142,ID_Key_Bronze
LIT_Grave,5.0,1035.5500000081956,0.4828,ID_Rare_TornDamask
LIT_Grave,5.0,1035.5500000081956,0.4828,ID_Rare_SilverDish
LIT_Grave,5.0,1035.5500000081956,0.4828,ID_Rare_SilverCandlestickLarge
LIT_Grave,5.0,1035.5500000081956,0.4828,ID_Rare_ShinyBuckle
LIT_Grave,5.0,1035.5500000081956,0.4828,ID_Rare_Shellac
LIT_Grave,5.0,1035.5500000081956,0.4828,ID_Rare_OrnateCushion
LIT_Grave,5.0,1035.5500000081956,0.4828,ID_Rare_JewelleryBox_Bronze
LIT_Grave,5.0,1035.5500000081956,0.4828,ID_Rare_GildedTassels
LIT_Grave,5.0,1035.5500000081956,0.4828,ID_Rare_DelicateChain
LIT_Grave,5.0,1035.5500000081956,0.4828,ID_Rare_Cochineal
LIT_Grave,5.0,1035.5500000081956,0.4828,ID_Rare_CalfskinBoots
LIT_Grave,5.0,1035.5500000081956,0.4828,ID_Money_Silver
LIT_Grave,5.0,1035.5500000081956,0.4828,ID_Money_Copper
LIT_Grave,5.0,1035.5500000081956,0.4828,ID_Key_Silver
LIT_Grave,1.0,1035.5500000081956,0.0966,ID_Key_Gold
LIT_Grave,1.0,1035.5500000081956,0.0966,ID_Herb_BarrowVein
LIT_Grave,1.0,1035.5500000081956,0.0966,ID_Epic_WoolBlanket
LIT_Grave,1.0,1035.5500000081956,0.0966,ID_Epic_UncutGems
LIT_Grave,1.0,1035.5500000081956,0.0966,ID_Epic_UncutDiamonds
LIT_Grave,1.0,1035.5500000081956,0.0966,ID_Epic_Tortoiseshell
LIT_Grave,1.0,1035.5500000081956,0.0966,ID_Epic_Serpentstone
LIT_Grave,1.0,1035.5500000081956,0.0966,ID_Epic_JewelleryBox_Silver
LIT_Grave,1.0,1035.5500000081956,0.0966,ID_Epic_IntactFemur
LIT_Grave,1.0,1035.5500000081956,0.0966,ID_Epic_FrayingTaffetaWaistcoat
LIT_Grave,1.0,1035.5500000081956,0.0966,ID_Epic_FancySilverPlaque
LIT_Grave,1.0,1035.5500000081956,0.0966,ID_Epic_DirtyBrocadeDress
LIT_Grave,1.0,1035.5500000081956,0.0966,ID_Epic_CashmereShawl
LIT_Grave,1.0,1035.5500000081956,0.0966,ID_Epic_Bloodstone
LIT_Grave,1.0,1035.5500000081956,0.0966,ID_Epic_AmberPearl
LIT_Grave,0.1,1035.5500000081956,0.0097,ID_Legendary_Topaz
LIT_Grave,0.1,1035.5500000081956,0.0097,ID_Legendary_SilkScarf
LIT_Grave,0.1,1035.5500000081956,0.0097,ID_Legendary_JewelleryBox_Gold
LIT_Grave,0.1,1035.5500000081956,0.0097,ID_Legendary_FlawlessDiamond
LIT_Grave,0.1,1035.5500000081956,0.0097,ID_Legendary_CastorCameo
LIT_Grave,0.05,1035.5500000081956,0.0048,ID_Money_Gold
LIT_Global_Map07,100.0,1000.0,10.0000,ID_Herb_Thyme
LIT_Global_Map07,100.0,1000.0,10.0000,ID_Herb_Tarragon
LIT_Global_Map07,100.0,1000.0,10.0000,ID_Herb_PallusWart
LIT_Global_Map07,100.0,1000.0,10.0000,ID_Herb_Marjoram
LIT_Global_Map07,100.0,1000.0,10.0000,ID_Herb_Chives
LIT_Global_Map07,100.0,1000.0,10.0000,ID_Herb_Chervil
LIT_Global_Map07,100.0,1000.0,10.0000,ID_Herb_Basil
LIT_Global_Map07,100.0,1000.0,10.0000,ID_Herb_BarrowVein
LIT_Global_Map07,100.0,1000.0,10.0000,ID_Herb_02_Rosemary
LIT_Global_Map07,100.0,1000.0,10.0000,ID_Herb_01_Lavender
LIT_GlobalItems_05_Legendary,100.0,3312.0,3.0193,ID_Spice_05_Peppercorn
LIT_GlobalItems_05_Legendary,100.0,3312.0,3.0193,ID_Med_Ampoule_Legendary
LIT_GlobalItems_05_Legendary,100.0,3312.0,3.0193,ID_Legendary_Vicuna
LIT_GlobalItems_05_Legendary,100.0,3312.0,3.0193,ID_Legendary_Topaz
LIT_GlobalItems_05_Legendary,100.0,3312.0,3.0193,ID_Legendary_SwordHiltOfMolay
LIT_GlobalItems_05_Legendary,100.0,3312.0,3.0193,ID_Legendary_SmoothBoreBarrel
LIT_GlobalItems_05_Legendary,100.0,3312.0,3.0193,ID_Legendary_SilkScarf
LIT_GlobalItems_05_Legendary,100.0,3312.0,3.0193,ID_Legendary_Silk
LIT_GlobalItems_05_Legendary,100.0,3312.0,3.0193,ID_Legendary_Shagreen
LIT_GlobalItems_05_Legendary,100.0,3312.0,3.0193,ID_Legendary_RoyalJelly
LIT_GlobalItems_05_Legendary,100.0,3312.0,3.0193,ID_Legendary_PolluxCameo
LIT_GlobalItems_05_Legendary,100.0,3312.0,3.0193,ID_Legendary_OreGold
LIT_GlobalItems_05_Legendary,100.0,3312.0,3.0193,ID_Legendary_JacobinCipher
LIT_GlobalItems_05_Legendary,100.0,3312.0,3.0193,ID_Legendary_Isinglass
LIT_GlobalItems_05_Legendary,100.0,3312.0,3.0193,ID_Legendary_ImperialEagle
LIT_GlobalItems_05_Legendary,100.0,3312.0,3.0193,ID_Legendary_GoldLeaf
LIT_GlobalItems_05_Legendary,100.0,3312.0,3.0193,ID_Legendary_FlawlessDiamond
LIT_GlobalItems_05_Legendary,100.0,3312.0,3.0193,ID_Legendary_DamascusSteel
LIT_GlobalItems_05_Legendary,100.0,3312.0,3.0193,ID_Legendary_CastorCameo
LIT_GlobalItems_05_Legendary,100.0,3312.0,3.0193,ID_Legendary_Bloodwood
LIT_GlobalItems_05_Legendary,100.0,3312.0,3.0193,ID_Legendary_BloodOfThePenitent
LIT_GlobalItems_05_Legendary,100.0,3312.0,3.0193,ID_Key_U_JacquesKey
LIT_GlobalItems_05_Legendary,100.0,3312.0,3.0193,ID_Key_U_FerrousKey
LIT_GlobalItems_05_Legendary,100.0,3312.0,3.0193,ID_Key_U_AbbottKey
LIT_GlobalItems_05_Legendary,100.0,3312.0,3.0193,ID_Herb_05_Poppy
LIT_GlobalItems_05_Legendary,100.0,3312.0,3.0193,ID_Food_Legendary01
LIT_GlobalItems_05_Legendary,100.0,3312.0,3.0193,ID_ArmorPatch_Legendary
LIT_GlobalItems_05_Legendary,50.0,3312.0,1.5097,ID_Spice_05_MalabarPepper
LIT_GlobalItems_05_Legendary,50.0,3312.0,1.5097,ID_Legendary_MarksmansSpine
LIT_GlobalItems_05_Legendary,50.0,3312.0,1.5097,ID_Legendary_LiquidMercury
LIT_GlobalItems_05_Legendary,50.0,3312.0,1.5097,ID_Legendary_JewelleryBox_Gold
LIT_GlobalItems_05_Legendary,50.0,3312.0,1.5097,ID_Legendary_GoldBar
LIT_GlobalItems_05_Legendary,50.0,3312.0,1.5097,ID_Legendary_BoltOfSilkCloth
LIT_GlobalItems_05_Legendary,50.0,3312.0,1.5097,ID_Herb_05_MilkofPoppy
LIT_GlobalItems_05_Legendary,50.0,3312.0,1.5097,ID_Armor_Leg_Legendary01
LIT_GlobalItems_05_Legendary,50.0,3312.0,1.5097,ID_Armor_Head_Legendary01
LIT_GlobalItems_05_Legendary,50.0,3312.0,1.5097,ID_Armor_Chest_Legendary01
LIT_GlobalItems_05_Legendary,25.0,3312.0,0.7548,ID_Tools_Legendary_Repair01
LIT_GlobalItems_05_Legendary,25.0,3312.0,0.7548,ID_Med_Legendary06
LIT_GlobalItems_05_Legendary,15.0,3312.0,0.4529,ID_HipBag_Legendary02
LIT_GlobalItems_05_Legendary,10.0,3312.0,0.3019,ID_BackBag_Legendary03
LIT_GlobalItems_05_Legendary,10.0,3312.0,0.3019,ID_BackBag_Legendary02
LIT_GlobalItems_05_Legendary,10.0,3312.0,0.3019,ID_BackBag_Legendary01
LIT_GlobalItems_05_Legendary,5.0,3312.0,0.1510,ID_WeaponBag_Legendary01
LIT_GlobalItems_05_Legendary,4.0,3312.0,0.1208,ID_Weap_Pistol_Legendary01
LIT_GlobalItems_05_Legendary,2.0,3312.0,0.0604,ID_Weap_Rifle_Legendary03
LIT_GlobalItems_05_Legendary,2.0,3312.0,0.0604,ID_Weap_Rifle_Legendary01
LIT_GlobalItems_05_Legendary,2.0,3312.0,0.0604,ID_Weap_2HMelee_Legendary02
LIT_GlobalItems_05_Legendary,1.0,3312.0,0.0302,ID_Rec_Weap_Halberd
LIT_GlobalItems_05_Legendary,1.0,3312.0,0.0302,ID_Lockbox_Legendary01
LIT_GlobalItems_04_Epic,100.0,5045.0,1.9822,ID_Spice_04_SaffronFlower
LIT_GlobalItems_04_Epic,100.0,5045.0,1.9822,ID_Med_Antidote_Heavy
LIT_GlobalItems_04_Epic,100.0,5045.0,1.9822,ID_Med_Ampoule_Epic
LIT_GlobalItems_04_Epic,100.0,5045.0,1.9822,ID_Key_U_Undercroft
LIT_GlobalItems_04_Epic,100.0,5045.0,1.9822,ID_Key_U_ThePit
LIT_GlobalItems_04_Epic,100.0,5045.0,1.9822,ID_Key_U_JacquesFolly
LIT_GlobalItems_04_Epic,100.0,5045.0,1.9822,ID_Herb_04_Fungi
LIT_GlobalItems_04_Epic,100.0,5045.0,1.9822,ID_Epic_WoolBlanket
LIT_GlobalItems_04_Epic,100.0,5045.0,1.9822,ID_Epic_Wool
LIT_GlobalItems_04_Epic,100.0,5045.0,1.9822,ID_Epic_WhitePearl
LIT_GlobalItems_04_Epic,100.0,5045.0,1.9822,ID_Epic_UncutGems
LIT_GlobalItems_04_Epic,100.0,5045.0,1.9822,ID_Epic_UncutDiamonds
LIT_GlobalItems_04_Epic,100.0,5045.0,1.9822,ID_Epic_Tortoiseshell
LIT_GlobalItems_04_Epic,100.0,5045.0,1.9822,ID_Epic_TailHair
LIT_GlobalItems_04_Epic,100.0,5045.0,1.9822,ID_Epic_Serpentstone
LIT_GlobalItems_04_Epic,100.0,5045.0,1.9822,ID_Epic_RosaryBeads
LIT_GlobalItems_04_Epic,100.0,5045.0,1.9822,ID_Epic_RomaniTreads
LIT_GlobalItems_04_Epic,100.0,5045.0,1.9822,ID_Epic_PureHoney
LIT_GlobalItems_04_Epic,100.0,5045.0,1.9822,ID_Epic_Poison
LIT_GlobalItems_04_Epic,100.0,5045.0,1.9822,ID_Epic_Pinchbeck
LIT_GlobalItems_04_Epic,100.0,5045.0,1.9822,ID_Epic_OreSilver
LIT_GlobalItems_04_Epic,100.0,5045.0,1.9822,ID_Epic_OpiumPipe
LIT_GlobalItems_04_Epic,100.0,5045.0,1.9822,ID_Epic_OiledSpring
LIT_GlobalItems_04_Epic,100.0,5045.0,1.9822,ID_Epic_OakGall
LIT_GlobalItems_04_Epic,100.0,5045.0,1.9822,ID_Epic_LadiesGirdle
LIT_GlobalItems_04_Epic,100.0,5045.0,1.9822,ID_Epic_JewelleryBox_Silver
LIT_GlobalItems_04_Epic,100.0,5045.0,1.9822,ID_Epic_IvoryTusk
LIT_GlobalItems_04_Epic,100.0,5045.0,1.9822,ID_Epic_IntactFemur
LIT_GlobalItems_04_Epic,100.0,5045.0,1.9822,ID_Epic_Hartwood
LIT_GlobalItems_04_Epic,100.0,5045.0,1.9822,ID_Epic_Gunblue
LIT_GlobalItems_04_Epic,100.0,5045.0,1.9822,ID_Epic_GlassVial
LIT_GlobalItems_04_Epic,100.0,5045.0,1.9822,ID_Epic_FrayingTaffetaWaistcoat
LIT_GlobalItems_04_Epic,100.0,5045.0,1.9822,ID_Epic_FineFile
LIT_GlobalItems_04_Epic,100.0,5045.0,1.9822,ID_Epic_FancySilverPlaque
LIT_GlobalItems_04_Epic,100.0,5045.0,1.9822,ID_Epic_Ebony
LIT_GlobalItems_04_Epic,100.0,5045.0,1.9822,ID_Epic_DirtyBrocadeDress
LIT_GlobalItems_04_Epic,100.0,5045.0,1.9822,ID_Epic_ConvexGlass
LIT_GlobalItems_04_Epic,100.0,5045.0,1.9822,ID_Epic_ChinaGravyboat
LIT_GlobalItems_04_Epic,100.0,5045.0,1.9822,ID_Epic_ChinaBowl
LIT_GlobalItems_04_Epic,100.0,5045.0,1.9822,ID_Epic_CashmereShawl
LIT_GlobalItems_04_Epic,100.0,5045.0,1.9822,ID_Epic_Bloodstone
LIT_GlobalItems_04_Epic,100.0,5045.0,1.9822,ID_Epic_Baleen
LIT_GlobalItems_04_Epic,100.0,5045.0,1.9822,ID_Epic_AmberPearl
LIT_GlobalItems_04_Epic,100.0,5045.0,1.9822,ID_ArmorPatch_Epic
LIT_GlobalItems_04_Epic,50.0,5045.0,0.9911,ID_Spice_04_SaffronThreads
LIT_GlobalItems_04_Epic,50.0,5045.0,0.9911,ID_Key_Gold
LIT_GlobalItems_04_Epic,50.0,5045.0,0.9911,ID_Herb_04_FungalUnguent
LIT_GlobalItems_04_Epic,50.0,5045.0,0.9911,ID_Epic_SilverBar
LIT_GlobalItems_04_Epic,50.0,5045.0,0.9911,ID_Epic_ChromaticLens
LIT_GlobalItems_04_Epic,50.0,5045.0,0.9911,ID_Epic_BoltOfFineWool
LIT_GlobalItems_04_Epic,50.0,5045.0,0.9911,ID_Common_LockspringSteel
LIT_GlobalItems_04_Epic,50.0,5045.0,0.9911,ID_Armor_Leg_Epic01
LIT_GlobalItems_04_Epic,50.0,5045.0,0.9911,ID_Armor_Head_Epic01
LIT_GlobalItems_04_Epic,50.0,5045.0,0.9911,ID_Armor_Chest_Epic01
LIT_GlobalItems_04_Epic,25.0,5045.0,0.4955,ID_Tools_Epic_Repair01
LIT_GlobalItems_04_Epic,25.0,5045.0,0.4955,ID_Med_Epic07
LIT_GlobalItems_04_Epic,15.0,5045.0,0.2973,ID_HipBag_Epic03
LIT_GlobalItems_04_Epic,15.0,5045.0,0.2973,ID_HipBag_Epic02
LIT_GlobalItems_04_Epic,15.0,5045.0,0.2973,ID_HipBag_Epic01
LIT_GlobalItems_04_Epic,10.0,5045.0,0.1982,ID_BackBag_Epic02
LIT_GlobalItems_04_Epic,10.0,5045.0,0.1982,ID_BackBag_Epic01
LIT_GlobalItems_04_Epic,5.0,5045.0,0.0991,ID_WeaponBag_Epic01
LIT_GlobalItems_04_Epic,4.0,5045.0,0.0793,ID_Weap_Pistol_Epic03
LIT_GlobalItems_04_Epic,4.0,5045.0,0.0793,ID_Weap_Pistol_Epic02
LIT_GlobalItems_04_Epic,4.0,5045.0,0.0793,ID_Weap_Pistol_Epic01
LIT_GlobalItems_04_Epic,4.0,5045.0,0.0793,ID_Weap_1HMelee_Epic01
LIT_GlobalItems_04_Epic,2.0,5045.0,0.0396,ID_Weap_Rifle_Epic02
LIT_GlobalItems_04_Epic,2.0,5045.0,0.0396,ID_Weap_Rifle_Epic01
LIT_GlobalItems_04_Epic,2.0,5045.0,0.0396,ID_Weap_2HMelee_Epic02
LIT_GlobalItems_04_Epic,1.0,5045.0,0.0198,ID_Rec_Weap_Spear
LIT_GlobalItems_04_Epic,1.0,5045.0,0.0198,ID_Money_Gold
LIT_GlobalItems_04_Epic,1.0,5045.0,0.0198,ID_Lockbox_Epic01
LIT_GlobalItems_03_Rare,100.0,5737.0,1.7431,ID_Spice_03_CinnamonBark
LIT_GlobalItems_03_Rare,100.0,5737.0,1.7431,ID_Rare_Windfall
LIT_GlobalItems_03_Rare,100.0,5737.0,1.7431,ID_Rare_WillowBark
LIT_GlobalItems_03_Rare,100.0,5737.0,1.7431,ID_Rare_WhaleOil
LIT_GlobalItems_03_Rare,100.0,5737.0,1.7431,ID_Rare_TornDamask
LIT_GlobalItems_03_Rare,100.0,5737.0,1.7431,ID_Rare_Steelband
LIT_GlobalItems_03_Rare,100.0,5737.0,1.7431,ID_Rare_Smokesilver
LIT_GlobalItems_03_Rare,100.0,5737.0,1.7431,ID_Rare_SinewString
LIT_GlobalItems_03_Rare,100.0,5737.0,1.7431,ID_Rare_SilverDish
LIT_GlobalItems_03_Rare,100.0,5737.0,1.7431,ID_Rare_SilverCandlestickLarge
LIT_GlobalItems_03_Rare,100.0,5737.0,1.7431,ID_Rare_SilverCandlestick
LIT_GlobalItems_03_Rare,100.0,5737.0,1.7431,ID_Rare_ShinyBuckle
LIT_GlobalItems_03_Rare,100.0,5737.0,1.7431,ID_Rare_Shellac
LIT_GlobalItems_03_Rare,100.0,5737.0,1.7431,ID_Rare_RefinedTobacco
LIT_GlobalItems_03_Rare,100.0,5737.0,1.7431,ID_Rare_PumiceStone
LIT_GlobalItems_03_Rare,100.0,5737.0,1.7431,ID_Rare_PolishedRod
LIT_GlobalItems_03_Rare,100.0,5737.0,1.7431,ID_Rare_PolishedHandle
LIT_GlobalItems_03_Rare,100.0,5737.0,1.7431,ID_Rare_Pickaxe
LIT_GlobalItems_03_Rare,100.0,5737.0,1.7431,ID_Rare_Pestle
LIT_GlobalItems_03_Rare,100.0,5737.0,1.7431,ID_Rare_OxliverOil
LIT_GlobalItems_03_Rare,100.0,5737.0,1.7431,ID_Rare_OrnateCushion
LIT_GlobalItems_03_Rare,100.0,5737.0,1.7431,ID_Rare_Opium
LIT_GlobalItems_03_Rare,100.0,5737.0,1.7431,ID_Rare_NacreButton
LIT_GlobalItems_03_Rare,100.0,5737.0,1.7431,ID_Rare_Mortar
LIT_GlobalItems_03_Rare,100.0,5737.0,1.7431,ID_Rare_MarchingDrum
LIT_GlobalItems_03_Rare,100.0,5737.0,1.7431,ID_Rare_LeatherTrimmings
LIT_GlobalItems_03_Rare,100.0,5737.0,1.7431,ID_Rare_LeatherTrimmings
LIT_GlobalItems_03_Rare,100.0,5737.0,1.7431,ID_Rare_IronOre
LIT_GlobalItems_03_Rare,100.0,5737.0,1.7431,ID_Rare_IronHoldfast
LIT_GlobalItems_03_Rare,100.0,5737.0,1.7431,ID_Rare_IronBar
LIT_GlobalItems_03_Rare,100.0,5737.0,1.7431,ID_Rare_Hornbeam
LIT_GlobalItems_03_Rare,100.0,5737.0,1.7431,ID_Rare_Hartshorn
LIT_GlobalItems_03_Rare,100.0,5737.0,1.7431,ID_Rare_GildedTassels
LIT_GlobalItems_03_Rare,100.0,5737.0,1.7431,ID_Rare_DelicateChain
LIT_GlobalItems_03_Rare,100.0,5737.0,1.7431,ID_Rare_CottonBedSheets
LIT_GlobalItems_03_Rare,100.0,5737.0,1.7431,ID_Rare_Cotton
LIT_GlobalItems_03_Rare,100.0,5737.0,1.7431,ID_Rare_ColdIron
LIT_GlobalItems_03_Rare,100.0,5737.0,1.7431,ID_Rare_Cochineal
LIT_GlobalItems_03_Rare,100.0,5737.0,1.7431,ID_Rare_CalfskinBoots
LIT_GlobalItems_03_Rare,100.0,5737.0,1.7431,ID_Rare_BurrWalnut
LIT_GlobalItems_03_Rare,100.0,5737.0,1.7431,ID_Rare_BlacksmithsTongs
LIT_GlobalItems_03_Rare,100.0,5737.0,1.7431,ID_Rare_Blacksand
LIT_GlobalItems_03_Rare,100.0,5737.0,1.7431,ID_Rare_BlackenedStriker
LIT_GlobalItems_03_Rare,100.0,5737.0,1.7431,ID_Med_Antidote_Medium
LIT_GlobalItems_03_Rare,100.0,5737.0,1.7431,ID_Med_Ampoule_Rare
LIT_GlobalItems_03_Rare,100.0,5737.0,1.7431,ID_Herb_Marjoram
LIT_GlobalItems_03_Rare,100.0,5737.0,1.7431,ID_Herb_Chives
LIT_GlobalItems_03_Rare,100.0,5737.0,1.7431,ID_Herb_03_PinkYarrow
LIT_GlobalItems_03_Rare,100.0,5737.0,1.7431,ID_ArmorPatch_Rare
LIT_GlobalItems_03_Rare,100.0,5737.0,1.7431,ID_Ammunition_04_Refined
LIT_GlobalItems_03_Rare,100.0,5737.0,1.7431,ID_Ammunition_03_Heavy
LIT_GlobalItems_03_Rare,75.0,5737.0,1.3073,ID_Key_Silver
LIT_GlobalItems_03_Rare,50.0,5737.0,0.8715,ID_Spice_03_FineCinnamon
LIT_GlobalItems_03_Rare,50.0,5737.0,0.8715,ID_Rare_PolishedFiringPin
LIT_GlobalItems_03_Rare,50.0,5737.0,0.8715,ID_Rare_JewelleryBox_Bronze
LIT_GlobalItems_03_Rare,50.0,5737.0,0.8715,ID_Rare_BoltOfCottonCloth
LIT_GlobalItems_03_Rare,50.0,5737.0,0.8715,ID_Rare_Ambergris
LIT_GlobalItems_03_Rare,50.0,5737.0,0.8715,ID_Herb_03_PinkYarrowDust
LIT_GlobalItems_03_Rare,50.0,5737.0,0.8715,ID_Armor_Leg_Rare01
LIT_GlobalItems_03_Rare,50.0,5737.0,0.8715,ID_Armor_Head_Rare01
LIT_GlobalItems_03_Rare,50.0,5737.0,0.8715,ID_Armor_Chest_Rare01
LIT_GlobalItems_03_Rare,25.0,5737.0,0.4358,ID_Tools_Rare_Repair01
LIT_GlobalItems_03_Rare,25.0,5737.0,0.4358,ID_Med_Rare04
LIT_GlobalItems_03_Rare,15.0,5737.0,0.2615,ID_HipBag_Rare01
LIT_GlobalItems_03_Rare,10.0,5737.0,0.1743,ID_BackBag_Rare02
LIT_GlobalItems_03_Rare,10.0,5737.0,0.1743,ID_BackBag_Rare01
LIT_GlobalItems_03_Rare,5.0,5737.0,0.0872,ID_WeaponBag_Rare01
LIT_GlobalItems_03_Rare,4.0,5737.0,0.0697,ID_Weap_Pistol_Rare02
LIT_GlobalItems_03_Rare,4.0,5737.0,0.0697,ID_Weap_Pistol_Rare01
LIT_GlobalItems_03_Rare,4.0,5737.0,0.0697,ID_Weap_1HMelee_Rare01
LIT_GlobalItems_03_Rare,2.0,5737.0,0.0349,ID_Weap_Rifle_Rare02
LIT_GlobalItems_03_Rare,2.0,5737.0,0.0349,ID_Weap_Rifle_Rare01
LIT_GlobalItems_03_Rare,2.0,5737.0,0.0349,ID_Weap_2HMelee_Rare01
LIT_GlobalItems_03_Rare,1.0,5737.0,0.0174,ID_Rec_Weap_Louisville
LIT_GlobalItems_03_Rare,1.0,5737.0,0.0174,ID_Rec_Weap_Longsword
LIT_GlobalItems_03_Rare,1.0,5737.0,0.0174,ID_Rec_Weap_Longboy
LIT_GlobalItems_03_Rare,1.0,5737.0,0.0174,ID_Money_Copper
LIT_GlobalItems_02_Uncommon,100.0,6374.0,1.5689,ID_Uncommon_WalnutHusk
LIT_GlobalItems_02_Uncommon,100.0,6374.0,1.5689,ID_Uncommon_ToyDoll
LIT_GlobalItems_02_Uncommon,100.0,6374.0,1.5689,ID_Uncommon_TentPeg
LIT_GlobalItems_02_Uncommon,100.0,6374.0,1.5689,ID_Uncommon_TarnishedSpoon
LIT_GlobalItems_02_Uncommon,100.0,6374.0,1.5689,ID_Uncommon_TannedHide
LIT_GlobalItems_02_Uncommon,100.0,6374.0,1.5689,ID_Uncommon_SturdyAxeHandle
LIT_GlobalItems_02_Uncommon,100.0,6374.0,1.5689,ID_Uncommon_SilverCandleHolder
LIT_GlobalItems_02_Uncommon,100.0,6374.0,1.5689,ID_Uncommon_SilverCandleHolder
LIT_GlobalItems_02_Uncommon,100.0,6374.0,1.5689,ID_Uncommon_Rottenstone
LIT_GlobalItems_02_Uncommon,100.0,6374.0,1.5689,ID_Uncommon_ReinforcedGarter
LIT_GlobalItems_02_Uncommon,100.0,6374.0,1.5689,ID_Uncommon_RedOchre
LIT_GlobalItems_02_Uncommon,100.0,6374.0,1.5689,ID_Uncommon_RamsHorn
LIT_GlobalItems_02_Uncommon,100.0,6374.0,1.5689,ID_Uncommon_PreciousBox
LIT_GlobalItems_02_Uncommon,100.0,6374.0,1.5689,ID_Uncommon_PowderTin
LIT_GlobalItems_02_Uncommon,100.0,6374.0,1.5689,ID_Uncommon_Pitch
LIT_GlobalItems_02_Uncommon,100.0,6374.0,1.5689,ID_Uncommon_PineRosin
LIT_GlobalItems_02_Uncommon,100.0,6374.0,1.5689,ID_Uncommon_Pewterhead
LIT_GlobalItems_02_Uncommon,100.0,6374.0,1.5689,ID_Uncommon_PewterBowl
LIT_GlobalItems_02_Uncommon,100.0,6374.0,1.5689,ID_Uncommon_MadderRoot
LIT_GlobalItems_02_Uncommon,100.0,6374.0,1.5689,ID_Uncommon_LyeCrumble
LIT_GlobalItems_02_Uncommon,100.0,6374.0,1.5689,ID_Uncommon_LodestoneSlag
LIT_GlobalItems_02_Uncommon,100.0,6374.0,1.5689,ID_Uncommon_LinseedOil
LIT_GlobalItems_02_Uncommon,100.0,6374.0,1.5689,ID_Uncommon_Linen
LIT_GlobalItems_02_Uncommon,100.0,6374.0,1.5689,ID_Uncommon_LimeSlag
LIT_GlobalItems_02_Uncommon,100.0,6374.0,1.5689,ID_Uncommon_LeatherBoots
LIT_GlobalItems_02_Uncommon,100.0,6374.0,1.5689,ID_Uncommon_Lambgut
LIT_GlobalItems_02_Uncommon,100.0,6374.0,1.5689,ID_Uncommon_IronFile
LIT_GlobalItems_02_Uncommon,100.0,6374.0,1.5689,ID_Uncommon_IntactLeatherGasket
LIT_GlobalItems_02_Uncommon,100.0,6374.0,1.5689,ID_Uncommon_IndigoFlakes
LIT_GlobalItems_02_Uncommon,100.0,6374.0,1.5689,ID_Uncommon_GristleWax
LIT_GlobalItems_02_Uncommon,100.0,6374.0,1.5689,ID_Uncommon_GrapeMust
LIT_GlobalItems_02_Uncommon,100.0,6374.0,1.5689,ID_Uncommon_FineSand
LIT_GlobalItems_02_Uncommon,100.0,6374.0,1.5689,ID_Uncommon_Feverfew
LIT_GlobalItems_02_Uncommon,100.0,6374.0,1.5689,ID_Uncommon_DistilledWater
LIT_GlobalItems_02_Uncommon,100.0,6374.0,1.5689,ID_Uncommon_DankTobacco
LIT_GlobalItems_02_Uncommon,100.0,6374.0,1.5689,ID_Uncommon_CopperOre
LIT_GlobalItems_02_Uncommon,100.0,6374.0,1.5689,ID_Uncommon_CoatToggle
LIT_GlobalItems_02_Uncommon,100.0,6374.0,1.5689,ID_Uncommon_Charcoal
LIT_GlobalItems_02_Uncommon,100.0,6374.0,1.5689,ID_Uncommon_BrinedFlesh
LIT_GlobalItems_02_Uncommon,100.0,6374.0,1.5689,ID_Uncommon_Bezoar
LIT_GlobalItems_02_Uncommon,100.0,6374.0,1.5689,ID_Uncommon_BeltStrap
LIT_GlobalItems_02_Uncommon,100.0,6374.0,1.5689,ID_Uncommon_Beeswax
LIT_GlobalItems_02_Uncommon,100.0,6374.0,1.5689,ID_Uncommon_Amber
LIT_GlobalItems_02_Uncommon,100.0,6374.0,1.5689,ID_Spice_02_CloveBud
LIT_GlobalItems_02_Uncommon,100.0,6374.0,1.5689,ID_Med_Ampoule_Uncommon
LIT_GlobalItems_02_Uncommon,100.0,6374.0,1.5689,ID_Mech_02_LeverArm
LIT_GlobalItems_02_Uncommon,100.0,6374.0,1.5689,ID_Lore_Uncommon_Note10
LIT_GlobalItems_02_Uncommon,100.0,6374.0,1.5689,ID_Lore_Uncommon_Note09
LIT_GlobalItems_02_Uncommon,100.0,6374.0,1.5689,ID_Lore_Uncommon_Note08
LIT_GlobalItems_02_Uncommon,100.0,6374.0,1.5689,ID_Lore_Uncommon_Note07
LIT_GlobalItems_02_Uncommon,100.0,6374.0,1.5689,ID_Lore_Uncommon_Note06
LIT_GlobalItems_02_Uncommon,100.0,6374.0,1.5689,ID_Key_Bronze
LIT_GlobalItems_02_Uncommon,100.0,6374.0,1.5689,ID_Herb_Tarragon
LIT_GlobalItems_02_Uncommon,100.0,6374.0,1.5689,ID_Herb_Basil
LIT_GlobalItems_02_Uncommon,100.0,6374.0,1.5689,ID_Herb_02_Rosemary
LIT_GlobalItems_02_Uncommon,100.0,6374.0,1.5689,ID_Common_FreshEgg
LIT_GlobalItems_02_Uncommon,100.0,6374.0,1.5689,ID_ArmorPatch_Uncommon
LIT_GlobalItems_02_Uncommon,100.0,6374.0,1.5689,ID_Ammunition_02_Medium
LIT_GlobalItems_02_Uncommon,50.0,6374.0,0.7844,ID_Uncommon_ForgedTriggerArm
LIT_GlobalItems_02_Uncommon,50.0,6374.0,0.7844,ID_Uncommon_Ferrite
LIT_GlobalItems_02_Uncommon,50.0,6374.0,0.7844,ID_Uncommon_CopperBar
LIT_GlobalItems_02_Uncommon,50.0,6374.0,0.7844,ID_Uncommon_BoltOfLinenCloth
LIT_GlobalItems_02_Uncommon,50.0,6374.0,0.7844,ID_Spice_02_OilOfClove
LIT_GlobalItems_02_Uncommon,50.0,6374.0,0.7844,ID_Herb_02_DriedRosemary
LIT_GlobalItems_02_Uncommon,50.0,6374.0,0.7844,ID_Armor_Leg_Uncommon01
LIT_GlobalItems_02_Uncommon,50.0,6374.0,0.7844,ID_Armor_Head_Uncommon01
LIT_GlobalItems_02_Uncommon,25.0,6374.0,0.3922,ID_Tools_Uncommon_Repair01
LIT_GlobalItems_02_Uncommon,25.0,6374.0,0.3922,ID_Med_Uncommon03
LIT_GlobalItems_02_Uncommon,25.0,6374.0,0.3922,ID_Armor_Chest_Uncommon01
LIT_GlobalItems_02_Uncommon,15.0,6374.0,0.2353,ID_HipBag_Uncommon03
LIT_GlobalItems_02_Uncommon,15.0,6374.0,0.2353,ID_HipBag_Uncommon02
LIT_GlobalItems_02_Uncommon,15.0,6374.0,0.2353,ID_HipBag_Uncommon01
LIT_GlobalItems_02_Uncommon,10.0,6374.0,0.1569,ID_BackBag_Uncommon03
LIT_GlobalItems_02_Uncommon,10.0,6374.0,0.1569,ID_BackBag_Uncommon02
LIT_GlobalItems_02_Uncommon,10.0,6374.0,0.1569,ID_BackBag_Uncommon01
LIT_GlobalItems_02_Uncommon,5.0,6374.0,0.0784,ID_Money_Copper
LIT_GlobalItems_02_Uncommon,4.0,6374.0,0.0628,ID_Weap_Pistol_Uncommon01
LIT_GlobalItems_02_Uncommon,4.0,6374.0,0.0628,ID_Weap_1HMelee_Uncommon02
LIT_GlobalItems_02_Uncommon,4.0,6374.0,0.0628,ID_Weap_1HMelee_Uncommon01
LIT_GlobalItems_02_Uncommon,2.0,6374.0,0.0314,ID_Weap_Rifle_Uncommon02
LIT_GlobalItems_02_Uncommon,2.0,6374.0,0.0314,ID_Weap_Rifle_Uncommon01
LIT_GlobalItems_02_Uncommon,2.0,6374.0,0.0314,ID_Weap_2HMelee_Uncommon01
LIT_GlobalItems_02_Uncommon,1.0,6374.0,0.0157,ID_Rec_Weap_Club
LIT_GlobalItems_01_Common,100.0,7266.0,1.3763,ID_Spice_01_GarlicBulb
LIT_GlobalItems_01_Common,100.0,7266.0,1.3763,ID_Med_Ampoule_Common
LIT_GlobalItems_01_Common,100.0,7266.0,1.3763,ID_Lore_Common_Note10
LIT_GlobalItems_01_Common,100.0,7266.0,1.3763,ID_Lore_Common_Note09
LIT_GlobalItems_01_Common,100.0,7266.0,1.3763,ID_Herb_Chervil
LIT_GlobalItems_01_Common,100.0,7266.0,1.3763,ID_Herb_01_Lavender
LIT_GlobalItems_01_Common,100.0,7266.0,1.3763,ID_Drink_Common02
LIT_GlobalItems_01_Common,100.0,7266.0,1.3763,ID_Common_WoodenFork
LIT_GlobalItems_01_Common,100.0,7266.0,1.3763,ID_Common_Woodchips
LIT_GlobalItems_01_Common,100.0,7266.0,1.3763,ID_Common_Whetstone
LIT_GlobalItems_01_Common,100.0,7266.0,1.3763,ID_Common_TwineBall
LIT_GlobalItems_01_Common,100.0,7266.0,1.3763,ID_Common_ThickBranch
LIT_GlobalItems_01_Common,100.0,7266.0,1.3763,ID_Common_TallowBalm
LIT_GlobalItems_01_Common,100.0,7266.0,1.3763,ID_Common_StalePiss
LIT_GlobalItems_01_Common,100.0,7266.0,1.3763,ID_Common_SpindlePulley
LIT_GlobalItems_01_Common,100.0,7266.0,1.3763,ID_Common_Sootblack
LIT_GlobalItems_01_Common,100.0,7266.0,1.3763,ID_Common_SeamstressNeedle
LIT_GlobalItems_01_Common,100.0,7266.0,1.3763,ID_Common_SeaSalt
LIT_GlobalItems_01_Common,100.0,7266.0,1.3763,ID_Common_Saltpetre
LIT_GlobalItems_01_Common,100.0,7266.0,1.3763,ID_Common_Rye
LIT_GlobalItems_01_Common,100.0,7266.0,1.3763,ID_Common_RustedKeyring
LIT_GlobalItems_01_Common,100.0,7266.0,1.3763,ID_Common_RottenEgg
LIT_GlobalItems_01_Common,100.0,7266.0,1.3763,ID_Common_PineOil
LIT_GlobalItems_01_Common,100.0,7266.0,1.3763,ID_Common_OrangeClay
LIT_GlobalItems_01_Common,100.0,7266.0,1.3763,ID_Common_OldRidingGlove
LIT_GlobalItems_01_Common,100.0,7266.0,1.3763,ID_Common_OldRidingGlove
LIT_GlobalItems_01_Common,100.0,7266.0,1.3763,ID_Common_OldHorseshoe
LIT_GlobalItems_01_Common,100.0,7266.0,1.3763,ID_Common_OldHorsehairBrush
LIT_GlobalItems_01_Common,100.0,7266.0,1.3763,ID_Common_OldGunpowder
LIT_GlobalItems_01_Common,100.0,7266.0,1.3763,ID_Common_Nettlecloth
LIT_GlobalItems_01_Common,100.0,7266.0,1.3763,ID_Common_MilkyGlass
LIT_GlobalItems_01_Common,100.0,7266.0,1.3763,ID_Common_MilkingPail
LIT_GlobalItems_01_Common,100.0,7266.0,1.3763,ID_Common_LemonPeel
LIT_GlobalItems_01_Common,100.0,7266.0,1.3763,ID_Common_LeadOre
LIT_GlobalItems_01_Common,100.0,7266.0,1.3763,ID_Common_LatchHook
LIT_GlobalItems_01_Common,100.0,7266.0,1.3763,ID_Common_Lard
LIT_GlobalItems_01_Common,100.0,7266.0,1.3763,ID_Common_JuteHat
LIT_GlobalItems_01_Common,100.0,7266.0,1.3763,ID_Common_IronPot
LIT_GlobalItems_01_Common,100.0,7266.0,1.3763,ID_Common_IronNails
LIT_GlobalItems_01_Common,100.0,7266.0,1.3763,ID_Common_IronJug
LIT_GlobalItems_01_Common,100.0,7266.0,1.3763,ID_Common_ImpeccableTwine
LIT_GlobalItems_01_Common,100.0,7266.0,1.3763,ID_Common_FreshGunpowder
LIT_GlobalItems_01_Common,100.0,7266.0,1.3763,ID_Common_Flour
LIT_GlobalItems_01_Common,100.0,7266.0,1.3763,ID_Common_FilthyBritches
LIT_GlobalItems_01_Common,100.0,7266.0,1.3763,ID_Common_DampRag
LIT_GlobalItems_01_Common,100.0,7266.0,1.3763,ID_Common_DamagedScrew
LIT_GlobalItems_01_Common,100.0,7266.0,1.3763,ID_Common_CrustyFeces
LIT_GlobalItems_01_Common,100.0,7266.0,1.3763,ID_Common_CrudePreservingJar
LIT_GlobalItems_01_Common,100.0,7266.0,1.3763,ID_Common_CorkStopper
LIT_GlobalItems_01_Common,100.0,7266.0,1.3763,ID_Common_CopperTwine
LIT_GlobalItems_01_Common,100.0,7266.0,1.3763,ID_Common_CoarseSand
LIT_GlobalItems_01_Common,100.0,7266.0,1.3763,ID_Common_CoalTar
LIT_GlobalItems_01_Common,100.0,7266.0,1.3763,ID_Common_ChippedFlint
LIT_GlobalItems_01_Common,100.0,7266.0,1.3763,ID_Common_Chalkstone
LIT_GlobalItems_01_Common,100.0,7266.0,1.3763,ID_Common_CarrionShank
LIT_GlobalItems_01_Common,100.0,7266.0,1.3763,ID_Common_CanvasPatch
LIT_GlobalItems_01_Common,100.0,7266.0,1.3763,ID_Common_CabinetHandle
LIT_GlobalItems_01_Common,100.0,7266.0,1.3763,ID_Common_Burlap
LIT_GlobalItems_01_Common,100.0,7266.0,1.3763,ID_Common_Brassplate
LIT_GlobalItems_01_Common,100.0,7266.0,1.3763,ID_Common_BoneChar
LIT_GlobalItems_01_Common,100.0,7266.0,1.3763,ID_Common_BoiledLeather
LIT_GlobalItems_01_Common,100.0,7266.0,1.3763,ID_Common_BogIron
LIT_GlobalItems_01_Common,100.0,7266.0,1.3763,ID_Common_BerryPaste
LIT_GlobalItems_01_Common,100.0,7266.0,1.3763,ID_Common_AshSolution
LIT_GlobalItems_01_Common,100.0,7266.0,1.3763,ID_Common_Apple
LIT_GlobalItems_01_Common,100.0,7266.0,1.3763,ID_ArmorPatch_Common
LIT_GlobalItems_01_Common,100.0,7266.0,1.3763,ID_Ammunition_01_Crude
LIT_GlobalItems_01_Common,50.0,7266.0,0.6881,ID_Tools_Common_Repair01
LIT_GlobalItems_01_Common,50.0,7266.0,0.6881,ID_Spice_01_SourGarlic
LIT_GlobalItems_01_Common,50.0,7266.0,0.6881,ID_Med_Common03
LIT_GlobalItems_01_Common,50.0,7266.0,0.6881,ID_Herb_01_LavenderOil
LIT_GlobalItems_01_Common,50.0,7266.0,0.6881,ID_Drink_Common02
LIT_GlobalItems_01_Common,50.0,7266.0,0.6881,ID_Common_SharpScrews
LIT_GlobalItems_01_Common,50.0,7266.0,0.6881,ID_Common_LeadBar
LIT_GlobalItems_01_Common,50.0,7266.0,0.6881,ID_Common_CopperFilament
LIT_GlobalItems_01_Common,50.0,7266.0,0.6881,ID_Common_BoltOfBurlapCloth
LIT_GlobalItems_01_Common,50.0,7266.0,0.6881,ID_Armor_Chest_Common01
LIT_GlobalItems_01_Common,15.0,7266.0,0.2064,ID_HipBag_Common02
LIT_GlobalItems_01_Common,15.0,7266.0,0.2064,ID_HipBag_Common01
LIT_GlobalItems_01_Common,10.0,7266.0,0.1376,ID_BackBag_Common02
LIT_GlobalItems_01_Common,10.0,7266.0,0.1376,ID_BackBag_Common01
LIT_GlobalItems_01_Common,4.0,7266.0,0.0551,ID_Weap_Pistol_Common02
LIT_GlobalItems_01_Common,4.0,7266.0,0.0551,ID_Weap_Pistol_Common01
LIT_GlobalItems_01_Common,4.0,7266.0,0.0551,ID_Weap_1HMelee_Common01
LIT_GlobalItems_01_Common,2.0,7266.0,0.0275,ID_Weap_Rifle_Common01
LIT_GlobalItems_01_Common,2.0,7266.0,0.0275,ID_Weap_2HMelee_Common01
LIT_Generic_01,100.0,568.0,17.6056,ID_Common_Woodchips
LIT_Generic_01,100.0,568.0,17.6056,ID_Common_Flour
LIT_Generic_01,100.0,568.0,17.6056,ID_Common_Apple
LIT_Generic_01,20.0,568.0,3.5211,ID_Herb_01_LavenderOil
LIT_Generic_01,20.0,568.0,3.5211,ID_Herb_01_Lavender
LIT_Generic_01,20.0,568.0,3.5211,ID_Food_Common05
LIT_Generic_01,20.0,568.0,3.5211,ID_Food_Common04
LIT_Generic_01,20.0,568.0,3.5211,ID_Food_Common03
LIT_Generic_01,20.0,568.0,3.5211,ID_Food_Common02
LIT_Generic_01,20.0,568.0,3.5211,ID_Food_Common01
LIT_Generic_01,20.0,568.0,3.5211,ID_Drink_Common04
LIT_Generic_01,20.0,568.0,3.5211,ID_Drink_Common03
LIT_Generic_01,20.0,568.0,3.5211,ID_Drink_Common02
LIT_Generic_01,20.0,568.0,3.5211,ID_Drink_Common01
LIT_Generic_01,10.0,568.0,1.7606,ID_Herb_02_Rosemary
LIT_Generic_01,10.0,568.0,1.7606,ID_Herb_02_DriedRosemary
LIT_Generic_01,8.0,568.0,1.4085,ID_Herb_03_PinkYarrowDust
LIT_Generic_01,6.0,568.0,1.0563,ID_Herb_04_Fungi
LIT_Generic_01,3.0,568.0,0.5282,ID_Money_Copper
LIT_Generic_01,3.0,568.0,0.5282,ID_Herb_04_FungalUnguent
LIT_Generic_01,2.0,568.0,0.3521,ID_Money_Silver
LIT_Generic_01,2.0,568.0,0.3521,ID_Herb_05_Poppy
LIT_Generic_01,1.0,568.0,0.1761,ID_Money_Gold
LIT_Generic_01,1.0,568.0,0.1761,ID_HipBag_Common01
LIT_Generic_01,1.0,568.0,0.1761,ID_Herb_05_MilkofPoppy
LIT_Generic_01,1.0,568.0,0.1761,ID_BackBag_Common01
LIT_FreshBaguetteRecipe_Uncommon_Loose,70.0,100.0,70.0000,ID_Money_Copper
LIT_FreshBaguetteRecipe_Uncommon_Loose,15.0,100.0,15.0000,ID_Rec_Bread_Uncommon01
LIT_FreshBaguetteRecipe_Uncommon_Loose,15.0,100.0,15.0000,ID_Money_Silver
LIT_Food_All,100.0,393.30000000447035,25.4259,ID_Food_Common05
LIT_Food_All,100.0,393.30000000447035,25.4259,ID_Food_Common04
LIT_Food_All,100.0,393.30000000447035,25.4259,ID_Food_Common01
LIT_Food_All,25.0,393.30000000447035,6.3565,ID_Food_Uncommon04
LIT_Food_All,25.0,393.30000000447035,6.3565,ID_Food_Uncommon03
LIT_Food_All,25.0,393.30000000447035,6.3565,ID_Food_Uncommon01
LIT_Food_All,5.0,393.30000000447035,1.2713,ID_Food_Rare05
LIT_Food_All,5.0,393.30000000447035,1.2713,ID_Food_Rare04
LIT_Food_All,5.0,393.30000000447035,1.2713,ID_Food_Rare01
LIT_Food_All,1.0,393.30000000447035,0.2543,ID_Food_Epic03
LIT_Food_All,1.0,393.30000000447035,0.2543,ID_Food_Epic02
LIT_Food_All,1.0,393.30000000447035,0.2543,ID_Food_Epic01
LIT_Food_All,0.1,393.30000000447035,0.0254,ID_Food_Legendary03
LIT_Food_All,0.1,393.30000000447035,0.0254,ID_Food_Legendary02
LIT_Food_All,0.1,393.30000000447035,0.0254,ID_Food_Legendary01
LIT_Food,100.0,993.1000000014901,10.0695,ID_Common_WetCabbage
LIT_Food,100.0,993.1000000014901,10.0695,ID_Common_SproutingTuber
LIT_Food,100.0,993.1000000014901,10.0695,ID_Common_SeaSalt
LIT_Food,100.0,993.1000000014901,10.0695,ID_Common_Lard
LIT_Food,100.0,993.1000000014901,10.0695,ID_Common_CorkStopper
LIT_Food,100.0,993.1000000014901,10.0695,ID_Common_CarrionShank
LIT_Food,100.0,993.1000000014901,10.0695,ID_Common_BoneChar
LIT_Food,100.0,993.1000000014901,10.0695,ID_Common_BoiledLeather
LIT_Food,25.0,993.1000000014901,2.5174,ID_Uncommon_Lambgut
LIT_Food,25.0,993.1000000014901,2.5174,ID_Uncommon_GristleWax
LIT_Food,25.0,993.1000000014901,2.5174,ID_Uncommon_DistilledWater
LIT_Food,25.0,993.1000000014901,2.5174,ID_Uncommon_CrispCarrot
LIT_Food,25.0,993.1000000014901,2.5174,ID_Uncommon_Charcoal
LIT_Food,25.0,993.1000000014901,2.5174,ID_Uncommon_BrinedFlesh
LIT_Food,25.0,993.1000000014901,2.5174,ID_Herb_Basil
LIT_Food,5.0,993.1000000014901,0.5035,ID_Rare_Windfall
LIT_Food,5.0,993.1000000014901,0.5035,ID_Rare_SunRipenedHaunch
LIT_Food,5.0,993.1000000014901,0.5035,ID_Rare_BrownOnion
LIT_Food,1.0,993.1000000014901,0.1007,ID_Legendary_RoyalJelly
LIT_Food,1.0,993.1000000014901,0.1007,ID_Epic_RoueDeCantal
LIT_Food,1.0,993.1000000014901,0.1007,ID_Epic_DriedGrapes
LIT_Food,0.1,993.1000000014901,0.0101,ID_Legendary_FoieGras
LIT_FlourBag,200.0,525.0,38.0952,ID_Common_Flour
LIT_FlourBag,100.0,525.0,19.0476,ID_Common_Woodchips
LIT_FlourBag,100.0,525.0,19.0476,ID_Common_Rye
LIT_FlourBag,100.0,525.0,19.0476,ID_Common_CoarseSand
LIT_FlourBag,25.0,525.0,4.7619,ID_Uncommon_FineSand
LIT_FarmerDregUnique,100.0,100.0,100.0000,ID_Rec_C_Spear_Epic02
LIT_FargothStump,100.0,100.0,100.0000,ID_Fargoth
LIT_Epic_Weap_Rifles,100.0,400.0,25.0000,ID_Weap_Rifle_Epic04
LIT_Epic_Weap_Rifles,100.0,400.0,25.0000,ID_Weap_Rifle_Epic03
LIT_Epic_Weap_Rifles,100.0,400.0,25.0000,ID_Weap_Rifle_Epic02
LIT_Epic_Weap_Rifles,100.0,400.0,25.0000,ID_Weap_Rifle_Epic01
LIT_Epic_Weap_Pistols,100.0,300.0,33.3333,ID_Weap_Pistol_Epic03
LIT_Epic_Weap_Pistols,100.0,300.0,33.3333,ID_Weap_Pistol_Epic02
LIT_Epic_Weap_Pistols,100.0,300.0,33.3333,ID_Weap_Pistol_Epic01
LIT_EmperorsTalon_Loose,75.0,100.0,75.0000,ID_Money_Copper
LIT_EmperorsTalon_Loose,19.0,100.0,19.0000,ID_Money_Silver
LIT_EmperorsTalon_Loose,5.0,100.0,5.0000,ID_Rec_C_Dagger_Epic02
LIT_EmperorsTalon_Loose,1.0,100.0,1.0000,ID_Money_Gold
LIT_EasternPromise_Loose,70.0,100.0,70.0000,ID_Money_Copper
LIT_EasternPromise_Loose,25.0,100.0,25.0000,ID_Money_Silver
LIT_EasternPromise_Loose,5.0,100.0,5.0000,ID_Rec_C_BrownBetty_Epic01
LIT_Dungeon_M03,5.0,42.0,11.9048,ID_WeaponBag_Legendary01
LIT_Dungeon_M03,5.0,42.0,11.9048,ID_Weap_Rifle_Legendary02
LIT_Dungeon_M03,5.0,42.0,11.9048,ID_Rec_C_WarAxe_Rare01
LIT_Dungeon_M03,5.0,42.0,11.9048,ID_Rec_C_Halberd_Rare01
LIT_Dungeon_M03,5.0,42.0,11.9048,ID_Legendary_Shagreen
LIT_Dungeon_M03,5.0,42.0,11.9048,ID_Legendary_Isinglass
LIT_Dungeon_M03,5.0,42.0,11.9048,ID_Legendary_DamascusSteel
LIT_Dungeon_M03,5.0,42.0,11.9048,ID_Armor_Head_Legendary01
LIT_Dungeon_M03,1.0,42.0,2.3810,ID_Rec_C_Longsword_Epic02
LIT_Dungeon_M03,1.0,42.0,2.3810,ID_Rec_C_Axe_Epic01
LIT_Dungeon_M02,10.0,67.0,14.9254,ID_Weap_1HMelee_Epic01
LIT_Dungeon_M02,10.0,67.0,14.9254,ID_Armor_Chest_Epic01
LIT_Dungeon_M02,5.0,67.0,7.4627,ID_Weap_2HMelee_Legendary02
LIT_Dungeon_M02,5.0,67.0,7.4627,ID_Legendary_SwordHiltOfMolay
LIT_Dungeon_M02,5.0,67.0,7.4627,ID_Legendary_PolluxCameo
LIT_Dungeon_M02,5.0,67.0,7.4627,ID_Legendary_ImperialEagle
LIT_Dungeon_M02,5.0,67.0,7.4627,ID_Legendary_BloodOfThePenitent
LIT_Dungeon_M02,5.0,67.0,7.4627,ID_BackBag_Legendary02
LIT_Dungeon_M02,5.0,67.0,7.4627,ID_BackBag_Legendary02
LIT_Dungeon_M02,5.0,67.0,7.4627,ID_Armor_Chest_Legendary01
LIT_Dungeon_M02,5.0,67.0,7.4627,ID_ArmorPatch_Legendary
LIT_Dungeon_M02,1.0,67.0,1.4925,ID_Rec_C_Halberd_Epic01
LIT_Dungeon_M02,1.0,67.0,1.4925,ID_Rec_C_Dagger_Epic04
LIT_Dungeon_M01,10.0,74.0,13.5135,ID_WeaponBag_Epic01
LIT_Dungeon_M01,10.0,74.0,13.5135,ID_Weap_Pistol_Epic02
LIT_Dungeon_M01,10.0,74.0,13.5135,ID_Weap_2HMelee_Epic02
LIT_Dungeon_M01,10.0,74.0,13.5135,ID_HipBag_Epic03
LIT_Dungeon_M01,10.0,74.0,13.5135,ID_Armor_Chest_Epic01
LIT_Dungeon_M01,5.0,74.0,6.7568,ID_Legendary_RoyalJelly
LIT_Dungeon_M01,5.0,74.0,6.7568,ID_Legendary_JacobinCipher
LIT_Dungeon_M01,5.0,74.0,6.7568,ID_Legendary_CastorCameo
LIT_Dungeon_M01,5.0,74.0,6.7568,ID_Legendary_Bloodwood
LIT_Dungeon_M01,1.0,74.0,1.3514,ID_Rec_C_WarAxe_Epic01_U
LIT_Dungeon_M01,1.0,74.0,1.3514,ID_Rec_C_Dagger_Epic03
LIT_Dungeon_M01,1.0,74.0,1.3514,ID_Rec_C_Club_Epic01
LIT_Dungeon_M01,1.0,74.0,1.3514,ID_Rec_Bag_Back_Epic01
LIT_Drinks_All,100.0,462.20000000298023,21.6357,ID_Drink_Common04
LIT_Drinks_All,100.0,462.20000000298023,21.6357,ID_Drink_Common03
LIT_Drinks_All,100.0,462.20000000298023,21.6357,ID_Drink_Common02
LIT_Drinks_All,100.0,462.20000000298023,21.6357,ID_Drink_Common01
LIT_Drinks_All,25.0,462.20000000298023,5.4089,ID_Drink_Uncommon02
LIT_Drinks_All,25.0,462.20000000298023,5.4089,ID_Drink_Uncommon01
LIT_Drinks_All,5.0,462.20000000298023,1.0818,ID_Drink_Rare02
LIT_Drinks_All,5.0,462.20000000298023,1.0818,ID_Drink_Rare01
LIT_Drinks_All,1.0,462.20000000298023,0.2164,ID_Drink_Epic02
LIT_Drinks_All,1.0,462.20000000298023,0.2164,ID_Drink_Epic01
LIT_Drinks_All,0.1,462.20000000298023,0.0216,ID_Drink_Legendary02
LIT_Drinks_All,0.1,462.20000000298023,0.0216,ID_Drink_Legendary01
LIT_Dreg_01,100.0,100.00999999977648,99.9900,ID_Trophy_Dreg
LIT_Dreg_01,0.01,100.00999999977648,0.0100,ID_Rec_C_BrownBetty_Uncommon06
LIT_Distillery_01,100.0,335.0,29.8507,ID_Uncommon_GrapeMust
LIT_Distillery_01,100.0,335.0,29.8507,ID_Common_StalePiss
LIT_Distillery_01,100.0,335.0,29.8507,ID_Common_CorkStopper
LIT_Distillery_01,25.0,335.0,7.4627,ID_Uncommon_DistilledWater
LIT_Distillery_01,5.0,335.0,1.4925,ID_Epic_Poison
LIT_Distillery_01,5.0,335.0,1.4925,ID_Epic_GlassVial
LIT_Crafting_Gunsmith_PowderLocker,100.0,733.0,13.6426,ID_Common_Sootblack
LIT_Crafting_Gunsmith_PowderLocker,100.0,733.0,13.6426,ID_Common_PineOil
LIT_Crafting_Gunsmith_PowderLocker,100.0,733.0,13.6426,ID_Common_IronNails
LIT_Crafting_Gunsmith_PowderLocker,100.0,733.0,13.6426,ID_Common_ChippedFlint
LIT_Crafting_Gunsmith_PowderLocker,100.0,733.0,13.6426,ID_Common_Brassplate
LIT_Crafting_Gunsmith_PowderLocker,25.0,733.0,3.4106,ID_Uncommon_SturdyAxeHandle
LIT_Crafting_Gunsmith_PowderLocker,25.0,733.0,3.4106,ID_Uncommon_Rottenstone
LIT_Crafting_Gunsmith_PowderLocker,25.0,733.0,3.4106,ID_Uncommon_RamsHorn
LIT_Crafting_Gunsmith_PowderLocker,25.0,733.0,3.4106,ID_Uncommon_Pitch
LIT_Crafting_Gunsmith_PowderLocker,25.0,733.0,3.4106,ID_Uncommon_PineRosin
LIT_Crafting_Gunsmith_PowderLocker,25.0,733.0,3.4106,ID_Uncommon_LinseedOil
LIT_Crafting_Gunsmith_PowderLocker,25.0,733.0,3.4106,ID_Uncommon_IntactLeatherGasket
LIT_Crafting_Gunsmith_PowderLocker,25.0,733.0,3.4106,ID_Uncommon_FineSand
LIT_Crafting_Gunsmith_PowderLocker,5.0,733.0,0.6821,ID_Rare_Steelband
LIT_Crafting_Gunsmith_PowderLocker,5.0,733.0,0.6821,ID_Rare_Smokesilver
LIT_Crafting_Gunsmith_PowderLocker,5.0,733.0,0.6821,ID_Rare_LeatherTrimmings
LIT_Crafting_Gunsmith_PowderLocker,5.0,733.0,0.6821,ID_Rare_Hornbeam
LIT_Crafting_Gunsmith_PowderLocker,5.0,733.0,0.6821,ID_Rare_ColdIron
LIT_Crafting_Gunsmith_PowderLocker,5.0,733.0,0.6821,ID_Rare_BlacksmithsTongs
LIT_Crafting_Gunsmith_PowderLocker,1.0,733.0,0.1364,ID_Epic_Hartwood
LIT_Crafting_Gunsmith_PowderLocker,1.0,733.0,0.1364,ID_Epic_Gunblue
LIT_Crafting_Gunsmith_PowderLocker,1.0,733.0,0.1364,ID_Epic_FineFile
LIT_Crafting_Gunsmith,100.0,282.40000000596046,35.4108,ID_Rec_Weap_Longboy
LIT_Crafting_Gunsmith,100.0,282.40000000596046,35.4108,ID_Rec_Weap_BrownBetty
LIT_Crafting_Gunsmith,25.0,282.40000000596046,8.8527,ID_Rec_Weap_Volant
LIT_Crafting_Gunsmith,25.0,282.40000000596046,8.8527,ID_Rec_Weap_Louisville
LIT_Crafting_Gunsmith,5.0,282.40000000596046,1.7705,ID_Rec_Weap_Vepr
LIT_Crafting_Gunsmith,5.0,282.40000000596046,1.7705,ID_Rec_Weap_Kompas
LIT_Crafting_Gunsmith,5.0,282.40000000596046,1.7705,ID_Rec_Weap_Cavalier
LIT_Crafting_Gunsmith,5.0,282.40000000596046,1.7705,ID_Rec_Ammo_Refined
LIT_Crafting_Gunsmith,5.0,282.40000000596046,1.7705,ID_Rec_Ammo_Heavy
LIT_Crafting_Gunsmith,1.0,282.40000000596046,0.3541,ID_Rec_Weap_Voir
LIT_Crafting_Gunsmith,1.0,282.40000000596046,0.3541,ID_Rec_Weap_Swan
LIT_Crafting_Gunsmith,1.0,282.40000000596046,0.3541,ID_Rec_Weap_Morgan
LIT_Crafting_Gunsmith,1.0,282.40000000596046,0.3541,ID_Rec_Weap_Lionne
LIT_Crafting_Gunsmith,1.0,282.40000000596046,0.3541,ID_Rec_Weap_Lasher
LIT_Crafting_Gunsmith,1.0,282.40000000596046,0.3541,ID_Rec_Weap_Borodino
LIT_Crafting_Gunsmith,1.0,282.40000000596046,0.3541,ID_Rec_Ammo_Exotic
LIT_Crafting_Gunsmith,0.1,282.40000000596046,0.0354,ID_Rec_Weap_Volcan
LIT_Crafting_Gunsmith,0.1,282.40000000596046,0.0354,ID_Rec_Weap_Jager
LIT_Crafting_Gunsmith,0.1,282.40000000596046,0.0354,ID_Rec_Weap_Drak
LIT_Crafting_Gunsmith,0.1,282.40000000596046,0.0354,ID_Rec_Weap_Belier
LIT_Crafting_Cook_SlopBin,100.0,761.1000000014901,13.1389,ID_Common_WetCabbage
LIT_Crafting_Cook_SlopBin,100.0,761.1000000014901,13.1389,ID_Common_SproutingTuber
LIT_Crafting_Cook_SlopBin,100.0,761.1000000014901,13.1389,ID_Common_SeaSalt
LIT_Crafting_Cook_SlopBin,100.0,761.1000000014901,13.1389,ID_Common_Lard
LIT_Crafting_Cook_SlopBin,100.0,761.1000000014901,13.1389,ID_Common_CrudePreservingJar
LIT_Crafting_Cook_SlopBin,100.0,761.1000000014901,13.1389,ID_Common_CorkStopper
LIT_Crafting_Cook_SlopBin,100.0,761.1000000014901,13.1389,ID_Common_CarrionShank
LIT_Crafting_Cook_SlopBin,25.0,761.1000000014901,3.2847,ID_Uncommon_CrispCarrot
LIT_Crafting_Cook_SlopBin,25.0,761.1000000014901,3.2847,ID_Uncommon_BrinedFlesh
LIT_Crafting_Cook_SlopBin,5.0,761.1000000014901,0.6569,ID_Rare_SunRipenedHaunch
LIT_Crafting_Cook_SlopBin,5.0,761.1000000014901,0.6569,ID_Rare_BrownOnion
LIT_Crafting_Cook_SlopBin,1.0,761.1000000014901,0.1314,ID_Epic_DriedGrapes
LIT_Crafting_Cook_SlopBin,0.1,761.1000000014901,0.0131,ID_Legendary_FoieGras
LIT_Crafting_Cook,100.0,655.5000000074506,15.2555,ID_Rec_Water_Common01
LIT_Crafting_Cook,100.0,655.5000000074506,15.2555,ID_Rec_Soup_Common01
LIT_Crafting_Cook,100.0,655.5000000074506,15.2555,ID_Rec_Rum_Common01
LIT_Crafting_Cook,100.0,655.5000000074506,15.2555,ID_Rec_Bread_Common01
LIT_Crafting_Cook,100.0,655.5000000074506,15.2555,ID_Rec_Apple_Common01
LIT_Crafting_Cook,25.0,655.5000000074506,3.8139,ID_Rec_Water_Uncommon01
LIT_Crafting_Cook,25.0,655.5000000074506,3.8139,ID_Rec_Soup_Uncommon01
LIT_Crafting_Cook,25.0,655.5000000074506,3.8139,ID_Rec_Rum_Uncommon01
LIT_Crafting_Cook,25.0,655.5000000074506,3.8139,ID_Rec_Bread_Uncommon01
LIT_Crafting_Cook,25.0,655.5000000074506,3.8139,ID_Rec_Apple_Uncommon01
LIT_Crafting_Cook,5.0,655.5000000074506,0.7628,ID_Rec_Water_Rare01
LIT_Crafting_Cook,5.0,655.5000000074506,0.7628,ID_Rec_Soup_Rare01
LIT_Crafting_Cook,5.0,655.5000000074506,0.7628,ID_Rec_Rum_Rare01
LIT_Crafting_Cook,5.0,655.5000000074506,0.7628,ID_Rec_Bread_Rare01
LIT_Crafting_Cook,5.0,655.5000000074506,0.7628,ID_Rec_Apple_Rare01
LIT_Crafting_Cook,1.0,655.5000000074506,0.1526,ID_Rec_Water_Epic01
LIT_Crafting_Cook,1.0,655.5000000074506,0.1526,ID_Rec_Soup_Epic01
LIT_Crafting_Cook,1.0,655.5000000074506,0.1526,ID_Rec_Rum_Epic01
LIT_Crafting_Cook,1.0,655.5000000074506,0.1526,ID_Rec_Bread_Epic01
LIT_Crafting_Cook,1.0,655.5000000074506,0.1526,ID_Rec_Apple_Epic01
LIT_Crafting_Cook,0.1,655.5000000074506,0.0153,ID_Rec_Water_Legendary01
LIT_Crafting_Cook,0.1,655.5000000074506,0.0153,ID_Rec_Soup_Legendary01
LIT_Crafting_Cook,0.1,655.5000000074506,0.0153,ID_Rec_Rum_Legendary01
LIT_Crafting_Cook,0.1,655.5000000074506,0.0153,ID_Rec_Bread_Legendary01
LIT_Crafting_Cook,0.1,655.5000000074506,0.0153,ID_Rec_Apple_Legendary01
LIT_Crafting_Artificer_TinkerCase,100.0,528.1000000014901,18.9358,ID_Common_SpindlePulley
LIT_Crafting_Artificer_TinkerCase,100.0,528.1000000014901,18.9358,ID_Common_LatchHook
LIT_Crafting_Artificer_TinkerCase,100.0,528.1000000014901,18.9358,ID_Common_CanvasPatch
LIT_Crafting_Artificer_TinkerCase,100.0,528.1000000014901,18.9358,ID_Common_CabinetHandle
LIT_Crafting_Artificer_TinkerCase,25.0,528.1000000014901,4.7340,ID_Uncommon_TentPeg
LIT_Crafting_Artificer_TinkerCase,25.0,528.1000000014901,4.7340,ID_Uncommon_Pitch
LIT_Crafting_Artificer_TinkerCase,25.0,528.1000000014901,4.7340,ID_Uncommon_IronFile
LIT_Crafting_Artificer_TinkerCase,25.0,528.1000000014901,4.7340,ID_Uncommon_IntactLeatherGasket
LIT_Crafting_Artificer_TinkerCase,5.0,528.1000000014901,0.9468,ID_Rare_TornDamask
LIT_Crafting_Artificer_TinkerCase,5.0,528.1000000014901,0.9468,ID_Rare_SilverDish
LIT_Crafting_Artificer_TinkerCase,5.0,528.1000000014901,0.9468,ID_Rare_ShinyBuckle
LIT_Crafting_Artificer_TinkerCase,5.0,528.1000000014901,0.9468,ID_Rare_IronHoldfast
LIT_Crafting_Artificer_TinkerCase,5.0,528.1000000014901,0.9468,ID_Rare_GildedTassels
LIT_Crafting_Artificer_TinkerCase,1.0,528.1000000014901,0.1894,ID_Epic_Pinchbeck
LIT_Crafting_Artificer_TinkerCase,1.0,528.1000000014901,0.1894,ID_Epic_FineFile
LIT_Crafting_Artificer_TinkerCase,1.0,528.1000000014901,0.1894,ID_Epic_FancySilverPlaque
LIT_Crafting_Artificer_TinkerCase,0.1,528.1000000014901,0.0189,ID_Legendary_Shagreen
LIT_Crafting_Artificer,100.0,262.20000000298023,38.1388,ID_Rec_RepairTong_Common01
LIT_Crafting_Artificer,100.0,262.20000000298023,38.1388,ID_Rec_ArmourPlate_Common01
LIT_Crafting_Artificer,25.0,262.20000000298023,9.5347,ID_Rec_RepairTong_Uncommon01
LIT_Crafting_Artificer,25.0,262.20000000298023,9.5347,ID_Rec_ArmourPlate_Uncommon01
LIT_Crafting_Artificer,5.0,262.20000000298023,1.9069,ID_Rec_RepairTong_Rare01
LIT_Crafting_Artificer,5.0,262.20000000298023,1.9069,ID_Rec_ArmourPlate_Rare01
LIT_Crafting_Artificer,1.0,262.20000000298023,0.3814,ID_Rec_RepairTong_Epic01
LIT_Crafting_Artificer,1.0,262.20000000298023,0.3814,ID_Rec_ArmourPlate_Epic01
LIT_Crafting_Artificer,0.1,262.20000000298023,0.0381,ID_Rec_RepairTong_Legendary01
LIT_Crafting_Artificer,0.1,262.20000000298023,0.0381,ID_Rec_ArmourPlate_Legendary01
LIT_Cosmetics_Weapon_Melee,25.0,74.20000000298023,33.6927,ID_Rec_C_Dagger_Uncommon02
LIT_Cosmetics_Weapon_Melee,25.0,74.20000000298023,33.6927,ID_Rec_C_Dagger_Uncommon01
LIT_Cosmetics_Weapon_Melee,5.0,74.20000000298023,6.7385,ID_Rec_C_WarAxe_Rare01
LIT_Cosmetics_Weapon_Melee,5.0,74.20000000298023,6.7385,ID_Rec_C_Halberd_Rare01
LIT_Cosmetics_Weapon_Melee,5.0,74.20000000298023,6.7385,ID_Rec_C_Club_Rare01
LIT_Cosmetics_Weapon_Melee,5.0,74.20000000298023,6.7385,ID_Rec_C_Axe_Rare01
LIT_Cosmetics_Weapon_Melee,1.0,74.20000000298023,1.3477,ID_Rec_C_Dagger_Epic04
LIT_Cosmetics_Weapon_Melee,1.0,74.20000000298023,1.3477,ID_Rec_C_Dagger_Epic03
LIT_Cosmetics_Weapon_Melee,1.0,74.20000000298023,1.3477,ID_Rec_C_Dagger_Epic02
LIT_Cosmetics_Weapon_Melee,1.0,74.20000000298023,1.3477,ID_Rec_C_Club_Epic01
LIT_Cosmetics_Weapon_Melee,0.1,74.20000000298023,0.1348,ID_Rec_C_Dagger_Legendary02
LIT_Cosmetics_Weapon_Melee,0.1,74.20000000298023,0.1348,ID_Rec_C_Dagger_Legendary01
LIT_Cosmetics_Weapon_All,25.0,526.2000000029802,4.7510,ID_Rec_C_Louisville_Uncommon09
LIT_Cosmetics_Weapon_All,25.0,526.2000000029802,4.7510,ID_Rec_C_Louisville_Uncommon08
LIT_Cosmetics_Weapon_All,25.0,526.2000000029802,4.7510,ID_Rec_C_Louisville_Uncommon07
LIT_Cosmetics_Weapon_All,25.0,526.2000000029802,4.7510,ID_Rec_C_Louisville_Uncommon06
LIT_Cosmetics_Weapon_All,25.0,526.2000000029802,4.7510,ID_Rec_C_Louisville_Uncommon05
LIT_Cosmetics_Weapon_All,25.0,526.2000000029802,4.7510,ID_Rec_C_Louisville_Uncommon04
LIT_Cosmetics_Weapon_All,25.0,526.2000000029802,4.7510,ID_Rec_C_Louisville_Uncommon03
LIT_Cosmetics_Weapon_All,25.0,526.2000000029802,4.7510,ID_Rec_C_Louisville_Uncommon02
LIT_Cosmetics_Weapon_All,25.0,526.2000000029802,4.7510,ID_Rec_C_Louisville_Uncommon01
LIT_Cosmetics_Weapon_All,25.0,526.2000000029802,4.7510,ID_Rec_C_Dagger_Uncommon02
LIT_Cosmetics_Weapon_All,25.0,526.2000000029802,4.7510,ID_Rec_C_Dagger_Uncommon01
LIT_Cosmetics_Weapon_All,25.0,526.2000000029802,4.7510,ID_Rec_C_BrownBetty_Uncommon09
LIT_Cosmetics_Weapon_All,25.0,526.2000000029802,4.7510,ID_Rec_C_BrownBetty_Uncommon08
LIT_Cosmetics_Weapon_All,25.0,526.2000000029802,4.7510,ID_Rec_C_BrownBetty_Uncommon07
LIT_Cosmetics_Weapon_All,25.0,526.2000000029802,4.7510,ID_Rec_C_BrownBetty_Uncommon06
LIT_Cosmetics_Weapon_All,25.0,526.2000000029802,4.7510,ID_Rec_C_BrownBetty_Uncommon05
LIT_Cosmetics_Weapon_All,25.0,526.2000000029802,4.7510,ID_Rec_C_BrownBetty_Uncommon04
LIT_Cosmetics_Weapon_All,25.0,526.2000000029802,4.7510,ID_Rec_C_BrownBetty_Uncommon03
LIT_Cosmetics_Weapon_All,25.0,526.2000000029802,4.7510,ID_Rec_C_BrownBetty_Uncommon02
LIT_Cosmetics_Weapon_All,25.0,526.2000000029802,4.7510,ID_Rec_C_BrownBetty_Uncommon01
LIT_Cosmetics_Weapon_All,5.0,526.2000000029802,0.9502,ID_Rec_C_WarAxe_Rare01
LIT_Cosmetics_Weapon_All,5.0,526.2000000029802,0.9502,ID_Rec_C_Halberd_Rare01
LIT_Cosmetics_Weapon_All,5.0,526.2000000029802,0.9502,ID_Rec_C_Club_Rare01
LIT_Cosmetics_Weapon_All,5.0,526.2000000029802,0.9502,ID_Rec_C_Axe_Rare01
LIT_Cosmetics_Weapon_All,1.0,526.2000000029802,0.1900,ID_Rec_C_Snub_Epic01
LIT_Cosmetics_Weapon_All,1.0,526.2000000029802,0.1900,ID_Rec_C_Dagger_Epic04
LIT_Cosmetics_Weapon_All,1.0,526.2000000029802,0.1900,ID_Rec_C_Dagger_Epic03
LIT_Cosmetics_Weapon_All,1.0,526.2000000029802,0.1900,ID_Rec_C_Dagger_Epic02
LIT_Cosmetics_Weapon_All,1.0,526.2000000029802,0.1900,ID_Rec_C_Club_Epic01
LIT_Cosmetics_Weapon_All,1.0,526.2000000029802,0.1900,ID_Rec_C_BrownBetty_Epic01
LIT_Cosmetics_Weapon_All,0.1,526.2000000029802,0.0190,ID_Rec_C_Dagger_Legendary02
LIT_Cosmetics_Weapon_All,0.1,526.2000000029802,0.0190,ID_Rec_C_Dagger_Legendary01
LIT_Cosmetics_Bags_All,25.0,275.0,9.0909,ID_Rec_C_HipBag03_Uncommon01
LIT_Cosmetics_Bags_All,25.0,275.0,9.0909,ID_Rec_C_BackBag01_Uncommon11
LIT_Cosmetics_Bags_All,25.0,275.0,9.0909,ID_Rec_C_BackBag01_Uncommon10
LIT_Cosmetics_Bags_All,25.0,275.0,9.0909,ID_Rec_C_BackBag01_Uncommon09
LIT_Cosmetics_Bags_All,25.0,275.0,9.0909,ID_Rec_C_BackBag01_Uncommon08
LIT_Cosmetics_Bags_All,25.0,275.0,9.0909,ID_Rec_C_BackBag01_Uncommon07
LIT_Cosmetics_Bags_All,25.0,275.0,9.0909,ID_Rec_C_BackBag01_Uncommon06
LIT_Cosmetics_Bags_All,25.0,275.0,9.0909,ID_Rec_C_BackBag01_Uncommon05
LIT_Cosmetics_Bags_All,25.0,275.0,9.0909,ID_Rec_C_BackBag01_Uncommon04
LIT_Cosmetics_Bags_All,25.0,275.0,9.0909,ID_Rec_C_BackBag01_Uncommon03
LIT_Cosmetics_Bags_All,25.0,275.0,9.0909,ID_Rec_C_BackBag01_Uncommon02
LIT_Cosmetics_All,25.0,551.2000000029802,4.5356,ID_Rec_C_Dagger_Uncommon02
LIT_Cosmetics_All,25.0,551.2000000029802,4.5356,ID_Rec_C_Dagger_Uncommon01
LIT_Cosmetics_All,25.0,551.2000000029802,4.5356,ID_Rec_C_BrownBetty_Uncommon09
LIT_Cosmetics_All,25.0,551.2000000029802,4.5356,ID_Rec_C_BrownBetty_Uncommon08
LIT_Cosmetics_All,25.0,551.2000000029802,4.5356,ID_Rec_C_BrownBetty_Uncommon07
LIT_Cosmetics_All,25.0,551.2000000029802,4.5356,ID_Rec_C_BrownBetty_Uncommon06
LIT_Cosmetics_All,25.0,551.2000000029802,4.5356,ID_Rec_C_BrownBetty_Uncommon05
LIT_Cosmetics_All,25.0,551.2000000029802,4.5356,ID_Rec_C_BrownBetty_Uncommon04
LIT_Cosmetics_All,25.0,551.2000000029802,4.5356,ID_Rec_C_BrownBetty_Uncommon03
LIT_Cosmetics_All,25.0,551.2000000029802,4.5356,ID_Rec_C_BrownBetty_Uncommon02
LIT_Cosmetics_All,25.0,551.2000000029802,4.5356,ID_Rec_C_BrownBetty_Uncommon01
LIT_Cosmetics_All,25.0,551.2000000029802,4.5356,ID_Rec_C_BackBag01_Uncommon11
LIT_Cosmetics_All,25.0,551.2000000029802,4.5356,ID_Rec_C_BackBag01_Uncommon10
LIT_Cosmetics_All,25.0,551.2000000029802,4.5356,ID_Rec_C_BackBag01_Uncommon09
LIT_Cosmetics_All,25.0,551.2000000029802,4.5356,ID_Rec_C_BackBag01_Uncommon08
LIT_Cosmetics_All,25.0,551.2000000029802,4.5356,ID_Rec_C_BackBag01_Uncommon07
LIT_Cosmetics_All,25.0,551.2000000029802,4.5356,ID_Rec_C_BackBag01_Uncommon06
LIT_Cosmetics_All,25.0,551.2000000029802,4.5356,ID_Rec_C_BackBag01_Uncommon05
LIT_Cosmetics_All,25.0,551.2000000029802,4.5356,ID_Rec_C_BackBag01_Uncommon04
LIT_Cosmetics_All,25.0,551.2000000029802,4.5356,ID_Rec_C_BackBag01_Uncommon03
LIT_Cosmetics_All,25.0,551.2000000029802,4.5356,ID_Rec_C_BackBag01_Uncommon02
LIT_Cosmetics_All,5.0,551.2000000029802,0.9071,ID_Rec_C_WarAxe_Rare01
LIT_Cosmetics_All,5.0,551.2000000029802,0.9071,ID_Rec_C_Halberd_Rare01
LIT_Cosmetics_All,5.0,551.2000000029802,0.9071,ID_Rec_C_Club_Rare01
LIT_Cosmetics_All,5.0,551.2000000029802,0.9071,ID_Rec_C_Axe_Rare01
LIT_Cosmetics_All,1.0,551.2000000029802,0.1814,ID_Rec_C_Snub_Epic01
LIT_Cosmetics_All,1.0,551.2000000029802,0.1814,ID_Rec_C_Dagger_Epic04
LIT_Cosmetics_All,1.0,551.2000000029802,0.1814,ID_Rec_C_Dagger_Epic03
LIT_Cosmetics_All,1.0,551.2000000029802,0.1814,ID_Rec_C_Dagger_Epic02
LIT_Cosmetics_All,1.0,551.2000000029802,0.1814,ID_Rec_C_Club_Epic01
LIT_Cosmetics_All,1.0,551.2000000029802,0.1814,ID_Rec_C_BrownBetty_Epic01
LIT_Cosmetics_All,0.1,551.2000000029802,0.0181,ID_Rec_C_Dagger_Legendary02
LIT_Cosmetics_All,0.1,551.2000000029802,0.0181,ID_Rec_C_Dagger_Legendary01
LIT_Compendium_All,100.0,1639.2000000029802,6.1005,ID_Lore_Common_Note13
LIT_Compendium_All,100.0,1639.2000000029802,6.1005,ID_Lore_Common_Note12
LIT_Compendium_All,100.0,1639.2000000029802,6.1005,ID_Lore_Common_Note11
LIT_Compendium_All,100.0,1639.2000000029802,6.1005,ID_Lore_Common_Note10
LIT_Compendium_All,100.0,1639.2000000029802,6.1005,ID_Lore_Common_Note09
LIT_Compendium_All,100.0,1639.2000000029802,6.1005,ID_Lore_Common_Note08
LIT_Compendium_All,100.0,1639.2000000029802,6.1005,ID_Lore_Common_Note07
LIT_Compendium_All,100.0,1639.2000000029802,6.1005,ID_Lore_Common_Note06
LIT_Compendium_All,100.0,1639.2000000029802,6.1005,ID_Lore_Common_Note05
LIT_Compendium_All,100.0,1639.2000000029802,6.1005,ID_Lore_Common_Note04
LIT_Compendium_All,100.0,1639.2000000029802,6.1005,ID_Lore_Common_Note03
LIT_Compendium_All,100.0,1639.2000000029802,6.1005,ID_Lore_Common_Note02
LIT_Compendium_All,100.0,1639.2000000029802,6.1005,ID_Lore_Common_Note01
LIT_Compendium_All,25.0,1639.2000000029802,1.5251,ID_Lore_Uncommon_Note12
LIT_Compendium_All,25.0,1639.2000000029802,1.5251,ID_Lore_Uncommon_Note11
LIT_Compendium_All,25.0,1639.2000000029802,1.5251,ID_Lore_Uncommon_Note10
LIT_Compendium_All,25.0,1639.2000000029802,1.5251,ID_Lore_Uncommon_Note09
LIT_Compendium_All,25.0,1639.2000000029802,1.5251,ID_Lore_Uncommon_Note08
LIT_Compendium_All,25.0,1639.2000000029802,1.5251,ID_Lore_Uncommon_Note07
LIT_Compendium_All,25.0,1639.2000000029802,1.5251,ID_Lore_Uncommon_Note06
LIT_Compendium_All,25.0,1639.2000000029802,1.5251,ID_Lore_Uncommon_Note05
LIT_Compendium_All,25.0,1639.2000000029802,1.5251,ID_Lore_Uncommon_Note05
LIT_Compendium_All,25.0,1639.2000000029802,1.5251,ID_Lore_Uncommon_Note04
LIT_Compendium_All,25.0,1639.2000000029802,1.5251,ID_Lore_Uncommon_Note02
LIT_Compendium_All,25.0,1639.2000000029802,1.5251,ID_Lore_Uncommon_Note01
LIT_Compendium_All,5.0,1639.2000000029802,0.3050,ID_Lore_Rare_Note11
LIT_Compendium_All,5.0,1639.2000000029802,0.3050,ID_Lore_Rare_Note10
LIT_Compendium_All,5.0,1639.2000000029802,0.3050,ID_Lore_Rare_Note09
LIT_Compendium_All,5.0,1639.2000000029802,0.3050,ID_Lore_Rare_Note08
LIT_Compendium_All,5.0,1639.2000000029802,0.3050,ID_Lore_Rare_Note07
LIT_Compendium_All,5.0,1639.2000000029802,0.3050,ID_Lore_Rare_Note01
LIT_Compendium_All,1.0,1639.2000000029802,0.0610,ID_Map_Epic_M02_01a
LIT_Compendium_All,1.0,1639.2000000029802,0.0610,ID_Lore_Epic_Note15
LIT_Compendium_All,1.0,1639.2000000029802,0.0610,ID_Lore_Epic_Note14
LIT_Compendium_All,1.0,1639.2000000029802,0.0610,ID_Lore_Epic_Note12
LIT_Compendium_All,1.0,1639.2000000029802,0.0610,ID_Lore_Epic_Note11
LIT_Compendium_All,1.0,1639.2000000029802,0.0610,ID_Lore_Epic_Note10
LIT_Compendium_All,1.0,1639.2000000029802,0.0610,ID_Lore_Epic_Note03
LIT_Compendium_All,1.0,1639.2000000029802,0.0610,ID_Lore_Epic_Note02
LIT_Compendium_All,1.0,1639.2000000029802,0.0610,ID_Lore_Epic_Note01
LIT_Compendium_All,0.1,1639.2000000029802,0.0061,ID_Lore_Legendary_Note02
LIT_Compendium_All,0.1,1639.2000000029802,0.0061,ID_Lore_Legendary_Note01
LIT_Common_Weap_Rifles,100.0,100.0,100.0000,ID_Weap_Rifle_Common01
LIT_Common_Weap_Pistols,100.0,200.0,50.0000,ID_Weap_Pistol_Common02
LIT_Common_Weap_Pistols,100.0,200.0,50.0000,ID_Weap_Pistol_Common01
LIT_ClubRecipe_Common_Loose,70.0,100.0,70.0000,ID_Money_Copper
LIT_ClubRecipe_Common_Loose,20.0,100.0,20.0000,ID_Rec_Weap_Club
LIT_ClubRecipe_Common_Loose,10.0,100.0,10.0000,ID_Money_Silver
LIT_Clothes_01,50.0,645.3000000044703,7.7483,ID_Common_WoodenFork
LIT_Clothes_01,50.0,645.3000000044703,7.7483,ID_Common_TwineBall
LIT_Clothes_01,50.0,645.3000000044703,7.7483,ID_Common_SeamstressNeedle
LIT_Clothes_01,50.0,645.3000000044703,7.7483,ID_Common_OldRidingGlove
LIT_Clothes_01,50.0,645.3000000044703,7.7483,ID_Common_OldHorsehairBrush
LIT_Clothes_01,50.0,645.3000000044703,7.7483,ID_Common_JuteHat
LIT_Clothes_01,50.0,645.3000000044703,7.7483,ID_Common_FilthyBritches
LIT_Clothes_01,50.0,645.3000000044703,7.7483,ID_Common_DampRag
LIT_Clothes_01,50.0,645.3000000044703,7.7483,ID_Common_CanvasPatch
LIT_Clothes_01,25.0,645.3000000044703,3.8742,ID_Uncommon_ReinforcedGarter
LIT_Clothes_01,25.0,645.3000000044703,3.8742,ID_Uncommon_RedOchre
LIT_Clothes_01,25.0,645.3000000044703,3.8742,ID_Uncommon_DankTobacco
LIT_Clothes_01,25.0,645.3000000044703,3.8742,ID_Uncommon_BeltStrap
LIT_Clothes_01,25.0,645.3000000044703,3.8742,ID_Uncommon_Amber
LIT_Clothes_01,25.0,645.3000000044703,3.8742,ID_Common_ImpeccableTwine
LIT_Clothes_01,5.0,645.3000000044703,0.7748,ID_Rare_TornDamask
LIT_Clothes_01,5.0,645.3000000044703,0.7748,ID_Rare_ShinyBuckle
LIT_Clothes_01,5.0,645.3000000044703,0.7748,ID_Rare_RefinedTobacco
LIT_Clothes_01,5.0,645.3000000044703,0.7748,ID_Rare_Opium
LIT_Clothes_01,5.0,645.3000000044703,0.7748,ID_Rare_NacreButton
LIT_Clothes_01,5.0,645.3000000044703,0.7748,ID_Rare_CalfskinBoots
LIT_Clothes_01,1.0,645.3000000044703,0.1550,ID_Epic_WoolBlanket
LIT_Clothes_01,1.0,645.3000000044703,0.1550,ID_Epic_WhitePearl
LIT_Clothes_01,1.0,645.3000000044703,0.1550,ID_Epic_UncutGems
LIT_Clothes_01,1.0,645.3000000044703,0.1550,ID_Epic_UncutDiamonds
LIT_Clothes_01,1.0,645.3000000044703,0.1550,ID_Epic_TailHair
LIT_Clothes_01,1.0,645.3000000044703,0.1550,ID_Epic_RosaryBeads
LIT_Clothes_01,1.0,645.3000000044703,0.1550,ID_Epic_RomaniTreads
LIT_Clothes_01,1.0,645.3000000044703,0.1550,ID_Epic_Poison
LIT_Clothes_01,1.0,645.3000000044703,0.1550,ID_Epic_OpiumPipe
LIT_Clothes_01,1.0,645.3000000044703,0.1550,ID_Epic_LadiesGirdle
LIT_Clothes_01,1.0,645.3000000044703,0.1550,ID_Epic_GlassVial
LIT_Clothes_01,1.0,645.3000000044703,0.1550,ID_Epic_FrayingTaffetaWaistcoat
LIT_Clothes_01,1.0,645.3000000044703,0.1550,ID_Epic_FancySilverPlaque
LIT_Clothes_01,1.0,645.3000000044703,0.1550,ID_Epic_DirtyBrocadeDress
LIT_Clothes_01,1.0,645.3000000044703,0.1550,ID_Epic_CashmereShawl
LIT_Clothes_01,0.1,645.3000000044703,0.0155,ID_Legendary_Topaz
LIT_Clothes_01,0.1,645.3000000044703,0.0155,ID_Legendary_JacobinCipher
LIT_Clothes_01,0.1,645.3000000044703,0.0155,ID_Legendary_FlawlessDiamond
LIT_Civilian_01,100.0,2650.0,3.7736,ID_Money_Copper
LIT_Civilian_01,100.0,2650.0,3.7736,ID_Key_Bronze
LIT_Civilian_01,100.0,2650.0,3.7736,ID_Common_Woodchips
LIT_Civilian_01,100.0,2650.0,3.7736,ID_Common_IronJug
LIT_Civilian_01,100.0,2650.0,3.7736,ID_Common_Flour
LIT_Civilian_01,100.0,2650.0,3.7736,ID_Common_Apple
LIT_Civilian_01,80.0,2650.0,3.0189,ID_HipBag_Common02
LIT_Civilian_01,80.0,2650.0,3.0189,ID_HipBag_Common01
LIT_Civilian_01,80.0,2650.0,3.0189,ID_Herb_01_LavenderOil
LIT_Civilian_01,80.0,2650.0,3.0189,ID_Herb_01_Lavender
LIT_Civilian_01,80.0,2650.0,3.0189,ID_Food_Common05
LIT_Civilian_01,80.0,2650.0,3.0189,ID_Food_Common04
LIT_Civilian_01,80.0,2650.0,3.0189,ID_Food_Common03
LIT_Civilian_01,80.0,2650.0,3.0189,ID_Food_Common02
LIT_Civilian_01,80.0,2650.0,3.0189,ID_Food_Common01
LIT_Civilian_01,80.0,2650.0,3.0189,ID_Drink_Common04
LIT_Civilian_01,80.0,2650.0,3.0189,ID_Drink_Common03
LIT_Civilian_01,80.0,2650.0,3.0189,ID_Drink_Common02
LIT_Civilian_01,80.0,2650.0,3.0189,ID_Drink_Common01
LIT_Civilian_01,80.0,2650.0,3.0189,ID_BackBag_Common02
LIT_Civilian_01,80.0,2650.0,3.0189,ID_BackBag_Common01
LIT_Civilian_01,40.0,2650.0,1.5094,ID_Uncommon_SilverCandleHolder
LIT_Civilian_01,40.0,2650.0,1.5094,ID_Uncommon_PewterBowl
LIT_Civilian_01,40.0,2650.0,1.5094,ID_Uncommon_LeatherBoots
LIT_Civilian_01,40.0,2650.0,1.5094,ID_Money_Silver
LIT_Civilian_01,40.0,2650.0,1.5094,ID_Key_Silver
LIT_Civilian_01,40.0,2650.0,1.5094,ID_HipBag_Uncommon03
LIT_Civilian_01,40.0,2650.0,1.5094,ID_HipBag_Uncommon02
LIT_Civilian_01,40.0,2650.0,1.5094,ID_HipBag_Uncommon01
LIT_Civilian_01,40.0,2650.0,1.5094,ID_Herb_02_Rosemary
LIT_Civilian_01,40.0,2650.0,1.5094,ID_BackBag_Uncommon03
LIT_Civilian_01,40.0,2650.0,1.5094,ID_BackBag_Uncommon02
LIT_Civilian_01,40.0,2650.0,1.5094,ID_BackBag_Uncommon01
LIT_Civilian_01,30.0,2650.0,1.1321,ID_Herb_02_DriedRosemary
LIT_Civilian_01,20.0,2650.0,0.7547,ID_WeaponBag_Rare01
LIT_Civilian_01,20.0,2650.0,0.7547,ID_Rare_SilverDish
LIT_Civilian_01,20.0,2650.0,0.7547,ID_Rare_SilverCandlestickLarge
LIT_Civilian_01,20.0,2650.0,0.7547,ID_Rare_SilverCandlestick
LIT_Civilian_01,20.0,2650.0,0.7547,ID_Rare_Pestle
LIT_Civilian_01,20.0,2650.0,0.7547,ID_Rare_Mortar
LIT_Civilian_01,20.0,2650.0,0.7547,ID_Rare_JewelleryBox_Bronze
LIT_Civilian_01,20.0,2650.0,0.7547,ID_Rare_CalfskinBoots
LIT_Civilian_01,20.0,2650.0,0.7547,ID_Lore_Common_Note06
LIT_Civilian_01,20.0,2650.0,0.7547,ID_Lore_Common_Note03
LIT_Civilian_01,20.0,2650.0,0.7547,ID_Lore_Common_Note02
LIT_Civilian_01,20.0,2650.0,0.7547,ID_Lore_Common_Note01
LIT_Civilian_01,20.0,2650.0,0.7547,ID_Herb_03_PinkYarrow
LIT_Civilian_01,12.0,2650.0,0.4528,ID_Herb_03_PinkYarrowDust
LIT_Civilian_01,10.0,2650.0,0.3774,ID_Lore_Uncommon_Note04
LIT_Civilian_01,10.0,2650.0,0.3774,ID_Lore_Uncommon_Note01
LIT_Civilian_01,8.0,2650.0,0.3019,ID_Money_Gold
LIT_Civilian_01,8.0,2650.0,0.3019,ID_Key_Gold
LIT_Civilian_01,8.0,2650.0,0.3019,ID_Herb_04_Fungi
LIT_Civilian_01,8.0,2650.0,0.3019,ID_Epic_RomaniTreads
LIT_Civilian_01,8.0,2650.0,0.3019,ID_Epic_JewelleryBox_Silver
LIT_Civilian_01,4.0,2650.0,0.1509,ID_Herb_04_FungalUnguent
LIT_Civilian_01,2.0,2650.0,0.0755,ID_Herb_05_Poppy
LIT_Civilian_01,1.0,2650.0,0.0377,ID_Legendary_JewelleryBox_Gold
LIT_Civilian_01,1.0,2650.0,0.0377,ID_Herb_05_MilkofPoppy
LIT_CivilianDresser,100.0,1923.6000000089407,5.1986,ID_Med_Ampoule_Common
LIT_CivilianDresser,100.0,1923.6000000089407,5.1986,ID_HipBag_Common02
LIT_CivilianDresser,100.0,1923.6000000089407,5.1986,ID_HipBag_Common01
LIT_CivilianDresser,100.0,1923.6000000089407,5.1986,ID_Common_TwineBall
LIT_CivilianDresser,100.0,1923.6000000089407,5.1986,ID_Common_SeamstressNeedle
LIT_CivilianDresser,100.0,1923.6000000089407,5.1986,ID_Common_OldRidingGlove
LIT_CivilianDresser,100.0,1923.6000000089407,5.1986,ID_Common_Nettlecloth
LIT_CivilianDresser,100.0,1923.6000000089407,5.1986,ID_Common_LatchHook
LIT_CivilianDresser,100.0,1923.6000000089407,5.1986,ID_Common_JuteHat
LIT_CivilianDresser,100.0,1923.6000000089407,5.1986,ID_Common_ImpeccableTwine
LIT_CivilianDresser,100.0,1923.6000000089407,5.1986,ID_Common_FilthyBritches
LIT_CivilianDresser,100.0,1923.6000000089407,5.1986,ID_Common_DampRag
LIT_CivilianDresser,100.0,1923.6000000089407,5.1986,ID_Common_CanvasPatch
LIT_CivilianDresser,100.0,1923.6000000089407,5.1986,ID_Common_CabinetHandle
LIT_CivilianDresser,100.0,1923.6000000089407,5.1986,ID_BackBag_Common02
LIT_CivilianDresser,100.0,1923.6000000089407,5.1986,ID_BackBag_Common01
LIT_CivilianDresser,25.0,1923.6000000089407,1.2996,ID_Uncommon_ToyDoll
LIT_CivilianDresser,25.0,1923.6000000089407,1.2996,ID_Uncommon_ReinforcedGarter
LIT_CivilianDresser,25.0,1923.6000000089407,1.2996,ID_Uncommon_PreciousBox
LIT_CivilianDresser,25.0,1923.6000000089407,1.2996,ID_Uncommon_PowderTin
LIT_CivilianDresser,25.0,1923.6000000089407,1.2996,ID_Uncommon_LeatherBoots
LIT_CivilianDresser,25.0,1923.6000000089407,1.2996,ID_Uncommon_DankTobacco
LIT_CivilianDresser,25.0,1923.6000000089407,1.2996,ID_Uncommon_CoatToggle
LIT_CivilianDresser,25.0,1923.6000000089407,1.2996,ID_Uncommon_BeltStrap
LIT_CivilianDresser,25.0,1923.6000000089407,1.2996,ID_Rare_SilverCandlestick
LIT_CivilianDresser,25.0,1923.6000000089407,1.2996,ID_Med_Ampoule_Uncommon
LIT_CivilianDresser,5.0,1923.6000000089407,0.2599,ID_Rare_TornDamask
LIT_CivilianDresser,5.0,1923.6000000089407,0.2599,ID_Rare_SilverCandlestickLarge
LIT_CivilianDresser,5.0,1923.6000000089407,0.2599,ID_Rare_SilverCandlestick
LIT_CivilianDresser,5.0,1923.6000000089407,0.2599,ID_Rare_ShinyBuckle
LIT_CivilianDresser,5.0,1923.6000000089407,0.2599,ID_Rare_RefinedTobacco
LIT_CivilianDresser,5.0,1923.6000000089407,0.2599,ID_Rare_OrnateCushion
LIT_CivilianDresser,5.0,1923.6000000089407,0.2599,ID_Rare_NacreButton
LIT_CivilianDresser,5.0,1923.6000000089407,0.2599,ID_Rare_JewelleryBox_Bronze
LIT_CivilianDresser,5.0,1923.6000000089407,0.2599,ID_Rare_GildedTassels
LIT_CivilianDresser,5.0,1923.6000000089407,0.2599,ID_Rare_CottonBedSheets
LIT_CivilianDresser,5.0,1923.6000000089407,0.2599,ID_Rare_CalfskinBoots
LIT_CivilianDresser,5.0,1923.6000000089407,0.2599,ID_Med_Ampoule_Rare
LIT_CivilianDresser,5.0,1923.6000000089407,0.2599,ID_Epic_Poison
LIT_CivilianDresser,1.0,1923.6000000089407,0.0520,ID_Med_Ampoule_Epic
LIT_CivilianDresser,1.0,1923.6000000089407,0.0520,ID_Epic_WoolBlanket
LIT_CivilianDresser,1.0,1923.6000000089407,0.0520,ID_Epic_RosaryBeads
LIT_CivilianDresser,1.0,1923.6000000089407,0.0520,ID_Epic_RomaniTreads
LIT_CivilianDresser,1.0,1923.6000000089407,0.0520,ID_Epic_LadiesGirdle
LIT_CivilianDresser,1.0,1923.6000000089407,0.0520,ID_Epic_FrayingTaffetaWaistcoat
LIT_CivilianDresser,1.0,1923.6000000089407,0.0520,ID_Epic_DirtyBrocadeDress
LIT_CivilianDresser,1.0,1923.6000000089407,0.0520,ID_Epic_CashmereShawl
LIT_CivilianDresser,0.1,1923.6000000089407,0.0052,ID_Med_Ampoule_Legendary
LIT_CivilianDresser,0.1,1923.6000000089407,0.0052,ID_Legendary_Vicuna
LIT_CivilianDresser,0.1,1923.6000000089407,0.0052,ID_Legendary_SilkScarf
LIT_CivilianDresser,0.1,1923.6000000089407,0.0052,ID_Legendary_PolluxCameo
LIT_CivilianDresser,0.1,1923.6000000089407,0.0052,ID_Legendary_CastorCameo
LIT_CivilianDresser,0.1,1923.6000000089407,0.0052,ID_BackBag_Legendary01
LIT_CivilianCupboard,100.0,2870.2000000029802,3.4841,ID_Herb_Thyme
LIT_CivilianCupboard,100.0,2870.2000000029802,3.4841,ID_Herb_Chervil
LIT_CivilianCupboard,100.0,2870.2000000029802,3.4841,ID_Common_WoodenFork
LIT_CivilianCupboard,100.0,2870.2000000029802,3.4841,ID_Common_WetCabbage
LIT_CivilianCupboard,100.0,2870.2000000029802,3.4841,ID_Common_TallowBalm
LIT_CivilianCupboard,100.0,2870.2000000029802,3.4841,ID_Common_SproutingTuber
LIT_CivilianCupboard,100.0,2870.2000000029802,3.4841,ID_Common_SeaSalt
LIT_CivilianCupboard,100.0,2870.2000000029802,3.4841,ID_Common_Rye
LIT_CivilianCupboard,100.0,2870.2000000029802,3.4841,ID_Common_RottenEgg
LIT_CivilianCupboard,100.0,2870.2000000029802,3.4841,ID_Common_PineOil
LIT_CivilianCupboard,100.0,2870.2000000029802,3.4841,ID_Common_OldHorsehairBrush
LIT_CivilianCupboard,100.0,2870.2000000029802,3.4841,ID_Common_MilkingPail
LIT_CivilianCupboard,100.0,2870.2000000029802,3.4841,ID_Common_LemonPeel
LIT_CivilianCupboard,100.0,2870.2000000029802,3.4841,ID_Common_Lard
LIT_CivilianCupboard,100.0,2870.2000000029802,3.4841,ID_Common_IronPot
LIT_CivilianCupboard,100.0,2870.2000000029802,3.4841,ID_Common_IronJug
LIT_CivilianCupboard,100.0,2870.2000000029802,3.4841,ID_Common_FreshEgg
LIT_CivilianCupboard,100.0,2870.2000000029802,3.4841,ID_Common_Flour
LIT_CivilianCupboard,100.0,2870.2000000029802,3.4841,ID_Common_CrudePreservingJar
LIT_CivilianCupboard,100.0,2870.2000000029802,3.4841,ID_Common_CorkStopper
LIT_CivilianCupboard,100.0,2870.2000000029802,3.4841,ID_Common_CarrionShank
LIT_CivilianCupboard,100.0,2870.2000000029802,3.4841,ID_Common_CabinetHandle
LIT_CivilianCupboard,100.0,2870.2000000029802,3.4841,ID_Common_BerryPaste
LIT_CivilianCupboard,100.0,2870.2000000029802,3.4841,ID_Common_Apple
LIT_CivilianCupboard,25.0,2870.2000000029802,0.8710,ID_Uncommon_ToyDoll
LIT_CivilianCupboard,25.0,2870.2000000029802,0.8710,ID_Uncommon_TarnishedSpoon
LIT_CivilianCupboard,25.0,2870.2000000029802,0.8710,ID_Uncommon_Pitch
LIT_CivilianCupboard,25.0,2870.2000000029802,0.8710,ID_Uncommon_PewterBowl
LIT_CivilianCupboard,25.0,2870.2000000029802,0.8710,ID_Uncommon_MadderRoot
LIT_CivilianCupboard,25.0,2870.2000000029802,0.8710,ID_Uncommon_LyeCrumble
LIT_CivilianCupboard,25.0,2870.2000000029802,0.8710,ID_Uncommon_LinseedOil
LIT_CivilianCupboard,25.0,2870.2000000029802,0.8710,ID_Uncommon_Lambgut
LIT_CivilianCupboard,25.0,2870.2000000029802,0.8710,ID_Uncommon_IndigoFlakes
LIT_CivilianCupboard,25.0,2870.2000000029802,0.8710,ID_Uncommon_GristleWax
LIT_CivilianCupboard,25.0,2870.2000000029802,0.8710,ID_Uncommon_GrapeMust
LIT_CivilianCupboard,25.0,2870.2000000029802,0.8710,ID_Uncommon_DistilledWater
LIT_CivilianCupboard,25.0,2870.2000000029802,0.8710,ID_Uncommon_CrispCarrot
LIT_CivilianCupboard,25.0,2870.2000000029802,0.8710,ID_Uncommon_BrinedFlesh
LIT_CivilianCupboard,25.0,2870.2000000029802,0.8710,ID_Herb_Tarragon
LIT_CivilianCupboard,25.0,2870.2000000029802,0.8710,ID_Herb_Basil
LIT_CivilianCupboard,5.0,2870.2000000029802,0.1742,ID_Rare_WillowBark
LIT_CivilianCupboard,5.0,2870.2000000029802,0.1742,ID_Rare_SunRipenedHaunch
LIT_CivilianCupboard,5.0,2870.2000000029802,0.1742,ID_Rare_SilverDish
LIT_CivilianCupboard,5.0,2870.2000000029802,0.1742,ID_Rare_Pestle
LIT_CivilianCupboard,5.0,2870.2000000029802,0.1742,ID_Rare_OxliverOil
LIT_CivilianCupboard,5.0,2870.2000000029802,0.1742,ID_Rare_Mortar
LIT_CivilianCupboard,5.0,2870.2000000029802,0.1742,ID_Rare_MarchingDrum
LIT_CivilianCupboard,5.0,2870.2000000029802,0.1742,ID_Rare_Hartshorn
LIT_CivilianCupboard,5.0,2870.2000000029802,0.1742,ID_Rare_BrownOnion
LIT_CivilianCupboard,5.0,2870.2000000029802,0.1742,ID_Herb_Marjoram
LIT_CivilianCupboard,5.0,2870.2000000029802,0.1742,ID_Herb_Chives
LIT_CivilianCupboard,5.0,2870.2000000029802,0.1742,ID_Epic_ChinaGravyboat
LIT_CivilianCupboard,5.0,2870.2000000029802,0.1742,ID_Epic_ChinaBowl
LIT_CivilianCupboard,1.0,2870.2000000029802,0.0348,ID_Herb_BarrowVein
LIT_CivilianCupboard,1.0,2870.2000000029802,0.0348,ID_Epic_RoueDeCantal
LIT_CivilianCupboard,1.0,2870.2000000029802,0.0348,ID_Epic_PureHoney
LIT_CivilianCupboard,1.0,2870.2000000029802,0.0348,ID_Epic_Poison
LIT_CivilianCupboard,1.0,2870.2000000029802,0.0348,ID_Epic_DriedGrapes
LIT_CivilianCupboard,0.1,2870.2000000029802,0.0035,ID_Legendary_RoyalJelly
LIT_CivilianCupboard,0.1,2870.2000000029802,0.0035,ID_Legendary_FoieGras
LIT_Chinaware,80.0,335.0,23.8806,ID_Uncommon_PewterBowl
LIT_Chinaware,80.0,335.0,23.8806,ID_Common_CrudePreservingJar
LIT_Chinaware,75.0,335.0,22.3881,ID_Rare_SilverDish
LIT_Chinaware,50.0,335.0,14.9254,ID_Epic_ChinaGravyboat
LIT_Chinaware,50.0,335.0,14.9254,ID_Epic_ChinaBowl
LIT_ChickenCoop,40.0,241.0,16.5975,ID_Common_Woodchips
LIT_ChickenCoop,40.0,241.0,16.5975,ID_Common_Rye
LIT_ChickenCoop,40.0,241.0,16.5975,ID_Common_RottenEgg
LIT_ChickenCoop,40.0,241.0,16.5975,ID_Common_FreshEgg
LIT_ChickenCoop,40.0,241.0,16.5975,ID_Common_CrustyFeces
LIT_ChickenCoop,25.0,241.0,10.3734,ID_Uncommon_WalnutHusk
LIT_ChickenCoop,5.0,241.0,2.0747,ID_Rare_Windfall
LIT_ChickenCoop,5.0,241.0,2.0747,ID_Rare_NacreButton
LIT_ChickenCoop,5.0,241.0,2.0747,ID_Rare_JewelleryBox_Bronze
LIT_ChickenCoop,1.0,241.0,0.4149,ID_Epic_OakGall
LIT_ChestArmourRecipe_Uncommon_Loose,70.0,100.0,70.0000,ID_Money_Copper
LIT_ChestArmourRecipe_Uncommon_Loose,15.0,100.0,15.0000,ID_Rec_Armour_Chest_Uncommon01
LIT_ChestArmourRecipe_Uncommon_Loose,15.0,100.0,15.0000,ID_Money_Silver
LIT_ChestArmourRecipe_Rare_Loose,70.0,100.0,70.0000,ID_Money_Copper
LIT_ChestArmourRecipe_Rare_Loose,20.0,100.0,20.0000,ID_Money_Silver
LIT_ChestArmourRecipe_Rare_Loose,10.0,100.0,10.0000,ID_Rec_Armour_Chest_Rare01
LIT_Cairn,10.0,69.2800000011921,14.4342,ID_Common_Whetstone
LIT_Cairn,10.0,69.2800000011921,14.4342,ID_Common_ChippedFlint
LIT_Cairn,10.0,69.2800000011921,14.4342,ID_Common_Chalkstone
LIT_Cairn,10.0,69.2800000011921,14.4342,ID_Common_BogIron
LIT_Cairn,5.0,69.2800000011921,7.2171,ID_Rare_ShinyBuckle
LIT_Cairn,5.0,69.2800000011921,7.2171,ID_Rare_PumiceStone
LIT_Cairn,5.0,69.2800000011921,7.2171,ID_Rare_Opium
LIT_Cairn,5.0,69.2800000011921,7.2171,ID_Rare_NacreButton
LIT_Cairn,1.0,69.2800000011921,1.4434,ID_Epic_WhitePearl
LIT_Cairn,1.0,69.2800000011921,1.4434,ID_Epic_UncutGems
LIT_Cairn,1.0,69.2800000011921,1.4434,ID_Epic_UncutDiamonds
LIT_Cairn,1.0,69.2800000011921,1.4434,ID_Epic_Serpentstone
LIT_Cairn,1.0,69.2800000011921,1.4434,ID_Epic_OpiumPipe
LIT_Cairn,1.0,69.2800000011921,1.4434,ID_Epic_OpiumPipe
LIT_Cairn,1.0,69.2800000011921,1.4434,ID_Epic_FancySilverPlaque
LIT_Cairn,1.0,69.2800000011921,1.4434,ID_Epic_Bloodstone
LIT_Cairn,1.0,69.2800000011921,1.4434,ID_Epic_AmberPearl
LIT_Cairn,0.1,69.2800000011921,0.1443,ID_Legendary_JewelleryBox_Gold
LIT_Cairn,0.1,69.2800000011921,0.1443,ID_Legendary_FlawlessDiamond
LIT_Cairn,0.08,69.2800000011921,0.1155,ID_Legendary_SwordHiltOfMolay
LIT_BullionBox,5.0,50.71010001020477,9.8600,ID_Epic_WhitePearl
LIT_BullionBox,5.0,50.71010001020477,9.8600,ID_Epic_Tortoiseshell
LIT_BullionBox,5.0,50.71010001020477,9.8600,ID_Epic_Serpentstone
LIT_BullionBox,5.0,50.71010001020477,9.8600,ID_Epic_OpiumPipe
LIT_BullionBox,5.0,50.71010001020477,9.8600,ID_Epic_IvoryTusk
LIT_BullionBox,5.0,50.71010001020477,9.8600,ID_Epic_Ebony
LIT_BullionBox,5.0,50.71010001020477,9.8600,ID_Epic_Bloodstone
LIT_BullionBox,5.0,50.71010001020477,9.8600,ID_Epic_AmberPearl
LIT_BullionBox,2.5,50.71010001020477,4.9300,ID_Epic_UncutGems
LIT_BullionBox,2.5,50.71010001020477,4.9300,ID_Epic_UncutDiamonds
LIT_BullionBox,1.0,50.71010001020477,1.9720,ID_Lore_Epic_Note03
LIT_BullionBox,1.0,50.71010001020477,1.9720,ID_Lore_Epic_Note02
LIT_BullionBox,1.0,50.71010001020477,1.9720,ID_Lore_Epic_Note01
LIT_BullionBox,1.0,50.71010001020477,1.9720,ID_Key_Gold
LIT_BullionBox,1.0,50.71010001020477,1.9720,ID_Epic_Baleen
LIT_BullionBox,0.1,50.71010001020477,0.1972,ID_Legendary_Topaz
LIT_BullionBox,0.1,50.71010001020477,0.1972,ID_Legendary_PolluxCameo
LIT_BullionBox,0.1,50.71010001020477,0.1972,ID_Legendary_GoldLeaf
LIT_BullionBox,0.1,50.71010001020477,0.1972,ID_Legendary_GoldBar
LIT_BullionBox,0.1,50.71010001020477,0.1972,ID_Legendary_FlawlessDiamond
LIT_BullionBox,0.1,50.71010001020477,0.1972,ID_Legendary_CastorCameo
LIT_BullionBox,0.1,50.71010001020477,0.1972,ID_Legendary_BloodOfThePenitent
LIT_BullionBox,0.01,50.71010001020477,0.0197,ID_Money_Gold
LIT_BullionBox,0.0001,50.71010001020477,0.0002,ID_Lockbox_Legendary01
LIT_Brute_Elite,99.0,100.0,99.0000,ID_Trophy_Brute_Elite
LIT_Brute_Elite,1.0,100.0,1.0000,ID_Rec_C_Club_Rare01
LIT_Brute_01,99.0,100.0,99.0000,ID_Trophy_Brute
LIT_Brute_01,1.0,100.0,1.0000,ID_Rec_C_BrownBetty_Uncommon07
LIT_BruteFemur_Loose,65.0,99.89999961853027,65.0651,ID_Rare_JewelleryBox_Bronze
LIT_BruteFemur_Loose,23.0,99.89999961853027,23.0230,ID_Epic_JewelleryBox_Silver
LIT_BruteFemur_Loose,10.4,99.89999961853027,10.4104,ID_Legendary_JewelleryBox_Gold
LIT_BruteFemur_Loose,1.5,99.89999961853027,1.5015,ID_Rec_C_Club_Rare01
LIT_BosunsClasp_Loose,75.0,100.0,75.0000,ID_Money_Copper
LIT_BosunsClasp_Loose,15.0,100.0,15.0000,ID_Rec_C_HipBag03_Uncommon01
LIT_BosunsClasp_Loose,10.0,100.0,10.0000,ID_Money_Silver
LIT_Boss_M02,10.0,67.0,14.9254,ID_Weap_1HMelee_Epic01
LIT_Boss_M02,10.0,67.0,14.9254,ID_Armor_Chest_Epic01
LIT_Boss_M02,5.0,67.0,7.4627,ID_Weap_2HMelee_Legendary02
LIT_Boss_M02,5.0,67.0,7.4627,ID_Legendary_SwordHiltOfMolay
LIT_Boss_M02,5.0,67.0,7.4627,ID_Legendary_PolluxCameo
LIT_Boss_M02,5.0,67.0,7.4627,ID_Legendary_ImperialEagle
LIT_Boss_M02,5.0,67.0,7.4627,ID_Legendary_BloodOfThePenitent
LIT_Boss_M02,5.0,67.0,7.4627,ID_BackBag_Legendary02
LIT_Boss_M02,5.0,67.0,7.4627,ID_BackBag_Legendary02
LIT_Boss_M02,5.0,67.0,7.4627,ID_Armor_Chest_Legendary01
LIT_Boss_M02,5.0,67.0,7.4627,ID_ArmorPatch_Legendary
LIT_Boss_M02,1.0,67.0,1.4925,ID_Rec_C_Halberd_Epic01
LIT_Boss_M02,1.0,67.0,1.4925,ID_Rec_C_Dagger_Epic04
LIT_BloodbagRecipe_Uncommon_Loose,70.0,100.0,70.0000,ID_Money_Copper
LIT_BloodbagRecipe_Uncommon_Loose,15.0,100.0,15.0000,ID_Rec_Bloodbag_Uncommon01
LIT_BloodbagRecipe_Uncommon_Loose,15.0,100.0,15.0000,ID_Money_Silver
LIT_BloodbagRecipe_Rare_Loose,70.0,100.0,70.0000,ID_Money_Copper
LIT_BloodbagRecipe_Rare_Loose,20.0,100.0,20.0000,ID_Money_Silver
LIT_BloodbagRecipe_Rare_Loose,10.0,100.0,10.0000,ID_Rec_Bloodbag_Rare01
LIT_Bloat_01,100.0,100.0,100.0000,ID_Trophy_Bloat
LIT_Biter_Elite,99.0,100.0,99.0000,ID_Trophy_Biter_Elite
LIT_Biter_Elite,1.0,100.0,1.0000,ID_Rec_C_Axe_Rare01
LIT_Biter_01,99.0,100.0,99.0000,ID_Trophy_Biter
LIT_Biter_01,1.0,100.0,1.0000,ID_Rec_C_BrownBetty_Uncommon03
LIT_Beehive,350.0,551.1500000022352,63.5036,ID_Uncommon_Beeswax
LIT_Beehive,100.0,551.1500000022352,18.1439,ID_Common_Woodchips
LIT_Beehive,50.0,551.1500000022352,9.0719,ID_Uncommon_PineRosin
LIT_Beehive,50.0,551.1500000022352,9.0719,ID_Herb_01_Lavender
LIT_Beehive,1.0,551.1500000022352,0.1814,ID_Epic_PureHoney
LIT_Beehive,0.1,551.1500000022352,0.0181,ID_Legendary_RoyalJelly
LIT_Beehive,0.05,551.1500000022352,0.0091,ID_Legendary_FlawlessDiamond
LIT_BavarianStandard_Loose,70.0,100.0,70.0000,ID_Money_Copper
LIT_BavarianStandard_Loose,15.0,100.0,15.0000,ID_Rec_C_BrownBetty_Uncommon03
LIT_BavarianStandard_Loose,15.0,100.0,15.0000,ID_Money_Silver
LIT_Baton_Loose,75.0,100.0,75.0000,ID_Money_Copper
LIT_Baton_Loose,15.0,100.0,15.0000,ID_Rec_C_Mace_Uncommon01
LIT_Baton_Loose,10.0,100.0,10.0000,ID_Money_Silver
LIT_Basket,100.0,2027.2000000029802,4.9329,ID_Spice_03_CinnamonBark
LIT_Basket,100.0,2027.2000000029802,4.9329,ID_Spice_02_CloveBud
LIT_Basket,100.0,2027.2000000029802,4.9329,ID_Spice_01_GarlicBulb
LIT_Basket,100.0,2027.2000000029802,4.9329,ID_Herb_Thyme
LIT_Basket,100.0,2027.2000000029802,4.9329,ID_Herb_02_Rosemary
LIT_Basket,100.0,2027.2000000029802,4.9329,ID_Herb_01_Lavender
LIT_Basket,100.0,2027.2000000029802,4.9329,ID_Common_Woodchips
LIT_Basket,100.0,2027.2000000029802,4.9329,ID_Common_SeamstressNeedle
LIT_Basket,100.0,2027.2000000029802,4.9329,ID_Common_SeaSalt
LIT_Basket,100.0,2027.2000000029802,4.9329,ID_Common_Nettlecloth
LIT_Basket,100.0,2027.2000000029802,4.9329,ID_Common_LemonPeel
LIT_Basket,100.0,2027.2000000029802,4.9329,ID_Common_ImpeccableTwine
LIT_Basket,100.0,2027.2000000029802,4.9329,ID_Common_DampRag
LIT_Basket,100.0,2027.2000000029802,4.9329,ID_Common_CrudePreservingJar
LIT_Basket,100.0,2027.2000000029802,4.9329,ID_Common_CorkStopper
LIT_Basket,100.0,2027.2000000029802,4.9329,ID_Common_Apple
LIT_Basket,100.0,2027.2000000029802,4.9329,ID_Common_Apple
LIT_Basket,25.0,2027.2000000029802,1.2332,ID_Uncommon_RedOchre
LIT_Basket,25.0,2027.2000000029802,1.2332,ID_Uncommon_RamsHorn
LIT_Basket,25.0,2027.2000000029802,1.2332,ID_Uncommon_PineRosin
LIT_Basket,25.0,2027.2000000029802,1.2332,ID_Uncommon_MadderRoot
LIT_Basket,25.0,2027.2000000029802,1.2332,ID_Uncommon_LyeCrumble
LIT_Basket,25.0,2027.2000000029802,1.2332,ID_Uncommon_LimeSlag
LIT_Basket,25.0,2027.2000000029802,1.2332,ID_Uncommon_Lambgut
LIT_Basket,25.0,2027.2000000029802,1.2332,ID_Uncommon_IndigoFlakes
LIT_Basket,25.0,2027.2000000029802,1.2332,ID_Uncommon_Feverfew
LIT_Basket,25.0,2027.2000000029802,1.2332,ID_Uncommon_Bezoar
LIT_Basket,25.0,2027.2000000029802,1.2332,ID_Uncommon_Beeswax
LIT_Basket,25.0,2027.2000000029802,1.2332,ID_Uncommon_Amber
LIT_Basket,5.0,2027.2000000029802,0.2466,ID_Rare_Windfall
LIT_Basket,5.0,2027.2000000029802,0.2466,ID_Rare_Shellac
LIT_Basket,5.0,2027.2000000029802,0.2466,ID_Rare_Hartshorn
LIT_Basket,5.0,2027.2000000029802,0.2466,ID_Rare_Cochineal
LIT_Basket,5.0,2027.2000000029802,0.2466,ID_Rare_BurrWalnut
LIT_Basket,1.0,2027.2000000029802,0.0493,ID_Spice_05_Peppercorn
LIT_Basket,1.0,2027.2000000029802,0.0493,ID_Epic_PureHoney
LIT_Basket,0.1,2027.2000000029802,0.0049,ID_Legendary_Silk
LIT_Basket,0.1,2027.2000000029802,0.0049,ID_Legendary_BoltOfSilkCloth
LIT_Basilisk_Loose,70.0,100.0,70.0000,ID_Money_Copper
LIT_Basilisk_Loose,20.0,100.0,20.0000,ID_Money_Silver
LIT_Basilisk_Loose,10.0,100.0,10.0000,ID_Rec_C_Rapier_Epic01
LIT_Bags_All,100.0,576.7000000104308,17.3400,ID_HipBag_Common02
LIT_Bags_All,100.0,576.7000000104308,17.3400,ID_HipBag_Common01
LIT_Bags_All,100.0,576.7000000104308,17.3400,ID_BackBag_Common02
LIT_Bags_All,100.0,576.7000000104308,17.3400,ID_BackBag_Common01
LIT_Bags_All,25.0,576.7000000104308,4.3350,ID_HipBag_Uncommon03
LIT_Bags_All,25.0,576.7000000104308,4.3350,ID_HipBag_Uncommon02
LIT_Bags_All,25.0,576.7000000104308,4.3350,ID_HipBag_Uncommon01
LIT_Bags_All,25.0,576.7000000104308,4.3350,ID_BackBag_Uncommon02
LIT_Bags_All,25.0,576.7000000104308,4.3350,ID_BackBag_Uncommon02
LIT_Bags_All,25.0,576.7000000104308,4.3350,ID_BackBag_Uncommon01
LIT_Bags_All,5.0,576.7000000104308,0.8670,ID_WeaponBag_Rare01
LIT_Bags_All,5.0,576.7000000104308,0.8670,ID_HipBag_Rare02
LIT_Bags_All,5.0,576.7000000104308,0.8670,ID_HipBag_Rare01
LIT_Bags_All,5.0,576.7000000104308,0.8670,ID_BackBag_Rare01
LIT_Bags_All,1.0,576.7000000104308,0.1734,ID_WeaponBag_Epic01
LIT_Bags_All,1.0,576.7000000104308,0.1734,ID_HipBag_Epic03
LIT_Bags_All,1.0,576.7000000104308,0.1734,ID_HipBag_Epic02
LIT_Bags_All,1.0,576.7000000104308,0.1734,ID_HipBag_Epic01
LIT_Bags_All,1.0,576.7000000104308,0.1734,ID_BackBag_Epic02
LIT_Bags_All,1.0,576.7000000104308,0.1734,ID_BackBag_Epic01
LIT_Bags_All,0.1,576.7000000104308,0.0173,ID_WeaponBag_Legendary01
LIT_Bags_All,0.1,576.7000000104308,0.0173,ID_Lockbox_Legendary01
LIT_Bags_All,0.1,576.7000000104308,0.0173,ID_HipBag_Legendary02
LIT_Bags_All,0.1,576.7000000104308,0.0173,ID_HipBag_Legendary01
LIT_Bags_All,0.1,576.7000000104308,0.0173,ID_BackBag_Legendary03
LIT_Bags_All,0.1,576.7000000104308,0.0173,ID_BackBag_Legendary02
LIT_Bags_All,0.1,576.7000000104308,0.0173,ID_BackBag_Legendary01
LIT_AusterRecipe_Uncommon_Loose,70.0,100.0,70.0000,ID_Money_Copper
LIT_AusterRecipe_Uncommon_Loose,15.0,100.0,15.0000,ID_Rec_Weap_Auster
LIT_AusterRecipe_Uncommon_Loose,15.0,100.0,15.0000,ID_Money_Silver
LIT_Ashpile,200.0,582.0,34.3643,ID_Uncommon_Charcoal
LIT_Ashpile,100.0,582.0,17.1821,ID_Uncommon_Rottenstone
LIT_Ashpile,100.0,582.0,17.1821,ID_Common_AshSolution
LIT_Ashpile,75.0,582.0,12.8866,ID_Common_Sootblack
LIT_Ashpile,75.0,582.0,12.8866,ID_Common_BoneChar
LIT_Ashpile,25.0,582.0,4.2955,ID_Uncommon_GristleWax
LIT_Ashpile,5.0,582.0,0.8591,ID_Rare_Blacksand
LIT_Ashpile,1.0,582.0,0.1718,ID_Epic_UncutDiamonds
LIT_Ashpile,1.0,582.0,0.1718,ID_Epic_IntactFemur
LIT_Ash_01,100.0,100.0,100.0000,ID_Trophy_Ash
LIT_Armor_Uncommon,20.0,50.0,40.0000,ID_Armor_Head_Uncommon01
LIT_Armor_Uncommon,20.0,50.0,40.0000,ID_Armor_Chest_Uncommon01
LIT_Armor_Uncommon,10.0,50.0,20.0000,ID_Armor_Leg_Uncommon01
LIT_Armor_Rare,10.0,25.0,40.0000,ID_Armor_Head_Rare01
LIT_Armor_Rare,10.0,25.0,40.0000,ID_Armor_Chest_Rare01
LIT_Armor_Rare,5.0,25.0,20.0000,ID_Armor_Leg_Rare01
LIT_Armor_Legendary,1.0,2.5,40.0000,ID_Armor_Head_Legendary01
LIT_Armor_Legendary,1.0,2.5,40.0000,ID_Armor_Chest_Legendary01
LIT_Armor_Legendary,0.5,2.5,20.0000,ID_Armor_Leg_Legendary01
LIT_Armor_Epic,5.0,12.5,40.0000,ID_Armor_Head_Epic01
LIT_Armor_Epic,5.0,12.5,40.0000,ID_Armor_Chest_Epic01
LIT_Armor_Epic,2.5,12.5,20.0000,ID_Armor_Leg_Epic01
LIT_Armor_All,100.0,193.30000000447035,51.7331,ID_Armor_Chest_Common01
LIT_Armor_All,25.0,193.30000000447035,12.9333,ID_Armor_Leg_Uncommon01
LIT_Armor_All,25.0,193.30000000447035,12.9333,ID_Armor_Head_Uncommon01
LIT_Armor_All,25.0,193.30000000447035,12.9333,ID_Armor_Chest_Uncommon01
LIT_Armor_All,5.0,193.30000000447035,2.5867,ID_Armor_Leg_Rare01
LIT_Armor_All,5.0,193.30000000447035,2.5867,ID_Armor_Head_Rare01
LIT_Armor_All,5.0,193.30000000447035,2.5867,ID_Armor_Chest_Rare01
LIT_Armor_All,1.0,193.30000000447035,0.5173,ID_Armor_Leg_Epic01
LIT_Armor_All,1.0,193.30000000447035,0.5173,ID_Armor_Head_Epic01
LIT_Armor_All,1.0,193.30000000447035,0.5173,ID_Armor_Chest_Epic01
LIT_Armor_All,0.1,193.30000000447035,0.0517,ID_Armor_Leg_Legendary01
LIT_Armor_All,0.1,193.30000000447035,0.0517,ID_Armor_Head_Legendary01
LIT_Armor_All,0.1,193.30000000447035,0.0517,ID_Armor_Chest_Legendary01
LIT_ArgentPurse_Loose,70.0,100.0,70.0000,ID_Money_Copper
LIT_ArgentPurse_Loose,20.0,100.0,20.0000,ID_Money_Silver
LIT_ArgentPurse_Loose,10.0,100.0,10.0000,ID_Rec_C_HipBag_Rare01_Rare01
LIT_AppleRecipe_Common_Loose,80.0,100.0,80.0000,ID_Money_Copper
LIT_AppleRecipe_Common_Loose,20.0,100.0,20.0000,ID_Rec_Apple_Common01
LIT_AntidoteRecipe_Rare_Loose,70.0,100.0,70.0000,ID_Money_Copper
LIT_AntidoteRecipe_Rare_Loose,20.0,100.0,20.0000,ID_Money_Silver
LIT_AntidoteRecipe_Rare_Loose,10.0,100.0,10.0000,ID_Rec_Antidote_Rare01
LIT_Ampoules,100.0,131.10000000149012,76.2777,ID_Med_Ampoule_Common
LIT_Ampoules,25.0,131.10000000149012,19.0694,ID_Med_Ampoule_Uncommon
LIT_Ampoules,5.0,131.10000000149012,3.8139,ID_Med_Ampoule_Rare
LIT_Ampoules,1.0,131.10000000149012,0.7628,ID_Med_Ampoule_Epic
LIT_Ampoules,0.1,131.10000000149012,0.0763,ID_Med_Ampoule_Legendary
LIT_Ammunition_Heavy,40.0,40.0,100.0000,Tutorial_ID_Ammunition_03_Heavy
LIT_Ammunition_Crafting,100.0,131.25,76.1905,ID_Common_FreshGunpowder
LIT_Ammunition_Crafting,25.0,131.25,19.0476,ID_Common_OldGunpowder
LIT_Ammunition_Crafting,5.0,131.25,3.8095,ID_Epic_MammothGrain
LIT_Ammunition_Crafting,1.25,131.25,0.9524,ID_Epic_PowderCake
LIT_Ammunition_Common,40.0,40.0,100.0000,ID_Ammunition_01_Crude
LIT_Ammunition_All,100.0,131.10000000149012,76.2777,ID_Ammunition_01_Crude
LIT_Ammunition_All,25.0,131.10000000149012,19.0694,ID_Ammunition_02_Medium
LIT_Ammunition_All,5.0,131.10000000149012,3.8139,ID_Ammunition_03_Heavy
LIT_Ammunition_All,1.0,131.10000000149012,0.7628,ID_Ammunition_04_Refined
LIT_Ammunition_All,0.1,131.10000000149012,0.0763,ID_Ammunition_05_Exotic
LIT_AlchemySupplies,100.0,350.1000000014901,28.5633,ID_Uncommon_DistilledWater
LIT_AlchemySupplies,100.0,350.1000000014901,28.5633,ID_Uncommon_Charcoal
LIT_AlchemySupplies,100.0,350.1000000014901,28.5633,ID_Epic_GlassVial
LIT_AlchemySupplies,50.0,350.1000000014901,14.2816,ID_Epic_Poison
LIT_AlchemySupplies,0.1,350.1000000014901,0.0286,ID_Legendary_BloodOfThePenitent
LIT_2HMelee_Uncommon,20.0,20.0,100.0000,ID_Weap_2HMelee_Uncommon01
LIT_2HMelee_Rare,10.0,20.0,50.0000,ID_Weap_2HMelee_Rare02
LIT_2HMelee_Rare,10.0,20.0,50.0000,ID_Weap_2HMelee_Rare01
LIT_2HMelee_Legendary,100.0,100.0,100.0000,ID_Weap_2HMelee_Legendary02
LIT_2HMelee_Epic,5.0,5.0,100.0000,ID_Weap_2HMelee_Epic02
LIT_2HMelee_Epic,0.0,5.0,0.0000,ID_Weap_2HMelee_Epic01
LIT_2HMelee_Common,40.0,40.0,100.0000,ID_Weap_2HMelee_Common01
LIT_2HMelee_All,100.0,136.10000000149012,73.4754,ID_Weap_2HMelee_Common01
LIT_2HMelee_All,25.0,136.10000000149012,18.3688,ID_Weap_2HMelee_Uncommon01
LIT_2HMelee_All,5.0,136.10000000149012,3.6738,ID_Weap_2HMelee_Rare02
LIT_2HMelee_All,5.0,136.10000000149012,3.6738,ID_Weap_2HMelee_Rare01
LIT_2HMelee_All,1.0,136.10000000149012,0.7348,ID_Weap_2HMelee_Epic02
LIT_2HMelee_All,0.1,136.10000000149012,0.0735,ID_Weap_2HMelee_Legendary02
LIT_1HMelee_Uncommon,50.0,100.0,50.0000,ID_Weap_1HMelee_Uncommon02
LIT_1HMelee_Uncommon,50.0,100.0,50.0000,ID_Weap_1HMelee_Uncommon01
LIT_1HMelee_Rare,10.0,20.0,50.0000,ID_Weap_1HMelee_Rare02
LIT_1HMelee_Rare,10.0,20.0,50.0000,ID_Weap_1HMelee_Rare01
LIT_1HMelee_Legendary,100.0,100.0,100.0000,ID_Weap_1HMelee_Epic01
LIT_1HMelee_Epic,5.0,5.0,100.0000,ID_Weap_1HMelee_Epic01
LIT_1HMelee_Epic,0.0,5.0,0.0000,ID_Weap_1HMelee_Epic02
LIT_1HMelee_All,100.0,161.0,62.1118,ID_Weap_1HMelee_Common01
LIT_1HMelee_All,25.0,161.0,15.5280,ID_Weap_1HMelee_Uncommon02
LIT_1HMelee_All,25.0,161.0,15.5280,ID_Weap_1HMelee_Uncommon01
LIT_1HMelee_All,5.0,161.0,3.1056,ID_Weap_1HMelee_Rare02
LIT_1HMelee_All,5.0,161.0,3.1056,ID_Weap_1HMelee_Rare01
LIT_1HMelee_All,1.0,161.0,0.6211,ID_Weap_1HMelee_Epic01
